doi,title,year,citations,is_oa,type,source_journal,abstract,ASL,MWL,LD,LC,JD,HD,NCC,ncc_group,mean_citations
https://doi.org/10.1016/j.corsci.2018.08.005,Self-healing mechanisms in smart protective coatings: A review,2018,811,True,article,Corrosion Science,"Self-healing coatings inspired by biological systems possess the ability to repair physical damage or recover functional performance with minimal or no intervention. This article provides a comprehensive and updated review on the advantages and limitations associated with common autonomous and non-autonomous self-healing mechanisms in protective organic coatings used for anti-corrosion purposes. The autonomous healing mechanisms are often enabled by embedding polymerizable healing agents or corrosion inhibitors in the coating matrices. For non-autonomous mechanisms, the healing effects are induced by external heat or light stimuli, which trigger the chemical reactions or physical transitions necessary for bond formation or molecular chain movement.",25.0,7.47,0.69,0.72,0.03,0.01,7.622976501305483,2018,106.38888888888889
https://doi.org/10.1016/j.corsci.2020.108641,Microbially influenced corrosion—Any progress?,2020,356,True,article,Corrosion Science,"Microbially influenced corrosion (MIC), is acknowledged to be the direct cause of catastrophic corrosion failures, with associated damage costs ranging to many billions of US$ annually. In spite of extensive research and numerous publications, fundamental questions relating to MIC remain unanswered. The following review provides an overview of current MIC research and stresses the lack of information related to MIC recognition, prediction and mitigation. The review establishes a link between management decisions and root causes. A holistic, proactive approach to MIC is suggested in which an entire system is considered, monitored and improved.",18.6,6.870967741935484,0.6989247311827957,0.7204301075268817,0.053763440860215055,0.053763440860215055,5.587722357865364,2020,63.71111111111111
https://doi.org/10.1016/j.corsci.2021.109939,Corrosion inhibitors: physisorbed or chemisorbed?,2021,331,True,article,Corrosion Science,"Adsorption mode of corrosion inhibitors is often determined by criteria based on the standard free energy of adsorption, with values greater than −20 kJ/mol attributed to physisorption and values smaller than −40 kJ/mol attributed to chemisorption. Several arguments are presented herein to show that these are not very reliable criteria to distinguish between physisorption and chemisorption. The most notable among them is that chemisorption may involve bond-breaking and bond-making that result in a rather “weak” standard adsorption free energy (or enthalpy). For this reason, more reliable criteria are recommended that are readily available in first-principle computational modeling studies. The strong molecule–surface interaction, involved in chemisorption, should also be detectable by spectroscopy.",22.2,7.171171171171171,0.6576576576576577,0.7117117117117117,0.02702702702702703,0.06306306306306306,8.969791203909374,2021,36.90163934426229
https://doi.org/10.1016/j.corsci.2020.108722,Selecting medium for corrosion testing of bioabsorbable magnesium and other metals – A critical review,2020,273,True,article,Corrosion Science,"Corrosion testing of bioabsorbable metallic materials is important at material selection stage and for understanding their degradation mechanisms. A large variety of different corrosive media has been reported for evaluating degradation performance. This review takes magnesium as an example and focuses on discussing the advantages, shortcomings and applicability of commonly used corrosive media. The discrepancies between the published results disclosing Mg corrosion behavior often originate from non-comparable test media. This indicates the urgent need for verified corrosion test protocols. The media selection criteria are outlined. Additionally, the discussion extends to the other bioabsorbable metallic materials, such as zinc and iron.",14.285714285714286,7.36,0.7,0.74,0.03,0.04,4.284966864318103,2020,63.71111111111111
https://doi.org/10.1016/j.corsci.2022.110666,"Corrosion and passive behavior of AlxCrFeNi3−x (x = 0.6, 0.8, 1.0) eutectic high entropy alloys in chloride environment",2022,265,True,article,Corrosion Science,"The corrosion and passive behavior of the as-cast Al x CrFeNi 3−x (x = 0.6, 0.8, 1.0 in molar ratio) high entropy alloys in 3.5 wt% NaCl solution at room temperature was investigated by the electrochemical impedance spectroscopy , potentiodynamic polarization measurement, Mott-Schottky measurement, X-ray photoelectron spectroscopy tests, and scanning Kelvin probe force microscopy. The increase of the Al content resulted in the decrease in corrosion resistance , which might be attributed to the reduction of stability and protection of passive films caused by composition difference. Furthermore, the p-type and n-type semiconductor properties of passive films were discussed.",14.0,6.724489795918367,0.7142857142857143,0.7755102040816326,0.05102040816326531,0.02040816326530612,7.898488120950325,2022,33.55072463768116
https://doi.org/10.1016/j.corsci.2015.06.035,SKPFM measured Volta potential correlated with strain localisation in microstructure to understand corrosion susceptibility of cold-rolled grade 2205 duplex stainless steel,2015,225,True,article,Corrosion Science,"Scanning Kelvin probe force microscopy (SKPFM) of annealed and cold-rolled grade 2205 duplex stainless steel has been correlated with microstructure analysis using electron back-scattered diffraction (EBSD). In annealed microstructure Volta potential differences indicated micro-galvanic coupling between ferrite and austenite reasoning selective dissolution of ferrite. The introduction of cold work reduced the difference between both phases, but the development of local extremes in Volta potential was observed. Microstructure analysis revealed the presence of larger misorientation concentrations at these sites, which can explain the changes in observed corrosion behaviour, from selective dissolution in the annealed condition to localised corrosion attack after cold-rolling.",25.0,7.72,0.71,0.76,0.04,0.02,3.4416826003824093,2015,65.375
https://doi.org/10.1016/j.corsci.2023.111017,Metastable pitting corrosion behavior and characteristics of passive film of laser powder bed fusion produced Ti–6Al–4V in NaCl solutions with different concentrations,2023,208,True,article,Corrosion Science,"This work investigated the metastable pitting corrosion mechanism of laser powder bed fusion (LPBF) produced Ti–6Al–4V. The passive films of samples were produced by potentiostatic polarization in NaCl solutions with different concentrations, and electrochemical measurements were employed to understand the influence of Cl - on the characteristics of passive films. The frequency of pitting nucleation and the pit dimension increase with increased Cl - concentration. The attack of Cl - promotes the dissolution of passive films. A higher density of oxygen vacancies is produced in passive film because of the ingressive Cl - , resulting in the condensation of voids and pitting corrosion .",20.8,6.538461538461538,0.6730769230769231,0.5865384615384616,0.0673076923076923,0.019230769230769232,7.578947368421053,2023,27.444444444444443
https://doi.org/10.1016/j.corsci.2020.108697,Towards understanding and prediction of atmospheric corrosion of an Fe/Cu corrosion sensor via machine learning,2020,198,True,article,Corrosion Science,"The atmospheric corrosion of carbon steel was monitored by a Fe/Cu type galvanic corrosion sensor for 34 days. Using a random forest (RF)-based machine learning approach, the impacts of relative humidity, temperature and rainfall were identified to be higher than those of airborne particles, sulfur dioxide, nitrogen dioxide, carbon monoxide and ozone on the initial atmospheric corrosion. The RF model demonstrated higher accuracy than artificial neural network (ANN) and support vector regression (SVR) models in predicting instantaneous atmospheric corrosion. The model accuracy can be further improved after taking into consideration of the significant effect of rust formation on the sensor.",25.0,6.87,0.69,0.74,0.09,0.02,3.107778165329613,2020,63.71111111111111
https://doi.org/10.1016/j.corsci.2023.111112,On the use of the Langmuir and other adsorption isotherms in corrosion inhibition,2023,187,True,article,Corrosion Science,"In corrosion inhibition studies, the standard adsorption Gibbs energy is often estimated via the linear regression of the Langmuir isotherm in the c/θ=1/K+c form, where both the intercept and the slope are estimated, although the Langmuir isotherm requires the slope of 1. Hence, c/θ=1/K+mc is actually used, where m is the slope. Herein, a theoretical basis for this equation is established. It is demonstrated to be an effective equation that can decently describe various adsorption models and provide relatively accurate estimates of the standard adsorption Gibbs energy, provided surface coverages are reliably determined experimentally. However, any significant deviation from the slope of 1 signals non-Langmuir adsorption due to inter-adsorbate interactions, multi-site adsorption, or surface heterogeneity. Among these three causes, only attractive inter-adsorbate interactions lead to a slope of less than 1.",21.833333333333332,6.847328244274809,0.6793893129770993,0.6717557251908397,0.022900763358778626,0.04580152671755725,6.813765182186235,2023,27.444444444444443
https://doi.org/10.1016/j.corsci.2020.108856,Simplistic correlations between molecular electronic properties and inhibition efficiencies: Do they really exist?,2020,176,True,article,Corrosion Science,"The often used simplistic correlations between molecular electronic parameters and experimentally determined corrosion inhibition efficiencies are critically evaluated for a set of 24 heterocyclic organic compounds, tested as corrosion inhibitors for copper in 3 wt.% NaCl aqueous solution. Twelve different molecular electronic descriptors—such as ionization potential, electron affinity, HOMO–LUMO gap, dipole moment—are tested and it is shown that none of them displays any noticeable correlation with the inhibition efficiency. Our results, therefore, cast serious doubt on reported correlations between such parameters and inhibition efficiency, obtained for only a few inhibitors, which are abundant in the literature. We also discuss some pros and cons of inhibition efficiency as a metric for evaluating the performance of corrosion inhibitors, and introduce a new metric termed inhibition power that uses the universal logarithmic scale and dimensionless decibel (dB) units.",27.0,7.17037037037037,0.674074074074074,0.7037037037037037,0.02962962962962963,0.02962962962962963,2.762469480292989,2020,63.71111111111111
https://doi.org/10.1016/j.corsci.2021.109650,"Molecular modeling of organic corrosion inhibitors: Calculations, pitfalls, and conceptualization of molecule–surface bonding",2021,173,True,article,Corrosion Science,"Molecular modeling of corrosion inhibitors has gained momentum in the last decade. This paper describes various approaches, starting with the so-called MEPTIC (Molecular Electronic Properties To Inhibition-efficiency Correlation) approach that is among the most commonly used in the literature, and illuminates some pitfalls that appear more or less frequently therein, such as the “ΔN<3.6” rule, inferences based on correlations obtained for only a few inhibitors, attributing significance to total energies, reliance on too small differences, etc. The relevance of the often used molecular electronic parameters in the MEPTIC approach and their connection to molecule–surface bonding are examined, because the basic premise of many modeling studies is that corrosion inhibition is achieved by adsorption of inhibitor molecules. To this end, the conceptualization of molecule–surface bonding is provided and some aspects of the explicit modeling of inhibitor adsorption, either by quantum-mechanical DFT methods or empirical force-field molecular-dynamics methods, are discussed, such as the use of too simple surface models, non-validated force-fields and solid/vacuum instead of electrified solid/liquid interfaces, applicability of coarse-grained simulations, distinction between physisorption and chemisorption, and bond-breaking and bond-making during adsorption.",36.2,7.392265193370166,0.6298342541436464,0.7071823204419889,0.027624309392265192,0.049723756906077346,4.688138605064416,2021,36.90163934426229
https://doi.org/10.1016/j.corsci.2015.11.013,Investigation of dealloying of S phase (Al 2 CuMg) in AA 2024-T3 aluminium alloy using high resolution 2D and 3D electron imaging,2015,158,True,article,Corrosion Science,"High-resolution 2D and 3D electron microscopy have been employed to investigate the dealloying of S phase (Al2CuMg) particles in an AA 2024-T3 aluminium alloy. Preferential dissolution of magnesium and aluminium produced a sponge-like remnant with nanosize porosity and a copper-rich remnant network. The dealloyed S phase remnant retains a tetragonal structure with a smaller lattice parameter than the S phase. Metallic copper nanoparticles, constituting 4–8% of the dealloyed remnant, are present at the intersections of remnant branches. At the surface of the remnant, a copper layer of ∼2 nm thickness is formed, which terminates further dissolution of the less noble elements.",20.2,6.6138613861386135,0.6831683168316832,0.693069306930693,0.019801980198019802,0.009900990099009901,2.4168260038240916,2015,65.375
https://doi.org/10.1016/j.corsci.2016.02.018,Localised corrosion in AA 2099-T83 aluminium-lithium alloy: The role of grain orientation,2016,158,True,article,Corrosion Science,The mechanism for localised corrosion in AA 2099-T83 alloy during immersion in 3.5% NaCl solution is investigated. It is found that localised corrosion tends to occur in the grain with relatively large Schmid factor. The localised corrosion is related to selective dissolution of T1 (Al2CuLi) phase that preferentially precipitates at grain/subgrain boundaries and dislocations within grain interiors. A model is proposed to explain the development of the localised corrosion in the alloy by taking into account heterogeneous plastic deformation during cold working and preferential precipitation of T1 phase at crystallographic defects within deformed grains.,18.8,6.946808510638298,0.6595744680851063,0.7021276595744681,0.07446808510638298,0.02127659574468085,1.9616252821670428,2016,80.54545454545455
https://doi.org/10.1016/j.corsci.2017.06.006,A phase field model for simulating the stress corrosion cracking initiated from pits,2017,148,True,article,Corrosion Science,"This manuscript presents a new phase field model for simulating the stress corrosion cracking (SCC) phenomenon in metallic materials. To derive the phase field governing equations, the film rupture-dissolution-repassivation model is adopted as the operating mechanism for SCC. The effect of mechanical stresses is incorporated by relating the interface kinetics parameter to the stress intensity factor and stress field near the crack tip. Several numerical examples are presented to verify the accuracy of the proposed model. We also employ this model to investigate the effects of pit morphology, mechanical loading, and the metal microstructure on the SCC evolution.",19.6,6.724489795918367,0.6530612244897959,0.7040816326530612,0.061224489795918366,0.01020408163265306,2.885793871866295,2017,51.285714285714285
https://doi.org/10.1016/j.corsci.2016.12.005,The influence of grain structure on the corrosion behaviour of 2A97-T3 Al-Cu-Li alloy,2016,144,True,article,Corrosion Science,"In the present study, the corrosion behaviour of 2A97-T3 Al-Cu-Li alloy is investigated. The corrosion propagation path is characterized with electron backscatter diffraction (EBSD) and transmission Kikuchi diffraction (TKD), and correlated to local grain structure and the distribution of T1 (Al2CuLi) and TB (Al7Cu4Li) phase precipitates in the alloy. Localized corrosion occurs preferentially along the subgrain boundaries within unrecrystallized grains of this partially recrystallized alloy. The grain stored energy plays a more decisive role in corrosion propagation compared to T1 phase precipitate. The grain boundaries decorated by TB phase precipitates exhibit relatively low susceptibility to corrosion.",19.2,7.333333333333333,0.7083333333333334,0.6875,0.052083333333333336,0.010416666666666666,1.7878103837471784,2016,80.54545454545455
https://doi.org/10.1016/j.corsci.2020.108947,Dealloying-driven local corrosion by intermetallic constituent particles and dispersoids in aerospace aluminium alloys,2020,144,True,article,Corrosion Science,"Nanoscopic characterization of heterogeneous intermetallic particles (IMPs) which microstructurally and compositionally evolve during local corrosion is crucial in unravelling the mechanisms and sequence of initial and local corrosion events. Herein, we study site-specific initiation events focused on microscopic constituent intermetallic compounds and nanoscopic dispersoids in AA2024-T3 at the nanoscale using a combined quasi in-situ and ex-situ analytical TEM approach. Our findings show a dealloying-driven local corrosion initiation at the studied IMPs that have been considered as cathodic phases traditionally. Besides, local degradation which is a result of galvanic interactions between dealloyed regions of IMPs and their adjacent alloy matrix is largely governed by the intrinsic electrochemical instability of intermetallic compounds.",27.5,7.618181818181818,0.6909090909090909,0.7454545454545455,0.045454545454545456,0.03636363636363636,2.2602023020579005,2020,63.71111111111111
https://doi.org/10.1016/j.corsci.2019.02.029,Corrosion properties of 304L stainless steel made by directed energy deposition additive manufacturing,2019,131,True,article,Corrosion Science,"The impact of microstructure and processing defects of directed energy deposition (DED) 304L stainless steel on its corrosion behavior was investigated. Materials produced by DED with heat inputs of 0.45 and 0.03 kJ/mm were compared to wrought 304L. Lack of fusion pores in the DED material controlled breakdown potential (Eb) to the first order, reducing it by up to 400 mV versus the base material in 0.6 M NaCl. The hierarchal control of these and other microstructure features, nanoscale oxides and δ-ferrite, and processing features on the Eb of DED 304L is addressed.",13.285714285714286,6.043010752688172,0.6451612903225806,0.7311827956989247,0.07526881720430108,0.0,2.71163454675232,2019,48.310344827586206
https://doi.org/10.1016/j.corsci.2023.111025,Experimental comparison of gaseous and electrochemical hydrogen charging in X65 pipeline steel using the permeation technique,2023,131,True,article,Corrosion Science,"Herein, hydrogen uptake and diffusivity in X65 pipeline steel were investigated using the permeation technique under different hydrogen charging conditions. Hydrogen charging was performed using hydrogen gas at different pressures, and electrochemical charging was performed at different cathodic current densities. The results revealed that both the sub-surface hydrogen concentration in lattice and reversible trap sites and the effective hydrogen diffusivity were dependent on the charging conditions. Moreover, the relationship between equivalent hydrogen fugacity and overpotential was determined.",19.25,7.714285714285714,0.7402597402597403,0.6363636363636364,0.025974025974025976,0.0,4.773279352226721,2023,27.444444444444443
https://doi.org/10.1016/j.corsci.2022.110490,Corrosion evolution and stress corrosion cracking behavior of a low carbon bainite steel in the marine environments: Effect of the marine zones,2022,124,True,article,Corrosion Science,"The effect of electrolyte presence form on the corrosion evolution and stress corrosion cracking (SCC) behavior of E690 steel in the simulated marine environment is investigated. The steel exhibits the highest and lowest corrosion rate in splash and immersion environment, respectively, attributed to the differences in oxygen availability, rust layer property, and scour stress. γ-FeOOH dominates the rust formed in atmospheric environment, while Fe 3 O 4 prevails in the splash environment. The steel corroded in splash environment exhibits the high pit number density, high maximum pit depth, and high cathodic reaction activity, resulting in the most severe SCC degradation.",25.0,6.65,0.71,0.64,0.09,0.01,3.695896328293737,2022,33.55072463768116
https://doi.org/10.1016/j.corsci.2016.03.003,Investigation of the de-alloying behaviour of θ-phase (Al2Cu) in AA2024-T351 aluminium alloy,2016,123,True,article,Corrosion Science,"For multi-phase intermetallic particles consisting of both θ-and S-phase, de-alloying occurred preferentially at S-phase and the de-alloying of θ-phase initiated in the regions surrounding S-phase. The selective dissolution of Al from θ-phase resulted in porous copper-rich θ-phase remnant, comprised of randomly oriented copper metallic particles and copper oxides with sizes of 10–50 nm. Banding structure developed during the de-alloying of θ-phase particles that contain stacking faults. The de-alloying of θ-phase could preferentially occur from beneath the alloy surface, associated with the local low pH environment generated by trenching of the alloy matrix in the periphery θ-phase particles.",24.25,6.989690721649485,0.6597938144329897,0.6391752577319587,0.020618556701030927,0.010309278350515464,1.5270880361173815,2016,80.54545454545455
https://doi.org/10.1016/j.corsci.2018.03.002,A review of uranium corrosion by hydrogen and the formation of uranium hydride,2018,121,True,article,Corrosion Science,"Uranium hydride (UH3) is the direct product of the reaction between uranium metal and gaseous hydrogen. In the context of uranium storage, this corrosion reaction is considered deleterious, not just because the structure of the metal may become significantly degraded but also because the resulting hydride is pyrophoric and therefore potentially flammable in air if present in significant quantity. The current review draws from the literature surrounding the uranium-hydrogen system accrued over a 70-year period, providing a comprehensive assessment of what is known about hydride formation, decomposition and oxidation in the context of uranium storage applications",48.0,6.885416666666667,0.6145833333333334,0.6666666666666666,0.03125,0.052083333333333336,1.13733681462141,2018,106.38888888888889
https://doi.org/10.1016/j.corsci.2016.05.022,The effect of residual stress on the Preferential Intergranular Oxidation of Alloy 600,2016,119,True,article,Corrosion Science,"Alloy 600 was exposed to H2-steam to simulate the oxidation that occurs in high temperature water where this alloy is known to be susceptible to SCC. Analytical electron microscopy was employed to characterize the early stages of oxidation to aid in developing an understanding of the stress corrosion cracking behaviour of this alloy. The oxide consisted of sub-surface Cr2O3 particles, preferential intergranular oxidation and formation of surface Ni nodules. The measurements of residual stresses at the microscopic level using a recently-developed FIB micro-hole drilling technique revealed a correlation between local stress variations at the grain boundaries and the oxide morphology.",25.0,6.81,0.66,0.74,0.05,0.01,1.4774266365688487,2016,80.54545454545455
https://doi.org/10.1016/j.corsci.2019.03.024,Effect of pH on Mg(OH)2 film evolution on corroding Mg by in situ kinetic Raman mapping (KRM),2019,118,True,article,Corrosion Science,"Mg(OH) 2 films evolution at initial stages of Mg aqueous corrosion was studied by in-situ Raman spectroscopy adapted for kinetic Raman mapping (KRM). Crystalline Mg(OH) 2 (brucite) formed in situ from the first minutes of reaction. KRM evidenced a threshold-like Mg(OH) 2 growth kinetics for areas where black filaments were later formed, linear kinetics for visually intact areas at pH 9–10 and parabolic law for intact areas at pH > 11. The Mg(OH) 2 morphology expected from in-situ Raman scattering of surface OH groups correlated well with ex-situ microscopic observations. A dissolution-precipitation model of Mg(OH) 2 layer evolution was applied to explain the experimental observations.",21.0,6.495238095238095,0.7619047619047619,0.7047619047619048,0.047619047619047616,0.009523809523809525,2.4425410421127767,2019,48.310344827586206
https://doi.org/10.1016/j.corsci.2020.109189,Flash-PEO as an alternative to chromate conversion coatings for corrosion protection of Mg alloy,2020,117,True,article,Corrosion Science,"In the present work, a flash-PEO coating is developed on AZ31B alloy in a combination of silicate, phosphate, and fluoride based electrolyte in order to offer a green alternative to chromate conversion coatings. Multilevel active protection is achieved through synergetic combination of self-sealing effect of PEO coating itself and active inhibition provided by an organic inhibitor impregnated in PEO pores in a post-treatment step. The results indicate that flash-PEO coatings, loaded with organic corrosion inhibitors, can be recommended for exploitation on industrial level as an equally effective corrosion protection system alternative to CCC for paint-bearing and paint-free applications.",32.666666666666664,6.959183673469388,0.673469387755102,0.7448979591836735,0.07142857142857142,0.02040816326530612,1.836414370422044,2020,63.71111111111111
https://doi.org/10.1016/j.corsci.2023.111296,Synergistic inhibition effect of Mikania micrantha extract with potassium iodide on the corrosion of cold rolled steel in methanesulfonic acid solution,2023,112,True,article,Corrosion Science,"The synergistic inhibition effect of Mikania micrantha extract (MME) with KI mixture on the corrosion of cold rolled steel (CRS) in methanesulfonic acid (MSA) was conducted by weight loss, electrochemical techniques and surface characterizations . The experimental results indicate that either MME or KI performs moderate inhibition with a maximum inhibition efficiency below 74%. However, MME / KI mixture exhibits an efficient performance with a maximum inhibition efﬁciency of 91%. There is a synergism between MME and KI with a corresponding synergism parameter higher than 1. The alien invasive weed can be developed as a novel inhibitor against metallic corrosion.",20.0,6.61,0.68,0.74,0.03,0.02,4.080971659919029,2023,27.444444444444443
https://doi.org/10.1016/j.corsci.2019.108390,Microbiologically influenced corrosion of FeCoCrNiMo0.1 high-entropy alloys by marine Pseudomonas aeruginosa,2019,111,True,article,Corrosion Science,"The microbiologically influenced corrosion of a FeCoCrNiMo0.1 high-entropy alloy (HEA) by Pseudomonas aeruginosa was investigated. Compared to uncorroded samples in sterile medium, pitting corrosion was found on HEA surfaces after 14 day-immersion in inoculated medium. Electrochemical tests, X-ray photoelectron spectroscopy and Auger electron spectroscopy demonstrated that the passive film was weaken and thinned by the P. aeruginosa biofilm. In the presence of biofilms, selective dissolution occurred on the HEA, particularly when the organic nutrient was insufficient. When the organic nutrient was reduced from 100% to 10% in the medium, the amount of dissolved iron increased from 188.4 to 712.9 μg/L.",11.11111111111111,6.9,0.68,0.74,0.05,0.01,2.297644539614561,2019,48.310344827586206
https://doi.org/10.1016/j.corsci.2015.06.023,Synchrotron X-ray radiography studies of pitting corrosion of stainless steel: Extraction of pit propagation parameters,2015,111,True,article,Corrosion Science,"In situ synchrotron X-ray radiography was used to observe the evolution of 2D pits growing at the edge of stainless steel foils in chloride solutions of varying concentrations under current and potential control. A method was developed for measuring the local anodic current density along the perimeter of pits from the rate of advance of the pit into the metal. Pit depth tends to increase with time with kinetics consistent with diffusion control (under a salt layer), whereas lateral development (on film-free surfaces) is influenced by solution conductivity. Perforated covers formed on pits control their growth and stability.",24.5,6.36734693877551,0.6632653061224489,0.7755102040816326,0.061224489795918366,0.02040816326530612,1.6978967495219885,2015,65.375
https://doi.org/10.1016/j.corsci.2020.108912,In-situ nanoscopic observations of dealloying-driven local corrosion from surface initiation to in-depth propagation,2020,108,True,article,Corrosion Science,"Dealloying is involved in materials science responsible for fabrication of nanoscale structures beneficially but for corrosion degradations detrimentally. Detailed understanding related to the latter is critical for designing corrosion-resistance alloys and dedicated inhibition systems. Thus, direct nanoscopic observations of nano-structural and compositional evolutions during the process are essential. Here using liquid phase-transmission electron microscopy (LP-TEM), for the first time, we show dynamic evolution of intricate site-specific local corrosion linked to intermetallic particles (IMPs) in aerospace aluminium alloys. To thoroughly probe degradation events, oxidation direction is controlled by purposefully masking thin specimens, allowing for observing top-view surface initiation to cross-sectional depth propagation of local degradations. Real-time capturing validated and supported by post-mortem examinations shows a dealloying-driven process that initiates at IMPs and penetrates into the depth of the alloy, establishing macroscopic corrosion pits. Besides, controversial mechanisms of noble-metal redistribution are finally elucidated.",20.142857142857142,8.056737588652481,0.7446808510638298,0.8368794326241135,0.04964539007092199,0.014184397163120567,1.6951517265434253,2020,63.71111111111111
https://doi.org/10.1016/j.corsci.2023.111591,Study on the oxidation behavior of a novel thermal barrier coating system using the nanocrystalline coating as bonding coating on the single-crystal superalloy,2023,104,True,article,Corrosion Science,"A novel thermal barrier coating system with a double columnar structure was developed on a single-crystal superalloy N5 to investigate its cyclic oxidation behavior. The bond coating is a columnar nanocrystalline coating deposited by magnetron sputtering, with the same chemical composition as the superalloy N5. Compared to the NiCrAlY/YSZ thermal barrier coating , this novel system does not experience elemental interdiffusion during high-temperature exposure. Additionally, the high density of grain boundaries in the bond coating promotes the selective oxidation of Al, which significantly improves its oxidation resistance and the rumpling resistance of the thermal barrier coating.",24.0,7.0625,0.6770833333333334,0.6458333333333334,0.052083333333333336,0.010416666666666666,3.7894736842105265,2023,27.444444444444443
https://doi.org/10.1016/j.corsci.2018.06.024,Corrosion and tribocorrosion behaviour of β-type Ti-Nb and Ti-Mo surfaces designed by diffusion treatments for biomedical applications,2018,93,True,article,Corrosion Science,"Corrosion and tribocorrosion behaviour of modified Ti surfaces through thermochemical treatments has been studied. Electrochemical Impedance Spectroscopy (EIS) and reciprocating sliding tests using a ball-on-plate tribometer under 1 N load and alumina as counter-material were used to evaluate the influence of Nb and Mo on titanium corrosion and tribocorrosion properties. Ti-Nb and Ti-Mo surfaces exhibited better anticorrosive properties than CP-titanium. Under tribological action the modified Ti surfaces showed similar coefficient of friction and lower tendency to corrosion compared to CP-Ti. Furthermore, Nb diffusion increased the repassivation rate with respect to Ti and Ti-Mo surfaces due to its stable passive film.",20.0,7.14,0.72,0.71,0.05,0.01,0.8741514360313316,2018,106.38888888888889
https://doi.org/10.1016/j.corsci.2019.01.030,Corrosion behaviour of AA6082 Al-Mg-Si alloy extrusion: The influence of quench cooling rate,2019,93,True,article,Corrosion Science,"The influence of quench cooling rate on corrosion behaviour of AA6082-T6 Al-Mg-Si alloy extrusion is investigated. It is revealed that different quench cooling rates result in significant difference in grain boundary precipitation and intergranular corrosion (IGC) susceptibility. Transmission electron microscopy is employed to probe corrosion front with the aim of precisely determining the role of each individual grain boundary precipitate in IGC propagation. However, it is observed that Mg2Si precipitate doesn’t significantly affect the process of corrosion propagation along the grain boundary and the presence of Cu-containing precipitates is not a necessary condition for IGC to occur in the alloy.",25.0,6.99,0.68,0.69,0.05,0.01,1.9250535331905783,2019,48.310344827586206
https://doi.org/10.1016/j.corsci.2020.108506,"Pit initiation on sensitized Type 304 stainless steel under applied stress: Correlation of stress, Cr-depletion, and inclusion dissolution",2020,92,True,article,Corrosion Science,"The effects of applied stress on the pitting of sensitized Type 304 stainless steel were investigated in 4 M MgCl2 immersion test. Regardless of whether stress was applied, pitting was initiated at inclusions at sensitized grain boundaries. In the absence of applied stress, the occurrence of pitting decreased when the area exposed to the solution decreased, and not all the inclusions acted as initiation sites. However, pitting was observed independent of the exposed area under applied stress. The dissolution rates of MnS inclusions and sensitized grain boundaries were accelerated by applied stress.",18.4,6.478260869565218,0.6630434782608695,0.5652173913043478,0.06521739130434782,0.0,1.4440181374258807,2020,63.71111111111111
https://doi.org/10.1016/j.corsci.2018.04.003,Stress corrosion crack initiation in machined type 316L austenitic stainless steel in simulated pressurized water reactor primary water,2018,90,True,article,Corrosion Science,"The effect of machining on stress corrosion crack initiation of annealed Type 316L stainless steel was investigated through accelerated testing in high-temperature hydrogenated water. It was observed that stress corrosion cracks only initiated on machined surfaces with machining marks perpendicular to the loading direction and a porous inner oxide layer was identified as an important factor contributing to crack initiation. Furthermore, most cracks stopped within the machining-induced near-surface ultrafine-grained layer and the machining-induced residual stresses did not appear to have a significant effect on crack initiation. A correlation between crack initiation and the surface/near-surface features is identified and discussed.",24.75,7.373737373737374,0.6868686868686869,0.7272727272727273,0.050505050505050504,0.030303030303030304,0.8459530026109661,2018,106.38888888888889
https://doi.org/10.1016/j.corsci.2019.04.036,Galvanic corrosion of Ti6Al4V -AA2024 joints in aircraft environment: Modelling and experimental validation,2019,90,True,article,Corrosion Science,"This study focuses on the development of a physico-chemical model based on mechanistic and kinetics understanding of the corrosion process in galvanic couple Ti6Al4V-AA2024. Proposed model provides deeper insights at macro level for initiation and propagation of localized corrosion of AA2024 in galvanically coupled multi-material assemblies. The model is able to reveal the localized corrosion, related to heterogeneity of AA2024 microstructure, including local pH changes, the deposition of the reaction products, and emphasizes the important role of AA2024 self-corrosion in galvanic assemblies. The validation of the developed model was performed using relevant data collected by advanced in situ localized techniques.",25.0,7.11,0.67,0.69,0.04,0.02,1.8629550321199144,2019,48.310344827586206
https://doi.org/10.1016/j.corsci.2018.02.044,Laser welding introduced segregation and its influence on the corrosion behaviour of Al-Cu-Li alloy,2018,89,True,article,Corrosion Science,"In the present study, the microstructure and corrosion behaviour of laser beam welded 2A97 alloy are investigated. Welding process results in segregation of alloying elements within the fusion zone and, consequently, formation of T1 (Al2CuLi), TB (Al7Cu4Li) and R (Al5CuLi3) phase interdendritic intermetallics. The distribution of the interdendritic intermetallics is non-uniform across the weld. In NaCl solution, corrosion initiates at interdendritic intermetallic with selective dissolution of Al and Li, resulting in a copper-rich remnant, which subsequently acts as effective cathode supporting the dissolution of alloy matrix. The equiaxed dendrite zone at the centre of the weld is most susceptible to corrosion.",20.2,6.99009900990099,0.6633663366336634,0.7029702970297029,0.0297029702970297,0.009900990099009901,0.8365535248041776,2018,106.38888888888889
https://doi.org/10.1016/j.corsci.2021.109664,Aqueous molybdate provides effective corrosion inhibition of WE43 magnesium alloy in sodium chloride solutions,2021,87,True,article,Corrosion Science,"Corrosion and corrosion inhibition of WE43 magnesium alloy were investigated in NaCl solutions containing different amounts of sodium molybdate. Electrochemical, microscopic, and spectroscopic experiments were utilized to examine the mechanism of corrosion inhibition by molybdates. Electrochemical data showed that Na2MoO4 inhibitor provides reliable inhibition at concentrations at and above 100 mM. Raman and XPS spectroscopy demonstrated that the formed surface layer consists of mixed Mo(V, IV) species. This layer provided inhibition with an efficiency of 91–99 % after 24 h of exposure. A two-step oxidation-reduction mechanism of corrosion inhibition of the WE43 alloy by aqueous molybdates was proposed.",16.333333333333332,7.142857142857143,0.7142857142857143,0.7142857142857143,0.04081632653061224,0.0,2.3576188360728567,2021,36.90163934426229
https://doi.org/10.1016/j.corsci.2018.08.047,Corrosion behaviour of AA6082 Al-Mg-Si alloy extrusion: Recrystallized and non-recrystallized structures,2018,85,True,article,Corrosion Science,"• Recrystallized region in AA6082 alloy extrusion is susceptible to intergranular corrosion. • Non-recrystallized region is susceptible to both intergranular and intragranular corrosion. • Corrosion morphology is related to crystallographic defect density. • Corrosion penetration rate and propagation path are related to grain structure. • Heavily deformed non-recrystallized region is more susceptible to corrosion. In the present study, the corrosion behaviour of AA6082 Al-Mg-Si alloy extrusion, consisting of a recrystallized surface region and non-recrystallized fibre structure core, is investigated. It is found that the corrosion penetration rate and propagation path are closely related to grain structure and local plastic deformation. Corrosion morphology changes from intergranular corrosion in recrystallized region to both intergranular and intragranular corrosion of the heavily deformed subgrains in non-recrystallized region. Further, local plastic deformation is quantified by electron backscatter diffraction and transmission Kikuchi diffraction and correlated to corrosion propagation path.",15.88888888888889,7.636363636363637,0.7552447552447552,0.44755244755244755,0.04195804195804196,0.006993006993006993,0.7989556135770235,2018,106.38888888888889
https://doi.org/10.1016/j.corsci.2020.108585,Influence of microstructure and manganese sulfides on corrosion resistance of selective laser melted 17-4 PH stainless steel in acidic chloride medium,2020,83,True,article,Corrosion Science,"The corrosion resistance of 17-4PH stainless steel obtained by Selective Laser Melting was investigated. It was found that the as-built SLM-ed steel was entirely ferritic, not martensitic as expected. Re-austenitized SLM-ed steel recovered the martensitic microstructure. The two SLM-ed steels (as-built and re-austenitized) had the same general corrosion resistance which was correlated with their similar chemical composition. The martensitic re-austenitized SLM-ed steel had superior general corrosion behavior than the wrought martensitic steel. This was due to the nearly absence of MnS inclusions in the re-austenitized SLM-ed steel, while their presence in the wrought steel destabilized the passive film.",16.333333333333332,7.061224489795919,0.6938775510204082,0.6428571428571429,0.05102040816326531,0.01020408163265306,1.302755493547262,2020,63.71111111111111
https://doi.org/10.1016/j.corsci.2020.108488,Degradation behavior of Ti-Nb alloys: Corrosion behavior through 21 days of immersion and tribocorrosion behavior against alumina,2020,82,True,article,Corrosion Science,"Non-toxic and allergic free β-type Ti alloys are attractive metallic implant materials due to their lower Young’s modulus and good biocompatibility, but the corrosion and tribocorrosion behavior are yet to be fully understood. In this study, corrosion behavior of Ti-15Nb and Ti-40Nb alloys was investigated and compared with the commercial Ti-6Al-4V alloy through an immersion period of 21 days. The tribocorrosion behavior was investigated under open-circuit potential by using a ball-on-plate tribometer. Results suggested that the β-type Ti-40Nb alloy having 51 GPa Young’s modulus had lower corrosion and wear resistance as compared to the α + β-type Ti-15Nb and Ti-6Al-4V alloys.",25.25,6.574257425742574,0.7029702970297029,0.7326732673267327,0.0297029702970297,0.0297029702970297,1.2870596442274154,2020,63.71111111111111
https://doi.org/10.1016/j.corsci.2020.108658,Surface and corrosion properties of AA6063-T5 aluminum alloy in molybdate-containing sodium chloride solutions,2020,81,True,article,Corrosion Science,"Corrosion properties of aluminum alloy AA6063-T5 were investigated in molybdate-containing NaCl solutions. Electrochemical, microscopic, and spectroscopic experiments were utilized to examine the mechanism of corrosion inhibition by molybdates. SEM-EDX, magnetic force, and intermodulation electrostatic force microscopy data suggested that the inhibition initiation preferentially occurred over Fe-rich cathodic IMPs. Spectroscopic measurements demonstrated that the formed surface layer consists of mixed Mo(VI, V, IV) species. This layer provided inhibition with an efficiency of ∼90% after 4 h of exposure. High efficacy of ∼70% was achieved even after one week of exposure. A two-step oxidation-reduction mechanism of corrosion inhibition by aqueous molybdates was proposed.",14.428571428571429,7.5049504950495045,0.7425742574257426,0.801980198019802,0.0297029702970297,0.019801980198019802,1.271363794907569,2020,63.71111111111111
https://doi.org/10.1016/j.corsci.2020.109156,Laser shock peening (LSP): Electrochemical and hydrodynamic investigation of corrosion protection pre-treatment for a copper surface in 3.5 % NaCl medium,2020,81,True,article,Corrosion Science,"HAL is a multi-disciplinary open access archive for the deposit and dissemination of scientific research documents, whether they are published or not. The documents may come from teaching and research institutions in France or abroad, or from public or private research centers. L'archive ouverte pluridisciplinaire HAL, est destine au dpt et la diffusion de documents scientifiques de niveau recherche, publis ou non, manant des tablissements d'enseignement et de recherche franais ou trangers, des laboratoires publics ou privs. Laser shock peening (LSP): Electrochemical and hydrodynamic investigation of corrosion protection pre-treatment for a copper surface in 3.5 % NaCl medium V.I. Chukwuike, O.",14.428571428571429,6.772277227722772,0.7821782178217822,0.8118811881188119,0.0297029702970297,0.009900990099009901,1.271363794907569,2020,63.71111111111111
https://doi.org/10.1016/j.corsci.2018.02.047,Experimental and thermodynamic investigations on the chlorine-induced corrosion of HVOF thermal sprayed NiAl coatings and 304 stainless steels at 700 °C,2018,80,True,article,Corrosion Science,"Alumina-forming β-NiAl coatings were deposited by high velocity oxy-fuel (HVOF) thermal spraying onto 304 stainless steels for protection against chlorine induced corrosion in a biomass-fired boiler. The corrosion test was conducted in a synthetic gas containing 500 ppm HCl with 10 wt% KCl ash deposit at 700 °C for 250 h. Severe corrosion was observed with the fast growing alumina at the coating/substrate interface initiating from sample edges. Possible corrosion mechanism was proposed: as supplied by HCl/KCl, the formation of volatile chlorine/chloride acted as a catalyst and promoted the growth of alumina at relatively lower application temperatures (<900 °C).",24.75,6.666666666666667,0.7373737373737373,0.8282828282828283,0.050505050505050504,0.010101010101010102,0.7519582245430809,2018,106.38888888888889
https://doi.org/10.1016/j.corsci.2019.05.025,The origin and evolution of copper patina colour,2019,80,True,article,Corrosion Science,The copper patina colour has been systematically explored through a large set of short- and long-term exposed copper metal samples. The initial brown-black appearance is attributed to semiconducting properties of cuprite (Cu2O) and fully attained at thickness 0.8 ± 0.2 μm. The characteristic green-blue appearance is due to the colour forming Cu(II)-ion in the outer patina layer which needs to be 12 ± 2 μm to fully cover the inner cuprite layer. No significant influence of atmospheric environment on patina colour is discerned. The green-blue patina colour on historic copper was attained after shorter exposures than in modern copper due to more inhomogeneous microstructure.,14.857142857142858,6.413461538461538,0.7115384615384616,0.7019230769230769,0.019230769230769232,0.019230769230769232,1.655960028551035,2019,48.310344827586206
https://doi.org/10.1016/j.corsci.2020.108701,Environmental cracking performance of new generation thick plate 7000-T7x series alloys in humid air,2020,76,True,article,Corrosion Science,"The hydrogen environmentally-assisted cracking (HEAC) behaviour of new generation (new-gen) Al-Zn-Mg-Cu thick-plate alloys (AA7449, AA7085, and AA7037), under accelerated humid warm-air exposure, has been compared to the aerospace industry benchmark alloy AA7050 in over-aged T7x type tempers. Constant load time-to-failure and DCB crack growth tests have been performed at a relative humidity of 85 %, at 70 °C. It has been found that in constant load tests the failure time of the new generation alloys can be reduced by at least an order of magnitude and in some cases cracking was observed in only a few days at stress levels of 85 % of yield. Analysis of the failed fractured specimens has confirmed that the fracture behaviour is predominantly intergranular, and highly localised to high angle grain boundaries. The progression from surface initiation to self-propagating cracks occurred much more rapidly in the new higher Zn content alloys, but with less prior surface chemical attack. In DCB v-K tests stage II crack growth rates were also found to be significantly higher (by a factor of 6–20 times) in the new-gen alloys and the K1HEAC threshold stress intensity was less than half that for AA7050-T7651. Under long crack growth conditions, propagation thus required a higher mechanical driving force and crack growth stagnated more readily in the AA7050-T7651 benchmark material, compared to in the new generation alloys. The results have been discussed in the context of the potential influences of differences in the alloy’s chemistries and microstructures.",30.5,6.299180327868853,0.6680327868852459,0.639344262295082,0.028688524590163935,0.028688524590163935,1.1928845483083363,2020,63.71111111111111
https://doi.org/10.1016/j.corsci.2025.112827,Magnesium alloys with rare earth elements – A review of the recent progress on the corrosion properties,2025,75,True,article,Corrosion Science,"There has been a great need in recent years for a comprehensive understanding of the effects of each rare earth elements (REEs) on the corrosion mechanisms of pure Mg and various Mg alloy systems. In this review, the influences of each REE on the corrosion properties of Mg and its alloys were discussed and the recent research findings in this field were summarized. In addition, the gaps in the existing literature on this subject were highlighted and the alloy design strategies that could enable the development of next-generation REE-containing Mg alloys with superior corrosion performance in the future were suggested.",33.333333333333336,6.18,0.58,0.62,0.02,0.06,9.880239520958083,2025,7.590909090909091
https://doi.org/10.1016/j.corsci.2016.01.028,Simultaneous visualization of pH and Cl− distributions inside the crevice of stainless steel,2016,74,True,article,Corrosion Science,"A sensing plate for the simultaneous measurements of pH and Cl− concentration was fabricated. Terbium–dipicolinic acid complex (Tb–DPA) and quinine sulphate were used to measure the pH and Cl− concentration, respectively. In the incubation period of the crevice corrosion, the pH inside the crevice gradually decreased from 3.0 to ca. 2.0, and the Cl− concentration increases from 0.01 to ca. 0.18 M. The generation of the micro-pit led to a sharp decrease in pH to below 0.5 and an increase in the Cl− concentration to above 4 M. This situation allowed the crevice corrosion to proceed without spontaneously stopping.",8.25,6.08080808080808,0.6060606060606061,0.6161616161616161,0.04040404040404041,0.0,0.9187358916478555,2016,80.54545454545455
https://doi.org/10.1016/j.corsci.2019.01.002,The role of Sn on the long-term atmospheric corrosion of binary Cu-Sn bronze alloys in architecture,2019,74,True,article,Corrosion Science,"The role of Sn on the atmospheric corrosion performance of binary Cu-Sn bronze alloys (4–6 wt.% Sn) compared with Cu metal used in outdoor architecture is elucidated in terms of microstructure, native surface oxide composition, patina evolution, corrosion rates, appearance and metal release. Results are presented for non-exposed surfaces and surfaces exposed at different urban and marine sites in Europe up to 5 years and based on multi-analytical findings from microscopic, spectroscopic, electrochemical and chemical investigations. Alloying influenced the corrosion, aesthetic appearance and patina evolution, differently for urban and marine sites, whereas no effects were observed on the release pattern.",25.0,6.95,0.72,0.73,0.06,0.02,1.5317630264097073,2019,48.310344827586206
https://doi.org/10.1016/j.corsci.2017.09.014,"The corrosion of Zr(Fe, Cr)2 and Zr2Fe secondary phase particles in Zircaloy-4 under 350 °C pressurised water conditions",2017,73,True,article,Corrosion Science,"Using Scanning Transmission Electron Microscopy (STEM) coupled with Dual Electron Energy Loss Spectroscopy (DualEELS) and scanned diffraction, the corrosion and incorporation of Secondary Phase Particles (SPPs) in the oxide layer of Zircaloy-4 material has been investigated. This study focuses on mapping the corrosion of Zr2Fe and Zr(Fe, Cr)2 precipitates during the oxidation process and depicting their morphology as the oxidation front advances through the material. It has been found that Zr2Fe SPPs retain the same general shape as in their pre oxidation stage, and transform to a nanocrystalline homogeneous mixed oxide, with a strong crystallographic texture, but hitherto unknown structure. The Zr(Fe, Cr)2 Laves-phase SPPs however, oxidise in a notably more complicated manner. As the α-Zr around an SPP begins to oxidise, the SPP is completely encapsulated by the ZrO2 whilst much of the SPP remains initially unoxidised. But, on oxidation, significant elemental segregation takes place, usually leaving a Cr2O3-rich cap, a nanocrystalline Zr,Cr mixed oxide body and veins of well-crystallised metallic iron. Both forms of SPP have a different expansion on oxidation compared to the Zr, resulting in cracking of the ZrO2.",26.142857142857142,6.595628415300546,0.6612021857923497,0.6721311475409836,0.03825136612021858,0.03278688524590164,1.4233983286908078,2017,51.285714285714285
https://doi.org/10.1016/j.corsci.2018.02.025,The mechanisms of hot salt stress corrosion cracking in titanium alloy Ti-6Al-2Sn-4Zr-6Mo,2018,72,True,article,Corrosion Science,"Hot salt stress corrosion cracking in Ti 6246 alloy has been investigated to elucidate the chemical mechanisms that occur. Cracking was found to initiate beneath salt particles in the presence of oxidation. The observed transgranular fracture was suspected to be due to hydrogen charging; XRD and high-resolution transmission electron microscopy detected the presence of hydrides that were precipitated on cooling. SEM-EDS showed oxygen enrichment near salt particles, alongside chlorine and sodium. Aluminium and zirconium were also involved in the oxidation reactions. The role of intermediate corrosion products such as Na2TiO3, Al2O3, ZrO2, TiCl2 and TiH are discussed.",16.166666666666668,6.814432989690721,0.7216494845360825,0.7628865979381443,0.05154639175257732,0.010309278350515464,0.6767624020887729,2018,106.38888888888889
https://doi.org/10.1016/j.corsci.2018.12.020,An insight into PWR primary water SCC mechanisms by comparing surface and crack oxidation,2018,72,True,article,Corrosion Science,"Oxidation and stress corrosion cracking (SCC) of 316L stainless steel were studied in simulated pressurized water reactor primary water. Surface, crack flank, and crack tip oxides were analyzed and compared by high-resolution characterization, including oxidation state mapping. All oxides were found to have a triplex structure, although of different dimensions and composition, revealing the effects of local water chemistry and applied stress. The higher oxidation rate at the crack tip could be explained due to the existence of a higher dislocation density, higher level of stress and cation unavailability from the environment. The implications to SCC mechanisms are discussed.",19.8,6.777777777777778,0.6868686868686869,0.696969696969697,0.06060606060606061,0.020202020202020204,0.6767624020887729,2018,106.38888888888889
https://doi.org/10.1016/j.corsci.2020.109083,"Effect of alloying ratios and Cu-addition on corrosion behaviour of CoCrFeNiMo high-entropy alloys in superheated steam containing CO2, H2S and HCl",2020,72,True,article,Corrosion Science,"• CoCrNiFeMo not prone to corrosionand thus shows potential for application in a high-temperature geothermal environment. • Thick Cu 2 S corrosion film observed for CoCrNiFeMoCu high-entropy alloys in the testing environment. • Complex oxide layer observed under outer Cu 2 S corrosion film on CoCrNiFeMoCu bulk alloy. • Cu rich intermetallics prone to corrosion between Mo rich and Ni-Fe rich phases in the CoCrNiFeMoCu high-entropy alloy. This article reports the morphology and corrosion study of CoCrNiFeMo and CoCrNiFeMoCu high-entropy alloys (HEA) tested in a simulated superheated geothermal environment to evaluate whether the alloys are candidate materials for a corrosive high-temperature geothermal environment. The HEA alloys with different alloying ratios were tested in superheated steam at 350 °C and 10 bar gauge containing HCl, H 2 S, and CO 2 with acidic condensate (pH = 3). The Cu containing CoCrNiFeMoCu alloys were prone to corrosion damage and corrosion rate was accelerated by intermetallic Cu rich sites but the CoCrNiFeMo alloys were not prone to corrosion in the test environment.",24.142857142857142,6.461538461538462,0.7337278106508875,0.5443786982248521,0.029585798816568046,0.005917159763313609,1.1301011510289503,2020,63.71111111111111
https://doi.org/10.1016/j.corsci.2022.110382,High-temperature oxidation behavior of additively manufactured IN625: Effect of microstructure and grain size,2022,72,True,article,Corrosion Science,"High-temperature oxidation of additively manufactured (AM) Ni-base alloy IN625 has been studied in air and Ar-5%H2-3%H2O at 900–1000 °C. AM material is found to oxidize faster than the conventionally manufactured (CM) IN625 due to severe intergranular oxidation observed in the former. The AM IN625 was heat treated at 1100–1250 °C and hot rolled at 980 °C in order to modify the AM microstructure, primarily grain size, and analyze its role in alloy oxidation behavior. Grain size is shown to affect overall oxidation kinetics but not the intergranular oxidation morphology.",22.25,6.325842696629214,0.7303370786516854,0.7303370786516854,0.02247191011235955,0.02247191011235955,2.146004319654428,2022,33.55072463768116
https://doi.org/10.1016/j.corsci.2023.111764,Effect of microstructure on hydrogen embrittlement and hydrogen-induced cracking behaviour of a high-strength pipeline steel weldment,2023,71,True,article,Corrosion Science,"Hydrogen embrittlement (HE) and hydrogen-induced cracking (HIC) behaviour of a X65 steel pipeline weldment were investigated using slow strain rate tensile (SSRT) testing of specimens that were specifically extracted from different zones of the weldment (i.e., weld metal (WM), heat-affected zone (HAZ), and base metal (BM)). The WM was found to be the most susceptible zone to HE and HIC, while BM the least. Analysis of microstructure, fracture surface, secondary crack formation, and mechanical behaviour revealed that the high HE susceptibility of WM is correlated to microstructural features including Ti-rich inclusions, martensite/austenite (M/A) constituents, and prior austenite grain boundaries (PAGBs).",20.0,6.96,0.73,0.81,0.08,0.02,2.587044534412956,2023,27.444444444444443
https://doi.org/10.1016/j.corsci.2022.110777,Effects of the heat treatment on the microstructure and corrosion behavior of 316 L stainless steel manufactured by Laser Powder Bed Fusion,2022,69,True,article,Corrosion Science,"Additively manufactured AISI 316 L stainless steel samples were heat treated at temperatures from 400 °C to 1100 °C, and the corrosion behavior in chloride environments was electrochemically studied. Heat treatments at 400 °C and 650 °C increased the grain size and the treatment at 1100 °C formed MnCr2O4 inclusions. Also, these postprocessing techniques reduce the hardness and increased the porosity. Heat treatment at 400 °C increased the polarization resistance and maintained the pitting corrosion mechanisms of the additively manufactured samples. Heat treatments at higher temperatures reduced the polarization resistance but changed the corrosion resistance mechanisms.",19.2,6.989583333333333,0.7291666666666666,0.5625,0.08333333333333333,0.0,2.05658747300216,2022,33.55072463768116
https://doi.org/10.1016/j.corsci.2022.110640,Hydrogen effects on passivation and SCC of 2205 DSS in acidified simulated seawater,2022,68,True,article,Corrosion Science,"In this work, hydrogen effects on passivation and stress corrosion cracking (SCC) of 2205 duplex stainless steel (DSS) in acidified seawater were investigated. Results show hydrogen deteriorates passive film, accelerates localized anodic dissolution (AD) and causes hydrogen damage, leading to high SCC susceptibility by hydrogen embrittlement (HE) and hydrogen facilitated anodic dissolution (HFAD). SCC initiates in ferrite, and propagates as transgranular-SCC (TGSCC) and intergranular-SCC (IGSCC). When loaded along rolling direction (RD), hydrogen segregating in austenite hardens austenite during SCC propagation; while hydrogen enriching in ferrite causes hydrogen enhanced localized plasticity (HELP) effect for transverse direction (TD) load.",24.25,7.628865979381444,0.7835051546391752,0.7525773195876289,0.10309278350515463,0.0,2.0267818574514043,2022,33.55072463768116
https://doi.org/10.1016/j.corsci.2019.108251,First-principles analysis of the inhibitive effect of interstitial carbon on an active dissolution of martensitic steel,2019,66,True,article,Corrosion Science,"The effect of interstitial carbon on the anodic dissolution rate of AISI 1045 martensitic carbon steel was investigated. The active dissolution current of high carbon martensite was lower than that of low carbon martensite, indicating that active dissolution was suppressed by interstitial carbon. First-principles calculations were performed to investigate the electronic structure of martensite. The electronic density of states near and at the Fermi level of bct Fe (martensite) decreased with increasing interstitial carbon. The number of valence electrons on the iron atom in the Fe-C system was lower than that in the pure Fe system.",19.2,6.572916666666667,0.65625,0.59375,0.03125,0.0,1.366167023554604,2019,48.310344827586206
https://doi.org/10.1016/j.corsci.2021.110023,Effect of solid solution Zn atoms on corrosion behaviors of Mg-2Nd-2Zn alloys,2021,65,True,article,Corrosion Science,"The effects of heat treatments on the microstructures and corrosion behaviors of extruded Mg-2Nd-2Zn alloys in 3.5% NaCl electrolyte were investigated. It was found that the average corrosion rate of solid solution Mg-2Nd-2Zn alloy is 45.86 mm/y, which is much lower than that of the as-extruded and solution-aged Mg alloys. The nano-scale oxides were formed by the oxidation of solid solution atoms during the corrosion process and filled into the porous corrosion product film, which was conducive to reducing the corrosion rates of Mg alloys. Therefore, the solid solution treatment remarkably improved the corrosion rate of Mg alloys.",16.333333333333332,6.336734693877551,0.6530612244897959,0.6428571428571429,0.08163265306122448,0.02040816326530612,1.7614393602843181,2021,36.90163934426229
https://doi.org/10.1016/j.corsci.2022.110294,Role of constituent intermetallic phases and precipitates in initiation and propagation of intergranular corrosion of an Al-Li-Cu-Mg alloy,2022,65,True,article,Corrosion Science,"The corrosion behaviour of a recently developed Al-Li-Cu-Mg alloy thick plate was investigated using correlative immersion testing in 3.5% NaCl solution with analytical electron and ion microscopy. Intergranular corrosion was observed along grain boundaries and the particle-matrix interface of Al7Cu2(Fe, Mn) and Al20Cu2Mn3 phases from 7 min of immersion. The Li-containing Al7Cu2(Fe, Mn) phases are electrochemically more active and susceptible to de-alloying than the Al20Cu2Mn3 phases. Intergranular T1 (Al2CuLi) precipitates are attacked via selective dissolution of Li and Al. In contrast to previous observation, the dissolution rates of T1 precipitates and the adjacent alloy matrix are almost the same.",16.5,7.02020202020202,0.7171717171717171,0.7070707070707071,0.0707070707070707,0.020202020202020204,1.9373650107991363,2022,33.55072463768116
https://doi.org/10.1016/j.corsci.2022.110237,Influence of crystallographic orientation and Al alloying on the corrosion behaviour of extruded α-Mg/LPSO two-phase Mg-Zn-Y alloys with multimodal microstructure,2022,64,True,article,Corrosion Science,"A highly corrosion resistant Mg-Zn-Y-Al alloy featuring an α-Mg/LPSO two-phase multimodal microstructure was developed. The extruded Mg-Zn-Y alloy showed orientation dependent corrosion behaviour, the longitudinal section exhibited a higher corrosion rate than the transverse section. The orientation dependence was attributed to the varying in-plane atomic densities of the crystallographic planes on the longitudinal and transverse sections. The LPSO phase was the cathode and galvanic corrosion occurred in the adjacent α-Mg. The Al alloying into the Mg-Zn-Y alloy facilitated the formation of a protective surface film, which decreased the corrosion rate in spite of geometrical and electrochemical heterogeneities.",19.4,7.22680412371134,0.6907216494845361,0.6597938144329897,0.07216494845360824,0.0,1.9075593952483803,2022,33.55072463768116
https://doi.org/10.1016/j.corsci.2024.112636,Printed cellular structure enhancing re-passivation of stress corrosion cracking in high-temperature water,2024,64,True,article,Corrosion Science,"Cellular structure with high-density dislocations and elemental segregation is a unique characteristic for laser powder bed-fusion (L-PBF) 316 L stainless steels (SSs), but the role of such structure to stress corrosion cracking (SCC) remains pending. Herein we adopt multiple verification methods, including transmission electron microscope, atomic force microscopy and density-functional theory calculations to unveil its advantageous contribution to SCC resistance in high-temperature oxygenated water. Convincing evidence verify that the intrinsic Cr/Mo segregation across cellular boundaries (CBs) initiates a diffusion-induced stress and a nano-scale galvanic cell to provide a robust and stable Cr/Mo source towards near-surface grain boundaries (GBs). Consequently, there exists a Cr/Mo-rich enrichment zone at the crack tip, improving the re-passivation capacity of the SCC tip.",29.25,7.418803418803419,0.7264957264957265,0.8632478632478633,0.09401709401709402,0.0,4.108324974924774,2024,15.578125
https://doi.org/10.1016/j.corsci.2019.03.036,Effect of tempering heat treatment on the CO2 corrosion resistance of quench-hardened Cr-Mo low-alloy steels for oil and gas applications,2019,63,True,article,Corrosion Science,"The corrosion resistances of a number of tempered states of two Cr-Mo low-alloy steels, the novel ""HT10″ (martensitic) and the commercial ASTM A182 grade ""F22″ (bainitic), were evaluated in CO2-saturated brine. The tempering heat treatments soften both steels, due to a decrease in dislocation density, and the precipitation of alloy carbides, but also decrease their uniform corrosion rates. Such a decrease is considerable if the steels are tempered at higher temperature for longer time. For the novel HT10, we discuss how the tempering-induced changes to the microstructure contribute to decreasing the cathodic reaction kinetics, and thus the general corrosion rate.",25.0,6.54,0.62,0.73,0.07,0.02,1.3040685224839401,2019,48.310344827586206
https://doi.org/10.1016/j.corsci.2023.111372,Dislocation-assisted localised pitting corrosion behaviour of Al Si Mg Cu Mn alloy,2023,62,True,article,Corrosion Science,"The effects of the electrochemical nature of intermetallic particles (IMPs) and dislocation density on the localised pitting corrosion behaviour of AlSiMgCuMn alloy was investigated. The Cu-rich Q-phase and Mn-rich α-AlFeMnSi particles cause the anodic dissolution of adjacent Al, leading to localised pitting. Kelvin-probe atomic force microscopy studies revealed that the high potential of Q-phase and α-AlFeMnSi particles renders them cathodic. Therefore, micro-galvanic coupling arises between these IMPs and the surrounding Al. High dislocation densities in Al regions adjacent to the IMPs exacerbated localised pitting, which causes stress localisation and deteriorates the overall corrosion resistance of the alloy.",19.4,7.278350515463917,0.7010309278350515,0.6907216494845361,0.05154639175257732,0.010309278350515464,2.259109311740891,2023,27.444444444444443
https://doi.org/10.1016/j.corsci.2024.111988,Influence of Severe Surface Plastic Deformation Induced by Shot Peening on Microstructure and Corrosion Resistance of fine grained 316 L stainless steel,2024,62,True,article,Corrosion Science,"The influence of a severe shot peening (SSP) treatment in corrosion resistance of AISI 316 L austenitic stainless steel was studied by different electrochemical measurements in 3.5% NaCl solution. SSP promoted the formation of ultrafine grains in the upper layer. The formation of strain induced martensite appears to be facilitated by twinning due to the induced severe plastic deformation. SSP treatment with subsequent low temperature annealing (350ºC) improved corrosion resistance. The distinction of corrosion resistance is attributed to the different mechanical and microstructural features caused by severe plastic deformation. The best properties and stability of passive film were corroborated from various electrochemical techniques: potentiodynamic polarization, potentiostatic polarization and electrochemical impedance spectroscopy.",15.857142857142858,7.54054054054054,0.7297297297297297,0.6846846846846847,0.09009009009009009,0.018018018018018018,3.9799398194583753,2024,15.578125
https://doi.org/10.1016/j.corsci.2024.112399,Improved mechanical and corrosion properties through high-pressure phase transition in a biodegradable Zn-1.5Mn alloy,2024,62,True,article,Corrosion Science,"Zn-Mn alloys are considered promising biodegradable metals for orthopedic applications due to their large elongation and favorable osteogenicity. However, the corrosion rate of Zn-Mn alloys could be improved to meet the degradation requirement for orthopedic implants. In this study, a Zn-1.5Mn alloy was prepared via high-pressure solid-solution (HPSS) treatment at 5 GPa and 380 °C for 1 h to cast ingots. Microstructural evaluation revealed the HPSS treatment caused a phase transition from a ζ-MnZn13 phase to an ε-MnZn3 phase. The electrode potential difference between the ε-MnZn3 and the α-Zn was significantly larger than between the ζ-MnZn13 and the α-Zn, leading to an accelerated corrosion rate of the HPSS-treated alloy. It showed an electrochemical corrosion rate of 0.343 mm/y and an immersion degradation rate of 0.028 mm/y, while the as-cast (AC) Zn-1.5Mn displayed an electrochemical corrosion rate of 0.216 mm/y and an immersion degradation rate of 0.026 mm/y. Further, the HPSS-treated Zn-1.5Mn exhibited a compressive yield strength of 202 MPa and a microhardness of 83.48 HV. In addition, the HPSS-treated Zn-1.5Mn exhibited a cell viability toward human umbilical vein endothelial cells (HUVEC) comparable to its AC and atmospheric pressure solid-solution-treated (APSS-treated) counterparts toward HUVEC, along with improved antibacterial activity.",11.647058823529411,6.696969696969697,0.702020202020202,0.6363636363636364,0.050505050505050504,0.020202020202020204,3.9799398194583753,2024,15.578125
https://doi.org/10.1016/j.corsci.2015.06.009,A continuum damage mechanics model for pit-to-crack transition in AA2024-T3,2015,62,True,article,Corrosion Science,"A Continuum Damage Mechanics model for corrosion−fatigue damage is presented to study the pit-to-crack initiation life in AA2024-T3. This study is based on the experimental observation of reduced fatigue life in presence of corrosive environment. The model is based on the assumption that stress field has effect on the corrosion rate, and corrosion-induced damage enhances fatigue damage. Model results show significant reduction in fatigue crack initiation life. The model takes into account the effect of stress and frequency on the pit-to-crack transition life. Bayesian updating method is used to account for uncertainties in the parameters of the model.",16.333333333333332,6.591836734693878,0.673469387755102,0.5714285714285714,0.061224489795918366,0.030612244897959183,0.9483747609942639,2015,65.375
https://doi.org/10.1016/j.corsci.2023.111453,New insights into hydrogen trapping and embrittlement in high strength aluminum alloys,2023,61,True,article,Corrosion Science,"An attractive approach to mitigate hydrogen embrittlement (HE) is to use nano-sized particles to immobilize hydrogen. However, atomic scale relationship between different particle-matrix characteristics in aluminum alloys and the susceptibility to HE is unknown. In this study, effects of interactions between various interfaces and hydrogen in aluminum alloys are investigated using a comprehensive multiscale experimental and simulation-based approach that includes atomic scale observations, simulation and advanced hydrogen mapping techniques. Depending on the nature of interfaces, e.g., coherency, size, and crystal structure, some are useful for mitigating HE, others provide hydrogen to sensitive sites, and some act as crack initiation sites.",16.666666666666668,7.32,0.71,0.74,0.06,0.01,2.222672064777328,2023,27.444444444444443
https://doi.org/10.1016/j.corsci.2025.112971,Mutual FCC-BCC phase transition driving surface homogenization in a novel core-shell medium-entropy alloy after exposure to supercritical water,2025,61,True,article,Corrosion Science,"A novel medium-entropy alloy (Al 7.7 Cr 25 Fe 25 Ni 42.3 , wt%) was developed for supercritical water reactor (SCWR) applications. Featuring a stable core-shell structure with an FCC outer shell, B2 inner shell, and BCC core, the alloy exhibits excellent mechanical properties at room temperature and 600 °C. After 1000 h in 600°C supercritical water, the alloy formed a dense, uniform oxide scale composed of Al 2 O 3 , Cr 2 O 3 , Fe 3-x Cr x O 4 , and NiFe 2 O 4 . Beyond the protective effect of the oxide scale , the alloy's outstanding corrosion resistance is largely attributed to mutual phase transformations that promote a homogenized and fine-grained microstructure, ensuring uniform oxide growth . This unique combination makes the alloy a promising SCWR candidate.",19.0,5.646616541353383,0.8045112781954887,0.6992481203007519,0.05263157894736842,0.015037593984962405,8.035928143712574,2025,7.590909090909091
https://doi.org/10.1016/j.corsci.2023.111361,Effects of heat treatments on the microstructure and localized corrosion behaviors of AA7075 aluminum alloy,2023,60,True,article,Corrosion Science,"Five different heat treatments were applied to AA7075 aluminum alloy, resulting in distinct localized corrosion behaviors in 5 wt% NaCl solution. Some treatments exhibited higher intergranular corrosion (IGC) susceptibility due to the anodic nature of grain boundaries (GBs) caused by Cu depletion in the precipitate free zones (PFZs) along the GBs. Cu-enrichment and an increase in intervals between η-phase grain boundary precipitates (GBPs) did not improve IGC resistance. The open circuit (OCP) and galvanostatic (GL) tests could distinguish differences in corrosion behaviors, suggesting the potential use of GL testing as a faster method for predicting localized corrosion behaviors.",24.5,6.938775510204081,0.7346938775510204,0.8163265306122449,0.061224489795918366,0.030612244897959183,2.1862348178137654,2023,27.444444444444443
https://doi.org/10.1016/j.corsci.2020.109112,The effect of hydrogen on the breakdown of the protective oxide scale in solid oxide fuel cell interconnects,2020,59,True,article,Corrosion Science,"In this study, the effect of hydrogen, on the degradation of AISI 441 interconnect, under solid oxide fuel cell operating conditions was investigated between 500−800 °C for 336 h. As a new hypothesis, it is concluded that, hydrogen impedes Cr diffusion, probably in the grain boundaries, leading to the breakdown of the protective oxide scale. This effect is most severe at 600 °C, while at lower or higher temperatures the effect is attenuated. Cr diffusion is enhanced at high temperatures, whereas protective scales can be obtained at low temperatures with a lower amount of Cr.",23.75,5.978947368421053,0.6526315789473685,0.6947368421052632,0.06315789473684211,0.031578947368421054,0.9260551098709453,2020,63.71111111111111
https://doi.org/10.1016/j.corsci.2018.12.040,Influence of Al content and pre-oxidation on the aqueous corrosion resistance of binary Fe-Al alloys in sulphuric acid,2019,58,True,article,Corrosion Science,The influence of Al content and pre-oxidation on the corrosion behavior of binary Fe-Al alloys in 0.0126 M H2SO4 was investigated. The minimum Al content for forming a passive film on binary Fe-Al at 25 °C is 15 at.% and passivation improves up to 25 at.% Al. X-ray photoelectron spectroscopy measurements show that the passive film on Fe-25Al is enriched in Al and consists of an outer layer of mixed Al and Fe hydroxides and an inner layer of Al oxide. The oxide layer generated at 1000 °C effectively protected against aqueous corrosion in H2SO4.,13.571428571428571,5.631578947368421,0.6947368421052632,0.6210526315789474,0.06315789473684211,0.010526315789473684,1.2005710206995004,2019,48.310344827586206
https://doi.org/10.1016/j.corsci.2022.110252,Organic composite coatings containing mesoporous silica particles: Degradation of the SiO2 leading to self-healing of the delaminated interface,2022,58,True,article,Corrosion Science,"Mesoporous SiO2 is of interest as nano-container for storing active agents for corrosion inhibition or self-healing. However, the potential of mesoporous SiO2 itself for providing active corrosion protection so far was widely ignored. Here, SiO2 containing PVB coatings applied on zinc is shown to inhibit corrosion-driven organic coating disbondment and even to self-heal the already delaminated interface. The protection mechanism is that mesoporous SiO2 will degrade in the high alkaline pH at the delaminated area and forms a silicate layer that blocks underfilm corrosion and even re-establishes a protective and delamination resistant interface.",23.25,6.881720430107527,0.6989247311827957,0.7419354838709677,0.043010752688172046,0.03225806451612903,1.7287257019438447,2022,33.55072463768116
https://doi.org/10.1016/j.corsci.2022.110493,Oxidation kinetics of overstoichiometric TiB2 thin films grown by DC magnetron sputtering,2022,58,True,article,Corrosion Science,"We systematically study the oxidation properties of sputter-deposited TiB2.5 coatings up to 700 °C. Oxide-scale thickness dox increases linearly with time ta for 300, 400, 500, and 700 °C, while an oxidation-protective behavior occurs with dox=250∙ta0.2 at 600 °C. Oxide-layer’s structure changes from amorphous to rutile/anatase-TiO2 at temperatures ≥ 500 °C. Abnormally low oxidation rate at 600 °C is attributed to a highly dense columnar TiO2-sublayer growing near oxide/film interface with a top-amorphous thin layer, suppressing oxygen diffusion. A model is proposed to explain the oxide-scale evolution at 600 °C. Decreasing heating rate to 1.0 °C/min plays a noticeable role in the TiB2.5 oxidation.",10.4,6.576923076923077,0.7307692307692307,0.7788461538461539,0.038461538461538464,0.0,1.7287257019438447,2022,33.55072463768116
https://doi.org/10.1016/j.corsci.2021.109343,Damage micromechanisms of stress corrosion cracking in Al-Mg alloy with high magnesium content,2021,57,True,article,Corrosion Science,"Al-10Mg alloys, which are highly susceptible to SCC, were prepared with various β precipitate morphologies. Interrupted in-situ tensile tests were conducted under synchrotron X-ray radiation, employing a recently developed X-ray microtomography technique that combines high-energy, applicability to metallic materials, and ultra-high resolution. Preferential dissolution of the β phase along grain boundaries, and incidental intergranular and transgranular fracture, were observed in 3D. A drastic decrease in SCC resistance was measured after hydrogen charging. The additional effect of external hydrogen absorbed from an aqueous solution during loading was also revealed, by directly measuring crack-tip plasticity. The aquatic environment, one of the most extreme conditions for hydrogen uptake, caused continuous crack-tip corrosion. Catastrophic failure was observed when an alloy had both a relatively high areal grain boundary coverage by film-like β phase, and a reticulately interconnected plate-like β phase in the grain interior. Hydrogen bubble formation was also observed, in relation to the progress of crack-tip corrosion. The main corrosion product was identified as Al(OH)3, based on its linear absorption coefficient. The respective amounts of corrosion products and hydrogen gas in the gas bubbles, and the pH value of the aqueous solution, were accurately measured during in-situ tensile testing, enabling estimation of the local elevation of hydrogen content in the crack-tip vicinity. Finally, a quantitative criterion for the occurrence of hydrogen embrittlement in inter-β ligaments is discussed, together with the applicability of the findings to the prevention of SCC.",21.454545454545453,6.995762711864407,0.6991525423728814,0.6440677966101694,0.029661016949152543,0.012711864406779662,1.5446468236339406,2021,36.90163934426229
https://doi.org/10.1016/j.corsci.2021.109925,The effect of laser shock peening with and without protective coating on intergranular corrosion of sensitized AA5083,2021,57,True,article,Corrosion Science,"Laser Shock Peening with (LSP) and without protective coating (LPwC) was applied to sensitized AA5083 followed by electrochemical analysis. Potentiodynamic tests indicated a region of increased passivity for the LPwC samples with lower corrosion current. Similarly, significantly reduced intergranular corrosion rate was observed during potentiostatic polarization after LPwC treatment while LSP samples showed only a negligible improvement. The results are attributed to the unique recast surface layer composed of a modified oxide film followed by an embedded oxygen-rich aluminum nanoparticles sub-surface layer without grain boundary β-phase created during laser pulse interaction with the surface when no coating was applied.",24.75,7.292929292929293,0.7373737373737373,0.7878787878787878,0.10101010101010101,0.020202020202020204,1.5446468236339406,2021,36.90163934426229
https://doi.org/10.1016/j.corsci.2021.110007,Hydrogen embrittlement of additively manufactured AlCoCrFeNi2.1 eutectic high-entropy alloy,2021,57,True,article,Corrosion Science,"AlCoCrFeNi2.1 eutectic high-entropy alloy (HEA) was fabricated in as-cast and additively manufactured (AM) states. The hydrogen embrittlement susceptibility of both materials was investigated through in-situ uniaxial tensile test. Combining several advanced high-resolution scanning electron microscopy (SEM)-based techniques, the deformation and hydrogen embrittlement behavior have been intensively discussed. Interfacial cracking along both phase boundaries and grain boundaries are found to be responsible for the hydrogen-assisted fracture of this material. The cracking susceptibility has a dependence on the manufactured phase morphology. The orientation relationship between the phases and the misorientation between grains also have a significant impact on the hydrogen-induced cracks.",14.142857142857142,7.8686868686868685,0.6666666666666666,0.7878787878787878,0.050505050505050504,0.030303030303030304,1.5446468236339406,2021,36.90163934426229
https://doi.org/10.1016/j.corsci.2025.112974,Integrated effects of non-equilibrium microstructures on stress corrosion cracking susceptibility of post-treated laser powder-bed-fusion 316 L stainless steels,2025,57,True,article,Corrosion Science,"Laser powder-bed-fusion (L-PBF) technique offers unparalleled advantages in fabricating complex geometries for the nuclear industry, while dominant microstructure features responsible for stress corrosion cracking (SCC) remain poorly understood for L-PBFed stainless steels (SSs). This work aims to untangle the integrated effects of non-equilibrium microstructure on SCC behavior of multiple post-treated L-PBFed 316 L SSs in high-temperature oxygenated water. Results unveil that the residual strain and anisotropy grains jointly deteriorate the planar SCC initiation response, while high-density low angle grain boundaries alleviate the depth attack of short-term SCC propagation. Furthermore, the cellular structure, decorated with Cr segregation and dislocation tangles, inhibits the short-term SCC propagation by enhancing the re-passivation capacity and oxide rupture resistance at the crack tip. The other concomitant factors, such as oxide precipitates and melting pools, are considered subordinate to the SCC susceptibility. These insights advance our understanding for optimizing post-heating parameters to enhance the structural integrity of L-PBFed SSs for the application in nuclear power plants. • HIP is the optimal post-treatment solution to reduce SCC in high-temperature water. • Residual strain and anisotropy jointly deteriorate the planar SCC resistance. • High-density low angle grain boundaries alleviate the short-term SCC propagation. • Cellular structure enhances re-passivation and crack-tip oxide rupture resistance.",20.4,7.392156862745098,0.7450980392156863,0.6666666666666666,0.049019607843137254,0.024509803921568627,7.508982035928144,2025,7.590909090909091
https://doi.org/10.1016/j.corsci.2017.05.025,The mechanism of aqueous stress-corrosion cracking of α + β titanium alloys,2017,56,True,article,Corrosion Science,"In a previous paper (Cao et al., 2017) [1], a transition in fracture mode in aqueous NaCl Stress-Corrosion Cracking (SCC) of Ti-8Al-1Mo–1 V was reported. This paper attempts to unravel the operating mechanism for SCC by dislocation analysis on the Focus Ion Beam (FIB) lift-out foils from pre-crack and the SCC regions. It is shown that both basal <a> and <c + a> slips are operative in the SCC region while the basal <a> is the only activated system in the pre-crack region. Moreover, there is an increase in dislocation density in the SCC region compared to the pre-crack region. Based on these observations, combined Absorption Induced Dislocation Emission (AIDE) and Hydrogen Enhanced Localized Plasticity (HELP) is proposed to be the operating mechanisms for SCC in α+β titanium alloys.",21.5,6.0,0.6821705426356589,0.7209302325581395,0.031007751937984496,0.0,1.0919220055710306,2017,51.285714285714285
https://doi.org/10.1016/j.corsci.2023.111570,Mitigation effects of over-aging (T73) induced intergranular corrosion on stress corrosion cracking of AA7075 aluminum alloy and behaviors of η phase grain boundary precipitates during the intergranular corrosion formation,2023,55,True,article,Corrosion Science,"The stress corrosion cracking (SCC) behaviors of over-aged and peak-aged AA7075 aluminum alloys in a 5%wt NaCl solution were compared. Even though the over-aging process induced intergranular corrosion (IGC), it decreased the SCC susceptibility of the material. Grain boundaries (GBs) with misorientation angles less than 30° and the grain matrix were considered factors that reduced the IGC propagation rate, thereby preventing the development of SCC. η phase grain boundary precipitates (GBPs) underwent de-alloying, forming Cu-enriched particles during the IGC formation. However, the cathodic properties of these particles are not the key factors determining whether the IGC will occur or not.",20.0,6.82,0.7,0.8,0.07,0.03,2.0040485829959516,2023,27.444444444444443
https://doi.org/10.1016/j.corsci.2020.108477,A mechanistic study of stratified patina evolution on Sn-bronze in chloride-rich atmospheres,2020,54,True,article,Corrosion Science,"The complex stratified patina formed on Sn-bronze in chloride-rich atmospheres has been explored through long-term field exposures and short-term laboratory investigations using a multi-analytical approach. The stratified patina is composed of Cu2O- and Cu2(OH)3Cl-rich sublayers intercalated by Sn-oxides, mainly SnO2. The stratification is triggered by events of high chloride deposition, resulting in repeated dissolution and solidification of sublayers, whereby redox reactions between the intermediate products of Sn- and Cu-chlorides play a crucial role. Sn-induced patina stratification is a major reason for enhanced patina flaking on Sn-bronze and its accelerated corrosion rate compared to Cu metal in marine environments.",24.5,7.275510204081633,0.7142857142857143,0.7653061224489796,0.061224489795918366,0.01020408163265306,0.8475758632717126,2020,63.71111111111111
https://doi.org/10.1016/j.corsci.2021.109744,Early stages of high-temperature oxidation of Ni- and Co-base model superalloys: A comparative study using rapid thermal annealing and advanced electron microscopy,2021,54,True,article,Corrosion Science,"A novel approach based on rapid thermal annealing and advanced electron microscopy is used to elucidate the differences in early stages of high-temperature oxidation of Ni- and Co-base superalloys at 900 °C. STEM-EDX results obtained for two model superalloys with exactly the same alloying additions demonstrate the individual role of the γ and γ’ phase during initial oxidation. Observed differences in Al2O3 formation can be directly correlated to changes in the partitioning behavior and the type of defects introduced during oxidation, depending on the base element. Explanations for the worse oxidation resistance of γ’-strengthened Co-base superalloys are proposed.",24.5,6.744897959183674,0.6530612244897959,0.7448979591836735,0.02040816326530612,0.01020408163265306,1.463349622390049,2021,36.90163934426229
https://doi.org/10.1016/j.corsci.2021.109836,When all intermetallics dealloy in AA2024-T3: Quantifying early stage intermetallic corrosion kinetics under immersion,2021,54,True,article,Corrosion Science,"A hyphenated optical-electrochemical technique and image analysis protocol is used to quantify global and local (intermetallic) corrosion process and kinetics. Our findings reveal an early stage (< 60 s) composition-dependent hierarchical local activation of all IMs that can be attributed to IM dealloying. This is followed by local trenching initiated at matrix locations adjacent to regions of the IMs previously dealloyed, which in turn develops into concentric trenching around the IMs. These stages have quantifiable activation times and kinetics. While dealloying kinetics are found to be strongly dependent on IM composition and slightly dependent on IM size in the case of the S-phases, trenching kinetics are IM composition and size independent.",22.2,6.711711711711712,0.6666666666666666,0.6936936936936937,0.036036036036036036,0.036036036036036036,1.463349622390049,2021,36.90163934426229
https://doi.org/10.1016/j.corsci.2021.109946,Susceptibility to intergranular corrosion in sensitized austenitic stainless steel characterized via crystallographic characteristics of grain boundaries,2021,54,True,article,Corrosion Science,"Failures caused by intergranular corrosion have often occurred in structures made of stainless steels, and it is necessary to establish a technique to evaluate the susceptibility to such corrosion. This study investigated the crystallographic characteristics of grain boundaries to evaluate the susceptibility. To measure the characteristics, microscopic analyses were performed by the techniques of electron backscattered diffraction and thermal etching with geometric measurements. Then, oxalic acid etching was conducted. The corrosion grooves became larger with increasing grain boundary energy, and as a result, it was found that the energy was the only variable able to characterize the susceptibility.",19.6,7.122448979591836,0.6428571428571429,0.673469387755102,0.061224489795918366,0.02040816326530612,1.463349622390049,2021,36.90163934426229
https://doi.org/10.1016/j.corsci.2017.09.015,The mechanism of stress corrosion cracking of Alloy 690TT in a caustic solution containing lead,2017,52,True,article,Corrosion Science,"This study investigated the PbSCC of Alloy 690TT exposed to a caustic solution at 320 °C. Characterization of the resulting films indicates that lead is involved in the formation of oxides and evenly distributed in the films. TEM analysis was carried out to elucidate the role of lead in IGSCC by investigating the oxides at the crack tip. Lead penetrates into the crack tip and disperses in the intergranular oxides, enhancing the oxidation of grain boundaries. Thus, microcracks initiate within oxides under stress and connect with the main SCC crack stemming from the pit, resulting in propagation of the IGSCC.",20.0,6.06,0.59,0.64,0.04,0.01,1.0139275766016713,2017,51.285714285714285
https://doi.org/10.1016/j.corsci.2021.109589,High temperature corrosion evaluation and lifetime prediction of porous Fe22Cr stainless steel in air in temperature range 700–900 °C,2021,52,True,article,Corrosion Science,"This work describes a high temperature corrosion kinetics study of ∼30 % porous Fe22Cr alloys. The surface area of the alloy (∼0.02 m2 g−1) has been determined by tomographic microscopy. The weight gain of the alloys was studied by isothermal thermogravimetry in the air for 100 h at 700–900 °C. Breakaway oxidation was observed after oxidation at 850 °C (∼100 h) and 900 °C (∼30 h). The lifetime prediction shows the investigated porous alloy can be used for >3000 h at temperatures <700 °C. At temperatures ≥700 °C, the lifetime of the porous alloy is limited by the available chromium reservoir.",14.428571428571429,5.8316831683168315,0.7029702970297029,0.6732673267326733,0.0297029702970297,0.009900990099009901,1.4091514882274545,2021,36.90163934426229
https://doi.org/10.1016/j.corsci.2020.109053,Crevice corrosion of solution annealed 25Cr duplex stainless steels: Effect of W on critical temperatures,2020,50,True,article,Corrosion Science,"In this work, the influence of tungsten on the crevice corrosion resistance of three super duplex stainless steels (SDSS) containing 0.0, 0.6, and 2.1 wt.% W was determined. The PD-GS-PD technique was used to estimate the critical crevice repassivation temperature by performing tests at different temperatures. Additionally, long-term potentiostatic experiments were conducted as a function of temperature in natural seawater to validate PD-GS-PD testing. Results showed that W improved crevice corrosion resistance as evidenced by the higher initiation and repassivation crevice temperatures, which were 7.5–15 °C higher in the 2.1 wt.% W SDSS than in the W-free case.",8.909090909090908,6.591836734693878,0.6938775510204082,0.7244897959183674,0.061224489795918366,0.01020408163265306,0.7847924659923265,2020,63.71111111111111
https://doi.org/10.1016/j.corsci.2021.109657,Surface characteristics and electrochemical behaviors of passive reinforcing steel in alkali-activated slag,2021,50,True,article,Corrosion Science,"In alkali-activated slag (AAS), the passive film significantly influences the corrosion behavior of the reinforcing steel. The relationship between the surface characteristics and electrochemical performance of the passive reinforcing steel was investigated in simulated alkali-activated slag pore (SSP) solution in this paper. An adsorption aluminate/silicate layer (60 nm) generated on the reinforcing steel surface. Further, due to the influence of S2−, less compact passive film (containing FeS in the inner film) formed, leading to lower passive film resistance. However, the reinforcement still presented slightly higher charge transfer resistance due to the barrier effect of the adsorption layer in SSP solution.",20.0,7.08,0.71,0.64,0.03,0.01,1.3549533540648602,2021,36.90163934426229
https://doi.org/10.1016/j.corsci.2020.108640,A thermodynamic and kinetic study of the formation and evolution of corrosion product scales on 13Cr stainless steel in a geothermal environment,2020,49,True,article,Corrosion Science,The formation and evolution of corrosion product scales on 13Cr stainless steel at 200 °C and various CO2 partial pressures were investigated. Scanning electron microscope was used to show the physical nature of the scales formed at 0.27 MPa CO2. The thin non-uniform layer was identified as FeCr2O4 by Raman Spectroscopy with a thick Cr(OH)3 layer being determined at 2.85 MPa CO2. These results provide a guide to understanding the mechanisms of CO2 corrosion for 13Cr stainless steel exposed to high temperature and pressure and demonstrate the influence of thermodynamics and kinetics on the formation and evolution of the corrosion products.,16.833333333333332,6.326732673267327,0.6534653465346535,0.6732673267326733,0.0594059405940594,0.019801980198019802,0.76909661667248,2020,63.71111111111111
https://doi.org/10.1016/j.corsci.2021.109453,Microstructure and corrosion behaviour of wire arc additive manufactured AA2024 alloy thin wall structure,2021,49,True,article,Corrosion Science,"In the present work, the microstructure and corrosion behaviour of wire arc additive manufactured (WAAM) AA2024 alloy thin wall structure are investigated. Three distinctive zones are present in the WAAM structure, including melt pool zone (MPZ), melt pool border (MPB) and heat affected zone (HAZ). Localized corrosion initiates at the multi-phase lamellar eutectic structure via de-alloying of S-phase (Al2CuMg) intermetallics. MPB is most susceptible to localized corrosion due to its relatively high volume fraction of eutectic S-phase resulted from alloying elements segregation during solidification.",21.0,7.083333333333333,0.7738095238095238,0.7738095238095238,0.03571428571428571,0.011904761904761904,1.327854286983563,2021,36.90163934426229
https://doi.org/10.1016/j.corsci.2022.110922,Considering the concept of synergism in corrosion inhibition,2022,49,True,article,Corrosion Science,"Synergism in corrosion inhibition and how to best quantify it is explored conceptually. In the equation for the synergistic parameter, the mixture’s inhibition efficiency is evaluated against a threshold inhibition efficiency based on the performance of pure compounds. However, the choice for the threshold value is not unique. In the literature, the threshold of Aramaki–Hackerman is usually used. Herein, several other reasonable choices are developed, which are based on (i) the Langmuir adsorption model, (ii) the requirement that a mixture’s inhibition efficiency is higher than the highest inhibition efficiency of pure compounds, or (iii) that corrosion resistance in a mixture is higher than the sum of resistances in pure compounds. The presented synergistic models are also extended to multi-component mixtures.",20.0,6.733333333333333,0.6333333333333333,0.5833333333333334,0.016666666666666666,0.025,1.460475161987041,2022,33.55072463768116
https://doi.org/10.1016/j.corsci.2021.109674,Computational modeling of degradation process of biodegradable magnesium biomaterials,2021,48,True,article,Corrosion Science,"Despite the advantages of using biodegradable metals in implant design, their uncontrolled degradation and release remain a challenge in practical applications. A validated computational model of the degradation process can facilitate tuning implant biodegradation properties. In this study, a mathematical model of the chemistry of magnesium biodegradation was developed and implemented in a 3D computational model. The parameters were calibrated by Bayesian optimization using dedicated experimental data. The model was validated by comparing the predicted and experimentally obtained pH change in saline and buffered solutions, showing maximum 5% of difference, demonstrating the model's validity to be used for practical cases.",20.0,7.2,0.67,0.68,0.03,0.01,1.3007552199022658,2021,36.90163934426229
https://doi.org/10.1016/j.corsci.2021.109514,Study of cathodic reactions in defects of thermal spray aluminium coatings on steel in artificial seawater,2021,48,True,article,Corrosion Science,"Electrochemical and surface characterization techniques were used to study the corrosion protection provided by Thermal Spray Aluminium (TSA) coatings on carbon steel substrates with and without defects in artificial seawater. Results showed that the presence of defects accelerates the formation of a protective corrosion product layer on the TSA coating. Voltammetry and Electrochemical Impedance Spectroscopy (EIS) revealed that both calcareous deposits and aluminium corrosion products hindered diffusion of dissolved O2. Analysis of corrosion products by SEM-EDX, μ-Raman spectroscopy and XRD revealed Al oxides/hydroxides and hydrotalcite on top of TSA coating and a bilayer of calcareous deposits on the defect area.",25.0,7.16,0.67,0.68,0.07,0.0,1.3007552199022658,2021,36.90163934426229
https://doi.org/10.1016/j.corsci.2020.108780,The effect of time evolution and timing of the electrochemical data recording of corrosion inhibitor protection of hot-dip galvanized steel,2020,47,True,article,Corrosion Science,"In previous work, the importance of taking the time-domain into account when studying corrosion inhibitor-containing electrochemical systems was highlighted. In this work, odd random phase electrochemical impedance spectroscopy (ORP-EIS) is applied as the electrochemical tool to study the time-effect by the evaluation of the non-stationarities per frequency decade over time for the screening of different silica- and phosphate- based corrosion inhibitors for hot-dip galvanized steel and possible corrosion inhibitor synergism. This serves as the basis for the interpretation of the results obtained from different macroscopic electrochemical techniques such as potentiodynamic polarization (PP), open circuit potential (OCP) with superimposed linear polarization resistance (LPR), electrochemical impedance spectroscopy (EIS) and electrochemical noise (EN) measurements. The analysis of the time-domain shows that all systems have a system-specific ‘stabilization’ time which affects the interpretation of the results obtained from the macroscopic electrochemical techniques. Furthermore, these results indicate that all corrosion inhibitors tested exhibit corrosion protective action and that the combination of both silica-based corrosion inhibitors show synergistic action on hot-dip galvanized steel.",33.4,7.700598802395209,0.6526946107784432,0.6287425149700598,0.029940119760479042,0.011976047904191617,0.7377049180327869,2020,63.71111111111111
https://doi.org/10.1016/j.corsci.2022.110716,Corrosion characterization and ion release in SLM-manufactured and wrought Ti6Al4V alloy in an oral environment,2022,47,True,article,Corrosion Science,"As-produced and heat-treated TiAlV samples were prepared by selective laser melting and compared to wrought samples of identical chemical composition. Microstructural, corrosion, and spectroscopic studies of additively manufactured samples in artificial saliva at 37 °C, with NaF and at pH 2.3 were as a novelty combined with metal ion release during 42 days immersion. In artificial saliva higher amount of ions was released on SLM specimen when compared to wrought alloy. The total amount of ions released from SLM specimen in AS containing NaF was 10-times higher than in AS, while in AS with lactic acid it was 100-times higher.",20.0,6.19,0.67,0.69,0.02,0.0,1.4008639308855293,2022,33.55072463768116
https://doi.org/10.1016/j.corsci.2024.111889,Corrosion protection of zinc by LDH conversion coatings,2024,47,True,article,Corrosion Science,"Corrosion protection efficiencies of Layered Double Hydroxide (LDH) conversion coatings on zinc were studied. As-prepared LDH coatings contained nitrate anions that were exchanged for vanadate ones. Corrosion inhibitive properties of the LDH coatings were studied by electrochemical impedance spectroscopy (EIS) and scanning vibrating electrode technique (SVET) techniques in 0.05 M NaCl solutions. Electron microscopy, X-ray diffraction and release studies were employed to understand the mechanism of zinc protection. The LDH/vanadate system displayed about 20-fold increase in impedance and smaller local ionic currents compared to bare zinc. The protection was attributed to the partial release of vanadate anions from the LDH.",14.285714285714286,7.2,0.76,0.74,0.06,0.03,3.017051153460381,2024,15.578125
https://doi.org/10.1016/j.corsci.2023.110965,Electrochemical corrosion and electrochemical migration characteristics of SAC-1Bi-xMn solder alloys in NaCl solution,2023,46,True,article,Corrosion Science,"The effects of Ag and Mn content were investigated from the electrochemical corrosion (ECC) and electrochemical migration (ECM) point of view in the case of SAC0307–1Bi-xMn and SAC305 lead-free solder alloys in NaCl solution. On the one hand, long-term results showed that lower silver content showed higher corrosion resistance. On the other hand, the microstructure and elemental composition of the dendrites formed after the ECM test were investigated by transmission electron microscopy (TEM) and energy dispersive X-ray spectrometer (EDS) which demonstrated that micro-alloying elements (i.e. Mn) also contributed to the ECM processes. The ECM model of Mn was also established.",16.666666666666668,6.69,0.67,0.75,0.03,0.0,1.6761133603238867,2023,27.444444444444443
https://doi.org/10.1016/j.corsci.2023.111271,Corrosion resistance of β-phase titanium alloys under simulated inflammatory conditions: Exploring the relevance of biocompatible alloying elements,2023,46,True,article,Corrosion Science,"In this study we compared the corrosion behavior of single β-phase alloys: (i) Ti-29Nb-13Ta-4.6Zr and (ii) Ti-45Nb, that contain similar amount of β-phase stabilizers. Corrosion resistance was analyzed in the PBS+H2O2 solution, which simulates the conditions as can be found during post-operative inflammation. Results of electrochemical impedance spectroscopy, and ion-release measurements revealed that Ti-29Nb-13Ta-4.6Zr alloy demonstrated significantly higher corrosion resistance compared to Ti-45Nb. Post-immersion microscopic analysis demonstrated that a thinner layer of oxidation products was formed on Ti-29Nb-13Ta-4.6Zr alloy surface. Overall results allowed to exclude the beneficial role of Nb in tailoring corrosion resistance of Ti-29Nb-13Ta-4.6Zr under simulated inflammatory conditions. Data will be made available on request.",10.7,7.579439252336448,0.6915887850467289,0.7663551401869159,0.018691588785046728,0.037383177570093455,1.6761133603238867,2023,27.444444444444443
https://doi.org/10.1016/j.corsci.2022.110681,An electro-chemo-mechanical framework for predicting hydrogen uptake in metals due to aqueous electrolytes,2022,45,True,article,Corrosion Science,"We present a theoretical and numerical scheme that enables quantifying hydrogen ingress in metals for arbitrary environments and defect geometries. This is achieved by explicitly resolving the electrochemical behaviour of the electrolyte, the hydrogen and corrosion reactions, the kinetics of surface adsorption, and hydrogen uptake, diffusion and trapping in mechanically-deforming solids. This new framework is used to produce maps that relate the absorbed hydrogen with the applied potential, specimen geometry and fluid velocity. We also present simplified versions of our generalised model, and benchmark predictions of these and other existing models against the generalised electro-chemo-mechanical results, establishing regimes of validity.",25.0,7.34,0.63,0.76,0.06,0.0,1.3412526997840173,2022,33.55072463768116
https://doi.org/10.1016/j.corsci.2024.112066,A comparative study on the passive film and SCC behavior of Ti-6Al-3Nb-2Zr-1Mo alloy at various test temperatures in simulated seawater,2024,45,True,article,Corrosion Science,"In this work, the electrochemical and stress corrosion cracking (SCC) behavior of Ti-6Al-3Nb-2Zr-1Mo alloy in simulated seawater at various solution temperatures were systematically studied. Results show rising test temperature increases the point defect density in passive film and deteriorates the stability. Therefore, SCC is promoted by localized anodic dissolution (AD). At 25 °C, SCC initiates in α p phase, and β phase hinders SCC propagation on account of the lower electrochemical activity induced by element segregation. While at 4 °C, the SCC propagation rate is higher than that at 25 °C, as the SCC propagation resistance of β phases decreases.",20.0,6.42,0.72,0.75,0.07,0.0,2.888665997993982,2024,15.578125
https://doi.org/10.1016/j.corsci.2020.108859,Selective oxidation of ternary Fe-Mn-Si alloys during annealing process,2020,44,True,article,Corrosion Science,"Selective oxidation of Fe2MnxSi alloys with various Si contents annealed in a gas mixture of H2/H2O (p(O2) = 6.5×10−25 bar at 700 °C) for 2 h was investigated. The oxidation kinetics of all the alloys followed linear growth, indicating that most likely oxygen uptake was the rate-determining step. The addition of Si into Fe2Mn eliminated the formation of the ridge-like MnO at the surface, mainly on the grain boundaries, but significantly accelerated the internal oxidation especially along grain boundaries. The effects of Si on the external and internal oxidation including the morphology, distribution and chemistry of the oxides are discussed.",20.0,6.38,0.64,0.72,0.04,0.05,0.6906173700732473,2020,63.71111111111111
https://doi.org/10.1016/j.corsci.2023.111809,Electrochemical corrosion behaviour and corrosion mechanism of Sn-9Zn-xGe solder alloys in NaCl solution,2023,44,True,article,Corrosion Science,"The electrochemical corrosion behaviour and corrosion mechanism of Sn-9Zn-xGe alloy in 3.5 wt.% NaCl solution was investigated using electrochemical techniques combined with surface characterization techniques. The results showed that the alloy corrosion was mainly affected by the rupture of passivation film and Cl - migration along grain boundaries. Trace Germanium (Ge) addition refined the microstructure and improved the corrosion potential of the alloy. Solder alloys containing 0.6 wt.% Ge formed a uniform and dense passivation film on the corrosion surfaces , which reduced the corrosion rate and increased the corrosion resistance .",11.5,6.836956521739131,0.717391304347826,0.6956521739130435,0.07608695652173914,0.010869565217391304,1.6032388663967612,2023,27.444444444444443
https://doi.org/10.1016/j.corsci.2022.110555,Influence of alumina addition on steam corrosion behaviour of ytterbium disilicates for environmental barrier coating applications,2022,43,True,article,Corrosion Science,"The sintering and steam corrosion behaviour of Yb2Si2O7 with and without the addition of Al2O3 has been studied on compacted specimens. While, the addition of Al2O3 to Yb2Si2O7 enhanced the sintering of Yb2Si2O7 significantly, it also promoted the formation of a thin (80–100 nm), dense and protective Yb3Al5O12 layer at the Yb2Si2O7 surface when exposed to steam. TEM analysis confirmed that the Yb3Al5O12 layer is formed in steam environment via surface diffusion of aluminium from residual Al2O3 present on the surface of Al2O3/Yb2Si2O7 composite. These findings demonstrate the benefit of Al2O3 addition to protect environmental barrier coatings from steam corrosion.",25.0,6.64,0.64,0.62,0.03,0.02,1.2816414686825055,2022,33.55072463768116
https://doi.org/10.1016/j.corsci.2020.109060,"Passivity of (Mn,Cr)S inclusions in type 304 stainless steel: The role of Cr and the critical concentration for preventing inclusion dissolution in NaCl solution",2020,42,True,article,Corrosion Science,"The quantitative effects of the Cr concentration in (Mn,Cr)S inclusions in stainless steel on the dissolution and surface oxide properties of inclusions were investigated by microscale polarization and Auger electron spectroscopy. The onset potential of inclusion dissolution increased with the Cr concentration and reached the transpassive region of stainless steel when the Cr/(Mn + Cr) ratio of the inclusions was greater than 0.5. The surface oxide layer on Cr-rich inclusions was thicker and more Cr-enriched than on Mn-rich inclusions. Increasing the Cr concentration improved the protective ability of the oxide layer, resulting in the prevention of inclusion dissolution and higher pitting potentials.",20.4,6.852941176470588,0.6372549019607843,0.5784313725490197,0.09803921568627451,0.0,0.6592256714335543,2020,63.71111111111111
https://doi.org/10.1016/j.corsci.2022.110273,Pitting and intergranular corrosion of Scalmalloy® aluminium alloy additively manufactured by Selective Laser Melting (SLM),2022,42,True,article,Corrosion Science,"Localized corrosion of Scalmalloy® processed by Selective Laser Melting (SLM) under certified conditions is studied and correlated with the intermetallic particles present in the microstructure. Two types of samples are considered: as-built and heat-treated samples. The heat treatment does not modify the pitting corrosion performance. All samples exhibit two groups of pits with different repassivation behaviour. Si-bearing and Fe-bearing phases produce pitting, while Al(Sc,Zr) is not found to be important. The two types of samples are resistant to intergranular corrosion (IGC) according to ASTM G67 thanks to the low content of β phase. However, the heat-treatment slightly increases the IGC-susceptibility.",14.285714285714286,6.98,0.67,0.74,0.07,0.03,1.2518358531317495,2022,33.55072463768116
https://doi.org/10.1016/j.corsci.2023.111125,Extracellular electron transfer corrosion mechanism of two marine structural steels caused by nitrate reducing Halomonas titanicae,2023,42,True,article,Corrosion Science,"The extracellular electron transfer (EET) mechanism for corrosion of EH36 steel (with copper) and Q235 steel (without copper) caused by Halomonas titanicae was investigated. Due to copper cytotoxicity, the sessile H. titanicae cells on the EH36 surface was only 18% of that on Q235. This led to its lower EET rate, resulting in EH36 corrosion being 0.67 times of Q235 corrosion. The EET corrosion mechanism was further proven by the increased corrosion of the two steels after injection to the H. titanicae broth of 20 ppm (w/w) (in the broth) riboflavin , an electron mediator known to accelerate EET.",14.142857142857142,5.96969696969697,0.696969696969697,0.6464646464646465,0.030303030303030304,0.0,1.5303643724696356,2023,27.444444444444443
https://doi.org/10.1016/j.corsci.2024.111846,Perspectives on the unusual electrochemical corrosion of Nickel Aluminum Bronze (NAB) alloy fabricated through laser-powder bed fusion additive manufacturing,2024,42,True,article,Corrosion Science,"This research delves into the passivation and electrochemical corrosion response of as-printed and annealed L-PBF NAB, comparing their performance with wrought NAB counterparts. The results unveil that the interplay between microstructural uniformity, higher aluminum content, residual stress, and the presence of martensitic nanotwins substantially enhances the integrity of the corrosion film and improves the uniform corrosion resistance of as-fabricated NAB. Nonetheless, this combination adversely impacts the localized corrosion resistance. Remarkably, annealing, despite its detrimental effect on passivation and uniform corrosion behavior, ameliorates resistance to localized attacks. In contrast, the wrought equivalents exhibit inferior electrochemical corrosion performance across all experimental conditions.",20.0,8.03,0.69,0.71,0.05,0.0,2.6960882647943833,2024,15.578125
https://doi.org/10.1016/j.corsci.2022.110477,The kinetics and mechanism of filiform corrosion affecting organic coated Mg alloy surfaces,2022,40,True,article,Corrosion Science,"The filiform corrosion (FFC) of organic coated magnesium alloys is investigated using in-situ scanning Kelvin probe and time-lapse photography. FFC is initiated by injecting MgCl2, HCl and FeCl2 into a coating defect and ensuing FFC propagation rates are shown to increase as a logarithmic function of the chloride ion concentration and are strongly dependent on relative humidity. Post-corrosion surface analysis shows chloride abundance near the filament leading edge and evidence of sequestration within corroded regions behind. The FFC mechanism is consistent with chloride-induced anodic dissolution at the front coupling with water reduction on a cathodically-activated corroded surface behind.",24.5,7.040816326530612,0.7244897959183674,0.7959183673469388,0.08163265306122448,0.02040816326530612,1.1922246220302377,2022,33.55072463768116
https://doi.org/10.1016/j.corsci.2022.110758,Electron microscopy analysis of grain boundaries and intergranular corrosion in aged Al-Mg-Si alloy doped with 0.05 wt% Cu,2022,40,True,article,Corrosion Science,The microstructure and intergranular corrosion have been studied in an extruded and aged Al-Mg-Si alloy doped with 0.05 wt% Cu after immersing the material in an acidified salt solution. Intergranular corrosion takes place in this alloy despite the low Cu content. Electron microscopy analysis of the surface exposed to the corrosive environment does not reveal any significant difference in the fraction of corroded random and coincident site lattice high angle boundaries. Low angle boundaries with misorientations below 10° are found to be consistently more resistant to intergranular corrosion than any other boundary type.,18.6,6.655913978494624,0.6666666666666666,0.7634408602150538,0.043010752688172046,0.021505376344086023,1.1922246220302377,2022,33.55072463768116
https://doi.org/10.1016/j.corsci.2022.110161,Understanding the environmentally assisted cracking (EAC) initiation and propagation of new generation 7xxx alloys using slow strain rate testing,2022,39,True,article,Corrosion Science,"New generation (new-gen) 7xxx series alloys have recently been shown to have higher susceptibility to environmental assisted cracking (EAC) in humid air, compared to AA7050, in T7651 tempers. Hydrogen (H)-EAC fracture features of brittle intergranular (IG) and transgranular (TG) fracture modes were observed with humidity levels as low as 20%. Initiation was favoured at sites of intermetallic particle clusters with gas pores. The higher performance of AA7050 was attributed to the difficulty of initiation in this alloy, where the grain structure, combined with an intrinsic resistance of the grain boundaries to IG-EAC, made the attainment of sustained cracking difficult.",24.75,6.696969696969697,0.696969696969697,0.7575757575757576,0.050505050505050504,0.0,1.1624190064794817,2022,33.55072463768116
https://doi.org/10.1016/j.corsci.2024.111854,"Corrosion inhibition of aluminium alloys by molybdate ions: A critical review of the chemistry, mechanisms and applications",2024,39,True,article,Corrosion Science,"Molybdate anions are used as an individual inhibitor or in mixed synergistic combinations added directly to the solution, incorporated as fillers, pigments or nanocontainers into various coatings (sol-gel, anodised, plasma electrolytic, organic and layer double hydroxide coatings), as an agent in pre-treatments or post-treatments or as individual conversion coatings prepared to be exposed to aggressive media. The review addresses the action of molybdate on aluminium alloys in each of these applications. The general chemical characteristics of molybdenum are described with a particular emphasis on aqueous chemistry and the formation of monomer and polynuclear species.",31.333333333333332,7.053191489361702,0.6382978723404256,0.7553191489361702,0.06382978723404255,0.010638297872340425,2.5035105315947845,2024,15.578125
https://doi.org/10.1016/j.corsci.2024.111939,Study of temperature effect on hydrogen embrittlement in X70 pipeline steel,2024,39,True,article,Corrosion Science,"The study investigates the temperature effect on hydrogen embrittlement (HE) in X70 steel using Devanathan-Stachurski and tensile tests under varying cathodic hydrogen-charging currents. The most severe HE temperature threshold is identified via scanning electron microscope (SEM) and electron backscatter diffraction (EBSD) methods. The temperature thresholds for 10 mA/cm2 and 20 mA/cm2 are 293 K and 283 K, respectively, while no critical temperature at 30 mA/cm2. The underlying mechanism is studied, and a predictive model is established. Also, the primary hydrogen-induced fracture plane is identified as {110}, beneath where hydrogen enhances plastic deformation in {110}<111> and inhibits in {112}<111>.",19.6,7.122448979591836,0.7346938775510204,0.7653061224489796,0.030612244897959183,0.02040816326530612,2.5035105315947845,2024,15.578125
https://doi.org/10.1016/j.corsci.2016.08.001,New advances in copper biomachining by iron-oxidizing bacteria,2016,38,True,article,Corrosion Science,"The machining of copper contained in oxygen-free copper workpieces by extremophile bacteria has been studied. The effect of the main parameters affecting the continuity of the process and which decrease the removal rate were analysed during the incubation, biomachining and regeneration phases. The presence of copper affected the bacterial culture, while the enhancement of process performance due to the simultaneous presence of A. ferrooxidans and L. ferrooxidans was relatively limited. pH was maintained below 1.80 to avoid Fe3+ losses in the form of jarosite precipitates. Measurement of the redox potential allowed a rapid monitoring of the process status.",12.25,6.653061224489796,0.6326530612244898,0.6836734693877551,0.030612244897959183,0.0,0.4717832957110609,2016,80.54545454545455
https://doi.org/10.1016/j.corsci.2022.110589,Adsorption of the prototypical organic corrosion inhibitor benzotriazole on the Cu(100) surface,2022,38,True,article,Corrosion Science,"The interaction of benzotriazole (BTAH) with Cu(100) has been studied as a function of BTAH exposure in a joint experimental and theoretical effort. Scanning tunnelling microscopy (STM), X-ray photoelectron spectroscopy (XPS), high resolution electron energy loss spectroscopy (HREELS) and density functional theory (DFT) calculations have been combined to elucidate the structural and chemical characteristics of this system. BTAH is found to deprotonate upon adsorption on the copper surface and to adopt an orientation that depends on the molecular coverage. Benzotriazolate (BTA) species initially lie with their planes parallel to the substrate but, at a higher molecular coverage, a transition occurs to an upright adsorption geometry. Upon increasing the BTAH exposure, different phases of vertically aligned BTAs are observed with increasing molecular densities until a final, self-limiting monolayer is developed. Both theory and experiment agree in identifying CuBTA and Cu(BTA)2 metal-organic complexes as the fundamental building blocks of this monolayer. This work shows several similarities with the results of previous studies on the interaction of benzotriazole with other low Miller index copper surfaces, thereby ideally completing and concluding them. The overall emerging picture constitutes an important starting point for understanding the mechanism for protection of copper from corrosion.",24.625,7.0761421319796955,0.6751269035532995,0.700507614213198,0.01015228426395939,0.025380710659898477,1.1326133909287257,2022,33.55072463768116
https://doi.org/10.1016/j.corsci.2022.110569,Influence of Ru-Ni-Nb combined cathode modification on corrosion behavior and passive film characteristics of Ti-6Al-4V Alloy used for oil country tubular goods,2022,38,True,article,Corrosion Science,"A new Ru-Ni-Nb combined cathode modification for Ti-6Al-4V alloy was investigated. There was a multiple blocking mechanism existed in the passivation film of Ru-Ni-Nb modified Ti-6Al-4V alloy, which not only increased the surface potential, but also greatly decreased the number of metastable oxides and point defects in the passive film, and reduced the transport and diffusion process of titanium ions and/or oxygen in the passive film, thus effectively reducing destruction of the passive film and maintaining the stability and integrity of the oxide film, which has excellent corrosion resistance in harsh oil &gas exploration environments.",47.5,6.621052631578947,0.6631578947368421,0.7157894736842105,0.11578947368421053,0.010526315789473684,1.1326133909287257,2022,33.55072463768116
https://doi.org/10.1016/j.corsci.2023.111030,Study on the roles of bisulfite in the stress corrosion cracking of 7050-T7451 aluminum alloy in the thin electrolyte layer environment,2023,38,True,article,Corrosion Science,"Effect of bisulfite (HSO 3 - ) on the stress corrosion cracking (SCC) behavior of 7050-T7451 aluminum alloy in the thin electrolyte layer environment in the presence of Cl - is investigated. Addition of HSO 3 - inhibits the corrosion initiation but promotes the corrosion propagation and hydrogen uptake. With a quantitative calculation, the HSO 3 - is demonstrated to significantly facilitate the synergistic effect between stress, corrosion, and hydrogen during the in-situ tensile test , resulting in the change of the SCC controlling step from corrosion-induced hydrogen to mechanical-electrochemical-hydrogen interactions. The buffer effect of HSO 3 - plays a dominant role in the HSO 3 - -induced acceleration of the SCC degradation.",28.25,6.3628318584070795,0.6814159292035398,0.584070796460177,0.035398230088495575,0.008849557522123894,1.3846153846153848,2023,27.444444444444443
https://doi.org/10.1016/j.corsci.2021.109963,Effect of variation in oxygen concentration in static Pb–Bi eutectic on long-term corrosion performance of Al-alloyed austenitic steels at 500 °C,2021,37,True,article,Corrosion Science,"Aluminium-alloyed austenitic steels Fe-14Cr-2Mn-20Ni-0.5Cu-3Al and Fe-14Cr-5Mn-12Ni-3Cu-2.5Al were tested at 500 °C in static Pb-Bi eutectic for 10,000 h. The concentration of oxygen in the liquid metal was changed in a controlled way over the course of the test from ∼10−6 to ∼10−9 mass% which provided conditions for oxidation and dissolution, respectively. Both steels showed slight oxidation of surface. Steel with higher Ni content revealed also initiation of dissolution corrosion in the view of rare pit-type damages. The structural and compositional features of oxide films, sub-oxide zones and corrosion damages are discussed.",13.0,6.7032967032967035,0.6703296703296703,0.9120879120879121,0.054945054945054944,0.01098901098901099,1.0026654820079965,2021,36.90163934426229
https://doi.org/10.1016/j.corsci.2023.111031,Role of cementite morphology on corrosion layer formation of high-strength carbon steels in sweet and sour environments,2023,37,True,article,Corrosion Science,"The effect of cementite morphology on the corrosion layer formation of four high-strength carbon steels was studied in an aqueous solution containing CO2 and CO2/H2S. The linear polarization resistance and weight loss data reveal that as the cementite phase fraction is increased, the corrosion rate increases in CO2 environment, while no trend is observed in the CO2/H2S environment. The results indicate that a porous and, non protective corrosion layer forms in the CO2 environment, whereas a protective layer forms in the CO2/H2S environment. A mechanism that explains the role of cementite morphology on corrosion layer formation in a CO2 environment is proposed for the studied materials.",26.5,6.462264150943396,0.660377358490566,0.5471698113207547,0.03773584905660377,0.009433962264150943,1.348178137651822,2023,27.444444444444443
https://doi.org/10.1016/j.corsci.2023.111357,Proposal of a hydrogen embrittlement index for a martensitic advanced high-strength steel,2023,37,True,article,Corrosion Science,"This paper proposes a definition of a Hydrogen Embrittlement Index for assessing structural components made by a martensitic advanced high-strength steel. A material model, including a damage model and a fracture criterion, was developed to reproduce the tensile behaviour until fracture nucleation under different hydrogen concentrations. The analysis of the tests with different specimen geometries demonstrated that the maximum principal strain at fracture is correlated to hydrogen concentration, and it can be used to define the embrittlement index for quantifying the hydrogen susceptibility of material in a wide range of notch severity.",30.666666666666668,6.923913043478261,0.6195652173913043,0.7065217391304348,0.03260869565217391,0.010869565217391304,1.348178137651822,2023,27.444444444444443
https://doi.org/10.1016/j.corsci.2024.112064,Impact of intermetallic phases on the localised pitting corrosion and high-temperature tensile strength of Al–Si Mg Cu Ni alloys,2024,37,True,article,Corrosion Science,"The influence of Ni-rich intermetallic particles (IMPs) on the microstructure, high-temperature mechanical properties, and corrosion behaviour of Al–Si–Mg–Cu–Ni alloys was investigated. The presence of coarse block-like γ-Al7Cu4Ni and thin needle-like δ-Al3NiCu IMPs contributed to low-temperature alloy strengthening during tensile tests. However, void nucleation and coalescence within the IMPs facilitated ductile fracture and alloy rupture, resulting in a lower tensile strength at high temperatures. Although both IMP phases had a cathodic electrochemical nature, resulting in strong galvanic corrosion, the γ-Al7Cu4Ni phase acted as the primary cathode, amplifying localised pitting while reducing the overall alloy corrosion resistance.",23.75,7.621052631578947,0.7157894736842105,0.8210526315789474,0.07368421052631578,0.021052631578947368,2.375125376128385,2024,15.578125
https://doi.org/10.1016/j.corsci.2021.109271,Effect of microstructural defects on passive layer properties of interstitial free (IF) ferritic steels in alkaline environment,2021,36,True,article,Corrosion Science,"The role of microstructural defects (dislocation density and grain boundary areas) on the passive film properties formed on cold- and hot-rolled interstitial free (IF) steels is investigated in 0.1 M NaOH solution. Electron backscattered diffraction (EBSD) shows higher microstructural defect density on cold-rolled samples. Potentiodynamic polarization (PDP) and electrochemical impedance spectroscopy (EIS) results exhibit the lower barrier properties of passive films with the increase in microstructural defects. This is attributed to the increase in donor density measured with Mott-Schottky analysis and the lower relative quantity of protective γ-Fe2O3 in passive films (composed of Fe3O4,γ-Fe2O3 and FeO(OH)) with the increase in microstructural defect density.",20.6,7.349514563106796,0.7184466019417476,0.6699029126213593,0.05825242718446602,0.0,0.9755664149266993,2021,36.90163934426229
https://doi.org/10.1016/j.corsci.2022.110719,Electrochemical and localized corrosion behavior of 316 L SS/copper/316 L SS sandwich composite in chloride-containing environment,2022,36,True,article,Corrosion Science,"Electrochemical and localized corrosion behavior of a 316 L SS/copper/316 L SS composite in 0.5 wt. % NaCl solution was investigated from cross-sectional and plane directions by electrochemical measurements and high-resolution microscopic examination. The galvanic coupling accelerated the dissolution at the internal surface and pitting attack at the external surface of the 316 L layer. Polarization up to 1 V/SCE resulted in formation of a corrosion product layer (ca. 992 nm) composed of metal oxides/hydroxides on top of the passive film, which consisted of a Fe2O3-rich outer layer (3.3 nm) and a Cr2O3-rich inner layer (4.1 nm). The copper corrosion was quite uniform. The raw/processed data required to reproduce these findings cannot be shared at this time as the data also forms part of an ongoing study.",12.7,6.283464566929134,0.6771653543307087,0.7244094488188977,0.06299212598425197,0.023622047244094488,1.073002159827214,2022,33.55072463768116
https://doi.org/10.1016/j.corsci.2022.110762,Galvanic effects induced by siderite and cementite surface layers on carbon steel in aqueous CO2 environments,2022,35,True,article,Corrosion Science,"Siderite (FeCO3) and cementite (Fe3C) layers develop naturally on carbon steel surfaces in aqueous carbon dioxide (CO2) environments. This study evaluates galvanic corrosion induced by such layers when coupled to bare carbon steel. In CO2-saturated, 50 °C, pH 5 conditions, the Fe3C-filmed carbon steel acted as the net cathode, significantly enhancing bare steel corrosion rates. Galvanic currents induced by the FeCO3-filmed steel were much lower, with FeCO3 removed from the surface as Fe3C was revealed concomitantly on bare steel. It is proposed that the presence of Fe3C amongst the FeCO3 layer is responsible for galvanic interaction, rather than FeCO3 itself.",20.0,6.53,0.73,0.72,0.07,0.04,1.043196544276458,2022,33.55072463768116
https://doi.org/10.1016/j.corsci.2022.110765,Effect of aluminum on the FeCr(Al) alloy oxidation resistance in steam environment at low temperature (400 °C) and high temperature (1200 °C),2022,35,True,article,Corrosion Science,"The effect of aluminum in the FeCr(Al) alloys on the corrosion behavior was studied at two temperatures (400 °C and 1200 °C). For the Fe-21Cr alloy, Cr2O3 layer was formed upon exposure to both temperatures. The addition of Al altered the corrosion mechanism of the alloy. At 1200 °C, a thin α-Al2O3 is formed on the Fe-21Cr-5.5Al alloy. Whereas, at low temperature, a continuous Cr2O3 is formed at the top with an internal Al2O3 layer. These results show that FeCrAl alloys hold promise as Fuel Cladding Materials with Al playing a crucial role under operational as well as accident-like conditions.",14.285714285714286,5.84,0.64,0.7,0.02,0.01,1.043196544276458,2022,33.55072463768116
https://doi.org/10.1016/j.corsci.2023.111045,Oxygen vacancy modified α-Fe2O3 nanorods provide an environment-friendly and efficient anti-corrosion passive film into polymer coating,2023,35,True,article,Corrosion Science,"Oxygen vacancy modified Fe 2 O 3 (OV-Fe 2 O 3 ) nanorods were fabricated and then used as epoxy coating fillers. The OV-Fe 2 O 3 fillers passivates the steel substrate, because oxygen atoms can be stored in the vacancies to form a metastable state. Electrochemical impedance spectroscopy showed the impedance modulus of OV-Fe 2 O 3 coatings was about 10 5 times higher than general α-Fe 2 O 3 coatings after O 2 -high pressure and high-temperature corrosion. X-ray photoelectron spectroscopy and scanning vibrating electrode technique confirm OV-Fe 2 O 3 can continuously transport oxygen from the oxygen-rich environment to the substrate surface (oxygen-deficient environment) before the permeation of the corrosive medium, eventually achieving efficient passivation.",29.5,6.372881355932203,0.7711864406779662,0.6949152542372882,0.03389830508474576,0.01694915254237288,1.2753036437246965,2023,27.444444444444443
https://doi.org/10.1016/j.corsci.2023.111600,Growth kinetics and microstructure characteristics of the Zr-Cr interlayer in a Cr-coated Zry-4 alloy exposed to high-temperature steam,2023,35,True,article,Corrosion Science,"The growth kinetics and microstructural characteristics of the interlayer in a Cr-coated Zry-4 alloy exposed to steam at 1200 °C for up to 10000 s were systematically studied through advanced characterization. A continuous ZrCr 2 Laves phase interlayer develops at the coating-substrate interface following a parabolic law . It transforms into a duplex structure composed of a ZrCr 2 layer and a thin Zr-Cr-O layer after a longer time of exposure. The growth of the interlayer is nearly terminated, and its thickness remains constant after oxidation for 3000 s. The prior interlayer transforms into the intertwined ZrO 2 and metallic Cr stringers after exposure to 10000 s due to the increased oxygen partial pressure inside the interlayer. The mechanisms controlling the formation and evolution of the interlayer are discussed.",21.5,6.325581395348837,0.627906976744186,0.6434108527131783,0.007751937984496124,0.0,1.2753036437246965,2023,27.444444444444443
https://doi.org/10.1016/j.corsci.2025.112707,Development of novel Nb and Ta multilayer coatings for corrosion protection of Ti-based bipolar plates for proton exchange membrane fuel cells,2025,35,True,article,Corrosion Science,"Proper coatings are required to prevent the corrosion of metallic bipolar plates (BPPs) and to decrease the interfacial contact resistance (ICR) between the BPP and the adjacent components in the proton exchange membrane fuel cells (PEMFCs). This study explored the role of Nb/Ta multilayer coatings in enhancing the anti-corrosion properties of titanium BPPs for utilization in PEMFCs. Comprehensive electrochemical and physical analyses showed that multilayer coatings (Nb/Ta) led to superior electrochemical stability, obtaining corrosion current density lower than 1.0 μA.cm −2 , and low ICR. Results met the 2025 technical target for BPPs in PEMFCs set by the U.S. Department of Energy. • Development of multilayer Nb/Ta coatings on the Ti-based bipolar plate for PEMFC. • Investigation of corrosion protection mechanism of Nb/Ta multilayer coatings. • Comparing single-layer and multilayer coatings in the same operational conditions. • Meeting DOE targets with multilayer Nb/Ta coating on Ti-based bipolar plates.",12.333333333333334,6.77027027027027,0.7162162162162162,0.6621621621621622,0.04054054054054054,0.0,4.610778443113772,2025,7.590909090909091
https://doi.org/10.1016/j.corsci.2022.110550,Influence of the surface state on the corrosion behavior of the 316 L stainless steel manufactured by laser powder bed fusion,2022,34,True,article,Corrosion Science,"The effect of surface roughness on the corrosion behavior of 316 L stainless steel manufactured by LPBF has been evaluated. The behavior of the steel in the as-built state was compared to that ground up to 2500 grade. Three different aggressive environments were used: 3.5 wt% NaCl water solution, 3 wt% H2SO4 solution, and high-temperature oxidation at 800 ºC. The ground specimens showed higher corrosion resistance. The corrosion resistance was much smaller in the as-built samples for electrochemical tests, and the lowest mass gain after high-temperature oxidation was found in the ground specimens.",15.5,6.333333333333333,0.6881720430107527,0.6989247311827957,0.03225806451612903,0.021505376344086023,1.0133909287257021,2022,33.55072463768116
https://doi.org/10.1016/j.corsci.2024.111959,Hydrogen uptake kinetics of cathodic polarized metals in aqueous electrolytes,2024,34,True,article,Corrosion Science,"We use a unique combination of electrochemical techniques to elucidate the dependency of hydrogen evolution reaction (HER) and absorption on pH and overpotential for iron and nickel. Impedance spectroscopy shows the dominance of the Volmer–Heyrovsky reaction pathway, challenging the common consideration of Volmer–Tafel dominance. Polarization slopes agree with the Volmer or Heyrovsky rate-determining step, with limitations at high overpotential. The evolution of steady-state permeation current density with overpotential is rationalized through newly-developed theory. Surface activity and absorption trends are captured. Combined with modelling, this work provides a path for quantifying hydrogen uptake and establishing an equivalent fugacity for aqueous electrolytes.",16.666666666666668,7.63,0.68,0.77,0.07,0.01,2.1825476429287862,2024,15.578125
https://doi.org/10.1016/j.corsci.2024.112227,Effects of grain boundary chemistry and precipitate structure on intergranular corrosion in Al-Mg-Si alloys doped with Cu and Zn,2024,34,True,article,Corrosion Science,"Al-Mg-Si alloys are known as structural material and are primary alloys in the automotive industry to achieve weight reduction. Shifting toward sustainability, lower energy consumption, and less CO2 emission necessitates recycling. However, the unavoidable accumulation of scrap-related impurities, e.g., Cu and Zn, during the recycling process can influence corrosion resistance of recycled alloys. The results show that Al-Mg-Si alloys containing 0.05 wt% Cu exhibit low intergranular corrosion resistance. The intergranular corrosion resistance of these alloys is notably improved by adding 0.06 wt% Zn. Low concentrations of Cu and Zn are found to strongly affect the crystal structure of hardening precipitates.",10.0,6.93,0.76,0.73,0.06,0.02,2.1825476429287862,2024,15.578125
https://doi.org/10.1016/j.corsci.2024.112542,Corrosion behavior and microstructural effects on passivation film mechanisms in forged Ti-5Al-5Mo-5V-1Cr-1Fe titanium alloy under laser surface remelting,2024,34,True,article,Corrosion Science,"This study examines the corrosion behavior of Ti-5Al-5Mo-5V-1Cr-1Fe (Ti-55511), comparing forged and LSRed (laser surface remelting) samples. LSR via 0.02 mm laser interval eliminates surface macro defects, enhances element homogenization, and converts primary and secondary α to β on forged Ti-55511 surface, yielding a thicker passivation film with higher stability than that of as-forged counterpart. This study investigates corrosion mechanisms by comparing the phase type, elemental homogeneity, grain size, morphology, and defects in relation to corrosion behavior. Galvanic corrosion predominates in the as-forged sample, with intensified pitting on the α phase and oxygen accumulation near α/β phase interface, while LSR-treated sample experiences β grain boundary corrosion. • LSR using an L-PBF homogenizes surface elemental distribution of forged TC18 and converts α p /α s phases into β. • The effect of LSR on the corrosion behavior of forged specimen was compared before and after treatment. • LSR effectively enhanced the corrosion resistance of forged specimen surface. • The influence of phase type, grain size, phase morphology and surface defect on corrosion was studied.",19.22222222222222,6.69364161849711,0.7456647398843931,0.6242774566473989,0.046242774566473986,0.005780346820809248,2.1825476429287862,2024,15.578125
https://doi.org/10.1016/j.corsci.2023.111118,The effect of HPAM polymer for enhanced oil recovery on corrosion behaviour of a carbon steel and interaction with the inhibitor under simulated brine conditions,2023,33,True,article,Corrosion Science,"The introduction of polymers to reservoir is a common technique for enhanced oil recovery. In this paper, the combination of electrochemical measurements, surface analysis and rheological measurements was employed to elucidate impact of hydrolysed polyacrylamide (HPAM) on corrosion behaviour of carbon steel. The interaction between HPAM and inhibitor was also studied for first time. Adsorption isotherm analysis and XPS implied that corrosion inhibition properties of HPAM are due to chemisorption of polymer on carbon steel surface. Introduction of inhibitor in system resulted in increased viscosity and corrosion inhibition at 25 and 75 °C due to H bonding between HPAM and inhibitor.",20.2,6.762376237623762,0.6633663366336634,0.6435643564356436,0.0297029702970297,0.0,1.202429149797571,2023,27.444444444444443
https://doi.org/10.1016/j.corsci.2023.111234,Intergranular oxidation of additively manufactured Ni-base alloy 625: The role of Si,2023,33,True,article,Corrosion Science,Additively manufactured (AM) Ni-base alloy 625 exposed in air and H2/H2O at 900 °C has been shown to suffer from intergranular oxidation attack unlike its conventionally manufactured (CM) variant. Modification of the AM microstructure via hot-rolling and heat-treatment did not alter the oxidation pattern. Detailed analysis of minor differences in chemical composition of AM and CM exposed the critical role of Si in oxidation protection of alloy 625. Experiments with model alloys as well as diffusion modeling confirmed the crucial role of a minimum Si concentration to form a SiO2 subscale preventing thereby intergranular oxidation attack.,24.0,6.635416666666667,0.71875,0.75,0.041666666666666664,0.010416666666666666,1.202429149797571,2023,27.444444444444443
https://doi.org/10.1016/j.corsci.2024.112004,Corrosion mechanisms of plasma welded Nickel aluminium bronze immersed in seawater,2024,33,True,article,Corrosion Science,"Nickel Aluminium Bronzes (NAB) are copper-based multi-phase alloys used extensively in marine applications. NAB is vulnerable to seawater corrosion, however the interaction between its corrosion mechanisms and real-world factors including biofouling, weld microstructure and residual stress are poorly understood. Seawater corrosion tests were performed on plasma-welded NAB in laboratory and marine environments, demonstrating that the retained β’ phase in the Heat Affected Zone (HAZ) experiences Selective Phase Corrosion (SPC), whereas crevice corrosion associated with SPC of the κIII phase occurs at biofouled and stressed areas of parent material. These factors, seldom simulated in physical tests, severely impact NAB’s corrosion resistance.",25.0,7.35,0.77,0.8,0.05,0.02,2.118355065195587,2024,15.578125
https://doi.org/10.1016/j.corsci.2024.112031,A microstructure-sensitive electro-chemo-mechanical phase-field model of pitting and stress corrosion cracking,2024,33,True,article,Corrosion Science,"An electro-chemo-mechanical phase-field formulation is developed to simulate pitting and stress corrosion in polycrystalline materials. The formulation incorporates dependencies of mechanical properties and corrosion potential on crystallographic orientation. The model considers the formation and charging dynamics of an electric double layer through a new general boundary condition for the solution potential. The potential of the model is demonstrated by simulating corrosion in polycrystalline materials with various grain morphology distributions. The results show that incorporating the underlying microstructure yields more extensive defects, faster defect kinetics, and irregular pit and crack shapes relative to a microstructurally-insensitive homogeneous material scenario.",19.4,7.969072164948454,0.7010309278350515,0.7628865979381443,0.08247422680412371,0.020618556701030927,2.118355065195587,2024,15.578125
https://doi.org/10.1016/j.corsci.2019.108113,Deposition of corrosion products under pressurised water nuclear reactor conditions: The effect of flow velocity and dissolved hydrogen,2019,32,True,article,Corrosion Science,"The effect of water flow velocity and dissolved hydrogen on the deposition rate of Corrosion-Related Unidentified Deposit (CRUD) was investigated under conditions relevant to pressurised water nuclear reactors using type 304 l stainless steel micro-orifices. The results indicate that the CRUD build-up rate increases with hydrogen concentration because the amount of iron in solution also increases. At the same time, the fluid shear forces induce a mechanical removal of the oxide for flow velocities above 15 m/s. This suggests that the CRUD deposition process occurs under mass transport control, but the overall build-up rate is also affected by flow-induced mechanical removal.",25.25,6.653465346534653,0.693069306930693,0.7722772277227723,0.039603960396039604,0.04950495049504951,0.662384011420414,2019,48.310344827586206
https://doi.org/10.1016/j.corsci.2023.111051,In-situ observation of environmentally assisted crack initiation and short crack growth behaviour of new-generation 7xxx series alloys in humid air,2023,32,True,article,Corrosion Science,"Large area, time resolved, in-situ optical scanning of constant displacement (four-point bend) tests has been used to monitor the environmentally assisted cracking (EAC) initiation and crack growth behaviour of AA7085 and AA7449 T7651 thick plate materials, exposed to warm-humid air (50 % RH & 70 °C). Subsequent fractography has revealed the dominant initiation sites originating at surface connected gas pore clusters, in combination with reactive Mg-containing constituent intermetallic compounds co-located on grain boundaries. Cracks were also shown to grow at stress intensities substantially below the KIEAC threshold measured via DCB testing, which should not therefore be taken as a limit below which EAC cannot occur.",35.0,6.8,0.7619047619047619,0.9238095238095239,0.0380952380952381,0.01904761904761905,1.1659919028340082,2023,27.444444444444443
https://doi.org/10.1016/j.corsci.2023.111076,High temperature oxidation and hot corrosion behaviors of PEO and PEO/polysilazane preceramic-based dual-layer coatings on Ti6Al4V alloy,2023,32,True,article,Corrosion Science,"The high temperature oxidation and corrosion behaviors of a plasma electrolytic oxidation (PEO) coating and a PEO/polysilazane (PEO/PSZ) dual-layer coating are investigated. After exposure in NaCl+Na 2 SO 4 salt at 600 ℃ for 240 h, PEO coating tends to generate porous and loose scales, causing cracking or even complete peeling off from the substrate, and corrosion scales follow the law of formation-shedding-reformulation. After exposure in NaCl+Na 2 SO 4 salt at 600 ℃ for 480 h, the PEO/PSZ coating exhibits a three-layer structure including the outermost corroded layer with sandwich structures, uncorroded Al 2 O 3 particles-containing interlayer, and PEO bottom layer, which retards the continuous penetration of corrosive media and further diffusion of oxygen to the inner bulk alloy , resulting in a remarkable reduction of oxidation and corrosion rate .",44.333333333333336,6.37593984962406,0.6917293233082706,0.6691729323308271,0.05263157894736842,0.015037593984962405,1.1659919028340082,2023,27.444444444444443
https://doi.org/10.1016/j.corsci.2020.109179,The differences in the corrosion product compositions of Methanogen-induced microbiologically influenced corrosion (Mi-MIC) between static and dynamic growth conditions,2020,30,True,article,Corrosion Science,"Currently, corrosion rates (CR) and/or corrosion products (CP) obtained for methanogen-induced microbiologically influenced corrosion (Mi-MIC) on carbon steel are mainly analyzed from static-incubations. By using a multiport-flow-column, much higher CRs (0.72 mm/yr) were observed, indicating static-incubations are not suitable for determining the corrosive potential of Mi-MIC. With the combination of various analytical methods (ToF-SIMS/SEM-EDS/SEM-FIB) and contrary to previously published data, we observed that CPs contained phosphorus, oxygen, magnesium, calcium and iron but lacked carbon-related species (e.g. siderite). Overall, siderite nucleation is disrupted by methanogens, as they convert aqueous bicarbonate into carbon dioxide for methanogenesis resulting in increased localized corrosion.",14.142857142857142,7.878787878787879,0.7474747474747475,0.9797979797979798,0.050505050505050504,0.030303030303030304,0.4708754795953959,2020,63.71111111111111
https://doi.org/10.1016/j.corsci.2023.111230,Fine-tuning effect of Direct Laser Interference Patterning on the surface states and the corrosion behavior of a biomedical additively manufactured beta Ti alloy,2023,30,True,article,Corrosion Science,"Direct laser interference patterning (DLIP) is applied on additively manufactured near-beta Ti-13Nb-13Zr using nanosecond (ns) and picosecond (ps) pulses to tune its surface properties. Multiscale surface chemical and microstructural analyses (AES, XPS, XRD, SEM, TEM, GD-OES, contact angle) of those DLIP states are performed for understanding the corrosion behavior in a physiological PBS solution. Increased beta-phase fractions and uniformly thick passive layers of ns-DLIP surfaces led to enhanced corrosion stability compared to ps-DLIP with defective surface oxide. Both DLIP states control the surface wettability, thereby limiting corrosion and metal ion release rates, which is beneficial for implant applications.",24.5,7.1938775510204085,0.7857142857142857,0.8775510204081632,0.07142857142857142,0.01020408163265306,1.0931174089068827,2023,27.444444444444443
https://doi.org/10.1016/j.corsci.2024.112235,Numerical exploration of a fully mechanistic mathematical model of aqueous CO2 corrosion in steel pipelines,2024,30,True,article,Corrosion Science,"A numerical exploration of a comprehensive mechanistic aqueous carbon dioxide (CO2) corrosion model is conducted across a range of temperatures (273–313 K), CO2 partial pressures (0.1–1 bar), and bulk pHs (5–6.5). Contour plots are produced to examine the impact on corrosion rate, surface pH, and surface saturation index of iron carbonate (FeCO3). Two response patterns are identified depending upon the limiting behaviour of the system, with a transition from charge-transfer control to mass-transport control as temperature is increased and partial pressure is reduced. FeCO3 surface saturation shows a strong correlation with the release of Fe2+ and increase in bulk pH.",16.666666666666668,6.62,0.71,0.77,0.04,0.0,1.9257773319959879,2024,15.578125
https://doi.org/10.1016/j.corsci.2025.112796,Mechanism of zinc phosphate conversion coating formation on iron-based substrates,2025,30,True,article,Corrosion Science,"This study investigates the formation mechanism of zinc phosphate conversion coatings on pearlitic steel and ferritic iron with emphasis on the impact of microstructure and substrate corrosion. Deposition parameters, including pH (2 and 2.5) and temperature (50°C and 70°C), were explored. Open circuit potential (OCP) monitoring was used to identify different stages of coating formation. Scanning electron microscopy (SEM) and X-ray diffraction (XRD) showed that higher temperatures accelerated the growth of phosphate crystals, composed of hopeite (Zn 3 (PO 4 ) 2 ) and phosphophyllite (Zn 2 Fe(PO 4 ) 2 ) on both substrates. Deposition at pH 2.5 led to bulk-solution precipitation on substrates, while at pH 2, coatings were growing from the substrate surface. Electrochemical impedance (EIS) and inductively coupled plasma mass spectrometry (ICP-MS) measurements revealed that iron corroded around 2.5 times slower than steel. As identified by energy dispersive X-ray spectroscopy (EDS) in SEM, iron phosphate particles were formed on both substrates. These particles accumulated in higher amounts on steel, while iron exhibited minimal corrosion product accumulation. Different phosphating stages were then studied using SEM and time-of-flight – secondary ion mass spectrometry (ToF-SIMS). ToF-SIMS depth profiles highlighted a thicker iron phosphate layer on steel at early phosphating stages, compared to iron. Focused ion beam (FIB) cross-sections of fully phosphated steel showed a porous interlayer, mainly composed of iron-phosphate, at the coating/steel interface. Zinc phosphate crystals were nucleated on this porous layer or formed by near-surface solution precipitation. Iron substrates did not show this porous interlayer, and had lower phosphatability with only near-surface solution precipitation of zinc phosphate crystals. • Deposition at pH 2 and 70 °C resulted in efficient phosphate coating formation. • Pearlitic steel had high corrosion rate and rapid buildup of corrosion products. • A porous iron phosphate-based interlayer boosted coating formation on steel. • Phosphating steel included surface-grown and near-surface precipitated phosphates. • Slower phosphating on iron occurred with lower corrosion rate and no porous interface.",15.333333333333334,6.87888198757764,0.7701863354037267,0.5559006211180124,0.031055900621118012,0.012422360248447204,3.9520958083832336,2025,7.590909090909091
https://doi.org/10.1016/j.corsci.2022.110756,Insights from electrochemical crack tip modeling of atmospheric stress corrosion cracking,2022,29,True,article,Corrosion Science,"Crack tip electrochemical conditions are explored utilizing a reactive transport Finite Element Method model for stainless steel 304 exposed to 3 M NaCl. Under simulated full immersion conditions, a steady state pH of 3 and metal chloride concentration of 1.4 M were calculated. It was determined that an increase in cathode length and a decrease in water layer thickness increases total cathodic current per unit thickness, metal chloride concentrations, and decreases crack tip pH. The presented results and discussion call into question whether electrochemical similitude is achieved between different specimens, crack lengths, and between laboratory specimen and field relevant samples.",20.0,6.8,0.76,0.8,0.04,0.0,0.8643628509719223,2022,33.55072463768116
https://doi.org/10.1016/j.corsci.2023.111238,"The effect of porosity, mixed molecular/Knudsen diffusion, and a surface barrier layer on steam corrosion of Yb2Si2O7",2023,29,True,article,Corrosion Science,"Yb2Si2O7 is a promising candidate environmental barrier coating (EBCs) for ceramic aero-engine components. The effect of microstructure, especially porosity, on steam corrosion of Yb2Si2O7 was studied for sintered compacts of different porosities at 1350 °C. A porous layer of Yb2SiO5 formed on the surface, with the level of porosity determining corrosion rate independent of grain size. Mixed molecular/Knudsen diffusion significantly reduced effective gaseous diffusion through the pores. A thin deposit of dense Yb3Al5O12 on the surface offered protection from corrosion suggesting that microstructural control of pore formation and the inclusion of Al2O3 in Yb2Si2O7 coatings can have significant beneficial effects steam corrosion resistance of EBCs.",21.0,7.114285714285714,0.6857142857142857,0.7428571428571429,0.047619047619047616,0.01904761904761905,1.05668016194332,2023,27.444444444444443
https://doi.org/10.1016/j.corsci.2024.111904,Nanoscale perspective on the stress-corrosion cracking behavior of a peak-aged 7XXX-Al alloy,2024,29,True,article,Corrosion Science,"High-strength 7xxx Al-alloys are used in aerospace and are expected to be increasingly employed in the automotive sector for “lightweighting” but they can be sensitive to stress-corrosion cracking (SCC) depending on temper and loading conditions. Here, we performed double cantilever beam (DCB) crack growth tests and study at the nanoscale stress-corrosion cracks on two compositional variants of AA7140 from different regions of a thick-plate. We report on precipitate dissolution, matrix solute enrichment near the crack tips and a modified microstructure ahead of the crack. We relate our findings with the SCC behaviour on both samples and propose an array of active mechanisms.",25.5,6.588235294117647,0.6078431372549019,0.803921568627451,0.058823529411764705,0.0196078431372549,1.8615847542627884,2024,15.578125
https://doi.org/10.1016/j.corsci.2024.111919,Corrosion and passivation behavior of laser powder bed fusion produced Ti-6Al-4V under various prior plastic deformation strains,2024,29,True,article,Corrosion Science,"This work investigated the corrosion behavior of LPBF-produced Ti-6Al-4V under varying compression strains in a 3.5 wt% NaCl solution. It identifies that increasing compression strain causes significant alterations in the acicular α'-Ti phase (coarsening, breakage, and further coarsening). Corrosion resistance decreases with higher strains due to deformed α'-Ti phases, leading to increased film growth kinetics (from 0.09× 10-10 cm2/s increase to 12.75 × 10-10 cm2/s). Samples under higher strains (e.g., 32%) exhibit fluctuations in corrosion behavior due to initiated cracks and subsequent crevice corrosion. These findings are vital for understanding LPBF-produced Ti-6Al-4V in applications requiring mechanical strength and corrosion resilience.",10.0,7.24,0.77,0.84,0.04,0.03,1.8615847542627884,2024,15.578125
https://doi.org/10.1016/j.corsci.2020.109228,Characterising hydrogen induced cracking of alloy 625+ using correlative SEM - EDX and NanoSIMS,2020,28,True,article,Corrosion Science,"Hydrogen induced cracking behaviour of O&G nickel alloy 625+ (UNS N07716) was investigated. Deuterium was introduced electrochemically into samples by cathodic polarisation (3.5 wt.% NaCl.D2O) under different mechanical conditions. Subsequently, deuterium distributions were mapped using NanoSIMS. Deuterium was used as an isotopic tracer instead of hydrogen to avoid the detection of hydrogen artefacts. Complimentary image analysis using scanning electron microscopy (SEM) and low voltage energy dispersive X-ray (EDX) allowed the identification of microstructural features corresponding to deuterium enrichments. The results provided experimental evidence of enrichments at dislocation slip bands (DSB), twin boundary and grain boundary features that include σ precipitates.",11.11111111111111,7.64,0.82,0.84,0.06,0.01,0.43948378095570284,2020,63.71111111111111
https://doi.org/10.1016/j.corsci.2021.109356,Analysis of naturally-generated corrosion products due to chlorides in 20-year old reinforced concrete: An elastic modulus-mineralogy characterization,2021,28,True,article,Corrosion Science,"The elastic modulus of corrosion product (Ecp) has been reported with significant variations in the literature. This study aims to investigate the Ecp of naturally-generated chloride-induced corrosion products formed in different concrete mixes. Microstructural characterization was conducted through nano-indentation, electron microscopy and Raman spectroscopy. The corrosion products were mainly composed of a goethite matrix with portions of maghemite, independently of the concrete composition. Microscopic analysis suggest that layers of corrosion products grow at different times and under different physico-chemical conditions. Our measurements showed that Ecp varied between 80−100 GPa, which can be suggested for numerical models of corrosion induced cracking.",16.666666666666668,7.56,0.68,0.79,0.04,0.04,0.7587738782763217,2021,36.90163934426229
https://doi.org/10.1016/j.corsci.2021.110050,Efficacy of an external chromia layer in reducing nitridation of high temperature alloys,2021,28,True,article,Corrosion Science,"Six high temperature alloys have been exposed in N2/H2 environments at 900 °C. In order to study the efficacy of a chromia barrier layer against nitrogen ingress, experiments were performed in two environments having the same N2/H2 ratio but slightly different water content, chromia formation being spontaneous in one case only. The samples were evaluated by SEM/STEM/EDX, XRD, gravimetry and GD-OES. The presence of an external chromia scale reduced nitridation of the alloy by 50–95%. Furthermore, in the presence of a continuous alumina layer no nitridation of the alloy was detected.",18.2,6.329670329670329,0.6483516483516484,0.7362637362637363,0.02197802197802198,0.0,0.7587738782763217,2021,36.90163934426229
https://doi.org/10.1016/j.corsci.2022.110673,Corrosion study of Ni-based alloy in ternary chloride salt for thermal storage application,2022,28,True,article,Corrosion Science,"MgCl2/NaCl/KCl salt appeared as a high-potential heat transfer fluid for concentrated solar application, offering a wide operating range and low cost. Nevertheless, MgCl2 hydrates and atmosphere relative humidity are the limiting factors for a real scale CSP plant, leading to severe corrosion. Thus, Inconel 617 was tested at 700ºC up to 24 h in air atmosphere to simulate a punctual failure in the inertization system of a plant. XRD and SEM-EDX analysis showed unstable multilayers growing in cascade, highlighting chromium, aluminum, magnesium, and oxygen activities. Additionally, A radial growth of MgCr2O4 at the expense of MgO grains was visualized.",19.8,6.474747474747475,0.7171717171717171,0.8080808080808081,0.09090909090909091,0.020202020202020204,0.8345572354211663,2022,33.55072463768116
https://doi.org/10.1016/j.corsci.2023.111669,In-situ measurement of electrochemical activity related to filiform corrosion in organic coated steel by scanning vibrating electrode technique and scanning micropotentiometry,2023,28,True,article,Corrosion Science,"A new approach to studying the mechanism of filiform corrosion in organic coated steel based on the scanning vibrating electrode technique (SVET) and micropotentiometry (potentiometric SECM) is presented. The electrochemical activity of the process under the coating is evaluated by mapping the ionic current densities emanating from some artificial defects made in specific locations of the filament identifiable thanks to the transparency of the coating. In addition, antimony tips are employed to investigate the pH changes associated to the different corrosion reactions at the metal-paint interface. Local pH levels associated to anodic and cathodic regions are determined along the filament.",25.0,6.91,0.65,0.72,0.08,0.02,1.0202429149797572,2023,27.444444444444443
https://doi.org/10.1016/j.corsci.2024.111872,Influence of microstructure on the oxidation behaviour of the Ni-based single crystal superalloy AM1 between 850 and 1050 °C in air,2024,28,True,article,Corrosion Science,"The influence of the as-cast and fully heat-treated microstructures on the isothermal behaviour of the Ni-based single crystal superalloy AM1 was investigated at 8501050 °C. It appears that the kinetics transition regime is a function of time, temperature and also of bulk microstructure. The various characterisation techniques allowed elucidating that the growth of a continuous inner layer of α-Al2O3 governs the oxidation mechanisms, irrespective of the microstructure. Such a layer is favoured for high oxidation temperatures, long exposure times and high γ' precipitate surface fraction. However, the chemical segregation of the as-cast state is responsible for the growth of inhomogeneous oxide layers.",20.4,6.803921568627451,0.6568627450980392,0.7156862745098039,0.0392156862745098,0.0196078431372549,1.7973921765295888,2024,15.578125
https://doi.org/10.1016/j.corsci.2023.111013,Improving corrosion resistance of Ti alloy in hydrochloric acid by embedding TiC/TiB and Y2O3 ceramic nano-particles,2023,27,True,article,Corrosion Science,"A TiC/TiB/Ti composite was fabricated and Y 2 O 3 nanoparticles were introduced to improve the corrosion resistance in HCl solution. When the HCl concentration exceeded 5 wt%, the passive film on the Ti alloy lost efficacy and the alloy suffered from severe exfoliation corrosion . Incorporating reinforcements and Y 2 O 3 refined the grains, leading to an increased frequency of corrosion pits . The homogeneous distribution of reinforcements and Y 2 O 3 in composites inhibited corrosion pit growth and exfoliation corrosion, resulting in increased corrosion resistance in HCl solutions. An innovative Y 2 O 3 reinforced Ti/TiC+TiB composite with high resistance to concentrated acid is proposed for application in extreme environments.",22.8,6.394736842105263,0.7543859649122807,0.5964912280701754,0.07017543859649122,0.0,0.9838056680161944,2023,27.444444444444443
https://doi.org/10.1016/j.corsci.2023.111333,The critical effect of rust layers on localised corrosion of steel exposed to waterline environments,2023,27,True,article,Corrosion Science,"Waterline corrosion is a complex localised corrosion phenomenon affecting numerous engineering structures exposed to multiphase liquid-air interfacial conditions. This paper reports a new finding on the significant effects of rust layers on waterline corrosion. It was revealed that when rust layers were formed on or removed from steel surfaces, waterline corrosion behaviour changed significantly suggesting critical roles of rust layers in the kinetics, mechanism and control of localised corrosion under waterline conditions. This finding was facilitated by high resolution local current and polarisation data acquired using electrochemically integrated multi-electrode array probes, and has major implications for localised corrosion control.",24.75,7.454545454545454,0.7474747474747475,0.7474747474747475,0.0707070707070707,0.030303030303030304,0.9838056680161944,2023,27.444444444444443
https://doi.org/10.1016/j.corsci.2023.111513,Prediction of multilayer Cr/GLC coatings degradation in deep-sea environments based on integrated mechanistic and machine learning models,2023,27,True,article,Corrosion Science,"Improving the accuracy of coating lifetime prediction on small sample data has been an urgent issue to be addressed. In this paper, based on in-situ electrochemical impedance spectroscopy data of multilayer Cr/GLC coatings, a lifetime prediction formula related to the coating failure mechanism is developed, which provides a quantitative basis for estimating the coating lifetime. Furthermore, the combination of the mechanistic prediction model and the ANN + RF integrated machine learning model can further increase the model’s prediction accuracy, reach 97.9%, and provide a new method for predicting coating performance and lifetime in deep-sea environments.",23.75,6.842105263157895,0.7052631578947368,0.7263157894736842,0.010526315789473684,0.010526315789473684,0.9838056680161944,2023,27.444444444444443
https://doi.org/10.1016/j.corsci.2024.112202,An electrochemical study of iron carbonate layers formed on carbon steel during corrosion in elevated pressure CO2 environments,2024,27,True,article,Corrosion Science,"Iron carbonate (FeCO3) layers influence the electrochemical properties of carbon steel during aqueous corrosion in carbon dioxide–saturated environments. In this study, electrochemical measurements conducted in an autoclave at 80°C and 5 barg are combined with cross-sectional imaging to elucidate interfacial properties of X65 carbon steel at key stages of FeCO3 layer development. The effects of evolving system chemistry are also considered by variation of the X65 surface area to solution volume (A/V) ratio. FeCO3 reduces general corrosion rates through a combination of active site blocking and restriction of mass transport, with resultant layer properties dependent on the A/V ratio.",24.75,6.909090909090909,0.7171717171717171,0.7373737373737373,0.08080808080808081,0.020202020202020204,1.733199598796389,2024,15.578125
https://doi.org/10.1016/j.corsci.2021.109995,Initial atmospheric corrosion studies of copper from macroscale to nanoscale in a simulated indoor atmospheric environment,2021,26,True,article,Corrosion Science,"Corrosion effects on copper exposed in a humid atmosphere with formic acid (mimicking indoor corrosion) have been explored through successive increase in surface lateral resolution from macroscale (IRRAS, GIXRD) over microscale (LOM, SEM, IR microscopy) to nanoscale (Nano-FTIR, FIB/SEM/EDS). Initial more uniform growth of Cu2O is followed by more varying topography and thickness until local removal of Cu2O enables the aqueous adlayer to react with the copper substrate. Local formation of Cu(OH)(HCOO) and adjacent Cu2O provide microscopic and spectroscopic evidence of corrosion cells. Nano-FTIR shows that the density of Cu(OH)(HCOO) nuclei, but not their size, increases with exposure time.",24.75,6.91919191919192,0.6767676767676768,0.8181818181818182,0.04040404040404041,0.0,0.7045757441137273,2021,36.90163934426229
https://doi.org/10.1016/j.corsci.2024.112067,High temperature oxidation of inconel 939 produced by additive manufacturing,2024,26,True,article,Corrosion Science,"High temperature oxidation of additively manufactured (Laser-powder bed fusion) IN939 (AM IN939) was studied at 900°C in dry air for 168 hours. AM IN939 cut parallel/perpendicular to the building direction, including conventionally manufactured (CM) IN939, were exposed to assess the influence of AM microstructure and its inherent anisotropy on oxidation properties. Microstructural anisotropy had no significant impact on oxidation properties. AM and CM IN939 exhibited nearly identical mass gains, yet local spallation was observed in the former. Further investigation involved oxidation of heat-treated AM IN939, revealing improved adhesion, possibly due to transformation of fine dendritic/cellular structure into coarse equiaxed grains.",20.0,7.3,0.78,0.78,0.03,0.02,1.6690070210631895,2024,15.578125
https://doi.org/10.1016/j.corsci.2024.112322,Corrosion performance of 6061 aluminium alloy protected by plasma electrolytic oxidation coatings modified by acrylic acid,2024,26,True,article,Corrosion Science,Long-term corrosion studies (six weeks) of aluminium alloy 6061 treated by plasma electrolytic oxidation (PEO) with or without the addition of a corrosion inhibitor (acrylic acid) in oxygenated 3.5 wt% NaCl are reported. A two-step sequential procedure (PEO + enrichment with acrylic acid) was compared with PEO carried out in the presence of the inhibitor. EIS backed by ICP-OES and SEM data showed that the sequential method offers the best long-term protection. A new approach for testing weight loss due to corrosion underneath the PEO coatings is proposed. The obtained results are consistent with other methods used in the study.,16.666666666666668,6.24,0.69,0.79,0.03,0.01,1.6690070210631895,2024,15.578125
https://doi.org/10.1016/j.corsci.2023.111018,Synchrotron-based near ambient-pressure X-ray photoelectron spectroscopy and electrochemical studies of passivation behavior of N- and V-containing martensitic stainless steel,2023,25,True,article,Corrosion Science,"Passivation behavior of a N- and V-containing martensite stainless steel was studied by synchrotron-based near ambient-pressure X-ray photoelectron spectroscopy, electrochemical analyses, and thermodynamic calculation. The passive film consists of Cr3+, Fe(2, 3)+, and V(2, 3, 4)+ oxides as inner layer, and Cr3+ and Fe3+ hydroxides as outer layer. Austenitization at 1080 oC (rather than 1010 oC) and anodic polarization facilitate transformation of CrN to Cr2O3 leading to further enrichment of Cr3+ oxide in the passive film. Whereas higher Cl- concentration promotes film dissolution leading to higher level of point defects and higher fraction of remaining V oxides in the passive film.",25.25,6.663366336633663,0.7227722772277227,0.7425742574257426,0.0891089108910891,0.009900990099009901,0.9109311740890689,2023,27.444444444444443
https://doi.org/10.1016/j.corsci.2023.111022,SCC behaviour of laser powder bed fused 316L stainless steel in high-temperature water at 288 °C,2023,25,True,article,Corrosion Science,"Stress corrosion cracking (SCC) behaviour of laser powder bed fused stainless steel 316L was evaluated with U-bend testing in oxygenated high-temperature water at 288 °C. The effects of solution annealing temperature (1066, 1150 and 1200 °C), surface finish (as-built and wire cut) and the sample orientations on the SCC behaviour were studied. The results show that a higher annealing temperature introduces further recrystallization, coarsening of the oxide inclusions and a decrease in resistance to SCC. A wire cut surface leads to a higher susceptibility to SCC than the as-built surface. Sample orientation was found not to affect the SCC susceptibility.",20.0,6.48,0.7,0.71,0.06,0.01,0.9109311740890689,2023,27.444444444444443
https://doi.org/10.1016/j.corsci.2024.112628,Implication of nano-scale grain refinement by severe shot peening on corrosion resistance of additively manufactured 316 L stainless steel,2024,25,True,article,Corrosion Science,"Microstructural analysis and electrochemical measurements were performed in a SLM 316 L steel that was submitted to SSP. In comparison to the wrought steel, the greatly smaller grain size and higher dislocation density promote nucleation sites for oxidation, and a thicker passive layer, with more stable Cr 2 O 3 oxides, is formed on the SLM steel. SSP produces a thick-gradient surface layer with a nanostructured surface. Overall corrosion resistance decreased in comparison to the un-peened SLM. SSP induces decohesion along the MPBs, leading to pitting. High-residual stresses, twins and dislocation break the cellular-walls, promoting the imperfect cell-structure and jeopardizing the passive film stability. • CSP and SSP induce thick gradient structure from surface to the core • SSP promotes the formation of nanograins ( ~ 50 nm) in the upper layer • Corrosion resistance increases in the SLM as-built series • Passive film stability decreases after the SSP treatment • SSP leds to an imperfect cell structure",26.333333333333332,6.322784810126582,0.7215189873417721,0.6329113924050633,0.056962025316455694,0.006329113924050633,1.60481444332999,2024,15.578125
https://doi.org/10.1016/j.corsci.2024.111867,"Corrosion inhibition mechanism of 2,6-pyridinedicarboxylate depending on magnesium surface treatment",2024,24,True,article,Corrosion Science,"2,6-pyridinedicarboxylate (2,6-PDC) was studied as corrosion inhibitor for pure magnesium. The surface was prepared either by polishing or polishing followed by treatment with 1 M NaOH solution. The results show that 2,6-PDC promotes the formation of a denser protective oxide/hydroxide layer poor in PDC. The mechanism proposed includes forming weak PDC-Mg complexes that lower the free Mg2+ concentration available for the formation of Mg(OH)2. This leads to growth of smaller Mg(OH)2 platelets that are more densely packed and hence form a more protective layer. The highest inhibition efficiency of 2,6-PDC was achieved for samples with surface hydroxylated by NaOH treatment.",16.666666666666668,6.65,0.67,0.73,0.04,0.0,1.5406218655967903,2024,15.578125
https://doi.org/10.1016/j.corsci.2024.112453,Probing and monitoring multiple forms of localised corrosion occurring concurrently on pipeline steels in marine environments,2024,24,True,article,Corrosion Science,"An electrode array probe, with a novel approach, has been specifically designed to enable the in-situ field monitoring of multiple forms of localised corrosion of steel exposed to marine environments. The initiation and propagation of localised corrosion within the crevice area as well as at the steel weldment were visualised and evaluated over one-year field exposure at two different marine locations in Australia. The results show the varied initiation and propagation behaviour of crevice corrosion and weldment corrosion on steel, which provide experimental evidence for ‘bi-modal’ behaviour and the change-over of corrosion modes in extended periods of marine exposure. • A novel corrosion probe enables the in-situ field monitoring of localised marine corrosion. • 61-week field monitoring of three types of co-existing localised corrosion in the sea. • Localised corrosion rates were significantly higher than general marine corrosion. • Experimental evidence has been obtained showing ‘bi-modal’ marine corrosion behaviour. • The new probe is a promising tool for localised corrosion monitoring in the sea.",20.5,6.695121951219512,0.7012195121951219,0.5182926829268293,0.042682926829268296,0.012195121951219513,1.5406218655967903,2024,15.578125
https://doi.org/10.1016/j.corsci.2025.112947,Corrosion behavior of Mg-11Gd-2Zn-0.4Zr alloy before and after heat treatment: Additive manufacturing versus casting,2025,24,True,article,Corrosion Science,"Additive manufacturing of Mg alloys via laser powder bed fusion (LPBF) has garnered increasing interest due to its capacity to produce superior mechanical properties compared to conventional as-cast alloys. However, the corrosion resistance of as-built Mg alloys relative to their as-cast counterparts remains poorly understood. In this study, a high-strength Mg-11Gd-2Zn-0.4Zr (wt.%, GZ112K) alloy is fabricated using both LPBF and semi-continuous casting techniques. The corrosion behavior of both as-built and as-cast alloys is systematically evaluated before and after solution and aging (T4 and T6) heat treatment processes . Electrochemical and immersion tests reveal the following corrosion resistance ranking: As-built < LPBF-T6 < LPBF-T4 < F-T4 < F-T6 < As-cast. The as-built alloy, despite having finer grains and (Mg,Zn) 3 Gd eutectic secondary phase that enhance tensile properties , exhibits poorer corrosion resistance primarily due to the network distribution of (Mg,Zn) 3 Gd along grain boundaries, which lacks a corrosion barrier effect while increasing the cathode-to-anode ratio. During T4 treatment, the (Mg,Zn) 3 Gd phase transforms into blocky X phase along grain boundaries and lamellar long-period stacking ordered (LPSO) structures within the grains, reducing Volta potential differences, thereby improving corrosion resistance . However, the formation of β′ aging precipitates in the LPBF-T6 alloy increases the micro-galvanic corrosion tendency, reducing corrosion resistance . This study underscores the critical role of T4 and T6 heat treatments in optimizing the corrosion resistance of additively manufactured Mg alloys.",21.181818181818183,6.879828326180258,0.7639484978540773,0.6266094420600858,0.04291845493562232,0.008583690987124463,3.161676646706587,2025,7.590909090909091
https://doi.org/10.1016/j.corsci.2023.111358,Improvement of hydrogen embrittlement by void formation at coating layers of Sb-added Al-Si-coated hot-press-forming steels,2023,23,True,article,Corrosion Science,"Al-Si coating prevents the oxidation or decarburization of hot-press forming (HPF) steel. However, the high reactivity of Al with moisture promotes H uptake, and the coating hinders the out-diffusion of absorbed H atoms inside the steel, leading to hydrogen embrittlement (HE). This study added Sb to adjust Fe and Al/Si diffusivity , and forming H-trapping voids within the coating. Simultanesouly, these voids provided routes for the emission of H atoms, thereby improving the resistance to crack propagation during bending. The optimal design of the Al-Si coating by adjusting the Sb content and void fraction would enable extensive applications of HPF steel.",20.2,6.396039603960396,0.6633663366336634,0.693069306930693,0.06930693069306931,0.009900990099009901,0.8380566801619433,2023,27.444444444444443
https://doi.org/10.1016/j.corsci.2024.112053,The Positive impact of biomineralization for marine corrosion protection of AA5083 alloy,2024,23,True,article,Corrosion Science,"This paper investigates, using surface characterisation techniques (SEM, XPS and ToF-SIMS), the impact of marine biological activity on AA5083 corrosion behaviour during seawater immersion. Different solar exposure (light vs. dark) results in distinct marine fouling development, influencing surface modifications. On the dark side, an Al/Mg oxide/hydroxide layer forms, allowing Cl- penetration. Pitting attack is observed after immersion. For the light side, a dual layer structure forms, with a hydrated Mg rich outer layer, showing barrier effect to Cl- penetration. No localized corrosion occurs. A comparison with abiotic conditions demonstrates the corrosion-inhibiting effect of marine biological activity on AA5083.",12.25,7.173469387755102,0.7755102040816326,0.7653061224489796,0.08163265306122448,0.0,1.4764292878635907,2024,15.578125
https://doi.org/10.1016/j.corsci.2024.112088,Manipulating nanostructure during wire arc additive manufacturing defeats hydrogen embrittlement,2024,23,True,article,Corrosion Science,"Wire arc additive manufacturing (WAAM) leads to a unique nano/microstructure. The combination of multiscale experimental and numerical analyses firstly shows that the intrinsic heat treatment during WAAM leads to an unusual depletion of Mg near the grain boundaries. During the WAAM process, a high dislocation density leads to formation of sub-grains and high-angle grain boundaries (HAGBs). It is revealed that the uniformly distributed micropores formed during the WAAM are strong hydrogen traps. The reduction in Mg content at the HAGBs, an increase in total length of HAGBs and hydrogen trapping by micropores help to defeat intergranular hydrogen embrittlement by WAAM. • Hydrogen embrittlement (HE) of additively manufactured Al-Mg alloy is studied. • Wire arc additive manufacturing (WAAM) results in unique nano/microstructure. • Intrinsic heat treatment in WAAM leads to Mg-depletion near grain boundaries. • WAAM leads to increase in total length of high-angle grain boundaries (HAGBs). • Mg-depletion zones, micropores and HAGBs contribute to HE suppression by WAAM.",15.8,6.7025316455696204,0.7151898734177216,0.5,0.05063291139240506,0.0,1.4764292878635907,2024,15.578125
https://doi.org/10.1016/j.corsci.2024.112204,Corrosion maps: Stability and composition diagrams for corrosion problems in CO2 transport,2024,23,True,article,Corrosion Science,"We present a Pourbaix-like graphical approach to assess the corrosive nature of impure CO2 streams for carbon capture and storage purposes. The effects of critical N- and S-containing impurities is evaluated. The model behind the approach assumes that chemical equilibrium is established, with some kinetic effects accommodated. The input is the composition of the stream (total quantity of S, N, H and O) and the output is the equilibrium composition (speciation). Comparison with experimental data shows that the content of acids in the CO2 stream upon reaching chemical equilibrium is a strong indicator of the corrosiveness of a given mixture.",20.0,6.36,0.63,0.64,0.01,0.04,1.4764292878635907,2024,15.578125
https://doi.org/10.1016/j.corsci.2024.112328,"The effect of molecular structure of imidazole-based compounds on corrosion inhibition of Cu, Zn, and Cu-Zn alloys",2024,23,True,article,Corrosion Science,"Three imidazole-based compounds (imidazole, 2-mercaptobenzimidazole, and 2-mercapto-1-methylbenzimidazole) were studied as corrosion inhibitors of Cu, Zn, and a family of Cu-xZn brass alloys (x = 10−40 wt.%) in 3 wt.% NaCl solution. The composition of inhibitor layers on the surface was studied using X-ray photoelectron and infrared spectroscopies. The molecular adsorption modes on Cu and Zn were modelled using density-functional theory (DFT) calculations. Mercapto-based inhibitors act as efficient inhibitors on all materials studied due to the formation of inhibitor layer through bonding with nitrogen and sulphur atoms. In contrast, imidazole is a moderate inhibitor for Zn, while it is much less efficient for Cu.",14.714285714285714,6.786407766990291,0.6893203883495146,0.7475728155339806,0.02912621359223301,0.019417475728155338,1.4764292878635907,2024,15.578125
https://doi.org/10.1016/j.corsci.2022.110763,Internal nitridation during creep of IN617 superalloy,2022,22,True,article,Corrosion Science,"Internal nitridation of IN617 was investigated during creep rupture at 1000 °C. The results indicated that internal nitridation seriously deteriorated creep properties. Various nitrides including π phase, AlN , Cr 2 N and TiN were found. Stable AlN and TiN precipitated inside grains and distributed widely. Less stable π phase and Cr 2 N only precipitated at the high-energy boundaries with sufficient N and Cr concentrations. Nitridation occurred all over the cross-section (8.9 mm thick) near the fracture surface of the creep specimen ruptured under 16 MPa. It suggested that creep aggravated internal nitridation because of providing continuous crack paths for nitrogen penetration.",12.875,6.553398058252427,0.7378640776699029,0.7184466019417476,0.02912621359223301,0.038834951456310676,0.6557235421166308,2022,33.55072463768116
https://doi.org/10.1016/j.corsci.2025.112812,Effect of heat treatment on microstructural evolution and corrosion behavior of wire-arc additive manufactured nickel aluminum bronze alloy,2025,22,True,article,Corrosion Science,"In the pursuit of enhancing the corrosion resistance of wire arc additive manufactured nickel aluminum bronze (WAAM-NAB) alloy, this study explores its microstructural evolution and corrosion behavior before and after heat-treatment. The findings unveil that annealing significantly improves the alloy’s microstructure by increasing homogeneity, grain size, and κ-phase distribution, while reducing residual stress and promoting low-energy Σ3–60°//[111] boundaries. These microstructural improvements enhance the alloy’s corrosion resistance in a 3.5 wt% NaCl solution by decreasing susceptibility to localized and galvanic corrosion and promoting stable passive film formation. Consequently, the heat-treated NAB-alloy shows superior corrosion performance, offering greater durability over its as-printed state. • NAB alloy was developed using the wire arc additive manufacturing technique. • Heat-treated NAB alloy demonstrated an enhanced microstructure, promoting greater homogeneity. • Corrosion behavior of both the AP-NAB and HT-NAB alloys were evaluated in a 3.5 wt% NaCl solution. • Corrosion resistance of both the AP-NAB and HT-NAB alloys exhibited improvements over time. • HT-NAB alloy displayed superior corrosion performance over its as-printed state.",15.181818181818182,7.377245508982036,0.7425149700598802,0.6167664670658682,0.029940119760479042,0.011976047904191617,2.8982035928143715,2025,7.590909090909091
https://doi.org/10.1016/j.corsci.2023.110964,Acoustic emission as a reliable technique for filiform corrosion monitoring on coated AA7075-T6: Tailored data processing,2023,21,True,article,Corrosion Science,"Acoustic emission (AE) was used for in-situ filiform corrosion (FFC) monitoring on coated AA77075-T6. The analysis of AE data using DBSCAN as clustering algorithm (validated by Bhattacharyya Coefficients´ evaluation) has revealed the presence of three clusters (out of four) related to phenomena involved in the FFC mechanism: metal-coating interface delamination due to opening (tensile), sliding (shear) and mixed mode enclosing both previous ones. The peak frequency was found to be the most relevant descriptor for clustering by using Random Forest classifier, and the correlation with the dominant frequencies range was validated obtaining the Power Spectrum Density of the AE signals.",33.333333333333336,6.82,0.7,0.81,0.03,0.03,0.7651821862348178,2023,27.444444444444443
https://doi.org/10.1016/j.corsci.2025.112943,"A combined microstructural, electrochemical and nanomechanical study of the corrosion and passivation properties of a Cr/CrN multilayer coating",2025,21,True,article,Corrosion Science,"This research provides detailed insights into the correlation of microstructural and morphological characteristics of a Cr/CrN multilayer coating deposited onto steel and its corrosion behavior, by examining its local surface electronic properties, nanomechanical behavior, and electrochemical activity in a 3.5 % NaCl solution. A key focus of the study is the influence of physicochemical surface evolution on nano-mechanical properties of Cr/CrN coating. This is investigated by correlating electrochemical data from electrochemical impedance spectroscopy (EIS) with findings from X-ray photoelectron spectroscopy (XPS) and nanoindentation analysis. The integrated approach shed light on physicochemical evolution of the coating, and its resistance to corrosion in demanding environments. • Difference in surface potential between CrN and Cr layers promotes micro-galvanic coupling and accelerating corrosion. • Increasing anodic overpotential shows CrN layer breakdowns, followed by minor passivation from thin Cr layers. • Passive film enhances total resistivity initially but degrades after 5 h exposure due to Cl − -induced corrosion. • Corrosion-induced softening weakens CrN top-layer, reducing hardness and elastic modulus after exposure 24 h in NaCl.",19.0,7.239766081871345,0.7251461988304093,0.672514619883041,0.04093567251461988,0.011695906432748537,2.7664670658682633,2025,7.590909090909091
https://doi.org/10.1016/j.corsci.2023.111733,Design of alkyl-substituted aminothiazoles to optimise corrosion inhibition for galvanised steel: A combined experimental and molecular modelling approach,2023,20,True,article,Corrosion Science,"This work proposes a combined experimental and molecular modelling approach to clarify the complex substitution effect of aminothiazole as corrosion inhibitor for galvanised steel in saline aqueous environments. Electrochemical results have shown that introducing alkyl residues ameliorates inhibition efficiency to varied degrees. Umbrella sampling simulations supplemented by a newly developed GFN-force-field-based molecular approach reveal that the particular adsorption state renders a hydrophobic environment at the outer surface, where increased alkyl size leads to greater hydrophobicity for corrosion inhibition. Such an effect becomes less prominent with increasing concentration, attributed to the enhanced intermolecular interaction destabilising the adsorption process.",24.25,7.969072164948454,0.7216494845360825,0.845360824742268,0.030927835051546393,0.0,0.728744939271255,2023,27.444444444444443
https://doi.org/10.1016/j.corsci.2024.112629,Effects of mechanical stress on the corrosion behaviour of an austenitic stainless steel welded joint – Stress corrosion cracking susceptibility,2024,20,True,article,Corrosion Science,"The susceptibility to stress corrosion cracking of 316 L welds was investigated in a moderately aggressive electrolyte, performing long-term U-Bend tests at the OCP . Micro-cracks were observed in the heat-affected zone (HAZ), initiating at pits. This was due to the increased susceptibility to pit initiation under tensile stress of the HAZ, which was also the most deformed zone in terms of plastic deformation . Accelerated U-Bend tests, carried out applying a fixed current density, made it possible to reproduce in a short time the main damage modes observed after 9 months at OCP , but led to the growth of large cavities.",25.75,5.951456310679611,0.6601941747572816,0.7184466019417476,0.05825242718446602,0.019417475728155338,1.283851554663992,2024,15.578125
https://doi.org/10.1016/j.corsci.2022.110956,Mechanistic study on the corrosion behaviour of Zinc and Zinc-Calcium alloys designed for enhanced metallic coatings in the presence of chloride and phosphate ions,2023,19,True,article,Corrosion Science,"Additions of 1 wt.% Ca were made to Zn (Zn-1Ca) to generate favourable chemical conditions during corrosion for enhanced performance of phosphate inhibitors. Zn-1Ca displayed a reduced corrosion rate in 0.17 M NaCl measured using the Scanning Vibrating Electrode Technique and polarisation. In-situ timelapse microscopy and SEM-EDS demonstrated that intermetallic CaZn13 preferentially corroded releasing Ca2+ that increased corrosion product precipitation, cathodically deactivating the system. 1 × 10−3 mol dm−3 phosphate additions to 0.17 M NaCl decreased the corrosion rate of Zn and Zn-1Ca. Inhibition was greater for Zn-1Ca where uniform precipitation of mixed metal phosphates produced anodic and cathodic inhibition.",12.5,7.08,0.78,0.76,0.07,0.01,0.6923076923076924,2023,27.444444444444443
https://doi.org/10.1016/j.corsci.2024.112174,Plasma sprayed duplex ytterbium disilicate/monosilicate EBCs and the transformation from ytterbia to ytterbium monosilicate during burner rig testing,2024,19,True,article,Corrosion Science,"Environmental Barrier Coating systems (EBCs) were thermally cycled in a burner rig test facility. Yb2Si2O7 (YbDS) layer was deposited by air plasma spraying while two suspension plasma sprayed Yb2SiO5 (YbMS) microstructures were evaluated in duplex (YbDS/YbMS) systems: columnar and segmentation cracked. EBCs underwent 2000 cycles at a surface temperature of 1300 °C without signs of delamination failure. A porous YbMS layer formed at the base of intercolumnar gaps and segmentation cracks in the duplex systems, presumably due to reactions with entrapped water vapor. Furthermore, Yb2O3 depletion zones were evident at both the surface and YbDS/YbMS interface of the duplex EBCs.",20.0,6.75,0.73,0.76,0.01,0.01,1.2196589769307924,2024,15.578125
https://doi.org/10.1016/j.corsci.2024.112171,Atmospheric corrosion of iron under a single droplet: A new systematic multi-electrochemical approach,2024,19,True,article,Corrosion Science,"Utilizing a dedicated micro-sized three-electrode cell, this study systematically investigates early-stage electrochemical properties and corrosion behavior of pure iron under single droplets. Various volumes and NaCl concentrations were considered during the evaporation-driven shape and concentration evolution of single droplets. The measurements disclosed that reducing the droplet size from 5 µL to 1.5 µL at 0.01 M NaCl concentration, increased noise resistance (Rn) and polarization resistance (Rp) values. However, at 0.1 M and 0.2 M NaCl concentrations, reducing droplet size led to the domination of relatively high chloride ion concentration over oxygen diffusion, resulting in a very low Rn and Rp, and hence enhanced localized corrosion.",13.125,6.9714285714285715,0.7428571428571429,0.7619047619047619,0.05714285714285714,0.01904761904761905,1.2196589769307924,2024,15.578125
https://doi.org/10.1016/j.corsci.2024.112253,The effect of weak acids on active corrosion rate in top-of-line corrosion,2024,19,True,article,Corrosion Science,"The corrosion rate of pipelines in the petroleum industry is heavily influenced by the weak acids present in the production stream. In a series of experiments at 65 °C, weak acids enhanced the cathodic reaction currents, significantly increasing the corrosion rate. The experiments were designed to investigate limiting electrochemical factors in solutions with low salt concentrations, focusing on predicting top-of-line corrosion corrosion rate. Carbonic acid, acetic acid, and formic acid, commonly found in produced fluids, were the subjects of this corrosion investigation. Under the investigated conditions, the corrosion rates were found to correlate with the undissociated weak acid concentration.",19.8,6.96969696969697,0.696969696969697,0.6565656565656566,0.030303030303030304,0.020202020202020204,1.2196589769307924,2024,15.578125
https://doi.org/10.1016/j.corsci.2025.113039,Corrosion behaviour of 316L stainless steel under stress in artificial seawater droplet exposure at elevated temperature and humidity,2025,19,True,article,Corrosion Science,"Chloride-induced pitting corrosion and stress corrosion cracking could present potential damage mechanisms in high activity waste (HAW) containers made of austenitic stainless steels operating at room temperature, elevated temperature, and humidity. In this paper, atmospheric corrosion tests were conducted on cold-rolled 316 L stainless steel (SS) specimens—both sensitised and non-sensitised—subjected to varying levels of applied stress (ranging from 0 to 1.5 times the yield strength, σ y ) in the presence of 0.546 mol/L artificial seawater droplets. A subset of the samples was thermally sensitised at 550°C for 150 hours. The experiments were conducted at room temperature (RT) and humidity levels, and at 50°C and 60% relative humidity (RH), using a custom-made environmental corrosion chamber for 672 hours. Stress was applied using a 4-point bending rig, and artificial seawater droplets were delivered via a SS 304 medical syringe needle. Correlative microscopy (SEM and EBSD), optical profilometry, and dry vapor etching techniques revealed pit initiation sites and growth predominantly occurring at grain boundaries along the rolling direction. Sensitisation and increased applied stress led to a rise in both the number and size of corrosion pits, as observed in experiments conducted both at room temperature and in the corrosion chamber.",22.0,6.712121212121212,0.7222222222222222,0.6616161616161617,0.08080808080808081,0.005050505050505051,2.502994011976048,2025,7.590909090909091
https://doi.org/10.1016/j.corsci.2024.111880,Effect of FeCO3 corrosion product scale on hydrogen adsorption and permeation of pipeline steel in gaseous hydrogen-blended natural gas transportation,2024,18,True,article,Corrosion Science,"The corrosion product scale formed on the natural gas pipelines can significantly affect the hydrogen permeation and compatibility after blending hydrogen. However, the effects of the corrosion product scale on gaseous hydrogen adsorption and diffusion remains unclear. In this study, an integrated procedure for gaseous hydrogen permeation with corrosion scale is proposed. Then the hydrogen permeation kinetics of the pipeline steel covered with FeCO 3 corrosion product scales was investigated. In addition, the kinetics of hydrogen adsorption on Fe and FeCO 3 surfaces were investigated by molecular dynamics methods . The influence mechanism of FeCO 3 scales on hydrogen permeation was proposed.",17.0,6.7745098039215685,0.7156862745098039,0.5490196078431373,0.049019607843137254,0.0196078431372549,1.1554663991975929,2024,15.578125
https://doi.org/10.1016/j.corsci.2024.112150,Impact of diffusible hydrogen on corrosion of Alloy 600 at 288 °C: An in-situ electrochemical study,2024,18,True,article,Corrosion Science,"The impact of hydrogen on corrosion is commonly understood through changes in the corrosion potential caused by the dissolved hydrogen (DH) in the solution. This paper presents an in-situ testing, which demonstrates that hydrogen, as diffusible hydrogen (DiffH) within Alloy 600, can similarly influence the corrosion behavior at 288°C. Additionally, it is proposed that its mechanism differs from that of DH. This interesting finding suggests that the corrosion of metal can also be altered by DiffH in the matrix, expanding beyond the current understanding of the role of hydrogen in the corrosion, particularly stress corrosion cracking.",24.0,6.552083333333333,0.5833333333333334,0.6666666666666666,0.041666666666666664,0.0625,1.1554663991975929,2024,15.578125
https://doi.org/10.1016/j.corsci.2024.112648,Assessing the hydrogen embrittlement susceptibility of an existing L360NB natural gas pipeline steel for 100 % hydrogen transport,2024,18,True,article,Corrosion Science,"In this study, a section of an existing L360NB natural gas pipeline with a girth weld is sampled to evaluate the hydrogen embrittlement susceptibility upon repurposing for pure hydrogen transport. In various wet and dry hydrogen environments with and without H 2 S, the base and welded material are investigated by constant load tests. The applied load increases hydrogen uptake in the majority of the testing environments. The weld shows a higher hydrogen uptake compared to the base material in all testing environments. In wet H 2 S containing environments under loading, the formed FeS layer helps in reducing the hydrogen uptake. • L360 base and welded material do not fail by HE at 120 bar H 2 . • The addition of 1 bar H 2 S and 5 % NaCl brine also causes no failure. • Dry conditions and wet conditions without H 2 S result in low hydrogen uptake. • The formed FeS layer in the wet H 2 S-containing environments results in reducing the hydrogen uptake with increasing stress.",19.22222222222222,5.601156069364162,0.6936416184971098,0.5028901734104047,0.023121387283236993,0.0,1.1554663991975929,2024,15.578125
https://doi.org/10.1016/j.corsci.2025.112719,Enhanced oxidation resistance of additively manufactured Inconel 718 superalloy by surface mechanical attrition treatment,2025,18,True,article,Corrosion Science,"This study investigated the effects of surface mechanical attrition treatment (SMAT) on the antioxidation performance of additively manufactured Inconel 718 parts. The results show that SMAT generated a nanograin layer near the part surface with high densities of low-angle grain boundaries, plastic strain and lattice distortion. Oxidation resistance was improved owing to that a continuous oxide scale was quickly formed to protect the underlying materials at the early stage of oxidation by the nanosized microstructure. Moreover, adhesion between the oxide scale and the parent alloy was enhanced because of a high level of compressive residual stress induced by SMAT. • The IN718 superalloy processed by PBF-LB was treated using SMAT. • SMAT produced a hardness-enhanced layer with large compressive residual stress. • The part treated using SMAT had a better oxidation resistance at 850 ℃. • Nano-sized microstructure and high residual stress were the main contributions.",18.25,6.595890410958904,0.7123287671232876,0.636986301369863,0.03424657534246575,0.0,2.37125748502994,2025,7.590909090909091
https://doi.org/10.1016/j.corsci.2025.112769,Pitting corrosion of austenitic and duplex stainless steels in dilute acids at elevated temperature: Effect of electrolyte chemistry and material microstructure,2025,18,True,article,Corrosion Science,"The pitting behavior of seven stainless steel grades with austenitic and duplex microstructures in varying acids (HCl, H 2 SO 4 , HCOOH), chloride concentrations (500–5000 mg/L), and pHs (2.5, 4.0) was investigated at 90°C. Low- and intermediate-PREN grades were prone to pitting under the test conditions. The electrolyte ranking by pitting susceptibility was HCl > H 2 SO 4 > HCOOH, while the progress of pitting attack in materials followed the reverse order: HCOOH > H 2 SO 4 > HCl. The presence of lacy cover prevents repassivation favoring a concentric ""Russian doll"" structure and high loss rates. The mechanisms of pitting propagation are presented in this paper. • High SS PRENs (>43) do not undergo pitting under the studied environments • In lower pH (2.5) there are higher material losses and reduced pitting potential • While chlorides lower pitting potential, formates cause greater material losses • Lacy cover hinders repassivation favoring a “Russian doll” pit structure • Preferential phase attack of duplex grades is absent with low PRENs (25, 26)",21.5,6.0813953488372094,0.7616279069767442,0.6337209302325582,0.040697674418604654,0.0,2.37125748502994,2025,7.590909090909091
https://doi.org/10.1016/j.corsci.2025.112799,Microbial corrosion of high manganese austenitic steel by a sulfate reducing bacterium dominated by extracellular electron transfer and intergranular effect,2025,18,True,article,Corrosion Science,Microbiologically influenced corrosion (MIC) of high manganese steel (25Mn) by a marine sulfate reducing bacterium (SRB) was systematically investigated. Mn² + enhanced SRB activity by H ₂ S detoxification. The culture medium with low carbon source increased MIC by 2.1 times. 4 % Cr in 25Mn provided partial passivation . Riboflavin and nano-magnetite injections validated the dominant contribution of extracellular electron transfer mechanisms. Electron backscatter diffraction showed the intergranular corrosion at austenite boundaries. SRB enhanced hydrogen permeation and decreased tensile strength by 21 %. This study identifies the primary mechanism of 25Mn and provides important insights into material design and corrosion mitigation.,11.333333333333334,7.166666666666667,0.7941176470588235,0.8235294117647058,0.08823529411764706,0.0,2.37125748502994,2025,7.590909090909091
https://doi.org/10.1016/j.corsci.2024.112274,Enhancing adhesion and durability: A biomimetic approach with dopamine-modified lignin-polydimethylsiloxane coatings,2024,17,True,article,Corrosion Science,"Corrosion causes significant challenges in industrial settings, leading to economic losses and safety concerns. Previously, we developed a lignin-polydimethylsiloxane (lignin-PDMS) coating that exhibited high corrosion resistance. However, the adhesion of the developed lignin-PDMS coating to carbon steel was limited, affecting its overall performance. To address this, we incorporated dopamine (DOPA), known for its strong adhesive properties, as a pre-treatment before applying the coating. It was found that the adhesion and corrosion resistance of lignin-PDMS coated steel could be improved by adjusting the pH value of the DOPA solution. The steel treated with pH 4.5 DOPA solution showed two times higher adhesion strength to the coating than non-treated steel. After the DOPA treatment, the coating can maintain high barrier property for at least 3 months in 1 M NaCl solution, which is even better than commercial gelcoat, demonstrating super corrosion protection. Quartz Crystal Microbalance with Dissipation (QCM-D) and X-ray Photoelectron Spectroscopy (XPS) analyses confirmed the DOPA deposition on the steel surface. Our findings show that the DOPA-lignin-PDMS system is an environmentally friendly and efficient solution for enhancing the durability of steels in corrosive environments.",18.3,6.945355191256831,0.6830601092896175,0.6994535519125683,0.01639344262295082,0.03278688524590164,1.0912738214643931,2024,15.578125
https://doi.org/10.1016/j.corsci.2024.112271,Monitoring atmospheric corrosion under multi-droplet conditions by electrical resistance sensor measurement,2024,17,True,article,Corrosion Science,"This paper presents a novel approach to investigate atmospheric corrosion kinetics of carbon steel under multi-droplet conditions. A homemade climate chamber has been developed to accurately control and monitor environmental conditions, including temperature (T) and relative humidity (RH), during exposure. Carbon steel corrosion kinetics are monitored with a custom-designed Electrical Resistance (ER) sensor pair. Savitzky-Golay (S-G) based filtering technique has been used for the corrosion signal processing. In parallel, top-view droplet temporal evolution has been recorded by microscopic imaging and analyzed for both droplet size distribution and the solid-liquid contact angle. The droplet size distribution can typically be described with a power-law form curve. The curve shows a decrease in height and a concurrent expansion in width with progressive drying. The introduction of NaCl into the electrolyte and surface roughness variations have also been identified to substantially influence the carbon steel corrosion rate. A strong correlation between the corrosion rate derived from the ER monitoring method and the RH can be observed. This correlation is further analyzed to incorporate the impact of droplet-based electrolyte conditions. This study offers valuable insights into the development of mechanistic and kinetic prediction models for atmospheric corrosion.",17.454545454545453,7.09375,0.6875,0.671875,0.046875,0.005208333333333333,1.0912738214643931,2024,15.578125
https://doi.org/10.1016/j.corsci.2024.112329,Effect of reactive elements in MCrAlX bond coat for durability improvement of thermal barrier coatings,2024,17,True,article,Corrosion Science,"The effects of reactive elements (RE) in MCrAlX alloy (M: Metals, X: RE) as the bond coat for thermal barrier coatings durability were investigated by both experimental evaluation and density functional theory (DFT) calculations. Cyclic oxidation tests showed that the lifetime of the sample with Y, Hf, and Si as RE displayed approximately twice of the sample with Y only. Furthermore, the interface energies between oxide (α-Al2O3) and bond coat with various RE (Si, Sc, Ti, Y, Zr, Hf, La, and Ce) were calculated by DFT. DFT results indicate that Hf and Si doping effectively reduce the interface energy.",24.75,5.96969696969697,0.7171717171717171,0.7171717171717171,0.030303030303030304,0.030303030303030304,1.0912738214643931,2024,15.578125
https://doi.org/10.1016/j.corsci.2024.112396,On the rate determining step of cathodic delamination of delamination-resistant organic coatings,2024,17,True,article,Corrosion Science,"Cation transport from defect site to delamination front and oxygen reduction at the polymer/metal interface are the two processes that are proposed to control the kinetics of cathodic delamination. However, it was suggested that instead the ingress of cations at the delamination front controls the kinetics, shown first for weak coatings. Here, the validation also for resistant industrial coatings is reported. It is also shown that cations mainly serve for pulling down the potential at the front while the electron flow supporting ongoing oxygen reduction at the delaminated interface is compensated by hydroxyl ion migration towards the defect.",24.5,6.551020408163265,0.6326530612244898,0.6224489795918368,0.04081632653061224,0.030612244897959183,1.0912738214643931,2024,15.578125
https://doi.org/10.1016/j.corsci.2024.112468,Synergic effects of temperature and pressure on the hydrogen diffusion and dissolution behaviour of X80 pipeline steel,2024,17,True,article,Corrosion Science,"Gas-phase hydrogen permeation experiments were conducted on X80 steel at temperatures from −15℃ to 60℃ and hydrogen pressures of 1, 4, 8 MPa. Hydrogen trap densities were determined, and a method for calculating nonlinear hydrogen concentration distribution was established and verified. Results reveal different temperature dependencies for hydrogen concentrations at varying pressures. At 4 and 8 MPa, the hydrogen concentration increases with temperature, whereas at 1 MPa, it initially decreases before increasing. Additionally, the influences of hydrogen pressure, hydrogen trap binding energy, and hydrogen trap density on this trend are discussed.",18.2,7.021978021978022,0.7362637362637363,0.6813186813186813,0.01098901098901099,0.0,1.0912738214643931,2024,15.578125
https://doi.org/10.1016/j.corsci.2025.112950,Study on corrosion fatigue of Ti-6Al-4V alloy under hydrostatic pressure environment in 3.5 % NaCl solution,2025,17,True,article,Corrosion Science,"This study examines the dual-phase Ti-6Al-4V alloy through corrosion fatigue tests in 3.5 wt% NaCl solution under different hydrostatic pressures. The effects of hydrostatic pressure and cyclic loading on the passive film, microstructure, and mechanical properties of the titanium alloy were investigated. Findings reveal that synergic effect of hydrostatic pressure and cyclic mechanical load reduces the compactness of the titanium alloy passive film, inducing crack initiation and propagation, accelerating the fatigue crack propagation rate , and reducing the fatigue life of titanium alloy . This study reveals the corrosion fatigue mechanism of titanium alloys under hydrostatic pressure and cyclic loading, providing reference values for designing components in deep-sea environments.",21.8,7.110091743119266,0.7155963302752294,0.6146788990825688,0.045871559633027525,0.009174311926605505,2.2395209580838324,2025,7.590909090909091
https://doi.org/10.1016/j.corsci.2024.112354,New insights into the corrosion of orthopedic Ti-6Al-4V under cathodic polarization,2024,16,True,article,Corrosion Science,"This study offers a real-time monitoring of titanium dissolution in H2O2-enriched phosphate buffer solution (PBS) during polarization of Ti-6Al-4V at cathodic potentials using atomic emission spectroelectrochemistry (AESEC). Polarization had a deleterious effect on titanium dissolution when it was conducted at potentials between −0.5 V and −1 V. AESEC results demonstrate a non-linear and time-dependent relation between titanium dissolution and applied potential. Scanning and transmission electron microscopy (SEM) and (TEM) observations revealed that the vanadium-rich (β) phase is more sensitive to polarization-induced corrosion, which continues during subsequent Ti-6Al-4V exposure at open circuit potential.",18.4,7.608695652173913,0.7065217391304348,0.8586956521739131,0.05434782608695652,0.010869565217391304,1.0270812437311936,2024,15.578125
https://doi.org/10.1016/j.corsci.2024.112524,Uncovering the electrochemical stability and corrosion reaction pathway of Mg (0001) surface: Insight from first-principles calculation,2024,16,True,article,Corrosion Science,"An understanding of the anomalously enhanced hydrogen evolution reaction (HER) of magnesium (Mg) under anodic polarisation in aqueous corrosion is paramount for a predictive theory of its corrosion and metal electrocatalysis. Previous theoretical and experimental studies have proposed that sub-surface hydride phases play a role in this behaviour but the underlying atomic mechanisms remain unclear. By constructing theoretical surface Pourbaix diagrams, based on density functional theory (DFT) calculations, we have identified the atomic structure of a sub-surface hydride phase on the Mg (0001) surface that remains electrochemically stable under significant anodic overpotentials across a wide pH range. Specifically, this stability persists up to 0.38 V SHE under mildly alkaline conditions (e.g., pH = 8), thus providing thermodynamic support for the proposed hydride-enhanced HER under anodic conditions. Reaction barrier analysis establishes that the proposed sub-surface hydride phase could promote anodic HER via a Heyrovsky pathway, based on hydrogen outward diffusion, with an energy barrier of 1.54 eV as the rate-limiting step, showing an anodic characteristic and significantly favouring external anodic polarisation. Furthermore, we have established that the surface adsorption condition, contingent on both the pH and potential, significantly influences the mechanism and kinetics of the initial corrosion of Mg. • An atomic model for the hydride-induced Mg negative difference effect is proposed. • Surface Pourbaix diagrams of Mg surfaces with the hydride phase are constructed. • The sub-surface Mg hydride retains electrochemical stability at anodic potentials. • The sub-surface hydride contributes to H evolution through a Heyrovsky pathway. • The rate of the H evolution with hydrides is increased by anodic potentials.",17.4,6.934865900383142,0.6896551724137931,0.5670498084291188,0.019157088122605363,0.01532567049808429,1.0270812437311936,2024,15.578125
https://doi.org/10.1016/j.corsci.2024.112000,Evolution from near-neutral to high-pH environments susceptible to stress corrosion cracking: The role of sulfate and bicarbonate,2024,15,True,article,Corrosion Science,"Stress corrosion cracking (SCC) testing was conducted on pipeline steels to investigate the transition from near-neutral to high-pH environments via solution evaporation and concentration. The study clarified the roles of sulfate and bicarbonate in enhancing crack dissolution and their impacts on SCC. In sulfate-absent concentrated solutions, intergranular branching primarily resulted from direct propagation from the crack tip, accompanied by microcrack coalescence. The presence of sulfate effectively halted further growth by inducing crack-tip blunting, thereby reducing the mechanical driving force for crack propagation . This explanation clarifies why regions ideal for SCC exhibit no reported incidents, offering strategies for SCC mitigation.",20.0,7.41,0.71,0.78,0.03,0.01,0.9628886659979939,2024,15.578125
https://doi.org/10.1016/j.corsci.2024.112219,"Hydrogen diffusivity, uptake and embrittlement of solution annealed and cold deformed austenitic stainless steel 1.4435 at hydrogen pressures up to 1000 bar and 200 °C",2024,15,True,article,Corrosion Science,"Austenitic stainless steel 1.4435, a candidate material for high-pressure tubing for hydrogen applications, was investigated in two different stages of cold deformation (0 and 27 %) regarding its hydrogen embrittlement tendency. The determination of effective diffusion coefficients revealed slightly increased diffusion kinetics at 60°C for the cold-reduced material (8.0 · 10 −15 m²/s) compared to the solution annealed one (5.0 · 10 −15 m²/s). High-pressure gaseous hydrogen charging shows no differences regarding the degree of cold deformation with a maximum hydrogen concentration of 112 wt.-ppm. Furthermore, a significant ductility loss expressed by the ratio of the reduction of area was observed. • Cold drawn material shows enhanced diffusion kinetics than solution annealed state. • Hydrogen contents of up to 112 wt.-ppm are present after gaseous charging. • No failure occurred in constant load tests at 90 % of the yield strength. • SSRTs show no significant decrease in fracture elongation due to hydrogen charging. • 1.4435 is applicable for hydrogen tank systems within the tested conditions.",11.066666666666666,6.536144578313253,0.7349397590361446,0.6506024096385542,0.05421686746987952,0.012048192771084338,0.9628886659979939,2024,15.578125
https://doi.org/10.1016/j.corsci.2024.112523,Exploring the mechanism of stress-induced passive layer degradation in additively manufactured Ni-Fe-Cr-based alloy 718,2024,15,True,article,Corrosion Science,"This study explores the formation and degradation mechanisms of the passive layer on laser powder bed fusion (L-PBF) processed Ni-Fe-Cr-based alloy 718 using high-resolution submicron analysis and microcapillary electrochemical techniques. The findings provide new insights into passive layer breakdown under tensile loading, revealing the influence of microstructural characteristics, dislocation distribution, and mechanical stresses. Tensile loading caused oxide layer cracking near cell boundaries with higher dislocation density. Detachment of the oxide layer from the matrix created voids, allowing aggressive ions to penetrate, promoting crevice corrosion. Cell boundaries remained mostly intact, as metallic particles within the surface oxide layer. • External loading causes oxide layer rupture adjacent to cell boundaries. • Metallic cell boundaries within the oxide layer suggest higher corrosion resistance. • Voids form between the metal and oxide layer promoting aggressive ion penetration. • Crevice corrosion occurs as a result of void coalescence beneath the oxide layer.",16.333333333333332,7.26530612244898,0.7755102040816326,0.6666666666666666,0.05442176870748299,0.027210884353741496,0.9628886659979939,2024,15.578125
https://doi.org/10.1016/j.corsci.2025.112987,Corrosion performance of 2205 duplex stainless steel in simulated hydrometallurgical processes: A study of uniform and crevice corrosion,2025,15,True,article,Corrosion Science,"The corrosion behavior of SAF 2205 duplex stainless steel (DSS) is studied under acidic conditions of hydrometallurgical processes. The focus is on uniform and crevice corrosion. A Central Composite Design (CCD) was employed to evaluate the effects of temperature, sulfuric acid, hydrogen peroxide, and chloride concentration on the corrosion rate and critical crevice temperature (CCT) of 2205 DSS. Analysis of variance (ANOVA) revealed that the uniform corrosion rate is primarily influenced by temperature and chloride concentration, with both factors accelerating the corrosion of the alloy. However, the uniform corrosion rate of 2205 DSS remained generally below the 100 µm/yr threshold. Moreover, the CCT of the alloy decreased with increasing concentrations of Cl − and H 2 O 2 , while higher concentrations of H 2 SO 4 improved CCT, likely due to inhibition by sulfate ions. These findings enhance the current understanding of the corrosion resistance of 2205 DSS in aggressive environments, offering valuable insights for the application of this alloy in hydrometallurgical processes. • SAF 2205 DSS showed uniform corrosion rates below 100 µm/yr, influenced by temperature and chloride concentration. • Cl⁻ and H₂O₂ reduced the CCT of the alloy, while H₂SO₄ improved it by inhibiting localized corrosion. • Oxidizing agents like H₂O₂ and Cu(II) reduced uniform corrosion by shifting potentials to the passive region. • High Cl⁻ concentrations increase crevice corrosion risk, highlighting the need for chloride control.",20.90909090909091,6.552173913043478,0.7043478260869566,0.5304347826086957,0.034782608695652174,0.021739130434782608,1.9760479041916168,2025,7.590909090909091
https://doi.org/10.1016/j.corsci.2024.112439,"Progressively advantageous long-term corrosion profile of Mo over Mg, Zn, and Fe from the perspective of biodegradable metals",2024,14,True,article,Corrosion Science,"Long-term corrosion profile of molybdenum was studied in three different simulated body fluids up to 28 days, compared with magnesium, zinc, and iron from the perspective of biodegradable metals (bio-metals). Their corrosion rate , mode, products and surface characteristics were comprehensively fathomed. Strikingly, Mo showed progressively advantageous long-term corrosion behavior with the smallest corrosion rate, and most importantly, more uniform mode, as compared with the other three bio-metals. It also performed bilaterally under the simulated inflammatory and bovine serum protein added conditions, with different corrosion progressions. These findings provide an optimistic outlook in opting molybdenum as a new type of bio-metal.",20.2,7.148514851485149,0.6831683168316832,0.7623762376237624,0.0297029702970297,0.019801980198019802,0.8986960882647944,2024,15.578125
https://doi.org/10.1016/j.corsci.2024.112551,Characterisation of the deposition and protection performance of Zr conversion coatings on steel and zinc substrates using the response surface methodology,2024,14,True,article,Corrosion Science,"The response surface methodology (RSM) was used to explore the experimental space, characterise the influence of deposition and drying conditions on corrosion resistance, and evaluate the interactions between these factors for zirconium conversion coatings on cold-rolled steel and zinc. A combination of non-electrochemical drop tests and electrochemical methods were utilised to evaluate corrosion resistance in a dilute Harrison's solution. The surface analysis confirmed the electrochemical results obtained under the conditions chosen by RSM. The uniform corrosion of both substrates guides the subsequent conversion process, while the best coating performance results from the interaction of pH, conversion time and bath concentration. • The best ZrCC conditions and evaluation technique feasibility assessed by RSM • Drop test post-conversion (CRS) and 24-hr air-drying (Zn) suitable for screening • High-frequency EIS loop confirms satisfactory ZrCC formation on CRS • Zn EIS at pH ≥ 4.0 influenced by ZrCC thickness; at pH < 4.0, by porous ZnO nature",25.5,6.803921568627451,0.7058823529411765,0.6928104575163399,0.0196078431372549,0.0,0.8986960882647944,2024,15.578125
https://doi.org/10.1016/j.corsci.2024.112669,Study on the corrosion mechanism of X65 steel by manganese-oxidizing bacteria in marine environment,2024,14,True,article,Corrosion Science,"The impact of MOB isolated from marine sediments on the corrosion process of X65 steel and the underlying corrosion mechanism are investigated in this work. Results indicate that MOB produces a pH-neutral environment that contributes to Mn 2 + biological oxidation . The manganese oxide produced by MOB can be employed as effective substitute cathode, augmenting both the surface film instability and the electrochemical reactivity of metal. MOB interacts with the steel matrix by rapidly oxidizing the dissolved Fe 2+ of X65 steel to iron oxide when Mn 2+ concentrations are inadequate. There may be multiple factors that contribute to the corrosion of X65 steel.",21.0,6.257142857142857,0.638095238095238,0.6857142857142857,0.05714285714285714,0.02857142857142857,0.8986960882647944,2024,15.578125
https://doi.org/10.1016/j.corsci.2025.112824,Experimental approach and assessment of Zr conversion coatings on Al alloy using response surface methodology,2025,14,True,article,Corrosion Science,"This study extended the use of response surface methodology (RSM) to explore the experimental space, identify optimal conditions for deposition and drying, and assess factor interactions for zirconium conversion coatings on aluminium alloy 5754. Corrosion resistance in a dilute Harrison's solution was evaluated using a non-electrochemical drop test and electrochemical techniques. Surface analysis supported the electrochemical findings obtained with the chosen RSM conditions. Unlike zinc and cold-rolled steel, AA5754 exhibits heightened sensitivity to the interplay of pH, conversion time, and H 2 ZrF 6 concentration, which is attributed to the presence of intermetallic particles governing cathodic reactions and the subsequent conversion processes. • RSM assessed ZrCC best-performing conditions and best-feasible evaluation techniques. • Drop test suitable for quick AA5574-ZrCCs assessment at pH ≥ 4 after 24 h air-drying. • R p is more convenient than j corr for evaluating AA5574-ZrCCs. • The full coverage of ZrCC at conversion time ≥ 230 s. • EIS predicts prolonged corrosion protection based on more even ZrCC thickness at lower concentrations.",18.555555555555557,6.802395209580839,0.7544910179640718,0.718562874251497,0.017964071856287425,0.017964071856287425,1.844311377245509,2025,7.590909090909091
https://doi.org/10.1016/j.corsci.2024.112627,Electrochemical behavior of laser powder bed fused nickel aluminum bronze: As-built and tempered alloys,2024,13,True,article,Corrosion Science,"Nickel-aluminum bronze (NAB), as an attractive material for the marine industry in corrosive environments, was considered for additive manufacturing (AM) through the laser powder bed fusion (LPBF) technique. A fully martensitic microstructure was developed from the LPBF process due to high cooling rates inherent in the process. In addition, different heat treatment procedures applied on the samples. These two sets of samples possessed different k -phases in the microstructure with various morphologies along with martensitic packs and laths boundaries. The fully martensitic structure of the alloy in as-built and heat treated conditions were considered for electrochemical testing. The results showed a superior corrosion resistance for the alloy in the as-built condition, accrediting to the development of a protective passive surface film and supersaturated structure of alloying elements on the sample. In addition, the tempering precipitation procedure increased the alloy’s corrosion rate due to the accelerated boundary/interface corrosion effect. • The as-built NAB alloy displayed the highest resistance to corrosion due to its super-saturated martensitic structure. • The annealing process increases the number of defects in the passive film after exposing to corrosive solution. • Different corrosion behaviors for HT-1 and HT-2 samples exhibited in progress of martensitic tempering by annealing temperature and time. • For long-term corrosion tests, the corrosion rate reduces at higher times for all three states of processing. • Copper and aluminum have a significant role in formation of protective film which leads to improving the corrosion resistance.",20.083333333333332,6.842323651452282,0.6556016597510373,0.5767634854771784,0.03734439834024896,0.012448132780082987,0.8345035105315948,2024,15.578125
https://doi.org/10.1016/j.corsci.2025.112928,Evolution and mechanism of hydrogen gas embrittlement susceptibility for X80 pipeline steel within the service temperature range,2025,13,True,article,Corrosion Science,"The influence of temperature on the hydrogen gas embrittlement (HGE) susceptibility of X80 is unclear. In this work, mechanical test results revealed the enhanced HGE susceptibility with the decreasing temperature ranging from 333 K to 263 K. At lower temperatures, quasi-cleavage characteristics appeared on crack surfaces and plasticity suppression was further enhanced. Increased dislocation trapping capacity with decreasing temperature was demonstrated by finite element analysis and first-principles molecular dynamics calculations. At the investigated temperature, hydrogen could be sufficiently supplied to dislocations. Therefore, hydrogen trapping sites exhibited a higher concentration than lattice hydrogen and played a dominant role in determining the overall hydrogen distribution within the material. The strong trapping ability of dislocations at lower temperatures could increase the hydrogen concentration in high-density dislocation regions, including the crack tip. It recommends that the HGE of X80 for hydrogen delivery shall be evaluated at a lower temperature instead of room temperature which usually be used.",19.125,7.30718954248366,0.673202614379085,0.6535947712418301,0.0196078431372549,0.0392156862745098,1.7125748502994012,2025,7.590909090909091
https://doi.org/10.1016/j.corsci.2025.112938,Superior tribocorrosion resistance of Mg metal matrix composite by self-sealing PEO coating,2025,13,True,article,Corrosion Science,"SiC-reinforced Mg metal matrix composites (SiC/Mg MMCs) show mechanical advantages but suffer from severe corrosion. Protective self-sealing plasma electrolytic oxidation (PEO) coatings were developed using a phosphate-zirconium-fluoride (P-Zr-F) electrolyte, where additives (F − and ZrF 6 2− ) were strategically introduced to form low-melting MgF 2 and stable ZrO 2 phases. The findings revealed two orders of magnitude increase in corrosion resistance and achieved 5.3 GPa hardness after PEO treatment. The coating on MMC exhibited exceptional tribocorrosion resistance, attributed to partial reactive SiC incorporation into coating and MgF 2 -stabilized friction at sliding interfaces. Accelerated Mg dissolution in MMC promoted MgF 2 formation during PEO process, while SiC restricted inward coating growth, enabling outward fluoride-rich layer development. This work advances surface-tailoring strategies for MMCs in extreme environments.",18.142857142857142,7.275590551181103,0.8031496062992126,0.8976377952755905,0.031496062992125984,0.007874015748031496,1.7125748502994012,2025,7.590909090909091
https://doi.org/10.1016/j.corsci.2025.113063,Characteristics of the initiation and propagation of crevice corrosion in stainless steel,2025,13,True,article,Corrosion Science,"The crevice corrosion behavior of 316 L stainless steel in NaCl solution was investigated under constant potential conditions. Once crevice corrosion initiates at a given site, it propagates from the initiation site toward the crevice mouth. Upon reaching the crevice mouth, corrosion spreads circumferentially along the crevice mouth. This behavior occurs because the potential decreases rapidly before reaching the corrosion initiation site due to the IR drop, resulting in higher potential at the crevice mouth than at the bottom. Additionally, the distribution of solution concentration within the crevice does not differ significantly regardless of the location of the corrosion initiation site. This potential gradient leads to an increase in the corrosion current within the crevice, which accelerates crevice corrosion. From an equipment maintenance perspective, this study suggests that crevice corrosion predominantly propagates in the direction of crevice depth near the crevice mouth. When crevice corrosion is detected, even if the crevice length is significant, propagation in the direction of crevice depth is limited near the bottom. Therefore, priority should be given to inspecting and maintaining the area near the crevice mouth.",20.11111111111111,6.795580110497237,0.6298342541436464,0.5138121546961326,0.03314917127071823,0.027624309392265192,1.7125748502994012,2025,7.590909090909091
https://doi.org/10.1016/j.corsci.2025.113171,Atomistic insights into chloride-induced depassivation mechanisms of protective Cu2O films in marine environments,2025,13,True,article,Corrosion Science,"Copper (Cu) is widely utilized in industrial and marine engineering due to its exceptional thermal and electrical conductivity . In alkaline environments , a passivation layer, primarily composed of Cu 2 O, forms on copper surfaces, effectively inhibiting corrosion. However, in marine environments, this protective film becomes vulnerable to attack by aggressive Cl - ions, leading to film detachment. Several mechanisms have been proposed to explain the depassivation of Cu 2 O, including stress-induced fracture, local thinning, and void-induced collapse mechanisms. Nevertheless, the precise atomic-scale processes at the Cu 2 O/seawater interface remain poorly understood, leaving the exact mechanism by which Cl - promotes Cu 2 O depassivation debated. To elucidate the atomic-scale mechanism of Cl - -induced Cu 2 O corrosion, this study employs advanced computational techniques: ab initio thermodynamics, machine learning potential-based molecular dynamics , and constrained molecular dynamics . Our results reveal that under marine conditions, Cl - undergoes extensive chemisorption on the Cu 2 O(111) surface. This adsorption markedly reduces the energy barrier for lattice copper dissolution. Furthermore, we demonstrate that the formation rate of surface Cu + vacancies far exceeds their longitudinal diffusion rate into the bulk. Based on this kinetic disparity, we propose that Cl - -mediated Cu 2 O depassivation primarily proceeds via the local thinning mechanism. Overall, this work clarifies the breakdown mechanism of passive films on copper and provides a critical theoretical basis for designing corrosion-resistant Cu-based alloys used in marine environments.",21.90909090909091,6.796680497925311,0.7551867219917012,0.6182572614107884,0.029045643153526972,0.02074688796680498,1.7125748502994012,2025,7.590909090909091
https://doi.org/10.1016/j.corsci.2023.111262,Temperature dependence of high-temperature corrosion on nickel-based alloy in molten carbonates for concentrated solar power applications,2023,12,True,article,Corrosion Science,"Concentrated solar power plants present several issues due to salt-induced corrosion, and the modelling of these mechanisms is needed for estimating power plants lifetime predictions. Moreover, a small variation of temperature can lead to microstructure changes due to allotropic transformations and thus free energy of formation of phases within the materials. Therefore, a corrosion study of molten carbonates, being high potential heat transfer fluids for CSP applications, on H230 alloy was performed at 700ºC, 750ºC and 800ºC up to 1000 h, in air atmosphere. The diffusion processes inducing the corrosion mechanism were analyzed and modelled with microstructural characterizations and thermogravimetric studies.",25.25,6.98019801980198,0.6732673267326733,0.801980198019802,0.039603960396039604,0.019801980198019802,0.43724696356275305,2023,27.444444444444443
https://doi.org/10.1016/j.corsci.2023.111724,Integrating APS TBCs with a built-in Al2O3 protection network for superior CMAS resistance,2023,12,True,article,Corrosion Science,"Calcium–magnesium–alumina–silicate (CMAS) attack poses a great threat to the durability of thermal barrier coatings (TBCs). We introduce a novel Al2O3-modified TBC architecture to counter this threat. The architecture integrates an Al2O3 protection network into the microstructure of an atmospheric plasma sprayed (APS) TBC by drip coating method, which modifies the vulnerable infiltration pathway of CMAS melt and promotes the self-crystallization of CMAS at the infiltration front. Moreover, during sintering, the built-in Al2O3 can inhibit inter-splat crack healing. This innovative TBC design achieves robust CMAS resistance and strain tolerance, while also offering advantages during sintering.",18.8,7.308510638297872,0.7021276595744681,0.776595744680851,0.02127659574468085,0.010638297872340425,0.43724696356275305,2023,27.444444444444443
https://doi.org/10.1016/j.corsci.2024.112091,How the multi-phase microstructure of a novel tool steel determines its corrosion behaviour in sulphuric acids,2024,12,True,article,Corrosion Science,"The corrosion behaviour of a Fe81Cr15V3C1 steel was analysed compared to commercial X90CrMoV18 (1.4112) in 0.01-1 mol/L H2SO4 solutions. The rapidly cooled steel comprises martensite dendrites, carbide networks (M7C3, MC) and austenite interdendritic areas. Electrochemical measurements with surface analysis (SEM, EDX, AES, GD-OES) revealed the phase impact on corrosion. Active corrosion of austenite occurs at martensite-carbide boundaries leading to narrow bands. A unique oxidation between passivity and transpassivity with dissolution along lamellar carbides and vanadyl(IV) cation release enhances with increasing acid concentration. Both steels exhibit similar corrosion resistance, a superior mechanical performance of Fe81Cr15V3C1 explains its potential for tool manufacturing.",12.5,7.7,0.75,0.86,0.05,0.0,0.7703109327983951,2024,15.578125
https://doi.org/10.1016/j.corsci.2025.112849,Understanding the effect of oxide ions on Solar Salt chemistry and corrosion mechanism of 316 L stainless steel at 600 °C,2025,12,True,article,Corrosion Science,"Solar Salt (60 wt% NaNO 3 ,40 wt% KNO 3 ), used in Concentrated Solar Power (CSP) Thermal Energy Storage (TES) technology, can decompose into various products at elevated temperatures, with oxide ions being one of the known corrosive byproducts. The study mimics Solar Salt aging by intentionally adding sodium peroxide (Na 2 O 2 ) and sodium oxide (Na 2 O) at concentrations of 0.005 to 0.33 wt% to investigate their role in the corrosion of austenitic stainless steel at 600°C in typical operating conditions. Salt chemistry (nitrite, nitrate, oxide ions, and metal cations) was analyzed every 24 h, and steel corrosion after 168 h was assessed by weight change, corrosion rate, phase analysis, and cross-sectional morphology. Results reveal that at or above 0.135 wt% added Na 2 O 2 /Na 2 O leads to a quasi-steady-state equilibrium of oxide ions in the salt. Interestingly, at these concentrations, the presence of steel further decreases oxide ion concentration. Furthermore, above 0.135 wt%, the corrosion rate increases significantly, along with increased spallation, porosity and disintegration of the corrosion layer, forming a non-protective layer. This study highlights the critical role of oxide ions in the corrosion process. • Oxide ions effect on Solar Salt chemistry and 316 L steel corrosion are investigated. • Na 2 O 2 /Na 2 O additions don’t alter nitrate-nitrite equilibrium over 168 hr exposure. • Quasi-equilibrium of O 2- ions reached at ≥0.135 wt% Na 2 O 2 or Na 2 O in Solar Salt. • Decrease in O 2- ion concentration with steel shows active participation in corrosion. • Alkali oxides ≥0.135 wt% in salt cause severe steel corrosion and scale spallation.",15.333333333333334,5.905797101449275,0.7608695652173914,0.5434782608695652,0.036231884057971016,0.0036231884057971015,1.5808383233532934,2025,7.590909090909091
https://doi.org/10.1016/j.corsci.2025.112911,Corrosion behavior in lead-bismuth eutectic of 316 L stainless steels fabricated by laser-based powder bed fusion and powder metallurgy-hot isostatic pressing,2025,12,True,article,Corrosion Science,"The corrosion behavior of laser-based powder bed fused (LPBF) 316 L under various heat-treatment conditions (as-printed, solution annealed and hot isostatic pressed) in lead-bismuth eutectic (LBE) at 550 °C is studied. The wrought 316 L and counterpart fabricated by powder metallurgy-hot isostatic pressing (PM-HIP) were investigated as references. LPBF 316 L achieves reduced susceptibility to the LBE environment and acquires a shallower corrosion/dissolution depth in comparison to wrought and PM-HIP 316 L. As-printed and hot isostatic pressed LPBF specimens show restricted discernible phase transformation while the other conditions exhibit significant phase transformation. The enhanced corrosion resistance of LPBF 316 L in LBE is attributed to a dislocation cellular microstructure, a high proportion of low-angle grain boundaries, and elevated chromium and silicon contents. Dislocation cell boundaries and twin boundaries have higher resistance to LBE ingress than the high-angle grain boundaries. Compared to the matrix, the preferential corrosion by LBE of LPBF materials at columnar boundaries is related to the carbides and (Si, Mn) enriched oxides formed during LPBF process. LPBF-HIP material exhibits a three-dimensional alternating structure of recrystallized and unrecrystallized areas, effectively impeding LBE ingress and thus can be a promising candidate as the structural material in the LBE system. • Corrosion behavior in LBE of LPBF and PM-HIP 316 L was investigated. • LPBF 316 L exhibit superior resistance compared to wrought and PM-HIP materials. • Dislocation cells, LAGBs and elevated Cr/Si contents improve LBE resistance. • LPBF-AB and LPBF-HIP conditions have reduced dissolution and limited ferritization. • LPBF-HIP condition emerges as an optimal state for structural materials in LBE.",20.0,6.876923076923077,0.7346153846153847,0.5538461538461539,0.026923076923076925,0.007692307692307693,1.5808383233532934,2025,7.590909090909091
https://doi.org/10.1016/j.corsci.2025.113167,Enhanced corrosion resistance of 2024 aluminum alloys with Cr2O3 thin layers by Atomic Layer Deposition,2025,12,True,article,Corrosion Science,"This research explores the use of chromium oxide (Cr 2 O 3 ) thin layers grown by Atomic Layer Deposition (ALD) as protective coating to enhance the corrosion resistance of 2024 aluminum alloys. In order to obtain sufficiently dense and uniform Cr 2 O 3 layers, the ALD process was tailored in terms of alloy surface pretreatment before the main Cr 2 O 3 ALD process. The corrosion resistance of both Cr 2 O 3 coated and non-coated aluminum alloys was evaluated in a corrosive 0.1 M KOH environment using in situ optical microscopy and ex situ surface analysis techniques, including X-ray Photoelectron Spectroscopy (XPS) and Time-of-Flight Secondary Ion Mass Spectrometry (ToF-SIMS) and a neutral environment containing chlorides. Findings revealed that the Cr 2 O 3 -coated samples exhibited significantly reduced reactivity, highlighting the excellent corrosion protection provided by the Cr 2 O 3 thin films. Although surface analysis revealed the presence of submicron defects within the Cr 2 O 3 layer, which could act as corrosion initiation sites, the occurrence of these defects was mitigated with increasing Cr 2 O 3 layer thickness. Additionally, after the corrosion test, an enrichment of copper and aluminum oxides at the layer surface was observed, suggesting preferential attack at intermetallic phases in corrosive environment.",30.142857142857142,6.265402843601896,0.7535545023696683,0.6018957345971564,0.037914691943127965,0.018957345971563982,1.5808383233532934,2025,7.590909090909091
https://doi.org/10.1016/j.corsci.2023.111415,Effect of Ru in the underlying superalloy on isothermal oxidation performance of Pt-Al coating,2023,11,True,article,Corrosion Science,Pt modified aluminide (Pt-Al) coatings were prepared on the third- and fourth-generation single crystal superalloys by electroplating Pt and successive aluminization. The isothermal oxidation behaviors of both coatings were investigated at 1100 ℃ for 350 h. The results showed the Pt-Al coating on the fourth-generation single crystal superalloy had superior oxidation resistance . Ru in the fourth-generation single crystal superalloy diffused into Pt-Al coating during isothermal oxidation and increased spallation resistance of oxide scale. The effects of Ru on the anti-spallation property of oxide scale and the interdiffusion between coating and substrate were discussed. The diffusion process of Ru was investigated.,16.833333333333332,7.01980198019802,0.693069306930693,0.594059405940594,0.0594059405940594,0.0,0.4008097165991903,2023,27.444444444444443
https://doi.org/10.1016/j.corsci.2024.111896,Intergranular corrosion in sensitized austenitic stainless steel subjected to tensile loading and unloading in the elastic-plastic region,2024,11,True,article,Corrosion Science,"This study investigates the influence of mechanical conditions on intergranular corrosion (IGC) in type 304 austenitic stainless steel. Electrochemical potentiokinetic reactivation and oxalic acid etching tests were conducted on specimens under tensile loading and unloading in the elastic-plastic region. The results show that their IGC susceptibility became higher than that of intact specimens. Furthermore, tensile loading during corrosion led to an increase in the IGC susceptibility of plastically deformed specimens. The IGC susceptibility of high-energy grain boundaries (GBs) was increased by elastic and plastic deformation around the GBs. Low-energy GBs exhibited little IGC susceptibility for all mechanical conditions.",16.333333333333332,7.357142857142857,0.6836734693877551,0.7142857142857143,0.061224489795918366,0.02040816326530612,0.7061183550651956,2024,15.578125
https://doi.org/10.1016/j.corsci.2024.112133,In depth analysis of the passive film on martensitic tool alloy: Effect of tempering temperature,2024,11,True,article,Corrosion Science,"Effect of tempering temperature on the composition of the passive film of a martensitic tool alloy was studied by synchrotron-based hard/soft X-ray photoelectron spectroscopy and electrochemical analyses. The contents of Cr and Mo in the passive film are affected by precipitation of tempering carbides. Increase of tempering temperature from 200 to 525°C leads to enhanced formation of Cr/Mo-rich tempering carbides and Cr depletion. Tempering at 525°C results in a Cr content < 11 at.% in the underlying metallic layer and formation of a Cr-deficient defective passive film, and thus loss of passivity for the tool alloy in corrosive conditions.",19.8,6.424242424242424,0.6363636363636364,0.6161616161616161,0.04040404040404041,0.0,0.7061183550651956,2024,15.578125
https://doi.org/10.1016/j.corsci.2025.112759,"On the impact of Cr and Ag additions on the grain boundary microchemistry, hydrogen permeability and environmentally assisted cracking mechanism of an Al-Zn-Mg-Cu-Zr 7xxx alloy",2025,11,True,article,Corrosion Science,"This study explored the impact of minor Cr and Ag additions on the resistance of a new generation Al-8Zn-2Mg-2Cu-0.1Zr alloy to hydrogen environmentally assisted cracking (HEAC) in humid air . The results show that HEAC in Al-8Zn-2Mg-2Cu-0.1Zr alloy can be suppressed by 0.1 wt% Cr addition, due to the formation of E-Al 18 Mg 3 Cr 2 dispersoids with a high H binding energy and possibly a less electrochemically active grain boundary (GB) microchemistry. ∼ 0.3 wt% Ag addition in Al-8Zn-2Mg-2Cu-0.1Zr alloy had no influence on the HEAC susceptibility , despite 1 at% Ag partitioning in the GB η -Mg(Zn,Cu,Al) 2 and a minor decrease in the PFZ width.",13.625,5.697247706422019,0.6972477064220184,0.7339449541284404,0.045871559633027525,0.01834862385321101,1.4491017964071857,2025,7.590909090909091
https://doi.org/10.1016/j.corsci.2025.113201,Stress corrosion cracking susceptibility and propagation behavior of TC4 titanium alloy in simulated deep-sea environment,2025,11,True,article,Corrosion Science,"This study investigated the effect of stress intensity factors (K I ), dissolved oxygen (DO), and hydrostatic pressure (HP) on the stress corrosion cracking (SCC) behavior of commercial TC4 titanium alloy in the simulated marine environment, including both shallow-sea and deep-sea conditions. Experimental results revealed that transgranular SCC and a few intergranular SCC at specific grain boundaries dominated the crack propagation mode. Higher K I and DO concentrations accelerate SCC growth rates (SCCGRs), while HP enhances corrosion reactions and hydrogen embrittlement. The mechanisms of the SCC crack propagation in different phases were discussed.",23.25,6.967741935483871,0.7096774193548387,0.7956989247311828,0.07526881720430108,0.010752688172043012,1.4491017964071857,2025,7.590909090909091
https://doi.org/10.1016/j.corsci.2025.113355,In-situ engineered ZrB2-ZrSi2-MoSi2 coatings with self-healing multiphase glass networks for superior oxidation protection at 1973 K,2025,11,True,article,Corrosion Science,"To address the protection failure of ZrB 2 -based coatings caused by structural loosening during oxidation, an in-situ alloying strategy with dual-silicide synergistic enhancement via one-step powder-source alloying is presented in this study. The approach successfully produced ZrB 2 -ZrSi 2 -MoSi 2 composite powders with precisely controllable composition, which were subsequently used to construct high-performance oxidation resistant coatings on graphite substrates. The optimized ZZM40 coating with 40 vol% MoSi 2 demonstrated a remarkable 98.21 % reduction in oxygen permeability and an 84.03 % reduction in carbon loss rate at 1973 K compared to the undoped coating, achieving a protection efficiency of 99.58 %. The performance enhancement is attributed to the in-situ formation of a self-generated glass phase during oxidation, which exhibits high fluidity and self-healing properties. Additionally, the in-situ precipitated nanoscale MoB phase effectively suppresses the volatilization of B 2 O 3 through a pinning effect, achieving a synergistic enhancement in thermal stability and oxygen blocking capabilities. Notably, excessive MoSi 2 doping at 50 vol% leads to detrimental effects. Intensified MoO 3 volatilization reduces the viscosity of the glass phase and triggers a chain reaction of defect propagation, consequently increasing the carbon loss rate by 34.43 % compared to ZZM40. The proposed powder-source in-situ alloying strategy validates the defect-repair mechanism driven by dual-silicide oxygen-blocking reinforcement, providing crucial theoretical foundations for the design and application of next-generation high-temperature thermal protection materials.",19.25,7.095238095238095,0.7489177489177489,0.6406926406926406,0.025974025974025976,0.008658008658008658,1.4491017964071857,2025,7.590909090909091
https://doi.org/10.1016/j.corsci.2024.112519,Influence of friction stir welding on the localised corrosion behaviour of AA2060 T8E30 and AA2099 T83 Al-Li alloys,2024,10,True,article,Corrosion Science,"The effect of friction stir welding (FSW) on the microstructure and localised corrosion behaviour of the dissimilar weld of AA2099 T83 and AA2060 T8E30 alloys is investigated. FSW results in a drastic change in the microstructure thus altering their corrosion behaviour. The heat-affected region exhibits similar attack morphology to their respective base metal but is the most protected region. The stir zone (SZ) is the most susceptible to attack. During immersion of the entire weld, attack initiation occurs from the AA2060 SZ due to galvanic activity within the region caused by the overlap of the grains in the weld zone. • Localised corrosion behaviour of dissimilar FSW of Al-Li alloys is investigated in this work. • Microstructural features of the weld regions are altered depending on their distance from the weld centre. • The HAZ regions are the most protected, while the SZ regions are the most susceptible to corrosion attack. • The stir zone presents an intricate corrosion mechanism due to overlapping layers from both alloys in the weld nugget. • The corrosion attack on the entire weld is driven by galvanic effect between the weld zones.",18.8,6.079787234042553,0.6329787234042553,0.4734042553191489,0.031914893617021274,0.005319148936170213,0.641925777331996,2024,15.578125
https://doi.org/10.1016/j.corsci.2025.112695,New insights into corrosion initiation and propagation in a hot-dip Al-Zn-Mg-Si alloy coating via multiscale analytical microscopy,2025,10,True,article,Corrosion Science,"Multiscale analytical microscopy provides new mechanistic insights into the corrosion processes within a pre-painted hot-dip Zn-55Al-2Mg-1.5Si coated steel exposed to a coastal environment. This study is the first to conclusively show that corrosion initiation is not only affected by the electrochemical activities of constituent phases but also by their morphology. Corrosion initiates when sub-micron Zn particles within the Zn-Al binary eutectic dissolve. Thereafter, corrosion propagates by the dissolution of large Zn particles and by Mg dealloying from MgZn 2 and Mg 2 Si intermetallic phases. The late stages record the corrosion of primary Al-rich dendrites, leading to a volumetric expansion in corrosion product. • Multiscale microscopy was used to provide new insights into corrosion processes within a hot dip coating. • Corrosion initiation was found to not only affected by electrochemical activities of constituent phases but also by their morphology. • Sub-micron Zn particles in the Zn-Al binary eutectic were the first phase to preferentially dissolve during the initiation of corrosion.",17.88888888888889,6.739130434782608,0.6708074534161491,0.5652173913043478,0.031055900621118012,0.006211180124223602,1.3173652694610778,2025,7.590909090909091
https://doi.org/10.1016/j.corsci.2025.112939,Microelectrochemical identification of the submicron-sized initiation site for pitting corrosion in 17–4PH stainless steel,2025,10,True,article,Corrosion Science,"The initiation site of pitting corrosion of 17–4PH stainless steel in 1 M NaCl was identified by SEM/EDS analysis after micro-scale galvanostatic polarization. A commercially available 17–4PH stainless steel was solution treated at 1040°C for 1 h and subsequently tempered, and as-quenched, 482°C-tempered, and 621°C-tempered specimens were made. All specimens contained MnS and NbC particles with a size of approximately 500 nm. In addition, the precipitation of ε-Cu was observed in the tempered specimens. In 1 M NaCl at 25°C, the pitting potential measured in conventional potentiodynamic polarization decreased by tempering, suspecting that ε-Cu was the initiation site for pitting corrosion. However, micro-scale galvanostatic polarization at 3 mA m −2 on a 500 μm × 500 μm electrode allowed the pit diameter to be controlled to approximately from 500 nm to 1 μm, and SEM/EDS analysis after the polarization revealed that the initiation site of pitting of the tempered specimens was MnS, not ε-Cu. The results provide significant insight into the improvement of the pitting corrosion resistance of 17–4PH stainless steel and indicate that the pitting corrosion resistance can be improved by surface treatments to remove MnS or by controlling the MnS composition with trace amounts of alloying elements. Fabricating a small working electrode and performing galvanostatic polarization are promising techniques for identifying submicron-sized initiation sites for pitting corrosion. • MnS and NbC particles with a size of ca. 500 nm existed in the 17–4PH stainless steel. • Micro-scale galvanostatic polarization in 1 M NaCl produced submicron pits. • MnS with a size of ca. 500 nm was found to be the pit initiation site.",20.384615384615383,6.388679245283019,0.6867924528301886,0.4528301886792453,0.04150943396226415,0.01509433962264151,1.3173652694610778,2025,7.590909090909091
https://doi.org/10.1016/j.corsci.2025.112985,In situ microscopy and electrochemical characteristics of initiation of intergranular corrosion of aging-treated Al–1Mg–0.65Si–0.8Cu alloy in 0.1 M NaCl,2025,10,True,article,Corrosion Science,"This study investigated the initiation site of intergranular corrosion (IGC) in aging-treated Al–1Mg–0.65Si–0.8Cu alloy in 0.1 M NaCl. Polarization and open-circuit potential measurements were performed. Further, in situ observations were made using a small electrode area of 300 µm × 300 µm. In potentiodynamic polarization, the breakdown potential was −0.4 V vs. SHE, leading to pitting corrosion, which in turn initiated IGC. The OCP under naturally aerated conditions increased from approximately −1.2 to −0.4 V over time, and IGC was initiated at −0.4 V. Even in the case of the small electrode area (300 µm × 300 µm), IGC occurred at −0.4 V in potentiostatic polarization; high-spatial-resolution in situ observations were then performed. IGC initiated from randomly distributed Mg 2 Si particles and generation of gas bubbles. Moreover, the Mg 2 Si particles at the initiation site of IGC were located on or near the grain boundaries, and trenching was observed at the Mg 2 Si/alloy matrix boundaries. In addition to the exposure of the bare alloy surface by trenching, the acidification inside the trench likely contributed to the initiation of IGC. The role of Mg 2 Si in the initiation of IGC was examined based on the results of in situ observations and the polarization behavior. • Mg 2 Si particles (≥1 µm) were randomly distributed in Al–1Mg–0.65Si–0.8Cu alloy. • Intergranular corrosion (IGC) initiated at Mg 2 Si located on or near grain boundary. • Trenching between Mg 2 Si and alloy matrix provided the sites for IGC. • An acid in the trench likely dissolves the Cu-depleted zone and leads to IGC. • Corrosion tunnels around the Mg 2 Si might also be related to the IGC initiation.",10.76923076923077,5.928571428571429,0.6964285714285714,0.4785714285714286,0.039285714285714285,0.017857142857142856,1.3173652694610778,2025,7.590909090909091
https://doi.org/10.1016/j.corsci.2024.112651,Corrosion of austenitic stainless steels in liquid Pb with 2E-7 wt% oxygen at 600 and 700 °C,2024,9,True,article,Corrosion Science,"Liquid lead is an attractive candidate to be used as heat transfer medium for heat transfer and storage systems due to its excellent heat transfer characteristics and wide applicable temperature range. This study explores the material compatibility of five different austenitic stainless steels (two cast and three wrought steels) and investigates the possibility to extend their use up to 700 °C. From static exposure tests with up to 5000 hours duration, the corrosion behavior of each steel is characterized. Comparison of the different materials allows conclusions on the influence of individual alloying elements and of the material’s grain size .",25.0,6.47,0.65,0.75,0.08,0.03,0.5777331995987964,2024,15.578125
https://doi.org/10.1016/j.corsci.2024.112455,Effect of Hf on high-temperature oxidation behavior of chromia-forming Al CoCrFeNi alloys,2024,8,True,article,Corrosion Science,"Nanodispersion of HfO 2 is deposited on the surfaces of chromia-forming Al x (CoCrFeNi) 100− x high entropy alloys ( x = 3; 6; 9) to improve their resistance to high-temperature oxidation in air at 900 °C. A strong effect of Hf as a reactive element is well-confirmed through several-fold reduction in mass gains, suppressed scale spallation, simplified oxide scale composition (mainly Cr 2 O 3 ), and inhibited internal oxidation and nitridation, compared to the unmodified reference materials. Its beneficial influence is visible particularly during the especially challenging long-term thermal cycling. The study proves the wide possibilities for obtaining highly efficient HEA-based materials for high-temperature industrial applications. • Surface dispersion of HfO 2 radically improves the high-temperature oxidation resistance of Al x CoCrFeNi alloys. • The mass gains are several times reduced, scales’ constitution is simplified and thickness is decreased. • The modified materials exhibit also excellent resistance to thermal shocks during thermal cycling. • Addition of HfO 2 enables transformation of the oxidation behavior from poor to highly protective.",21.375,6.701754385964913,0.7660818713450293,0.6842105263157895,0.04093567251461988,0.011695906432748537,0.5135406218655968,2024,15.578125
https://doi.org/10.1016/j.corsci.2024.112585,Growth mechanism of chromia scales on a model Ni-30Cr alloy at high temperatures,2024,8,True,article,Corrosion Science,"Oxidation tests with markers and tracers were carried out to investigate the growth mechanism of chromia scale on a model Ni-30Cr alloy. The location of oriented grains characterized by TEM-ASRAR indicated that the scale grew predominantly outward at 800 and 900 °C. Experiments using 18 O and 54 Cr tracers confirmed a cationic transport via grain boundaries at these temperatures, using SIMS and NanoSIMS analyses. In the light of this and previous studies, we propose that the scales grow via diffusion of chromium vacancies at 900 °C and oxygen vacancies at 500 °C. • Marker and tracer experiments for the growth mechanism of chromia on a Ni-30Cr alloy. • Dominant outward growth at 800 and 900 °C characterized by TEM-ASTAR. • Dominant cationic diffusion at 800 and 900 °C found by 18 O tracer experiments. • Grain boundary diffusion at 800 and 900 °C according to 54 Cr tracer experiments. • Growth driven by the diffusion of O vacancies at 500 °C and Cr vacancies at 900 °C.",18.666666666666668,5.75,0.6845238095238095,0.47619047619047616,0.02976190476190476,0.017857142857142856,0.5135406218655968,2024,15.578125
https://doi.org/10.1016/j.corsci.2024.112637,Effect of hydrogen on corrosion resistance and fatigue properties of near-β Ti-5Al-5Mo-5V-3Cr-1Zr alloy,2024,8,True,article,Corrosion Science,"Clarifying the performance changes and mechanisms under the action of hydrogen is crucial for the safe application of near-β Ti-5Al-5Mo-5V-3Cr-1Zr (Ti-55531) alloy. Effects of hydrogen on the microstructure, corrosion resistance and fatigue properties of near-β Ti-55531 alloy were investigated by controlling electrochemical hydrogen charging time. As the hydrogen content increased by 26.36-fold to 478.20 ppm, the fatigue life decreased by 61.87 % to 6672 cycles, and the passive current density increased by 2.93-fold to 1.06 × 10 −5 A cm −2 due to the passive film degradation and matrix alterations. Surface microstructure detachment accelerated crack initiation, and plastic damage further contributed to fatigue performance degradation .",11.777777777777779,6.7924528301886795,0.7075471698113207,0.7924528301886793,0.05660377358490566,0.0,0.5135406218655968,2024,15.578125
https://doi.org/10.1016/j.corsci.2025.112800,Effect of ageing temperature on the microstructure and localised corrosion of 15–5PH stainless steel,2025,8,True,article,Corrosion Science,"The effect of microstructure on the localised corrosion resistance of 15–5PH stainless steel was investigated as a function of ageing temperature (450°C, 540°C and 650°C). Microstructural characterisation revealed an increase in reverted austenite content for samples aged at 650°C. Cu precipitates increased in size with ageing temperature. Cr carbides were observed in samples aged at 540°C, and in samples aged at 650°C with a greater size and number density. Potentiodynamic Polarisation (PDP) and Double-Loop Electrochemical Potentiokinetic Reactivation (DL-EPR) were used to determine the Pitting Potential (E pit ) and the Degree Of Reactivation (DOR) at each ageing temperature, respectively. The scatter in the measured E pit values was too large to confidently rank pitting susceptibility as a function of ageing temperature. However, it was found that the DOR increased with ageing temperature; this increase correlated with an increase in density of Cr carbides in the microstructure at an ageing temperatures of 540°C and the formation of reverted austenite at 650 °C. These heat treatment induced changes resulted in the distribution of Cr in the microstructure becoming less homogeneous as the ageing temperature increased, leading to a likely increase in the number of susceptible sites for localised corrosion by disruption of the integrity of the passive film. • The microstructure of 15–5PH was characterized as a function of ageing temperature. • Cr carbides form during ageing at 650°C and at 540°C but not at 450°C. • Higher temperature ageing promotes more austenite reversion and less localized corrosion resistance. • The integrity of the passive film was investigated with a modified DL-EPR test. • Lower Cr content in austenite and Cr carbides are responsible for reactivation.",21.076923076923077,6.507299270072993,0.656934306569343,0.4708029197080292,0.029197080291970802,0.010948905109489052,1.0538922155688624,2025,7.590909090909091
https://doi.org/10.1016/j.corsci.2025.112960,"Flow, chloride, and pH effects on carbon steel corrosion in BWR cold shutdown: Development of a 4-STEP corrosion model",2025,8,True,article,Corrosion Science,"The corrosion behavior of carbon steel in Boiling Water Reactor (BWR) plants during cold shutdown was investigated under flow velocities of 0.1 and 2.0 m/s, chloride ion (Cl - ) concentrations of 0.01, 0.1, 1, and 10 mg/L, and pH of 6.3, 7.6, and 8.5. Experiments over 800 h demonstrated that a high flow velocity (2.0 m/s) promotes rapid passivation , while a low flow velocity (0.1 m/s) results in sustained corrosion. Cl - damaged protective films, accelerating corrosion, particularly under high flow velocity. Higher pH and/or electric conductivity increased uniform corrosion . The newly developed 4-STEP corrosion model successfully reproduced the experimental results.",7.428571428571429,6.240384615384615,0.7980769230769231,0.75,0.028846153846153848,0.0,1.0538922155688624,2025,7.590909090909091
https://doi.org/10.1016/j.corsci.2025.113012,Analysis and quantification of high-temperature corrosion in lignite fired boilers using an online monitoring system,2025,8,True,article,Corrosion Science,"Corrosion monitoring in industrial boilers is typically performed using offline techniques, such as coupons or ultrasonic testing, to assess component lifetime. These techniques lack temporal resolution, hindering their ability to detect dynamic influences on corrosion attack, such as fuel inhomogeneity, load changes, or unfavourable operational parameters. Electrochemical online monitoring has been successfully implemented in the chemical industry, yet studies in power plants remain limited to short tests or laboratory-scale parameter investigations. This work aims to highlight the added value of online monitoring and evaluate the ability to record reliable data in industrial environments. Additionally, the study presents an approach to quantify sensor data and enable operators to derive actionable recommendations. Twelve sensors were strategically positioned around burners in the membrane wall and monitored for three years to investigate spatial distribution and temperature influence on corrosion attack. Sampling of near-wall gas atmosphere during partial and full-load conditions facilitated research into gas phase influence. Multiple analytical approaches validated sensor data: Temperature measurements demonstrated correlation between deposit accumulation and corrosion signals. Event-based analysis revealed intense corrosion during plant shutdowns across all sensor positions. Statistical evaluation established correlation between mill utilization and corrosion intensity. Gravimetric quantification methods, expressing results in mm/1000 h, enhanced interpretability and chemical analysis of deposits provided insight into dominant corrosion mechanisms. This study offers significant insight to operators as well as researchers, enabling them to evaluate the benefits of online monitoring systems and to compare laboratory experiments with industrial results.",20.0,7.745833333333334,0.7291666666666666,0.7041666666666667,0.016666666666666666,0.008333333333333333,1.0538922155688624,2025,7.590909090909091
https://doi.org/10.1016/j.corsci.2025.113095,Type-II hot corrosion investigation of the DS200 +Hf superalloy at the γ/γ' scale,2025,8,True,article,Corrosion Science,"Type-II hot corrosion behavior was investigated on the Ni-based superalloys DS200+Hf, precoated with Na 2 SO 4 , in a flowing O 2 –SO 2 –SO 3 atmosphere. Corrosion products were characterized as an outer oxide layer rich in Ni and Co, and a complex inner layer including S and O. Investigations at the nanoscale of the propagation front revealed the formation of a partially crystallized WS 2 network, ordered along the c-axis with the γ/γ’ microstructure. Statistical measurement of the affected depths showed that the corrosion rate followed a parabolic law as a function of time from 550 °C to 700 °C.",25.75,5.757281553398058,0.6796116504854369,0.7378640776699029,0.07766990291262135,0.009708737864077669,1.0538922155688624,2025,7.590909090909091
https://doi.org/10.1016/j.corsci.2025.112846,In situ ICP-MS analysis of passivation process and selective dissolution of Fe-15Cr alloy in sulfuric acid,2025,7,True,article,Corrosion Science,"The dissolution of Fe-15Cr alloy during potentiodynamic polarization in sulfuric acid was quantified in situ using inductively coupled plasma mass spectrometry. The potential dependence of the very low dissolution rates of Fe and Cr in the passive state was characterized. The selective dissolution of Fe was observed in the lower passive potential range, while Cr dissolved preferentially in the higher passive potential range. The discrepancy between the polarization curve and current from the Fe and Cr dissolution in the passive state was attributed to the formation of a passive film. The calculated film thickness was on the order of nanometers. • Fe-15Cr alloy dissolution during polarization in sulfuric acid was investigated by ICP-MS. • Low dissolution rates of Fe and Cr in the passive state were experimentally quantified. • The selective dissolution of Fe and Cr during polarization was characterized. • The calculated passive film thickness was in the order of nanometers.",16.88888888888889,6.407894736842105,0.6644736842105263,0.40131578947368424,0.02631578947368421,0.006578947368421052,0.9221556886227545,2025,7.590909090909091
https://doi.org/10.1016/j.corsci.2025.113080,Large language models predicting the corrosion inhibition efficiency of magnesium dissolution modulators,2025,7,True,article,Corrosion Science,"Large language models (LLMs), such as GPT-4o, have shown promise in solving everyday tasks and addressing fundamental scientific challenges by leveraging extensive pre-trained knowledge. In this study, we investigate their potential to predict the efficiency of various organic compounds in inhibiting the corrosion of the magnesium alloy ZE41. Traditional approaches, such as Multilayer Perceptrons (MLPs), rely on non-contextual data, often necessitating large datasets and substantial effort per sample to achieve accurate predictions. These methods particularly struggle with small datasets as their training data and domain of applicability is limited to a small area of the available chemical space. LLMs can contextualize and interpret limited data points by drawing on their vast knowledge, including the chemical properties of molecules and their influence on corrosion processes in other materials (e.g. iron and aluminium). By prompting the model with a small dataset, LLMs can provide meaningful predictions without the need for extensive training. Our study demonstrates that LLMs can predict corrosion inhibition outcomes and outperform classical approaches, such as MLPs, having access to the identical number of training samples.",19.555555555555557,6.948863636363637,0.6420454545454546,0.6818181818181818,0.017045454545454544,0.011363636363636364,0.9221556886227545,2025,7.590909090909091
https://doi.org/10.1016/j.corsci.2025.113142,Pb corrosion of ferritic/martensitic steels at 600–700 °C,2025,6,True,article,Corrosion Science,"This research investigates the corrosion behavior of three different ferritic/martensitic steels (P91, 1.4748, 1.4136) in liquid lead containing 2 ×10 -7 wt.% dissolved oxygen. Additionally, one of the steels (P91) is surface-aluminized by pack cementation prior to Pb exposure to explore the efficacy of an aluminide coating. The aim of this study is to explore the possibility to extend the use from a corrosion point of view of the selected F/M steels in liquid Pb up to 700 °C. To gain a better understanding of the corrosion behavior over time, exposure tests with three different durations up to 5000 hours are performed. Post-exposure analysis demonstrates oxidation on all materials in the initial stage, followed by various differing scenarios specific for each material and exposure temperature. These range from oxidation with protective properties and selective Cr dissolution with intergranular Pb penetration to total dissolution.",15.88888888888889,6.475524475524476,0.6433566433566433,0.6853146853146853,0.027972027972027972,0.02097902097902098,0.7904191616766467,2025,7.590909090909091
https://doi.org/10.1016/j.corsci.2025.113321,Transpassive-repassivation process of Ni-base superalloys: The role of hidden subsurface alloy layer,2025,6,True,article,Corrosion Science,"Passivity refers to spontaneous formation of a passive film on the surface of metals. High stability of the passive film on advanced alloys relies on the repassivation ability of the alloys in corrosive environments. Two Ni-base superalloys (Ni-22Cr-9Mo-5Fe-2Nb and Ni-18Cr-3Mo-20Fe-5Nb) are studied to elucidate the mechanism of repassivation through a combination of multimodal in-situ synchrotron X-ray measurements, electrochemical measurements, and first principles calculations. The synchrotron X-ray analyses enabled in-situ probing of the passive film and the hidden subsurface alloy layer. The results reveal chemical and structural evolutions of both the passive film and the underlying subsurface alloy layer under transpassive condition. The first principles calculations demonstrate a crucial role of the subsurface alloy layer in the repassivation of the alloys. Upon passivity breakdown at high electrochemical potentials, the passive film rich in Cr oxide becomes highly defective with vacancies, and metal dissolution leads to generation of vacancies (mainly Ni) in the subsurface alloy layer. This promotes repassivation process by enhanced outward Cr diffusion strengthening the metal bond (more Cr-Ni bonds) in the subsurface alloy layer and, together with the enrichment of high valence Mo- and Nb-oxides in the passive film, lead to repassivation when the high potential is removed, which is different from Fe-rich alloys. • Passive film becomes highly defective and loss its barrier effect when breakdown occurs at high anodic potentials. • Surface alloy layer beneath passive film plays a crucial role on transpassive-repassivation of Ni-base superalloys. • Enrichment of Cr in the surface alloy layer trigs ‘self-healing’ process by strengthening the Cr-Ni bonds.",23.272727272727273,6.83203125,0.671875,0.5078125,0.02734375,0.0078125,0.7904191616766467,2025,7.590909090909091
https://doi.org/10.1016/j.corsci.2025.113015,The development of Ni-Cr-W corrosion resistant alloys immune to sensitization,2025,5,True,article,Corrosion Science,"The Ni-Cr-Mo system is the basis of important commercial corrosion resistant alloys (CRA’s) such as Inconel 625. These alloys perform very well so long as the Cr and Mo are available in solid solution. One of the limitations of Ni-Cr-Mo based CRA’s is that exposure at moderate temperatures (>500°C) can lead to precipitation of Cr and/or Mo containing compounds and this sensitization degrades the corrosion and mechanical performance. This research explores the development of a class of CRA’s based on the Ni-Cr-W system. This system has the advantage that compositions can be designed using computational thermodynamics that remain single phase from room temperature to melting, and hence could be immune from classic sensitization. We use atomic emission spectroelectrochemistry, coupled with x-ray photoelectron spectroscopy, to observe the extent to which W interacts with the Ni-Cr-W alloy surface during transpassive dissolution and repassivation in a 0.1 M solution of HCl (pH 1). This is compared with the behaviour of Mo and Nb in a commercial Inconel 625 alloy. The retention and dissolution behaviours of W, Mo and Nb are compared with results of ASTM G48 pitting and crevice testing to relate corrosion mechanisms with alloy performance. W is shown to enrich during transpassive dissolution and dissolve upon repassivation in a similar manner to Mo, suggesting their repassivation mechanisms are similar. The presence of Nb in Inconel 625 is also proposed to increase pitting resistance and reduce crevice propagation. It is shown that Ni-Cr-W alloys can be designed to be immune to sensitization with W playing a similar role in repassivation to Mo in Ni-Cr Mo alloys.",22.0,6.268939393939394,0.6325757575757576,0.5151515151515151,0.03787878787878788,0.015151515151515152,0.6586826347305389,2025,7.590909090909091
https://doi.org/10.1016/j.corsci.2024.112248,High-temperature hot corrosion kinetics of PVD Ti1-xAlxN coatings on Nimonic c-263,2024,3,True,article,Corrosion Science,"The high-temperature hot corrosion (HTHC) behavior of Ti1-xAlxN-coated c-263 alloy was studied with- and without a Na2SO4/MgSO4 salt mixture at 850 °C in a SOx-rich atmosphere. In absence of the salt deposit, both, the bare c-263 alloy and cathodic arc evaporated Ti1-xAlxN specimens follow a quasi-cubic corrosion rate. However, when exposed to salt under identical conditions, the rates increase significantly, featuring a compounded parabolic-linear rate law for the c-263 alloy, and a parabolic-like rate behavior for Ti1-xAlxN-coated specimens. The rate-determining step of the HTHC mechanism was attributed to a nitride-to-oxide transformation, followed by a sequential fluxing of the formed oxides.",25.0,6.77,0.67,0.73,0.05,0.02,0.19257773319959878,2024,15.578125
https://doi.org/10.1016/j.corsci.2017.04.012,Oxidation behaviour of a continuous carbon fibre reinforced ZrB 2 –SiC composite,2017,81,True,article,Corrosion Science,"The oxidation behaviour in air of a hot-pressed ZrB2–SiC–Cf composite was investigated. Tests from 25 to 1550 °C in air were carried out at a rate of 10 °C/min and 45 °C/min. Then, 6 h isothermal runs were conducted in air at 800, 1000, 1200, 1400 °C, after heating the samples in argon at 30 °C/min. Below 1000 °C the kinetics was dominated by an exponential weight loss due to fibre consumption. Above 1000 °C, weight loss started to be significantly counterbalanced by weight gain due to the formation of a layer of SiO2 and B2O3. Kinetic parameters were evaluated.",16.666666666666668,5.55,0.68,0.67,0.01,0.01,1.5793871866295266,2017,51.285714285714285
https://doi.org/10.1016/j.corsci.2015.05.063,Identification of damage evolution during SCC on 17-4 PH stainless steel by combining electrochemical noise and acoustic emission techniques,2015,73,True,article,Corrosion Science,17-4PH martensitic stainless steel samples were tested in a constant load equipment in a hot MgCl2 solution. Stress corrosion cracking was simultaneously monitored by electrochemical noise (EN) and acoustic emission (AE) techniques. During test corrosion mechanisms gradually evolve from localized pitting to stress corrosion cracking until final rupture. By combining the two monitoring techniques it was possible to distinguish between damage stages with a predominant electrochemical contribution and damage stages with a predominant mechanical contribution to crack propagation. The implementation of combined AE and EN measurements is a promising approach for reliable detection of damage phenomena in SCC promoting environment.,20.0,7.27,0.71,0.75,0.08,0.01,1.1166347992351817,2015,65.375
https://doi.org/10.1016/j.corsci.2016.07.032,Oxidation behavior and microstructural decomposition of Ti-6Al-4V and Ti-6Al-4V-1B sheet,2016,71,True,article,Corrosion Science,This article conducts a direct comparison between the oxidation behavior of Ti-6Al-4V and Ti-6Al-4V + 1B to elucidate whether the addition of boron to Ti-^Al-4V impacts the oxidation behavior.,29.0,6.379310344827586,0.5862068965517241,0.8275862068965517,0.034482758620689655,0.0,0.881489841986456,2016,80.54545454545455
https://doi.org/10.1016/j.corsci.2017.07.008,The corrosion behaviour of machined AA7150-T651 aluminium alloy,2017,71,True,article,Corrosion Science,"The present work investigates the corrosion behaviour of machined AA7150-T651 aluminium alloy. It is found that machining operation introduces a near-surface deformed layer, characterized by ultrafine grains and segregation of Mg and Zn at grain boundaries, to the alloy. The near-surface deformed layer is electrochemically more active compared with the bulk alloy, therefore, is preferentially corroded during immersion in an 3.5 wt.% sodium chloride solution acidified to pH 3.2. The open circuit potential of the machined alloy shows a transient at the beginning of immersion in the solution, due to the preferential dissolution of the near-surface deformed layer.",14.0,6.642857142857143,0.6632653061224489,0.6836734693877551,0.05102040816326531,0.01020408163265306,1.384401114206128,2017,51.285714285714285
https://doi.org/10.1016/j.corsci.2015.06.008,Atom probe tomography of stress corrosion crack tips in SUS316 stainless steels,2015,71,True,article,Corrosion Science,"Novel atom probe tomography (APT) data of an intergranular stress corrosion crack tip has been acquired. Using APT for stress corrosion cracking research, very small, localized features and their distribution around the crack tip can be studied in 3D. This work details the development of a technique for the preparation of atom probe needles. Initial characterization via analytical transmission electron microscopy provides with a complementary analysis and accurately locates features that can be correlated with the reconstructed APT data. Ni enrichment and intergranular oxidation ahead of the crack tip have been studied with APT in 3D and with near-atomic resolution.",20.0,6.66,0.68,0.67,0.03,0.02,1.0860420650095601,2015,65.375
https://doi.org/10.1016/j.corsci.2015.10.019,Micro-mechanical measurement of fracture behaviour of individual grain boundaries in Ni alloy 600 exposed to a pressurized water reactor environment,2015,65,True,article,Corrosion Science,A micro-mechanical technique is used to determine values of the critical stress intensity factor for fracture for grain boundaries of various orientations in Ni alloy 600 exposed to Pressurized Water Reactor (PWR) primary water at 325 °C with a hydrogen partial pressure of 30 kPa. Pentagonal cross-section cantilevers 5 μm wide by 25 μm long were milled using a focused ion beam (FIB) at individual grain boundaries in unoxidised Alloy 600 samples and in samples that had been exposed to simulated PWR environment for 4500 h and for 1500 h. The cantilevers were notched at the grain boundaries using FIB and tested using a nanoindenter to deflect them in bending. The critical stress intensity factor for the fractured cantilevers in samples that had been exposed for 4500 h was measured to be between 0.73 and 1.82 MPa(m)1/2. No intergranular fracture occurred in the samples that had been exposed for 1500 h and in the unoxidised samples. No direct correlation was observed between the grain boundary misorientation angle and the critical stress intensity factor.,21.625,6.104046242774566,0.6878612716763006,0.5549132947976878,0.017341040462427744,0.005780346820809248,0.994263862332696,2015,65.375
https://doi.org/10.1016/j.corsci.2017.05.023,Strain-induced reactivation of corrosion pits in austenitic stainless steel,2017,62,True,article,Corrosion Science,"The reactivation of a corrosion pit under the synergetic effect of strain and electro-chemical polarisation has been observed in a type 304L stainless steel using X-ray computed tomography. The pit reactivation process was associated with the formation of a new pit, directly adjacent to a pre-existing pit. Pit growth kinetics were estimated, revealing an increase of the diffusivity parameter (Deff ΔC) from 3.0 × 10−8 mol cm−1 s−1 to 4.5 × 10−8 mol cm−1 s−1 with the application of strain, indicating higher metal dissolution rates. Applied strain resulted in fractured lacy metal covers, and its effect on pit growth kinetics is discussed.",17.0,6.176470588235294,0.7352941176470589,0.7254901960784313,0.049019607843137254,0.0196078431372549,1.2089136490250696,2017,51.285714285714285
https://doi.org/10.1016/j.corsci.2018.04.034,"Corrosion performance of Ti3SiC2, Ti3AlC2, Ti2AlC and Cr2AlC MAX phases in simulated primary water conditions",2018,62,True,article,Corrosion Science,"The response of Ti3SiC2, Ti3AlC2, Ti2AlC and Cr2AlC MAX phases under simulated primary water has been explored for the first time. Samples were tested for 28 days in 300 °C water with the addition of 2 ppm LiOH. The Ti-based MAX phases formed oxides of TiO and TiFeO3. X-ray diffraction and scanning electron microscopy showed no evidence of a passive Al or Si-based layer forming during testing. A-layer dissolution was observed to cause delamination of the layered structure. In contrast, Cr2AlC showed little change during autoclave testing, suggesting that a thin passivating chromia layer was formed.",16.0,6.15625,0.6979166666666666,0.7708333333333334,0.03125,0.03125,0.5827676240208878,2018,106.38888888888889
https://doi.org/10.1016/j.corsci.2018.09.004,The influence of silicon on the corrosion properties of FeCrAl model alloys in oxidizing environments at 600 °C,2018,61,True,article,Corrosion Science,"The present study investigates the influence of Si on the high temperature corrosion behaviour of FeCrAl model alloys in O2, O2+H2O and O2+H2O + KCl at 600 °C for up to 168 h. The investigation by SEM/EDX showed that all alloys displayed a protective behaviour in dry O2. In the more corrosive environments (O2+H2O and O2+H2O + KCl) the addition of Si affected the oxidation properties in two ways; Alloys containing Si resisted breakaway oxidation caused by Cr-evaporation (O2+H2O) and the thickness of the oxide formed after breakaway oxidation decreased with increasing amount of Si (O2+H2O + KCl).",32.666666666666664,6.081632653061225,0.6428571428571429,0.6632653061224489,0.04081632653061224,0.0,0.5733681462140993,2018,106.38888888888889
https://doi.org/10.1016/j.corsci.2018.02.008,Corrosion of copper in pure O 2 -free water?,2018,59,True,article,Corrosion Science,"Copper exposed to pure, O-2-free water for several months in glass- and metal-contained, well-controlled systems shows no evidence of corrosion, either through hydrogen evolution or through the occurrence of oxidized copper. The results contradict the interpretation of recent experiments where it has been claimed that copper corrodes in pure, O-2-free water far above the very limited extent predicted by established thermodynamic data. Reasons for the different experimental outcomes are discussed. Experimental and theoretical efforts to identify hitherto unknown, potentially corrosion driving species of the Cu-O-H system and studies of copper/water surface reactions are reviewed as background for the present study.",25.0,7.05,0.66,0.8,0.02,0.01,0.5545691906005222,2018,106.38888888888889
https://doi.org/10.1016/j.corsci.2019.108245,In silico screening of modulators of magnesium dissolution,2019,58,True,article,Corrosion Science,"The vast number of small molecules with potentially useful dissolution modulating properties (inhibitors or accelerators) renders currently used experimental discovery methods time- and resource-consuming. Fortunately, emerging computer-assisted methods can explore large areas of chemical space with less effort. Here we show how density functional theory calculations and machine learning methods can work synergistically to generate robust and predictive models that recapitulate experimentally-derived corrosion inhibition efficiencies of small organic compounds for pure magnesium. We further validate our methods by predicting a priori the corrosion modulation properties of seven hitherto untested small molecules and confirm the prediction in subsequent experiments.",24.5,7.8061224489795915,0.7244897959183674,0.8367346938775511,0.04081632653061224,0.01020408163265306,1.2005710206995004,2019,48.310344827586206
https://doi.org/10.1016/j.corsci.2015.08.027,Near boundary gradient zone and sensitization control in austenitic stainless steel,2015,55,True,article,Corrosion Science,"The dependence of degree of sensitization on partially deformed (rolled and then sensitized) microstructure of 304L stainless steel was investigated. Structures with visible grain fragmentation, or clear reductions in grain size, showed a poor resistance to sensitization. However, non-fragmented deformed grains with clear presence of near boundary orientation gradients provided an improved resistance. Bulk statistical data were further corroborated through direct observations from electron backscattered diffraction (EBSD) and white light interferometry (WLI). EBSD quantified the near boundary gradient zones (NBGZ) while WLI characterized localized corrosion. Scaling between grain average depth of attack and dimension of NBGZ was established.",16.333333333333332,7.561224489795919,0.7551020408163265,0.826530612244898,0.05102040816326531,0.02040816326530612,0.8413001912045889,2015,65.375
https://doi.org/10.1016/j.corsci.2018.03.019,Calcium phosphate coatings for marble conservation: Influence of ethanol and isopropanol addition to the precipitation medium on the coating microstructure and performance,2018,55,True,article,Corrosion Science,"The effect of adding ethanol and isopropanol to aqueous solutions of diammonium hydrogen phosphate, used to create a passivating layer of calcium phosphates over marble, was investigated. Thanks to its weakening effect on the hydration sphere of ions in solution, ethanol allowed complete coverage of marble surface by a crack-free and pore-free layer of octacalcium phosphate. Even better results were obtained using isopropanol, because it has lower adsorption affinity to calcite than ethanol. Treatments involving alcohols provided good acid protection and also restored cohesion among calcite grains in weathered marble.",22.5,6.833333333333333,0.7,0.7666666666666667,0.022222222222222223,0.0,0.5169712793733682,2018,106.38888888888889
https://doi.org/10.1016/j.corsci.2019.108198,Reduction of austenite-ferrite galvanic activity in the heat-affected zone of a Gleeble-simulated grade 2205 duplex stainless steel weld,2019,52,True,article,Corrosion Science,A Gleeble-simulated microstructure of the heat-affected zone (HAZ) of tungsten inert gas (TIG) welded grade 2205 duplex stainless steel (DSS) has been produced. Local changes in microstructure chemistry were correlated to galvanic activity using scanning Kelvin probe force microscopy (SKPFM) and electro-chemical polarization. The simulated HAZ had a marked reduction of SKPFM measured Volta potentials. This was reflected in a clear reduction of the electrochemical potential difference of the activation peak between the ferrite and austenite phase. The implications of these observations are discussed for reducing the likelihood of environmentally assisted cracking.,18.4,7.206521739130435,0.717391304347826,0.8260869565217391,0.09782608695652174,0.03260869565217391,1.0763740185581727,2019,48.310344827586206
https://doi.org/10.1016/j.corsci.2019.108406,X-Ray tomographic characterisation of pitting corrosion in lean duplex stainless steel,2019,50,True,article,Corrosion Science,"The nucleation and growth of pitting corrosion in grade 2202 lean duplex stainless steel has been observed via X-ray Computed Tomography. The charge measured using an electro-chemical in-situ cell was correlated with pit growth characteristics and associated pit shape morphologies. Lacy metal covers were observed with holes formed by selective dissolution of the ferrite. All pits grew into semi-ellipsoid shapes, with large fractions of un-dissolved austenite grains remaining inside pits in heat-treated microstructures. For the as-received microstructure the stability product showed typical values below 0.3 Am−1, with larger stability values observed for the heat-treated sample.",15.833333333333334,7.052631578947368,0.7473684210526316,0.8526315789473684,0.08421052631578947,0.0,1.0349750178443968,2019,48.310344827586206
https://doi.org/10.1016/j.corsci.2018.05.033,Impact of oxidation of copper and its alloys in laboratory-simulated conditions on their antimicrobial efficiency,2018,46,True,article,Corrosion Science,"Copper and its alloys are known for their antimicrobial activity, which makes them appealing materials for various touch surfaces in public facilities. These materials are also known for being prone to tarnishing, especially in contact with human palm sweat. The paper describes investigations on tarnishing of copper and various copper alloys by oxidation at elevated temperatures. After evaluation of thickness and chemical composition of oxide layers, microbiological tests were carried out in order to determine the impact of oxidation on antimicrobial efficiency of copper alloys.",21.25,6.8,0.6470588235294118,0.7058823529411765,0.058823529411764705,0.0,0.43237597911227155,2018,106.38888888888889
https://doi.org/10.1016/j.corsci.2015.05.013,Observation of the effect of surface roughness on the oxidation of Zircaloy-4,2015,46,True,article,Corrosion Science,Zirconium alloys are used as fuel cladding in light water reactors. Surface preparation techniques that might impair oxidation resistance would limit the lifetime of the cladding and therefore prevent higher burn-up of fuels. The work presented here investigates the impact of surface roughness on the oxidation kinetics of Zircaloy-4 in 400 °C steam for exposures up to 275 days. The work shows well defined differences in oxidation kinetics between sample preparations following ∼84 days oxidation. Scanning electron microscopy (SEM) and image analysis of samples in cross section allows for an assessment of the variation in surface roughness between samples at different stages of oxidation.,20.8,6.615384615384615,0.6730769230769231,0.7115384615384616,0.009615384615384616,0.028846153846153848,0.7036328871892925,2015,65.375
https://doi.org/10.1016/j.corsci.2016.11.010,Corrosion and inhibition of copper in hydrocarbon solution on a molecular level investigated using neutron reflectometry and XPS,2016,44,True,article,Corrosion Science,"The behaviour and molecular structure of three organic additives adsorbed from oil onto a copper surface rich in copper (II) oxide is presented. The variation in the ability of these three agents to prevent corrosion of the copper oxide surface by exposure to sulphur is also included. A combination of visible observations, X-ray photoelectron spectroscopy (XPS) and neutron reflection (NR) are used to characterise both the adsorbed layer and underlying copper oxide. The model additives are chosen to represent ‘effective’, ‘intermediate’ and ‘ineffective’ inhibitors for copper.",21.5,6.686046511627907,0.6627906976744186,0.686046511627907,0.046511627906976744,0.0,0.54627539503386,2016,80.54545454545455
https://doi.org/10.1016/j.corsci.2017.10.022,Corrosion fatigue and microstructural characterisation of Type 316 austenitic stainless steels tested in PWR primary water,2017,44,True,article,Corrosion Science,"Fatigue crack growth experiments have been performed on high and low sulphur Type 316 austenitic stainless steel specimens in simulated Pressurised Water Reactor primary coolant environments and evaluated via microstructural characterisation techniques to further the understanding of the mechanistic behaviour. At relatively high loading frequencies, the enhanced crack growth for both specimens appeared to be crystallographic and associated with slip localization. However, when the loading frequency was decreased, the crack growth rates for the low S specimen increased, whereas the high S specimen exhibited retarded crack growth and the crack path was no longer crystallographic.<br/>Highlights<br/> High sulphur content improves corrosion fatigue crack growth resistance when strain rates are low.<br/> Crack growth is crystallographic during enhanced crack growth and non-crystallographic during retardation.<br/> Micro-cleavage cracking occurred after the crack-tip had advanced suggesting that enhanced crack growth was caused by cathodically-produced hydrogen.",23.166666666666668,7.633093525179856,0.7553956834532374,0.6762589928057554,0.05755395683453238,0.02877697841726619,0.8579387186629527,2017,51.285714285714285
https://doi.org/10.1016/j.corsci.2018.07.009,"Temporal evolution of sweet oilfield corrosion scale: Phases, morphologies, habits, and protection",2018,43,True,article,Corrosion Science,"A B S T R A C T Electrochemical measurements and substrate analysis have been employed to study the corrosion of iron in sweet solution (pH = 6.8, T = 80 C) over a period of 288 h. Correlated with decreasing corrosion rate, diffraction, microscopy, and spectroscopy data reveal the evolution of adhered sweet corrosion scale. Initially, it is comprised of two phases, siderite and chukanovite, with the latter affording little substrate protection. Subsequently, as the scale becomes highly protective, siderite is the sole component. Notably, siderite crystals are concluded to display a somewhat unexpected habit, which may be a trigger for local breakdown of protective sweet scales.",18.0,6.194444444444445,0.6944444444444444,0.7407407407407407,0.046296296296296294,0.037037037037037035,0.404177545691906,2018,106.38888888888889
https://doi.org/10.1016/j.corsci.2020.108961,"Beyond breakaway corrosion – Influence of chromium, nickel and aluminum on corrosion of iron-based alloys at 600 <mml:math xmlns:mml=""http://www.w3.org/1998/Math/MathML"" altimg=""si3.svg""><mml:mo>°</mml:mo></mml:math>C",2020,43,True,article,Corrosion Science,"Breakaway corrosion remains a challenge for many high temperature applications. The oxide formed after breakaway is commonly considered non-protective. This study investigates the protective properties after breakaway on a wide set of (Fe,Cr,Al/Ni)-model alloys by thermogravimertric analysis, ion/electron microscopy and X-ray spectroscopy. The results show that the oxide scales formed after breakaway exhibit similar microstructural features on all FeCr(Ni/Al)-alloys, and that the growth rate is greatly influenced by alloy composition for some alloys while is has little influence on others. This observation may be of great help in the selection and development of materials for use in harshly corrosive environments.",20.0,7.1,0.62,0.76,0.05,0.06,0.6749215207534008,2020,63.71111111111111
https://doi.org/10.1016/j.corsci.2016.01.018,An X-ray absorption near-edge structure (XANES) study of the Sn L3 edge in zirconium alloy oxide films formed during autoclave corrosion,2016,40,True,article,Corrosion Science,"Application of Sn L3-XANES to study the oxidation state of alloying additions of tin (1–1.2 wt%) in <2 μm oxide layers formed on nuclear grade zirconium alloy has been demonstrated. Data obtained for metallic and corroded ZIRLO™ (1 wt% Sn) and Zircaloy-4 (1.2 wt% Sn) indicate tin has a similar chemical speciation in both metal alloys but this differs in the oxidised surface layers. By recording XANES at various incident angles to vary the photon penetration depth and amount of the oxide layer probed in the measurement, the authors found evidence that the oxidation of tin progresses with increasing oxide thickness.",20.2,6.03960396039604,0.693069306930693,0.7623762376237624,0.0297029702970297,0.0297029702970297,0.4966139954853273,2016,80.54545454545455
https://doi.org/10.1016/j.corsci.2015.10.027,The protective role of hydrozincite during initial corrosion of a Cu40Zn alloy in chloride-containing laboratory atmosphere,2015,39,True,article,Corrosion Science,"Hydrozincite, Zn5(CO3)2(OH)6, was recently found to play a key role in reducing corrosion product flaking on Cu–Zn alloys. A fundamental study was undertaken to explore the underlying mechanisms, in particular why hydrozincite can suppress the interaction between chlorides and the alloy surface. Hydrozincite could be formed by exposure of Cu40Zn to air at 70% relative humidity and 1000 ppm of CO2 resulting in a surface of decreased wettability. Its presence reduces the initial spreading ability of NaCl-containing droplets and lowers the overall initial corrosion rate when the alloy is exposed to pre-deposited NaCl and wet/dry cycles.",24.0,6.572916666666667,0.6458333333333334,0.75,0.07291666666666667,0.052083333333333336,0.5965583173996176,2015,65.375
https://doi.org/10.1016/j.corsci.2019.06.028,The kinetics and mechanism of filiform corrosion occurring on zinc-aluminium-magnesium coated steel,2019,39,True,article,Corrosion Science,"This paper describes a systematic study into the initiation and propagation of filiform corrosion (FFC) on industrially important Zinc-Aluminium-Magnesium (ZAM) alloy coatings for steels. An artificial scribe defect is created in model organic coatings applied to ZAM. Corrosion is initiated using HCl, NaCl, FeCl2 and acetic acid. Only acetic acid is able to reproducibly initiate FFC. The FFC (area) rate is shown to be proportional to the amount of acetic acid introduced. The FFC mechanism is explained in terms of the relative susceptibility of alloy phases to anodic dissolution, determined using scanning electron microscopy and scanning Kelvin probe force microscopy.",16.666666666666668,6.64,0.75,0.72,0.04,0.01,0.8072805139186295,2019,48.310344827586206
https://doi.org/10.1016/j.corsci.2019.108414,Corrosion behaviour of nitrided ferritic stainless steels for use in solid oxide fuel cell devices,2020,38,True,article,Corrosion Science,"Plasma nitriding was applied to ferritic stainless steel substrates to improve their performances as interconnects for solid oxide fuel cell devices. The samples underwent electrical conductivity test and SEM/EDS, TEM/EDS, environmental-SEM analyses. The first stages of corrosion were recorded in-situ with the e-SEM. Nitriding is effective in limiting the undesired chromium evaporation from the steel substrates and accelerates the corrosion kinetics, but its influence of the electrical conductivity is ambiguous. No intergranular corrosion is found in the steel substrate after long time operation. Nitriding helps commercially competitive porous coating to improve chromium retention properties of metal interconnects.",16.166666666666668,7.34020618556701,0.711340206185567,0.7319587628865979,0.07216494845360824,0.010309278350515464,0.5964422741541682,2020,63.71111111111111
https://doi.org/10.1016/j.corsci.2021.109460,Corrosion of rebar in concrete. Part IV. On the theoretical basis of the chloride threshold,2021,38,True,article,Corrosion Science,"A theory is developed for calculating the chloride threshold (CT) from the Point Defect Model (PDM). CT is defined as the ratio [Cl − ]/[OH − ] at which the passivity breakdown voltage ( E b ) equals the corrosion potential, ECP . CT is sensitive to the T , ECP, pH, and E b , because all four appear in the exponent X in CT = 10 X . Small uncertainties in these parameters translate into a large uncertainty in CT, emphasizing the need for accurate T , ECP, pH, and E b data. We demonstrate the theory by successfully calculating CT using data for selected systems.",21.6,5.111111111111111,0.7037037037037037,0.6388888888888888,0.037037037037037035,0.018518518518518517,1.0297645490892937,2021,36.90163934426229
https://doi.org/10.1016/j.corsci.2021.109600,The effect of martensite on stress corrosion crack initiation of austenitic stainless steels in high-temperature hydrogenated water,2021,38,True,article,Corrosion Science,"Cold-worked Type 304L/316L stainless steel specimens, which contained different amounts of martensite (α′/ε), were tested in high-temperature hydrogenated water under slow strain rate tensile (SSRT) test conditions to understand the role of martensite on stress corrosion crack (SCC) initiation. These specimens were characterized prior to and after SSRT tests using complementary analytical techniques. It was observed that a higher strain was necessary to induce SCC initiation for cold-rolled 304L that contained martensite compared to the other cold-worked stainless steels that did not contain martensite. The mechanisms responsible for different SCC initiation susceptibilities of the steels were discussed based on the experimental observations.",25.5,7.2745098039215685,0.7156862745098039,0.7352941176470589,0.049019607843137254,0.00980392156862745,1.0297645490892937,2021,36.90163934426229
https://doi.org/10.1016/j.corsci.2020.108841,Lateral variation of the native passive film on super duplex stainless steel resolved by synchrotron hard X-ray photoelectron emission microscopy,2020,37,True,article,Corrosion Science,"A native passive film on 25Cr-7Ni super duplex stainless steel was analyzed using synchrotron hard X-ray photoemission electron microscopy, focusing on variations between individual grains of ferrite and austenite phases. The film consists of an oxide inner layer and an oxyhydroxide outer layer, in total 2.3 nm thick. The Cr content is higher in the outer than the inner layer, ca. 80 % on average. The Cr content is higher on ferrite than austenite, whereas the thickness is rather uniform. The grain orientation has a small but detectable influence, ferrite (111) grains have a lower Cr content than other ferrite grains.",14.428571428571429,6.03960396039604,0.7326732673267327,0.6732673267326733,0.0594059405940594,0.009900990099009901,0.5807464248343216,2020,63.71111111111111
https://doi.org/10.1016/j.corsci.2021.109315,The influence of a KCl-rich environment on the corrosion attack of 304 L: 3D FIB/SEM and TEM investigations,2021,37,True,article,Corrosion Science,"This study investigates the intergranular corrosion of a stainless steel (304 L) in the presence of KCl(g)/KCl(s) at 600 °C by using a FIB/SEM to perform 3D reconstruction/tomography of grain boundary attacks in combination with TEM. The investigation shows that the combination of the 3D FIB/TEM offers a great potential for the study of complex features, i.e. intergranular corrosion. The initiation and propagation of the grain boundary attack occurred very rapidly below an intact secondary protection. No large accumulations of metal chlorides were observed at the grain boundary regions. Instead, indications of very rapid alloy diffusion in grain boundary regions were observed.",14.571428571428571,6.627450980392157,0.6666666666666666,0.6666666666666666,0.06862745098039216,0.0,1.0026654820079965,2021,36.90163934426229
https://doi.org/10.1016/j.corsci.2023.111124,A general-purpose adsorption isotherm for improved estimation of standard adsorption free energy,2023,36,True,article,Corrosion Science,"A new general-purpose Type–I adsorption isotherm is proposed to improve standard adsorption Gibbs energy estimation. This new isotherm stems from considering a functional dependence of various adsorption models on the c/θ vs. c plot, where θ is the fractional surface coverage and c the concentration. It can accurately describe many adsorption isotherms, implying that it is flexible enough to describe various adsorption scenarios. Among the tested adsorption models that the new isotherm can describe are those that consider lateral inter-adsorbate interactions, molecular size, surface heterogeneity, and mobile adsorption.",17.6,6.988636363636363,0.6931818181818182,0.6931818181818182,0.011363636363636364,0.03409090909090909,1.3117408906882593,2023,27.444444444444443
https://doi.org/10.1016/j.corsci.2020.109042,The effect of manganese and silicon additions on the corrosion resistance of a polycrystalline nickel-based superalloy,2020,35,True,article,Corrosion Science,"The service lives of nickel superalloys are often limited by environmental degradation. The present study compares oxidation, sulfidation and hot corrosion at 750 °C of three variants of a polycrystalline superalloy: a baseline alloy, a variant containing 1 wt% Mn and one containing 0.5 wt% Si. Mn reduced the oxidation rate without changing the scale morphology. The MnCr2O4 scale formed proved more protective against sulfidation and hot corrosion, but internal sulfides extended the damage depth. Si modified the oxide morphology to a continuous Cr2O3-Al2O3 dual layer. This provided improved protection, reducing the sulfidation depth by 2/3 and the hot corrosion depth by ½.",14.714285714285714,6.466019417475728,0.6893203883495146,0.6990291262135923,0.06796116504854369,0.019417475728155338,0.5493547261946286,2020,63.71111111111111
https://doi.org/10.1016/j.corsci.2018.01.027,The golden alloy Cu5Zn5Al1Sn: Patina evolution in chloride-containing atmospheres,2018,34,True,article,Corrosion Science,"The influence of chloride deposition on the formation, evolution and barrier properties of the patina formed on Cu5Zn5Al1Sn used for architectural cladding is explored via long-term marine field exposures and laboratory investigations. The presence of Cu2O, ZnO, Al2O3 and SnO2 within the inner part of the patina and intercalation of SnO2, Zn5(CO3)2(OH)6, Zn6Al2(OH)16CO3·4H2O, Zn5(OH)8Cl2·H2O within its outer part, predominantly composed of Cu2(OH)3Cl, significantly reduce the chloride-induced corrosion compared with Cu metal. The intercalation of zinc-rich corrosion products within the patina and not at the top-surface explain their marginal influence on the runoff process that mainly occurs at the outmost surface.",33.333333333333336,7.09,0.62,0.69,0.04,0.03,0.31958224543080943,2018,106.38888888888889
https://doi.org/10.1016/j.corsci.2022.110726,"Atmospheric corrosion of silver, copper and nickel exposed to hydrogen sulphide: a multi-analytical investigation approach",2022,34,True,article,Corrosion Science,"The effect of two concentrations of H2S (0.5 and 2.5 ppm), in controlled laboratory conditions (20 °C, 75%RH), on the atmospheric corrosion of pure Ag, Cu and Ni was investigated in this study. The corrosion product morphology and composition were analysed through a multi-technique approach including SEM/EDX, Raman spectroscopy, XPS and XRD. Different corrosion products were identified depending on the type of characterisations providing a better overview of the effect of H2S on the atmospheric corrosion of pure Ag, Cu and Ni. Possible mechanisms involved in the formation of these corrosion products are also discussed in this work.",16.333333333333332,6.36734693877551,0.6530612244897959,0.6530612244897959,0.04081632653061224,0.01020408163265306,1.0133909287257021,2022,33.55072463768116
https://doi.org/10.1016/j.corsci.2022.110849,Revealing corrosion parameters of steel in alkali-activated materials,2022,34,True,article,Corrosion Science,"The long-term corrosion behaviour of reinforcing steel embedded in alkali-activated mortars (AAMs) prepared with three different binder compositions was monitored over a 360-day period by cyclic wetting/drying and spraying with chloride solution. Corrosion potential and polarisation resistance were determined by linear polarisation, individual resistance of mortar and steel by electrochemical impedance spectroscopy, and Tafel slopes by potentiodynamic anodic polarisation. The results were validated by correlating the electrochemical mass losses with the gravimetric mass losses. Based on the time evolution of the corrosion parameters, the study proposes new limits for passive and active corrosion conditions for reinforcing steel in AAMs.",24.75,7.434343434343434,0.6868686868686869,0.696969696969697,0.06060606060606061,0.0,1.0133909287257021,2022,33.55072463768116
https://doi.org/10.1016/j.corsci.2023.111140,The causation of hydrogen embrittlement of duplex stainless steel: Phase instability of the austenite phase and ductile-to-brittle transition of the ferrite phase – Synergy between experiments and modelling,2023,34,True,article,Corrosion Science,"Various mechanisms have been proposed for hydrogen embrittlement of duplex stainless steel, but the causation of hydrogen-induced material degradation has remained unclear. This work shows that phase instability (decomposition) of the austenite phase and ductile-to-brittle transition of the ferrite phase precedes hydrogen embrittlement. In-situ diffraction measurements revealed that Ni-rich sites of the austenite phase decompose into metastable hydrides. Hydride formation is possible by increasing the hydrogen chemical potential during electrochemical charging and low defect formation energy of hydrogen interstitials. Our findings demonstrate that hydrogen embrittlement can only be understood if measured in situ and in real-time during the embrittlement process.",20.0,7.6,0.68,0.75,0.06,0.05,1.2388663967611337,2023,27.444444444444443
https://doi.org/10.1016/j.corsci.2022.110855,Microstructure evolution and SSCC behavior of strain-strengthened 304 SS pre-strained at room temperature and cryogenic temperature,2022,33,True,article,Corrosion Science,"In this work, microstructure and sulfide stress corrosion cracking (SSCC) of 304 stainless steel (SS) pre-strained at cryogenic and room temperature were studied. 304 SS exhibits extremely high SSCC susceptibility, which increases as pre-strain rises for the acceleration of AD and HE. Cryogenic pre-strained specimens present higher SSCC resistance. Pre-strain leads to the formation of strain-induced ε and α' martensite and increase of crystal defects such as deformation bands, twins, stacking faults and dislocation, which accelerates SSCC. Cryogenic deformation produces more martensite, and the uniform occurrence of microstructure evolution only plays a limited role in SSCC.",19.2,6.9375,0.7083333333333334,0.7395833333333334,0.08333333333333333,0.0,0.9835853131749461,2022,33.55072463768116
https://doi.org/10.1016/j.corsci.2023.111139,On the estimation of standard adsorption free energy from corrosion inhibition efficiencies,2023,33,True,article,Corrosion Science,"The standard adsorption Gibbs energy ( ) is often estimated by assuming that the corrosion inhibition efficiency is equivalent to fractional surface coverage. However, Lindsay et al. [Corros. Sci. 155 (2019) 182–185] demonstrated that this assumption is not necessarily valid. Therefore, a model that maps inhibition efficiency to fractional surface coverage is developed herein to provide a more reliable estimation of . The model is validated with the experimental data of Lindsay et al.; the analysis confirms their conclusion that a significant error in estimation can be made by using inhibition efficiency as a proxy for surface coverage.",12.25,6.469387755102041,0.6938775510204082,0.673469387755102,0.02040816326530612,0.07142857142857142,1.202429149797571,2023,27.444444444444443
https://doi.org/10.1016/j.corsci.2021.109525,Chromium coatings from trivalent chromium plating baths: Characterization and cathodic delamination behaviour,2021,32,True,article,Corrosion Science,"Novel two-layer chromium-based coatings comprised of a first layer containing chromium, oxygen and carbon (Cr-O-C) and an oxygen rich (Cr-O) topcoat were electrodeposited from trivalent chromium electrolyte. The complex structure and composition of the coatings were studied using complementary characterization techniques. The electrodeposited oxide was found to be amorphous and oxygen-deficient. In operando ambient pressure X-ray photoelectron spectroscopy when heating the sample from room temperature to 450 °C and Raman spectroscopy after the heating ascertained the metastable nature of the oxide. The cathodic delamination of a weak model polymer on these samples was studied using in situ scanning Kelvin probe.",20.0,7.08,0.69,0.74,0.04,0.03,0.8671701466015105,2021,36.90163934426229
https://doi.org/10.1016/j.corsci.2021.109553,The effect of additive manufacturing on the initial High temperature oxidation properties of RE-containing FeCrAl alloys,2021,32,True,article,Corrosion Science,"The effect of additive manufacturing on the high temperature oxidation properties of FeCrAl materials was investigated. For this purpose, additively manufactured Kanthal AM100 cut parallel and perpendicular to the building direction and hot-rolled Kanthal AF as a reference were exposed to air at 900 and 1100 °C for 168 h. AM100 performed slightly better than AF in terms of mass gain. Nevertheless, an oxide scale with local differences in thickness formed on AM100 due to the bimodal grain structure of the underlying metal, which was composed of coarse-grained cuboidal repeating units (100 μm wide), separated by fine-grained rims.",24.5,6.377551020408164,0.6938775510204082,0.8163265306122449,0.04081632653061224,0.0,0.8671701466015105,2021,36.90163934426229
https://doi.org/10.1016/j.corsci.2022.110331,Hydrogen assisted intergranular cracking of alloy 725: The effect of boron and copper alloying,2022,32,True,article,Corrosion Science,"To overcome the Hydrogen embrittlement (HE) susceptibility of the standard Alloy 725 (Mod A), two alloys with minor alloying modifications with B (Mod B) and B+Cu (Mod C) were produced. Then, the intergranular cracking susceptibility was investigated on bi-crystal beams by electrochemical in situ micro-cantilever bending test. The atom probe tomography and first principles calculations were employed to capture and calculate the grain boundary (GB) segregation and its effect on the GB cohesion. Cross-sectional view of the bent beams showed the superior resistance of Mod B against HE by facilitating the GB dislocation transfer/generation. While bending Mod A sample in hydrogen environment leads to form a sharp intergranular cracking, Mod B showed some nano-voids/cracks mostly in dislocation slip bands and rarely in GB path. However, a reduction of strength was observed in load-displacement (L-D) curves of Mod B. The addition of Cu, although not participated in GB segregation, compromised the lost strength of Mod B. In Mod C, after bending in H-charged condition, the nano-voids were formed in GB, but no load drop in L-D curves nor crack propagation in post-deformation observations was detected. The micro-alloying proposed in this study could be an important contribution to the future developing of H resistant alloys via GB segregation engineering.",23.0,6.458937198067633,0.6714975845410628,0.6570048309178744,0.043478260869565216,0.033816425120772944,0.9537796976241901,2022,33.55072463768116
https://doi.org/10.1016/j.corsci.2022.110853,A study on the corrosion behaviour of stainless steel 08Cr18Ni10Ti in supercritical water,2022,32,True,article,Corrosion Science,"Austenitic stainless steel 08Cr18Ni10Ti is widely used in WWER reactor. Therefore, it was considered one of the prospective materials for supercritical water-cooled reactors. In this study, coupon specimens were exposed close to the critical point of water and high temperature of supercritical water. Corrosion behaviour was described based on the results of X-ray diffraction and scanning electron microscopy involving chemical and crystallographic analyses. In contrast to the thin oxide layer of approximately 1 µm formed in water close to the supercritical point, the localised form of corrosion was observed at the high temperature supercritical water.",19.0,6.821052631578947,0.6947368421052632,0.6842105263157895,0.06315789473684211,0.042105263157894736,0.9537796976241901,2022,33.55072463768116
https://doi.org/10.1016/j.corsci.2016.10.007,The effect of sample preparation on uranium hydriding,2016,31,True,article,Corrosion Science,"The influence of sample cleaning preparation on the early stages of uranium hydriding has been examined, by using four identical samples but concurrently prepared using four different methods. The samples were reacted together in the same corrosion cell to ensure identical exposure conditions. From the analysis, it was found that the hydride nucleation rate was proportional to the level of strain exhibiting higher number density for the more strained surfaces. Additionally, microstructure of the metal plays a secondary role regarding initial hydrogen attack on the highly strained surfaces yet starts to dominate the system while moving to more pristine samples.",25.0,6.61,0.65,0.74,0.04,0.01,0.38487584650112866,2016,80.54545454545455
https://doi.org/10.1016/j.corsci.2020.108850,Formation of corrosion products on zinc in wet supercritical and subcritical CO2: In-situ spectroscopic study,2020,31,True,article,Corrosion Science,"Formation of corrosion products on zinc was investigated with in-situ Raman and FTIR when exposed to wet supercritical carbon dioxide (scCO2) and subsequent depressurization. Zinc oxide (ZnO) and smithsonite (ZnCO3) formed on zinc in scCO2. The dissolved water precipitated as liquid water in the reaction cell during depressurization. Formation of ZnO, ZnCO3 and a needle-like zinc hydroxy carbonate species on zinc was observed inside a sessile water droplet during conditions simulating the depressurization phase. Addition of oxygen accelerated the formation of the carbonate species due to higher cathodic activity that increased zinc dissolution.",18.6,6.924731182795699,0.6881720430107527,0.6881720430107527,0.08602150537634409,0.010752688172043012,0.4865713289152424,2020,63.71111111111111
https://doi.org/10.1016/j.corsci.2021.109272,Exploring key ionic interactions for magnesium degradation in simulated body fluid – A data-driven approach,2021,31,True,article,Corrosion Science,"We have studied the degradation of pure magnesium wire in simulated body fluid and its subsets under physiological conditions to enable the prediction of the degradation rate based on the medium's ionic composition. To this end, micro-computed tomography and scanning electron microscopy with energy-dispersive X-ray spectroscopy were used, followed by a tree regression analysis. A non-linear relationship was found between degradation rate and the precipitation of calcium salts. The mean absolute error for predicting the degradation rate was 1.35 mm/yr. This comparatively high value indicates that ionic interactions were exceedingly complex or that an unknown parameter determining the degradation may exist.",16.833333333333332,6.9405940594059405,0.6633663366336634,0.8217821782178217,0.019801980198019802,0.039603960396039604,0.8400710795202133,2021,36.90163934426229
https://doi.org/10.1016/j.corsci.2021.109438,Corrosion of rebar in concrete. Part III: Artificial Neural Network analysis of chloride threshold data,2021,31,True,article,Corrosion Science,"Active corrosion of carbon steel in reinforced concrete occurs when the chloride ion concentration exceeds the chloride threshold (CT). CT is affected by many physical and chemical parameters including primary variables (pH, corrosion potential, breakdown potential, and temperature) and secondary variables (cemenet composition, concreete porosity, and water/cement ratio). A Kohonen-self organized map (KSOM) and regression artificial neural network (ANN) coupled methodology was developed to find the missing values of independent variables in the sparse database and for quantitatively evaluating the effects of these variables on CT values that are expressed in %TotalCl/cem (or %FreeCl/cem), and [Cl−]/[OH−].",32.0,7.3125,0.71875,0.78125,0.052083333333333336,0.03125,0.8400710795202133,2021,36.90163934426229
https://doi.org/10.1016/j.corsci.2021.109661,Optimizing smart self-healing coatings: Investigating the transport of active agents from the coating towards the defect,2021,31,True,article,Corrosion Science,"There are many studies on different concepts for so called smart self-healing coatings providing safe storage and corrosion triggered release of inhibitors. However, achieving an efficient transport of the released inhibitor to the defect is so far a widely neglected issue, although it is crucial for the overall performance. Hence, an in-depth investigation was carried out on inhibitor transport through the coating system into the defect, based on dedicated model sample set-ups. The main focus was on the possible beneficial role of an interfacial polypyrrole layer on the overall performance. Especially for some organic inhibitors huge effects were observed.",19.8,6.595959595959596,0.6767676767676768,0.7676767676767676,0.04040404040404041,0.050505050505050504,0.8400710795202133,2021,36.90163934426229
https://doi.org/10.1016/j.corsci.2022.110311,A new insight into the rate determining step of cathodic delamination,2022,31,True,article,Corrosion Science,"One of the most important mechanisms of organic coating degradation is cathodic delamination. Although a significant progress towards the fundamentals of delamination was achieved in the recent decades, the underlying key parameters are not fully understood. It is believed that either cation migration along the delaminated interface or oxygen reduction at the interface are rate determining. However, as will be shown here this is not the case. A new hypothesis, which is cation insertion into the intact interface as the rate determining step in delamination, is proposed using a combined Scanning Kelvin Probe/potentiostat set-up and an in-depth delamination rate analysis.",20.0,6.66,0.63,0.72,0.04,0.06,0.9239740820734342,2022,33.55072463768116
https://doi.org/10.1016/j.corsci.2015.04.023,Stress corrosion cracking of several hot-rolled binary Mg–X alloys,2015,30,True,article,Corrosion Science,"The stress corrosion cracking (SCC) of hot-rolled Mg0.1Zr, Mg0.1Sr, Mg1Mn, Mg0.3Si, Mg5Sn, Mg0.7La, Mg0.9Ce, Mg0.6Nd, Mg6Al, Mg5Gd and Mg0.3Ca in distilled water (DW) was studied using the linearly increasing stress test (LIST). Hot-rolled Mg1Mn and Mg0.7La had some SCC susceptibility in DW. All the other hot-rolled Mg–X alloys had little SCC susceptibility in DW. There was no obvious difference of the fractography between the specimens tested in air and in DW. The increase of SCC resistance by hot-rolling was related to improvement of the microstructure.",6.538461538461538,6.294117647058823,0.6705882352941176,0.6941176470588235,0.03529411764705882,0.023529411764705882,0.4588910133843212,2015,65.375
https://doi.org/10.1016/j.corsci.2022.110443,"How adsorbed H, O, OH, and Cl affect plain adsorption of imidazole on copper",2022,30,True,article,Corrosion Science,"In real environments, metal surfaces are never clean. Even during active dissolution in corrosion, they are likely covered with adsorbed species such as O, OH, H, and Cl. For this reason, we addressed how such species (hereinafter labeled as X(ads)) affect the adsorption bonding of imidazole—used as an archetypal model of azole corrosion inhibitors—on Cu(111). To this end, we performed a systematic high-throughput DFT study by considering over 400 different adsorption configurations, where the effects of coverage, the type of X(ads) species, and the distance between imidazole and X(ads) were scrutinized. Our calculations indicate that O and Cl enhance the adsorption bonding of imidazole, H has almost no effect, whereas OH either diminishes or has a negligible impact on the adsorption of imidazole. The effect of the X(ads) species on the imidazole adsorption usually diminishes with the increasing distance between X(ads) and imidazole and with decreasing X(ads) coverage. Three coadsorption effects of X(ads) on non-dissociative adsorption of imidazole were identified. The first stabilizing effect, operative for O and OH, is due to the hydrogen bond formation with the nearby adsorbed imidazole. The second stabilizing effect, relevant for O and Cl, is due to the X(ads) induced enhancement of the N–Cu bond between the nearby adsorbed imidazole and the surface; this effect enhances with increasing coverage of X(ads). The last effect is related to the X(ads) induced work function change and can be stabilizing (for O and Cl), negligible (for H), or destabilizing (in the case of OH) for adsorption of imidazole and explains why the impact of X(ads) on adsorption bonding of imidazole diminishes with the X(ads) coverage. Finally, if the coverage of X(ads) is too high, then the chemisorption of imidazole is prevented either sterically or due to the unavailability of free surface sites.",26.818181818181817,6.342372881355932,0.6135593220338983,0.4711864406779661,0.013559322033898305,0.02711864406779661,0.8941684665226782,2022,33.55072463768116
https://doi.org/10.1016/j.corsci.2021.109798,Enhancement of the resistance to localized corrosion of type 304 borated stainless steels through hot rolling,2021,29,True,article,Corrosion Science,"The microstructures of Febalance-18Cr-12Ni-1.5Mn-0.07C (in wt%) alloys containing 0.2–1.76 wt% B were controlled through hot rolling of 60% and 96%. It was found that refining the microstructure through additional hot rolling helped to form a stable passive film and accelerate passivation. Passive film formed on the 96% hot-rolled BSS exhibited higher electrical resistant than that of the 60% hot-rolled BSS, and Cr-enriched passive film was formed on the 96% hot-rolled BSS. As a result, refining the microstructure increased Epit and Erp, and reduced metastable pit events and passive current density.",11.25,6.444444444444445,0.7,0.7111111111111111,0.05555555555555555,0.011111111111111112,0.7858729453576189,2021,36.90163934426229
https://doi.org/10.1016/j.corsci.2022.110851,The effect of pH on the corrosion protection of aluminum alloys in lithium-carbonate-containing NaCl solutions,2022,29,True,article,Corrosion Science,"The corrosion inhibiting effect of lithium carbonate has been studied over the pH range relevant for atmospheric corrosion conditions at the polymer/metal interface. It is demonstrated that lithium carbonate offers optimum corrosion protection under moderately alkaline conditions attributed to the formation of a protective layer identified as aluminum-lithium layered double hydroxide. It is proposed that an active-to-passive transition occurs in the presence of lithium carbonate under moderately alkaline conditions where anodic dissolution of the aluminum matrix is an important step prior to the formation of the protective layer. After prolonged exposure, the protective layer is uniformly formed on the surface of AA2024-T3 and lithium containing AA2198-T8 covering both the matrix and active intermetallic particles thus hindering further corrosion reactions.",29.75,7.218487394957983,0.680672268907563,0.6554621848739496,0.05042016806722689,0.0,0.8643628509719223,2022,33.55072463768116
https://doi.org/10.1016/j.corsci.2021.109390,Corrosion-induced microstructure degradation of copper in sulfide-containing simulated anoxic groundwater studied by synchrotron high-energy X-ray diffraction and ab-initio density functional theory calculation,2021,28,True,article,Corrosion Science,"Synchrotron high-energy XRD measurements and ab-initio DFT calculations were employed to investigate microstructural degradation of copper upon exposure to sulfide-containing anoxic groundwater simulating nuclear waste repository. After two-month exposure, the high-energy XRD measurements revealed heterogeneous lattice deformation in the microstructure and lattice expansion in near-surface regions. The DFT calculations show that sulfur promotes hydrogen adsorption on copper. Water causes surface reconstruction and promotes hydrogen insertion into the microstructure, occurring via interstitial sites next to vacancies leading to lattice dilation and metal bond weakening. Hydrogen infusion in the presence of sulfur caused lattice degradation, indicating a risk for H-induced cracking.",19.8,7.838383838383838,0.7373737373737373,0.7575757575757576,0.020202020202020204,0.020202020202020204,0.7587738782763217,2021,36.90163934426229
https://doi.org/10.1016/j.corsci.2021.109444,Effect of machining on oxide development in type 316L stainless steel in high-temperature hydrogenated water,2021,28,True,article,Corrosion Science,"The oxidation mechanisms of 316 L stainless steel in high-temperature hydrogenated water were investigated on machined and polished surfaces via complementary analytical techniques. The differences in microstructure of the surfaces and of the inner oxides were shown to be responsible for the fast oxidation on machined surfaces. In fact, machining promoted the formation of a ∼2 μm thick ultrafine-grained layer which developed a more porous and fine-grained inner oxide than on that formed on polished surface. The faster oxidation kinetics of machined surfaces was attributed to the accelerated oxygen anions and metal cations diffusion through the oxide pores and grain boundaries.",25.25,6.702970297029703,0.6336633663366337,0.6831683168316832,0.06930693069306931,0.0,0.7587738782763217,2021,36.90163934426229
https://doi.org/10.1016/j.corsci.2021.109671,Evaluating candidate materials for balance of plant components in SOFC: Oxidation and Cr evaporation properties,2021,28,True,article,Corrosion Science,"Balance of plant (BOP) components made of metallic materials in solid oxide fuel cells are subject to high-temperature corrosion and are a significant source of volatile chromium species. Prospective Fe and Ni-base alloys, AISI 441, AISI 444, a FeCrAl alloy A197/Kanthal® EF101, alloy 600, and alloy 800H are investigated for their suitability to BOP components. Oxidation kinetics and chromium evaporation were employed to study the selected alloys at 650 °C and 850 °C for 500 h. A197 performed the best while AISI 441 and AISI 444, performed the worst. Pre-oxidation significantly improved the performance of the alloys at 650 ⁰C.",20.0,6.19,0.73,0.69,0.04,0.01,0.7587738782763217,2021,36.90163934426229
https://doi.org/10.1016/j.corsci.2021.110037,Stress corrosion cracking initiation susceptibility of Alloy 182 with different surface treatments,2021,28,True,article,Corrosion Science,"The effects of machining surface preparations on the stress corrosion cracking (SCC) susceptibility in boiling water reactor environment were evaluated for Alloy 182 weld metal. Constant extension rate tensile test, constant load test and electrochemical tests (passivation, current-voltage curves and electrochemical impedance spectroscopy) showed that the surface treatments strongly influence the resistance to SCC initiation. The machining-induced deformation and surface oxide layer from the surface treatments affect the re-passivation behaviour and SCC initiation susceptibility. The SCC susceptibility of the studied surface treatments was found following the sequence of shot peened > industrial surface milled > polished > advanced manufactured surface.",25.0,7.54,0.77,0.7,0.07,0.01,0.7587738782763217,2021,36.90163934426229
https://doi.org/10.1016/j.corsci.2022.110228,Biotic enhancement of Desulfovibrio desulfuricans on multi-factor influenced corrosion of X80 steel in saline soil,2022,28,True,article,Corrosion Science,"The corrosion behavior of X80 steel in the condition presence of AC, Desulfovibrio desulfuricans and elastic stress was investigated in saline soil. D. desulfuricans and AC promoted the pitting corrosion, giving rise to crack initiation when the stress was applied. The corrosion rate of X80 steel in the three-factor system was the highest, reaching 0.535 mm a−1. The synergistic factor of D. desulfuricans was larger than other two factors, indicating microbes played a critical role in enhancing the synergistic effect of AC, D. desulfuricans, and stress.",10.75,6.313953488372093,0.686046511627907,0.6162790697674418,0.05813953488372093,0.011627906976744186,0.8345572354211663,2022,33.55072463768116
https://doi.org/10.1016/j.corsci.2022.110274,Temperature effect and alloying elements impact on the corrosion behaviour of the alloys exposed to molten carbonate environments for CSP application,2022,28,True,article,Corrosion Science,"This investigation assesses the effect of the alloy composition and temperature in the corrosivity of the ternary carbonate eutectic, 32% Li2CO3, 33% Na2CO3, 35% K2CO3. To this end, an iron-based alloy, coded as 51Fe-24Cr-20Ni, and a nickel-based alloy, coded as 5Fe–23Cr-58Ni-8Mo, were exposed to the carbonate mixture for 500 h at 700 ºC, 750 ºC and 800 ºC under static atmospheric air. The results revealed that corrosion extension does not have a linear dependence on temperature. There are changes in the corrosion mechanism that depend on the temperature, but, in turn, they are directly influenced by the alloying elements of the material. The performance of the nickel-based substrate proved to be catastrophic at all the studied temperatures. The order from worst to best was 700 ºC > 750 ºC > 800 ºC. The presence of a high molybdenum concentration in the carbonate mixture in contact with this nickel-based alloy suggested that this element dissolution contributes to increasing the corrosivity of the mixture. By contrast, the iron-based alloy showed improved corrosion resistance, with an estimated corrosion rate in the order of hundreds of microns at the three temperatures. The best performance of the 51Fe-24Cr-20Ni alloy was achieved at 700 ºC, followed by that at 800 ºC, while the highest degradation was registered at 750 ºC. This investigation reinforced the idea of the complexity of the corrosion processes in molten carbonate. The equilibrium of corrosive species is very sensitive to an important number of parameters, meaning that modifications in the system conditions have a great impact on corrosivity. Hence, it is critical not to make assumptions when considering potential materials for carbonate containment in CSP technology.",22.833333333333332,6.262773722627737,0.6094890510948905,0.5401459854014599,0.014598540145985401,0.021897810218978103,0.8345572354211663,2022,33.55072463768116
https://doi.org/10.1016/j.corsci.2023.111336,Corrosion behavior and mechanisms of the heat-treated Ti5Cu produced by laser powder bed fusion,2023,28,True,article,Corrosion Science,"This work investigated the corrosion behavior of laser powder bed fusion produced (LPBFed) Ti5Cu and its heat-treated counterparts at 740 and 900 °C (named as HT-740 and HT-900 respectively) in Hank’s solution. The results indicated that the presence of acicular α'-Ti phase in LPBFed Ti5Cu was beneficial to corrosion, but the corrosion resistance of HT-740 and HT-900 were increased owing to the dual-phase microstructure (α'/α-Ti + Ti2Cu) or the increased content of Ti2Cu phase in the microstructure. The Ti2Cu phase could provide an ‘envelope’ protection to the α'/α-Ti phase and slow down the micro-galvanic reaction between α'/α-Ti phase and Ti2Cu phase.",33.666666666666664,6.356435643564357,0.6435643564356436,0.6633663366336634,0.019801980198019802,0.019801980198019802,1.0202429149797572,2023,27.444444444444443
https://doi.org/10.1016/j.corsci.2017.01.007,Atomic diffusion induced degradation in bimetallic layer coated cemented tungsten carbide,2017,27,True,article,Corrosion Science,1,,1.0,1.0,1.0,0.0,0.0,0.5264623955431755,2017,51.285714285714285
https://doi.org/10.1016/j.corsci.2017.03.004,Effects of electropolishing on corrosion and stress corrosion cracking of Alloy 182 in high temperature water,2017,27,True,article,Corrosion Science,"• Cr-enriched film formed on surface of Alloy 182 by electropolishing (EP). • Lower corrosion rate of electropolished surface (EPS) in high temperature water. • Cr-enriched oxide pit at grain boundary on EPS mitigates the intergranular corrosion . • EP mitigates intergranular stress corrosion cracking of Alloy 182. Effects of changes in surface chemical composition and microstructure by electropolishing on corrosion and stress corrosion cracking (SCC) of Alloy 182 in high temperature water were investigated. The results showed that electropolishing mitigated the corrosion, intergranular corrosion and SCC of Alloy 182. This is attributed to formation of the Cr-enriched, protective oxide on electropolished surface due to the enrichment of Cr by electropolishing. In particular, formation of the protective, blunted oxide at grain boundaries on electropolished surface mitigated the intergranular corrosion and caused a lower SCC susceptibility of Alloy 182.",17.25,6.884057971014493,0.7101449275362319,0.4492753623188406,0.06521739130434782,0.0,0.5264623955431755,2017,51.285714285714285
https://doi.org/10.1016/j.corsci.2018.11.019,Observation and quantification of the diffusion-induced grain boundary migration ahead of SCC crack tips,2018,27,True,article,Corrosion Science,"Crack tips prepared from Ni-based alloys after stress corrosion cracking testing in simulated pressurized water reactor primary water have been studied by high-resolution characterization. Diffusion-induced grain boundary migration (DIGM) was observed in all the cracks and its potential role on the crack propagation is discussed in detail. The extent of DIGM observed changed with grain boundary type and alloy composition, which could lead to different extent of retardation effects on the crack propagation. A method is proposed to quantify the role of DIGM on crack propagation based on the results obtained in this work.",23.5,6.574468085106383,0.6595744680851063,0.723404255319149,0.05319148936170213,0.010638297872340425,0.25378590078328983,2018,106.38888888888889
https://doi.org/10.1016/j.corsci.2019.05.030,Quantitatively related acoustic emission signal with stress corrosion crack growth rate of sensitized 304 stainless steel in high-temperature water,2019,27,True,article,Corrosion Science,"Stress corrosion cracking (SCC) of sensitized 304 stainless steel in high-temperature water was in-situ monitored by coupling acoustic emission (AE) and direct current potential drop (DCPD) techniques. The AE signals were identified using novel recurrence quantification analysis (RQA) and k-mean cluster method. It was found that the RQA is feasible to identify the evolution of different AE waveforms generated by ligament tearing and plastic deformation of the crack tip. The AE cumulative hits rate was linear with the SCC crack growth rate, providing a possibility for applying the AE technique to quantitatively evaluate SCC in high-temperature water.",24.25,6.680412371134021,0.7525773195876289,0.7835051546391752,0.05154639175257732,0.020618556701030927,0.5588865096359743,2019,48.310344827586206
https://doi.org/10.1016/j.corsci.2019.07.014,Copper enriched by dealloying as external cathode in intergranular corrosion of aluminium alloy AA6005,2019,27,True,article,Corrosion Science,"The purpose of this work is to understand the role of Cu in the propagation mechanism of IGC on extruded alloy AA6005-T5. The constituent Cu segregates as a Cu-rich nanolayer, together with the formation of a solute depleted zone, along the grain boundaries during thermomechanical processing of the alloy. While the α-phase particles corrode in acidified chloride test solution, additional Cu becomes enriched as nanoscale particles and layer segments by dealloying on the external surface and fissure walls formed by IGC. While the grain-boundary layer functions as the internal cathode, enriched Cu acts as effective external cathodes in IGC propagation.",25.0,6.45,0.62,0.67,0.05,0.01,0.5588865096359743,2019,48.310344827586206
https://doi.org/10.1016/j.corsci.2020.108849,"Design, construction, and validation for in-situ water layer thickness determination during accelerated corrosion testing",2020,27,True,article,Corrosion Science,"A sensor to determine water layer (WL) thickness, ranging from 0−5 mm, in salt-spray testing is presented. WL thickness is based on electrical resistivity and sensor design was guided by Finite Element Modeling with validation under known WL thicknesses. WLs were measured in continuous salt spray testing and angle of exposure played the largest role in thicknesses. At angles greater than 20˚ from vertical, semi-periodic run-off decreased WLs up to 80 %. Finally, exposure angle determines if thin-film conditions are achieved, likely influencing corrosion rate and morphology. Allowances for sample angle in testing standards pose a potentially large source of variability.",16.833333333333332,6.544554455445544,0.7524752475247525,0.8118811881188119,0.039603960396039604,0.019801980198019802,0.4237879316358563,2020,63.71111111111111
https://doi.org/10.1016/j.corsci.2020.108956,Oxidation behaviour of NiAl intermetallics with embedded Cr and Mo,2020,27,True,article,Corrosion Science,"The isothermal oxidation of directionally solidified NiAl-34Cr and NiAl alloys with embedded Cr bar and Mo wire were studied in a thermobalance at 800 °C, 1200 °C and 1300 °C for 50 h (Ar/ 13 vol.% O2). NiAl-Cr showed formation of a continuous Al2O3-Cr2O3 solid solution in the vicinity of the interface of NiAl and Cr in which the composition changed from almost pure Al2O3 near the metal matrix to almost pure Cr2O3 near the gas surface. DS NiAl-34Cr showed more spallation compared to NiAl-Cr. In case of NiAl-Mo, a weight loss was observed due to formation of volatile oxides.",20.0,5.66,0.66,0.66,0.02,0.02,0.4237879316358563,2020,63.71111111111111
https://doi.org/10.1016/j.corsci.2021.109555,Effects of surface treatments on environmentally-assisted cracking susceptibility of Alloy 182 in BWR environment,2021,27,True,article,Corrosion Science,The effects of four machining surface preparations on the environmentally-assisted cracking (EAC) initiation and early crack growth were evaluated for Alloy 182 flat tapered specimens exposed to a simulated boiling water reactor (BWR) environment under constant extension rate tensile test conditions. Results showed that the apparent EAC critical threshold stress for initiation was highly dependent on the surface treatment. Detailed microstructural characterization revealed the nature of the machining-induced deformation associated with the four surface treatments. Surface treatments affected the surface oxidation during exposure in the simulated BWR environment. The machining-induced deformation structure affected the EAC initiation susceptibility.,19.4,7.731958762886598,0.7216494845360825,0.7319587628865979,0.041237113402061855,0.010309278350515464,0.7316748111950245,2021,36.90163934426229
https://doi.org/10.1016/j.corsci.2021.109829,Ultra-high corrosion resistance of Al-Mg-Si film on steel sheet formed by PVD Mg coating and heat treatment,2021,27,True,article,Corrosion Science,"This study fabricated alloy films with excellent corrosion resistance by depositing an Mg film on Al-Si coated steel sheets and applying heat treatment. The fabricated Al-Mg-Si alloy film formed a corrosion product film composed of two layers, showing an excellent barrier effect against corrosion factors. The Mg in the film fabricated by heat treatment for 5 min was widely distributed in a dissolved state on the AI phase and was continuously involved in the corrosion product formation reaction. The corrosion resistance evaluation results were explained by analyzing the properties of the alloy film and the mechanism of forming corrosion products.",25.0,6.45,0.7,0.61,0.05,0.0,0.7316748111950245,2021,36.90163934426229
https://doi.org/10.1016/j.corsci.2021.109999,Electrochemical and molecular modelling studies of CO2 corrosion inhibition characteristics of alkanolamine molecules for the protection of 1Cr steel,2021,27,True,article,Corrosion Science,"Effects of alkanolamine molecules on the corrosion inhibition of L80–1Cr steel were studied in a CO2-saturated 1 wt% NaCl solution at well downhole temperatures of 20 and 80 °C. The electrochemical results showed lower corrosion rates at 20 °C, for which corrosion rates were more influenced by the alkanolamine injection. The experimental results and molecular modelling calculations using DFT revealed that alkanolamine adsorption/desorption played a determining role in the kinetics and characteristics of FeCO3 formation. Additionally, the dependency of inhibitor efficiency on both chemical structures and adsorption energy on Fe(110), FeCO3(104) and Fe3C(001) was demonstrated, resulting in the highest efficiency provided by ethanolamine.",25.75,7.135922330097087,0.6699029126213593,0.7087378640776699,0.038834951456310676,0.0,0.7316748111950245,2021,36.90163934426229
https://doi.org/10.1016/j.corsci.2023.111651,Corrosion inhibition of decylphosphonate on bare and PEO-coated Mg alloy,2023,27,True,article,Corrosion Science,"PEO coatings, aside from their reasonable corrosion protection, also feature a porous microstructure that can serve as a repository for corrosion inhibitors. This study presents and investigates the high corrosion inhibition effect of sodium salt of decylphosphonate (DP) when incorporated into PEO coating on a magnesium substrate. The interaction of DP with both bare and PEO-coated magnesium substrates was studied to understand its corrosion inhibition mechanism. Additionally, a strategy to enhance the active anti-corrosion ability of the DP-containing system was suggested and examined. The findings provide new insights into the potential of surfactants as corrosion inhibitors for magnesium alloys.",19.8,7.03030303030303,0.6363636363636364,0.7171717171717171,0.04040404040404041,0.050505050505050504,0.9838056680161944,2023,27.444444444444443
https://doi.org/10.1016/j.corsci.2021.109441,Conductivity assessment of multifunctional cement pastes by impedance spectroscopy,2021,26,True,article,Corrosion Science,"This study introduces impedance spectroscopy as a technique for reliable assessment of the electrical conduction through a carbon fibre reinforced cement paste. An electrical equivalent model was validated where the polarization response of the fibres is included. Conduction capabilities in addition to other microstructural features, such as the dielectric response or the pore sizes, were obtained using this model. A frequency-independent resistance value was provided since the whole spectrum was considered for the numerical simulations. The variables included in this work were the aspect ratio (milled and chopped) and the amount of fibre. The proposed methodology allows identification of any modification produced of matrix properties, even under the percolation threshold or with a non-uniform fibre dispersion.",19.333333333333332,6.991379310344827,0.6293103448275862,0.7155172413793104,0.02586206896551724,0.017241379310344827,0.7045757441137273,2021,36.90163934426229
https://doi.org/10.1016/j.corsci.2022.110114,High temperature corrosion behavior of FeCrAlSi model alloys in the presence of water vapor and KCl at 600 °C – The influence of Cr content,2022,26,True,article,Corrosion Science,"The corrosion behavior of Fe(5−20)Cr3Al2Si model alloys and the underlying mechanisms after breakaway oxidation was investigated at 600 °C. Rapid breakaway oxidation was triggered for all alloys in the presence of KCl(s). Thermogravimetric analysis showed that alloys with a Cr content of ≥ 10 wt% transitioned into sub-parabolic oxidation kinetics at an early stage of the oxidation process after breakaway oxidation. Through advanced electron/ion microscopy, this behavior was attributed to high Cr-enrichment in the bottom part of the inward-growing scale, indicating the formation of a healing layer. Additionally, alloys with elevated Cr-content (≥15 wt%) were more prone to grain boundary attack.",20.2,6.811881188118812,0.6732673267326733,0.7227722772277227,0.039603960396039604,0.0,0.7749460043196545,2022,33.55072463768116
https://doi.org/10.1016/j.corsci.2022.110769,The effect of cooling rate-induced microstructural changes on CO2 corrosion of low alloy steel,2022,26,True,article,Corrosion Science,"The effect of cooling rate-induced microstructural changes on corrosion resistance in a CO2-saturated 3.5 wt% NaCl solution have been explored for the API L80–1Cr steel. The corroded layer majorly contains siderite, akagenite, and undissolved cementite. The amount of FeCO3 in this layer is larger for the water-cooled sample with a martensitic structure, whereas the furnace-cooled sample with a ferritic-pearlitic structure contains a larger amount of akagenite. The retained cementite and the microrough surface of the furnace-cooled sample provide greater anchoring to the scale. Comparing samples cooled at different rates, the furnace-cooled condition appears to provide better CO2 corrosion resistance.",16.5,6.97979797979798,0.6666666666666666,0.6767676767676768,0.030303030303030304,0.020202020202020204,0.7749460043196545,2022,33.55072463768116
https://doi.org/10.1016/j.corsci.2023.110960,Fungi corrosion of high-strength aluminum alloys with different microstructures caused by marine Aspergillus terreus under seawater drop,2023,26,True,article,Corrosion Science,"Fungi corrosion of aluminum alloys (AA) in atmospheric conditions is a hot topic. In this work, fungi corrosion studies of high-strength aluminum alloys (named AA 7075–1# and AA 7075–2#) were conducted. Results demonstrate that AA 7075–2# with a big grain size suffers from severe localized corrosion caused by Aspergillus terreus with the biggest value of 4.08 mm/y. A. terreus have good biological activities, and the sessile spores in 30 µL droplet can reach 2.51 × 10 10 spores/cm 2 after 17 days of testing. Corrosion of AA under seawater drop is a result of multi-factor coupling, but the contribution of A. terreus is dominant.",11.555555555555555,5.961538461538462,0.7211538461538461,0.7403846153846154,0.028846153846153848,0.009615384615384616,0.9473684210526316,2023,27.444444444444443
https://doi.org/10.1016/j.corsci.2023.111012,Living marine bacterium Tenacibaculum mesophilum D-6 inhibits crevice corrosion of X70 carbon steel,2023,26,True,article,Corrosion Science,"Severe corrosion was detected using a simulated crevice with 50% crevice coverage. The corrosion protection effect of living marine bacterium Tenacibaculum mesophilum D-6 was systematically investigated. According to the weight loss data, the corrosion rate decreased by 61.3%, and the corrosion current density decreased from 2.2 ± 0.3 to 0.8 ± 0.2 μA cm −2 with T. mesophilum D-6 inoculation. We further clarified the protective mechanisms of living biofilm by T. mesophilum D-6 relied on the secreted EPS and oxygen consumption . This work provides a perspective for developing a novel, sustainable and economical technology for crevice corrosion inhibition .",8.333333333333334,6.42,0.74,0.7,0.07,0.0,0.9473684210526316,2023,27.444444444444443
https://doi.org/10.1016/j.corsci.2023.111698,Corrosion behavior assessment of an Al-Cu alloy manufactured via laser powder bed fusion,2023,26,True,article,Corrosion Science,"Additively manufactured Aluminum-Copper alloys are attracting interest because of their high tensile strength. Nevertheless, the presence of Cu strongly affects the corrosion performances. In this work, the corrosion behavior of an innovative laser powder bed fusion-processed 2139 alloy was investigated, and its corrosion performances were compared to the well-consolidated AlSi10Mg alloy, as well as the parent wrought alloy. Electrochemical, Kelvin probe microscopy and intergranular corrosion tests were performed. The unique corrosion morphology at melt pool boundaries are presented and discussed alongside with the effect of surface finishing and heat treatments.",18.0,7.311111111111111,0.7222222222222222,0.7777777777777778,0.06666666666666667,0.0,0.9473684210526316,2023,27.444444444444443
https://doi.org/10.1016/j.corsci.2019.07.003,Influence of KCl and HCl on a laser clad FeCrAl alloy: In-Situ SEM and controlled environment High temperature corrosion,2019,25,True,article,Corrosion Science,"This study investigated the effects of HCl and KCl on a laser-clad FeCrAl coating at 450 °C in an in-situ ESEM followed by a furnace exposure. In all in-situ TEM cross-sections, three major phases were identified: an iron rich oxide, an iron-chromium mixed oxide and an aluminium enriched layer. HCl allowed chlorine based corrosion to occur which suggests interaction from its gas phase. EDX of the regions around KCl crystals showed a decrease in chromium which is an indication of chlorine selectively removing chromium. Moreover, the mass gain in HCl with KCl was significantly lower than that observed in air with KCl.",20.4,5.980392156862745,0.6862745098039216,0.7549019607843137,0.049019607843137254,0.0392156862745098,0.5174875089221984,2019,48.310344827586206
https://doi.org/10.1016/j.corsci.2020.108855,Abundance of Fe(III) during cultivation affects the microbiologically influenced corrosion (MIC) behaviour of iron reducing bacteria Shewanella putrefaciens,2020,25,True,article,Corrosion Science,The effect of the presence of Fe(III) during the cultivation on the electrochemical activity and corrosion behaviour of dissimilatory iron reducing bacteria Shewanella putrefaciens was studied by means of ex situ and in situ X-ray absorption near-edge spectroscopy (XANES). Stainless steel AISI 304 and thin iron films were studied as substrates. XANES analysis indicated an accelerated iron dissolution and growth of an oxide/hydroxide film for the culture grown with Fe(III) in comparison to the culture grown in absence of Fe(III). Electrochemical analysis indicated that the biofilm resulted in acceleration of the general corrosion but provides protection against local corrosion.,24.75,6.858585858585859,0.6666666666666666,0.6868686868686869,0.09090909090909091,0.010101010101010102,0.3923962329961633,2020,63.71111111111111
https://doi.org/10.1016/j.corsci.2021.109466,Investigation of selective oxidation during cooling of hot-rolled iron-manganese-silicon alloys,2021,25,True,article,Corrosion Science,"The kinetics of selective oxidation in iron-manganese-silicon alloys of varying silicon contents was examined at 700°C and oxygen partial pressure of 2.9×10−22 bar for up to 2 h. The investigation revealed a linear mass gain over time, suggesting oxygen uptake as the rate-controlling step of reaction. Internal oxidation depth particularly along grain boundaries increased considerably with increasing silicon content. Differences in microstructure and near-surface chemistry of the alloys as a function of the silicon content are discoursed on. The results point to the crucial role of a thin oxide layer, a solid solution between FeO and MnO, in the oxidation process.",16.833333333333332,6.514851485148514,0.6435643564356436,0.7425742574257426,0.039603960396039604,0.019801980198019802,0.6774766770324301,2021,36.90163934426229
https://doi.org/10.1016/j.corsci.2022.110565,Effect of temperature on the preferential intergranular oxidation susceptibility of thermally-treated Alloy 600,2022,25,True,article,Corrosion Science,"Thermally-treated Alloy 600 coupons were tested in pressurized water reactor simulated primary water at 320 °C and in high-pressure superheated steam at 400 °C to study the effect of a “semi-continuous” network of intergranular carbides on the stress corrosion cracking “precursors events”: preferential intergranular oxidation (PIO) and diffusion-induced grain boundary migration (DIGM). The intergranular carbides were partially consumed due to the environmental exposure, whereby the Cr released from the carbides contributed to the formation of the external oxide layer that limited both PIO and DIGM. The results were compared with previous studies in which similar coupons were exposed to H2-steam.",33.333333333333336,6.95,0.69,0.76,0.06,0.01,0.7451403887688985,2022,33.55072463768116
https://doi.org/10.1016/j.corsci.2022.110896,"High temperature corrosion resistance of FeCr(Ni, Al) alloys as bulk/overlay weld coatings in the presence of KCl at 600 °C",2022,25,True,article,Corrosion Science,"The long-term high temperature corrosion behavior of FeCr(Ni, Al) alloys, both in bulk form and as overlay welds, was investigated in a new experimental setup, in the presence of KCl at 600 °C. All the alloys experienced breakaway oxidation, with the bulk materials exhibiting better corrosion resistance than the overlay weld coatings with similar compositions. All results indicate diffusion-controlled kinetics, and the analysis revealed an improved corrosion behavior connected to an increased Cr content in the inward-growing scale.",26.0,6.730769230769231,0.6794871794871795,0.782051282051282,0.0641025641025641,0.01282051282051282,0.7451403887688985,2022,33.55072463768116
https://doi.org/10.1016/j.corsci.2019.06.012,Catastrophic stress corrosion failure of Zr-base bulk metallic glass through hydrogen embrittlement,2019,24,True,article,Corrosion Science,"Zr-base bulk metallic glasses (BMG) are prone to pitting corrosion in halide containing solutions and also stress corrosion cracking (SCC) is often interpreted in this context. This work presents in situ SCC experiments on notched Zr52.5Cu17.9Ni14.6Al10Ti5 (at.%) BMG bars under 3-point bending in dilute NaCl solution. They show that pitting corrosion is only the initiating process. The pitted areas have a lower local corrosion potential and the reaction of Zr4+ to zirconyl ions in solution produces H+ that can be reduced and absorbed in the local acidic environment. So, hydrogen embrittlement causes the observed catastrophic failure and peculiar fracture surface characteristics.",11.222222222222221,6.673267326732673,0.7128712871287128,0.8415841584158416,0.0891089108910891,0.019801980198019802,0.4967880085653105,2019,48.310344827586206
https://doi.org/10.1016/j.corsci.2019.108335,Oxidation study of porous metal substrates for metal supported proton ceramic electrolyzer cells,2019,24,True,article,Corrosion Science,"Isothermal corrosion of coated and uncoated porous, ferritic stainless steel (Höganäs), with 20.6 wt% Cr and 30–35 % porosity, has been studied at temperatures from 600 to 800 °C in air and 2.5 %H2O/5 %H2/Ar. Uncoated specimens form protective Cr2O3 scales following parabolic kinetics at 600 and 700 °C in air and at 800 °C in 2.5 %H2O/5 %H2/Ar. Non protective scales were formed in 2.5 %H2O/5 %H2/Ar at 600 and 700 °C and at 800 C in air. The coating overall improves the corrosion behavior. The scaling behavior was explained from Fe-Cr-O2 stability diagrams and ratios between consumption and feed of Cr at the alloy-oxide interface.",11.88888888888889,5.738317757009346,0.7102803738317757,0.616822429906542,0.04672897196261682,0.009345794392523364,0.4967880085653105,2019,48.310344827586206
https://doi.org/10.1016/j.corsci.2020.108584,Corrosion testing of materials in simulated superheated geothermal environment,2020,24,True,article,Corrosion Science,"This paper reports the results of corrosion study for carbon steel, austenitic stainless steel, as well as titanium and nickel-based alloys which were tested in a simulated superheated geothermal environment (SSGE) in flow-through reactors to investigate the corrosion behaviour to aid in the future material selection for high temperature deep geothermal application. The testing fluid was superheated steam (T = 350 °C and P = 10 bars gauge) containing H2S, CO2 and HCl with condensate of pH = 3. The corrosion rate for all samples was negligible but carbon steel was prone to localized damage under a magnetite film with a sulphur rich sublayer.",34.666666666666664,6.153846153846154,0.7019230769230769,0.75,0.057692307692307696,0.0,0.3767003836763167,2020,63.71111111111111
https://doi.org/10.1016/j.corsci.2021.109584,Secondary corrosion protection of FeCr(Al) model alloys at 600 °C – The influence of Cr and Al after breakaway corrosion,2021,24,True,article,Corrosion Science,"The influence of Cr and Al content on the oxidation behaviour of FeCr(Al) model alloys after breakaway oxidation at 600 °C and the underlying mechanisms were investigated in detail with thermogravimetrical analysis (TGA), thermodynamic calculations and advanced electron microscopy. The results showed that a Cr-content of ≥18 wt% drastically reduced the growth rate of the Fe-rich oxide scale, formed after breakaway oxidation, for FeCrAl alloys but not for FeCr alloys. This was attributed to the ability of the Fe(18-25)CrAl alloys to prevent internal oxidation, which enables the formation of a healing layer.",30.666666666666668,6.543478260869565,0.6195652173913043,0.7282608695652174,0.03260869565217391,0.0,0.6503776099511329,2021,36.90163934426229
https://doi.org/10.1016/j.corsci.2020.109155,The influence of Si on the primary protection of lean FeCrAl model alloys in O2 and O2+H2O at 600 °C—A microstructural investigation,2020,23,True,article,Corrosion Science,The present study investigates the influence of Si on the high-temperature corrosion behavior of lean FeCrAl model alloys in O2 and O2+H2O at 600 °C. The addition of Si prevented breakaway oxidation in O2+H2O which may be explained by the increased Al-content and reduced Cr-content in the oxide (O2) as well as the Si-enrichment in the outer part of the scale (O2+H2O). A proposed explanation for the impact of Si-addition on the Cr- and Al-content was given by thermodynamic calculations which showed that the presence of Si increases the activity of Al in the alloy while reducing the activity of Cr.,33.666666666666664,5.871287128712871,0.5445544554455446,0.6237623762376238,0.0594059405940594,0.009900990099009901,0.3610045343564702,2020,63.71111111111111
https://doi.org/10.1016/j.corsci.2015.05.002,A new combinatorial approach to assess the influence of alloy composition on the oxidation behavior and concurrent oxygen-induced phase transformations for binary Ti–xCr alloys at 650°C,2015,23,True,article,Corrosion Science,"Poor oxidation performance of Ti-based alloys is an important life-limiting factor for high temperature applications. In this paper, a combinatorial approach is used to investigate systematically the influence of composition and time on the oxidation of Ti–Cr system. A compositionally graded Ti–xCr specimen (0 ⩽ x ⩽ 40 wt%) was prepared and oxidized at 650 °C. The structure and composition of the oxide and near-surface region were studied and a critical composition of ∼20 wt% Cr was identified above which the oxidation resistance is enhanced. Below the critical composition transition to a rapid breakaway oxidation was observed for extended exposure times.",20.2,6.455445544554456,0.693069306930693,0.7326732673267327,0.0297029702970297,0.009900990099009901,0.35181644359464626,2015,65.375
https://doi.org/10.1016/j.corsci.2021.110072,Hydrogen detection in high strength dual phase steel using scanning Kelvin probe technique and XPS analyses,2021,23,True,article,Corrosion Science,"Hydrogen permeation through high strength DP1180 steel was studied by Scanning Kelvin Probe (SKP) and X-ray photoelectron spectroscopy (XPS). The XPS analyses showed that hydrogen desorption from the steel increased the ratio Fe(II)/Fe(III) related to oxide film reduction. In parallel, a drop of the electrochemical potential in the oxide film was measured by SKP. Analyses of the composition and potential of the surface were correlated based on Nernst red-ox thermodynamic equilibrium. From this approach, it was shown that the SKP potential can be a measure of hydrogen affecting the surface oxide, but additional contributions should be considered.",19.4,6.628865979381444,0.6391752577319587,0.7010309278350515,0.041237113402061855,0.041237113402061855,0.6232785428698356,2021,36.90163934426229
https://doi.org/10.1016/j.corsci.2022.110635,Corrosion resistance and anomalous hydrogen evolution in chloride containing solutions of extruded cast and powder metallurgical Mg-1Zn alloy,2022,23,True,article,Corrosion Science,"The corrosion resistance and anomalous hydrogen evolution of extruded cast and powder metallurgical (PM) Mg-1Zn alloy were investigated. Potentiodynamic polarization revealed that the PM Mg-1Zn alloy actively corroded at the OCP due to enhanced cathodic kinetics, whereas the cast Mg-1Zn alloy remained spontaneously passive. HE measurements confirmed that the cast Mg-1Zn alloy exhibited lower HE rates than the PM Mg-1Zn alloy. Rp values for the PM Mg-1Zn alloy were remarkably lower than for the cast Mg-1Zn alloy. The anomalous HE rates were higher for the PM Mg-1Zn alloy with over 90% of the charge ratio associated with anomalous HE.",19.8,6.313131313131313,0.696969696969697,0.5454545454545454,0.050505050505050504,0.0,0.6855291576673866,2022,33.55072463768116
https://doi.org/10.1016/j.corsci.2023.111093,Effect of nickel on the oxidation behavior of FeCrAl alloy in simulated PWR and BWR conditions,2023,23,True,article,Corrosion Science,"FeCrAl alloys are being investigated as candidate materials for light water reactor fuel claddings. The chemical composition of FeCrAl determines its resistance to corrosion under normal operating conditions. The purpose of this paper is to investigate the effect of 0, 1, 3 wt% Ni addition on the passivation characteristics of Fe17Cr5.5Al in oxygenated and hydrogenated simulated reactor waters for 3-month immersion. Current results show that Ni addition improves the passivation of FeCrAl under oxygenated condition and decreases the mass loss under hydrogenated conditions.",16.6,6.855421686746988,0.6746987951807228,0.7349397590361446,0.03614457831325301,0.012048192771084338,0.8380566801619433,2023,27.444444444444443
https://doi.org/10.1016/j.corsci.2020.108588,Understanding the effect of Li and flow velocity on corrosion deposition at 230 °C hydrogenated water,2020,22,True,article,Corrosion Science,"The effect of flow velocity, pH and lithium concentration on corrosion product deposition in accelerated flow regions was investigated in simulated nuclear reactor primary water using discs containing micro-orifices. The results also showed that a well adhered crystalline deposit formed between 2 and 2.5 ppm lithium, where the zeta potential of stainless-steel specimens is negative and the electrokinetic effects are expected to dominate. Conversely, a loosely adherent deposit driven by the deposition of particulates was formed for lower lithium concentrations.",20.0,6.9625,0.725,0.8125,0.05,0.0125,0.34530868503662365,2020,63.71111111111111
https://doi.org/10.1016/j.corsci.2020.109153,Determination of thickness and air-void distribution within the iron carbonate layers using X-ray computed tomography,2020,22,True,article,Corrosion Science,Iron carbonate (FeCO3) is a common corrosion product reported in oil and gas fields. The growth kinetics and the presence of connected voids within this layer have a significant influence on the protective capability afforded to the steel surface. X-ray micro-computed tomography (μCT) was used in conjunction with novel algorithms to determine the thickness and air-void distribution within the crystalline FeCO3 layer. Then the relationship between the air-void distribution and corrosion behaviour was analysed. Mercury intrusion porosimetry (MIP) was used to validate the μCT results. The advantages and limitations of both methods for the pore characterisation were discussed.,16.333333333333332,6.846938775510204,0.6530612244897959,0.7551020408163265,0.04081632653061224,0.01020408163265306,0.34530868503662365,2020,63.71111111111111
https://doi.org/10.1016/j.corsci.2021.109433,The interplay between atmospheric corrosion and antimicrobial efficiency of Cu and Cu5Zn5Al1Sn during simulated high-touch conditions,2021,22,True,article,Corrosion Science,"The interplay between atmospheric corrosion and antimicrobial efficiency of bare Cu and Cu5Zn5Al1Sn was studied upon exposures simulating high-touch surface conditions. The survival of the bacteria Bacillus subtilis during surface contact with Cu and Cu5Zn5Al1Sn was examined under different degrees of surface oxidation, tarnishing, wettability and copper ion release. Depending on surface conditions complete bacteria inhibition was obtained within 4 min on Cu and within 6–10 min on Cu5Zn5Al1Sn. The antibacterial efficiency increases slightly with copper release rate and is governed by complex interactions between the corroded metal surface, bacteria and extracellular polymeric substances produced by the bacteria.",24.5,7.275510204081633,0.6938775510204082,0.6326530612244898,0.061224489795918366,0.0,0.5961794757885385,2021,36.90163934426229
https://doi.org/10.1016/j.corsci.2022.110113,The effect of salt composition on the stress-free and corrosion-fatigue performance of a fine-grained nickel-based superalloy,2022,22,True,article,Corrosion Science,"This paper describes work to study hot corrosion damage in the nickel-based gas turbine alloy RR1000 coated with various salts at 600 °C. Interest in type-II hot corrosion on the fatigue resistance of gas turbine alloys has increased to minimise power/thermal inefficiencies. Stress-free corrosion demonstrated a greater impact of sulphate (versus chloride) on maximum pit depth, a key influencing factor of fatigue lives. In corrosion-fatigue testing, at low stresses sulphate was shown to be more influential of fatigue life. At high stresses, the presence of greater crack initiation sites, reduced initiation lives and cracked oxide suggests chlorine influenced the crack-initiation behaviour.",20.2,6.762376237623762,0.7326732673267327,0.7425742574257426,0.0594059405940594,0.019801980198019802,0.6557235421166308,2022,33.55072463768116
https://doi.org/10.1016/j.corsci.2022.110437,Corrosion of non-noble metal-based catalysts during oxygen evolution reaction under on/off operation,2022,22,True,article,Corrosion Science,"Green-hydrogen generation has become a focus for research due to its promising future as an energy vector. In this regard, one topic that has not been explored in depth, is the corrosion of catalytic layers under on/off operation in alkaline media during oxygen evolution reaction (OER) on the anode. Here, we studied the corrosion of, and changes to, the catalytic layer on stainless steel (SS) electrodes under different surface treatments. The results showed that there was formation of a passive and catalytic layer of NiOOH during the anodic polarization concomitantly with iron dissolution.",23.25,6.301075268817204,0.6344086021505376,0.7741935483870968,0.0967741935483871,0.0,0.6557235421166308,2022,33.55072463768116
https://doi.org/10.1016/j.corsci.2023.110999,Corrosion behavior and mechanism of laser powder bed fusion produced CoCrW in an acidic NaCl solution,2023,22,True,article,Corrosion Science,"The corrosion behavior and mechanism of the laser powder bed fusion (L-PBF) produced CoCrW were investigated in 0.9 wt% NaCl solution with a pH of 2. The corrosion resistance of the alloy increases after 28 days of immersion because of the formed oxide film, which results in the increased corrosion potential and the decreased passivation current density on the potentiodynamic polarization test. The corrosion mechanism of the L-PBF-produced CoCrW could be explained by the melt pool formed from the laser melting process, that the melt pools were “shrinking” by the formation and dissolution of the oxide film.",24.25,6.216494845360825,0.5979381443298969,0.6701030927835051,0.08247422680412371,0.010309278350515464,0.8016194331983806,2023,27.444444444444443
https://doi.org/10.1016/j.corsci.2023.111210,Evaluation of microstructural and environmental effects on the hydrogen uptake and desorption in high-strength carbon steels: A thermal desorption spectroscopy study,2023,22,True,article,Corrosion Science,"The hydrogen uptake in three high-strength carbon steels is studied after exposure to three different environments: an aqueous solution with CO2 bubbling, CO2/H2S bubbling, and cathodic charging without external gassing. The hydrogen uptake is substantially higher in CO2/H2S environment compared to CO2 environment for all materials. The lamellar cementite morphology absorbs higher hydrogen than the material with spheroidite microstructure with similar carbon content. The corrosion layer formed on the steels in CO2 environment strongly affects the hydrogen effusion and the thermal desorption spectroscopy spectrum in all materials, while the corrosion layer formed in CO2/H2S environment does not show this effect.",25.0,7.12,0.67,0.63,0.02,0.0,0.8016194331983806,2023,27.444444444444443
https://doi.org/10.1016/j.corsci.2023.111309,Predicting the parabolic growth rate constant for high-temperature oxidation of steels using machine learning models,2023,22,True,article,Corrosion Science,"The parabolic growth rate constant (kp) of high-temperature oxidation of steels is predicted via a data analytics approach. Four machine learning models including Artificial Neural Networks, Random Forest, k-Nearest Neighbors, and Support Vector Regression are trained to establish the relations between the input features (composition and temperature) and the target value (kp). The models are evaluated by the indices: Mean Absolute Error, Mean Squared Error, Root Mean Squared Error and Coefficient of Determination. The steel composition regarding Cr and Ni content and the temperature were the most significant input features controlling the oxidation kinetics.",23.5,6.968085106382978,0.7340425531914894,0.723404255319149,0.010638297872340425,0.02127659574468085,0.8016194331983806,2023,27.444444444444443
https://doi.org/10.1016/j.corsci.2023.111598,In situ SR-XRD analysis of corrosion product formation during ‘pseudo-passivation’ of carbon steel in CO2-containing aqueous environments,2023,22,True,article,Corrosion Science,"In situ Synchrotron Radiation X-ray Diffraction (SR-XRD) is employed to follow the evolution of corrosion products on X65 carbon steel in a CO2-containing aqueous environment (80 °C, pH 6.3-7.3). A custom-designed flow cell is used to follow the real-time concomitant changes in electrochemical behaviour and corrosion product growth during stages of both natural and potentiodynamically driven ‘pseudo-passivation’. We show that no deteca crystalline magnetite (Fe3O4) phase forms during ‘pseudo-passivation’ across all conditions studied. Furthermore, the results suggest the significant ennoblement observed during ‘pseudo-passivation’ in these experiments can be strongly related to the accumulation of iron carbonate (FeCO3) on the steel surface.",16.833333333333332,7.267326732673268,0.6633663366336634,0.8613861386138614,0.0594059405940594,0.019801980198019802,0.8016194331983806,2023,27.444444444444443
https://doi.org/10.1016/j.corsci.2017.11.017,The effect of work-hardening and thermal annealing on the early stages of the uranium-hydrogen corrosion reaction,2017,21,True,article,Corrosion Science,"• Distinct differences in (early) H 2 corrosion of U due to differences in the level of induced strain in the metal. • Mass of hydride decreases from the work-hardened to an as-cast and then a thermally annealed metal surface. • Damage per hydride growth decreases from the work-hardened to the as-cast and finally the thermally annealed surface. • Vacuum annealing of uranium resulted in a reduction of UH 3 nucleation per unit area. • Cold work-hardening significantly altered the (early) H 2 corrosion behaviour. The characteristics of hydride formation on metallic U at the early stages were investigated for three differently treated samples. The first sample reacted in its as-received state, the second was thermally annealed and the third sample underwent cold work-hardening prior to reaction with deuterium. From the analysis, the vacuum heat-treated sample was found to be more resilient to hydriding at the nucleation and growth stage, exhibiting a reduced number of nucleation points when compared to the as-cast uranium. The work-hardened sample was observed to be more susceptible to H 2 corrosion, displaying very dissimilar hydriding behaviour when compared to the other.",20.666666666666668,6.263440860215054,0.6344086021505376,0.532258064516129,0.016129032258064516,0.010752688172043012,0.4094707520891365,2017,51.285714285714285
https://doi.org/10.1016/j.corsci.2019.06.008,A systematic data collection on chloride-induced steel corrosion in concrete to improve service life modelling and towards understanding corrosion initiation,2019,21,True,article,Corrosion Science,"While the critical chloride content for corrosion initiation in concrete, Ccrit, is a vital parameter for (probabilistic) service life modelling, little information is available on its statistical distribution. To close this gap, we present a comprehensive data collection of Ccrit measured on samples retrieved from various engineering structures. Additional detailed information about the structures (steel type, concrete properties, age, etc.) is systematically documented. This provides guidance to engineers performing service life modelling to select the statistical distribution of Ccrit as model input. Finally, the systematic documentation will allow identifying the dominant parameters influencing chloride-induced corrosion initiation in concrete.",16.333333333333332,7.581632653061225,0.7142857142857143,0.7346938775510204,0.02040816326530612,0.030612244897959183,0.4346895074946467,2019,48.310344827586206
https://doi.org/10.1016/j.corsci.2020.109134,The behaviour of iron-containing intermetallic particles in aluminium alloys in alkaline solution,2020,21,True,article,Corrosion Science,"The behaviour of Fe-containing particles during alkaline etching and desmutting of AA5052 aluminium alloy is investigated by quasi in situ monitoring of the compositional and morphological evolution of the particles. In alkaline solution, multi-layered oxide/hydroxide films are rapidly formed on the particles, rendering them electrochemically inactive. The particles are inactive in nitric acid due to formation of thin alumina layer. The treatment doesn’t significantly change the total population of Fe-containing particles with the population of Al3Fe being reduced and that of Al(Fe,Mn,Cr)Si remaining almost unchanged. Further, relevance of the observed behaviour to localized corrosion of aluminium alloys is also discussed.",20.0,7.19,0.67,0.7,0.05,0.03,0.32961283571677713,2020,63.71111111111111
https://doi.org/10.1016/j.corsci.2021.109313,Properties of interfaces between copper and copper sulphide/oxide films,2021,21,True,article,Corrosion Science,"We compare different means of predicting and rationalizing properties of corrosion films aiming at gaining deeper understanding of the behaviour of copper in aqueous and sulphide-containing environments. Purely geometrical tools ranging from mean bulk information to anisotropic and facet-specific approaches are discussed, and their performances compared against DFT-based stability and property evaluations of a range of interfaces arising from combining low-index crystallographic planes of the compounds Cu, Cu2O, and Cu2S. We demonstrate the necessity to consider facet-specific interactions to understand nanolevel differences between Cu2S and Cu2O film behaviour, and that thin films cannot be directly described by bulk properties.",33.0,7.343434343434343,0.6565656565656566,0.7777777777777778,0.030303030303030304,0.030303030303030304,0.5690804087072413,2021,36.90163934426229
https://doi.org/10.1016/j.corsci.2022.110833,Penetration of corrosive species into copper exposed to simulated O2-free groundwater by time-of-flight secondary ion mass spectrometry (ToF-SIMS),2022,20,True,article,Corrosion Science,"ToF-SIMS analysis of copper samples after exposures to simulated groundwater with and without sulfide addition was performed to investigate the penetration of corrosive species containing H, S, O, and Cl, into copper. Depth profiles show extent of penetration and 2D/3D images reveal local elemental distribution of the corrosive species at different depths inside copper. Pre-oxidation did not reduce the penetration while sulfide additional in groundwater and exposure at 60 °C significantly promoted the penetration. The extent of penetration of the corrosive species into copper demonstrates the need for risk assessment of complex corrosion forms such as sulfide-induced embrittlement and cracking.",25.0,6.92,0.65,0.69,0.04,0.01,0.5961123110151189,2022,33.55072463768116
https://doi.org/10.1016/j.corsci.2023.111114,"In situ, real-time imaging of redox-active species on Al/Cu galvanic couple and corrosion inhibition with 2-mercaptobenzimidazole and octylphosphonic acid",2023,20,True,article,Corrosion Science,"In situ localized electrochemical activity in the Al/Cu galvanic pair at the corrosion potential in an aggressive chloride electrolyte was investigated, along with the effect of the organic inhibitors 2-mercaptobenzimidazole (MBI) and octylphosphonic acid (OPA) on arresting the corresponding corrosion processes. Scanning electrochemical microscopy (SECM) and the scanning vibrating electrode technique (SVET) were used to discern local anodic and cathodic sites at the surface. The electrochemical activity in the galvanic pair was greatly reduced when the copper surface was covered with an MBI-containing film. SECM was successfully applied to visualize spatially resolved differences in local electrochemical activity related to the inhibitor action.",25.5,7.333333333333333,0.7058823529411765,0.6764705882352942,0.0784313725490196,0.00980392156862745,0.728744939271255,2023,27.444444444444443
https://doi.org/10.1016/j.corsci.2023.111155,The long-term corrosion behavior of FeCrAl(Si) alloys after breakaway oxidation at 600 °C,2023,20,True,article,Corrosion Science,"The long-term corrosion behavior of three FeCrAl(Si) alloys has been investigated in two environments (K2CO3 and KCl+H2O) at 600 °C. The FeCrAl alloy experienced breakaway oxidation in both environments but displayed a higher corrosion rate in KCl+H2O. The FeCrAlSi alloys retained the primary protection in the presence of K2CO3 but underwent breakaway oxidation in the presence of KCl+H2O. The FeCrAlSi alloys displayed considerably reduced corrosion rates, suggested to be an effect of the prevention of internal oxidation and the formation of non-continuous corundum-type oxide dispersed within the inward-growing scale.",22.25,6.910112359550562,0.6292134831460674,0.6853932584269663,0.056179775280898875,0.033707865168539325,0.728744939271255,2023,27.444444444444443
https://doi.org/10.1016/j.corsci.2023.111654,"Long-term corrosion behavior of FeCr(Al, Ni) alloys in O2 + H2O with KCl(s) at 600 °C: Microstructural evolution after breakaway oxidation",2023,20,True,article,Corrosion Science,"The microstructural evolution of the oxide scales formed on FeCr(Al,Ni) alloys after breakaway oxidation was studied in 5% O2 + 20% H2O + N2 (Bal) + KCl(s)/KCl(g) at 600 °C for 168, 1000 and 8000 hours. The SEM/EDS, SEM/EBSD and XRD investigation show that all alloys experience breakaway oxidation and form multi-layered scales. Experimental results, thermodynamic modelling and kinetic simulations show that FeCrAl and FeCrNi alloys form chromium-rich spinel oxide in inward-growing scales which transform into a protective corundum-type oxide as the oxidation progresses, while FeCr alloy experiences fast oxidation and maintains a non-protective spinel oxide/internal oxidation after long exposures.",33.333333333333336,6.88,0.73,0.77,0.03,0.0,0.728744939271255,2023,27.444444444444443
https://doi.org/10.1016/j.corsci.2024.112092,Local crack arrestability and deformation microstructure evolution of hydrogen-related fracture in martensitic steel,2024,20,True,article,Corrosion Science,"Intergranular cracks in the uncharged specimen were arrested at low-angle prior austenite grain boundary (PAGB) segments of several micrometers. In contrast, even small, low-angle PAGB segments with sub-micrometer sizes impeded the propagation of hydrogen-related intergranular crack. At the hydrogen-related quasi-cleavage crack tip, the crystallographic orientation changed abruptly, and deformation microstructures developed, including the formation of low-energy dislocation structures. A certain degree of crack growth resistance (intrinsic crack growth resistance) in the hydrogen-related fractures could be attributed to the intense localized plastic works involved in the arrest of intergranular cracks and the propagation of quasi-cleavage cracks. • Low-angle boundary segments can impede hydrogen-related crack propagation. • Deformation microstructures developed remarkably around the quasi-cleavage crack. • Intense localized plastic works was involved in the hydrogen-related fracture. • A crack-growth resistance is attributed to the intense localized plastic works.",17.0,7.742647058823529,0.7279411764705882,0.5514705882352942,0.03676470588235294,0.03676470588235294,1.283851554663992,2024,15.578125
https://doi.org/10.1016/j.corsci.2024.112123,Enhancing corrosion resistance and microstructure of the PEO coating layer on 6061 aluminium alloy: The role of first step voltage in plasma electrolytic oxidation,2024,20,True,article,Corrosion Science,"In this study, a novel two-step hybrid PEO technique was used to produce an alumina(Al2O3) on an Al6061 alloy. The research emphasizes the influence of the microstructure of the initial thin layer on the amount of defects such as microcracks and micropores in the final coating. Initially, a thin alumina layer was formed at 400 ~ 600 V using a pulsed unipolar mode, followed by a thicker layer at 500 V using a pulsed bipolar mode. The results indicate that a sound PEO coating with fewer defects markedly enhances the corrosion resistance of the Al6061 alloy.",24.0,5.75,0.65625,0.65625,0.03125,0.020833333333333332,1.283851554663992,2024,15.578125
https://doi.org/10.1016/j.corsci.2015.06.033,Oxidation model for construction materials in supercritical water—Estimation of kinetic and transport parameters,2015,20,True,article,Corrosion Science,"An upgraded model was employed to obtain estimates of kinetic parameters of oxidation of stainless steel Sanicro 28 (UNS N08028) and nickel-based alloy 690 (UNS N06690) in supercritical water at 650 °C/25 MPa up to 2000 h. In the present approach, it is assumed that the growth of the outer layer is governed by the transport of cations through the inner layer via an interstitialcy mechanism. The model is able to reproduce quantitatively the depth profiles of constituent elements oxide layer, as well as in the transition layer situated between the inner layer and the bulk alloy.",32.333333333333336,5.948453608247423,0.6597938144329897,0.6907216494845361,0.041237113402061855,0.041237113402061855,0.30592734225621415,2015,65.375
https://doi.org/10.1016/j.corsci.2021.109503,Dynamic fracture and dealloying induced stress-corrosion cracking,2021,19,True,article,Corrosion Science,"Electrochemical dealloying is a corrosion process in which one elemental component of an alloy is selectively dissolved often resulting in the evolution of a bicontinuous nanoporous morphology composed of ligaments and pores. When such structures form on the surface of ductile face-centered cubic metals such as brass, stainless steels and gold-containing alloys, it has been proposed that they trigger stress-corrosion cracking as a result of their ability to support high-speed cracks that can be injected into the undealloyed parent phase alloy. Here we examine how the applied stress or stored strain energy control the dynamics of high-speed crack propagation and the relationship between the fracture plane orientation of cracks that have been injected into the undealloyed parent phase and that which forms during stress corrosion cracking of a single-crystal silver-gold alloy. In both cases, we observe exceptionally flat cleavage-like fracture surfaces, whose crystallographic orientation is determined by that of the tensile axis. We present a continuum formulation of the injection distance based upon a crack tip equation of motion that incorporates inertial effects in which the work of fracture is a decreasing function of crack speed.",37.2,6.634408602150538,0.5967741935483871,0.6612903225806451,0.03763440860215054,0.016129032258064516,0.5148822745446469,2021,36.90163934426229
https://doi.org/10.1016/j.corsci.2021.109462,Effect of stress and surface finish on Pb-caustic SCC of alloy 690TT,2021,19,True,article,Corrosion Science,"The effect of surface preparation on lead-induced stress corrosion cracking (PbSCC) of Alloy 690 TT in Pb-caustic solution was investigated using C-rings manufactured from tubing that was either as-manufactured or polished. The surface deformed layer on the as-manufactured samples promoted the formation of an oxide, which reduced the number of sites for crack nucleation. Conversely, the polished surface developed crystallographic corrosion slots from which some of the cracks seemed to initiate. Advanced microstructural characterization complemented with stress analysis of the samples, suggested that the early stages of PbSCC are consistent with a film-rupture/slip-dissolution mechanism and influenced by de-alloying.",24.5,7.244897959183674,0.6428571428571429,0.7857142857142857,0.05102040816326531,0.061224489795918366,0.5148822745446469,2021,36.90163934426229
https://doi.org/10.1016/j.corsci.2022.110680,Dissociative adsorption of azoles on Cu(111) promoted by chemisorbed O and OH,2022,19,True,article,Corrosion Science,"Metal surfaces are usually either oxidized or at least covered with species such as O and OH under ambient conditions. We show by DFT calculations that chemisorbed O and OH species promote deprotonation of azole molecules on copper surfaces, as exemplified herein by imidazole, benzotriazole, and Cu(111). Deprotonation involves the N–H bond cleavage, although imidazole can also deprotonate via the C–H cleavage. Calculated deprotonation activation energies are considerably smaller for the cleavage of the N–H bond (0.01 eV for benzotriazole and about 0.1 eV for imidazole) than for the cleavage of the C–H bond (from 0.6 to 0.9 eV for imidazole), although the cleavage of C–H bond is thermodynamically preferred for imidazole. Deprotonation reaction energies do not depend strongly on the coverage of O and OH, and for coverages from 1/16 to 1/4 ML, reaction energies typically alter by about ±0.1 eV. The importance of molecular deprotonation upon adsorption is in higher stability of the resulting adsorption states, which increases the persistence of chemisorbed molecules. In particular, deprotonated benzotriazole molecules are by about 1 eV more stable on O/Cu(111) and OH/Cu(111) compared to an adsorbed intact molecule on bare Cu(111). In contrast, for imidazole, the magnitude of such stabilization is significantly weaker (from 0.3 to 0.7 eV).",13.8,6.42512077294686,0.6376811594202898,0.5652173913043478,0.004830917874396135,0.024154589371980676,0.5663066954643629,2022,33.55072463768116
https://doi.org/10.1016/j.corsci.2022.110901,Pitting corrosion – Preferred chloride diffusion pathways in physical vapor deposited AlCrN coatings,2022,19,True,article,Corrosion Science,"Pitting corrosion of sputtered and arc evaportaed fcc-AlCrN coated low-alloy steel substrates was studied in a 0.1 M NaCl solution, using a three-electrode-cell. Depending on the deposition technique, several diffusion mechanisms were identified by high-resolution techniques (i.e. APT, TOF-SIMS). For arc evaporated AlCrN, incoherently embedded macro-particles provided the majority of fast-track diffusion pathways and pit-initiation sites, while their pristine coating matrix proved protective against chloride inward diffusion. Contrarily, the more coarse-grained sputtered AlCrN morphology with a highly orientated crystal growth featured diffusion paths along column boundaries, where chloride permeated the coating structure and initiated pit formations at the coating-substrate interface.",14.285714285714286,7.71,0.74,0.93,0.09,0.01,0.5663066954643629,2022,33.55072463768116
https://doi.org/10.1016/j.corsci.2023.111135,Effect of Al concentration on Fe-17Cr alloy during steam oxidation at 400 °C,2023,19,True,article,Corrosion Science,"Accident tolerant cladding materials should have improved properties under the LOCA conditions. FeCrAl alloys are promising materials with high-temperature steam oxidation resistance. Little efforts have been put into understanding the compositional effects on the performance of FeCrAl at operating conditions. This work focuses on understanding the effect of Al concentration in three Fe-17Cr-xAl alloys on oxidation resistance at 400 °C in steam environment. This study shows that increased Al concentration reduces the total oxide thickness, enhances the formation of a uniform Cr-oxide layer. and with sufficient Al concentration allows for the formation of a Cr-oxide, Al-oxide bilayer.",16.166666666666668,6.989690721649485,0.6494845360824743,0.7010309278350515,0.020618556701030927,0.030927835051546393,0.6923076923076924,2023,27.444444444444443
https://doi.org/10.1016/j.corsci.2023.111166,Localized and stress corrosion cracking of sensitized Al-Mg-Sc-Zr alloy manufactured by laser powder bed fusion,2023,19,True,article,Corrosion Science,"The effect of thermal ageing at 150 ºC on the corrosion behaviour of Scalmalloy® (Al-Mg-Sc-Zr) alloy additively manufactured by laser powder bed fusion (LPBF) is reported for the first time. Samples before and after the thermal treatment exhibit similar results on cyclic polarisation curves, electrochemical impedance measurements in 3.5 wt% NaCl, and tensile and hardness tests. However, electron microscopy characterisation reveals that the application of this temperature for sufficient time causes most of the grain limits to be decorated by Al3Mg2 particles which in turn provokes the sensitization of the alloy to intergranular corrosion processes due to microgalvanic coupling.",24.75,6.808080808080808,0.6363636363636364,0.8080808080808081,0.050505050505050504,0.010101010101010102,0.6923076923076924,2023,27.444444444444443
https://doi.org/10.1016/j.corsci.2023.111703,High-temperature oxidation behaviour of a Co-based superalloy fabricated through laser powder bed fusion,2023,19,True,article,Corrosion Science,"This study investigated the oxidation behaviour of a Co-based superalloy fabricated through laser powder bed fusion at 900 ℃. In terms of oxidation products, the results revealed the generation of basic oxides , such as CoO, Al 2 O 3 and TiO 2 , and Co-containing spinels, such as CoAl 2 O 4 and Co 2 TiO 4 . Heat treatment improved oxidation resistance by reducing the parabolic oxidation rate constant from 0.17234 to 0.10032 mg 2 cm −4 h −1 . γ′ precipitates, twin boundaries and less spallation in the heat-treated sample contributed to this improvement, leading to a superior oxidation resistance in this study than in previously reported Co-Al-W-based alloys.",18.666666666666668,5.767857142857143,0.7053571428571429,0.6875,0.03571428571428571,0.0,0.6923076923076924,2023,27.444444444444443
https://doi.org/10.1016/j.corsci.2023.111771,Effects of Alcaligenes sp. on corrosion inhibition of sulfate-reducing bacteria in oilfield produced water,2023,19,True,article,Corrosion Science,"In this study, the effect of Alcaligenes sp . on the corrosion inhibition of sulfate-reducing bacteria (SRB) was evaluated and the mechanism was discussed from the aspects of Alcaligenes sp. metabolites, transform sulfide ability and the effect of corrosion product films. Alcaligenes sp. converted sulfides produced by SRB to S 2 O 3 2- , which accumulated and converted to SO 4 2- . The antimicrobial substances produced by Alcaligenes sp . inhibited the growth of SRB. The protein/polysaccharide had a certain corrosion inhibition effect and the corrosion product film was denser and more continuous. The combined effects of multiple factors inhibited the corrosion induced by SRB.",11.88888888888889,6.252336448598131,0.6728971962616822,0.5514018691588785,0.028037383177570093,0.009345794392523364,0.6923076923076924,2023,27.444444444444443
https://doi.org/10.1016/j.corsci.2024.112118,"Effects of surface finishes, heat treatments and printing orientations on stress corrosion cracking behavior of laser powder bed fusion 316L stainless steel in high-temperature water",2024,19,True,article,Corrosion Science,"Stress corrosion cracking (SCC) of laser powder bed fusion 316 L stainless steel in oxygenated high-temperature water environments with chloride addition at 288 °C was studied. The influences of surface finishes (as-built, mechanically polished, Hirtisation® and shot peened), heat treatments (solution annealing at 1066 and 1150 °C and hot isostatic pressing) and the printing orientations on SCC were evaluated. Hirtisation resulted in a lower SCC susceptibility than as-built or polished surface while shot peening showed the lowest apparent SCC resistance. A high annealing temperature decreases SCC resistance. The effect of printing orientation is material and environment dependent.",19.4,6.989690721649485,0.7628865979381443,0.7731958762886598,0.061855670103092786,0.010309278350515464,1.2196589769307924,2024,15.578125
https://doi.org/10.1016/j.corsci.2022.110338,High temperature oxidation of AISI 441 in simulated solid oxide fuel cell anode side conditions,2022,18,True,article,Corrosion Science,"This study investigates the corrosion of AISI 441 in simulated anode conditions of solid oxide fuel cells (SOFCs). Several parameters such as temperature, humidity, surface condition, pre-oxidation temperature and environment, were investigated. Samples pre-oxidized at 800 ºC were protective at 550–900 ºC, while as-received samples showed protective behavior only at 900 ºC. Additional exposures performed at 600 ºC revealed the negative effect of increasing steam concentration, the beneficial effect of grinding, while pre-oxidation at 600 ºC did not improve the protectiveness. The role and the interplay of the aforementioned factors are discussed.",18.4,6.934782608695652,0.7065217391304348,0.717391304347826,0.07608695652173914,0.010869565217391304,0.536501079913607,2022,33.55072463768116
https://doi.org/10.1016/j.corsci.2022.110413,High temperature oxidation resistance of physical vapor deposited Hf-Si-B2±z thin films,2022,18,True,article,Corrosion Science,"Within physical vapor deposited Hf-Si-B2±z thin films, selective diffusion-driven oxidation of Si is identified to cause outstanding oxidation resistance at temperatures up to 1500 °C. After 60 h at 1200 °C, the initially 2.47 µm thin Hf0.20Si0.23B0.57 thin film exhibits a dense oxide scale of only 1.56 µm. The thermally induced decomposition of metastable Hf-Si-B2±z leads not only to the formation of Si precipitates within the remaining thin film (related to a non-homogenous Si distribution after the deposition) but also to pure Si layers on top and bottom of the Hf-Si-B2±z coatings next to the excellent adherend SiO2 based scales.",12.5,6.22,0.68,0.76,0.06,0.0,0.536501079913607,2022,33.55072463768116
https://doi.org/10.1016/j.corsci.2022.110526,Early biomimetic degradation of Mg-2Ca alloy reveals the impact of β-phases at the interface of this biomaterial on a micro-scale level,2022,18,True,article,Corrosion Science,"Despite several studies on Mg-Ca alloys as bone implants, the understanding of its early degradation in the first hours of immersion is still lacking. To overcome this gap, advanced localized electrochemical techniques were used to study the corrosion onset of Mg-2Ca alloy 2 h upon immersion. The presence of the nobler β-phase induced Mg dissolution from the matrix, an event supporting the positive response of osteoblast stem cells. This, together with apatite precipitation within the corrosion layer highlights the potential of Mg-2Ca for bone implants. The data gathered in this work contribute to tailoring the design of new Mg-Ca alloys.",20.0,6.32,0.64,0.73,0.04,0.02,0.536501079913607,2022,33.55072463768116
https://doi.org/10.1016/j.corsci.2024.111945,Enhanced localized corrosion resistance of Ni-based alloy 625 processed by directed energy deposition additive manufacturing,2024,18,True,article,Corrosion Science,"We report a significant improvement in localized corrosion resistance of Ni-based alloy 625 processed by directed energy deposition (DED) in 7.6 mol/L LiCl at 50 oC. Disparities observed in polarization behavior between DED and wrought alloy 625 are analyzed through compositional and microstructural differences. The exceptional localized corrosion resistance of the DED alloy likely stems from the refinement of secondary phases resultant from the DED process. The prototypical precipitates larger than ≈1 μm in the wrought material, primarily Nb,Ti-enriched face centered cubic nitrides with the stoichiometry of MN where M = Nb, Ti, Cr, served as pit initiation sites and likely degraded the corrosion resistance.",21.0,6.714285714285714,0.7047619047619048,0.7523809523809524,0.0380952380952381,0.02857142857142857,1.1554663991975929,2024,15.578125
https://doi.org/10.1016/j.corsci.2024.112043,"Mechanism of local hydrogen entry into Fe sheets induced by atmospheric corrosion: Significance of potential, pH, and rust layer thickness",2024,18,True,article,Corrosion Science,"Local hydrogen entry under a NaCl droplet on Fe sheets was analysed by employing a hydrogenochromic sensor and electrochemical hydrogen permeation tests. Large crystallographic pits barely promoted hydrogen entry, because crystallographic pitting proceeded at potentials higher than the potential of the hydrogen evolution reaction. Hydrogen entry was accelerated because of acidification under an island-like rust layer. The rust layer became thick in its outer regions, mainly owing to severe corrosion and alkalisation around the rust-formed area. Hydrogen entry was prominent under the thick rust layer after disappearance of the droplet, owing to the high concentrations of chloride ions and protons.",20.0,6.95,0.69,0.67,0.07,0.04,1.1554663991975929,2024,15.578125
https://doi.org/10.1016/j.corsci.2024.112580,Determination of the hydrogen fugacity during cathodic hydrogen charging of X65 D pipeline steel,2024,18,True,article,Corrosion Science,"Hydrogen embrittlement testing using cathodic hydrogen charging is directly relatable to structures containing gaseous hydrogen if the hydrogen fugacity is known. The hydrogen fugacity, f Hc , was evaluated by comparing the hydrogen concentration after cathodic charging with the hydrogen concentration in equilibrium with hydrogen gas: f Hc 0.5 = 6.11 i 0.5 + 10.9 for cathodic hydrogen charging X65 D in 0.10 M NaOH at a current density of i . The hydrogen concentration in equilibrium with gaseous hydrogen in X65 D, C Hg , was evaluated from literature values and hydrogen gas-phase permeation results: C Hg = 0.0062 f Hg 0.5 + 0.0355, where f Hg is the hydrogen gas fugacity. • Hydrogen embrittlement testing using cathodic charging can be related to structures containing gaseous hydrogen. • The hydrogen concentration in equilibrium with gaseous hydrogen, C Hg , was evaluated. • C Hg = 0.0062 f Hg 0.5 + 0.0355, where f Hg is the hydrogen gas fugacity. • The hydrogen fugacity was f Hc 0.5 = 6.11 i 0.5 + 10.9 for cathodic charging at a current density of i . • f Hc was evaluated by comparing the hydrogen concentration after cathodic charging with C Hg .",8.73913043478261,5.6318407960199,0.7761194029850746,0.32338308457711445,0.01990049751243781,0.004975124378109453,1.1554663991975929,2024,15.578125
https://doi.org/10.1016/j.corsci.2022.110214,High-temperature corrosion of austenitic alloys in HCl and H2S containing atmospheres under reducing conditions,2022,17,True,article,Corrosion Science,"The corrosion of several Fe-Cr-Ni alloys was examined at 420 °C, 480 °C and 580 °C in reducing atmospheres containing 3.8 vol% HCl and either 0.2 vol% H2S or 2 vol% H2S, denoted as mid-H2S mixture or high-H2S mixture, respectively. The corrosion behavior was compared with the findings achieved during previous studies in an atmosphere containing 3.8 vol% HCl and 0.02 vol% H2S, denoted as low-H2S mixture. Increasing the H2S level accelerated the corrosion of the alloys, particularly at 580 °C. In the low-H2S mixture, the alloying element nickel was identified to be helpful for corrosion protection and the evaporation of metal chlorides played a significant role in the corrosion process. With increasing H2S content conversion processes from metal chlorides to metal sulfides as well as sulfidation processes dominated the corrosion behavior of the tested alloys and chromium was found to be a beneficial alloying element against corrosive attack. In previous studies corrosion models for the low-H2S mixture were already identified. In this paper the effect of rising H2S amount on the corrosion behavior is investigated and a model of the course of corrosion is proposed by considering the role of alloying elements, vapor pressures of metal chlorides and the influence of H2S and HCl.",18.636363636363637,6.160975609756098,0.6585365853658537,0.5024390243902439,0.014634146341463415,0.02926829268292683,0.5066954643628511,2022,33.55072463768116
https://doi.org/10.1016/j.corsci.2022.110453,Oxidation performance of spark plasma sintered Inconel 625-NbC metal matrix composites,2022,17,True,article,Corrosion Science,"The study aimed to answer the question of previously obtained Inconel 625-NbC metal matrix composites (MMC) applicability in high-temperature and/or oxidative environments, that were proven to possess improved mechanical properties. To achieve that goal, a similar manufacturing process was performed, utilizing spark plasma sintering (SPS) at 1100 °C under 45 MPa, and in a medium vacuum (under 10-3 MPa). The total time for each sample equaled 60 min. Four sets of samples were obtained with ceramic reinforcement additions equaling 0, 5, 10, and 20 wt%. Hot rolling at 1100 °C with a 10% reduction step was applied to sintered materials in order to fully replicate previous technology. Oxidation tests were performed in furnaces with free flow of air for three total time periods: 24, 49, and 100 h at 800 °C. It was revealed that all samples kept their ability to form passive layers by matrix, but those layers were locally breached due to grain growth and thermal stresses of the oxidized reinforcement phase. Two different passive layer formations were observed and discussed: (Cr/Ni)-rich covering composite surface and (Cr/Nb)-rich forming around ceramic reinforcement. Total mass gain during oxidation was kept under 1 mg/cm2 for each sample series, with samples containing 5 wt% of NbC performing similarly to reference material. Hardness loss (up to 15%) was observed in near-surface zones of obtained MMC due to composite oxidation.",22.6,6.256637168141593,0.7256637168141593,0.6858407079646017,0.022123893805309734,0.004424778761061947,0.5066954643628511,2022,33.55072463768116
https://doi.org/10.1016/j.corsci.2022.110725,Effectiveness of strontium zinc phosphosilicate on the corrosion protection of AA2198-T851 aluminium alloy in sodium chloride solution,2022,17,True,article,Corrosion Science,The effectiveness of strontium zinc phosphosilicate (SZP 391) as a corrosion inhibitor for the protection of Al–Cu–Li alloy in 0.5 M NaCl solution was evaluated using electrochemical impedance spectroscopy (EIS) and potentiodynamic polarisation (PDP). The morphology of substrates were characterised with scanning and transmission electron microscopy (SEM) and (TEM). The corrosion rate of the substrates exposed to uninhibited solution increases with immersion time while those in inhibited solution showed significant reduction of corrosion rate. SEM and TEM revealed presence of film formed on the substrates’ surface which serves as a barrier for blocking the access of aggressive ions.,19.6,6.989795918367347,0.6632653061224489,0.7448979591836735,0.05102040816326531,0.01020408163265306,0.5066954643628511,2022,33.55072463768116
https://doi.org/10.1016/j.corsci.2024.112584,Oxidation behavior and subsequent mechanical properties of SiC/BN/SiBCN composite after exposure to steam at high temperature,2024,17,True,article,Corrosion Science,"Despite its importance when considering jet engine environments, the behavior of ceramic matrix composites following high temperature exposure in steam has received much less attention than in air. The present study investigates the oxidation behavior and the corresponding mechanical properties of a SiC/BN/SiBCN composite after exposure to steam at 950°C, 1050°C, 1200°C and 1350°C for 30 h. The SiBCN matrix shows crack-filling behavior, whereby microcracks are filled with oxide hindering internal oxidation of the composite. The oxide layers formed on both the SiC fiber and the SiBCN matrix exhibit a double layer structure, with the outer layer being more porous. With increasing temperature, the BN interphase is consumed and replaced by borosilicate glass that bonds the fiber and matrix. This alters the debonding location from the fiber/BN interface to the BN/SiBCN matrix interface . Three-point bending test shows the composite retains good flexural strength and a tough failure response even after exposure to steam at 1350°C. Single fibre push-out test shows a slight increase in interfacial shear strength with increasing thermal exposure .",21.625,6.583815028901734,0.6763005780346821,0.6589595375722543,0.023121387283236993,0.011560693641618497,1.0912738214643931,2024,15.578125
https://doi.org/10.1016/j.corsci.2022.110674,The effect of yttrium on oxide scale growth on Co-Al-W-based superalloys,2022,16,True,article,Corrosion Science,"The study on the individual role of yttrium (Y) and Y-related phases during scale formation on Co-9Al-9 W (at%) and other Co-based alloys during isothermal and cyclic oxidation at 900 °C was performed. The addition of Y increased the oxidation resistance of Co-(Ni)-Al-W alloys, especially under cyclic conditions due to an oxide keying effect related to the internal oxidation of Y-containing phase constituents. The Y-containing oxide areas corresponded in number, size, shape, and spatial distribution to the original Y-rich particles in the alloy. The mechanism describing the formation of Y-related oxides within the oxide scale was proposed.",24.25,6.463917525773196,0.6597938144329897,0.6907216494845361,0.030927835051546393,0.0,0.47688984881209506,2022,33.55072463768116
https://doi.org/10.1016/j.corsci.2022.110884,"Selective oxidation of aluminium in Mo(Al,Si)2",2022,16,True,article,Corrosion Science,"Mo(AlxSi1-x)2 alloy with x in the range of 0.35–0.65 were prepared by a one-step spark plasma sintering. To study the exclusive formation of an α-Al2O3 scale, oxidation experiments were conducted in low and high oxygen partial pressure ambient at 1373 K; viz.: 10−14 and 0.21 atm. The oxidation kinetics follows a parabolic rate law after a transient period. A counter-diffusion process of O and Al along grain boundaries of Al2O3 scale is responsible for the equiaxed and columnar grain growth based on a two-layered microstructure. The formation of a dense equiaxed α-Al2O3 layer contributes to excellent oxidation resistance.",10.88888888888889,6.244897959183674,0.6836734693877551,0.8061224489795918,0.05102040816326531,0.0,0.47688984881209506,2022,33.55072463768116
https://doi.org/10.1016/j.corsci.2023.111047,Tribocorrosion at metal-on-metal contacts: The contributing role of geometry and material combination,2023,16,True,article,Corrosion Science,"Employing a new analytical model, this paper studies the role of geometry and material combination in the tribocorrosion current of metal-on-metal contacts. Experiments were conducted on ZrO2-on-(Ti/CoCr) and (Ti/CoCr)-on-(Ti/CoCr) at 1–20 Hz in PBS. The contribution of the ball and disk in the tribocorrosion current was determined. The results showed that the disk was dominant in (CoCr/Ti)-on-CoCr at 1–10 Hz; whereas, at 20 Hz, the ball dominated the current. For Ti-on-Ti, the ball controlled the current at 1–20 Hz. In CoCr-on-Ti, the disk played the main role at 5–20 Hz while the ball dominated the interface at 1 Hz.",16.5,6.090909090909091,0.6161616161616161,0.5555555555555556,0.030303030303030304,0.0,0.5829959514170041,2023,27.444444444444443
https://doi.org/10.1016/j.corsci.2024.111989,Insight into the corrosion behaviors and mechanism of the self-healing Si/N-DLC films in oilfield environment,2024,16,True,article,Corrosion Science,"The Si/N-DLC films with different Si and N contents were deposited and the corrosion behaviors in the simulated CO 2 -saturated oilfield produced water was mainly investigated. Results reveal that Si/N-DLC films improves dramatically the corrosion resistance of the substrate. This attributes to not only the channel blockage caused by diffusion of corrosion products , being composed of silicon oxide (SiO x ) and metal oxide , but also the stronger support of increased roughness induced by N to the aggregated corrosion products, implying that the Si/N-DLC film are a self-healing protective film. These results provide theoretical guidance to develop the DLC films for anti-corrosive applications.",26.5,6.490566037735849,0.6886792452830188,0.7169811320754716,0.05660377358490566,0.009433962264150943,1.0270812437311936,2024,15.578125
https://doi.org/10.1016/j.corsci.2022.110461,Advanced microstructural characterization of transgranular Pb-caustic SCC in Alloy 690TT,2022,15,True,article,Corrosion Science,"Alloy 690TT was tested at 340 °C in mildly caustic environments containing lead (Pb) to investigate the transgranular cracking mechanism of Pb-induced stress corrosion cracking (PbSCC). Advanced electron microscopy characterization revealed that the fracture surfaces exhibited evidence of cleavage and regions with significant enrichment of metallic Ni, which maintained the same orientation as the original grain matrix. Moreover, there are some indications that crystallographic cracking along {100} and {110} planes is possible at high pH in Pb-containing environment. These experimental observations are consistent with a form of film-induced cleavage mechanism, assisted by de-alloying and exacerbated by planar slip in the matrix.",25.25,7.188118811881188,0.693069306930693,0.801980198019802,0.0594059405940594,0.039603960396039604,0.4470842332613391,2022,33.55072463768116
https://doi.org/10.1016/j.corsci.2022.110500,Using machine learning algorithms to predict failure on the PCB surface under corrosive conditions,2022,15,True,article,Corrosion Science,A printed circuit board (PCB) surface can fail by corrosion due to various environmental factors. This paper focuses on machine learning (ML) techniques to build predictive models to forecast PCB surface failure due to electrochemical migration (ECM) and leakage current (LC) levels under corrosive conditions containing the combination of six critical factors. The modeling methodology in this paper used common supervised ML algorithms by accomplishing significant evaluation metrics to show the performance of each algorithm. The conclusion of this study presents that ML algorithms can create predictive models to forecast PCB failures and estimate LC values effectively and quickly.,24.75,6.898989898989899,0.696969696969697,0.7373737373737373,0.020202020202020204,0.030303030303030304,0.4470842332613391,2022,33.55072463768116
https://doi.org/10.1016/j.corsci.2023.111057,Effect of coating degradation on the hot corrosion behaviour of directionally solidified superalloy,2023,15,True,article,Corrosion Science,"The effect of coating degradation on the hot corrosion performance of coated alloys was investigated in Na 2 SO 4 /NaCl (75:25, wt./wt.) salt at 900 °C. Degraded coatings were obtained by thermal exposure before the hot corrosion test. The results indicate that when the β-NiAl phases within the coating were completely depleted, the hot corrosion process was delayed due to the Al-rich interdiffusion zone (IDZ) formed after the 900 °C thermal exposure to provide Al for the healing of the Al 2 O 3 layer. Nevertheless, the Cr-rich IDZ formed after 1000 °C thermal exposure failed to repair the Al 2 O 3 layer, causing the alloy to corrode aggressively even though Cr has been substituted for Al to participate in the corrosion process.",20.833333333333332,5.792,0.696,0.632,0.04,0.008,0.5465587044534413,2023,27.444444444444443
https://doi.org/10.1016/j.corsci.2023.111163,Investigation of quasi-cleavage in a hydrogen charged maraging stainless steel,2023,15,True,article,Corrosion Science,"Slow strain rate tests on hydrogen-containing specimens of PH13–8Mo maraging stainless steel showed H-assisted subcritical quasi-cleavage cracking, accelerating material failure. Fractographic analysis revealed that quasi-cleavage is composed of flat brittle areas and rougher areas. Electron backscatter diffraction (EBSD) was performed on a secondary subcritically grown crack. High resolution EBSD showed significant crystal lattice rotation, hence consequential plastic deformation, concentrated between the main crack tip and the cracks located ahead of it. Quasi-cleavage consisted of {100} cleavage cracks connected by ductile ridges, suggesting a discontinuous mechanism, involving re-initiation of new cleavage cracks ahead the main crack tip.",19.2,7.666666666666667,0.8229166666666666,0.8125,0.0625,0.020833333333333332,0.5465587044534413,2023,27.444444444444443
https://doi.org/10.1016/j.corsci.2023.111773,Protectiveness and stability of iron carbonate films on carbon steel in mildly alkaline aqueous alkanolamine CO2 environments,2023,15,True,article,Corrosion Science,"Carbon steel (CS) was pre-treated in CO2-saturated methyldiethanolamine(aq) to form FeCO3 surface films, the protectiveness of which against corrosion in monoethanolamine was studied using electrochemical impedance spectroscopy, open circuit potential measurements and ex situ surface characterisation. Only pure, dense FeCO3 films were found to provide protection in lab-scale tests. Dissolved O2 in pre-treatment solutions resulted in traces of iron (hydr)oxide within the films, exacerbating non-uniform corrosion. Impure films were compromised in pilot-scale experiments in the CO2 capture plant at Imperial College London. Therefore, pre-treating CS with methyldiethanolamine is not a robust corrosion control strategy for industrial CO2 capture plants.",19.8,7.484848484848484,0.7676767676767676,0.8181818181818182,0.06060606060606061,0.010101010101010102,0.5465587044534413,2023,27.444444444444443
https://doi.org/10.1016/j.corsci.2024.111910,Effect of delayed inhibitor supply on AA2024-T3 intermetallic activity: A local in situ analysis with reflected microscopy,2024,15,True,article,Corrosion Science,"Understanding how late an inhibitor can be released once corrosion initiated without compromising corrosion protection may help in developing more efficient anticorrosion coatings. We explored this idea through time-controlled Ce(NO3)3 availability to AA2024-T3 immersed in 0.05 M NaCl. Ce(NO3)3 was supplied at 0, 30, 60, and 180 s from the start of immersion to get a concentration of 0.001 M. Detailed visualization of surface changes at the intermetallic particle level was obtained using in-situ reflected microscopy. SEM-EDX and confocal laser microscopy confirmed the extent of intermetallic degradation and local inhibitor deposition corresponding to operando changes. When the inhibitor is supplied within 60 s of immersion, the surface changes slowdown earlier and are visually less extensive than in uninhibited systems. Furthermore, our results highlight the potential of reflected microscopy for local corrosion inhibition studies and underscore the importance of understanding the interaction between inhibitor release timing and corrosion protection.",16.444444444444443,7.074324324324325,0.6824324324324325,0.7094594594594594,0.02702702702702703,0.02027027027027027,0.9628886659979939,2024,15.578125
https://doi.org/10.1016/j.corsci.2024.112417,Investigating variations in hydrogen-assisted crack propagation of X52 pipeline steel with different microstructural characteristics,2024,15,True,article,Corrosion Science,"In this study, the fracture behavior of two X52 pipeline steels with different microstructures in gaseous hydrogen environments was investigated. Specimen with polygonal ferrite and spheroidal pearlite exhibited reduced crack propagation resistance and brittle morphology in hydrogen gas, with crack selectively propagating along specific low-index planes (such as {001} and {011}). Conversely, specimen with acicular ferrite and spheroidal pearlite maintained ductile fracture behavior in hydrogen gas, characterized by crack blunting. The possible mechanisms of hydrogen-induced fracture toughness degradation were discussed in relation to grain boundary configuration and hydrogen content.",22.25,7.662921348314606,0.7303370786516854,0.7191011235955056,0.033707865168539325,0.011235955056179775,0.9628886659979939,2024,15.578125
https://doi.org/10.1016/j.corsci.2024.112459,Chemical and structural durability of α-Al2O3 and γ-LiAlO2 layers formed on ODS FeCrAl alloys in liquid lithium lead stirred flow,2024,15,True,article,Corrosion Science,The protection performance of an α-Al 2 O 3 layer formed on oxide dispersion-strengthened (ODS) FeCrAl alloys in liquid LiPb flow was investigated by means of the corrosion tests under stirred-flow condition at 873 K for 1000 h. The result of STEM/EELS analysis indicated the Li adsorption and diffusion into α-Al 2 O 3 layer. The ODS FeCrAl alloys in-situ formed a durable γ-LiAlO 2 layer on their bare surface in liquid LiPb. The results of micro scratch tests on the protective layers indicated that they revealed strong resistance against the exfoliation in a shearing direction after the immersion to liquid LiPb.,25.5,5.96078431372549,0.6764705882352942,0.7156862745098039,0.058823529411764705,0.00980392156862745,0.9628886659979939,2024,15.578125
https://doi.org/10.1016/j.corsci.2023.111008,Stress corrosion crack initiation in filler metal 82 in oxygenated high-temperature water,2023,14,True,article,Corrosion Science,"The Stress Corrosion Cracking (SCC) initiation in filler metal (FM) 82 was studied in oxygenated (O2) water at 288 °C. Post-test microstructural characterization revealed that cracked grain boundaries (GBs) always exhibited a porous oxide incursion. Some intergranular (IG) cracks exhibited an oxide along the crack walls, which appeared to form after the crack advanced. Furthermore, similar porous oxide incursions were observed at the GBs on the non-stressed FM 82 coupon after oxidizing for a similar duration. The formation of oxide incursions is discussed, and the evolution of crack initiation is proposed.",18.2,6.626373626373627,0.7252747252747253,0.7692307692307693,0.054945054945054944,0.04395604395604396,0.5101214574898786,2023,27.444444444444443
https://doi.org/10.1016/j.corsci.2023.111109,Hydrogen embrittlement characteristics in cold-drawn high-strength stainless steel wires,2023,14,True,article,Corrosion Science,"Hydrogen uptake and embrittlement characteristics of a cold-drawn austenitic stainless steel wire were investigated. Slow strain rate testing and fracture surface analysis were applied to determine the hydrogen embrittlement resistance, providing an apparent decrease in resistance to hydrogen embrittlement for a 50% degree of cold deformation. The hydrogen content was assessed by thermal desorption and laser-induced breakdown spectroscopy establishing a correlation between the total absorbed hydrogen and the intensity of near-surface hydrogen. The sub-surface hydrogen content of the hot-rolled specimen was determined to be 791 wt.ppm.",17.2,7.325581395348837,0.7093023255813954,0.7209302325581395,0.06976744186046512,0.011627906976744186,0.5101214574898786,2023,27.444444444444443
https://doi.org/10.1016/j.corsci.2023.111410,Sulphur diffusion through a growing chromia scale and effects of water vapour,2023,14,True,article,Corrosion Science,"Fe-30Cr (wt. %) alloy was exposed to Ar-0.5%SO2 and Ar-10%H2O-0.5%SO2 gases at 650 ◦C, forming Cr2O3 scales. In dry SO2 for 20 h, sulphur enrichment and scattered Cr-sulphides were observed at the scale-alloy interface, together with internal Cr-sulphide precipitates. After 100 h, sulphur disappeared from the interface, while more internal Cr-sulphides were produced. In wet SO2, the sulphur enrichment and Cr-sulphides were maintained in both times, but no internal sulphidation was seen. Atom probe analysis revealed sulphur enrichment on chromia grain boundaries in both gases, to a greater extent in wet SO2. These effects are discussed in terms of chromia grain boundary diffusion.",11.444444444444445,6.388349514563107,0.7087378640776699,0.7378640776699029,0.04854368932038835,0.019417475728155338,0.5101214574898786,2023,27.444444444444443
https://doi.org/10.1016/j.corsci.2023.111767,Corrosion behavior of an oxide nanotube-coated β-type Ti-45Nb implant alloy in a simulated inflammatory solution,2023,14,True,article,Corrosion Science,"Oxide nanotube (ONT) layers were anodically grown on β-type Ti-45Nb and crystallized at 450°C to anatase (Ti,Nb)O2. A corrosion analysis in normal and inflammatory phosphate buffered saline (PBS) comprised electrochemical polarization studies, metal release analysis, UV-Vis and EPR measurements. In inflammatory PBS with 0.5 wt. % H2O2 (pH 5.0) amorphous ONT degraded, while crystallized ONT were most stable with lowest release. Their barrier-type behavior is attributed to their ordered crystalline nature and a fusion layer. As-ground Ti-45Nb surfaces were most reactive with highest corrosion and metal release rates. Mainly •OH radical-coordinated Ti(IV)-H2O2 complexes were detected in immersion solutions.",10.88888888888889,7.051020408163265,0.7755102040816326,0.8163265306122449,0.061224489795918366,0.02040816326530612,0.5101214574898786,2023,27.444444444444443
https://doi.org/10.1016/j.corsci.2024.111868,Effect of formic acid (HCOOH) on the corrosion protectiveness of magnetite (Fe3O4) at elevated temperature,2024,14,True,article,Corrosion Science,"The corrosion behavior of carbon steel in an aqueous solution containing dissolved C O 2 , H 2 S , and HCOOH at high temperature was investigated by conducting a series of systematic experiments. The influence of each (possible) corrosive species ( C O 2 , H 2 S , and HCOOH ) on corrosion mechanisms were explored through detailed analysis of corrosion rates and corrosion product layers. The results showed that the formation and integrity of the Fe 3 O 4 layer was compromised in the presence of HCOOH , probably due to the formation of Fe ( COOH ) + which impedes the formation of Fe 3 O 4 at the initial stage of the corrosion process.",39.666666666666664,5.310924369747899,0.7058823529411765,0.5714285714285714,0.03361344537815126,0.01680672268907563,0.8986960882647944,2024,15.578125
https://doi.org/10.1016/j.corsci.2024.111902,Corrosion of 316L exposed to highly concentrated borated water used as shield in nuclear fusion experimental reactors cooling circuits,2024,14,True,article,Corrosion Science,"Borated water is used as a shield in nuclear fusion cooling circuits. General corrosion, activated corrosion products (ACPs) formation and stress corrosion cracking initiation of 316 L steels exposed to ultrapure water (UPW) or 8000 ppm B water at 80 °C were tested. A Ni enriched sub-oxide layer, a transition layer and oxide layer were observed using advanced characterisation (STEM-EELS, APT). The oxide formed in UPW was protective (Cr:O 40:45), the oxide formed in 8000 ppm B was non-passivating. 8000 ppm B led to higher release of Fe, Cr and Mo, 316 L was more prone to SCC initiation and enhanced ACPs formation.",20.6,5.883495145631068,0.7961165048543689,0.6990291262135923,0.05825242718446602,0.009708737864077669,0.8986960882647944,2024,15.578125
https://doi.org/10.1016/j.corsci.2024.111940,Unveiling the effect of magnetite on the synergistic action of deposits and microorganisms on carbon steel corrosion,2024,14,True,article,Corrosion Science,"The synergistic corrosion effect of microorganisms and deposits on carbon steel corrosion was assessed with magnetite and sand. In the presence of the microbial consortium with magnetite, uniform corrosion rates were 3.5 times higher (0.611 mm/year) than the sum of the corrosion rates promoted by the consortium and deposit separately (0.056 and 0.110 mm/year, respectively). Conversely, with sand, uniform corrosion rates were only 1.5 times higher (0.093 mm/year) than the sum of the corrosion rates promoted by the consortium and deposit separately (0.056 and 0.006 mm/year, respectively). The heightened synergistic effect is attributed to magnetite's semi-conductive nature.",8.083333333333334,6.814432989690721,0.6907216494845361,0.5567010309278351,0.030927835051546393,0.0,0.8986960882647944,2024,15.578125
https://doi.org/10.1016/j.corsci.2024.112409,Comparative study on the effect of Nb/Mo alloying on the oxidation behavior of Ti42Al5Mn alloy,2024,14,True,article,Corrosion Science,"The oxidation behavior of Ti42Al5Mn0.5Nb, Ti42Al5Mn0.8Nb, Ti42Al5Mn0.5Mo, and Ti42Al5Mn0.8Mo alloys (in at%) was investigated at 800 °C. In the Nb-containing alloys, the oxide scale exhibits a multi-layered structure with TiO 2 layer/Al 2 O 3 layer/TiO 2 -rich layer from the outside to the inside, and the intermediate layer at the oxide-substrate interface remained composed of Laves/Z phase until 1000 h of oxidation. The oxide scale of the Mo-containing alloys was incorporated with a thick mixed layer and is highly susceptible to cracking, the intermediate layer changed from Laves/Z phase to Laves/Z/β o phase with prolonged oxidation. While Nb increases the oxidation resistance of the alloy, a higher Mo content led to an increased oxidation mass gain and exfoliation of the oxide scale.",15.375,6.300813008130081,0.6666666666666666,0.6016260162601627,0.04065040650406504,0.0,0.8986960882647944,2024,15.578125
https://doi.org/10.1016/j.corsci.2024.112556,"An empirical model of the kinetics of hydrogen-induced cracking in pipeline steel, using statistical distribution models and considering microstructural characteristics and hydrogen diffusion parameters",2024,14,True,article,Corrosion Science,"This study proposes an empirical model to predict the kinetics of hydrogen-induced cracking (HIC) growth rate in pipeline steels based on experimentally measured hydrogen diffusion parameters and spatial distribution of microstructural features previously identified to have a role on HIC kinetics. In the experimental work, the HIC was induced by electrochemical cathodic charging and the crack growth was monitored by ultrasonic inspection. Optical and scanning electron microscopy were used to determine the spatial distribution parameters of non-metallic inclusions, and the ferrite grain and second phase characteristics. The hydrogen microprint technique used to visualize hydrogen diffusion path in the microstructure and the hydrogen diffusion parameters were determined by hydrogen permeation tests. Results show that NMI shape affects HIC nucleation sites, using student's t-distribution, while ferrite grain characteristics affect HIC growth rates, with X70-2 and X56 steel plates recorded highest HIC growth rate. The Log-Normal distribution model, supported by statistical analysis, effectively predicts HIC growth rates compared with Weibull and Gamma distribution models. • Shape of non-metallic inclusions affects HIC nucleation sites. • Ferrite grains mainly affect the HIC growth rate. • Deformed, recrystallized, and {100}-oriented ferrite grains increase HIC growth rate. • Steels with more hydrogen solubility and density traps show higher HIC growth. • Higher volume fraction of pearlite does not correspond to an increased HIC growth rate. • Bainite is less susceptible to HIC than blocky martensite/austenite islands. • Two-degree Log-Normal distribution model more accurately predict HIC growth rate.",18.46153846153846,7.054166666666666,0.775,0.5666666666666667,0.029166666666666667,0.0125,0.8986960882647944,2024,15.578125
https://doi.org/10.1016/j.corsci.2023.111552,Unravelling the impact of CoNiCrAlY coating microstructure and composition on the formation of duplex oxide scales,2023,13,True,article,Corrosion Science,The formation process of Al2O3-based duplex oxide scales growing on high velocity oxygen fuel (HVOF) CoNiCrAlY alloy was investigated at 1135 oC. The dual-phase nature of the alloy originated a site-specific oxidation behaviour that facilitated the formation of an inhomogeneous duplex oxide scale with widespread embedded mixed oxides. The early-stage formation of these oxides was explained by a modified Gaussian diffusion model where grain boundary proximity is the main variable. The subsequent nucleation/growth of mixed oxides with oxidation time was attributed to continuous cationic diffusion of non-aluminium elements across the scale enabled by the presence of cationic impurities in the scale.,25.25,6.891089108910891,0.693069306930693,0.7227722772277227,0.0594059405940594,0.009900990099009901,0.4736842105263158,2023,27.444444444444443
https://doi.org/10.1016/j.corsci.2023.111594,Effect of Co vs. Fe content on early stages of oxidation of Co-Cr-Fe-Mn-Ni-Si complex concentrated alloys at 800 °C,2023,13,True,article,Corrosion Science,"The effect of Co vs. Fe content on early stages of oxidation in air was studied in Co-Cr-Fe-Mn-Ni-Si complex concentrated alloys (CCAs). A higher Co content decreased the phase fraction of protective corundum-type oxide as determined quantitatively. This is consistent with presented thermodynamic calculations, predicting a decrease in Cr activity with increasing Co content. The formation of Cr-rich corundum-type oxide is hindered in favor of Fe/Co/Ni-rich spinel-type oxide. Accordingly, beneficial effects of Co on mechanical properties of 3d transition metal CCAs for high temperature applications need to be balanced with detrimental effects on oxidation resistance.",15.833333333333334,6.894736842105263,0.7157894736842105,0.7473684210526316,0.05263157894736842,0.010526315789473684,0.4736842105263158,2023,27.444444444444443
https://doi.org/10.1016/j.corsci.2023.111387,Ex‐situ synchrotron X‐ray diffraction study of CO2 corrosion‐induced surface scales developed in low‐alloy steel with different initial microstructure,2023,12,True,article,Corrosion Science,"The CO2 corrosion-induced scale developed in the surface region of the low-grade carbon steel is thoroughly investigated to understand the corrosion mechanisms involved during exposure to CO2-saturated aqueous environments. In this work, in addition to the electron microscopy and lab-source X-ray diffraction (XRD) methods, ex-situ depth-resolved phase identification of the corrosion scales developed on steel with different initial microstructures is performed using synchrotron grazing incidence XRD at different incidence angles. The CO2 corrosion mechanism is discussed considering the observed distribution of the corrosion products formed at a different depth relative to the time of electrochemical exposure of the steels. Data will be made available on request.",26.5,7.150943396226415,0.6792452830188679,0.7264150943396226,0.04716981132075472,0.03773584905660377,0.43724696356275305,2023,27.444444444444443
https://doi.org/10.1016/j.corsci.2023.111569,Unravelling the effect of F phase on hydrogen-assisted intergranular cracking in nickel-based Alloy 725: Experimental and DFT study,2023,12,True,article,Corrosion Science,"The effect of the scarcely reported F phase on hydrogen-assisted cracking in nickel-based Alloy 725 was thoroughly studied by combining tensile tests, advanced characterization, and density functional theory (DFT) calculations. The results show grain boundary precipitate F phase promotes intergranular fracture in a hydrogen environment. DFT calculations further indicates hydrogen atoms lower the binding strength of the F phase and Ni matrix interfaces. More importantly, our study showed for the first time that the addition of approximately 0.01 wt.% boron can effectively suppress F phase precipitation, thereby elevating the hydrogen resistance of Alloy 725.",15.666666666666666,6.9361702127659575,0.7340425531914894,0.776595744680851,0.0425531914893617,0.05319148936170213,0.43724696356275305,2023,27.444444444444443
https://doi.org/10.1016/j.corsci.2024.112018,Four-dimensional electrochemical impedance spectroscopy: Role of microstructure on corrosion behaviour of Al-Si alloys additive-manufactured by laser powder bed fusion,2024,12,True,article,Corrosion Science,"Four-dimensional (4D) electrochemical impedance spectroscopy was applied to clarify the role of microstructures on the corrosion behaviour of Al-Si alloys additively manufactured by laser powder bed fusion in the immersion of NaCl solution. 3D complex impedance plots, comprising real, imaginary, and time axes, indicate that the impedance increases gradually at initial stage and then does not show apparent time variation. These behaviours, following surface morphology analysis, are strongly related to the remaining fine silicon particles on the surface due to the preferential Al dissolution, which suppress the further dissolution from underlying along with the protective oxide film formation.",32.666666666666664,7.020408163265306,0.7040816326530612,0.8163265306122449,0.04081632653061224,0.02040816326530612,0.7703109327983951,2024,15.578125
https://doi.org/10.1016/j.corsci.2024.112135,Electrochemical characterization of localized corrosion mechanism of ALD Al2O3-coated copper for microelectronic application,2024,12,True,article,Corrosion Science,"To achieve performance and reliability in microelectronics devices, copper interconnections must be protected from aggressive environment during the manufacturing process and throughout the life of the devices. Atomic Layer Deposition Al2O3 thin films has been used as a compatible layer with key integration process steps, as well as being corrosion-resistant in neutral media. However, electrochemical tests in aggressive environment have revealed that the alumina prematurely failed to protect copper from localized corrosion. In this study, local and global electrochemical techniques have been employed to evaluate the reactivity of copper at multiple scales and to elucidate the underlying corrosion mechanisms.",24.75,7.151515151515151,0.6363636363636364,0.7070707070707071,0.050505050505050504,0.010101010101010102,0.7703109327983951,2024,15.578125
https://doi.org/10.1016/j.corsci.2024.112160,"A predictive model for corrosion of carbon steel exposed to organic acids: Theory and validation in formic, azelaic and citric acid",2024,12,True,article,Corrosion Science,"Organic acids can severely corrode metals, despite rarely reaching particularly low pH values. The mechanisms underlying the corrosion process in the presence of organic acids can be different and more complex with respect to the ones in the presence of strong acids. Since organic acids are commonly found in several industrial environments, they pose a serious threat that needs to be carefully addressed and investigated. Throughout the years, many research efforts have been put towards predictive modelling of corrosion. The Tafel-Piontelli model aims at becoming a universal and versatile model for acidic corrosion, able to adapt to different situations and predict corrosion rates of active metals exposed to all kinds of acidic environments. The model foundations are grounded in the principles of the corrosion process, regulated by the Tafel law. The efficacy of the model was tested on carbon steel samples immersed in solutions of weak acids with increasing proticity — formic, azelaic, and citric acid — at temperatures ranging from 20°C to 60°C and pH values from 3 to 4. The validation analysis was conducted using two primary tests: mass loss tests to assess corrosion rates and potentiodynamic polarization tests to determine the kinetic parameters of the cathodic and anodic reactions involved in the corrosion process. The results from the experiments are promising, confirming and extending the predictive capabilities of the model to the case of organic acids. These findings have broad implications for improving safety and durability in industrial applications where organic acids are prevalent, highlighting the model’s potential to significantly enhance preventive strategies and material selection.",25.9,6.583011583011583,0.640926640926641,0.5945945945945946,0.03088803088803089,0.03088803088803089,0.7703109327983951,2024,15.578125
https://doi.org/10.1016/j.corsci.2023.111046,Revealing the effect of heat treatment on stress corrosion cracking behavior of Monel 400 alloy in hydrofluoric acid vapor environment,2023,11,True,article,Corrosion Science,"The effect of heat treatment (HT) on the stress corrosion cracking (SCC) of Monel 400 alloy in hydrofluoric acid (HF) vapor was investigated through cracking crystallographic analysis. The SCC resistance is ordered as 750 °C-HT > AR > 850 °C-HT > 950 °C-HT > 1050 °C-HT, while the SCC failure mechanism is similar which is active dissolution-slip tearing. HT increases grain size and reduces residual strain , and large grains promote both slip and active dissolution, all contributing to higher SCC susceptibility . In addition, residual strain accelerates corrosion degradation, which counteracts the beneficial effect of fine grain on SCC resistance . Data availability The raw/processed data required to reproduce these findings cannot be shared at this time due to technical or time limitations. They can be provided on request.",21.666666666666668,6.2846153846153845,0.7307692307692307,0.6846153846153846,0.05384615384615385,0.015384615384615385,0.4008097165991903,2023,27.444444444444443
https://doi.org/10.1016/j.corsci.2023.111463,Research on aggressiveness of CMAS+NaVO3 mixtures towards thermal barrier coatings from the perspective of physical and chemical characteristics,2023,11,True,article,Corrosion Science,"Thermal barrier coatings (TBCs) used in marine condition recently suffer from a new degradation mainly induced by the coupling effect of calcium-magnesium-aluminum-silicate (CMAS) and molten salt . In present study, physical and chemical properties of CMAS+NaVO 3 mixture with varying CMAS/NaVO 3 ratio were examined to determine its aggressiveness towards TBCs. It was found that the crystallization behavior of CMAS was remarkably changed due to NaVO 3 addition. The experimental results also revealed a decreasing melting point and viscosity with increasing NaVO 3 content, indicating an enhanced aggressivity even at a relatively low temperature. More specifically, the Log viscosity values of the melts were found linearly dependent on NaVO 3 content. In addition, theoretical results implied that thermo-chemical damage aroused by CMAS+NaVO 3 mixtures would be potentially mitigated to a certain extent as compared with the case in CMAS corrosion.",23.333333333333332,6.707142857142857,0.7071428571428572,0.7428571428571429,0.02142857142857143,0.02857142857142857,0.4008097165991903,2023,27.444444444444443
https://doi.org/10.1016/j.corsci.2023.111557,Effect of hydrogen on electrochemical behavior of additively manufactured 316L in pressurized water reactor primary water,2023,11,True,article,Corrosion Science,"The electrochemical behavior of laser powder bed fusion (LPBF) 316 L stainless steel subject to different heat-treatments (solution annealing and hot isostatic pressing) is compared to nuclear-grade wrought 316 L in pressurized water reactor primary water at 288 °C (with and without dissolved hydrogen) using current-time transients, cyclic voltammetry and electrochemical impedance spectroscopy (EIS). Analysis of spectra by the Mixed-Conduction Model revealed slower corrosion rates of LPBF 316 L than wrought 316 L, the effect being more pronounced in the presence of dissolved hydrogen. The characteristics of the barrier layer and the oxide film/coolant interface were irreversibly altered upon removal of dissolved hydrogen.",34.333333333333336,7.009708737864078,0.7281553398058253,0.7669902912621359,0.05825242718446602,0.009708737864077669,0.4008097165991903,2023,27.444444444444443
https://doi.org/10.1016/j.corsci.2023.111658,Model for corrosion of copper in a nuclear waste repository,2023,11,True,article,Corrosion Science,"A mathematical model for corrosion of copper under a droplet, developed in a previous paper, was applied for conditions suitable for the Canadian nuclear waste repository under two models for oxygen decay. The influence of temperature was included, and the model accounted for the influence of films on reaction rate constants. The model shows the time-dependent localized corrosion rates and depths, calculated here for an elapsed time of ten years. Preliminary results show that the corrosion of copper is almost uniform on the electrode surface. Temperature and oxygen concentration is shown to have a strong contribution to copper corrosion.",19.8,6.414141414141414,0.6262626262626263,0.6363636363636364,0.04040404040404041,0.04040404040404041,0.4008097165991903,2023,27.444444444444443
https://doi.org/10.1016/j.corsci.2024.112428,Microstructure and hydrogen-induced stress corrosion cracking behaviour of U75V flash-welded joints in high-speed railways,2024,11,True,article,Corrosion Science,"The hydrogen-induced stress corrosion cracking (SCC) behaviour and mechanism of U75V welded joints (WJs) immersed in 3.5 wt% NaCl/hydrogenated solutions were investigated using slow strain rate tensile testing and electrochemical measurements. The WJs exhibited more negative potentials, higher corrosion current densities, slightly higher strength , and higher susceptibility to SCC in a hydrogenated solution than the base metal (BM). The strength and elongation of the WJs and BM significantly decreased after exposure to NaCl/hydrogenated solutions. These findings demonstrated that although U75V is extensively utilized in railway tracks, it is imperative to exercise corrosion protection measures for joints or employ specific corrosion-resistant rails in extreme applications to reduce service risks.",21.8,7.293577981651376,0.7247706422018348,0.7706422018348624,0.06422018348623854,0.01834862385321101,0.7061183550651956,2024,15.578125
https://doi.org/10.1016/j.corsci.2022.110475,Lead-induced stress corrosion cracking (PbSCC) initiation in alloy 690TT in caustic environment,2022,10,True,article,Corrosion Science,"Pb-Caustic Stress Corrosion Cracking initiation was studied on Alloy 690TT at 315 °C. Advanced electron microscopy techniques revealed that cracking mainly initiated intergranularly following the oxidation of Cr-rich grain boundary carbides. This finding explains the higher resistance to crack nucleation of the as-received surfaces compared to polished ones, because the grain boundaries of the ultrafine-grained near-surface layer were not decorated with carbides. It is also proposed that dislocation entanglements, typical of a cold-worked surface, attenuated the emission of dislocations at the surface. Once initiated, cracking continued due to Pb incorporation in the oxide, which weakened the passive layer and enhanced slip dissolution.",20.4,7.1568627450980395,0.6862745098039216,0.8137254901960784,0.06862745098039216,0.0196078431372549,0.29805615550755943,2022,33.55072463768116
https://doi.org/10.1016/j.corsci.2024.112151,Effect of SO2 on corrosion behaviour of Ni-base alloys in a simulated combustion environment,2024,10,True,article,Corrosion Science,"Alloys of Ni-25Cr-(2Mn-1Si) under deposits of sulphate or ash+ sulphate were exposed to a wet CO2 gas with or without 0.5 vol.% SO2 at 650 °C for 300 h. Without SO2, multi-layered reaction products formed. Under sulphate, they were external NiO, inner NiCr spinel+ Cr2O3 band, internal oxidation zone and internal CrxS precipitates. Under ash+ sulphate, they were external NiO+ Ni above the internal oxidation zone. Introducing SO2 in the gas promoted alloy passivation, forming thin chromia scales under both deposits. Alloying with Mn and Si produced only minor improvements. These effects are examined in light of gas-deposit-alloy interactions.",11.0,6.3232323232323235,0.7171717171717171,0.7676767676767676,0.04040404040404041,0.0,0.641925777331996,2024,15.578125
https://doi.org/10.1016/j.corsci.2024.112177,Effect of oxygen dissolution on the mechanical behavior of thin Ti-6Al-4V specimens oxidized at high temperature: Experimental and modeling approach,2024,10,True,article,Corrosion Science,"Micromechanical characterization of the oxygen-rich layer (ORL) of a Ti-6Al-4V alloy due to high-temperature oxidation was investigated at room temperature. The tensile strength of the pre-oxidized specimens linearly decreased as a function of the surface fraction of ORL in relation to the gage section, demonstrating a competition between oxygen strengthening and embrittlement. Electron-probe microanalyses and nanoindentation testing aimed at locally assessing the elastic and hardness response of the material as a function of the oxygen content. These properties were used in finite element simulations to quantify stress profiles within the oxygen-graded material for different ORL thickness/specimen thickness couples.",24.5,7.285714285714286,0.6326530612244898,0.7551020408163265,0.04081632653061224,0.01020408163265306,0.641925777331996,2024,15.578125
https://doi.org/10.1016/j.corsci.2024.112194,Computational chemistry analysis of passive layer formation and breakdown mechanisms in ferritic stainless steels,2024,10,True,article,Corrosion Science,"Despite extensive research and proposed theories on formation and breakdown of passive layers, several questions remain unanswered. These include the reasons behind the bi-layer nature of the passive layer, the decrease in hydrogen and oxygen diffusivity upon entering the passive layer, and the influence of microstructure on passive layer formation and function in stainless steels. In this study, we employed ReaxFF molecular dynamics simulations to investigate passivation and depassivation of ferritic stainless steels in a polycrystalline structure. Through static and dynamic calculations, we elucidated the underlying mechanisms of passive layer formation, which were primarily governed by clustering. Our analysis also highlighted the significant role of hydrogen diffusion and its reaction with metallic compounds in the depassivation process. We have identified several physical phenomena involved in the processes of passivation and depassivation, which can provide explanations for the questions posed above.",23.333333333333332,7.192857142857143,0.6,0.6428571428571429,0.05,0.014285714285714285,0.641925777331996,2024,15.578125
https://doi.org/10.1016/j.corsci.2024.112501,In situ growth of large-scale and ultrathin carbon nitride films shield common metal substrates from corrosion and oxidation,2024,10,True,article,Corrosion Science,"A centimeter-size carbon nitride (CN) film, with nanoscale thickness, is in situ deposited on various metals through the thermal condensation of melamine , achieving broad and uniform coverage, without any pre- and post-treatments. As the temperature rises, the nitrogen content in the film increases, leading to the part of CN to transform into g-C 3 N 4 . Benefit from higher Gibbs adsorption free energies of g-C 3 N 4 with Cl - and O 2 in aqueous environment, a 30 nm CN film deposited at 475 ℃ with large g-C 3 N 4 network, minimal segregation and low internal stress enables pure metals and alloys to achieve over 90 % protection efficiency.",37.666666666666664,5.557522123893805,0.7079646017699115,0.7256637168141593,0.017699115044247787,0.0,0.641925777331996,2024,15.578125
https://doi.org/10.1016/j.corsci.2024.112558,Corrosion inhibition of WE43 Mg alloy by salicylic compounds: Influence of nitro substitution,2024,10,True,article,Corrosion Science,"The corrosion inhibition of WE43 Mg alloy by salicylic acid (SA) and 3,5-dinitrosalicylic acid (DNSA) was investigated in a 0.2 M NaCl solution using electrochemical techniques, pH measurements, inductive coupled plasma-optical emission spectroscopy (ICP-OES) and SEM-EDX analyses. SA has a poor performance while DNSA was efficient after some hours of immersion in the NaCl solution. The observed behaviour was attributed, for short immersion times, to a buffering effect of DNSA which delayed the Mg(OH) 2 crystal growth on the alloy surface, and for longer immersion times, to an enrichment of the corrosion products layer by the alloying elements. • SA forms soluble complexes and is not effective to protect the WE43 Mg alloy. • DNSA buffers the interfacial pH and leads to an enrichment in Y and Nd of the corrosion products layers. • The DNSA efficiency is higher for longer immersion times.",20.428571428571427,6.153846153846154,0.6993006993006993,0.6363636363636364,0.03496503496503497,0.013986013986013986,0.641925777331996,2024,15.578125
https://doi.org/10.1016/j.corsci.2025.112913,Pitting corrosion mechanisms of Ti-Cu-(Pd-) based metallic glasses in simulated physiological solution,2025,10,True,article,Corrosion Science,"Ti-based bulk metallic glasses with very high strength-to-stiffness ratio are promising candidates for biomedical applications. However, their substantial Cu contents cause biocompatibility issues regarding cytocompatibility and corrosion resistance. This work focuses on the analysis of chloride ion-induced pitting corrosion processes of two prominent glassy alloys under free corrosion and anodic polarisation conditions in phosphate-buffered saline (PBS) solution (pH 7.4) at 37 °C. The Ti 47 Zr 7.5 Cu 38 Fe 2.5 Sn 2 Si 1 Ag 2 glass demonstrates high susceptibility to passive film degradation and breakdown during long-term testing under OCP condition and upon anodic polarisation (LVA). Electrochemical Impedance Spectroscopy (EIS) indicates the formation of a porous, non-continuous surface film with low resistance. The shape of the anodic polarisation by charging curves (APCC) indicates a limited ability for pit repassivation. The Ti 40 Zr 10 Cu 34 Pd 14 Sn 2 glass exhibits higher resistance to pitting corrosion, which alters the nature of surface degradation. Surface state analysis by means of SEM, EDX, XRD and XPS reveal that the corrosion products within the pits and their surroundings are enriched in Cu, Zr and Pd. Mechanisms for the development of pitting corrosion for the two alloys, including nanoligament formation and advanced degradation, are proposed and especially the role of Cu and Pd therein is discussed. These findings provide valuable insights into the corrosion mechanisms of Ti-Cu based glassy alloys and serve as a base for developing corrosion resistance strategies. • Cu plays a significant role in the nucleation and growth of closed pits. • Alloying Ti-Cu-based metallic glasses with Pd enhances oxide film passivation. • Pit initiation, growth, repassivation and degradation rely on passive film properties. • Pit propagation involves ligament formation and follows the dealloying mechanism.",16.88235294117647,6.616724738675958,0.735191637630662,0.6062717770034843,0.03832752613240418,0.010452961672473868,1.3173652694610778,2025,7.590909090909091
https://doi.org/10.1016/j.corsci.2025.113183,Factors to consider in the quest for organic alternatives to hexavalent chromium based corrosion inhibitors,2025,10,True,article,Corrosion Science,"The search for non-toxic alternatives to hexavalent chromium based corrosion inhibitors requires a comprehensive understanding of the factors critical to effective corrosion protection. Key considerations include the evolution of corrosion inhibition with inhibitor concentrations and exposure times, the inhibition efficacy in the presence and following absence of inhibitors, and the stability of inhibition upon polarisation. In our electrochemical comparison of promising organic molecules with sodium dichromate, we found that even top-performing candidates can lead to premature conclusions if such critical factors are overlooked. While organic molecules can match the inhibition performance of chromates under specific conditions, this can be misleading when considering concentration, time, and polarisation dependent behavior. Initial high performance can also be deceptive in dynamic environments, as we observed that the inhibition provided by most organic molecules drastically decreases when the inhibitor is absent in the electrolyte. These observations call for broader comprehensive inhibitor robustness studies that take into account factors including time, concentration, stability, and polarisation effects in inhibitor efficacy analysis.",27.333333333333332,7.560975609756097,0.6402439024390244,0.6524390243902439,0.024390243902439025,0.03048780487804878,1.3173652694610778,2025,7.590909090909091
https://doi.org/10.1016/j.corsci.2023.111562,"Small concentrations of NaCl help building stable inhibiting layers from 2,5-dimercapto-1,3,4-thiadiazole (DMTD) on AA2024-T3",2023,9,True,article,Corrosion Science,"The interaction of 2,5-dimercapto-1,3,4-thiadiazole (DMTD) with the AA2024-T3 local microstructure (S-phase, secondary phases and matrix) as function of the NaCl concentration is studied. The inhibiting power and the local interaction of DMTD with the metal were studied by in–situ opto-electrochemistry, XPS and Raman spectroscopy. The stability of the inhibiting layers was evaluated by re-exposing the samples to NaCl solutions without inhibitor. The amount of DMTD and its interaction state (chemisorption/physisorption) vary with the local microstructural composition and NaCl concentration. Higher stability of the inhibiting layers is obtained when these are formed in presence of small amounts of NaCl (0.025M-0.25 M).",14.285714285714286,7.06,0.63,0.73,0.02,0.0,0.3279352226720648,2023,27.444444444444443
https://doi.org/10.1016/j.corsci.2023.111704,Correlating X-ray computed tomography observations with respirometric measurement of aluminium alloy 6063 corrosion under FeCl3 droplets,2023,9,True,article,Corrosion Science,"Corrosion of aluminium alloy 6063-T6 with exposure to simulated steel corrosion products using ferric chloride droplets was investigated. Focus of these experiments was to understand the role of oxygen in the redox process; therefore, samples were exposed to standard atmospheric conditions as well as to oxygen-derived conditions. Respirometric measurements indicate that hydrogen evolution reaction (HER) is the dominant cathodic reaction. Especially in the initial stages when the corrosion rates are the highest, the HER occurs almost exclusively. At the later stages oxygen reduction reaction (ORR) barely takes over as main cathodic reaction. The dissolved volumes and maximum corrosion depths determined with X-ray Computed Tomography (XCT) were more significant for those samples deprived of oxygen. The composition of iron-rich deposits formed consisted of magnetite and maghemite, supporting exposure conditions where reactions were deprived of oxygen.",19.142857142857142,7.074626865671642,0.7014925373134329,0.7089552238805971,0.03731343283582089,0.03731343283582089,0.3279352226720648,2023,27.444444444444443
https://doi.org/10.1016/j.corsci.2023.111744,Electrochemical investigation on localised corrosion under silica sand deposit layers of carbon steel within a bespoke test cell,2023,9,True,article,Corrosion Science,"The corrosion behaviour of deep pit-like features on carbon steel under silica sand deposits has been evaluated using a bespoke localised corrosion cell. Local pH and electrochemical measurements were performed, including impedance spectroscopy and galvanic coupling. The corrosion rate of X65 carbon steel at four different recession depths up to 9 mm was evaluated in the presence and absence of a ~10 mm-thick silica dioxide deposit layer, in a carbon dioxide-saturated environment. The deposit reduced corrosion rates to approximately 1 mm·yr-1 and iron carbonate formed on the steel surface under the deposit due to an increase in local pH.",24.75,6.404040404040404,0.7070707070707071,0.696969696969697,0.06060606060606061,0.020202020202020204,0.3279352226720648,2023,27.444444444444443
https://doi.org/10.1016/j.corsci.2024.112047,The influences of traces of oxygen and sulfide on the corrosion of copper in concentrated chloride solutions,2024,9,True,article,Corrosion Science,"The corrosion of wrought, electrodeposited, and cold spray deposited copper was electrochemically monitored for ~160 days in 3 M NaCl solution containing traces of sulfide under anoxic and Ar-purged conditions. Corroded specimens were analyzed using scanning electron microscopy and Raman and X-ray photoelectron/Auger spectroscopies. Under anoxic conditions, corrosion was supported by sulfide only and the rate decreased with time causing only minor damage. Under low oxygen conditions maintained by Ar-purging, the rate increased with time and significant damage was observed, attributed to oxy-sulfur species formation. These results suggest that oxy-sulfur species, not just sulfide, are required to cause intergranular corrosion.",20.0,7.17,0.75,0.75,0.04,0.02,0.5777331995987964,2024,15.578125
https://doi.org/10.1016/j.corsci.2024.112050,"Alloying effects of Al, Si and Fe on Ni-20Cr alloy oxidation in water vapour at 650 °C",2024,9,True,article,Corrosion Science,"Ni-20Cr alloys with or without minor elements (Al, Si, Fe) were oxidized in Ar-5 H2O at 650°C. The undoped alloy formed a feathery NiO external scale and a thick internal oxidation zone (IOZ). Additions of Al, Si and Fe improved oxidation resistance by changing oxide morphologies and reducing the IOZ. For Al and Si additions, more surface area formed a chromia scale with Al2O3 or SiO2 precipitates underneath. In addition, needle-shaped precipitates with a lamellar structure of chromia mixed with alumina or silica were observed. For Fe addition, a multi-layered oxide scale was formed with additional Fe-rich spinel, improving oxidation resistance.",16.833333333333332,6.287128712871287,0.7128712871287128,0.7029702970297029,0.039603960396039604,0.0,0.5777331995987964,2024,15.578125
https://doi.org/10.1016/j.corsci.2024.112265,Effects of H2 on microstructures of Cr2O3 scales grown in water vapour and consequences for breakaway,2024,9,True,article,Corrosion Science,"Model alloy, Fe-20Cr (wt%), was exposed in Ar-(5, 20)H2O, Ar-(5, 20)H2O-5H2 and Ar-20O2 (vol%) at 750 and 850 °C. The alloy formed Cr2O3 scales plus Fe-rich oxide nodules in H2O-containing gases, but a Cr2O3 scale in Ar-20O2 at 750 °C. The alloy formed an outer (Cr,Fe)-rich oxide layer and an inner, porous Cr2O3 layer in Ar-5H2O-5H2, whereas a dense Cr2O3 scale grew in Ar-5H2O at 850 °C. Application of Wagner’s theory successfully differentiated effects of oxide grain sizes and oxygen partial pressures of gases on scaling rates. Chemically inert SiO2 markers showed that Cr2O3 scales grew by outward metal diffusion.",20.0,5.94,0.77,0.7,0.06,0.0,0.5777331995987964,2024,15.578125
https://doi.org/10.1016/j.corsci.2025.112782,Evaluating the importance of flavin-based electron shuttling in corrosion,2025,9,True,article,Corrosion Science,"Faster microbial corrosion of ferrous metals with flavin amendments has led to the common perception that flavins function as an electron shuttle for extracellular metal-to-microbe electron transfer . Direct examination of this possibility revealed that electron transfer from Fe 0 or X80 carbon steel to flavins or the humic acid analogue anthraquinone-2,6-disulfonate (AQDS) was orders of magnitude slower than proton reduction to H 2 . Stainless steel did not reduce shuttles. Electron shuttles could not serve as the electron donor for sulfate reduction. Riboflavin enhanced Desulfovibrio vulgaris growth on H 2 , suggesting that the primary impact of added flavins is acting as a nutrient.",21.0,6.504761904761905,0.7142857142857143,0.7428571428571429,0.047619047619047616,0.02857142857142857,1.18562874251497,2025,7.590909090909091
https://doi.org/10.1016/j.corsci.2025.112844,Effect of minor addition of Zn on precipitate crystal structures and intergranular corrosion in 6082 Al-Mg-Si alloys,2025,9,True,article,Corrosion Science,"Recycling Al alloys promotes greater sustainability, as the energy required to produce recycled alloys is only about 5% of that needed to produce the same amount of primary alloys. However, the build-up of impurities, such as Zn, during the recycling process can negatively affect the corrosion resistance of recycled alloys. The results show that the susceptibility to intergranular corrosion increased with minor additions of zinc (≤ 0.06 wt%). Zn was found to segregate along the grain boundaries, and the STEM-EDS results indicate that the Zn incorporates into the structure of Mg-Si containing grain boundary precipitates. • Minor Zn addition negatively influenced the IGC of Al-Mg-Si. • The presence of Zn in β increase the driving force for IGC. • 0.06 wt% Zn has a substantial influence on the precipitate structure of 6082 Alloy. • Zn does not tend to occupy specific columns in the precipitate structure.",14.6,6.102739726027397,0.6643835616438356,0.636986301369863,0.03424657534246575,0.03424657534246575,1.18562874251497,2025,7.590909090909091
https://doi.org/10.1016/j.corsci.2025.112929,Enhancing corrosion resistance through crystallographic texture control in additively manufactured superelastic NiTi alloy,2025,9,True,article,Corrosion Science,"NiTi alloys, widely used for their shape memory and superelastic properties, face corrosion challenges when fabricated via laser powder bed fusion (LPBF). This study investigates the dual-phase formation in LPBF NiTi and its impact on corrosion resistance. Thermal simulations and microstructural analysis reveal that thermal stress drives martensite formation near melt pool boundaries. Martensitic regions act as anodic sites, leading to localized corrosion. Optimizing LPBF parameters produced single-phase [001]-textured NiTi, eliminating martensite and significantly reducing the corrosion current by almost two orders of magnitude and enhancing superelastic performance simultaneously. These findings highlight texture control as a key strategy to improve corrosion resistance and functionality for advanced applications. • The formation mechanism of a dual phase microstructure in NiTi alloy is revealed. • Martensite acts as anode jeopardizing the corrosion resistance of the NiTi alloy. • Optimized process parameters to fabricate a single phase microstructure with [001]-texture are proposed. • Single-phase NiTi exhibits emhanced corrosion resistance and superelasticity.",15.7,7.407643312101911,0.7515923566878981,0.6751592356687898,0.03821656050955414,0.025477707006369428,1.18562874251497,2025,7.590909090909091
https://doi.org/10.1016/j.corsci.2022.110859,Formation of protective surface films on carbon steel in mildly alkaline aqueous alkanolamine CO2 solutions,2022,8,True,article,Corrosion Science,"Electrochemical impedance spectroscopy (EIS) and open circuit potential (OCP) measurements, complemented by solution speciation predictions and ex situ surface analyses, were used to investigate film formation on carbon steel in CO2 saturated methyldiethanolamine(aq) solutions at 80 °C, pH 7.9–8.6. Pure FeCO3 films, evidenced by OCPs of ca. −0.5 to −0.4 V (SHE), were formed under anoxic conditions and provided corrosion protection to the underlying substrate, increasing charge transfer resistances tenfold. O2 ingress caused a positive OCP shift to ca. > +0.35 V (SHE), resulting in formation of traces of iron oxide at the interface, which was less protective.",9.8,6.612244897959184,0.7755102040816326,0.8775510204081632,0.04081632653061224,0.0,0.23844492440604753,2022,33.55072463768116
https://doi.org/10.1016/j.corsci.2023.111209,The impact of co-deposited silicon impurity on oxidation of silicon carbide coatings in the air and in steam at high temperatures,2023,8,True,article,Corrosion Science,"We report a study on the oxidation behaviour of stoichiometric and hyper-stoichiometric silicon carbide (SiC) with silicon impurity. In air, silica growth was parabolic at 1200 °C and 1600 °C on both SiCs but was faster on hyper-stoichiometric SiC. However, the oxidation kinetics was reversed in the steam due to the generation of a larger quantity of gaseous products and pore networks in silica on stoichiometric SiC, which resulted in easy ingress of steam and a reaction-controlled linear oxidation behaviour. In contrast, the pores in silica on hyper-stoichiometric SiC were mostly isolated, resulting in diffusion-controlled parabolic growth of the silica layer.",25.25,6.485148514851486,0.6336633663366337,0.594059405940594,0.019801980198019802,0.019801980198019802,0.29149797570850206,2023,27.444444444444443
https://doi.org/10.1016/j.corsci.2023.111434,Early oxidation stages of austenitic stainless steel monitored using Mn as tracer,2023,8,True,article,Corrosion Science,"Understanding the mechanism of oxide layer growth on 316 L requires knowledge, e.g., about the reaction front position, oxide phase formation and diffusion paths of the elements involved. We gain essential information for the early stages of oxidation up to 600°C, utilizing Mn as tracer in a novel experimental approach. Reasoning is based on monitoring implanted Mn in a Mn-free 316 L before and after oxidation. The reaction front is located inside each oxide grain at ~400°C but shifts towards the surface at ~600°C. Detection of Cr6+ at 600°C suggests a so far undocumented role of Cr valence state during oxide growth.",14.571428571428571,5.980392156862745,0.6372549019607843,0.7254901960784313,0.0392156862745098,0.049019607843137254,0.29149797570850206,2023,27.444444444444443
https://doi.org/10.1016/j.corsci.2024.111845,Monitoring alterations in a salt layer’s deliquescence properties during the atmospheric corrosion of a metal surface using a quartz crystal microbalance,2024,8,True,article,Corrosion Science,"The deliquescence of salt residues on metal structures can exacerbate the atmospheric corrosion of these structures. However, the conversion of salt residues to corrosion products alters the metal surface time of wetness (TOW) in ways that are difficult to monitor. This study demonstrates the use of quartz crystal microbalance with acoustic impedance measurement (QCM-I) to simultaneously monitor the corrosion and the changing deliquescence properties of various chloride salt layers printed on copper surfaces. While the results herein apply to Canada’s proposed deep geological repository (DGR) for used nuclear fuel, the methodology applies to any combination of salts and metal surfaces.",25.0,6.87,0.66,0.7,0.05,0.02,0.5135406218655968,2024,15.578125
https://doi.org/10.1016/j.corsci.2024.111998,Investigating the origins of the 'double rise' shape in hydrogen permeation transients on pure iron,2024,8,True,article,Corrosion Science,"This study delves into the underlying causes of the atypical 'double rise' shape observed in hydrogen permeation rising transients on pure iron and low alloy steels. Electrochemical permeation experiments on pure iron reveal a fast initial rise, a short pseudo-plateau, and a slow second rise. Similar patterns emerge in the decaying transients. The micro-porosity present in material appears to act as reversible traps, affecting hydrogen diffusion. Surface damage, confirmed by SEM analysis, exacerbates the issue. Utilizing numerical simulations, an FEM model effectively replicates the 'double rise' behavior, attributed to limited recombination/dissociation kinetics at bulk-cavity interfaces. Overall, micro-porosity is identified as the primary factor behind this unique permeation curve shape.",15.571428571428571,7.137614678899083,0.7339449541284404,0.7798165137614679,0.01834862385321101,0.03669724770642202,0.5135406218655968,2024,15.578125
https://doi.org/10.1016/j.corsci.2024.112179,Unveiling the diffusion pathways under high-temperature oxidation of Cr2AlC MAX phase via nanoscale analysis,2024,8,True,article,Corrosion Science,"The MAX phase chromium aluminium carbide (Cr2AlC) is a potential candidate for high-temperature structural and energy applications due to the unique combination of properties, including excellent oxidation and corrosion resistance in harsh environmental conditions. In this work, the oxidation behaviour of bulk Cr2AlC was studied at temperatures of 1000 °C and 1200 °C in humid synthetic air, mimicking a realistic application environment. An α-Al2O3 scale forms at both temperatures, consisting of both inward and outward-growing layers, with a continuous Cr7C3 layer beneath the oxide. A special focus was put on employing atom probe tomography (APT) to analyse the oxide and carbide layers at the nanoscale. Decomposition of Cr2AlC to Cr7C3 is the main source (>70%) of aluminium needed for the oxide scale formation, while Al depletion in the underlying MAX phase remains marginal (<1 at.%), exhibiting a pattern different from the common high-temperature oxidation of alloys. Al diffusion to the oxide scale proceeds predominantly through grain boundaries (GBs) in Cr2AlC and through the bulk in Cr7C3. Ionic diffusion through GBs of the large-grained inner alumina layer seems to be the rate-limiting step for the oxide scale growth, resulting in the apparent parabolic oxidation kinetics. No segregation of Cr, C or any impurities, which could affect ionic transport, was found at these alumina GBs by APT, rendering the results of this study as characteristic of a pure Cr2AlC oxidation.",25.333333333333332,6.434210526315789,0.6535087719298246,0.631578947368421,0.03508771929824561,0.02631578947368421,0.5135406218655968,2024,15.578125
https://doi.org/10.1016/j.corsci.2024.112333,Oxidation of additive manufactured 699XA Ni-based alloy under different atmospheres,2024,8,True,article,Corrosion Science,"The oxidation behaviour of an additively manufactured (AM) NiCrAl alloy (VDM® Powder 699XA) was compared with the hot rolled counterpart in different atmospheres (dry air, Ar-10 %H2 and Ar-10 %H2-10 %H2O) for 48 h at 950 and 1100°C. Internal oxidation occurred through the twin boundaries and dislocations in the AM material. Such defects promoted the outward diffusion of Al and the growth of a protective Al2O3 scale at reduced PO2 (Ar-10 %H2 and Ar-10 %H2-H2O), hence restraining the internal oxidation. It is thus demonstrated that this high Cr-containing alloy is a marginal alumina former under controlled conditions like the hot rolled alloy.",25.5,6.186274509803922,0.696078431372549,0.7352941176470589,0.049019607843137254,0.00980392156862745,0.5135406218655968,2024,15.578125
https://doi.org/10.1016/j.corsci.2024.112429,Direct evidence of hydrogen bubble evolution as an acoustic emission source in metal corrosion,2024,8,True,article,Corrosion Science,"Hydrogen (H 2 )-bubble evolution has been proposed as an important source of acoustic emission (AE) during metal corrosion since 1976. However, direct evidence is still lacking. Here, we report a simple yet effective strategy to spatiotemporally isolate single H 2 -bubble events in sodium sulfate droplet corrosion of AZ31 alloy, which are synchronously captured by AE-driven high-speed observations. The individual AE waveform is directly related to the two-stage evolution of a single bubble, including detachment and bursting. Furthermore, by linking H 2 evolution to the corrosion process, H 2 -bubble evolution-AE signals may provide a unique approach to evaluate the microstructure-dependent corrosion rate of Mg alloys. ● Droplet corrosion in AZ31 can spatiotemporally isolate single H 2 -bubble events. ● AE signal drives high-speed observations of the evolution of a single H 2 bubble. ● Specific two-part AE waveform is related to bubble detachment and bubble bursting. ● AE amplitude and rise time seem to largely depend on the bubble radius. ● The AE signals of H 2 bubble evolution is related to the localized corrosion rate.",17.8,6.247191011235955,0.7584269662921348,0.550561797752809,0.016853932584269662,0.02247191011235955,0.5135406218655968,2024,15.578125
https://doi.org/10.1016/j.corsci.2024.112462,Influence of convection during droplet evaporation on corrosion product distribution in CFRP-AA2024 galvanic couple: Modeling and experimental approaches,2024,8,True,article,Corrosion Science,"This work aims to clarify the impact of convection, generated within an electrolyte droplet during evaporation, on the distribution of Al ( OH ) 3 in the CFRP-AA2024 system. Both Finite Element and experimental approaches were employed to determine whether convection is significant or negligible. By coupling the Navier–Stokes and Nernst–Planck equations with appropriate geometric and boundary conditions, the transient distribution of corrosion products was numerically tracked. The results showed that Al ( OH ) 3 preferentially deposits on the CFRP surface, a pattern absent when convection is excluded. Experiments confirmed that internal convective currents can transport the Al ( OH ) 3 compound, aligning with the numerical predictions. • The CFRP-AA2024 system was studied under evaporating droplets. • A 2D model, including convection, predicted the distribution of corrosion products. • Gentle currents generated during droplet evaporation dispersed the corrosion products. • Al(OH) 3 preferentially accumulates on the CFRP surface.",16.666666666666668,6.84,0.7133333333333334,0.6133333333333333,0.02666666666666667,0.006666666666666667,0.5135406218655968,2024,15.578125
https://doi.org/10.1016/j.corsci.2024.112513,"Corrosion Inhibition of AZ31-xLi (x = 4, 8, 12) magnesium alloys in sodium chloride solutions by aqueous molybdate",2024,8,True,article,Corrosion Science,"Corrosion of lithium-containing AZ31 magnesium alloys AZ31- x Li ( x = 4, 8, and 12 wt%) has been examined in 0.05 M NaCl solution with and without 10–150 mM of Na 2 MoO 4 inhibitor. Potentiodynamic polarization, electrochemical impedance spectroscopy (EIS), and dynamic electrochemical impedance spectroscopy (DEIS) measurements were used to correlate the phase composition and microstructure of the alloys with their corrosion propensity and effectiveness of the molybdate inhibitor, giving high inhibition efficiency (>85%) at concentrations higher than ca. 35 mM. Post-corrosion microstructure, Raman, and X-ray photoelectron spectroscopy analyses allowed to provide the inhibition mechanism of AZ31- x Li alloys by molybdate ions. • Effectiveness of molybdate inhibitor towards AZ31- x Li ( x = 4, 8, and 12 wt%) Mg alloys has been examined. • Dynamic multisine impedance spectroscopy was utilized to examine corrosion and inhibition mechanisms. • Corrosion rate of AZ31- x Li alloys and the inhibition effect of molybdate strongly depend on the amount of Li in the alloys. • A mechanism of corrosion inhibition of AZ31- x Li ( x = 4, 8, and 12 wt%) Mg alloys by molybdate has been proposed.",21.0,6.158730158730159,0.7671957671957672,0.48677248677248675,0.026455026455026454,0.0,0.5135406218655968,2024,15.578125
https://doi.org/10.1016/j.corsci.2024.112565,"Wet oxidation of amorphous and crystalline Cu–Zr alloys probed by thermodynamic, kinetic, and instrumental analyses",2024,8,True,article,Corrosion Science,"The effect of water vapor on oxidation behaviors of amorphous and crystalline Cu-Zr alloys has been comprehensively investigated. Compared with dry oxidation , water vapor retards the oxidation of amorphous Cu-Zr alloy by lowering internal ionic diffusion and leading to the formation of stable crystalline oxide layers. In contrast, water vapor accelerates the oxidation of crystalline Cu-Zr alloy 10 times by enhancing the activity and outward diffusion of Cu and promoting an unexpected synchronous oxidation of Zr and Cu. This study would change the perspective from focusing exclusively on the detrimental effect of water to considering its suppression on surface oxidation.",25.25,6.633663366336633,0.6732673267326733,0.5841584158415841,0.06930693069306931,0.019801980198019802,0.5135406218655968,2024,15.578125
https://doi.org/10.1016/j.corsci.2025.112803,Dynamic response to fluctuating input of Nb:Ti:N film modified Ti bipolar plates for proton exchange membrane water electrolyser,2025,8,True,article,Corrosion Science,"The potential application of renewable energy sources such as wind power and photovoltaics in hydrogen production from water electrolysis has driven the development of bipolar plates . Combined with theoretical conductivity calculations and electrode potential-pH diagram constructions, a novel Nb :Ti:N film for bipolar plates is innovatively designed with excellent electrical conductivity and corrosion resistance , as well as high thermal and chemical stability. The Nb and N elements improve the electronic delocalisation effect and transport capacity of Ti and TiO 2 , and the interfacial contact resistance of the Nb:Ti:N film modified Ti bipolar plates has been decreased to 3.27 mΩ cm 2 at 1.4 MPa, with an enhancement of electrical conductivity by about 86 %. At 0 < pH < 7, both Ti metal and Nb metal present good stability and the passivation zone is mainly in the form of TiO 2 and Nb 2 O 5 . At 1.8 V (vs. Ag/AgCl), the corrosion resistance of Nb metal is better and the Nb oxide formed by passivation of Nb metal prevents the dissolution of Ti substrate into TiO 2+ and (TiO 2 ) 2+ ions. Moreover, periodic triangle and square wave polarization potentials have been applied to simulate wind and photovoltaic power input. By evaluating the durability and dynamic response characteristics of the bipolar plates under fluctuating voltage input conditions, it can be concluded that the high potential promotes the passivation behavior of Nb metal in Nb:Ti:N films, which results in a fast response to current fluctuations caused by fluctuating potentials.",23.09090909090909,6.078740157480315,0.6968503937007874,0.5708661417322834,0.03937007874015748,0.011811023622047244,1.0538922155688624,2025,7.590909090909091
https://doi.org/10.1016/j.corsci.2025.113129,Passivity and breakdown mechanisms in laser powder bed fusion processed Ni-based Alloy 625: Influence of scan strategy,2025,8,True,article,Corrosion Science,"This study investigates the influence of scan strategy on the microstructure, electrochemical behaviour, and passive film stability of Ni-Cr-based Alloy 625 fabricated via Laser Powder Bed Fusion (L-PBF). Four distinct scan strategies of No Pattern 180, No Pattern, Stripes, and Chess were evaluated under identical processing parameters. While hardness and subgrain size remained largely unaffected, significant differences were observed in dislocation density, which strongly correlated with passive layer integrity. Electrochemical analyses revealed that higher dislocation densities, particularly in the No Pattern 180 strategy, led to lower current densities in both passive and breakdown regions, despite similar corrosion potentials and Volta-potential values across all strategies. Mott-Schottky analysis confirmed reduced defect densities in the passive oxide layer of high-dislocation samples, and potentiostatic testing under tensile loading showed fewer breakdown events compared to low-dislocation samples. The results emphasize the importance of scan strategy choice not only for mechanical properties, but also for optimising corrosion resistance in additively manufactured components.",26.0,7.532051282051282,0.7243589743589743,0.7564102564102564,0.0641025641025641,0.019230769230769232,1.0538922155688624,2025,7.590909090909091
https://doi.org/10.1016/j.corsci.2022.110185,Migration of ions on oxygen-deficient chromium oxide electrodeposited from trivalent chromium electrolyte,2022,7,True,article,Corrosion Science,"The migration of cations on electrodeposited chromium surfaces, with and without a polymer coating, is studied by in situ scanning Kelvin probe measurements in an inert atmosphere. The reactivity of the chromium-based coating to the ambient atmosphere is studied using in operando ambient pressure X-ray photoelectron spectroscopy in different atmospheres and is shown to have significant impact on cation migration. These findings provide novel and deep insights into ionic mobility at surfaces and along interfaces. Furthermore, an improvement to the conventional cathodic delamination mechanism is proposed based on the outcomes of this study.",23.25,6.849462365591398,0.6451612903225806,0.7096774193548387,0.053763440860215055,0.021505376344086023,0.20863930885529158,2022,33.55072463768116
https://doi.org/10.1016/j.corsci.2023.111385,Assessment of corrosive attack of Fe9Cr1Mo alloys in pressurised CO2 for prediction of breakaway oxidation,2023,7,True,article,Corrosion Science,"To provide clarity on the poorly-understood mechanism of breakaway oxidation, corrosion of Fe9Cr1Mo steel in pressurised CO2 is quantified and modelled. The temperature range 400–640∘C, relevant to nuclear power plants, is emphasised. Attack is in the form of combined oxide scale growth and internal carburisation of the metal. Carbon activity in the metal at its surface exhibits a strong time dependence consistent with the kinetically-limited transport of carbon due to the slow Boudouard reaction. Breakaway is associated with the approach to saturation of the steel with respect to carbon. Diffusion modelling agrees well with steel carbide precipitation observations.",16.333333333333332,6.76530612244898,0.6632653061224489,0.6938775510204082,0.08163265306122448,0.030612244897959183,0.2550607287449393,2023,27.444444444444443
https://doi.org/10.1016/j.corsci.2025.112851,Correlated chromium carbide dissociation and phase transformation in liquid lead-bismuth eutectic corroded T91 steel,2025,7,True,article,Corrosion Science,"Gen IV nuclear reactors promise better safety, economic benefits and a potential path to reducing carbon emissions. The liquid lead-bismuth eutectic (LBE) cooled fast reactor is a key Gen IV reactor concept. This study investigates the corrosion of T91 steel, a candidate structural material for Gen IV reactors, exposed to liquid LBE. Specifically, we focus on the dissociation of Cr carbides and the overall Cr depletion adjacent to the corrosion interface. Our results suggest a correlation between Cr depletion and phase transformation in the steel, most likely ferritization. We have analysed the corrosion-induced changes from the micro- to atomic-scale by combining complementary characterisation techniques: SEM, EDX, (HR)EBSD, DAXM, (S)TEM, EELS, and APT. Based on these investigations, we propose a potential mechanism of Cr depletion, Cr carbides dissociation, and phase transformation in T91 induced by LBE exposure. These microstructural changes may alter the mechanical properties, and are thus of direct importance to reactor designs, safety, and lifetime estimation. Correlated Chromium Carbide Dissociation and Phase Changes in Liquid Lead-Bismuth Eutectic Corroded T91 Steel. • Cr content near the T91 surface drops after LBE contact. • Cr carbides become unstable and dissociate in this region. • Dissociated Cr diffuses into LBE, while C moves away, forming or enlarging carbides. • Cr depletion lowers T91's recrystallization temperature. • Retained C does not hinder ferritization, staying below ferrite’s solubility limit.",16.071428571428573,6.688888888888889,0.72,0.6222222222222222,0.022222222222222223,0.035555555555555556,0.9221556886227545,2025,7.590909090909091
https://doi.org/10.1016/j.corsci.2025.112847,"Improved oxidation behavior of M–20Cr–20Ta (M: Ni, Fe, Co) ternary alloys by formation of complex Cr–Ta-based oxides",2025,7,True,article,Corrosion Science,"The oxidation behavior and microstructural evolution of M–20Cr–20Ta (M: Ni, Fe, Co) alloys are investigated at 1000°C and 1200°C in Ar–20 vol.% O 2 . High-temperature oxidation results in growth of bi-layered oxide scales, featuring an outer Cr₂O₃ layer and an inner Cr–Ta oxide layer. The Cr–Ta oxide layer consists of two distinct phases: CrTaO₄ and CrTa₂O₆. Significant improvements in oxidation resistance are found for Co and Fe alloys, in consequence of formation of the Cr–Ta oxides. At 1200°C, oxidation kinetics approach a cubic growth law after an initial transient stage, underscoring the exceptional protective capabilities of the Cr–Ta oxides. • Phase constitution and high-temperature oxidation of M–20Cr–20Ta (M: Fe, Ni, Co) alloys. • Bi-layer oxide scales form with outer Cr₂O₃ and inner Cr–Ta oxide layers. • Inner Cr–Ta oxide layers consist of CrTaO₄ and CrTa₂O₆ phases. • Significant improved oxidation resistance in Co- and Fe-based alloys due to Cr–Ta oxides.",15.1,6.324503311258278,0.7682119205298014,0.5165562913907285,0.019867549668874173,0.013245033112582781,0.9221556886227545,2025,7.590909090909091
https://doi.org/10.1016/j.corsci.2025.112924,Bridging static corrosion behavior and stress corrosion cracking susceptibility in dilute Mg-Zn-Ca alloys,2025,7,True,article,Corrosion Science,"The relationship between corrosion behavior and stress corrosion cracking (SCC) is bridged in ZX10-xSn (0 ≤ x ≤ 2) alloys. Specifically, severe localized corrosion serves as a crack initiation source and causes film rupture and hydrogen accumulation, resulting in high susceptibility index of SCC ( I SCC ). Among the five alloys, ZX10–1.5Sn boasts the lowest I SCC , with an I εf of ∼2 % for pre-immersed samples and ∼63 % for immersed samples, owning to its uniform corrosion . This significant difference in I εf suggests that enhanced hydrogen penetration due to external forces, rather than the corrosion products , plays a more critical role in deteriorating mechanical properties.",22.2,6.045045045045045,0.6936936936936937,0.7297297297297297,0.036036036036036036,0.036036036036036036,0.9221556886227545,2025,7.590909090909091
https://doi.org/10.1016/j.corsci.2025.113027,Role of aging time and Cu/Zn additions on the microstructure and intergranular corrosion resistance of 6082 Al-Mg-Si alloy,2025,7,True,article,Corrosion Science,"The influence of aging time (1, 2, 5, and 24 h) and minor additions of Cu (≤ 0.05 wt%), Zn (≤ 0.06 wt%), and Cu/Zn on the microstructure and intergranular corrosion (IGC) resistance of Al-Mg-Si alloy is investigated. Minor Cu or Zn additions negatively affect IGC resistance of these alloys. However, the findings also indicate that a Cu/Zn ratio of approximately 1.54 enhances corrosion resistance across aging conditions, which can be further improved by appropriate heat treatments. Additionally, STEM-EDS analysis indicates that Zn is less detected in grain boundaries (GBs) and intragranular precipitates compared to Cu at identical aging conditions.",14.285714285714286,6.35,0.73,0.79,0.07,0.04,0.9221556886227545,2025,7.590909090909091
https://doi.org/10.1016/j.corsci.2025.113154,Corrosion and environmental sensor response delays during monitored multi-droplet wetting: Unraveling time lags in atmospheric corrosion,2025,7,True,article,Corrosion Science,"This study investigates time lags between environmental changes, electrolyte formation, and atmospheric corrosion sensor responses under controlled multi-droplet wetting. A commercial corrosion and environmental sensor was combined with in-situ microscopy, and an Artificial Intelligence (AI)-based segmentation approach was applied to track droplet growth. A cross-correlation analysis identified and quantified time lags between Surface Relative Humidity (SRH), droplet radius, and sensor responses based on Interdigitated Electrodes (IDE) measuring conductance, galvanic corrosion, and free corrosion. This approach ultimately aids in understanding how environmental fluctuations affect the dynamic behaviour of the electrolyte layer and, in turn, influence atmospheric corrosion sensor responses.",24.5,7.989795918367347,0.7755102040816326,0.7142857142857143,0.09183673469387756,0.01020408163265306,0.9221556886227545,2025,7.590909090909091
https://doi.org/10.1016/j.corsci.2023.111728,Long-term effects of soft-chromising Ni-electroplated AISI 441 commodity steel for SOC stack interconnects,2023,6,True,article,Corrosion Science,"Using commodity steel AISI 441 with Ni-based oxide coatings can facilitate large-scale interconnect manufacturing for solid oxide cell stacks, but adverse Ni-diffusion limits the high-temperature suitability. As a remedy, chromium is here added to the steel by a soft-chromising treatment. The (cyclic) oxidation resistance of virgin and soft-chromised AISI 441 is evaluated up to 8,300 hours at 780 °C, and further benchmarked against more commonly used Crofer 22 APU, with a Co(Mn)-spinel coating. Results revealed lowest isothermal oxidation kinetics for the soft-chromised, Ni-coated AISI 441, further preventing oxide spallation otherwise observed during thermal cycling of the virgin AISI 441 counterpart.",25.0,6.91,0.73,0.81,0.05,0.01,0.21862348178137653,2023,27.444444444444443
https://doi.org/10.1016/j.corsci.2024.112485,"Synergistic effects of Pt and Y addition in (Ni, Pt)CrAlY bond coat on oxide spallation resistance and growth of interdiffusion zone between bond coat and Ni-based single crystal superalloy",2024,6,True,article,Corrosion Science,"This study shows the beneficial effect of Pt addition to the (β+γ)-NiCrAlY coating. Adding Y in NiCrAl increases oxide growth kinetics but improves spallation resistance. Pt with Y does not change the oxidation rate compared to only adding Y but significantly reduces spallation when cooled to room temperature. Continuous layers of Al 2 O 3 and Cr 2 O 3 , along with other oxides such as YAlO 3 , NiCr 2 O 4 , and NiAl 2 O 4, are observed. Moreover, Pt addition reduces the thickness of the interdiffusion zone where Al goes through an uphill diffusion profile, minimizing Al loss and significantly decreasing the growth of deleterious TCP phases. • Pt addition to (β+γ)-NiCrAl improves spallation resistance without affecting oxide growth kinetics. • Y addition increases oxide growth kinetics but improves spallation resistance. • Combined Pt and Y additions markedly enhance oxide layer spallation resistance. • TEM reveals α-Al 2 O 3 and Cr 2 O 3 oxide layers, spinels and Y-Al-rich oxide pegs at the bond-coat/Al 2 O 3 interface.",19.333333333333332,5.82183908045977,0.7816091954022989,0.5344827586206896,0.017241379310344827,0.005747126436781609,0.38515546639919757,2024,15.578125
https://doi.org/10.1016/j.corsci.2025.112677,In vitro corrosion behavior of zinc ion-implanted absorbable iron in Hank’s solution,2025,6,True,article,Corrosion Science,"In this study, Zn was introduced into degradable iron by ion implantation and functionalized surfaces with a three-layer gradient structure (Zn/Fe) were obtained. The accelerated corrosion mechanism for Zn/Fe based on microstructure evolution has been revealed. Nanoscale Zn was distributed uniformly and diffusely in the implanted layer, forming a large number of micro primary cells with the iron matrix . High-density dislocations and lattice distortions were introduced by high-energy ion beams beyond the implantation region. Due to a combination of non-equilibrium phase mixing and high-density defect structures , Zn/Fe exhibited accelerated corrosion behavior during 120 days of in vitro immersion experiments.",20.2,6.98019801980198,0.7227722772277227,0.7524752475247525,0.06930693069306931,0.0,0.7904191616766467,2025,7.590909090909091
https://doi.org/10.1016/j.corsci.2025.112801,Topographical and statistical studies of the corrosion damage underneath a sulfide film formed on a Cu surface,2025,6,True,article,Corrosion Science,"Damage to Cu corroded in sulfide-containing solutions was investigated using scanning electron microscopy and surface profilometry. For dilute sulfide solutions (≤ 5 × 10 −5 M), a thin, porous film was formed, and general corrosion to a depth of < 1 μm observed. At a higher concentration (5 × 10 −4 M), a compact film was formed and micro-galvanic corrosion observed. With increasing exposure time at higher concentration, the extent of micro-galvanic corrosion decreased in favor of general corrosion, as the aspect ratio of the locally corroded sites increased. This indicates that micro-galvanic corrosion will eventually be stifled and only rough general corrosion observed. • A film pickling method to remove the sulfide formed on Cu without causing additional corrosion was developed. • Corrosion damage underneath the sulfide film formed on Cu corroded in sulfide solutions was investigated. • At low SH - concentrations, general surface roughening was observed, with most Cu surfaces corroding to a depth of ≤ 0.5 μm. • At high SH - concentration, film thickening increased Cu(I) transport resistance, reducing micro-galvanic corrosion rate. • The initiation, growth, and stifling mechanism of micro-galvanic corrosion were proposed.",17.181818181818183,6.407407407407407,0.7566137566137566,0.5343915343915344,0.026455026455026454,0.021164021164021163,0.7904191616766467,2025,7.590909090909091
https://doi.org/10.1016/j.corsci.2025.112853,Steam oxidation behaviour of electrophoretically deposited (EPD) Yb2Si2O7 environmental barrier coatings (EBCs),2025,6,True,article,Corrosion Science,"The oxidation behaviour of Yb 2 Si 2 O 7 Environmental Barrier Coatings (EBCs) prepared via Electrophoretic Deposition (EPD) on Si wafers is investigated under low-velocity steam exposure at various temperatures (900 °C-1300 °C) up to 100 hours. The results indicate that the growth of the thermally grown oxide (TGO) silica layer obeys a parabolic growth law at all tested temperatures, exhibits no cracking, suggesting robust structural integrity under the conditions tested. Furthermore, the study reveals that the heat treatment before steam exposure (named sintering for EPD) facilitates the diffusion of topcoat material such as Yb and Al into the TGO, which is further promoted during steam exposure, resulting in a modification of the TGO chemistry, which subsequently slows the TGO growth rate. Furthermore, TEM analysis revealed that diffusion of topcoat to the TGO suppresses the phase transformation, making β-cristobalite stable at room temperature. Indentation interfacial toughness and adhesion strength assessments demonstrate that the chemical bonding between the TGO and the topcoat is strongly adhered post-sintering, and after prolonged steam exposure, regardless of the TGO thickness. These findings underscore the potential of EPD processing for enhanced durability of Yb 2 Si 2 O 7 EBCs in high-temperature steam-rich environments. • EPD EBCs form a chemically bonded and uniformly thick TGO after sintering • Steam results in the diffusion of Yb and Al to the TGO forming a continuous layer • Altering the TGO chemistry by diffusion suppresses the β to α phase transformation • No evidence of delamination or interfacial cracking upon indenting after steam",42.5,6.5019607843137255,0.6862745098039216,0.5882352941176471,0.023529411764705882,0.011764705882352941,0.7904191616766467,2025,7.590909090909091
https://doi.org/10.1016/j.corsci.2025.112861,Corrosion protection in a coating defect on AA2024-T3 by lithium carbonate inhibitor leaching: An experimentally validated FEM approach,2025,6,True,article,Corrosion Science,"A 2D finite element model is developed to simulate the protection of active protective coatings in a defect. The leaching kinetics, inhibitor-electrolyte reactions and electrochemical surface reactions on homogenized AA2024-T3, are considered. Changes in local oxygen distribution, pH, and current density over time are validated using surface scanning micro-probe techniques. The limitations posed by the prediction of surface current density at the metal interface using a FEM model with a homogenized microstructure are identified and addressed. The validated FEM is then used to predict inhibitor concentration and pH dependent on the initial inhibitor pigment concentration in an organic coating .",20.0,6.9,0.72,0.68,0.06,0.03,0.7904191616766467,2025,7.590909090909091
https://doi.org/10.1016/j.corsci.2025.112896,Influence of aluminizing and pre-oxidation on corrosion behavior of 316Ti in liquid Pb at 600–700 °C,2025,6,True,article,Corrosion Science,"This study explores the possibility to extend the service temperature of austenitic steel 316Ti in liquid lead to 700 °C. To improve the material compatibility, 316Ti is subjected to three different pre-treatments prior to Pb exposure: pre-oxidation in hot air, aluminizing by pack cementation, and the combination of both. In exposure tests with duration up to 5000 hours, the combined pre-treatment comprising aluminizing by pack cementation and subsequent pre-oxidation is found to provide the most effective corrosion protection to austenitic steel 316Ti in contact with liquid Pb containing 2 × 10⁻⁷ wt% dissolved oxygen at both 600 and 700 °C. • Stainless steel 316Ti suffers from dissolution corrosion in Pb with 2E-7 wt% O. • Pre-oxidation for 4 hours in air at 1000 °C provides corrosion protection at 600 °C. • Pack aluminized 316Ti is protected by a thin Al-rich oxide scale at 600 °C. • Neither pre-treatment alone can prevent dissolution and Pb penetration at 700 °C. • Aluminizing plus pre-oxidation provides excellent corrosion resistance at 600–700 °C.",21.125,6.183431952662722,0.7218934911242604,0.5680473372781065,0.047337278106508875,0.029585798816568046,0.7904191616766467,2025,7.590909090909091
https://doi.org/10.1016/j.corsci.2025.112932,"Effect of hydrogen on oxidation of Fe-20Cr-(1Si, 2Mn or 2Al) alloys in water vapour at 650 °C",2025,6,True,article,Corrosion Science,"Hydrogen production and utilisation involve H 2 O(g) at high temperatures. However, the effect of hydrogen on chromia-forming heat resistant alloys in H 2 O is still unclear. In this work, Fe-20Cr and Fe-20Cr-(1Si, 2Mn or 2Al) (wt%) were exposed in Ar-xH 2 -10H 2 O gases (x = 2, 10 and 20 vol%) at 650°C for up to 310 h. The binary alloy experienced breakaway oxidation in all gases. Increasing hydrogen content reduced corrosion rates and altered oxide morphologies. Adding Mn, Al or Si to the alloy suppressed oxidation to some extent. The effects of both hydrogen and alloying on the diffusion processes supporting oxidation are discussed. • Increasing H 2 concentration reduced oxidation rate and altered oxide morphology. • High concentration of H 2 in reaction gas led to the embrittlement of outer iron oxide. • The presence of H 2 enhanced oxygen permeability, forming a thicker IOZ. • Si, Al or Mn additions improved the oxidation resistance of Fe-20Cr in water vapour.",15.0,5.7696969696969695,0.7272727272727273,0.6242424242424243,0.03636363636363636,0.012121212121212121,0.7904191616766467,2025,7.590909090909091
https://doi.org/10.1016/j.corsci.2025.112967,Comprehensive analysis of alloy 800 corrosion using Thermo-Kinetic diagrams,2025,6,True,article,Corrosion Science,"Alloy 800 has been used as the tubing material in CANDU® steam generators for over 30 years because of its excellent corrosion resistance. However, recent studies and operational findings have raised critical concerns about its long-term performance, highlighting the urgent need for a deeper understanding of its corrosion mechanisms. This study provides a comprehensive understanding of the corrosion behavior of Alloy 800 under varying pH levels and temperatures by constructing Thermo-Kinetic (TK) diagrams for the alloy and its key elements. The alloy is essentially immune to corrosion at 25 ℃ but becomes susceptible in highly acidic environments at 85 ℃. Immersion tests confirmed these predictions, revealing significant dissolution of the alloying elements at pH 1 and 85 ℃, while the alloy had a corrosion rate of less than 1 µm/year at higher pH levels. SEM analysis identified pitting corrosion at pH 1 and 85 ℃, with the TiN inclusions/matrix interface found to be the primary site for pitting nucleation. Notably, no significant dealloying was observed across the entire pH range at both 25 and 85 ℃. XPS analysis revealed that the corrosion observed at pH 1 and 85 ℃ is due to the instability of the Cr 2 O 3 passive layer. Alloy 800 undergoes pitting corrosion in 0.1 M NaAc solution at pH= 1 and 85 ℃ due to instability of the Cr 2 O 3 passive layer. The TiN inclusions/matrix interface is the primary site for pit initiation. • Thermo-Kinetic diagrams were constructed for alloy 800, nickel, iron, and chromium at 25 and 85 ℃. • Thermo-Kinetic diagrams were used to predict the conditions of susceptibility to corrosion. • Immersion experiments proved that TK diagrams accurately predict corrosion mechanisms under complex conditions. • A mechanistic insight for pitting corrosion of Alloy 800 in acidic pHs is provided.",19.933333333333334,6.05685618729097,0.6956521739130435,0.5083612040133779,0.030100334448160536,0.016722408026755852,0.7904191616766467,2025,7.590909090909091
https://doi.org/10.1016/j.corsci.2025.113052,Corrosion sensitivity of nickel-based Alloy Inconel 600 in pressurized water reactor water chemistry: Can KOH replace LiOH?,2025,6,True,article,Corrosion Science,"Lithium hydroxide (LiOH) has been used to balance water acidity against boric acid moderators in the primary water of Western pressurized water reactor (PWR) designs for decades. However, the demand and the cost of lithium-7 has grown significantly since 2015. Potassium hydroxide (KOH) has been identified as a suitable and cost-effective substitute for LiOH and has been used successfully in Russian PWR designs for more than 40 years. However, it is important to know if alloys and water conditions used in Western PWR’s (Alloy 600) are similarly compatible with KOH additions. This work is focused on the aqueous corrosion behaviors of Alloy 600 with LiOH versus KOH additions at normal operating concentrations and crevice water chemistry at simulated PWR primary water conditions. TEM was used to characterize the formed oxide through diffraction analysis; SIMS was used to probe the cation ingress into the material; Atom probe tomography was used to determine the 3D elemental distribution within the oxide/metal structures; finally electrochemical impedance spectroscopy was used to discuss the structure and corrosion resistance of the oxide films. These advanced characterization techniques complement the weight measurements which showed lower mass gain in KOH than LiOH crevice water due to less oxide formation. Overall, the use of KOH as a potential alternative to LiOH in PWR is discussed. • Inconel 600 was corroded in PWR conditions at 325 C with KOH vs. LiOH • Normal operating concentrations of K vs Li did not lead to significant differences. • Alloy 600 gains less mass in KOH, due to thinner oxide formation and less alkali ingress. • SIMS and APT show deeper Li + ingress than K + . • Findings show KOH to benefit Alloy 600 rather than worsen its corrosion in PWR crevice-like chemistry.",22.384615384615383,6.154639175257732,0.7353951890034365,0.5498281786941581,0.027491408934707903,0.01718213058419244,0.7904191616766467,2025,7.590909090909091
https://doi.org/10.1016/j.corsci.2025.113081,"Microstructural influence on high-temperature oxidation of near- <mml:math xmlns:mml=""http://www.w3.org/1998/Math/MathML"" altimg=""si12.svg"" display=""inline"" id=""d1e170""> <mml:mi>α</mml:mi> </mml:math> titanium alloys: Timetal 834 and 6242S",2025,6,True,article,Corrosion Science,"In this study, the oxidation behavior of two titanium alloys designed for high-temperature applications, Timetal 834 and Timetal 6242S, was compared. Both are classified as near- α alloys and possess alloying elements significantly enhancing their resistance to high-temperature oxidation. Applied oxidation routine included 100 and 500 hours of prolonged thermal processing in ambient dry air at 600, 650, and 700 °C. Such treated materials were investigated using complementary techniques: optical microscopy, scanning electron microscopy, electron/wave dispersive spectrometry, X-ray diffraction, and Raman spectroscopy. The results revealed that different oxide layer growth, between the two analyzed alloys, during high-temperature exposure was strongly related to their microstructures, and especially the arrangement of α and β phases. For longer exposure time (500 h), the Ti834 alloy showed better oxidation resistance, despite the formation of micrometric nodules on its surface during oxidation, which was not observed in the Ti6242S alloy. The presented data clearly indicate the important role of the microstructure as a source of solute elements that control the structure and stoichiometry of the oxide layer and, consequently, the oxidation resistance.",25.285714285714285,7.0,0.6892655367231638,0.6949152542372882,0.022598870056497175,0.022598870056497175,0.7904191616766467,2025,7.590909090909091
https://doi.org/10.1016/j.corsci.2025.113260,Premature breakaway oxidation of ferritic stainless steels triggered by austenitization,2025,6,True,article,Corrosion Science,"Thin foils (0.2–0.3 mm thick) of commercially available ferritic stainless steels Crofer 22 APU and Crofer 22 H have been oxidized in air for up to 2000 h at 900, 950, 1000, and 1050 °C. Both steel grades suffered from premature breakaway oxidation, despite the remnant Cr content in the foils being 18–20 wt% at the oxide-metal interface. Crofer 22 APU was found to be more susceptible to breakaway oxidation compared to Crofer 22 H. The classical lifetime prediction tools systematically overestimated the time to breakaway. Premature breakaway oxidation above 900 °C is demonstrated to be triggered by austenitization (the α-to-γ transformation in the Fe-Cr system) occurring in the Cr-depleted corners and edges of the foils. A novel lifetime model accounting for austenitization and geometrical constraints was introduced and validated. • Thin foils of Crofer 22 APU and Crofer 22 H suffer from premature breakaway oxidation at 900 °C and above. • Crofer 22 APU is more susceptible to premature breakaway compared to Crofer 22 H. • Alloying with ferrite stabilizers such as W, Nb, Si, etc. prevents or postpones premature breakaway oxidation. • Austenitization is the main trigger of premature breakaway oxidation. • A novel lifetime model accounting for austenitization and geometrical constraints is proposed and validated.",14.857142857142858,6.264423076923077,0.7211538461538461,0.5144230769230769,0.02403846153846154,0.014423076923076924,0.7904191616766467,2025,7.590909090909091
https://doi.org/10.1016/j.corsci.2025.113241,Coordination of azole-type corrosion inhibitors with copper ions: A DFT study,2025,6,True,article,Corrosion Science,"The thermodynamics of formation of soluble coordination complexes between hydrated Cu(I)/Cu(II) ions and 19 N-heterocyclic molecules was investigated using molecular modeling based on density-functional theory and a cluster/continuum solvation model. Under the premise that adsorption of inhibitors promotes corrosion inhibition, the formation of stable soluble complexes between organic ligands and metal cations should be detrimental. The calculations revealed that the majority of the considered molecules can form stable soluble coordination complexes with copper ions, although their tendency to do so is substantially lower than that of Cl − ions. While no direct correlation was observed between the formation Gibbs energies of coordination complexes and the experimentally determined corrosion inhibition efficiencies, the results based on the Cu(II) data can nonetheless be grouped into three categories: (i) the compound is likely to act as a corrosion inhibitor if complex formation is endergonic or only weakly exergonic; (ii) for corrosion activators, complex formation is significantly exergonic; and (iii) even if complex formation is appreciably exergonic, the compound may still act as a corrosion inhibitor.",42.75,7.099415204678363,0.6432748538011696,0.6257309941520468,0.03508771929824561,0.04678362573099415,0.7904191616766467,2025,7.590909090909091
https://doi.org/10.1016/j.corsci.2023.111263,Inhibiting the formation of planar defects in grown alumina scale on Ni-Al alloys,2023,5,True,article,Corrosion Science,"Twin boundaries and stacking faults (TBs&SFs) in thermally grown oxide scales can deteriorate the oxidation resistance of engineering alloys and it is challenging to inhibit them. Herein, we find that introducing a coherent NiO layer can significantly reduce the TBs&SFs density in γ -Al 2 O 3 scales on Ni-Al alloys and thereby enhance the oxidation resistance . Importantly, such a NiO layer can be spontaneously formed on the surface of a nanograined Ni-7 wt%Al alloy, and its oxidation resistance is three times that of the β -NiAl intermetallics . This provides a novel strategy to develop advanced oxidation resistant materials for high temperature application .",26.5,6.188679245283019,0.6698113207547169,0.7075471698113207,0.04716981132075472,0.018867924528301886,0.18218623481781376,2023,27.444444444444443
https://doi.org/10.1016/j.corsci.2023.111613,Microstructural and micromechanical characterization of intergranular oxidation in Fe-15Cr alloy,2023,5,True,article,Corrosion Science,"Fe-Cr alloy has great potential as an interconnect material for SOFCs at temperatures up to 800 °C, with Cr providing excellent oxidation resistance through the formation of a protective chromium oxide layer . However, internal brittle oxides formed at grain boundaries (GBs) can lead to severe cracking and cause material failure. Here, we report the formation of internal GBs oxide in an Fe-15 wt%Cr alloy. We carried out microstructural and chemical characterization of the intergranular oxide and performed micromechanical testing and FEM simulation to study the fracture behavior at the GBs. Our findings provide insights for improving the oxidation resistance in the material design.",20.8,6.519230769230769,0.6730769230769231,0.7115384615384616,0.04807692307692308,0.019230769230769232,0.18218623481781376,2023,27.444444444444443
https://doi.org/10.1016/j.corsci.2023.111797,Corrosion behavior of various conductive materials in Sb3Sn7 alloy at 450 °C,2023,5,True,article,Corrosion Science,"Sb-Sn alloys are attractive positive electrode materials for liquid metal batteries. In this work, the corrosion behavior of three steels (f/m steel T91, austenitic steels SS304 and SS316L), one Fe-Co-Ni alloy (4J29 Kovar), molybdenum, and three MAX-phase coatings (Cr 2 AlC, Ti 2 AlC, Ti 3 AlC 2 ) is investigated in static exposures to liquid Sb 3 Sn 7 alloy at 450 °C for 750 h in oxygen-poor conditions. The results reveal unacceptably high corrosion rates in the range 0.5 to 1.3 µm/h for the Fe-based alloys, while Mo and MAX-phases show promising corrosion resistance with corrosion rates below 0.1 mm/a despite a small arsenic impurity of the liquid metal .",18.666666666666668,5.75,0.75,0.75,0.05357142857142857,0.0,0.18218623481781376,2023,27.444444444444443
https://doi.org/10.1016/j.corsci.2024.112472,Heterogeneous corrosion of carbon steel used for casing in deep geological radioactive waste repository in contact with claystone,2024,5,True,article,Corrosion Science,"The corrosion of C-steel in contact with the Cox claystone was studied under aerated conditions at 50°C, for 7 years, in a simplified laboratory experiment. A multi-scale and multi-technique approach, including SEM-EDX, Raman spectroscopy and STXM, was used to determine the nature and structure of the corrosion products and to better understand the mechanisms involved in the observed degradation. The effects of temperature, oxygen supply and the local influence of the composition and density of the claystone were examined here. • Corrosion products were mainly composed of goethite. • Sulphides formed on the bare metal surface even in aerated conditions. • Samples closer to the oxygen source were heavily corroded. • Dense claystone favoured the formation of phyllosilicates in the goethite matrix.",17.428571428571427,6.467213114754099,0.6557377049180327,0.6475409836065574,0.03278688524590164,0.01639344262295082,0.320962888665998,2024,15.578125
https://doi.org/10.1016/j.corsci.2025.112992,Comparative oxidation behavior of columnar and equiaxed Cr2AlC coatings,2025,5,True,article,Corrosion Science,"The oxidation behavior of columnar and equiaxed Cr 2 AlC coatings in air at 990 °C is studied. During the transient heating-up period to 990 °C the two coating morphologies exhibit different oxidation behavior. In columnar coatings, faster Al diffusion along column boundaries, triple junctions, and intercolumnar pores leads to the formation of metastable alumina polymorphs, resulting in rapid oxidation. In contrast, equiaxed coatings exhibit slower oxidation kinetics due to limited Al mobility, leading to direct formation of passivating α-(Al,Cr) 2 O 3 through oxidation of Cr and Al at the surface. • Phase-pure columnar and equiaxed Cr 2 AlC coatings are synthesized and oxidized • After oxidation θ/γ-Al 2 O 3 forms on columnar and α-(Al,Cr) 2 O 3 on equiaxed coatings • Columnar coatings with higher Al mobility show accelerated oxide scale growth • Lower Al mobility in equiaxed coatings leads to slower oxidation kinetics",36.75,6.2312925170068025,0.7619047619047619,0.54421768707483,0.027210884353741496,0.0,0.6586826347305389,2025,7.590909090909091
https://doi.org/10.1016/j.corsci.2025.112995,Inhibition mechanism of a diamond-like carbon (DLC) coating on the fretting crevice corrosion of stainless steel in artificial crevices,2025,5,True,article,Corrosion Science,"The synergistic damage caused by fretting wear and crevice corrosion at the artificial hip joint fixation interface, leading to excessive release of wear debris and metal ions , has long been a persistent challenge in biomedical engineering . In this study, DLC coatings were prepared and tested their protective performance against fretting crevice corrosion . Results indicate that when both frictional pairs are 316 L stainless steel (316LSS), fretting wear operates in the stick regime. Corrosion developed in the worn areas and induced extensive corrosion in the non-contact regions within the crevice. Compared to uncoated samples, the DLC-coated samples demonstrate significantly resistance to fretting crevice corrosion, along with reduced wear volume and an absence of typical crevice corrosion morphology. Mechanism analysis revealed that the DLC coating provides dual protective effects: (1) Modulating the wear regime to mitigate mechanical wear damage; (2) Transforming wear debris into carbonaceous films that establish a physicochemical barrier, thereby disrupting the synergistic degradation chain of wear-corrosion interaction.",26.833333333333332,7.0062111801242235,0.7329192546583851,0.6770186335403726,0.024844720496894408,0.012422360248447204,0.6586826347305389,2025,7.590909090909091
https://doi.org/10.1016/j.corsci.2025.113184,Machine learning-enhanced optical monitoring for identifying pitting-susceptible zones in 316L stainless steel,2025,5,True,article,Corrosion Science,"Assessing the susceptibility of stainless steel (SS) to pitting corrosion remains challenging due to the difficulty in identifying nanometre-scale imperfections in the passive surface films. Traditional analytical methods are costly, time-consuming, and limited to model systems with adequate signal-to-noise ratios. We propose an alternative approach that leverages optical signatures of passive layer properties which, when enhanced with unsupervised machine learning (ML) to extract signals even at the noise level, successfully identifies pitting-susceptible zones (PSZs) in situ on industrial SS 316L substrates. Complementary optical modelling and X-ray Photoelectron Spectroscopy (XPS) reveal chromium oxide deficiency in surface films over PSZs, consistent with established pitting mechanisms. This proof of concept demonstrates that ML-enhanced optical methods can serve as accessible, precise tools for PSZ identification, advancing the development of optical corrosion monitoring systems. • Unsupervised ML enhances the optical signals of the passive layer on stainless steel. • ML-enhanced optical detection identifies pitting-susceptible zones. • Optical modelling and ex-situ XPS indicate chromium deficiency in pitting-susceptible zones.",20.25,7.567901234567901,0.7592592592592593,0.6851851851851852,0.05555555555555555,0.018518518518518517,0.6586826347305389,2025,7.590909090909091
https://doi.org/10.1016/j.corsci.2025.113301,High temperature oxidation of Ni-based superalloy 247 produced by electron beam powder bed fusion additive manufacturing,2025,5,True,article,Corrosion Science,"This study investigates high temperature oxidation of Ni-base superalloy 247 processed by electron beam powder bed fusion (PBF-EB) compared with a conventionally cast (CC) counterpart. In terms of mass-gain during isothermal thermogravimetry at 1100 o C, the CC alloy outperformed the PBF-EB alloy. However, the PBF-EB alloy suffers from deeper internal oxidation due to its fine grain structure while shortening the transient oxidation stage. On the other hand, the CC alloy forms a non-homogeneous scale due to inhomogeneous distribution of bulky carbides and takes longer time to transition towards a steady-stage oxidation. The findings are analyzed and rationalized in the context of prior literature and thermodynamic-kinetic modeling.",21.4,6.775700934579439,0.6822429906542056,0.8130841121495327,0.028037383177570093,0.009345794392523364,0.6586826347305389,2025,7.590909090909091
https://doi.org/10.1016/j.corsci.2025.113523,Combination of dopamine and tyrosinase as a green corrosion inhibitor for carbon steel,2025,5,True,article,Corrosion Science,"This study investigates the combination of dopamine (DA) and tyrosinase (TYR) for corrosion protection of carbon steel in acidic conditions, focusing on corrosion protection behavior and film formation mechanisms. Confocal Raman microscopy analysis demonstrated that DA forms a thin protective film on carbon steel through complexation with Fe ions, preferably at defect sites, thereby transforming mixed Fe oxides to Fe(catechol) 3 , while TYR promotes DA oxidation and enhances the complexation. Surface coverage of Fe(catechol) 3 increases from 37 % at 10 min to 89 % at 60 min of exposure in the DA/TYR solution. Inductively coupled plasma-optical emission spectroscopy (ICP-OES) measurements showed a 25 % reduction in Fe release after 48 h in the DA/TYR solution. X-ray photoelectron spectroscopy (XPS) analysis revealed that TYR promotes oxidation from Fe 2+ to Fe 3+ at the surface, resulting in a thinner yet more protective DA-Fe complexation film. The DA/TYR system increased corrosion resistance by 47 % after 24 h, primarily attributed to the rapid and extensive formation of Fe(catechol) 3 complexes between DA and Fe ions released from the substrate, further strengthened by TYR. This bio-inspired and green corrosion inhibitor strategy, combining DA’s metal-binding affinity with TYR’s enzymatic oxidation capability, provides a scalable and non-toxic strategy for effective corrosion protection. • Dopamine (DA) and Tyrosinase (TYR) form a DA-Fe complexation film providing corrosion protection of carbon steel. • TYR catalyzes Fe 2+ to Fe 3+ oxidation and makes the film thinner and more protective. • Surface coverage of Fe(catechol) 3 increases from 37 % (10 min) to 89 % (60 min) in the DA/TYR solution. • DA/TYR-formed film reduces Fe dissolution by 25 % after 48 h in the DA/TYR solution.",25.454545454545453,6.339285714285714,0.7285714285714285,0.5035714285714286,0.025,0.0035714285714285713,0.6586826347305389,2025,7.590909090909091
https://doi.org/10.1016/j.corsci.2024.111955,On the critical pit stability product of stainless steel as a function of pit depth,2024,4,True,article,Corrosion Science,"A stepwise galvanostatic method was developed to identify the critical pit stability product, (x‧i)crit, of 316 L stainless steel (SS) as a function of pit depth in 0.6 M NaCl at 25°C. (x‧i)crit for a flat-bottom pit was 80-90% of the (x‧i) value for salt film formation, (x‧i)sf, independent of pit depth. However, the (x‧i) threshold at which the pit propagated with a heterogeneous dissolution interface, (x‧i)crit-het, decreased with increased pit depth. The pit adapted its morphology to maintain the active propagation when (x‧i) was between (x‧i)crit-het and (x‧i)crit. The heterogeneous dissolution mechanism was also evaluated using numerical modelling.",16.5,6.505050505050505,0.696969696969697,0.6868686868686869,0.04040404040404041,0.0,0.2567703109327984,2024,15.578125
https://doi.org/10.1016/j.corsci.2025.112741,Mechanistic Insight into water film formation and subsequent corrosion-linked dendritic growth on PCBs,2025,4,True,article,Corrosion Science,"Temperature and humidity fluctuations can cause condensation on a PCB surface which creates a continuous electrolyte pathway between two biased connector pads, leading to current leakage and subsequent dendrite growth. The effect of concentric droplet growth and inter-droplet layer on corrosion failure was investigated using a custom-designed test Printed Circuit Board (PCB) under simulated condensing conditions using DC chronoamperometry, in-situ imaging of the growth and coalescence of water droplets and subsequent dendrite growth, along with the COMSOL secondary current model analyzing leak currents for different droplet coalescence morphologies. While the secondary current model has limitations of not incorporating mass transport phenomena, it can still be used to get some insights into factors such as the effect of droplet coalescence on the occurrence of leakage currents, which indicate dendrite growth. Results indicate that for the investigated PCB layout, droplet coalescence is necessary to cause leakage currents and dendrites. • Droplet and current path development analyzed by in-situ DC measurement and imaging. • Complete droplet coalescence needed for dendrite growth; partial is insufficient. • Dendrites can connect points along longer paths, due to coalesced droplets. • Thin inter-droplet film of ∼100 µm gap and ≤ 20 µm height can prevent dendrite growth. • COMSOL modeling done of current changes with different water droplet shapes.",23.555555555555557,6.8254716981132075,0.7122641509433962,0.5990566037735849,0.02830188679245283,0.014150943396226415,0.5269461077844312,2025,7.590909090909091
https://doi.org/10.1016/j.corsci.2025.112860,Mechanisms of laminar flow controlled in vitro corrosion of a biodegradable Fe-Mn-C steel,2025,4,True,article,Corrosion Science,"The in vitro corrosion of Fe-30Mn-1C in a Ca-modified Hanks’ balanced salt solution was investigated for biodegradable cardiovascular stents with a rotating disc electrode. A blood flow-related approach was developed to adjust laminar flow conditions. Electrochemical monitoring revealed that intermediate flow caused maximum corrosion, while static and high flow conditions led to minimal corrosion. Surface analysis indicated the formation of a non-crystalline, nanoscopic degradation layer, whereby thickness, porosity and layer-disrupting defects are strongly affected by flow conditions. The interplay between laminar flow and the degradation layer was crucial for the steel degradation and discussed by employing a hydrodynamics-based corrosion scheme. • Study of laminar flow conditions with a rotating disc electrode setup • Hydrodynamic characteristics of blood flow-related wall shear stress are established • Rapid corrosion of Fe-Mn-C in Ca-modified Hank’s BSS at intermediate flow (550 RPM) • Mass transfer through a porous layer is inhibiting corrosion at high rotation rate • Evidence of mass transfer instead of wall shear stress effect due to laminar flow",33.2,6.9397590361445785,0.7530120481927711,0.6204819277108434,0.030120481927710843,0.006024096385542169,0.5269461077844312,2025,7.590909090909091
https://doi.org/10.1016/j.corsci.2025.112878,"Sanicro 25 in advanced ultra-supercritical (AUSC) steam: Oxidation behaviour of a high strength, heat-resistant austenitic stainless steel for high-efficiency coal-fired power plants",2025,4,True,article,Corrosion Science,"The oxidation behaviour of Sanicro 25 was investigated in advanced ultra-supercritical (AUSC) steam at 650–710 ℃, 31 MPa for 600 h. The alloy recorded low weight gains and formed sub-micron-sized external oxide comprising (Mn,Fe,Ni)Cr 2 O 4 spinel over Cr 2 O 3 . Its oxidation resistance was better than other candidate heat-resistant stainless steels and on par with Ni-base superalloy 617. Fine strengthening precipitates of Cu, Cr-rich M 23 C 6 , W-rich Lave’s and Nb-rich Z phases were found to form in the substrate during oxidation and their volume fraction increased with increasing temperature. The reasons for the alloy’s superior AUSC steam oxidation behaviour and its implications are discussed.",22.2,6.207207207207207,0.7477477477477478,0.8558558558558559,0.04504504504504504,0.018018018018018018,0.5269461077844312,2025,7.590909090909091
https://doi.org/10.1016/j.corsci.2025.112909,Dealloying of Monel 400 in nuclear steam generators,2025,4,True,article,Corrosion Science,"Immersion experiments were conducted to evaluate the corrosion performance of commercially available Monel 400 in simulated nuclear steam generator environments. Monel 400 is susceptible to dealloying at open circuit in the presence of Cu 2+ ions, which stabilize metallic copper when present at sufficiently high concentration. A mechanism is proposed for dealloying of Monel 400 in nuclear steam generators due to Cu 2+ accumulation within steam generator sludge piles.",23.0,6.768115942028985,0.7391304347826086,0.7101449275362319,0.043478260869565216,0.014492753623188406,0.5269461077844312,2025,7.590909090909091
https://doi.org/10.1016/j.corsci.2025.112903,An efficient screening of dissolution modulators of Mg alloys: Combining high-throughput multi-well exposure with topographical quantification of volume loss and pitting corrosion,2025,4,True,article,Corrosion Science,"Experimental exploration of the vast number of potentially effective organic inhibitors presents a major bottleneck in finding suitable alternatives for chromate-based corrosion inhibitors as the quantities of these organic compounds are essentially infinite. To tackle this challenge, a multi-well experimental method for corrosion inhibitor screening has been proposed in this work. The inhibition effect and pitting factor of 229 potential inhibitors were determined by profilometric analysis using the high-throughput experiment. The accuracy is validated by traditional gravimetric weight loss analysis. The obtained results indicate that the developed approach is of great significance in accelerating the discovery and application of dissolution modulators. • 229 organic compounds were tested as potential corrosion inhibitors for AZ31 alloy. • Volume loss and pitting factor after corrosion were quantified by profilometry. • The reliability of the profilometric results was validated by gravimetry. • The effect of the molecular structure on inhibition efficiency was discussed.",16.555555555555557,7.214765100671141,0.7046979865771812,0.6308724832214765,0.04697986577181208,0.020134228187919462,0.5269461077844312,2025,7.590909090909091
https://doi.org/10.1016/j.corsci.2025.112965,Sequential oxidation and hydrothermal corrosion of FeCrAl alloys at BWR top-of-core conditions,2025,4,True,article,Corrosion Science,"FeCrAl alloys are a promising accident-tolerant cladding material for nuclear reactors. Previous studies have evaluated either oxidation or hydrothermal corrosion of FeCrAl alloys, though never in sequence. But in a boiling water reactor (BWR), fuel rods toward the top of the core can be exposed to both steam and water, underscoring the need to test FeCrAl in such conditions. Possible reuse of FeCrAl cladding after low-severity accidents also necessitates study of hydrothermal corrosion on previously oxidized material. In this work, surface chemistry of FA-SMT (Fe-21Cr) and PM-C26M (Fe-12Cr) alloys is investigated under steam oxidation and steam with subsequent hydrothermal (BWR hydrogen and normal water chemistries) corrosion. Mass change is inversely related to Cr content, providing greater corrosion resistance in FA-SMT than in PM-C26M alloys over all conditions. However, the corrosion mechanisms are identical in both alloys. Steam oxidation creates stable Cr-rich and Al-rich oxide layers through grain boundary depletion and segregation of Cr and Al. During subsequent hydrothermal corrosion, Fe drives unstable oxide growth and dissolution to a greater extent in hydrogen water chemistry than normal water chemistry. Understanding these corrosion mechanisms helps establish operating windows for FeCrAl claddings in BWRs and supports their potential reuse after minor accidents. • Effect of Cr content on oxidation mechanism is examined in latest generation FeCrAl alloys. • A high Cr content provides greater corrosion resistance in FA-SMT (21Cr) than in PM-C26M (12Cr). • Steam oxidation results in stable Cr- and Al-rich oxide layers. • After steam oxidation, subsequent hydrothermal corrosion results in unstable Fe oxidation and spallation.",18.214285714285715,6.780392156862745,0.7137254901960784,0.5411764705882353,0.01568627450980392,0.01568627450980392,0.5269461077844312,2025,7.590909090909091
https://doi.org/10.1016/j.corsci.2025.112999,On the chemomechanics of bubble growth in hydrogen attack of plain carbon steels,2025,4,True,article,Corrosion Science,"High temperature hydrogen attack (HTHA) is a form of degradation of carbon steels exposed to high temperature and high-pressure hydrogen whereby internal hydrogen reacting with carbides forms methane gas bubbles with an associated loss in strength and toughness due to decarburization . Grain boundary gas bubbles can grow and coalesce leading to microcrack formation and frequently to premature fracture. Current models mainly rely on the Grabke and Martin transient methane generation kinetics which is based on carburization/decarburization experiments on iron surface at temperatures between 600 °C and 800 °C, though those temperatures are much higher than those at which HTHA is observed in industrial processes. This work presents a coupled chemical kinetics and micromechanics model that addresses methane and hydrogen gas formation along with simultaneous decarburization and bubble growth over a wide temperature range. The energetics of the chemical reactions taking place at the ferrite-matrix/bubble interface are established through DFT calculations. Model calculations unveil the relationship between the rates of hydrogen migration to the bubble interface, carbon and hydrogen atom reactions for methane formation, and attendant volumetric bubble growth. The model predicts equilibrium methane bubble pressures that agree with those predicted by existing models at high temperatures. Significantly, the model predicts equilibrium methane pressures that are remarkably lower than the extrapolated predictions of the existing models at lower temperatures, e.g., 250 °C. In summary, the model establishes a methodology to understand and quantify methane pressure development and decarburization across the length and time scales that are relevant to hydrogen attack.",22.727272727272727,7.036,0.676,0.552,0.024,0.028,0.5269461077844312,2025,7.590909090909091
https://doi.org/10.1016/j.corsci.2025.113098,Influence of steam flow rate on oxidation kinetics of silicon carbide at 1400–1600 °C,2025,4,True,article,Corrosion Science,"Being potential future materials for accident-tolerant fuel cladding, the oxidation behavior and kinetics of silicon carbide (SiC) under extreme conditions like severe accidents must be elucidated. In this study, oxidation tests of SiC at 1400–1600 °C for 1–5 h using a newly developed test facility using laser as a heat source, under two different flow rates of H 2 O/Ar gas mixture have been conducted. The objective is to investigate the influence of steam flow rate on the formation of SiO 2 scale and its subsequent volatilization. Oxidation kinetics of SiC was evaluated via mass change of samples before and after the oxidation tests. Based on these mass changes, parabolic oxidation rates for SiO 2 formation and its subsequent linear volatilization rates were calculated. The Arrhenius dependence of the parabolic oxidation and linear volatilization rate constants were then plotted. Results of this study indicated that SiC exhibits excellent oxidation resistance at 1400–1600 °C in Ar/steam atmospheres. Steam flow rate has a significant influence on volatilization of SiO 2 but has minor effects over its formation. Oxidation of SiC in steam at high temperature may follow mass gain or mass loss regime, depending on the steam flow rate. Two oxidation patterns were suggested and discussed. In the first oxidation pattern, the SiO 2 formation is dominated by its volatilization. The second oxidation pattern (steady stage) is reached when the SiO 2 formation rate is equivalent to its volatilization rate. Time to reach this steady stage was defined, based on the parabolic oxidation rate and linear volatilization rate.",19.692307692307693,6.296875,0.68359375,0.51953125,0.01171875,0.02734375,0.5269461077844312,2025,7.590909090909091
https://doi.org/10.1016/j.corsci.2025.113121,Inhibitive effect of chloride on copper corrosion in dilute nitric acid,2025,4,True,article,Corrosion Science,"The effect of chloride on the corrosion mechansim of copper in deaerated, 0.1 M HNO 3 was studied by electrochemistry, atomic force microscopy, and scanning electron microscopy. Nitrate reduction, the first cathodic step in the corrosion pathway, was completely inhibited in the presence of ppm levels of chloride, thereby shutting down the corrosion sequence of the system involving solution reactions by copper ions and the subsequent reduction of NO 2 – . Nitrite reduction was minimally affected, suggesting that the two reduction steps differ substantially in their sensitivity to the surface state during corrosion. Our results support that the key step for the inhibitive effect of chloride is the adsorption of chloride to form an adlayer on the surface. Nitrate reduction on copper appears to be inhibited by chloride in the presence of corrosion accelerators NO 2 – and Cu + /Cu 2+ , which suggests that the chloride adlayer remains intact under more aggressive conditions and lowers the rate of corrosion from nitrate reduction in the presence of other oxidants.",28.5,6.192982456140351,0.6140350877192983,0.5555555555555556,0.017543859649122806,0.029239766081871343,0.5269461077844312,2025,7.590909090909091
https://doi.org/10.1016/j.corsci.2025.113251,Investigation of hydrogen embrittlement of an API 5 L X52 pipeline through potentiostatic charging,2025,4,True,article,Corrosion Science,"ABSTRACT The evolving global energy landscape, shaped by climate change and geopolitical challenges, accelerates the shift to renewable sources. Hydrogen is a promising energy carrier for retrofitting Europe’s gas pipeline infrastructure at low cost. However, the susceptibility of steel pipelines to hydrogen embrittlement (HE) poses significant safety risks. This study presents a novel in situ methodology combining potentiostatic electrochemical charging and mechanical testing to investigate HE in vintage API 5 L X52 pipeline steel. The effects of electrolyte acidity, applied potential, and hydrogen recombination suppression were systematically explored and related to the absorption of ~1 ppm of hydrogen simulating the critical operating condition in pipelines. This led to a sharp drop in ductility and transition to mixed-mode fracture with a brittle fracture evolving radially in the outer layer and progressing to a ductile core. Additionally, the role of MnS inclusions was confirmed not only as crack initiators but also as crack propagators, even under moderate hydrogen levels. These findings provide new insight into the interplay between microstructure, electrochemical parameters, and embrittlement behavior, with implications for the safe integration of hydrogen into legacy steel networks.",23.0,7.021739130434782,0.6847826086956522,0.7119565217391305,0.043478260869565216,0.010869565217391304,0.5269461077844312,2025,7.590909090909091
https://doi.org/10.1016/j.corsci.2025.113319,Assessment of carbon steel and corrosion resistant alloy corrosion in geothermal environments containing sulphuric acid,2025,4,True,article,Corrosion Science,"This work focusses on understanding corrosion severity and pipeline material performance within model geothermal sulphuric acid (H 2 SO 4 )-containing environments. A tantalum-lined high pressure/high temperature autoclave is used to assess the corrosion behaviour of N80 carbon steel compared to 13 Cr and 22 Cr duplex stainless steel when exposed to H 2 SO 4 solutions between a pH of 2-4, and at a temperature of 150 °C. Significant increases in solution pH were observed during 20-hour exposure experiments, resulting from acid consumption due to ongoing corrosion reactions. The resulting pH shift led to a notable reduction in corrosion rates over time, creating uncertainty when assessing long-term material degradation under variable environmental conditions. To address this uncertainty, corrosion rates were analysed in the early stages of exposures, enabling a reliable correlation between temperature, pH and metal composition. Linear polarisation resistance (LPR) measurements revealed that corrosion of carbon steel was primarily influenced by solution acidity, with temperature playing a secondary role. A comparative analysis of corrosion performance revealed that uniform and pitting corrosion rates decreased in the following order: carbon steel > 13 Cr stainless steel > 22 Cr duplex stainless steel. These results offer valuable insights into material selection and corrosion mechanisms relevant to geothermal energy applications. • N80 carbon steel, 13Cr and 22Cr stainless steels assessed at high temperatures • In-situ electrochemical measurements performed in pH 2, 3 and 4 H 2 SO 4 environments • No formation of FeSO 4 layers on N80 and aggressive localised corrosion observed • At pH 2, 150 °C corrosion rates of 10 (13Cr) and 0.1 (22Cr) mm/year measured • Formed layer on 13Cr was thicker, porous, and less protective than 22Cr's",31.11111111111111,6.5321428571428575,0.75,0.5892857142857143,0.03214285714285714,0.010714285714285714,0.5269461077844312,2025,7.590909090909091
https://doi.org/10.1016/j.corsci.2025.113394,Gaseous hydrogen permeation behavior of the base metal and weld metal of X42 and X52 pipeline steels under different hydrogen pressure,2025,4,True,article,Corrosion Science,"The effect of different hydrogen blending ratios in CH 4 +H 2 environment and varying hydrogen pressures in pure H 2 environment on the gaseous hydrogen permeation behavior of base metal (BM) and weld metal (WM) of X42 and X52 pipeline steels were investigated in this study. The appropriate sample thickness for the gaseous hydrogen permeation tests was determined through preliminary experiments. Under the experimental conditions involved in this research, the hydrogen permeation process in all four materials is controlled by bulk diffusion and exhibited thermodynamic non-ideality. The steady-state hydrogen permeation current density is found to be proportional to the 0.5–0.75 power of hydrogen pressure ( P H 2 ), while the effective hydrogen diffusion coefficient is proportional to approximately the 0.3 power of P H 2 . Furthermore, the microstructure of four materials was analyzed, and their influence on hydrogen permeation behavior was evaluated. X42 WM contains a large amount of acicular ferrite and numerous large-angle grain boundaries, which impose the greatest resistance to hydrogen diffusion. X52 BM has banded F/P structure, where adjacent ferrite bands provide shorter diffusion paths for hydrogen, resulting in the highest effective hydrogen diffusion coefficient. Besides, the hydrogen permeation parameters of X42 BM and X52 WM are comparable.",18.545454545454547,6.617647058823529,0.7205882352941176,0.5980392156862745,0.029411764705882353,0.00980392156862745,0.5269461077844312,2025,7.590909090909091
https://doi.org/10.1016/j.corsci.2023.111722,Oxidation-creep interactions for an Hf-doped Ni-based superalloy with different wall thickness at 760 °C,2023,3,True,article,Corrosion Science,"Stress rupture tests of an Hf-containing Ni-based superalloy with different wall thicknesses were carried out at 760 °C/691 Mpa using the RD-100 electronic machine. At the fracture edge, electron backscatter diffraction (EBSD) analysis showed that recrystallization (RS) occurred, and the width of RS increased with increasing sample thickness. The RS induced the intergranular corrosion cracking and accelerated the failure of the sample. At the interior of the substrate, voids were preferentially nucleated at the site of the Hf(Ta)C carbides , and the thinner sample suffered lighter creep damage than the thicker sample. Consequently, the thinner sample had a superior creep life.",20.2,6.653465346534653,0.6831683168316832,0.7128712871287128,0.04950495049504951,0.0,0.10931174089068826,2023,27.444444444444443
https://doi.org/10.1016/j.corsci.2025.112745,The influence of microstructure on the corrosion behavior of platinum used for cochlea implant electrodes,2025,3,True,article,Corrosion Science,"Cochlear implants (CIs) have revolutionized the treatment of profound hearing loss, yet their long-term durability remains a challenge due to potential corrosion-induced degradation of the platinum electrodes of the CI. This study examines the corrosion behavior of platinum wires under accelerated test conditions, and compares the results with corrosion patterns observed in explanted CI electrodes from patients after almost 1 year and 26 years. Accelerated corrosion tests with frequencies from 1 to 5 kHz were validated as predictive tools for long-term performance, as the surface morphologies of stimulated platinum wires exhibit notable similarities to those of explanted electrodes. The as-drawn wires analyzed in this study exhibit up to 50 % more corrosion attack than annealed ones. Additionally, the impact of grain orientation on corrosion is examined by testing platinum single crystals with different electrochemical methods. For this purpose, single crystals with the orientation [111], [110] and [100] were analyzed. The research highlights the importance of annealing platinum and minimizing plastic deformation during electrode assembly to enhance electrode durability. Corrosion was found to primarily occur at grain boundaries, with grain orientation showing minimal influence. These findings suggest that engineering grain boundary characteristics could significantly improve the corrosion resistance of polycrystalline electrodes, offering a promising pathway to enhance the longevity of CIs. • Experiments and explants showed similar corrosion, proving their usefulness in predicting long-term in-service behavior. • The as-drawn platinum wires showed more pronounced corrosion attack in all accelerated corrosion tests. • Corrosion attack was most pronounced at the grain boundaries. • Annealed platinum and minimize deformation during assembly to enhance the electrode's longevity.",20.23076923076923,7.136882129277566,0.688212927756654,0.5665399239543726,0.022813688212927757,0.026615969581749048,0.39520958083832336,2025,7.590909090909091
https://doi.org/10.1016/j.corsci.2025.113023,Effects of Zn and Ni addition on the Co incorporation in 316 SS oxide formed under simulated BWR conditions,2025,3,True,article,Corrosion Science,"Advanced microstructural and microchemical analyses provided critical insights into the mechanism of Co incorporation into the oxide formed on 316 Stainless Steel (SS), when exposed to simulated Boiling Water Reactor (BWR) conditions. The study showed that the presence of Zn and/or Ni injected into the water significantly influenced Co incorporation. Coupons of 316 SS were exposed to multistage oxidation tests under low-level Hydrogen Water Chemistry (HWC) (H:O molar ratio ∼8) at 288°C, both in the absence and the presence of metal cations injection (Zn, Ni, Co). Moreover, Online NobleChem™ (OLNC) was applied in an intermediate exposure stage on pre-oxidised coupons to show how the transition from a non-catalytic to a catalytic oxide surface impacts the oxide properties. The application of OLNC did not substantially influence the incorporation of metal cations in the oxide. Notably, the study showed that Co was preferentially incorporated into the normal spinel oxides, thus suggesting that Co 2+ prefers the tetrahedral sites of these spinel, similar to Zn 2+ . This translated into a Co uptake mitigation effect when 10 ppb of Zn was injected. Conversely, in the presence of 10 ppb of Ni in the water, Co uptake was not mitigated, suggesting that Ni 2+ does not compete with Co 2+ for the same interstitial sites of the spinel oxides. However, a mitigation effect on Co uptake was observed when Zn and Ni were injected simultaneously, indicating a synergistic effect of these metal cations on the Co incorporation mechanism.",27.11111111111111,6.209016393442623,0.6721311475409836,0.5245901639344263,0.01639344262295082,0.00819672131147541,0.39520958083832336,2025,7.590909090909091
https://doi.org/10.1016/j.corsci.2025.113145,An elastoplastic formulation for mechanical-electrochemical corrosion damage under cyclic loading,2025,3,True,article,Corrosion Science,"This paper presents an elastoplastic framework for mechanical-electrochemical damage in metals for simulating corrosion fatigue . The proposed numerical approach combines classical rate-independent isotropic von Mises elastoplasticity with an electrochemical kinetics model to simulate anodic dissolution-driven corrosion. The model’s capabilities are demonstrated through benchmark tests and experiments. A hollow specimen was tested in a water environment, incorporating a membrane electrode for corrosion potential measurement and potential drop for crack initiation detection. The formulation accurately reproduces key features of corrosion fatigue , including diverse pit morphologies, time-dependent corrosion kinetics and the formation of multiple crack initiation sites, consistent with experiments.",19.8,8.02020202020202,0.7676767676767676,0.7676767676767676,0.0707070707070707,0.010101010101010102,0.39520958083832336,2025,7.590909090909091
https://doi.org/10.1016/j.corsci.2025.113410,The effect of macro and microstructure on the mechanical and corrosion behaviour of an innovative LPBF-processed AlSi9Cu3 alloy,2025,3,True,article,Corrosion Science,"The rapid solidification associated with laser powder bed fusion (LPBF) promotes oversaturation of the α-Al matrix with alloying elements and redistribution of second phases, resulting in a fine-grained melt pool microstructure that strongly affects corrosion behaviour. This work investigates the corrosion response of LPBF-processed AlSi9Cu3 alloy under different heat treatments, focusing on the correlation between melt pool features, microstructure, and corrosion mechanisms. In the as-built condition, the alloy exhibited a well-defined melt pool structure with Si- and Cu-rich precipitates concentrated along the melt pool boundaries. These precipitates acted as efficient cathodic sites, driving micro-galvanic interactions and leading to an inter-melt pool corrosion morphology. Low-temperature heat treatments preserved the melt pool structure while promoting the precipitation of additional Cu- and Si-rich phases. This increased the galvanic interactions and exacerbated selective corrosion, producing a more severe inter-melt pool attack. Solution treatments dissolved and redistributed the precipitates, producing a more homogeneous microstructure. The resulting reduction of galvanic coupling significantly improved corrosion resistance and promoted a more uniform corrosion morphology. Conversely, artificial aging promoted the precipitation and coarsening of Cu-rich phases, which increased intergranular corrosion susceptibility. These findings emphasize the pivotal role of melt pool structure control and tailored heat treatments in designing LPBF aluminium alloys with improved corrosion resistance. • Corrosion morphology is linked to the melt pool macrostructure in LPBF AlSi9Cu3. • Direct aging increases selective attack due to fine Cu- and Si-rich precipitates. • Solution treatments dissolve Si- and Cu-rich phases improving corrosion resistance. • SKPFM reveals high Volta potential difference at melt pool boundary–HAZ interface.",18.214285714285715,7.513725490196078,0.7372549019607844,0.5490196078431373,0.0392156862745098,0.00784313725490196,0.39520958083832336,2025,7.590909090909091
https://doi.org/10.1016/j.corsci.2025.113539,"Additive manufacturing of AlCrFeNi alloys: Correlation between composition, formability, and corrosion resistance in lead-bismuth eutectic",2025,3,True,article,Corrosion Science,"To ensure the long-term reliability of pressure vessels in lead-cooled fast reactors (LFRs) exposed to lead–bismuth eutectic (LBE) environments, developing corrosion-resistant materials with superior formability and LBE compatibility has become a critical research priority. In this study, 30 AlCrFeNi alloys with varying Al and Cr contents were prepared using directed energy deposition (DED) from elemental powders. The effects of alloy composition on formability, microstructure, and corrosion resistance were investigated. The results indicated that the FCC phase exhibited a preferential tendency toward corrosion, whereas the intergranular distribution of BCC/B2 phases can suppress dissolution within the FCC. The designed Al 17.825 Cr 17 FeNi alloy exhibited a relatively thin oxide layer, with a dense Al 2 O 3 –Cr 2 O 3 passive layer formed on its surface. This work demonstrated a synergistic optimization of composition and properties in AlCrFeNi alloys, while additive manufacturing allows an effective increase in the thickness of corrosion-resistant layer, highlighting its potential for advanced nuclear structural materials.",22.857142857142858,7.0125,0.73125,0.725,0.025,0.025,0.39520958083832336,2025,7.590909090909091
https://doi.org/10.1016/j.corsci.2025.113561,Chameleon skin-inspired smart coating with hierarchical self-warning/self-healing functions for sequential damage-to-corrosion protection,2025,3,True,article,Corrosion Science,"A smart protective coating with hierarchical self-warning and self-healing functions was developed by incorporating polyurethane/poly-(urea formaldehyde) (PUF) microcapsules loaded with anthocyanin (Anth) into a semi-interpenetrating polymer network (semi-IPN). The semi-IPN consists of hydrogen-bonded polyurethane (PU) and rigid epoxy resin (EP) network. The released anthocyanin not only provides distinct chromatic responses but also adsorbs onto the Mg surface to form protective complexes, exhibiting an inhibition efficiency of 94 %. XPS analysis elucidates the interfacial corrosion inhibition mechanism. This “one-molecule, multi-function” strategy offers a simplified method for achieving hierarchical functions against coating damage and substrate corrosion, showing significant potential for smart coatings.",20.0,8.01,0.77,0.87,0.02,0.01,0.39520958083832336,2025,7.590909090909091
https://doi.org/10.1016/j.corsci.2025.113495,Validating corrosion models: A comparison of governing equations,2025,3,True,article,Corrosion Science,"Experimental validation of Finite Element Method (FEM) models varying electrochemical governing equations, inclusion of chemical reactions, and time on the resultant damage profile for two galvanic couples is explored. Two anode materials (Magnesium AZ31 and Carbon Steel) in contact with a cathode (stainless steel 304 L) were modeled in/exposed to NaCl (1 and 0.1 M respectively for the anode materials) for up to one week. The physics approach, inclusion of chemical reactions, and the boundary conditions required to accurately represent the damage profile in FEM models depended on the galvanic couple materials and, ultimately, the corrosion rate. For high rates of corrosion (i.e., magnesium anode), the Nernst-Planck equation with Electroneutrality was sufficient to describe the damage, while, for low rates of corrosion (i.e., carbon steel anode), the Laplace equation was sufficient. In all cases, the most complete governing equation (Nernst-Planck-Poisson Equation) was not necessary to accurately describe the damage. Precipitation reactions in solution also played a critical role in the predicted damage profile, especially for high corrosion rate systems. Finally, for short time periods (< 6 hours), the choice of modeled governing equations does not significantly influence damage profile results. The choice of physics to reduce error in simulations relies on the boundary conditions, geometry, conductivity of the solution, electrochemical potential differences, and time of exposure. The above results are discussed with regard to accuracy and computational savings. • Electroneutrality assumption in electrochemical modeling validated for corrosion • Necessary governing equations dependent upon corrosion rate • Hydrolysis reactions play a critical role in modeled damage profile • Governing equations converge at small time periods",18.857142857142858,6.890151515151516,0.7121212121212122,0.5378787878787878,0.03409090909090909,0.015151515151515152,0.39520958083832336,2025,7.590909090909091
https://doi.org/10.1016/j.corsci.2026.113592,Type II hot corrosion of the polycrystalline nickel-based superalloy AD730 in presence of Na2SO4 and Na2SO4-MgSO4 deposits,2026,3,True,article,Corrosion Science,"The type II corrosion resistance of AD730 was studied at 650 °C and 700 °C in air + 400 ppm SO 2 (g), in the presence of Na 2 SO 4 and Na 2 SO 4 -MgSO 4 deposits. At 650°C, the pit-like attacks were of similar depth for both salts and less severe than those observed at 700°C. Although the sulfate mixture (Na 2 SO 4 -MgSO 4 ) was liquid at 700°C from the beginning of the exposure, it proved to be less aggressive than Na 2 SO 4 . Wavelength dispersive spectrometry characterization of the pits revealed the systematic stratification of the oxides from the alloy-corrosion products interface toward the corrosion products-gas interface across the pit corrosion products, i.e. the establishment of a gradient of oxygen ions activity. High resolution transmission electron microscopy highlighted a high level of porosity, sulfur enrichment as well as the presence of the WS 2 sulfide, with an anisotropic bidimensional structure, located at the alloy-oxide interface. Sulfation tests carried out on nickel oxide and cobalt oxide in the presence of Na 2 SO 4 and Na 2 SO 4 -MgSO 4 showed little sulfation with the magnesium-containing salt, thus demonstrating how MgSO 4 contributes to limit the corrosion at 700°C. The results demonstrated that the severe hot corrosion attacks are not only related to the formation of a liquid phase, but also to its chemical composition.",26.0,5.747863247863248,0.6324786324786325,0.5683760683760684,0.038461538461538464,0.008547008547008548,5.368421052631579,2026,0.5588235294117647
https://doi.org/10.1016/j.corsci.2026.113629,Exploring the use of large language models for EIS: A feasibility study on organic coatings for corrosion protection,2026,3,True,article,Corrosion Science,"Large Language Models (LLMs) were applied to automate the interpretation of electrochemical impedance spectroscopy (EIS) data, enabling classification and parameter estimation without the need for a task specific machine learning training. The approach achieved classification accuracies up to 96% and produced fitting results comparable to those obtained with specifically trained neural networks. The methodology reduces reliance on labelled data and manual intervention. While demonstrated in the context of organic coatings, the framework provides a scalable AI-based workflow that could, in principle, be extended to conceptually similar tasks in materials and corrosion research, subject to dedicated validation. • A structured methodology is proposed integrating Large Language Models (LLMs) with algorithmic logic to automate the interpretation of Electrochemical Impedance Spectroscopy, without the requirement of training dataset, increasing the accessibility and scalability. • The methodology enables the identification of the impedance response from mathematically different equivalent circuits using prompt-based and reference image comparisons and allows the estimation of electrical equivalent circuit components (fitting). • The proposed approach has been validated with simulated and experimental from organic coatings • The proposed approach has been benchmarked with traditional ML models used with the same datasets presented in this study. • This study demonstrates the practical potential of LLMs for fast, reliable, and expert-guided corrosion assessment.",26.25,7.419047619047619,0.6904761904761905,0.6285714285714286,0.014285714285714285,0.009523809523809525,5.368421052631579,2026,0.5588235294117647
https://doi.org/10.1016/j.corsci.2026.113711,Corrosion morphology in Al-Zn-Mg-Si alloy coatings: Interdependence of microstructure heterogeneity and microstructure-induced local pH variations,2026,3,True,article,Corrosion Science,"Corrosion morphology in multi-phase Al-Zn-based alloy coatings stems from the interplay between microstructure heterogeneity and microstructure-induced variations in local pH. Here, we investigate the corrosion morphology of the α-Al dendrite in both Mg-containing (Al-Zn-Mg-Si) and Mg-free (Al-Zn-Si) alloy coatings. In Al-Zn-Mg-Si coatings, α-Al dendrites typically exhibit two features: a core-to-edge corrosion morphology and discrete Zn-rich clusters at the advancing corrosion front. The spatial distribution and connectivity of Zn particles within the α-Al dendrites govern the core-to-edge corrosion morphology. Multi-scale electron microscopy analysis reveals a dense dispersion of relatively fine Zn particles in the dendrite core is contrasted by a discontinuous distribution of coarse Zn particles at the dendrite edge. This disparity in cathode-to-anode connectivity concentrates galvanic currents at the core, intensifies local Al dissolution and drives corrosion outward. Furthermore, Mg dealloying from Mg-rich intermetallics elevates local pH, accelerating Al dissolution relative to Zn, and resulting in Zn-rich cluster formation. Similar Zn clustering in Mg-free Al-Zn-Si coatings exposed to alkaline environments confirms that pH shifts reverse Zn and Al selective dissolution. Together, these findings support a mechanistic framework in which the heterogenous distribution of Zn and the microstructure-induced variations in local pH synergistically modulate dissolution rates in galvanic coupling and corrosion morphologies. This offers a blueprint for designing advanced sacrificial coatings with optimised performance. • Core-to-edge corrosion linked to Zn particle distribution in α-Al dendrites • Mg dealloying raises local pH, reversing Al-Zn galvanic coupling • Zn-rich clusters form at corrosion fronts under elevated pH conditions • Corrosion directionality driven by Zn network connectivity, not just content",25.6,7.35546875,0.734375,0.5390625,0.0234375,0.00390625,5.368421052631579,2026,0.5588235294117647
https://doi.org/10.1016/j.corsci.2025.113282,Hydrogen permeation into duplex steel under compressive and tensile stresses: Symmetric lattice swelling and asymmetric stress redistribution,2025,2,True,article,Corrosion Science,"A fundamental understanding of how mechanical stress influences hydrogen diffusion is essential for developing strategies to mitigate hydrogen embrittlement of structural materials. This study investigates the effect of externally applied stress on hydrogen uptake in 2205 duplex stainless steel, an industrially relevant material with a heterogeneous, dual-phase microstructure. A four-point bent sample is subjected to in-situ electrolytic hydrogen charging for four hours while being analyzed via high-energy synchrotron cross-sectional X-ray micro-diffraction, enabling time- and depth-resolved characterization of strain-free lattice parameters and internal stresses. The results reveal symmetric lattice expansion within the tensile- and compressively-stressed sample regions in both ferrite and austenite phases to a depth of ~100 µm. This lattice swelling shifts the in-plane stress components toward more compressive levels within the hydrogen-affected regions. As a result, tensile stresses are relaxed and compressive stresses moderately increase on respective sides of the sample, as verified by finite element simulations. The findings call into question models suggesting that the surface treatments and compressive residual stresses can be used to reduce hydrogen ingress into metals.",24.571428571428573,7.395348837209302,0.686046511627907,0.7558139534883721,0.040697674418604654,0.023255813953488372,0.2634730538922156,2025,7.590909090909091
https://doi.org/10.1016/j.corsci.2025.113311,Effect of CaO/MgO bilayer film formation on nonflammability and oxidation resistance of Mg–Al–Ca alloys determined by high-temperature in situ residual stress measurement,2025,2,True,article,Corrosion Science,"In this study, the relationship between the oxide film structure and the protective properties of the oxide film of Mg–Al–Ca–Mn alloys was investigated by TEM observation and high-temperature in situ residual stress measurements. At 773 K, a CaO monolayer film formed on the surface. Then, a CaO/MgO bilayer film formed above 823 K. On the CaO monolayer film, tensile stress acted owing to the thermal expansion of the alloy substrate. Nevertheless, once the inner MgO layer formed, the tensile stress was relaxed, and compressive stress acted on the outer CaO layer. Additionally, the inner MgO layer acted as a scaffold for the outer CaO layer after the alloy melted, and strong compressive stress continued acting on the outer CaO layer. This suggests that the CaO/MgO bilayer can easily maintain its soundness and protectivity after melting because of the strong compressive stress. • A CaO/MgO bilayer film is formed on the surface of Mg–4.5Al–2.5Ca–0.02Mn alloy above 823 K. • Stresses acting on the CaO film at high temperatures can be successfully measured in situ. • A stress gradient exists in the CaO film because CaO is formed at the air/CaO interface. • A strong compressive stress acts on the CaO film owing to the formation of inner MgO film at 873 K.",15.071428571428571,5.886255924170616,0.6445497630331753,0.44075829383886256,0.014218009478672985,0.014218009478672985,0.2634730538922156,2025,7.590909090909091
https://doi.org/10.1016/j.corsci.2025.113423,The influence of aging temperature on microstructure and intergranular corrosion of Al-Mg-Si alloys with low concentrations of Cu and Zn,2025,2,True,article,Corrosion Science,"The influence of the aging temperature on intergranular corrosion (IGC) of Al-Mg-Si alloys with minor Cu and Zn additions has been investigated to clarify the correlation between the alloy composition, grain boundary chemistry and corrosion resistance in an acidified NaCl solution. Microstructural analysis using scanning transmission electron microscopy (STEM) indicates the presence of Cu-rich films and Cu/Zn containing Mg-Si particles along grain boundaries in an underaged condition of an alloy with 0.05 wt% Cu and 0.06 wt% Zn, which is characterized by high susceptibility to IGC. A peak-aged condition of this alloy is also found to be highly susceptible to IGC. An alloy containing only ~0.03 wt% Cu exhibits lower IGC resistance compared to the alloy containing both Cu and Zn, which suggests that balanced Cu and Zn additions affect corrosion pathways differently from additions of either Cu or Zn alone. High-resolution STEM reveals structural β′′ units and local Q′/C and B′ configurations in an overaged sample containing both Cu and Zn. In addition, bright atomic columns are detected within intragranular precipitates and at precipitate/Al interfaces indicating the presence of Cu and/or Zn atoms. These findings demonstrate that even low Cu and Zn additions can significantly influence grain boundary chemistry and particle composition, thereby affecting the IGC resistance. The results provide useful insights into the influence of compositional tuning and aging temperature on the IGC resistance of Al-Mg-Si alloys. • IGC resistance decreases with increased Cu/Zn ratio. • Aging temperature significantly affects grain boundary chemistry, even with minor Cu/Zn additions. • Cu/Zn additions significantly influenced the precipitate structures within the grain interiors.",18.714285714285715,6.706106870229007,0.7290076335877863,0.5534351145038168,0.022900763358778626,0.022900763358778626,0.2634730538922156,2025,7.590909090909091
https://doi.org/10.1016/j.corsci.2025.113505,Oxygen-accelerated corrosion of Alloy 800 in a molten LiCl-KCl-MgCl2 eutectic mixture,2025,2,True,article,Corrosion Science,"This study investigates the corrosion behavior of Alloy 800 (Fe-32Ni-21Cr) in a ternary eutectic molten salt mixture (LiCl-KCl-MgCl₂) at 350 °C and 750 °C under flowing argon (Ar) and Ar+ 1 % O₂ atmospheres. The objective is to understand the effect of minor oxygen ingress on corrosion in a relatively pure salt where corrosion had ceased. At lower temperature (350 °C), increasing exposure time in pure Ar conditions led to minimal changes in corrosion depth after 48 h, suggesting that corrosion had stopped after this time. The addition of 1 % oxygen to the gas flow resulted in only slight increases in corrosion, with larger ligaments observed on the surface and minor roughening in the cross-sectional images. Similarly, 750°C testing under pure Ar showed only grain boundary attack at 12 h, and increasing exposure time did not significantly increase the corrosion depth. However, in contrast to 350 °C testing, the addition of 1 % oxygen resulted in increased grain boundary attack and dealloying, specifically at and adjacent to grain boundaries. These findings suggest that minor oxygen ingress into a molten halide salt environment can significantly increase the corrosion rate in a short period of time at high homologous temperatures, which is relevant to practical applications of molten salts where minor oxygen ingress is a likely upset condition.",31.0,6.175115207373272,0.695852534562212,0.5714285714285714,0.027649769585253458,0.027649769585253458,0.2634730538922156,2025,7.590909090909091
https://doi.org/10.1016/j.corsci.2026.113678,Effect of shielding gas composition on weld formation and H2S stress corrosion susceptibility of X65 pipeline steel,2026,2,True,article,Corrosion Science,"The effect of shielding-gas composition on weld formation, microstructure, and H 2 S stress corrosion cracking (SSCC) in cold metal transfer (CMT) welds was examined. Pure argon shielding led to incomplete penetration and carbide precipitation. Moderate addition of CO 2 (10–20 %) improved arc stability and weld quality, yielding a bainite-dominated coarse-grained heat-affected zone (CGHAZ) microstructure. Excessive CO 2 (50 %) increased the cooling rate and induced martensite formation in the CGHAZ. Severe pitting occurred in both the weld metal and CGHAZ. Strong Si segregation in the weld metal produced Volta potential differences > 50 mV, driving microgalvanic dissolution. Although the CGHAZ showed minimal elemental segregation, its microstructural heterogeneity, characterized by coarse grains, high dislocation density, and hydrogen trapping, enhanced local anodic activity even with a potential difference below 35 mV. Acicular ferrite impeded microcrack propagation, whereas martensite promoted hydrogen accumulation and accelerated crack growth.",18.125,7.158620689655172,0.8,0.7793103448275862,0.07586206896551724,0.0,3.5789473684210527,2026,0.5588235294117647
https://doi.org/10.1016/j.corsci.2026.113746,The effect of carbon and silicon variation on the oxidation resistance of a cobalt-based superalloy,2026,2,True,article,Corrosion Science,"Understanding the oxidation behaviour of Co-based superalloys is crucial for the deployment of such alloys in high-temperature structural applications. This study explores the oxidation behaviour of four cast Co-based superalloys with varying C (0.25 or 0.5 wt%) and Si (1 or 4 wt%) contents at 800°C, 1000°C, and 1200°C for up to 100 h. Alloys with higher Si content generally exhibited lower isothermal mass gains than the low-Si variants, although the benefit depended on temperature and was accompanied by differences in the scale loss during cooling. At 800°C, an oxidation-associated Laves phase formed within surface-breaking interdendritic oxidation channels in the high-Si alloys (associated with M 12 C), consistent with reduced short-circuit transport along these pathways and the lower measured rates of isothermal mass gain. At 1000°C, Laves formation persisted but occurred as coarser particles and did not produce a measurable separation in mass gain. Notably, the high-Si alloys exhibited increased oxide spallation during cooling from this temperature. At 1200°C, the high-Si alloys developed a more continuous silica subscale at the alloy-oxide interface, consistent with a modest reduction in isothermal mass gain relative to the low-Si alloys. For alloys with equivalent Si content, reduced C improved mass-gain behaviour at 800°C and 1200°C, consistent with a reduced extent of interdendritic network (greater interdendritic spacing), whereas at 1000°C all alloys exhibited broadly similar mass gains. These findings demonstrate that Si and C influence oxidation through coupled effects on scale constitution, microstructurally controlled transport and oxide-scale integrity, providing guidance for the design of next-generation high-temperature alloys. • 4 wt% Si alloys showed superior oxidation resistance to 1 wt% Si counterparts • Oxidation at 800°C formed Laves phase; oxidation at 1200°C gave a silica sub-scale • Quantified oxide scale thickness at 800°C supports the proposed mechanism • 4 wt% Si alloys showed shallower oxidised channel depths at all test temperatures",27.727272727272727,6.727868852459016,0.7049180327868853,0.5540983606557377,0.019672131147540985,0.01639344262295082,3.5789473684210527,2026,0.5588235294117647
https://doi.org/10.1016/j.corsci.2016.04.009,Three dimensional discrete stochastic model of occluded corrosion cell,2016,44,True,article,Corrosion Science,"We present a stochastic three dimensional (3D) model for corrosion at a mesoscopic scale. The competition between uniform and localized corrosion is studied, with special emphasis given to the connection between the anodic and cathodic reactions . Even if the reactions happen at different places, they are linked and occur simultaneously, maintaining an electric balance. We focused on the particular case of an occluded corrosion on a metal covered by a non reactive layer, where two growth regimes are evidenced and controlled by the diffusion of species in the electrolyte.",22.5,6.322222222222222,0.6,0.7333333333333333,0.06666666666666667,0.0,0.54627539503386,2016,80.54545454545455
https://doi.org/10.1016/j.corsci.2015.08.019,Effect of sulphate impurity in chromic acid anodizing of aluminium,2015,33,True,article,Corrosion Science,"The formation of porous anodic alumina during potentiostatic anodizing of aluminium for times up to 900 s has been investigated using two grades of chromic oxide reagent. The anodic films were examined by ion beam analysis and scanning and transmission electron microscopies. Sulphate impurity in the chromic acid led to incorporation of sulphate into the anodic film, a lower current density, a smaller cell size and less feathering of the pore walls. In addition, the efficiency of film formation was increased. The sulphate concentration in the film was greatly enhanced relative to the electrolyte.",18.8,6.319148936170213,0.6595744680851063,0.6914893617021277,0.06382978723404255,0.010638297872340425,0.5047801147227533,2015,65.375
https://doi.org/10.1016/j.corsci.2019.04.037,Kinetics of corrosion-driven cathodic disbondment on organic coated trivalent chromium metal-oxide-carbide coatings on steel,2019,29,True,article,Corrosion Science,"Chromium metal-oxide-carbide coatings of varying composition and thickness, cathodically electrodeposited from a Cr (III)-formate electrolyte are compared for their ability to resist the corrosion driven delamination of an adherent polymer overcoat. Cathodic disbondment rates are determined using an in-situ scanning Kelvin probe technique. The rates of cathodic disbondment decreased with increasing thickness and Cr (III) oxide content of the Cr (III) derived coating. Disbondment kinetics are explained in terms of coating porosity, chemical composition and electrocatalytic activity of the various metallic surfaces for the cathodic oxygen reduction reaction (ORR). Diminished electrocatalytic activity for ORR, as determined from cathodic polarisation measurements with a rotating disk electrode, are found to correlate with diminished delamination kinetics.",22.6,7.530973451327434,0.7433628318584071,0.6548672566371682,0.07079646017699115,0.017699115044247787,0.6002855103497502,2019,48.310344827586206
https://doi.org/10.1016/j.corsci.2017.03.014,"Copper in ultrapure water, a scientific issue under debate",2017,27,True,article,Corrosion Science,"The corrosion properties of copper in ultrapure water have been studied experimentally by submerging copper samples (99.9999%) in pure water for up to 29 months. The surface was first electropolished at ambient temperature, then exposed to hydrogen gas treatment at 300–400 °C, thereby reducing the bulk hydrogen content to 0.03 ppm. These copper samples, the water and the glassware were all then subjected to precise chemical analysis. Great care was taken to avoid contamination. After exposure, only ∼6 μg/L copper had accumulated in the water phase. Electron spectroscopy could not detect Cu2O or any other oxidation products containing copper.",12.375,6.424242424242424,0.6868686868686869,0.797979797979798,0.020202020202020204,0.010101010101010102,0.5264623955431755,2017,51.285714285714285
https://doi.org/10.1016/j.corsci.2019.108234,Oxidation of Fe-2.25Cr-1Mo in presence of KCl(s) at 400 °C – Crack formation and its influence on oxidation kinetics,2019,25,True,article,Corrosion Science,"Accelerated corrosion of boiler equipment remains a challenge for efficiently utilising biomass- and waste for power production. To overcome this challenge a better understanding of the influence of corrosive species present is required. This study focuses on the influence of KCl(s) on corrosion of Fe-2.25Cr-1Mo at 400 °C. This is done by well-controlled laboratory exposures and detailed microstructural investigation with ion and electron microscopy (TEM, FIB, SEM, EDX, XRD, TKD). The scale microstructures are linked to oxidation kinetics. The results indicate that KCl(s) increases the ionic diffusion through the oxide scale as well as introduces cracks and delamination resulting in a rapid periodic growth process.",15.0,6.742857142857143,0.6666666666666666,0.780952380952381,0.047619047619047616,0.01904761904761905,0.5174875089221984,2019,48.310344827586206
https://doi.org/10.1016/j.corsci.2015.03.013,Environmentally assisted fatigue crack nucleation in Ti–6Al–2Sn–4Zr–6Mo,2015,23,True,article,Corrosion Science,An unexplained feature was observed at the fatigue crack origin of a number of α/β titanium specimens tested at 450 °C in the low cycle fatigue regime. The origin was discoloured blue but this was not a result of temper colouration; this feature sometimes resulted in large reductions in fatigue lives. A number of specimens were examined to determine the cause and formation mechanism of these “blue spots.” This feature was associated with elevated oxygen and chloride levels and the presence of sodium. A mechanism based on hot-salt stress-corrosion cracking is proposed and the implications for service components are discussed.,20.0,6.25,0.65,0.71,0.06,0.02,0.35181644359464626,2015,65.375
https://doi.org/10.1016/j.corsci.2017.11.014,The golden alloy Cu-5Zn-5Al-1Sn: A multi-analytical surface characterization,2017,22,True,article,Corrosion Science,"The golden alloy Cu-5Zn-5Al-1Sn has found many applications because of its appearance and resistance to tarnishing. The microstructure and multi-component surface oxide of Cu-5Zn-5Al-1Sn have been investigated through a multi-analytical approach. Compared to commercial Cu metal, Cu-5Zn-5Al-1Sn has significantly smaller grains and higher fraction of coherent twin boundaries. The 5–10 nm thick oxide formed after diamond polishing has four identified sub-oxides all contributing to the overall corrosion resistance. Cu2O is mainly located in the outer part, followed by ZnO, SnO2 and Al2O3 closer to the alloy substrate. The latter three possess barrier properties, while Cu2O exhibits a more complex structure.",16.666666666666668,6.9,0.67,0.81,0.06,0.06,0.42896935933147634,2017,51.285714285714285
https://doi.org/10.1016/j.corsci.2020.109021,Metastable precursor structures in hydrogen-infused super duplex stainless steel microstructure – An operando diffraction experiment,2020,20,True,article,Corrosion Science,"We report the evolution of metastable precursor structures during hydrogen infusion in the near-surface region of a super duplex stainless steel. Grazing-incidence x-ray diffraction was employed to monitor, operando, the lattice degradation of the austenite and ferrite phases. Electrochemical hydrogen charging resulted in the splitting of the diffraction peaks of the austenite phase, suggesting the evolution of a metastable precursor structure. This may be explained by the formation of quasi-hydrides, which convert back into the austenite parent structure during hydrogen effusion. The ferrite showed less lattice deformation than the austenite and no phase transformation.",18.8,7.085106382978723,0.5957446808510638,0.6808510638297872,0.031914893617021274,0.02127659574468085,0.3139169863969306,2020,63.71111111111111
https://doi.org/10.1016/j.corsci.2021.109787,The effect of alloying elements on oxide scale spallation of multicomponent Co-based superalloys,2021,20,True,article,Corrosion Science,"The characterization of high temperature cyclic oxidation behavior of as-cast and as-aged Co-(Ni)-Al-W alloys, and the influence of alloying elements on oxide spallation resistance have been investigated in this study. The cyclic oxidation and oxide scale morphology of the alloys are analyzed from 700° to 900°C. It has been observed that the ternary Co-Al-W alloys are prone of oxide scale spallation and increasing the Al, W and Ni contents improves the cyclic oxidation resistance of the alloys. The structural effect of Ni on oxidation performance is related to its introduction to single and complex oxides present in a scale.",24.75,6.252525252525253,0.6363636363636364,0.6060606060606061,0.030303030303030304,0.0,0.541981341625944,2021,36.90163934426229
https://doi.org/10.1016/j.corsci.2019.01.029,"Low-temperature synthesis of a graphene-based, corrosion-inhibiting coating on an industrial grade alloy",2019,19,True,article,Corrosion Science,"The use of graphene materials as protective coatings for metallic substrates has received much attention because of graphene’s ability to seal a metal and prevent the diffusion of most corrosive species to the metal surface. The application of graphene-based coating technology to industrially relevant samples, however, is hindered by the high growth temperatures required to prepare functional and efficient protective graphene layers. The growth temperatures typical for popular catalysts and precursors are incompatible with most relevant alloys. Here, we present a low-temperature synthesis route to a graphene-based coating, using a complex metallic alloy, Inconel 625, as an example substrate. We demonstrate that the coating reduces the sample corrosion current by two orders of magnitude and also shifts the open circuit potential from −308 mV to + 129 mV. We present an extensive characterisation of the coating and the coating synthesis procedure. The procedure relies on a surface-activated, thermally-induced polymerisation reaction and the method should be transferable to other metallic alloys.",22.857142857142858,6.8125,0.6375,0.65625,0.04375,0.01875,0.3932905067808708,2019,48.310344827586206
https://doi.org/10.1016/j.corsci.2019.02.016,Corrosion of uranium in liquid water under contained conditions with a headspace deuterium overpressure. Part 2: The ternary U + H2O(l) + D2 system,2019,19,True,article,Corrosion Science,"The reaction of unirradiated-U with liquid water under deuterium overpressure was studied by conducting nine separate reactions at different temperatures. Post-corrosion examination of the surfaces was conducted using FIB, SIMS and XRD. Measurements of the reacting-water pH and sample degassing were made after the experiments were stopped. Isotopic labelling allowed better investigation of the mechanisms occurring in this system. The analyses showed that bulk-UH3 forms at the metal-oxide interface. The observed gas evolution reduction in the headspace was attributed to gas suppression of hydrogen generated through oxidation, and not D2 gas migration through the water. This suppression facilitates UH3 formation.",14.285714285714286,7.06,0.66,0.77,0.04,0.0,0.3932905067808708,2019,48.310344827586206
https://doi.org/10.1016/j.corsci.2020.108566,Surface modified Ti6Al4V for enhanced bone bonding ability – Effects of silver and corrosivity at simulated physiological conditions from a corrosion and metal release perspective,2020,19,True,article,Corrosion Science,"Different surface treatments, with and without silver (Ag), of a Ti6Al4V alloy for increased bone bonding ability were investigated and compared with non-treated surfaces. Studies were conducted at 37 °C in phosphate buffered saline (PBS, pH 7.4) of varying hydrogen peroxide (H2O2) and bovine serum albumin (BSA) concentrations. Increased levels of metal release and corrosion were observed in the presence of both H2O2 and BSA due to complexation with Ti and Al in the surface oxide, respectively. Ag release was enhanced by the presence of BSA. Galvanic effects by Ag were minor, but possibly observed in the most corrosive environment.",16.666666666666668,6.27,0.68,0.74,0.04,0.02,0.2982211370770841,2020,63.71111111111111
https://doi.org/10.1016/j.corsci.2020.108834,"Environmentally induced crack (EIC) initiation, propagation, and failure: A 3D in-situ time-lapse study of AA5083 H131",2020,19,True,article,Corrosion Science,Environment Induced Cracking (EIC) has been observed in three dimensions (3D) at high spatial and temporal resolution for AA5083 H131 alloy using in situ synchrotron X-ray CT. The initiation of EIC cracks occurred in humid air at ∼0.5σy and started from corrosion sites associated with intermetallic particle clusters. Time-resolved monitoring of the crack growth confirmed cracks grow below threshold KIEIC and are susceptible to arrest under fixed displacement conditions. Even when the cracks exceed threshold KIEIC and enter sustained propagation they exhibit very uneven growth rates. Failure occurs when the K of the largest crack exceeds the fracture toughness KIC.,16.666666666666668,6.64,0.72,0.83,0.03,0.0,0.2982211370770841,2020,63.71111111111111
https://doi.org/10.1016/j.corsci.2020.108899,Operando time- and space-resolved high-energy X-ray diffraction measurement to understand hydrogen-microstructure interactions in duplex stainless steel,2020,19,True,article,Corrosion Science,"Local strain development in the microstructure of a commercial 25Cr-7Ni super duplex stainless steel was mapped using high-energy x-ray diffraction during cathodic hydrogen charging under constant uniaxial load. The infusion of hydrogen resulted in tensile strains in austenite grains, one order of magnitude larger than those in the ferrite. Most strain evolution occurred at the near-surface, with compensating compressive forces developed in underlying regions, with up to two-times more compression occurring in the ferrite than the austenite. The strains along the loading axis were more pronounced than in the transverse direction, in which mostly compressive strains developed in the ferrite.",25.0,6.86,0.6,0.73,0.04,0.02,0.2982211370770841,2020,63.71111111111111
https://doi.org/10.1016/j.corsci.2021.109651,Laterally-resolved formation mechanism of a lithium-based conversion layer at the matrix and intermetallic particles in aerospace aluminium alloys,2021,19,True,article,Corrosion Science,"Lithium leaching coatings have recently been developed as eco-friendly active corrosion protection technology for aerospace aluminium alloys (AAs) by the formation of a conversion layer at coating defects. While general conversion layer formation characteristics were studied and reported before, here we study the local layer formation process with sub-micron resolution at and around intermetallic particles (IMPs) in AA2024-T3. Top- and cross-sectional-view morphological electron micrograph observations along with open circuit potential (OCP) measurements are performed, mimicking coating defect conditions upon lithium carbonate leaching from the coating matrix. The results revealed five stages of the conversion process in which the alloy matrix and different IMPs evolve morphologically, compositionally, and electrochemically. Besides, we found a correlation between the OCP response of the AA2024-T3 system and the morphological and compositional evolutions of the alloy matrix and IMPs at different stages of exposure. Passive layer and alloy matrix dissolution leading to surface Cu-enrichment and S-phase dealloying occur at early stages of exposure. They precede the formation of a columnar layer on the alloy, followed by the establishment of a dense-like layer at the final stage. Dealloying of Al2CuMg can assist the conversion process by providing local supersaturation. Through complementary experiments in a sodium carbonate solution and besides X-ray diffraction analysis, we found out that lithium plays a critical role in stabilising the corrosion product throughout the conversion process.",24.77777777777778,7.116591928251121,0.6502242152466368,0.6367713004484304,0.03587443946188341,0.017937219730941704,0.5148822745446469,2021,36.90163934426229
https://doi.org/10.1016/j.corsci.2022.110172,Hydrogen uptake during active CO2-H2S corrosion of carbon steel wires in simulated annulus fluid,2022,19,True,article,Corrosion Science,"The hydrogen uptake of five carbon steel wires exposed to a corrosive CO2/H2S environment where protective film formation was not favorable was measured. The hydrogen uptakes decreased with the accumulation of retained carbide for most of the materials. It is assumed that hydrogen adsorbed on carbides at some distance from ferrite will not easily diffuse to the steel, hence giving the beneficial effect. This effect was not observed for the material with the lowest carbon content. Apart from this material, the hydrogen uptake increased with the carbon content, probably due to hydrogen trapping on ferrite-cementite interfaces.",19.2,6.489583333333333,0.59375,0.6458333333333334,0.020833333333333332,0.0625,0.5663066954643629,2022,33.55072463768116
https://doi.org/10.1016/j.corsci.2019.02.017,Corrosion of uranium in liquid water under vacuum contained conditions. Part 1: The initial binary U + H2O(l) system,2019,18,True,article,Corrosion Science,"The reaction of unirradiated-U with liquid water was investigated under initial vacuum-contained conditions. Ten samples were examined at varying temperatures and reaction times. Post-corrosion examination of the surfaces was conducted using FIB, SIMS and XRD. Measurements of the reacting water pH and degassing of the samples was conducted after the reaction was stopped. From the analyses, it was concluded that bulk-UH3 formation occurred on the majority of the samples. It is suggested that UH3 formation was facilitated by a critical ‘threshold’ headspace pressure ∼0.5bar over which pressure deficiency is observed in the free headspace.",13.428571428571429,6.712765957446808,0.648936170212766,0.7127659574468085,0.02127659574468085,0.02127659574468085,0.37259100642398285,2019,48.310344827586206
https://doi.org/10.1016/j.corsci.2020.108822,On the oxidation mechanism of U3Si2 accident tolerant nuclear fuel,2020,18,True,article,Corrosion Science,"The oxidation mechanism and products of U3Si2 accident tolerant nuclear fuel in flowing air up to 750 °C is reported. Differences between observed and theoretical mass gains for complete oxidation is due to un-oxidised Si that forms nano-crystalline regions of Si. Some Si rich regions are protected by the formation of UO2, which is thermodynamically preferential to oxidise before Si. The UO2 is further kinetically oxidised to form nano-crystalline U3O8. The nanostructure formed, accompanied by large volumetric expansions during oxidation produces pulverisation of fragments into powder, which may have serious consequences for fuel integrity if exposed to oxidative atmospheres.",19.8,6.797979797979798,0.6767676767676768,0.7474747474747475,0.020202020202020204,0.030303030303030304,0.28252528775723756,2020,63.71111111111111
https://doi.org/10.1016/j.corsci.2021.109777,Corrosion inhibition of copper with octadecylphosphonic acid (ODPA) in a simulated indoor atmospheric environment,2021,18,True,article,Corrosion Science,"The corrosion inhibition of self-assembled octadecylphosphonic acid (ODPA) layers on non-oxidized and pre-oxidized copper and Langmuir-Blodgett deposited ODPA layers on pre-oxidized copper was investigated under a simulated indoor atmospheric corrosion environment containing 80% RH and 100 ppb formic acid. The corrosion process was monitored in-situ with infrared absorption/reflection spectroscopy, and the corrosion products were further characterised by grazing incidence X-ray diffraction. Nano-FTIR microscopy was used to reveal the nature, size, and distribution of the corrosion products on the nanoscale. The combination of pre-formed cuprite and ODPA layers, both with only some nanometres thickness, provided an excellent protection under this environment. The raw/processed data required to reproduce these findings cannot be shared at this time as the data also forms part of an ongoing study.",24.8,7.153225806451613,0.6935483870967742,0.7419354838709677,0.04838709677419355,0.03225806451612903,0.48778320746334963,2021,36.90163934426229
https://doi.org/10.1016/j.corsci.2019.108293,Analysis of combined static load and low temperature hot corrosion induced cracking in CMSX-4 at 550°C,2019,17,True,article,Corrosion Science,"A CMSX-4 3-point bend specimen was statically loaded under hot corrosion conditions and SEM, (S)TEM and EDX techniques were used to analyse the cracking generated. Sulphur, chlorine, sodium and oxygen were found at the crack tip, and an influence of loading on the corrosion mechanism’s preference to interact with either the γ or γʹ was observed. The microscopy analysis is in support of the corrosive mechanism being a combined stress and electrochemical corrosion linked with low temperature hot corrosion, where crack propagation occurs as a result of localised corrosion enhanced material degradation. High magnification EDX mapping identified W as segregating to the γʹ at room temperature.",26.5,6.462264150943396,0.6792452830188679,0.7358490566037735,0.05660377358490566,0.009433962264150943,0.35189150606709496,2019,48.310344827586206
https://doi.org/10.1016/j.corsci.2020.108809,Elucidation of orientation relations between Fe-Cr alloys and corrosion products after high temperature SO2 corrosion,2020,17,True,article,Corrosion Science,"The early stages of corrosion of Fe-Cr-model alloys (2 and 9 % Cr) were investigated after exposure at 650 degrees C in 0.5 % SO2 containing gas by electron backscattered diffraction (EBSD) and transmission electron microscopy (TEM). The impact of the grain orientation of the base alloy on the orientation relations of the corrosion products is presented. After 2 min - 5 min exposure the formation of a multi-layered corrosion zone was discovered. A clear orientation relationship between ferrite and the (Fe,Cr)(3)O-4 spinel could be demonstrated. The obtained results show the importance of the grain orientation on oxidation resistance.",16.5,6.333333333333333,0.6666666666666666,0.7171717171717171,0.050505050505050504,0.020202020202020204,0.266829438437391,2020,63.71111111111111
https://doi.org/10.1016/j.corsci.2022.110111,The contribution of Zn(II) and phosphate anions to the inhibition of organic coating cathodic disbondment on galvanised steel by zinc phosphate pigment,2022,17,True,article,Corrosion Science,"In-situ scanning Kelvin probe (SKP) measurements are used to investigate the relative contributions of in-coating zinc (II) cations and phosphate anions to the inhibition of corrosion-driven cathodic disbondment by zinc phosphate (ZnPhos) pigments. Using hot-dip galvanized steel (HDG) substrates, delamination rates of model polyvinylbutyral (PVB) coatings comprising different pigment volume fractions (ϕ) of phosphate-loaded hydrotalcite and Zn(II)-exchanged bentonite are compared with those established in the presence of ZnPhos. The most powerful inhibitory effect is obtained using in-coating Zn2+, while ZnPhos pigments inhibit cathodic disbondment rather weakly and as such the principal function of phosphate is to control Zn2+ solubility.",33.0,7.444444444444445,0.7474747474747475,0.7777777777777778,0.050505050505050504,0.030303030303030304,0.5066954643628511,2022,33.55072463768116
https://doi.org/10.1016/j.corsci.2020.108514,Oxidation behaviour of solution-annealed and thermally-treated Alloy 690 in low pressure H2-Steam,2020,16,True,article,Corrosion Science,Oxidation experiments were performed on Alloy 690 in a low pressure H2-steam environment at 480 °C to investigate the effects of the microstructure and thermal treatment on the “precursors events” associated with Primary Water Stress Corrosion Cracking. Advanced analytical electron microscopy characterisation revealed that the Alloy 690 did not exhibit preferential intergranular oxidation but rather only diffusion-induced grain boundary migration promoted by the formation of an external Cr2O3 oxide layer for both material conditions (solution-annealed vs. thermally-treated). These data demonstrate that for Alloy 690 the diffusion-induced grain boundary migration is a necessary but not sufficient condition for preferential intergranular oxidation.,25.0,7.47,0.71,0.79,0.06,0.01,0.25113358911754446,2020,63.71111111111111
https://doi.org/10.1016/j.corsci.2022.110156,Zinc water chemistry reduces dissolution of FeCrAl for nuclear fuel cladding,2022,16,True,article,Corrosion Science,The use of accident tolerant fuels (ATF) will facilitate the continuing operation of light water reactors (LWR) by making them safer and more economical to operate. One of the ATF concepts is to use iron-chromium-aluminum (FeCrAl) alloys for the cladding of the fuel. These ferritic alloys were never used in power reactors before therefore their behavior needs to be characterized. Current results show a positive effect of zinc chemistry on the environmental degradation of ferritic FeCrAl. Autoclave tests at 288 °C show > 60% decrease in the dissolution rate of FeCrAl and 3–4 time decrease in the surface oxide film thickness.,20.2,6.1683168316831685,0.6435643564356436,0.7722772277227723,0.0297029702970297,0.009900990099009901,0.47688984881209506,2022,33.55072463768116
https://doi.org/10.1016/j.corsci.2018.02.030,Formation and control of nanoporous Pt ribbons by two-step dealloying for methanol electro-oxidation,2018,15,True,article,Corrosion Science,"Novel ultrafine nanoporous Pt (NP-Pt) ribbons were fabricated by dealloying melt-spun Al 85 Pt 15 and Al 85 Pt 8 Ce 7 alloys. The addtion of Ce to Al-Pt alloy changed the phase constituents and distribution of the alloy. During alkali-dealloying, CeOx nanorods formed and were distributed in NP-Pt. Sacrificial nanorods were then selectively removed during acid-dealloying, resulting in the formation of hierarchical NP-Pt ribbons with a ligament scale of approximately 3 nm. The specific surface area of the NP-Pt was 3 times greater than that of the Al 85 Pt 15 alloy without Ce. NP-Pt with a high active surface area had remarkable electro-catalytic performance and stability towards methanol oxidation.",18.5,6.198198198198198,0.7207207207207207,0.6576576576576577,0.036036036036036036,0.009009009009009009,0.1409921671018277,2018,106.38888888888889
https://doi.org/10.1016/j.corsci.2021.109557,Influence of the nitrogen content on the corrosion resistances of multicomponent AlCrNbYZrN coatings,2021,15,True,article,Corrosion Science,"In this study, the relationship between the nitrogen content and the corrosion resistances of non-equimolar multicomponent AlCrNbYZrN films (N = 13–49 at.%) is probed. While there was no linear relationship between nitrogen content and corrosion resistance, the results clearly show that the corrosion resistances of the films were instead determined by their nitrogen-induced porosities i.e. the less porous the sample, the higher the corrosion resistance. The 23, 30 and 37 at.% N samples were denser while the 13 at.% N sample was porous and the 49 at.% N film had an underdense nanocrystalline columnar cross section permitting the ingress of electrolyte.",11.222222222222221,6.336633663366337,0.6831683168316832,0.6534653465346535,0.039603960396039604,0.019801980198019802,0.406486006219458,2021,36.90163934426229
https://doi.org/10.1016/j.corsci.2021.109702,Inhibition of metal dusting corrosion on Fe-based alloy by combined near surface severe plastic deformation (NS-SPD) and thermochemical treatment,2021,15,True,article,Corrosion Science,"Combined NS-SPD and thermochemical treatment has been used to improve the metal dusting corrosion resistance of Incoloy 800. After testing under infinite carbon activity for 20−100 h, carbon was not found in the NS-SPD region while corrosion products formed in the non-NS-SPD region. The improved resistance is a result of the NS-SPD yielding a high density of defects in the deformation zone that developed into an ultra-fine-grained structure near the surface during the subsequent thermochemical treatment. These microstructural changes increase the effective diffusion coefficient for Cr in the alloy, hence promoting the formation of a highly protective oxide scale .",25.0,6.59,0.65,0.75,0.12,0.01,0.406486006219458,2021,36.90163934426229
https://doi.org/10.1016/j.corsci.2021.109779,Minor element effect on high temperature corrosion of a low-alloyed steel: Insight into alkali- and chlorine induced corrosion by means of atom probe tomography,2021,15,True,article,Corrosion Science,"High temperature corrosion remains a challenge for many high temperature applications. The corrosion resistance may be improved by the addition of minor amounts of reactive alloying elements. However, in the presence of corrosive species, such as alkali and chlorine, the corrosion rates are often highly accelerated. This study implements STEM/EDX and APT in order to shed light on a possible destructive minor element effect by investigating how the presence of minor amounts of corrosive species in the iron oxide formed on a low-alloyed steel may impair the corrosion resistance by increasing the oxide growth rate and possibly also reduce the oxide integrity.",25.5,6.431372549019608,0.6274509803921569,0.6568627450980392,0.06862745098039216,0.049019607843137254,0.406486006219458,2021,36.90163934426229
https://doi.org/10.1016/j.corsci.2021.109630,The speciation of niobium in the oxide layer of an irradiated Low-Tin ZIRLO nuclear material,2021,12,True,article,Corrosion Science,"In this study the oxidation state of niobium, within the oxide layer of a low-tin ZIRLO1 irradiated in a nuclear reactor, is examined using synchrotron. The unique set up allows simultaneous acquisition of X-ray florescence (XRF) and X-ray diffraction (XRD) maps. A gradual oxidation and evolution of niobium is observed and quantified which is then compared with the information on the distribution of oxide phases revealed by XRD. The results are discussed with the aim to better understand the hydrogen uptake mechanism for this material, particularly the cause of the increased resistance to hydrogen uptake seen in niobium containing alloys.",25.0,6.36,0.63,0.7,0.02,0.02,0.32518880497556646,2021,36.90163934426229
https://doi.org/10.1016/j.corsci.2020.108634,Three-dimensional characterization of an oxide scale on ATI 718Plus® superalloy,2020,11,True,article,Corrosion Science,"The presented study was devoted to the characterization of a scale formed on the ATI 718Plus® superalloy. Novel complementary techniques were applied to precisely describe the structure, chemistry, morphology of the scale as well as the spatial distribution of phases formed during oxidation. The study revealed a discontinuous interlayer of the δ-Ni3Nb phase that had developed underneath the protective Cr2O3 scale. Al2O3 particles, which had precipitated predominantly at grain boundaries, and isolated chromia particles were present in the internal oxidation zone. Nanosized γ phase precipitates enriched with Fe and Co were embedded into the scale.",19.0,6.768421052631579,0.6736842105263158,0.7157894736842105,0.042105263157894736,0.0,0.17265434251831183,2020,63.71111111111111
https://doi.org/10.1016/j.corsci.2020.108699,Modelling of the degradation of martensitic stainless steels by the Boudouard reaction,2020,11,True,article,Corrosion Science,"Numerical modelling of the degradation of P92 and VM12 martensitic stainless steels in gaseous (i) 70% CO2-30%H2O and (ii) Ar-50%CO2 at 550 °C is reported, emphasising the formation of duplex oxide scale and internal carburisation. A 1D numerical model is presented for the evolution of multiphase regions, subject to a Robin-type boundary condition representing a Boudouard surface reaction. The surface reaction kinetics at the spinel/substrate interface and the carbon transport kinetics in the substrate result in unusual carbon concentration profiles, measured here by glow-discharge optical emission spectroscopy (GDOES). Analysis of experimental data indicates that moisture decreases the rate of the surface reaction, despite higher carbon activity of the gas.",27.25,6.908256880733945,0.6972477064220184,0.7522935779816514,0.07339449541284404,0.009174311926605505,0.17265434251831183,2020,63.71111111111111
https://doi.org/10.1016/j.corsci.2022.110809,Wear-reducing nickel-phosphorus and graphene oxide-based composite coatings: Microstructure and corrosion behavior in high temperature geothermal environment,2022,11,True,article,Corrosion Science,"Polymer coating modified with graphene oxide (GO) and duplex electroless Nickel-Phosphorus (Ni-P) with polytetrafluoroethylene (PTFE) coating were investigated for their corrosion behavior in simulated high-temperature geothermal environments with/without H2S and CO2 gases for geothermal applications. The polymer coating with added GO nanosheets demonstrated low wetting ability and suppressed corrosion effects of the substrate at 120 °C. The Ni-P/PTFE duplex coating with the lowest P content was suitable in an H2O liquid environment at 120 °C while high P was more promising in the two-phase CO2/H2S environment. Nevertheless, all the coatings were unprotective and allowed substrate corrosion at 250 °C in the H2S/CO2 environment.",25.75,7.058252427184466,0.7184466019417476,0.6990291262135923,0.038834951456310676,0.0,0.3278617710583154,2022,33.55072463768116
https://doi.org/10.1016/j.corsci.2021.109629,Comparison of elemental resolved non-confined and restricted electrochemical degradation of nickel base alloys,2021,10,True,article,Corrosion Science,"• With a spectroelectrochemical flow cell the communication of the crevice enables studying solution chemistry in confinement. • Degradation in a crevice is compared to freely-exposed conditions by dissolution profiles and surface composition. • Mo forms stable passive Mo(VI) layers under open corrosion, while it remains soluble under crevice conditions. Passive film properties of nickel base alloys (NBAs) have been studied extensively, yet elemental resolved dissolution currents under corrosive conditions are less well studied. Here, we compare elemental dissolution currents during anodic polarisation and repassivation under crevice and freely-exposed conditions for various NBAs using an ICP-MS flow-cell approach. With a new sample design we can track communication of a crevice environment with the electrolyte, providing insight into crevice solution chemistry and solubility of passive film-forming elements. Data indicates Mo can only form stable precipitate layers under openly corroding conditions. Local elemental depletion was further examined by XPS and nanometer resolved XRF.",18.875,7.152317880794702,0.7350993377483444,0.6821192052980133,0.052980132450331126,0.013245033112582781,0.270990670812972,2021,36.90163934426229
https://doi.org/10.1016/j.corsci.2021.109864,Challenges to electrochemical evaluation of nanometric sandwiched thin specimens using liquid cells designed for application in liquid-phase TEM corrosion studies,2021,10,True,article,Corrosion Science,"Liquid-phase transmission electron microscopy (LP-TEM) has provided corrosion scientists with a unique opportunity to directly correlate nanoscopic morphological and compositional evolutions to the corresponding electrochemical response of corroding thin TEM specimens. Electrochemical liquid cell designs are key components of a LP-TEM study towards an implementation which is representative for realistic exposure conditions of bulk samples. However, the application of commercially available liquid cells in corrosion studies brings along an important shortcoming of galvanic coupling effects due to the inevitable connection of the TEM specimens with Pt patterned electrodes. Here, we introduce an approach of fabricating electrochemical liquid cells to alleviate the current cell design challenge for corrosion studies. Besides, we present a protocol for preparing thin specimens to be electrochemically investigated with our home-made electrochemical liquid cell. We finally confirm the effectiveness of this methodology by electrochemically evaluating thin specimens of AA2024-T3 in an open-cell configuration through open circuit potential and potentiodynamic polarisation measurements.",25.666666666666668,7.6558441558441555,0.7142857142857143,0.6948051948051948,0.03896103896103896,0.0,0.270990670812972,2021,36.90163934426229
https://doi.org/10.1016/j.corsci.2022.110110,Effect of the microstructure of Haynes 282 nickel-based superalloys on oxidation behavior under oxy-fuel combustion conditions,2022,10,True,article,Corrosion Science,"The effect of the Haynes 282 microstructure on its oxidation behavior was investigated using X-ray diffraction, scanning electron microscopy, electron backscatter diffraction, transmission Kikuchi diffraction, and transmission electron microscopy. Specimens with different grain sizes were oxidized at 760 °C in O2 + 100 ppm SO2 to simulate oxy-fuel combustion conditions. Small-grained, deformed specimens showed a high oxidation rate at the initial stage. However, the small-grained specimen exhibited superior oxidation resistance at the later stage of oxidation, with Cr depletion being suppressed only in this specimen. These different oxidation behaviors are discussed in terms of Cr and Ti supplied from the matrix.",20.2,6.99009900990099,0.7326732673267327,0.7425742574257426,0.019801980198019802,0.009900990099009901,0.29805615550755943,2022,33.55072463768116
https://doi.org/10.1016/j.corsci.2021.109542,Investigation of the importance of heat transfer during thin electrolyte formation in atmospheric corrosion using a novel experimental approach,2021,9,True,article,Corrosion Science,"During atmospheric corrosion of metals, the evolution of thin-film electrolyte thickness is the primary factor that determines corrosion rate. Understanding the evolution of the electrolyte thickness as a function of the key environmental parameters is yet to be achieved. Therefore, in the present article, a novel methodology has been developed to conduct experiments under regulated environment to measure the evolution of the film thickness on an undisturbed metal surface using an interferometer. Experimental results are compared with the previously developed simulation model. The heat transfer coefficient is noted as a critical parameter influencing the film characteristics and resulting corrosion rate.",20.0,7.04,0.67,0.68,0.05,0.01,0.24389160373167482,2021,36.90163934426229
https://doi.org/10.1016/j.corsci.2022.110356,Interfacial delamination of a sandwich layer by aqueous corrosion,2022,9,True,article,Corrosion Science,"The mechanism of aqueous delamination of a methyl methacrylate -based adhesive layer, sandwiched between two steel plates, is investigated by a systematic series of critical tests. These tests include starving the specimen of oxygen, varying the aqueous environment from de-ionised water to water with a high concentration of salt, and varying the mechanical constraint imposed by the sandwich. Sandwich construction starves the delamination crack tip of oxygen, and delamination occurs by water attack of the interface. In contrast, an adhesive coating on a steel substrate undergoes cathodic delamination when oxygen is present at the crack tip and the delamination crack is filled with salt water.",26.25,6.552380952380952,0.6476190476190476,0.6,0.009523809523809525,0.0,0.2682505399568035,2022,33.55072463768116
https://doi.org/10.1016/j.corsci.2022.110723,Synergistic effect of ionic liquid (IL) cation and anion inhibits negative difference effect on Mg in water - IL mixtures,2022,9,True,article,Corrosion Science,"Strong Negative Difference Effect (NDE) is present on Mg alloys in [mPEG n MPyr]ClO 4 -H 2 O and [BMPyr]AcO-H 2 O but not in [mPEG n MPyr]AcO-H 2 O mixtures. The role of [mPEG n MPyr] + and its synergy with AcO - in water-ionic liquids mixtures were characterized combining surface analysis by ToF-SIMS, surface and solution analysis by vibration spectroscopies and molecular dynamics simulations . The NDE was explained by the “free” water phase formation when Mg 2+ -ions expel water initially H-bonded with AcO - . Oxygen atoms of [mPEG n MPyr] + can bond the released water, inhibiting the NDE. Water transport can be reduced by a condensed film, formed by [mPEG n MPyr] + and AcO - coordinated with Mg 2+ and Al 3+ .",26.0,5.407692307692308,0.7461538461538462,0.6,0.007692307692307693,0.007692307692307693,0.2682505399568035,2022,33.55072463768116
https://doi.org/10.1016/j.corsci.2023.111376,Improved corrosion resistance of cathodic arc evaporated Al0.7Cr0.3−xVxN coatings in NaCl-rich media,2023,9,True,article,Corrosion Science,"The corrosion resistance of cathodic arc evaporated Al0.7Cr0.3-xVxN coatings with a vanadium content up to 22.3 at.% has been electrochemically tested in a 0.1 M NaCl-solution. Significant improvement in the open porosity and corrosion rate was observed for coatings with higher V-contents, due to a denser and more refined coating morphology. Further reduction in the open porosity rate was achieved through an annealing step in air at 700 °C. Here, the formation of an AlVO4 top-oxide and underlying oxygen-rich V-depletion zone provides additional sealing of the coating surface, whilst reducing the corrosion current density to a final 1.59×10-9 A/cm2.",9.9,6.414141414141414,0.696969696969697,0.8080808080808081,0.08080808080808081,0.010101010101010102,0.3279352226720648,2023,27.444444444444443
https://doi.org/10.1016/j.corsci.2023.111388,Model development methodology for localized corrosion of copper,2023,8,True,article,Corrosion Science,"A 2-D axisymmetric time-dependent model for the corrosion of copper under an Evans droplet was developed using the finite-element method. Some unique features of the model are inclusion of 6 heterogeneous and 15 homogeneous reactions, implicit calculation of nm-scale films, and treatment of the influence of films on surface concentrations and potentials. Cathodic and anodic regions are not pre-defined on the electrode surface but are determined by values of local concentrations and potentials. The model shows time-dependent radial distributions for current density and surface coverage of films. The present work describes the methodology for the development of this mechanistic model.",20.0,6.78,0.64,0.69,0.05,0.01,0.29149797570850206,2023,27.444444444444443
https://doi.org/10.1016/j.corsci.2024.111937,Effects of Bi on microstructure and corrosion behavior of Zr-1 Nb alloy in 500 °C/10.3 MPa superheated steam,2024,8,True,article,Corrosion Science,"The effects of Bi on the microstructure and corrosion behavior of Zr-1 Nb alloy in superheated steam at 500 °C/10.3 MPa were investigated. Results revealed that addition of trace amount of Bi improved the corrosion resistance of Zr-1 Nb alloy . Based on the experimental and DFT calculation results, we propose that the reduction of micro-pores and micro-cracks in the oxide film is mainly attributed to Bi 3+ stabilizing the tetragonal phase and reducing the volume expansion of the tetragonal→monoclinic phase transition. Meanwhile, Bi can improve the proportion of columnar grains by delaying the microstructural evolution from columnar grains to equiaxed grains.",20.4,6.421568627450981,0.6470588235294118,0.6666666666666666,0.058823529411764705,0.0196078431372549,0.5135406218655968,2024,15.578125
https://doi.org/10.1016/j.corsci.2024.111954,Time-dependent high-pressure CO2-induced corrosion and mechanical degradation in lightweight fly-ash cement/P110 steel system,2024,8,True,article,Corrosion Science,"This study innovatively investigated CO 2 -induced corrosion and mechanical degradation in lightweight fly-ash cement/P110 casing steel system under normal and high pressures. Key findings revealed time-dependent corrosion and mechanical evolution. Under normal pressure, cement properties peaked at 28 days, contrasting with 21 days under high pressure. Simultaneously, the corrosion rate of steel steadily increased, particularly under high pressure. A two-stage degradation process was proposed based on cement hydration and corrosion competition. Higher pressure accelerated degradation through intensified cement carbonation and cement/casing interfacial cracking. The predicted 30-year carbonation depth under high pressure was 51 mm based on the established fitting equation ( H = 3.7026 t 0.2919 − 4.8205 ).",11.0,7.236363636363636,0.8,0.7727272727272727,0.03636363636363636,0.00909090909090909,0.5135406218655968,2024,15.578125
https://doi.org/10.1016/j.corsci.2019.01.038,Alloy degradation in a co-firing biomass CFB vortex finder application at 880 °C,2019,7,True,article,Corrosion Science,"Mechanisms of alloy degradation in a fireside N-S-O-C-H-Cl-Na-K atmosphere at 880 °C were elucidated using SEM-EDS, chemical equilibrium calculations, and XRD. Alloys 310S, 800H/HT, and 600 were studied after 0, 8000, and 16,000 h exposure in a boiler co-firing biomass waste. For 310S and 800H/HT it was shown that nitrogen formed internal Cr nitrides lowering the Cr activity and inhibiting internal alloy Cr permeation, and that NaCl and Na2SO4 reacted with Cr oxide to form chromate and to accelerate the S and the Cl pickup. Alloy 600 showed no nitride or major chromate formation.",23.5,6.01063829787234,0.7021276595744681,0.8085106382978723,0.0425531914893617,0.0,0.14489650249821556,2019,48.310344827586206
https://doi.org/10.1016/j.corsci.2023.110959,The influence of oxygen partial pressure on the base oxide of chromia forming steels: The story prior to breakaway oxidation,2023,7,True,article,Corrosion Science,"The influence of pO2 on the base oxide formed on 304 L stainless steel has been investigated at 600 °C. The alloy was exposed in 5%O2-95%N2 and 10%H2-20%H2O-Ar atmospheres and the initial stages of oxidation were analysed by TEM and EDX. In both environments, the thin scale consists of a Cr-rich oxide overlaid by a FeCrMn oxide. However, the subscale formed in H2-H2O is richer in Cr compared to the 5%O2-95%N2 case (∼90 cation% and ∼70 cation% respectively). The findings are in good agreement with thermodynamic calculations and can explain breakaway oxidation of marginal chromia forming steels in H2-H2O.",19.8,5.9393939393939394,0.6565656565656566,0.7676767676767676,0.050505050505050504,0.020202020202020204,0.2550607287449393,2023,27.444444444444443
https://doi.org/10.1016/j.corsci.2023.111010,Oxidation inhibition of 3D printed porous steel by ceria-activated multilayers,2023,7,True,article,Corrosion Science,A 3D-printed porous 410 L steel support with a novel ceramic multi-coating is fabricated to improve the oxidation resistance of porous metal components for extreme conditions. Simplified support´s morphology with straight channels fabricated by laser powder bed fusion enhances the applicability of wet-chemical coating methods. A multi-coating method combining electrophoretic deposition and infiltration improves the ceramic/steel interface. Ceria-based coatings with catalytic activity towards H2O and O2 provide both physical and dynamic chemical protection mechanisms. Excellent electro-chemo-mechanical stability and superior corrosion resistance (0.26 ×10-15 g2 cm4 s-1) are shown at 750 °C in air-3 % H2O for 122 h.,16.333333333333332,7.204081632653061,0.7653061224489796,0.9081632653061225,0.05102040816326531,0.0,0.2550607287449393,2023,27.444444444444443
https://doi.org/10.1016/j.corsci.2023.111364,Role of Zn injection on mitigating stress corrosion cracking initiation of Alloy 182 weld metal in simulated light water reactor environment,2023,7,True,article,Corrosion Science,"The stress corrosion cracking (SCC) behaviour of nickel-based weld metal Alloy 182 was studied in simulated light water reactor environments with or without zinc (Zn) addition. Accelerated SCC initiation tests with flat tapered tensile specimens, as well as SCC initiation and short crack growth tests with compact tension specimens revealed that Zn injection is able to effectively mitigate SCC. Even the lowest tested Zn concentration of 15 ppb seems to be enough to achieve a significant mitigation effect on SCC initiation and short crack growth. This beneficial effect may be related to the modified surface oxide film by Zn incorporation.",25.0,6.38,0.72,0.77,0.05,0.05,0.2550607287449393,2023,27.444444444444443
https://doi.org/10.1016/j.corsci.2023.111675,Delayed parabolic oxidation via transient thermal exposures on a polycrystalline nickel-based superalloy,2023,7,True,article,Corrosion Science,"Multiple oxides were observed during the transient oxidation stage of the polycrystalline Ni-based superalloy, RR1000, before a protective Cr2O3 scale formed. Thermogravimetric analysis, synchrotron grazing incidence X-ray diffraction, and electron microscopy were performed on samples subjected to isothermal exposures at 800 °C for up to 100 hours. Transient effects governed the early stages up to 40 hours. NiO, spinels (NiCr2O4, (Ni,Co)(Cr,Co)2O4), Cr2O3/(Cr0.88Ti0.12)2O3, NiTiO3, and CrTaO4 formed during the initial stage with pseudo-linear kinetics. At the onset of parabolic kinetics, extensive Cr2O3 and TiO2 growth dominated scale formation with the former emerging as the major passivating oxide.",13.714285714285714,7.15625,0.7083333333333334,0.8333333333333334,0.041666666666666664,0.0,0.2550607287449393,2023,27.444444444444443
https://doi.org/10.1016/j.corsci.2024.112027,CO2 corrosion resistance of low-alloy steel tempered at different temperatures,2024,7,True,article,Corrosion Science,"The microstructure and corrosion resistance in a CO2-saturated salt solution have been examined for a low-alloy steel subjected to different tempering treatments. It is found that corrosion resistance increases with increasing tempering temperature from 300°C to 600°C. Tempering at the different temperatures affects the formation of the corrosion scale. Comparing different samples after corrosion tests, iron oxy-hydroxide chloride is found to be more prevalent in the sample tempered at 600°C. This sample also demonstrates delayed development of a semi-protective iron carbonate layer. Cementite lamellae produced by high-temperature tempering enable increased retention of Fe2+ ions and thus restoration of dissolved scale.",16.666666666666668,7.17,0.67,0.75,0.05,0.01,0.4493480441323972,2024,15.578125
https://doi.org/10.1016/j.corsci.2024.112061,Spatiotemporally resolved corrosion protection of AA2024-T3 by a lithium-based conversion layer,2024,7,True,article,Corrosion Science,"In this work, the corrosion mechanism of AA2024-T3 covered by a lithium-based conversion layer is studied with high spatial and temporal resolution. Although the aluminium alloy surface is protected by a multi-layered conversion layer, areas around intermetallic phases (IMPs) represent weak spots due to an insufficient generation of a protective inner dense layer. For the freshly formed conversion layer, both the top and the inner layer undergo a gradual dissolution upon exposure to relatively dilute NaCl solution within 2 h due to their chemical instability. For the ambiently-aged conversion layer, most corrosion activity around IMPs is related to the S-phase and large constituent phases, due to their active nature and the lower local conversion layer quality, respectively. Moreover, S-phase-related corrosion activity lasts approximately 8 h due to fast dissolution whereas reactions induced by large constituent particles remain active over the entire re-immersion period of 12 h.",29.2,6.671232876712328,0.6986301369863014,0.678082191780822,0.03424657534246575,0.02054794520547945,0.4493480441323972,2024,15.578125
https://doi.org/10.1016/j.corsci.2024.112261,High-throughput aqueous passivation behavior of thin-film vs. bulk multi-principal element alloys in sulfuric acid,2024,7,True,article,Corrosion Science,"Multi-principal element alloys have the potential to show excellent passivation behavior. However, the detailed compositional and crystal structure design of these alloys requires a high-throughput strategy. We used combinatorial thin-film libraries of single-phase (FeCoNi)1-x-yCrxAly alloys and compared their passivation behaviors to corresponding bulk alloys. Our results demonstrate that the detailed passivation behaviors of thin-films and bulk alloys are different which is related to both nanoscale porosity within the thin-films and grain boundary dissolution. Nevertheless, we found that comparisons made among suitably designed sets of thin-film alloys can be used to determine the best corrosion performing bulk alloy composition.",19.6,7.408163265306122,0.673469387755102,0.7653061224489796,0.07142857142857142,0.02040816326530612,0.4493480441323972,2024,15.578125
https://doi.org/10.1016/j.corsci.2024.112451,Surface treatments on 3D printed Ti6Al4V biomedical plates to enhance corrosion resistance in simulated physiological solutions and under inflammatory conditions,2024,7,True,article,Corrosion Science,"Ti6Al4V biomedical plates were fabricated by Laser Powder Bed Fusion using different process parameters. A slight influence of the laser energy density on mechanical properties and microstructure was revealed. Chemical etching allowed to make the surface of 3D samples uniform removing also spheres of unfused material. After etching some samples were anodized in calcium acetate and β-glycerolphosphate containing solution to grow a Ca and P containing porous TiO 2 layers. The chemical etching improved the corrosion resistance of the alloy in simulated body fluid, while only after anodizing the alloys resulted to be corrosion resistant under inflammatory and severe inflammatory conditions. • Ti6Al4V plates were fabricated by 3D printing using different scanning strategies. • 3D printed samples were anodized in calcium and phosphate containing solution. • Anodic layer is a n-type semiconductor with a very positive flat band potential. • Anodized samples resulted to be corrosion resistant under inflammatory conditions.",16.666666666666668,6.78,0.7466666666666667,0.6333333333333333,0.013333333333333334,0.013333333333333334,0.4493480441323972,2024,15.578125
https://doi.org/10.1016/j.corsci.2024.112605,Austenitization triggering breakaway oxidation of FeCr-base alloys at 900 °C,2024,7,True,article,Corrosion Science,"Oxidation of Fe18Cr-X (X = Mo, Si) alloys in Ar-H 2 -H 2 O gas mixtures has been studied at 900 °C. The α-to-γ transformation at the Cr-depleted specimen edges is demonstrated to be the primary reason of breakaway oxidation. A diffusion analysis predicted protective behavior for ferritic (BCC) Fe-18Cr at 900 °C and loss of protection once austenite (FCC) is formed. Alloying Fe-18Cr with Si or coating with Ce resulted in a significantly lower oxidation rate and thus protective oxidation behavior while alloying with a ferrite stabilizing element (Mo) completely prevented breakaway oxidation not affecting the oxidation rate. • Binary ferritic Fe-18Cr alloy suffers from severe breakaway oxidation at 900 °C • Breakaway oxidation initiates at sharp edges and spreads laterally over the entire surface. • Coating Fe-18Cr with 10 nm Ce lowers oxidation rate and thus suppresses catastrophic oxidation. • Alloying Fe-18Cr with 0.5 % Si or 2 % Mo results in a protective oxidation behavior. • An austenitization mechanism of breakaway oxidation is proposed and validated.",18.77777777777778,6.201183431952662,0.7455621301775148,0.5976331360946746,0.01775147928994083,0.011834319526627219,0.4493480441323972,2024,15.578125
https://doi.org/10.1016/j.corsci.2023.111284,A mechanistic study on dealloying-induced stress corrosion cracking of Alloy 800 in boiling caustic solutions,2023,6,True,article,Corrosion Science,"Alloy 800 (Fe-30Ni-20Cr) is used in steam generators of some nuclear power plants . In-service performance has been excellent, but stress corrosion cracking (SCC) can occur in certain off-chemistry environments. In this study, the SCC mechanism for Alloy 800 in boiling caustic solution is investigated. After exposure, a Ni-rich porous surface film is formed with a large density of cracks. Complementary electron microscopy techniques are applied to study the SCC mechanism at the nanoscale from chemical and mechanical perspectives. Results suggest SCC initiation occurs by transmission of a micro-crack from the Ni-rich layer into the substrate material via a cleavage mechanism.",16.833333333333332,6.603960396039604,0.7029702970297029,0.8118811881188119,0.04950495049504951,0.04950495049504951,0.21862348178137653,2023,27.444444444444443
https://doi.org/10.1016/j.corsci.2024.112284,Cold sprayed Ta-Ag composites: Mechanistic insight into enhanced corrosion resistance and antibacterial ability,2024,6,True,article,Corrosion Science,"In this work, cold spray was used to produce Ta-xAg metal matrix composites (MMCs). The addition of Ag prevents Ta matrix from corrosion and simultaneously induces excellent antibacterial ability. Additionally, varied soft Ag volumes in feedstock powder led to a synergistic deposition phenomenon, profoundly affecting Ag dissolution and correlated antibacterial performance via a microstructural mechanism. Taking advantage of it, a robust antibacterial ability can be facilitated by minimal Ag usage.",17.5,7.042857142857143,0.7571428571428571,0.8142857142857143,0.04285714285714286,0.02857142857142857,0.38515546639919757,2024,15.578125
https://doi.org/10.1016/j.corsci.2025.112951,Understanding the Al diffusion pathway during atmospheric corrosion of a Mg-Al alloy using atom probe tomography,2025,6,True,article,Corrosion Science,"Magnesium alloys continue to play a significant role in the context of lightweight structural materials, albeit that corrosion susceptibility remains a limit to their wider use. Most research to date has focused on aqueous corrosion of Mg alloys, whilst atmospheric corrosion remains poorly understood. Using atom probe tomography and a novel in-situ coating method, the native oxide layer in an additively manufactured Mg-Al alloy (AZ111) was investigated. Aluminum was found to diffuse outwards during oxidation and to be incorporated into a Mg-oxide/hydroxide rather than forming the postulated Al₂O₃ layer. This study advances the understanding of magnesium oxidation. • In-situ metal coating of APT specimens enable the analysis of the native oxide around the entire specimen of an AZ111 alloy. • Al-rich nanoclusters could be found in the LBPF produced AZ111 alloy – providing a short diffusion pathway for Al. • No evidence of the formation of an Al enriched layer (Al 2 O 3 ) at the oxide-metal interface during atmospheric corrosion. • Al incorporation was found in the surface layer of Mg hydroxide/oxide.",19.333333333333332,6.304597701149425,0.7011494252873564,0.632183908045977,0.034482758620689655,0.04597701149425287,0.7904191616766467,2025,7.590909090909091
https://doi.org/10.1016/j.corsci.2024.112045,Quantitative phase-field model to simulate low carbon steel aqueous corrosion phenomena,2024,5,True,article,Corrosion Science,"A quantitative phase-field model has been developed to simulate aqueous corrosion on low carbon steel under chloride-based electrolytes at different pHs. All relevant transport phenomena are included through physically interpretable variables. In particular, both diffusion and migration charge transport are modelled. Separated electrical potentials for the electrolyte and the metal are considered, and physically meaningful boundary conditions are provided. Using this model, different polarization conditions can be predicted and many parameters not observable/challenging during experiments, can be obtained. Finally, since the proposed model includes different time scales, a segregated numerical integration algorithm is proposed to speed up simulations.",16.333333333333332,7.622448979591836,0.7040816326530612,0.8163265306122449,0.07142857142857142,0.04081632653061224,0.320962888665998,2024,15.578125
https://doi.org/10.1016/j.corsci.2024.112115,"Corrosion of austenitic and ferritic steels, Kovar, and molybdenum in liquid Sb-Bi alloys with different compositions",2024,5,True,article,Corrosion Science,"Sb-Bi alloys may be applied as positive electrode in liquid metal batteries. In this work, the material compatibility of two steels (SS 316 L and T91), Kovar 4J29, and molybdenum with SbBi9, Sb2Bi8, and Sb3Bi7 is investigated in static corrosion tests for 740 h at around 450 °C. Kovar shows severe dissolution attack (800 µm depth for SbBi9), which is mitigated at higher Sb contents due to the formation of Fe-Sb compounds. Both steels exhibit moderate corrosion depths (10-20 µm) for all Sb-Bi alloys thanks to the additional formation of stable Fe-Cr-Sb compounds. Good corrosion resistance is obtained for molybdenum.",20.0,6.05,0.7,0.77,0.04,0.02,0.320962888665998,2024,15.578125
https://doi.org/10.1016/j.corsci.2024.112212,Quantitative study on the metal dissolution reaction with multivalent cations by a modified SECM mode: Pure Ti as a case,2024,5,True,article,Corrosion Science,"Metal corrosion exhibits coupled multi-reaction features, making it challenging to quantitatively study the dissolution reaction with variable-valent cations, particularly in valence quantification. This work develops a novel scanning electrochemical microscopy mode and applies it to Ti dissolution study in acidic fluorides. This mode identifies the potential-dependent corrosion reactions and quantifies the valence evolution of Ti from HER to transpassive regions. Results provide direct electrochemical evidence for soluble Ti( z ≤3), for the first time, and revise the reported dissolution equation. The proposed mode overcomes the drawbacks of macro-electrochemical analysis based on coupling information and provides an effective quantitation method for anodic reactions .",20.6,7.446601941747573,0.6990291262135923,0.7475728155339806,0.05825242718446602,0.019417475728155338,0.320962888665998,2024,15.578125
https://doi.org/10.1016/j.corsci.2024.112270,Intermetallic particles distribution in 7010-T7451 and 7175-T6 aluminium alloys substrate impacts cathodic stability of silicate sealed anodic oxide film,2024,5,True,article,Corrosion Science,"Effect of silicate sealing on tartaric sulphuric acid anodized 7010-T7451 and 7175-T6 alloys with different distributions of intermetallics (IMPs) in aluminum substrates was studied. Surface characterisations evidenced similar morphology and chemical composition of the sealed layers on both substrates. Electrochemistry and time-lapse microscopy demonstrated the layer’s stability under anodic polarization and its localized pitting under cathodic polarization in NaCl electrolyte. No chemical or morphological modifications were detected outside of the pits. The number and size of the pits depended on the IMPs distribution in the alloy, buried under 6 µm thick oxide. A degradation mechanism explaining these observations was proposed.",16.666666666666668,7.29,0.66,0.78,0.09,0.0,0.320962888665998,2024,15.578125
https://doi.org/10.1016/j.corsci.2024.112318,"Anoxic corrosion of carbon steel in high pH cementitious media and high temperature conditions: New insights on the formation of (Fe,Al)Si-hydrogarnet corrosion product",2024,5,True,article,Corrosion Science,"The corrosion of carbon steel in alkaline anaerobic conditions and high temperature (80°C) was studied through mock-up tests representative of imperfect contact between steel and cementitious material. The evolution of the whole system, including cement mineralogy, reservoir solution chemistry, corrosion product and rate, was followed over one year. SEM-EDX and XRD analyses indicated that the corrosion product layer was mostly constituted of (Fe,Al)Si-Hydrogarnet ((Fe,Al)Si-HG) and that its densification progressively inhibited corrosion. Thermodynamic and reactive transport modelling helped to better constrain the chemical and temperature conditions of (Fe,Al)Si-HG formation.",22.0,7.6022727272727275,0.7045454545454546,0.7840909090909091,0.056818181818181816,0.03409090909090909,0.320962888665998,2024,15.578125
https://doi.org/10.1016/j.corsci.2024.112410,Corrosion behavior of laser powder bed fusion manufactured nickel-free stainless steels in high-temperature water,2024,5,True,article,Corrosion Science,The paper presents a comprehensive investigation of electrochemical behavior of laser powder bed fusion (PBF-LB/M) nickel-free stainless steels in high-temperature water. The PBF-LB/M nickel-free steels processed with various laser parameters and heat treatments exhibit tunable microstructures. Electrochemical impedance spectroscopy (EIS) indicates a 2–3 times lower oxidation rate for the nickel-free steels compared to wrought 316 L. The outer layer crystallites on nickel-free steels are close to pure Fe oxides. The significantly lower concentration of Ni in the inner oxide and at the alloy/oxide interface account for the important variations of the parameters of water reduction/hydrogen oxidation reactions than wrought 316 L. • Corrosion behavior of PBF-L nickel-free steel in high-temperature water was studied. • Laser parameters and heat treatment can tune the microstructure of Ni-free steels. • PBF-L nickel-free steels have much lower corrosion rates than wrought 316 L.,17.375,6.9496402877697845,0.7338129496402878,0.6115107913669064,0.05755395683453238,0.02158273381294964,0.320962888665998,2024,15.578125
https://doi.org/10.1016/j.corsci.2024.112604,"A high throughput investigation of Al and Cr additions to the Ti-Fe system via diffusion couple technique, and the oxidation characteristics of a microstructural gradient",2024,5,True,article,Corrosion Science,"A diffusion couple of Ti-Fe-Al to Ti-Fe-Cr alloys was assembled to rapidly assess the effects of Al and Cr additions to the Ti-Fe binary system. The entire Ti-Fe-Al-Cr compositional and microstructural gradient was oxidised at 650 °C for various time periods. Multi-layered scales formed across the entire gradient, dominated by rutile-TiO 2 , but also containing discontinuous alumina-Al 2 O 3 and hematite-Fe 2 O 3 . A composition Ti-16Fe-4.5Al-5.8Cr (at%) corresponding to the bcc -B2 target microstructure was determined, and the stability of these oxides was evaluated through a standard thermodynamic methodology. The calculations suggest that secondary oxides do not form at the alloy/TiO 2 interface. • Diffusion couple evaluation of oxidation resistance in Ti-16Fe with Al/Cr gradient. • Ti-Fe-Al/Cr alloys with bcc matrix strengthened by ordered-bcc TiFe precipitates. • Multi-layered scales of TiO 2 , Fe 2 O 3 and Al 2 O 3 oxides observed, dominated by TiO 2 . • Stability of oxides predicted using a thermodynamic methodology.",14.727272727272727,6.179012345679013,0.7345679012345679,0.5925925925925926,0.037037037037037035,0.012345679012345678,0.320962888665998,2024,15.578125
https://doi.org/10.1016/j.corsci.2025.112930,The role of secondary phases on SCC initiation of Alloy 718 in simulated PWR primary water,2025,5,True,article,Corrosion Science,"Stress corrosion cracking (SCC) initiation behavior of Alloy 718 with different precipitates was studied by slow strain rate tensile testing (SSRT) in a simulated pressurized water reactor (PWR) primary water environment. It was found that both nano-precipitates (γ', γ'' phases) and δ phases enhanced the SCC susceptibility . Nano-precipitates significantly suppressed the interior slip and increased the local stress concentration at grain boundaries (GBs), thus promoting the initiation of intergranular (IG) cracks. GBs oriented perpendicular to the loading direction favored IG crack propagation . Preferential oxidation of the δ phases and the δ/γ interface were precursors to crack initiation, thereby increasing the SCC susceptibility . The shape of δ phases affected the oxidation degree, and more severe oxidation was observed on needle-like δ phases.",20.666666666666668,6.814516129032258,0.75,0.7096774193548387,0.04838709677419355,0.024193548387096774,0.6586826347305389,2025,7.590909090909091
https://doi.org/10.1016/j.corsci.2025.113029,Design of an EIS-based sensor for indirect non-invasive corrosion inspection,2025,5,True,article,Corrosion Science,"Electrochemical Impedance Spectroscopy (EIS) is a powerful quantitative technique to study metal corrosion. However, conventional EIS measurements require immersing the sample in liquid electrolytes and direct electrical connection to the metal substrate, limiting its feasibility for non-destructive testing and field use. This study introduces a novel non-invasive EIS sensor with a compact dual-compartment structure and an agar-based solid electrolyte, enabling a good fit for different surfaces and rapid measurements without sample immersion or wired contact with the substrate. The sensor’s performance has been tested on bare and coated metals under laboratory conditions and compared quantitatively with conventional EIS. The reliability and repeatability of the obtained impedance spectra have been validated, and the effects of key sensor parameters and experimental settings (e.g., measurement distance, reference electrode, working electrode, and AC potential amplitude) on impedance response have been systematically investigated. In addition, appropriate experimental protocol and data processing methodology have been established. The results demonstrate that the proposed method provides high-quality, analyzable impedance spectra comparable to conventional EIS after removing the contribution of the sensor’s self-impedance. Impedance analysis of coated metals indicates that the current path traverses the coating interface and conducts through the metal substrate rather than solely through the coating. Furthermore, the sensor successfully determined the coating thickness consistent with the sample characteristics. This work advances indirect impedance measurements and offers a viable solution for rapid, non-invasive corrosion inspection and coating assessment.",19.333333333333332,7.564655172413793,0.6982758620689655,0.646551724137931,0.02586206896551724,0.01293103448275862,0.6586826347305389,2025,7.590909090909091
https://doi.org/10.1016/j.corsci.2025.113076,Dual role of marine bacteria Pseudoalteromonas NCIMB 2021 in corrosion of mild steel in artificial seawater,2025,5,True,article,Corrosion Science,"The modifications in corrosion resistance and local surface modifications caused by the colonization of Pseudoalteromonas NCIMB 2021 bacteria on mild steel in artificial seawater were investigated using electrochemical techniques, Scanning Electron Microscopy and Time-of-Flight Secondary Ion Mass Spectrometry. A dual role of these bacteria on corrosion resistance was observed and characterized. While an improvement in corrosion resistance was obtained in the presence of the bacteria, the colonized surface is locally modified and once the bacteria are removed, the previously colonized areas are exposed, leading to enhanced localized corrosion.",29.333333333333332,7.284090909090909,0.7045454545454546,0.6931818181818182,0.045454545454545456,0.011363636363636364,0.6586826347305389,2025,7.590909090909091
https://doi.org/10.1016/j.corsci.2023.111805,Iron oxide fluxing and precipitation in sulphate deposits during heat-resistant alloy corrosion in simulated combustion gas,2023,4,True,article,Corrosion Science,"Two ferritic alloys, Fe-25Cr and Fe-25Cr-2Mn-1Si, and two austenitic alloys, Fe-25Cr-20Ni and 310SS, coated with a thin film of Na2SO4-K2SO4 mixture were exposed to a flowing wet CO2 gas at 650 and 750 °C for up to 300 h. In addition to oxide scaling, a new manifestation of Fe oxide fluxing into the salt layer was observed. The effects of alloy composition and reaction temperature on this phenomenon were determined. The process is attributed to formation of a low melting Na2O-Na2SO4 solution in the early stages of reaction, followed by basic fluxing of FeO and/or Fe3O4.",24.0,5.8125,0.6354166666666666,0.7604166666666666,0.020833333333333332,0.0,0.14574898785425103,2023,27.444444444444443
https://doi.org/10.1016/j.corsci.2024.111909,Effect of blue light illumination on atmospheric corrosion and bacterial adhesion on copper,2024,4,True,article,Corrosion Science,"The effect of blue light on atmospheric corrosion of Cu and on the antimicrobial properties was explored upon exposure mimicking the condition of hygienic surface disinfection. The results show that blue light illumination enhanced the formation of Cu2O, resulting in a slightly increased corrosion resistance of Cu without pre-deposited NaCl, whereas the enhanced formation of Cu2O, CuCl and/or Cu(OH)3Cl on copper with pre-deposited NaCl caused concomitant corrosion product flaking and a reduced corrosion resistance. The blue light induced enhancement of Cu corrosion led to increased surface roughness and more pronounced integration of bacteria within the corrosion products.",32.333333333333336,6.938144329896907,0.6701030927835051,0.6185567010309279,0.041237113402061855,0.0,0.2567703109327984,2024,15.578125
https://doi.org/10.1016/j.corsci.2024.112090,Localized corrosion of thermally aged Cu-containing Ni-13Cr-10Fe alloys: The role of Cu enrichment induced grain boundary sensitization,2024,4,True,article,Corrosion Science,"This study reports a new mechanism of grain boundary (GB) sensitization without precipitation of Cr-rich phases at GBs in Cu-containing Ni-Cr-Fe alloys. Copper segregation at GBs during annealing can deplete the boundaries of Cr due to the repulsive interaction between Cr and Cu. The depletion of passivating Cr along GBs can cause intergranular corrosion susceptibility, as evidenced by electrochemical testing and post-mortem morphological characterization. The implications of this new sensitization mechanism on the localized corrosion resistance of Cu-containing commercial alloys are discussed.",20.5,7.195121951219512,0.6463414634146342,0.7439024390243902,0.07317073170731707,0.012195121951219513,0.2567703109327984,2024,15.578125
https://doi.org/10.1016/j.corsci.2025.113146,Local re-immersion behaviour of Ce-based inhibiting layers on AA2024-T3 intermetallics: Enhanced stability through partial dealloying and prolonged exposure,2025,4,True,article,Corrosion Science,"The stability of inhibiting layers on AA2024-T3 intermetallic particles (IMPs) during re-immersion in saline following an initial immersion in a Ce(III)-containing electrolyte was investigated using in situ reflected light microscopy. Re-immersion behaviour varied due to differences in IMP composition, spatial distribution, and Ce(III) precipitation. IMPs were grouped into four categories based on whether their activity was high or low during both the immersion and re-immersion stages. Majority of the high activity particles during re-immersion had low activity during immersion. Longer immersion times (up to 72 h) and a brief delay in inhibitor supply (30 s) reduced re-immersion activity by increasing Ce(III) coverage. These findings suggest that corrosion protection systems promoting greater Ce(III) precipitation may enhance re-immersion stability.",19.5,7.222222222222222,0.717948717948718,0.717948717948718,0.05982905982905983,0.02564102564102564,0.5269461077844312,2025,7.590909090909091
https://doi.org/10.1016/j.corsci.2022.110676,Advanced once-through flow cell methodology for evaluation of a new staged inhibition concept to mitigate corrosion of carbon steel in high-strength hydrochloric acid flow,2022,3,True,article,Corrosion Science,"A new staged acid corrosion inhibition (ACI) concept, utilising polymerisable ACIs, has been developed to minimise the corrosion of coiled tubing and wellbore casing materials during matrix acidizing operations. The concept has been evaluated using a customised once-through flow cell and 4 molar hydrochloric acid at 80 °C. A high quality, protective inhibitor film is established using an elevated ACI concentration during the test period 0–1 h (Stage 1), followed by a significantly reduced ACI concentration during the period 1–4 h (Stage 2). This approach is able to maintain good film persistency and acceptably low corrosion rates.",24.25,6.484536082474227,0.7938144329896907,0.7525773195876289,0.05154639175257732,0.010309278350515464,0.08941684665226783,2022,33.55072463768116
https://doi.org/10.1016/j.corsci.2024.112056,Dealloying of Monel 400 in acetate solutions: Predicting susceptibility using Thermo-Kinetic diagrams,2024,3,True,article,Corrosion Science,"Monel 400 steam generator tubes in CANDU® reactors are reported to be susceptible to dealloying corrosion, but the degradation mechanism and kinetics remain unclear. We construct the Thermo-Kinetic diagrams (TK diagrams) for Monel 400, and commercially pure nickel and copper alloys in 0.1 M sodium acetate solutions at 25 and 85 ℃ to predict the conditions of susceptibility to dealloying. Subsequently, coupons of Monel 400 were immersed at various pHs at both temperatures to validate the accuracy of the predictions. After 168 h, the coupons showed selective dissolution of nickel at pH=6 at 85 ℃, with a dealloying depth of ~2.5 µm on the polished surfaces and a maximum depth of ~60 µm on unpolished edges. The dissolution of nickel in the form of acetate complexes appears to trigger dealloying, followed by the formation of intergranular cracks. Dealloying resulted in a ligament-pore structure and nickel content of the alloy decreased from 66.5 to 17.6 wt% in the dealloyed layer. The results prove that TK diagrams are a powerful tool for predicting the corrosion mechanism of alloys under complex conditions.",16.272727272727273,6.134078212290503,0.6312849162011173,0.6312849162011173,0.0223463687150838,0.0223463687150838,0.19257773319959878,2024,15.578125
https://doi.org/10.1016/j.corsci.2024.112149,Borate configuration and surface pre-functionalization effects on the boronizing behavior and corrosion inhibition,2024,3,True,article,Corrosion Science,"Surface boronizing treatment, which forms lattice defects between the boronized layer and the metal substrate, is an effective anti-corrosion strategy. We explored the bonding mode between boron-oxygen ligands and Fe substrate. [BO3] is bonded to Fe with Fe-B bonds, while [BO4] tends to form Fe-O bonds. The larger coordination number of B and O is beneficial to resist Cl- attack. Furthermore, carbon steels were amino-functionalized through a silanol condensation reaction . The electronic localization shifted toward Fe, which was conducive to the formation of hydrogen bonds between amidogen and boron-oxygen complex anions, which increased the boronizing efficiency by tenfold.",16.5,6.707070707070707,0.7070707070707071,0.7373737373737373,0.04040404040404041,0.010101010101010102,0.19257773319959878,2024,15.578125
https://doi.org/10.1016/j.corsci.2024.112518,Observation of natural convection and particle ejection from stainless steel single pits,2024,3,True,article,Corrosion Science,"Single pits were visually and electrochemically followed during their growth on a S41500 martensitic SS microelectrode. Solid particles were observed ejecting from the growing pit and after extraction, EDX determined they were mostly iron-based hydroxides/oxides. These particles were carried by fluid flow originating from the pit at a velocity of 21 μm/s. Finite element modeling confirmed the observed flow speeds are achievable by natural convection due to metal ion density gradients. While the pit solution does not experience flow, the bulk solution pH was observed to decrease illustrating how natural convection affects the bulk solution chemistry. • Solid particles are ejected from growing single pits. • Particles illustrate substantial fluid flow originating from single growing pit. • Flow is natural convection from density change between local metal ion concentrations. • Natural convection changes bulk solution chemistry, illustrated with pH decrease. • FEM simulations indicate convection only occurs outside the pit.",15.0,6.8133333333333335,0.7733333333333333,0.6,0.02666666666666667,0.02,0.19257773319959878,2024,15.578125
https://doi.org/10.1016/j.corsci.2025.112843,Stability of electrochemical hydrogen charging in NaCl aqueous solution containing NH4SCN: Effect of changes in solution chemistry,2025,3,True,article,Corrosion Science,"Stability of electrochemical hydrogen charging to iron during potentiostatic polarization in a 3 wt.% NaCl aqueous solution containing NH 4 SCN was investigated using electrochemical hydrogen permeation tests. The hydrogen absorption rate remained stable when the specimen was polarized at potentials of −0.9 V (vs. Ag/AgCl (3.33 M KCl)), −1.1 V, or −1.3 V. However, at polarization potential of −1.6 V, the hydrogen absorption rate fluctuated considerably over time. This fluctuation was attributed to changes in solution chemistry, where the proton concentration increased and the SCN – concentration decreased because of the oxidation reaction of SCN – on the Pt counter electrode. • Hydrogen absorption rate was stable at the polarization potential of −0.9 to −1.3 V. • Hydrogen absorption rate was fluctuated over time at the polarization potential of −1.6 V. • The fluctuation was attributed to changes in solution chemistry.",8.352941176470589,6.394366197183099,0.7253521126760564,0.528169014084507,0.035211267605633804,0.007042253521126761,0.39520958083832336,2025,7.590909090909091
https://doi.org/10.1016/j.corsci.2025.112870,Effect of iron content on the corrosion rate of a new Mg-Zn-Al-Ca-Ce-Mn alloy system,2025,3,True,article,Corrosion Science,"There is a Fe tolerance limit in pure magnesium or Mg-Al based alloys, and it is critical to control Fe impurity within such tolerance to avoid accelerated corrosion in Mg alloys. In this paper, the effect of Fe concentration (20–204 ppm) on the corrosion rate of a new ZAXEM11000 (Mg-1.0Zn-1.0Al-0.4Ca-0.2Ce-0.6Mn) alloy is investigated. Surprisingly, the corrosion rate of the ZAXEM11000 alloy increases linearly with the Fe concentration, rather than exponentially, as would typically be expected after surpassing the Fe tolerance limit. In particular, the corrosion rate of the ZAXEM11000 alloy with 204 ppm Fe is only five times higher than that of the alloy with 20 ppm Fe. At low Fe contents, the Fe-containing secondary phases tend to segregate near grain boundaries. As the Fe content increases, a more dispersive distribution of Fe-containing secondary phases is observed throughout the entire Mg matrix, likely due to the increased amount of Al(Mn,Fe) phase formed during solidification. The high density of Fe-containing secondary phases, which causes trenching of the surrounding Mg matrix, accelerates the overall corrosion rate of the Mg alloys by enhanced galvanic corrosion with high density of noble secondary phases. The results indicate that the corrosion behavior of this alloy system may be dominated by the distribution and morphology of secondary phases, particularly Al-Mn-Fe phases, that develops as the Fe content increases. This study provides a pathway of creating Mg alloys with a high tolerance limit of Fe through alloying. • No apparent Fe tolerance limit for accelerated corrosion in Mg-Zn-Al-Ca-Ce-Mn alloy. • The amount of Al(Mn,Fe) phase increases with increasing Fe content. • More Al(Mn,Fe) phase fraction causes a more distributed secondary phase particle. • The corrosion rate of ZAXEM11000 alloy depends on secondary phase distribution.",15.88888888888889,6.391608391608392,0.6538461538461539,0.486013986013986,0.02097902097902098,0.03146853146853147,0.39520958083832336,2025,7.590909090909091
https://doi.org/10.1016/j.corsci.2025.113267,In situ early-stage CO2 corrosion scale study with 2D synchrotron SAXS-WAXS,2025,3,True,article,Corrosion Science,"In this study we have investigated the nucleation mechanism of ‘sweet’, CO 2 corrosion scale in situ using synchrotron scattering under industrially relevant conditions (CO 2 saturated brine, ultra-low oxygen (8-32 ppb), 80 o C, pH 6.8, open-circuit-potential (OCP)). Simultaneous small and wide-angle X-Ray Scattering (SAXS-WAXS) measurement allows the phase and state of the nucleating corrosion scale to be characterised as a function of both immersion time and location with respect to the metal/solution interface. The results indicate that a precursor amorphous phase is formed prior to the emergence of a crystalline iron carbonate scale.",23.75,6.621052631578947,0.6842105263157895,0.8631578947368421,0.05263157894736842,0.010526315789473684,0.39520958083832336,2025,7.590909090909091
https://doi.org/10.1016/j.corsci.2023.111142,Effects of NiCl2 and FeCl2 additives on the anodic dissolution behaviours of Inconel 600 in molten LiCl–KCl salts,2023,2,True,article,Corrosion Science,"The anodic dissolution behaviour of Inconel 600 must be elucidated to design an efficient decontamination process for used nuclear steam generator tubes with radioactive nuclide depositions in their surface microcracks. We investigated the effects of NiCl 2 and FeCl 2 additives in LiCl–KCl eutectic salts on the microstructural changes in Inconel 600 during electrolytic decontamination . A Cr–Fe depletion layer formed on Inconel 600 via Ni reduction at the position where alloying elements oxidised. In the FeCl 2 -added salt, the selective dissolution of active alloying elements through the grain boundary produced a cavity-cluster layer whose shape was changed using applied electrochemical methods .",26.0,6.721153846153846,0.7019230769230769,0.75,0.04807692307692308,0.019230769230769232,0.07287449392712551,2023,27.444444444444443
https://doi.org/10.1016/j.corsci.2023.111616,Corrosion behavior of Fe based container alloys in molten Na2CO3-K2CO3 as thermal energy storage medium for reversible solid oxide cells,2023,2,True,article,Corrosion Science,"In this work corrosion behavior of SUS 441, Crofer 22 APU and Canthal APM in molten Na2CO3-K2CO3 at 800 oC is studied. The 441 and APU corrode heavily as the element Cr in the steel is oxidized to NaCrO2. Cr diffuses along grain boundary preferentially and the molten salt penetrates through the corrosion layer. Several porous corrosion layers rich in Cr, O, Na or rich in Fe are formed alternatively on the APU surface. On the contrary, the APM alloy shows excellent corrosion resistance (0.02 mm/y) due to formation of a protective Al2O3 layer.",15.666666666666666,5.702127659574468,0.6808510638297872,0.7127659574468085,0.0425531914893617,0.02127659574468085,0.07287449392712551,2023,27.444444444444443
https://doi.org/10.1016/j.corsci.2024.112423,Effect of CrCl2 or VCl2 addition on corrosion of Cr metal in molten MgCl2-KCl,2024,2,True,article,Corrosion Science,"This study investigated the effects of adding 1 wt% CrCl 2 and VCl 2 on Cr corrosion in eutectic MgCl 2 -KCl at 773 K under an argon atmosphere, using electrochemistry and immersion experiments. The redox potential of V 3+ /V 2+ was more negative than Cr 2+ /Cr, suggesting that V 2+ can protect Cr from dissolution. Additionally, the morphological and chemical evolutions investigated with scanning transmission electron microscopy (STEM), energy-dispersive X-ray spectroscopy (EDS), and electron energy loss spectroscopy (EELS) confirmed the corrosion protection mechanism of adding CrCl 2 and VCl 2 . These findings are crucial for further improving the stability of containment alloys in molten salt applications. • CrCl 2 and VCl 2 additives effectively protect Cr metal from corrosion in molten MgCl 2 -KCl. • V2+ is preferentially oxidized over Cr 2+ , providing cathodic protection for Cr. • STEM, EDS, and EELS analyses confirm MgO and Cr 2 O 3 as corrosion products on Cr surfaces. • EELS analysis shows that Cr 3+ and V 3+ in the salt are due to oxidation of CrCl 2 and VCl 2 additives by impurities.",23.375,5.828877005347594,0.7593582887700535,0.5935828877005348,0.03208556149732621,0.0213903743315508,0.1283851554663992,2024,15.578125
https://doi.org/10.1016/j.corsci.2025.112691,Understanding nanoscale oxide build up on EUROFER97,2025,2,True,article,Corrosion Science,"Delivering nuclear fusion requires the development of new materials. EUROFER97 is a prime candidate for first wall and structural applications, yet it needs improved corrosion resistance. Here we show how cryogenic processing (CP) changes the evolution of the native oxide layer before and after exposure to aqueous NaCl, with Fe and N now controlling the oxide formation, instead of Cr and Ce in the control sample. The N introduced into the matrix by the CP also results in increased corrosion resistance, as indicated by potentiodynamic corrosion resistance measurements. • oxide formation and corrosion resistance of EUROFER97 was studies • new technique of cryogenic treatment (CP) was used to tailor microstructure • APT results show that enriched REEs Ce-oxides are located above the carbides • different development of the passive layer for CP sample (with Fe and N) • potentiodynamic polarization measurements show improved corrosion behaviour after CP",36.75,6.476190476190476,0.7006802721088435,0.6190476190476191,0.04081632653061224,0.02040816326530612,0.2634730538922156,2025,7.590909090909091
https://doi.org/10.1016/j.corsci.2025.112897,Experimental and modeling studies on the oxygen ingression behavior at the crevices of stainless steels in high-temperature water,2025,2,True,article,Corrosion Science,"Experimental and modeling studies of the oxygen ingression at the crevices of stainless steels were conducted in high-temperature water (288°C). The limiting distance of oxygen ingression, d lim , was defined as the point beyond which the primary surface oxide changed (γ-Fe 2 O 3 –Fe 3 O 4 ), regardless of crevice gap, oxygen concentration, and time. In situ measurements revealed increased electrical conductivity around the d lim position indicating ion enrichment due to a differential oxygen concentration cell. d lim increased with increasing crevice gap, oxygen concentration, and immersion time. Modeling study suggested that oxide layer growth reduced anodic dissolution and slowed oxygen consumption , allowing oxygen ingression with time.",22.4,6.5625,0.7678571428571429,0.6785714285714286,0.05357142857142857,0.026785714285714284,0.2634730538922156,2025,7.590909090909091
https://doi.org/10.1016/j.corsci.2025.112979,"Formation of UO2 on stainless steel 316 corroded in NaCl-KCl-UClx (x = 3,4) salts: Effect of crucible material",2025,2,True,article,Corrosion Science,"Stainless steel 316 was corroded in high temperature NaCl-KCl-UCl x (x = 3,4) salts to investigate the effect of uranium-containing salts. The NaCl-KCl-UCl x salts were prepared through the electrochemical oxidation of uranium rods. The ratio of UCl 3 and UCl 4 in the UCl x salts was determined by X-ray absorption near-edge structure (XANES) analysis. The presence of UCl 4 was further confirmed by the accelerated corrosion behaviors depending on the UCl x concentration. After exposing stainless steel 316 to NaCl-KCl-UCl x salts at 750 °C for 100 h using alumina , boron nitride , and glassy carbon crucibles, UO 2 was formed on the surface in various forms, such as layers and/or particles. Additional corrosion experiments with NaCl-KCl-UCl x -BaO salts were conducted to investigate the UO 2 formation mechanisms. Results indicate that UO 2 formation occurs via two pathways: reactions between salts and stainless steel 316 or deposition of UO 2 formed in the salts. Regardless of how it forms, it is evident that UCl 3 and UCl 4 can produce UO 2 through reactions with oxygen-related compounds (oxides, O 2- , O 2 ). The formation of UO 2 can mitigate chromium depletion, but the precipitation of UO 2 may lead to additional challenges. This study suggests the importance of both crucible selections for U-containing molten salt corrosion experiments and the consideration of UO 2 formation in molten salt reactor environments.",23.5,5.965957446808511,0.7148936170212766,0.548936170212766,0.02127659574468085,0.02553191489361702,0.2634730538922156,2025,7.590909090909091
https://doi.org/10.1016/j.corsci.2025.113071,Advances in understanding the initial stages of biomineralisation on AlMg 5083 aluminium alloy in a marine environment: Influence of microbial activity and polarisation,2025,2,True,article,Corrosion Science,"This paper investigates the role of microbial activity and polarisation on the first stages of biomineralisation on aluminium alloy 5083 in marine environment. The experiments were carried out in seawater seeded with salt marsh sediments as microbial inoculum. Microbial colonisation was observed on the surface after 10 days immersion at the open circuit potential (OCP). For the first time, the catalysis of dioxygen reduction by marine microbial activity was demonstrated on Al alloy using linear sweep voltammetry. This biocatalytic effect also influenced the corrosion rate (polarisation resistance measurement) and the formation of the biomineralization layer. Surface and cross-section SEM observations showed the existence of this layer, its mass was measured by phospho-chromic stripping. At the OCP, after 10 days' immersion, the layer is 31% heavier in the presence of microorganisms, demonstrating the involvement of microbial activity in its formation. To understand the mechanism involved, the application of different polarisation potentials highlighted the role of cathodic and anodic reactions, showing that a dissolution/precipitation phenomenon was at the origin of the formation of the mineralised layer.",21.75,6.925287356321839,0.6264367816091954,0.6149425287356322,0.05172413793103448,0.005747126436781609,0.2634730538922156,2025,7.590909090909091
https://doi.org/10.1016/j.corsci.2025.113149,Characterisation of passive layer on steel immersed in MgO-SiO2 binder suspension solution,2025,2,True,article,Corrosion Science,"MgO-SiO 2 binders inherently have lower pH compared to Portland cement (PC), raising concerns about their suitability for structural applications involving steel reinforcement. To address this concern, this study investigated steel passivation in MgO-SiO 2 binders in the presence of sodium hexametaphosphate (SHMP), which improves workability and increases pH. The combined effect of SHMP and alkali addition in MgO-SiO 2 on steel passivation was also evaluated. Passive layer formation on steel was characterised with electrochemical impedance spectroscopy (EIS), Raman spectroscopy, low-kV backscattered electron (BSE) scanning and x-ray photoelectron spectroscopy (XPS). The obtained results demonstrated the formation of a protective passive layer on steel in the presence of SHMP, along with the absence of corrosion in mixes with SHMP or alkalis. Alkali addition also improved steel passivation in MgO-SiO 2 systems. While the passive layer in the MgO-SiO 2 system containing SHMP/alkalis was similar to those present in PC samples, differences in its composition and thickness were highlighted.",22.428571428571427,6.885350318471337,0.6942675159235668,0.6305732484076433,0.03184713375796178,0.012738853503184714,0.2634730538922156,2025,7.590909090909091
https://doi.org/10.1016/j.corsci.2025.113186,Effect of triethanolamine borate on corrosion resistance of hot-rolled mild steels in industrial laminar cooling processes,2025,2,True,article,Corrosion Science,"The high chloride ion concentration in laminar cooling water used during hot rolling production can cause pitting corrosion on steel surface. This study investigates triethanolamine borate (TEA-B), an eco-friendly and thermally stable organic inhibitor, for the first time as a corrosion control additive in this process. Mild steel samples were immersed in an industrial water environment containing 0.06 wt% sodium chloride content and different TEA-B concentrations (0–5 wt%) for 30 days. Electrochemical tests, surface characterisation, and immersion experiments were conducted to evaluate the inhibition performance and mechanism. The results revealed that the corrosion rate decreased significantly with increasing TEA-B concentration, reaching a maximum inhibition efficiency of 88% at TEA-B concentration of 5 wt%. XPS and KPFM analyses confirmed that the corrosion inhibition mechanism is associated with the chemical adsorption of BO3 functional groups onto surface Fe atoms, which suppresses chloride ion-induced metal dissolution and the formation of Fe 2+ /Fe 3+ oxides and Fe 3+ hydroxides. These findings provide a promising strategy for mitigating chloride ion-induced corrosion in hot-rolled steel during industrial laminar cooling processes.",21.875,7.045714285714285,0.7428571428571429,0.7028571428571428,0.045714285714285714,0.011428571428571429,0.2634730538922156,2025,7.590909090909091
https://doi.org/10.1016/j.corsci.2025.113212,Hydrogen embrittlement susceptibility of additively manufactured high-strength low-alloy AISI 4340 steel,2025,2,True,article,Corrosion Science,"Hydrogen embrittlement (HE) poses a significant challenge for high-strength steels. Although HE of wrought steels has been extensively studied, it remains limited in steels processed by additive manufacturing (AM). The present work (i) compares the HE susceptibility of AISI 4340 ultra-high-strength steel fabricated by selective laser melting (SLM) with its wrought counterpart; (ii) investigates the predominant factors and possible HE mechanisms in the AM-fabricated material; and (iii) correlates microstructures produced with different SLM processing parameters to HE susceptibility of the steel. Generally, conventionally processed AISI 4340 steel is used with a tempered martensitic structure to ensure the ultrahigh strength, and therefore is susceptible to HE. In contrast, SLM-fabricated 4340 exhibits a uniform, refined bainitic microstructure. How this change of microstructure influences the HE susceptibility of the steel is unknown and needs investigation. Our results demonstrate that, at the same level of strength, the SLM-fabricated 4340 steel exhibits significantly lower HE susceptibility than its wrought counterpart. The SLM-fabricated steel showed a higher hydrogen diffusion rate. Furthermore, the refined microstructure of the SLM-fabricated steel contributes to enhanced ductility, even with hydrogen. These findings indicate that AM of high-strength steels has strong potential to improve HE resistance, providing a pathway to solve this long-term problem. This study highlights the critical role of microstructure in influencing HE and offers valuable insights for developing steels for hydrogen applications.",20.272727272727273,7.20627802690583,0.6681614349775785,0.5874439461883408,0.02242152466367713,0.02242152466367713,0.2634730538922156,2025,7.590909090909091
https://doi.org/10.1016/j.corsci.2025.113398,Mechanistic insight into the ferritization of austenite in Pb via a discontinuous reaction governed by a migrating liquid film,2025,2,True,article,Corrosion Science,"The dissolution of austenitic steel in liquid lead-based alloys can induce a phase transformation characterized by a sharp dissolution front separating ferrite and austenite grains, a process commonly referred to as ferritization. Although widely reported, the mechanism driving this transformation remains under debate. This study re-examines ferritization as a discontinuous reaction via a migrating liquid film and proposes a thermodynamically consistent model for the initiation and propagation of the dissolution front. The proposed mechanism is supported by experiments at 500–550°C, literature evidence, and diffusion calculations. Under low oxygen conditions, Cr transport through liquid Pb channels is identified as the rate-limiting step, setting the theoretical corrosion rate in stagnant environments. High-speed erosion-corrosion tests show enhanced corrosion rates, driven by erosion-limited channel lengths that locally boost mass transport. In contrast, under moderate oxygen concentrations relevant for lead-cooled fast reactor (LFR) operation, the rate-limiting step shifts to metal transport across a nanometer-scale amorphous oxide layer at the reaction front. Other Ni-containing austenitic steels, including alumina-forming austenitic (AFA) alloys and Ni-based high-entropy alloys (HEAs) can also be susceptible to discontinuous reactions under direct contact with liquid Pb-based alloys, lacking the self-healing oxide protection as observed in alumina-forming ferritic steels. This limitation may present a concern for the long-term use of bare austenitic steel in liquid Pb environments.",23.666666666666668,7.394366197183099,0.6995305164319249,0.676056338028169,0.051643192488262914,0.009389671361502348,0.2634730538922156,2025,7.590909090909091
https://doi.org/10.1016/j.corsci.2025.113496,Understanding hydrogen diffusion and trapping in overaged 7xxx series Al alloys using a reliable electrochemical hydrogen permeation method,2025,2,True,article,Corrosion Science,"The diffusion and trapping of H in overaged commercial 7xxx series alloys of the second and third generation is first studied using an enhanced electrochemical permeation method involving sputter etching of the native oxide and hydrogen charging by alkaline corrosion at the open circuit potential. Proof of concept is provided demonstrating remarkable experimental reproducibility and addressing common experimental errors, such as native oxide films, localized corrosion and buildup of corrosion products. A commercial second and third generation 7xxx series alloy exhibit effective H diffusion coefficients of 1.6 ± 0.7 × 10 −10 cm 2 /s and 3.7 ± 0.3 × 10 −10 cm 2 /s, respectively. The different H diffusivities were explained by extensive H trapping in coarse intermetallic Al 7 Cu 2 Fe and S-phase particles, alongside potential trapping at the interface of quench-induced grain-boundary precipitates with lower Zn content. • A reliable H permeation method for Al alloys is proposed. • The effect of the native oxide film on H permeation was demonstrated. • Excellent reproducibility is demonstrated on commercially pure Al foil. • First application of H permeation method for modern commercial 7xxx series alloys. • Effective H diffusivity is governed by trapping at Al 7 Cu 2 Fe, S-phase and η-GBPs.",15.76923076923077,6.263414634146342,0.7609756097560976,0.5609756097560976,0.05365853658536585,0.0,0.2634730538922156,2025,7.590909090909091
https://doi.org/10.1016/j.corsci.2025.113552,"The effects of dislocation density and configuration, and grain boundary properties on hydrogen induced stress cracking of conventionally processed and additively manufactured Inconel 625",2025,2,True,article,Corrosion Science,"This study examined the hydrogen embrittlement properties of both conventional and additively manufactured (AM) Nickel Alloy 625. The conventional Nickel Alloy 625 samples were prepared to contain altered grain boundary properties and dislocation densities and were evaluated in relation to AM 625 specimens which displayed distinct dislocation configurations and columnar grain structures. Step loading and slow strain-rate tensile tests with hydrogen charging, fractography, crack analysis and hydrogen desorption tests were performed to determine the hydrogen effects in the wrought material in “as received”, “annealed” and “annealed & pre-strained” conditions and AM 625. The hydrogen embrittlement resistance of as-received wrought 625 (W625) and annealed (ANN) wrought 625 (ANN W625) showed no comparative difference between their hydrogen charged condition and their baseline uncharged Fast Fracture Strength (FFS) tests, both failing at 12 incremental steps despite the removal of grain boundary precipitates and the larger grain size in the annealed condition. Annealed & pre-strained wrought (ANN W625_S), with similar flow stress and dislocation density as AM 625, showed an increased HE resistance compared to W625 and ANN W625 which was attributed to a reduction in the mobile hydrogen due to trapping at the random dislocation arrangement. W625, ANN W625, and AM 625 showed higher mobile hydrogen concentrations through hydrogen desorption tests, however the AM 625 material still maintained a higher threshold stress and higher ductility compared to W625 and ANN W625. This work suggests that the dislocation density and arrangement are important contributors to the increase in hydrogen embrittlement resistance of AM 625 compared to W625 and ANN W625, which is supported by the fractography and crack analysis. • AM 625 shows higher HE resistance than wrought forms under hydrogen charging. • Pre-strained wrought alloy mimics AM 625 dislocation density and strength. • Dislocation density and arrangement enhance HE resistance in AM 625. • Increased dislocation density in Annealed W625 provided increased hydrogen traps. • Fractography and desorption confirm role of dislocations in HE resistance.",26.833333333333332,6.801242236024844,0.7267080745341615,0.45652173913043476,0.021739130434782608,0.006211180124223602,0.2634730538922156,2025,7.590909090909091
https://doi.org/10.1016/j.corsci.2025.113582,Comparing the oxidation behaviour of three generations of single crystal nickel-based superalloys at an intermediate service temperature,2025,2,True,article,Corrosion Science,"The oxidation behaviours of three different generations of single crystal Ni-based superalloys (SRR-99 – 1st generation, CMSX-4 – 2nd generation, and CMSX-10N – 3rd generation) have been investigated and compared at 550 °C. Isothermal oxidation tests were carried out at various exposure times ranging from 2 h up to 1000 h and it was found that oxide morphology and development showed noticeable differences between the alloys. Scanning electron microscopy (SEM), 3D imaging reconstruction, energy-dispersive X-ray spectroscopy (EDS) and X-ray diffraction (XRD) were employed to characterise the oxide scales. The external and internal oxides were studied through high-resolution imaging, measurements from which revealed the oxidation kinetics of CMSX-4 and CMSX-10N followed a near-parabolic law whilst a logarithmic law better described the kinetics behaviour of SRR-99. Thermodynamic modelling was used to predict the species and composition of oxides formed in each alloy and compared to measured EDS and XRD results. From the experimental results and modelling, it was found that the mechanism and oxide products formed for CMSX-4 and CMSX-10N are very similar, as NiO initially formed externally over the γ channels and the γ’ precipitates were preferentially oxidised internally at the γ/γ’ interface.",32.0,6.682291666666667,0.6927083333333334,0.6927083333333334,0.03125,0.010416666666666666,0.2634730538922156,2025,7.590909090909091
https://doi.org/10.1016/j.corsci.2025.113587,New insights into HCl-induced low-temperature corrosion in biomass- and waste-fired boilers,2025,2,True,article,Corrosion Science,"This study investigates the risk of low-temperature corrosion on carbon steel tube surfaces located at the clean side of the flue gas channel downstream of a selective catalytic reduction (SCR) unit in a full-scale bubbling fluidized bed (BFB) boiler, where the HCl(g) concentration is typically very low (<5 ppm v ). Short- and long-term corrosion probe measurements, along with online deposit monitoring, were carried out in the flue gas channel to determine the causes of corrosion and establish safe material temperatures. To further investigate the results, laboratory tests were conducted in a quartz-tube furnace under simulated flue gas conditions. The results demonstrated that corrosion rates increased once the material surface temperature fell below 90 °C, with particularly severe attack evident at 80 and 70 °C. Notably, a considerable amount of chlorine was present in the corrosion products, indicating a high risk of chlorine-induced corrosion at cold-end surfaces, even at very low HCl(g) concentrations. Two potential corrosion mechanisms were identified, namely the absorption of HCl(g) into surface-adsorbed water monolayers above the water dew point, and the presence of corrosive NH 4 Cl(s,aq) on tube surfaces. HCl-induced corrosion was found to be the most likely mechanism. According to this mechanism, corrosion can occur even without bulk water condensation, and it depends on the local relative humidity (RH) at the steel surface. The findings collectively suggest that carbon steel surfaces on the clean side of the flue gas path should be maintained above approximately 90 °C (with an appropriate safety margin, depending on flue gas H 2 O(g) concentration) to mitigate the observed HCl-induced corrosion. A similar corrosion mechanism may also affect the dirty side of the flue gas path at similarly low temperatures. • In BFB boilers, cold-end surfaces are at risk of Cl-induced corrosion below ≈90 °C. • Corrosion is mainly due to HCl(g) adsorption into surface-adsorbed water monolayers. • Even <5 ppm v HCl(g) can cause corrosion on carbon steel under flue gas conditions.",24.923076923076923,6.37962962962963,0.7037037037037037,0.558641975308642,0.027777777777777776,0.037037037037037035,0.2634730538922156,2025,7.590909090909091
https://doi.org/10.1016/j.corsci.2026.113598,Hydrogen embrittlement in low-Ni austenitic stainless steel: Microstructure-driven mechanisms revealed by experimental and simulation study,2026,2,True,article,Corrosion Science,"The present study investigated the microstructure-driven mechanisms governing hydrogen embrittlement (HE) in low-Ni austenitic stainless steels, by integrating multi-scale experimental analysis with crystal plasticity and hydrogen transport simulations. The results revealed that while α’ martensite increases susceptibility to HE, grain-size heterogeneity and intragranular nanoscale carbides play critical roles in local H distribution and H-induced cracking. Grain refinement enhanced strength and decreased H uptake; however , simulations demonstrated that inevitable grain-size deviations induced stress heterogeneity between fine and coarse grains. H segregation along high-angle grain boundaries, coupled with stress heterogeneity, promoted localized H-induced cracking in highly deformed regions to deteriorate HE resistance. Increased carbon content for strengthening facilitated the precipitation of nanoscale Cr 23 C 6 carbides within austenite grains, but these carbides increased the uptake of diffusible H. Their interfaces acted as preferential crack initiation sites in central regions, and the cracks propagated toward the surface during deformation. Surface H-induced cracks generated additional stress concentrations in the interior, which synergized negatively with central cracking to accelerate premature fracture of the steel. • Experiment coupled with simulation revealed mechanism of hydrogen embrittlement. • Grain refinement decreased H uptake, but grain size heterogeneity was detrimental. • Stress heterogeneity and H segregation jointly promoted localized cracking. • Intragranular carbides increased diffusible H uptake and acted as cracking sites. • Surface H cracks synergized with central carbide cracks, causing premature fracture.",18.916666666666668,7.643171806167401,0.7709251101321586,0.5859030837004405,0.05286343612334802,0.004405286343612335,3.5789473684210527,2026,0.5588235294117647
https://doi.org/10.1016/j.corsci.2026.113597,Chemically complex ordered alloy enables electrochemically stable passivation for superior corrosion resistance,2026,2,True,article,Corrosion Science,"The nanoscale passive film on the alloy surface critically governs the corrosion resistance of alloys. An ideal passive film is expected to act as a protective barrier layer to effectively protect the alloy matrix by impeding the charge transfer reactions and diffusion of corrosive ions. Most traditional intermetallic alloys, however, face serious challenges when it comes to passivation or forming stable passive films in harsh/reactive environments. This is primarily due to limited elemental choices and single-atom occupancy tendencies, resulting in unsatisfactory aqueous corrosion resistance. Here, we develop a novel chemically complex intermetallic alloy (CCIMA) with a near-single-phase L1 2 structure, where tailored sublattice occupancy enables Co and Ni to occupy face-center sites and Al, V, Ta, and Ti to occupy corner sites. Electrochemical tests in 3.5 wt.% NaCl solution demonstrate the superior comprehensive corrosion performance of CCIMA compared to most traditional intermetallic alloys, as evidenced by the higher pitting potential ( E pit ), higher corrosion potential ( E corr ), and lower corrosion current density ( i corr ). This performance stems from the rapid formation of a ~3.7 nm thick, non-stoichiometric amorphous passive film comprising multiple stable oxides (primarily Al 2 O 3 , TiO 2 , Ta 2 O 5 , Co 3 O 4 , and minor V 2 O 5 , Co(OH) 2 , Ni(OH) 2 ). Our work provides in-depth insights into the targeted design of passive films with desired properties towards better corrosion resistance and opens a new pathway for the optimization of damage-tolerant intermetallic alloys.",23.0,6.237154150197629,0.758893280632411,0.6284584980237155,0.06324110671936758,0.011857707509881422,3.5789473684210527,2026,0.5588235294117647
https://doi.org/10.1016/j.corsci.2026.113667,The effect of surface preparation and stress on oxidation and carburisation of 316 H stainless steel in CO/CO2 conditions,2026,2,True,article,Corrosion Science,"This study demonstrates how surface preparation and mechanical loading affect oxidation and carburisation in 316H stainless steel exposed to CO/CO₂ environments. OPS‑polished surfaces exhibited the greatest susceptibility, forming thick duplex oxides that enabled carbon ingress and substantial hardening, particularly under creep at 350 MPa. The permeability of the duplex oxide allowed carbon to accumulate at the metal–oxide interface, where dislocation activity introduced by pre‑straining and sustained creep facilitated transport; under creep, continued dislocation motion enabled deeper subsurface penetration compared with pre‑strained specimens. In contrast, 600‑grit ground surfaces initially formed a thin chromia film and, when this film was disrupted, developed a discontinuous duplex oxide. The associated near‑surface deformation and high dislocation density are proposed to promote local trapping of carbon close to the interface; once the ~1-2 µm ultrafine‑grained layer (UFGL) is consumed, carbon diffusion into the bulk proceeds more slowly, such that only very limited carburisation is observed even under creep. Overall, the results highlight that dislocation activity and loading history govern both oxidation behaviour and the extent of carbon ingress. • OPS-polished surfaces promote duplex oxide formation and enable carbon ingress via the Boudouard reaction. • Dislocations act as both diffusion pathways and trapping sites, influencing the depth and intensity of carburisation. • Ground surfaces, despite oxide disruption, resist carburisation due to the presence of an ultrafine-grained layer. • Creep promotes deeper carbon transport compared to specimens that were strained then carburised, suggesting continued dislocation motion facilitates solute transport.",24.1,7.3112033195020745,0.7468879668049793,0.6431535269709544,0.03734439834024896,0.008298755186721992,3.5789473684210527,2026,0.5588235294117647
https://doi.org/10.1016/j.corsci.2026.113740,Surface chemistry of carbon steel in contact with CO2 streams containing impurities,2026,2,True,article,Corrosion Science,"Pipeline corrosion is one of the most pressing problems within the push for Carbon Capture and Storage (CCS) hub projects. The corrosion occurs at the interface between carbon steel and the dense CO 2 phase containing reactive impurities. This study investigates diagrammatically the possible corrosion products of iron in contact with a CO 2 stream containing various levels of H 2 O, O 2 , impurities containing sulfur (COS, H 2 S, SO 2 …) or nitrogen (NO, NO 2 ). We construct Pourbaix-like stability diagrams that predict the chemistry of the surface at chemical equilibrium as a function of the composition of the equilibrated stream. Depending on the conditions, a range of possible corrosion products has been identified: FeCO 3 , Fe 2 O 3 , Fe 3 O 4 , FeOOH, FeS, FeS 2 , iron sulfates and nitrates.",28.2,5.595744680851064,0.7092198581560284,0.624113475177305,0.028368794326241134,0.02127659574468085,3.5789473684210527,2026,0.5588235294117647
https://doi.org/10.1016/j.corsci.2025.113104,Investigation on the effect of different components of no-clean flux chemistry on coating performance for printed circuit boards,2025,1,True,article,Corrosion Science,"In the present work, the effect of different components of no-clean flux systems on the performance of a two-component Polyurethane (PU) coating was investigated. A Surface insulation resistance (SIR) pattern with interdigitated electrodes was used a test substrate. In order to investigate flux chemistry effect, the SIR pattern was contaminated prior to coating with different no-clean solder fluxes with and without resin component, high and low acid value, and different solvent (alcohol and water) in order to evaluate the effect of different parts of flux chemistry on coating performance. Additionally, the influence of resin was systematically investigated together with a Weak organic acid (WOA) as activator component. For testing, specimens were exposed to constant humidity (95%) and temperature cycling (40 ° C-65 °C), while Electrochemical impedance spectroscopy (EIS) was used for monitoring moisture transport, and DC potentiostatic measurement as accelerated testing for triggering failures. Moisture absorption properties of coating were evaluated using gravimetric method. Hygroscopic nature of solder fluxes was carried out by EIS with changing humidity conditions. Scanning electron microscopy (SEM) and Fourier-transform infrared spectroscopy (FT-IR) were implemented for inspection of the coating/substrate interface and any potential chemical degradations. The study revealed flux residues on the PCB surface as the major factor determining the reliability of the test PCBs under humidity exposure. No failures and good electrochemical performance was found when alcohol-based fluxes were utilized prior coating application, especially with the addition of resin, while water-based fluxes resulted in failures. The same outcomes were observed after application with Poly(ether-ester) coatings. • Components in No-clean flux chemistry determine coating performance. • Fluxes with higher acid content found to be worse for conformal coating performance regardless type of solvent base. • Presence of high-acid fluxes caused greater delamination for coating/substrate. • For Alcohol-based fluxes, addition of resin enhanced performance to a level similar with a clean board with or without applied coating. • Coating on PCBs with flux residues containing resin showed better performance and adhesion. • Tests using resin and WOAs activator showed that resin could mask effect of activator by encapsulation avoiding direct contact between humidity and activator component. Effect was found to be a function of relative amounts of activator part and resin.",20.27777777777778,6.93972602739726,0.7095890410958904,0.5232876712328767,0.019178082191780823,0.010958904109589041,0.1317365269461078,2025,7.590909090909091
https://doi.org/10.1016/j.corsci.2025.113409,Dislocation driven evolution of passivity in L-PBF 316 L: Unveiling the impact of thermal exposure,2025,1,True,article,Corrosion Science,"This study investigates the influence of subcritical thermal exposure on the passivation behaviour of laser powder bed fusion (L-PBF) processed 316 L stainless steel, with a focus on dislocation-driven mechanisms under industrially relevant conditions. A novel approach was taken by systematically examining the evolution of corrosion resistance as a function of both residual stress and dislocation density across a temperature range of 100–400 °C. The methodology integrated electrochemical characterisation with microstructural and crystallographic analysis. Results revealed a progressive decline in passive film stability up to 300 °C, corresponding with reduced dislocation density and stress relaxation. However, at 400 °C, passive film performance improved significantly despite further residual stress reduction. This behaviour was linked to the start of microstructural recovery, dissolution of subgrain boundaries, and a redistribution of geometrically necessary dislocations. • At 400 °C passivity improves, reversing the degradation trend. • Recovery in passivation is linked to GNDs, rather than residual stress magnitude. • At 400 °C, subgrain boundary redistribution occurred, without recrystallisation. • Shift in dislocation distribution from melt pool boundaries to subgrains at 400 °C. • dislocation density is the dominant factor governing passivity in L-PBF 316L.",17.181818181818183,7.201058201058201,0.7195767195767195,0.6402116402116402,0.05291005291005291,0.010582010582010581,0.1317365269461078,2025,7.590909090909091
https://doi.org/10.1016/j.corsci.2025.113443,Assessing the combined effect of gamma radiation and sulfate-reducing bacteria on copper corrosion for deep nuclear waste storage,2025,1,True,article,Corrosion Science,"Ensuring the integrity of barriers in geological disposal facilities (GDFs) is crucial for the long-term storage of radioactive waste. Copper is considered as a promising canister material due to its corrosion resistance. This study examines the combined effects of external gamma radiation (14 and 28 kGy) and sulfate-reducing bacteria (SRB) on copper corrosion in highly compacted FEBEX bentonite. Results showed that gamma radiation significantly reduces SRB viability, suggesting that these bacteria are likely to remain inactive during the early centuries of GDF operation, when radiation is at its highest level. Microscopic and spectroscopic analyses identified copper oxides, particularly CuO, as the main corrosion products. Gamma radiation was found to delay microbial influenced corrosion by altering the microbial community structure and promoting salt precipitation, including copper sulfates. SRB facilitated the formation of biogenic copper sulfides in unirradiated or those minimally affected by radiation. These findings provide valuable insights into the role of SRB in copper corrosion, broadening our understanding of long-term GDF safety. • Gamma radiation reduces SRB viability, delaying copper biocorrosion • Copper oxides were the main corrosion products in all bentonite-treated blocks • SRB-driven biogenic copper sulfides appeared in unirradiated treatments • XPS revealed abiotic Cu x S formation in Cu exposed to highest radiation dose (28 kGy)",26.125,6.952153110047847,0.7464114832535885,0.6411483253588517,0.028708133971291867,0.05263157894736842,0.1317365269461078,2025,7.590909090909091
https://doi.org/10.1016/j.corsci.2025.113486,Service-induced ant-nest corrosion in copper heat exchanger tubes: Mechanistic understanding from multiscale structural and compositional analysis,2025,1,True,article,Corrosion Science,"Ant-nest corrosion in copper heat exchanger tubes was investigated after two months of service using multiscale characterization techniques. Funnel-shaped pits, branched corrosion tunnels, and oxide-filled cavities confirmed ant-nest corrosion as the predominant failure mode. The corrosion products consisted of both stoichiometric and defective Cu 2 O containing oxygen vacancies and nanoscale cracks that were less protective. P segregation (∼2 nm) along grain boundaries promoted corrosion tunnel propagation, while S species were also detected, contributing to pit initiation. A comprehensive mechanism is proposed, highlighting the synergistic roles of carboxylic acids, S species, oxide-filling stress, and alloying effects in driving ant-nest corrosion evolution.",20.2,7.445544554455446,0.7920792079207921,0.8514851485148515,0.07920792079207921,0.009900990099009901,0.1317365269461078,2025,7.590909090909091
https://doi.org/10.1016/j.corsci.2026.113651,Corrosion behavior in liquid lead of a novel FCC non-equiatomic high-entropy alloy capable of forming an alumina protective oxide scale,2026,1,True,article,Corrosion Science,"This study presents the design, characterization and evaluation of corrosion resistance and mechanical integrity of a novel Co-free face-centered cubic (FCC) non-equiatomic Fe 33.5 Ni 43.5 Cr 11 Mn 6 Al 6 High-Entropy Alloy (HEA) for structural applications in Generation IV Lead-cooled Fast Reactors (LFRs). The alloy was engineered to form a protective Al-rich oxide scale. Liquid Metal Corrosion (LMC) tests were conducted in stagnant liquid Pb at 550 °C and 650 °C for 1150 h, under controlled oxygen concentrations ranging from 7.4·10 -6 to 8.6·10 -6 wt.% at 550 °C, and from 4.5·10 -5 to 3.6·10 -4 wt.% at 650 °C. Liquid Metal Embrittlement (LME) susceptibility was assessed via Slow Strain Rate Testing (SSRT) between 350 °C to 600 °C. LMC test results revealed bilayer oxide scale formation, with an inner amorphous alumina scale acting as an effective diffusion barrier and a complex outer Mn(Al,Fe,Cr) 2 O 4 spinel prone to detachment. The alloy exhibited self-healing behavior, regenerating protective oxides in areas where Pb penetration took place. No signs of LME were observed up to 400 °C, with embrittlement onset occurring at 500 °C. Despite its high Ni content, which is typically detrimental in liquid Pb due to the its high solubility at elevated temperatures, leading to accelerated degradation, combined with low oxygen availability that hinders protective oxide formation and microstructural heterogeneities (oxide inclusions and local grain size variations), the alloy maintained excellent corrosion resistance and mechanical integrity. These results underscore the exceptional corrosion resistance of this non-equiatomic Fe 33.5 Ni 43.5 Cr 11 Mn 6 Al 6 HEA, positioning it as a highly promising candidate for high-temperature nuclear applications in Pb-cooled systems. • Demonstrated the formation of a stable, protective Al-rich oxide scale in stagnant liquid Pb at 550 °C and 650 °C after 1150 h of exposure. • Despite its high Ni content (~46 wt.%), the alloy showed no significant Ni dissolution. • The alloy exhibited self-healing behavior, regenerating protective oxides after localized Pb penetration. • Maintained microstructural stability and developed L1 2 and B2 precipitates that enhanced mechanical strength. • The alloy was resistant to Liquid Metal Embrittlement up to 400 °C, with embrittlement onset only at 500 °C under extreme Pb exposure.",14.68,6.3269754768392374,0.7656675749318801,0.55858310626703,0.0326975476839237,0.005449591280653951,1.7894736842105263,2026,0.5588235294117647
https://doi.org/10.1016/j.corsci.2026.113718,Extensively validated numerical model for the time-dependent simulation of high-temperature oxidation of stainless steels in natural gas and hydrogen combustion atmospheres,2026,1,True,article,Corrosion Science,"Accurate prediction of high-temperature oxidation in Fe–Cr–Ni alloys is essential for assessing material performance in technical combustion environments. In this work, a fully coupled numerical model was developed that integrated multicomponent diffusion, CALPHAD-based phase equilibria and a moving oxide/alloy interface. Interdiffusion coefficients were calculated from thermodynamic factors and mobility data, enabling a physically consistent description of mass transport inside both the growing oxide scale and the alloy substrate. An adaptive boundary condition for the oxygen influx allowed the model to dynamically transition between surface-reaction and solid-diffusion-controlled kinetics. For the first time, an oxidation model directly incorporates the resulting concentrations of the combustion products O 2 , H 2 O, and CO 2 at the gas/oxide interface through gas transport and phase-boundary reactions. The simulations were performed for 1.4307 (X2CrNi18-9) stainless steel at 1200 °C and 1300 °C under air-fuel and oxy-fuel natural gas and hydrogen combustion atmospheres. The predicted specific mass gains, oxide growth rates and concentration profiles exhibited excellent agreement with experimental and literature findings. Its numerically efficient structure facilitates extension to other alloys through parallelization, more complex multi-layer oxide systems, and transient operating scenarios.",20.666666666666668,7.467741935483871,0.7150537634408602,0.7634408602150538,0.03763440860215054,0.010752688172043012,1.7894736842105263,2026,0.5588235294117647
https://doi.org/10.1016/j.corsci.2026.113732,High-temperature aqueous corrosion of Alloy 400: Influence of pH and dissolved oxygen,2026,1,True,article,Corrosion Science,"This study investigates the high-temperature aqueous corrosion of Alloy 400 using immersion and electrochemical experiments at 200 °C across a range of pH values under both deaerated and dissolved oxygen (DO)-containing conditions. Under DO-containing conditions, the highest corrosion rate occurred at pH 200 °C =1.1 (>1000 µm/year), where nickel dealloying resulted in a porous copper-rich layer (~20 µm thick), and an underlying intergranular attack (IGA) was detected. At pH 200 °C =5.4 (mildly acidic at 200 °C), corrosion was less severe but remained dominated by IGA. Combining electrochemical measurements performed at 200 °C with E–pH diagrams constructed at the same temperature showed that in mildly acidic solutions, DO shifts the corrosion potential to more noble values, promoting selective nickel dissolution along grain boundaries (IGA). At pH 200 °C =6.6 (mildly alkaline at 200 °C), the alloy showed the greatest resistance (18.4 µm/year), attributed to the stability of Ni(OH) 2 and Cu 2 O, with no detectable signs of corrosion. At pH 200 °C =10, corrosion rate increased, characterized by copper dissolution and the formation of NiO/Ni(OH) 2 . The results emphasize the critical role of pH and DO in governing the corrosion behavior of Alloy 400 in high-temperature aqueous solutions, with mildly alkaline environments minimizing degradation. Alloy 400 shows no sign of corrosion in a dissolved oxygen-containing 0.1 M sodium acetate solution at pH 200 °C =6.6 and 200 °C, whereas under highly acidic pH it undergoes nickel dealloying, and under highly alkaline pH it shows copper dissolution. • Aqueous corrosion of Alloy 400 was investigated across a wide pH range at 200 °C. • Nickel dealloying was observed at pH 200 °C =1.1 under oxygenated conditions. • Sulfate reduction to sulfide and metal-sulfide formation occurred at pH 200 °C =1.1. • The best corrosion resistance was obtained at mildly alkaline environment. • Copper dissolution occurred at oxygenated highly alkaline pH.",14.80952380952381,6.311897106109325,0.7363344051446945,0.47266881028938906,0.02572347266881029,0.0,1.7894736842105263,2026,0.5588235294117647
https://doi.org/10.1016/j.corsci.2026.113736,A mechano-chemical investigation of SCC mitigation in pre-strained Alloy 600 in a simulated boiling water reactors environment with high oxygen concentrations,2026,1,True,article,Corrosion Science,"This study clarifies the mechano-chemical role of surface treatments on the SCC of sensitized Alloy 600. We compared 400-grit grinding, Scotch-Brite polishing, and CWJP under “bend-then-treat” CBB testing. While grinding caused severe cracking, CWJP provided complete immunity during a 500 h CBB testing. This occurred despite the CWJP surface having the highest GND density and roughness. The dominant protective mechanism was a relatively deeper, higher-magnitude CRS field induced by CWJP. This CRS mechanically counteracts applied loads and electrochemically stabilizes the surface by retarding DO diffusion, as confirmed by DFT. Engineering deep CRS is thus paramount for mitigating SCC.",14.0,6.877551020408164,0.7142857142857143,0.8163265306122449,0.05102040816326531,0.0,1.7894736842105263,2026,0.5588235294117647
https://doi.org/10.1016/j.corsci.2026.113779,Effect of thermal cycling and phase transformations on chemical life of ferritic stainless steels,2026,1,True,article,Corrosion Science,"Thin foils (0.3 mm thick) of ferritic stainless steels Crofer 22 APU and Crofer 22 H typically used for SOFC/SOEC applications were isothermally and discontinuously oxidized in air for up to 1000 h at 1000 °C. Both steel grades suffered from breakaway oxidation, Crofer 22 APU failing faster (70 h) than Crofer 22 H (700 h). Counterintuitively, isothermal exposure of Crofer 22 APU resulted in a more severe corrosion attack compared to discontinuous exposures with intermediate cooling steps. In contrast, Crofer 22 H was not affected by the thermal history of exposure. Breakaway oxidation of both steel grades is related to the α-to-γ transformation occurring above 900 °C. Crofer 22 H is less susceptible to austenitization. • Thin foils of Crofer 22 APU and Crofer 22 H suffer from premature breakaway oxidation at 900-1000 °C. • Crofer 22 APU is more susceptible to premature breakaway compared to Crofer 22 H. • Alloying with ferrite stabilizers such as W, Nb, Si, etc. prevents or postpones premature breakaway at 900-1000 °C. • Martensite was detected in the Crofer 22 APU foils after oxidation at 1000 °C but not in Crofer 22 H. • Austenitization is the main trigger of premature breakaway oxidation • A novel lifetime model accounting for austenitization and geometrical constraints is proposed and validated.",16.53846153846154,6.032558139534884,0.7488372093023256,0.5023255813953489,0.027906976744186046,0.0,1.7894736842105263,2026,0.5588235294117647
https://doi.org/10.1016/j.corsci.2026.113765,Spatially-resolved investigation of oxide scale formation in hydrogen and natural gas combustion atmosphere for spring steel on a semi-industrial scale,2026,1,True,article,Corrosion Science,"This study investigates the effect of different combustion atmospheres — natural gas/air versus hydrogen/air — on phase formation in oxide scales on a spring steel. Spring steel samples were oxidized at 1100 °C for 90 min in a semi-industrial scale furnace. The scale was analyzed layer-by-layer using X-ray diffraction and additional characterization using synchrotron radiation. No significant differences in phase composition were observed between the two atmospheres. Scanning electron microscopy and energy-dispersive X-ray spectroscopy provided detailed insights into chemical gradients, particularly at the metal–scale interface. Silicon diffusion along primary grain boundaries was identified as a key factor promoting serration formation, which enhances scale adhesion. The chemical behavior and phase distribution within the scale remained consistent across both atmospheres, confirming that hydrogen combustion does not adversely affect scale composition. However, the consistency of chemical characteristics is a crucial aspect of material behavior and effective scale removal. This supports the viability of hydrogen as a sustainable alternative fuel used in steel production.",17.77777777777778,7.3125,0.71875,0.725,0.03125,0.00625,1.7894736842105263,2026,0.5588235294117647
https://doi.org/10.1016/j.corsci.2026.113915,Comprehensive evaluation of cryogenic processing on functional and structural behaviour of biomedical alloy CoCr28Mo6,2026,1,True,article,Corrosion Science,"The biomedical cobalt-chromium-molybdenum (CoCrMo) group of alloys has long been recognised as effective biomaterials, particularly for orthopaedic joint replacement implants. These alloys still face challenges related to corrosion and wear resistance, long-term durability, and metal ion release. In the last years, deep cryogenic treatment (DCT) has shown potential in enhancing the microstructural and surface properties of various alloys, but its effects on CoCrMo alloys remain mainly unexplored. This study investigates the influence of DCT on biomedical-grade wrought low C CoCrMo alloy. The effect of DCT is evaluated in correlation to the microstructure, surface micro-residual stresses, microhardness and electrochemical response. For comparison, CoCrMo samples were subjected to conventional heat treatment (CHT) and subsequently treated with DCT at -196 °C for 24 and 48 hours. Characterisation and testing were performed using scanning electron microscopy (SEM), X-ray diffraction (XRD),), XRD micro-residual stress analysis, corrosion behaviour (potentiodynamic measurements), Raman shift spectroscopy for oxide formation analysis, and Vickers microhardness testing. The findings reveal the potential of DCT to improve the performance of wrought CoCrMo alloys for biomedical applications with respect to the evaluated properties, in particular corrosion resistance, surface micro-residual stresses and microhardness. • Wrought CoCrMo alloys benefit from deep cryogenic treatment (DCT) • DCT increases corrosion resistance and raises microhardness values • Micro residual stresses are changed to compressive character • DCT demonstrates potential to enhance long-term implant performance",28.125,7.404444444444445,0.7555555555555555,0.6266666666666667,0.022222222222222223,0.013333333333333334,1.7894736842105263,2026,0.5588235294117647
https://doi.org/10.1016/j.corsci.2015.11.020,Sample selection for extreme value analysis of inspection data collected from corroded surfaces,2015,12,True,article,Corrosion Science,"Inspection of corroded engineering components is vital for ensuring safety throughout the lifetime of infrastructure. However, full inspection can be infeasible due to time constraints, budgetary limits or restricted access. Subsequently there is growing interest in partial coverage inspection (PCI) techniques which use data from the inspection of a limited area to assess the condition of larger areas of a component. Extreme value analysis (EVA) is a tool for PCI, it allows an inspector to build a statistical model of the smallest thicknesses across a component. Construction of extreme value models relies on the selection of the smallest thicknesses from the inspection data. Current methodologies rely on the judgement of the analyst to select sets of thickness minima and frequently the inspection data is not checked to ensure that the assumptions made by EVA are reasonable. Consequently, the resulting models can be subjective and can provide inadequate models for extrapolation. In this paper, a framework for building extreme value models of inspection data is introduced. The method selects a sample of thickness minima such that the data is compatible with the assumptions of EVA. It is shown that this framework can select a suitable set of minima for a large number of correlated exponential and Gaussian surfaces and the method is tested using real inspection data collected from an ultrasonic thickness C-scan of a rough surface.",22.6,6.345132743362832,0.6283185840707964,0.5575221238938053,0.004424778761061947,0.01327433628318584,0.1835564053537285,2015,65.375
https://doi.org/10.1016/j.corsci.2021.109327,High temperature oxidation of higher manganese silicides,2021,11,True,article,Corrosion Science,"The oxidation kinetics and mechanisms of higher manganese silicides (HMS) MnSi1.75, MnSi (1.75-x)Gex, MnSi(1.75-x)Alx (with x = 0.005 and 0.01)were studied and the effects of densification methods and dopant concentration discussed. Oxidation experiments were conducted using thermogravimetry (TGA), while post characterization with X-ray Photoelectron Spectroscopy (XPS) and Scanning Electron Microscope (SEM) showed that spark plasma sintering (SPS) is a better densification method than hot pressing (HP). Except for undoped HMS, HMS doped with 0.5at% Ge had the lowest oxidation rate. Stable formation of a SiO2 protective layer was the main reason for improved oxidation resistance in air in the temperature range 200 °C–500 °C.",10.4,6.875,0.7596153846153846,0.8557692307692307,0.019230769230769232,0.009615384615384616,0.29808973789426924,2021,36.90163934426229
https://doi.org/10.1016/j.corsci.2021.109332,Should the oxygen source be considered in the initiation of KCl-induced high-temperature corrosion?,2021,9,True,article,Corrosion Science,"The role of two oxygen sources, oxygen and water vapor, in the initiation of KCl-induced high-temperature corrosion was addressed by studying two high-alloyed commercial materials at 550 °C. The differentiation between the two oxygen sources was implemented with 18O-enriched water and 16O2. Based on the results, the solid-solid reaction between KCl(s) and the protective oxide on the alloy surface appeared to be more responsible for corrosion than the gas-solid reaction between KCl(g) and the protective oxide. Water was more involved in the abovementioned reactions than O2: 18O was the main oxygen isotope found in the formed surface oxides and intermediates.",25.0,6.52,0.59,0.62,0.03,0.03,0.24389160373167482,2021,36.90163934426229
https://doi.org/10.1016/j.corsci.2021.109857,Differentiation in corrosion performance of alumina forming alloys in alkali carbonate melts,2021,8,True,article,Corrosion Science,"Alkali carbonate melts are promising high temperature thermal storage media. In this work five alumina forming alloys have been exposed to a ternary LiNaK carbonate melt and CO2 at 800 °C. The corrosion propagation was found to depend on the formation of a slow-growing LiAlO2 scale. Furthermore, the two polymorphs contributing to the LiAlO2 phase were monitored for up to 1000 h: a dense α-LiAlO2 scale and γ-LiAlO2 crystallites. We suggest a growth stress assisted formation of α-LiAlO2 relaxing into the outwards growing γ-LiAlO2 phase. This implies a deceleration of the α-LiAlO2 scale growth towards a steady state-thickness.",16.333333333333332,6.295918367346939,0.6530612244897959,0.7346938775510204,0.04081632653061224,0.02040816326530612,0.21679253665037762,2021,36.90163934426229
https://doi.org/10.1016/j.corsci.2022.110178,Mg-alloys in water – hydrophilic ionic liquid mixtures: Is there a negative difference effect?,2022,8,True,article,Corrosion Science,"Commercial purity Mg and Mg-alloy AZ61 were exposed at open circuit potential and under anodic polarization in two ionic liquids containing 10 wt% of water, formed by acetate anion and methylpyrrolidinium cation, substituted with either aliphatic (ILA) or etheric (ILE) chain. Hydrogen evolution strongly increased under anodic polarization (negative difference effect, NDE) in ILA, but not ILE. In both electrolytes Mg(OH)2-film formed on Mg but not on AZ61. The NDE suppression did not correlate neither with the presence of carboxylate, nor with the absence of Mg(OH)2, indicating strong differences between magnesium-water interactions in IL-water mixtures and in inorganic aqueous solutions.",25.0,6.81,0.65,0.77,0.07,0.0,0.23844492440604753,2022,33.55072463768116
https://doi.org/10.1016/j.corsci.2017.11.018,Photocatalytically driven dissolution of macroscopic nickel surfaces,2017,7,True,article,Corrosion Science,"Photocatalytically generated H2O2-driven nickel dissolution has been studied as a novel, secondary waste minimal decontamination process for nuclear process steels. Nickel corrosion experiments in dilute H2SO4 show that at deliberately added [H2O2] ≤ 1 mM, nickel dissolution occurs via formation and dissolution of NiOH groups; at [H2O2] ≥ 10 mM (pseudo-)passivation by NiO prevents this. Furthermore, Nickel also dissolves slowly in mild acid, dissolution that is significantly accelerated in the presence of photogenerated peroxide – suggesting that photocatalytically generated H2O2 could be used to selectively increase dissolution of Ni, and potentially steel, surfaces that normally dissolve only slowly in mild acid.",33.666666666666664,7.0594059405940595,0.7722772277227723,0.7623762376237624,0.039603960396039604,0.039603960396039604,0.13649025069637882,2017,51.285714285714285
https://doi.org/10.1016/j.corsci.2023.111217,Superior protection by α-AlO/α-LiAlO double oxide scales against alkali carbonate corrosion,2023,7,True,article,Corrosion Science,"Ferritic alumina-forming alloys showed high corrosion resistance to molten carbonates by forming a protective α-LiAlO2 scale at their surface. In this work, four ferritic alumina-forming alloys were pre-oxidised before exposure to (Li,Na,K)2CO3-melt at 800 °C for 1000 h. Only outer transient alumina, such as γ-alumina, reacts with the melt, forming LiAlO2. At the same time, the innermost α-Al2O3 scale remains intact. α-Al2O3, as well as α-LiAlO2, are slow-growing compressive stress-stabilised oxide scales. Thus, the combined presence of α-Al2O3/α-LiAlO2 improves the corrosion protection of materials investigated in this study, compared to non-pre-oxidised ones, by forming a superior double oxide scale.",16.5,6.848484848484849,0.696969696969697,0.7777777777777778,0.04040404040404041,0.010101010101010102,0.2550607287449393,2023,27.444444444444443
https://doi.org/10.1016/j.corsci.2021.109502,Internal oxidation and formation of Si/Al-enriched oxide bands in the scale of electrical steel grades,2021,5,True,article,Corrosion Science,"Oxidation during steel hot rolling is responsible for various surface defects. Local enrichments of oxygen-affine alloying elements such as silicon or aluminium can cause such defects by complicating oxide scale removal. In this paper, correlations between the temperature profile during oxidation and enrichment formation in electrical steels are investigated. Diffusion and reaction simulations using the numerical Crank-Nicolson-scheme are evaluated by comparing them to laboratory-scale oxidized samples. Furthermore, analytical approximations (spectral methods) are investigated as an alternative approach, focusing on trade-offs between accuracy and calculation times. A link between heating periods during oxidation and Si/Al-rich bands in the scale was established.",16.666666666666668,7.58,0.7,0.84,0.05,0.01,0.135495335406486,2021,36.90163934426229
https://doi.org/10.1016/j.corsci.2024.112122,Nb speciation and microstructural characterization of the oxide layer formed on neutron-irradiated Zr-2.5 Nb alloy in high-temperature water,2024,5,True,article,Corrosion Science,"It is crucial to understand the degradation mechanisms of the alloy Zr-2.5 Nb, which make the pressure boundary in Canada Deuterium Uranium reactors. In the present study, Zr-2.5 Nb coupons were exposed for 567 days at 325 °C with and without neutron-irradiation in simulated primary water chemistry . A combination of scanning/transmission electron microscopy with energy dispersive X-ray spectroscopy, and electron energy loss spectroscopy was used to investigate the base metal and oxide . The obtained results suggest that the distribution of nanopores and the variation in Nb oxidation state likely create a gradient in the oxygen concentration and electrochemical potential through the film. • Neutron irradiated Zr-2.5 Nb alloy contains <a> component dislocation loops and Nb-rich IIPs . • The microstructure of the irradiated oxide layer shows sporadically distributed equiaxed-columnar grains. • Nanopore density of the oxide layer plays a role on the thickness of the ZrO and OSM phases. • Nb oxidation state changes from +2 to +4 and then attains +5 oxidation sate near to oxide-water interface.",15.454545454545455,6.376470588235295,0.6882352941176471,0.6705882352941176,0.029411764705882353,0.029411764705882353,0.320962888665998,2024,15.578125
https://doi.org/10.1016/j.corsci.2021.109426,Hole annihilation vs. induced convection: Breakdown of different contributions to the photocorrosion mechanism of oxide-covered iron,2021,4,True,article,Corrosion Science,"The mechanism behind corrosion rate increase of anodised iron under illumination has been studied by comparing photocurrents with corrosion currents from polarisation curves under controlled convection. Under illumination with photon energies larger than the iron oxide band gap of ∼2 eV, corrosion current densities increased by maximum 30%, triggered largely by hole annihilation through cation dissolution. Thermal effects in the oxide also play a role. Photocurrent measurements indicate little upward band bending, with fluctuations, in the n-type oxide at open circuit. The contributions of different mechanisms to the photocorrosion rate have been quantified, relevant for steels and photoelectrochemical water splitting.",20.0,7.16,0.69,0.78,0.06,0.03,0.10839626832518881,2021,36.90163934426229
https://doi.org/10.1016/j.corsci.2021.109920,The effect of Mo and Ge reactive elements on high-temperature oxidation of higher manganese silicide,2021,4,True,article,Corrosion Science,"Higher manganese silicide (HMS) alloys (Mnx-αMoαSiy-βGeβ (x = 0.99–1.011, α = 0.005–0.02, y = 1.75, β = 0.005–0.01)) were studied to elucidate the effect of Mo and Ge pertaining to oxidation. Oxidation experiments were conducted using thermogravimetry and characterized using x-ray photoelectron spectroscopy (XPS) and scanning electron microscopy (SEM). Isoconversion experiments below 450 °C, shows that doping (up to 2 at%) raises the oxidation potential of HMS. Isothermally, the oxidation rate reduces buy one order of magnitude by doping on Mn and/or Si sites from 0.5 to 2 at%, revealing that the dopants-based oxides do not lessen the robustness of SiO2 oxide.",8.5,6.313725490196078,0.7549019607843137,0.8431372549019608,0.0196078431372549,0.00980392156862745,0.10839626832518881,2021,36.90163934426229
https://doi.org/10.1016/j.corsci.2024.111843,A time-resolved study of PbCl2-induced corrosion of low-alloyed steel in the presence of water vapour at 400 °C,2024,4,True,article,Corrosion Science,"A laboratory study of a low-alloyed steel (T22) exposed to an 5% O2 + 20% H2O + N2 bal. gas in the presence of PbCl2(s) and PbO(s) at 400 °C is presented. The presence of PbCl2(s) strongly accelerates corrosion by promoting oxide delamination and crack formation. The corrosion attack is explained according to an electrochemical mechanism, involving the inward diffusion of chlorine ions and formation of metal chlorides at the metal/oxide interface. The role of Cl in PbCl2-indcued corrosion of low-alloyed steels is argued to be the major driving force while the role of Pb in the corrosion attack is minor.",20.2,5.930693069306931,0.6732673267326733,0.6534653465346535,0.039603960396039604,0.0,0.2567703109327984,2024,15.578125
https://doi.org/10.1016/j.corsci.2024.112668,Effect of Al content on microstructure and oxidation behavior of Si-Al co-deposition coatings on MoSiBTiC alloy,2024,4,True,article,Corrosion Science,"Si-Al co-deposition coatings were fabricated on 1st-generation MoSiBTiC alloy by pack cementation. The influence of Al content on the microstructure formation and oxidation behavior of the coatings was investigated experimentally. With the variation of Al content, the phase constitution, microstructure, thickness, and compactness of the coatings were significantly changed. An appropriate addition of Al in the pack enhances the oxidation resistance of MoSi 2 coating at 1300 ℃ due to the preferential oxidation of Al to form alumina, which can simultaneously fill up the cracks, thus preventing the inward diffusion of oxygen along the cracks to the substrate. • Si-Al co-deposition coatings were developed on 1st generation MoSiBTiC alloy. • Al content in the pack obviously affects the characteristics of the MoSi 2 coating. • C40 Mo(Si,Al) 2 coating transformed into C11 b MoSi 2 coating after oxidation. • 1Al coating showed enhanced oxidation resistance at 1300 ℃. • Cracks can be quickly filled by Al 2 O 3 due to the preferential oxidation of Al.",18.444444444444443,6.234939759036145,0.6867469879518072,0.5180722891566265,0.018072289156626505,0.006024096385542169,0.2567703109327984,2024,15.578125
https://doi.org/10.1016/j.corsci.2024.112175,Insight into the influence of alloying elements on the secondary corrosion protection of Fe-base alloys by means of atom probe tomography,2024,3,True,article,Corrosion Science,"Breakaway corrosion of Fe-base alloys remains a challenge in applications operated in harsh conditions. The material lifetimes are often determined by the corrosion propagation after breakaway. Nevertheless, detailed microstructural studies, linking the protective properties of the Fe-rich oxides formed after breakaway, are scarce. This study utilizes APT to investigate the Fe-rich oxides formed after breakaway, i.e., the secondary corrosion protection, of four Fe-based model alloys chosen to exhibit good and poor secondary protection at 600 °C. The APT investigation shows that the inward-growing scale is heterogeneous at the nanometer scale and that Fe-enriched regions form on the poorly protective oxides.",14.285714285714286,6.97,0.69,0.69,0.05,0.01,0.19257773319959878,2024,15.578125
https://doi.org/10.1016/j.corsci.2024.112361,Investigation of in-situ ion release and surface film formation of hcp Mg-Li thin films,2024,3,True,article,Corrosion Science,"In this work, the dissolution process of magnetron sputtered Mg-Li thin films was investigated by in-situ flow cell/ICP-MS measurements and ex-situ ICP-MS measurements after longer immersion and additional XPS measurements. High Li concentrations are released due to a Li rich carbonate layer formed in air. The depletion of Li leads to preferred Mg release before preferred Li release occurs due to the higher activity of Li and incorporation of Mg in corrosion products. This data provides a baseline for developing release profiles for medical application, more generally, it unravels details of the corrosion mechanism of lightweight MgLi alloys. • Comparison of short-term and long-term elementally resolved ion release of Mg-Li. • Li 2 CO 3 forms on as sputtered and corroded hcp MgLi in air. • Dissolution of Li rich layer upon contact with solution. • Change of ion release during immersion from preferred Mg to Li release. • Higher Li content increases surface film formation and preferred Li release.",17.77777777777778,6.1875,0.71875,0.60625,0.04375,0.00625,0.19257773319959878,2024,15.578125
https://doi.org/10.1016/j.corsci.2024.112420,On the microscale deformation of the oxide layer formed on a Zr-2.5 Nb alloy: A micropillar compression study,2024,3,True,article,Corrosion Science,"Oxides are prone to brittle failure, leading to passivity loss and exposing the underlying metal during service. Thus, understanding the mechanical response of oxides is crucial for evaluating metal passivity. The present study examines the oxide layer on a Zr-2.5 Nb alloy used in CANDU® reactors after different exposure times. Micropillar compression tests on the oxide layer revealed that the mean failure stress and strain remain unchanged (are within the error) for both samples. Post-deformation characterization confirms that the failure of the oxide layer is brittle and could be pseudo-shear, which is consistent with the critical failure mode for brittle materials.",16.833333333333332,6.574257425742574,0.6633663366336634,0.7326732673267327,0.019801980198019802,0.039603960396039604,0.19257773319959878,2024,15.578125
https://doi.org/10.1016/j.corsci.2025.112899,Steel dissolution in carbonate environments,2025,3,True,article,Corrosion Science,"The electrochemical dissolution of carbon steel exposed to aqueous carbonates stands as one of the main causes for the deterioration of carbon capture, utilisation and storage facilities, pipelines, hydrocarbon refining equipment and reinforced concrete structures. To unlock the full potential of carbon capture applications and ensure the structural integrity of existing chemical processing and civil infrastructure, a thorough understanding of the mechanism of steel dissolution is needed. Here, we leverage advancements in thermodynamic modelling calculations to re-evaluate the stability of the -C-H 2 O system. In combination with electrochemical measurements under controlled hydrodynamic conditions, we show that the electrochemical dissolution in the form of the iron carbonate complex is solely controlled by the pH dependent carbonate equilibrium. The resultant kinetic mechanism is in full agreement with the experimentally obtained dissolution rates and the thermodynamic calculations. We envision the here used methodology to be applied to the dissolution of other metals exposed to a broad range of electrolyte compositions. • The solubility of iron in the -C-H 2 O system is controlled by the formation of and . • The dissolution of steel in aqueous carbonate-containing environments proceeds via the mass-transfer controlled formation of . • Both the bicarbonate ( ) and carbonate ( ) anion catalyse the dissolution process a pH 9.0 to 10.5. • The proposed dissolution mechanism emerges as a consequence of the aquatic chemistry that governs the pH-dependent equilibrium speciation of dissolved iron and carbon dioxide.",19.916666666666668,6.7405857740585775,0.6401673640167364,0.5313807531380753,0.02092050209205021,0.0041841004184100415,0.39520958083832336,2025,7.590909090909091
https://doi.org/10.1016/j.corsci.2024.112496,Understanding preferential intergranular oxidation in alloy X-750 in 480 °C CO-CO2 environments at the nanoscale,2024,2,True,article,Corrosion Science,"Alloy X-750 was exposed to a 480 °C CO-CO 2 reducing gas mixture at an oxygen partial pressure below the NiO dissociation pressure. Post-exposure analytical transmission electron microscopy (ATEM) analysis confirmed the occurrence of preferential intergranular oxidation (PIO) and internal oxidation which resulted in the formation of Ni nodules. Thus, reducing CO-CO 2 mixtures can promote PIO in Alloy X-750, similar to Alloy 600 exposed to similar oxygen partial pressure but in H 2 -steam environment. In Alloy X-750, intergranular oxidation of Ti and Al were observed to occur prior to Cr oxidation, while the presence of intergranular Cr carbides hinders PIO penetration depth. • CO-CO2 mixtures can promote internal and intergranular oxidation in X-750. • Results are similar to observed in Alloy 600 exposed to H2-steam. • Intergranular oxidation front is led by Ti and Al.",19.571428571428573,6.2773722627737225,0.7518248175182481,0.5766423357664233,0.0072992700729927005,0.0072992700729927005,0.1283851554663992,2024,15.578125
https://doi.org/10.1016/j.corsci.2025.113290,"Eutectics, oxide scales and solubility limits: Understanding divergent oxidation mechanisms in NiAlYX (X = Si, Ta, Nb, and Ti) alloys for marine applications",2025,1,True,article,Corrosion Science,"Conventional Cr-containing Ni-based alloys or alloy coatings often suffer from corrosion failure in marine environments, where NaCl compromises the stability of Cr 2 O 3 and the degradation of γ' to γ. To address this challenge, we designed Cr-free, γ' phase-dominated NiAlY X ( X = Si, Ta, Nb, and Ti) alloys via the CALPHAD (CALculation of PHAse Diagrams) approach and revealed contrasting roles of dopants by coupling ab initio calculations , thermodynamic calculations, and experimental analyses. As dopants increase, NiAlYTa/Nb/Ti alloys develop oxidation-susceptible (Ni, Al, X ) 5 Y + β + γ' eutectic microstructures. In contrast, NiAlYSi alloy lacks these eutectics due to a high fraction of γ' precipitates. After oxidation, the NiAlYSi alloy exhibited excellent oxidation resistance, attributed to the formation of a continuous Al 2 O 3 layer promoted by Si and the modification of oxidation behavior of the (Ni, Al, Si) 5 Y phase by stabilizing Y 2 SiO 5 and Y 2 Si 2 O 7 . These resulted in the generation of a thinner NiO outer layer and inhibited internal phase oxidation. In contrast, NiAlYTa/Nb/Ti alloys failed to promote the formation of a continuous Al 2 O 3 layer, resulting in internal oxidation zones characterized by γ + Al 2 O 3 + Ta 2 O 5 /Nb 2 O 5 /TiO 2 and thickening of the outer NiO layer, as synergistically validated by experimental observations, ab initio analysis, and potential-composition phase diagrams. The negligible solid solubility of Ta/Nb/Ti in (Ni, Al, X) 5 Y phases renders them ineffective in altering the oxidation behavior. This work reveals Si as a promising Cr-free substitute in marine-grade Ni-based alloys, while emphasizing the importance of controlling eutectic structures and dopant solubility for high-temperature oxidation resistance.",32.111111111111114,6.038062283737024,0.7474048442906575,0.5121107266435986,0.01730103806228374,0.0034602076124567475,0.1317365269461078,2025,7.590909090909091
https://doi.org/10.1016/j.corsci.2025.113323,Estimating standard adsorption Gibbs energy from corrosion inhibition efficiencies: A case of multilayer adsorption,2025,1,True,article,Corrosion Science,"In corrosion inhibition studies, the standard adsorption Gibbs energy is often estimated from c / θ versus c plots, where c is the inhibitor concentration and θ is the surface coverage. In doing so, inhibition efficiency ( η ) is assumed to be a good approximation of surface coverage, i.e., θ ≈ η . Consequently, adsorption is effectively treated as monolayer adsorption, since inhibition efficiency is, by definition, confined to values below one. However, there is no fundamental physical reason why adsorption on flat surfaces should be limited to a monolayer. For this reason, a model that maps multilayer surface coverage to inhibition efficiency is developed based on a few reasonable physical assumptions. It is shown that multilayer adsorption reduces the slope of the c / η versus c curve—widely interpreted as the c / θ curve due to the θ ≈ η approximation—and leads to a more pronounced curvature compared to the monolayer case. While the bending at low concentrations resembles that caused by repulsive lateral interactions, the overall curvature remains a distinct feature of multilayer adsorption. However, it is argued that in experiments—where only a limited number of data points are typically obtained—these features are often not distinctive enough to allow multilayer identification. This helps explain why the θ ≈ η approximation, which implicitly assumes monolayer adsorption, has been so widely accepted and used. • A new model is developed that maps inhibition efficiency ( η ) to multilayer surface coverage ( θ ). • Multilayer adsorption increases curvature and decreases the slope of the c / θ vs. c plot. • The multilayer c / η vs. c curve arches above the c / η = c line at low concentrations ( c ), and follows it at higher concentrations. • The c / η vs. c plot is typically insufficiently distinctive to identify multilayer adsorption from experimental data. • The adsorption Gibbs energy of the first adsorbed layer can be deduced from the c / η vs. c plot.",16.65,5.870870870870871,0.7177177177177178,0.44744744744744747,0.012012012012012012,0.036036036036036036,0.1317365269461078,2025,7.590909090909091
https://doi.org/10.1016/j.corsci.2025.113417,Integrated in-situ imaging and diffraction flow cell technology (NX-DRT) for advanced corrosion studies,2025,1,True,article,Corrosion Science,"Dynamic imaging and mechanistical investigations are crucial in the development of new materials, in understanding degradation and offer significant opportunity across diverse areas of materials research. Here we demonstrate the integration of a sample corrosion environment with imaging through low energy neutrons and synchrotron X-rays, and demonstrate this using steel, which is commonly used in the oil and gas industries. The novel flow cell technology, incorporating three-electrodes to link corrosion with imaging (2D and 3D with neutrons and X-rays) is unique and operates in-situ overcoming limitations around manipulating the environment around the sample. The compact flow cell enabled imaging of thin films of a few microns thickness. The combination of imaging and diffraction data are useful to characterize the degradation mechanism qualitatively and quantitatively over time with 3D tomography used to provide visual and volumetric information on film growth, porosity and pitting position. This work demonstrates the unprecedented capability of the in-situ flow cell to conduct degradation studies and elucidate mechanisms in ways never before possible.",27.666666666666668,6.957831325301205,0.6566265060240963,0.6445783132530121,0.04216867469879518,0.030120481927710843,0.1317365269461078,2025,7.590909090909091
https://doi.org/10.1016/j.corsci.2025.113444,Role of Mo and W in molten salt corrosion resistance and elemental redistribution of Ni model alloys,2025,1,True,article,Corrosion Science,"The corrosion behavior of Ni model alloys containing Cr, Mo and W was investigated in NaCl–MgCl 2 molten salt at 700 ℃. Weight-loss measurements showed that Cr addition accelerated corrosion, whereas Mo and W additions significantly reduced mass loss compare to pure Ni. EPMA analysis revealed distinct behaviors: Mo formed an enriched layer coincident with the Cr-depleted region, while W remained uniformly distributed in the matrix. DFT calculations confirmed that Mo promotes surface segregation through higher mobility than its base metal Ni, whereas W, with low mobility, remains immobile within the lattice. Both Mo and W were also found to suppress Cr diffusion by inhibiting vacancy-Cr exchange in their vicinity. These findings clarify the complementary role of Mo and W in corrosion resistance and provide mechanistic insights into elemental redistribution in Ni-based alloys under molten salt conditions. • Molten salt corrosion resistance of Ni-based model alloys was studied by experiments and DFT. • Mo suppresses Cr depletion by forming a segregation layer via rapid vacancy diffusion. • W hinders Cr diffusion through immobilization within the lattice • Alloying effects are clarified through vacancy-mediated diffusion mechanisms. • Findings provide mechanistic insights into how Mo and W affect elemental redistribution and corrosion.",20.0,6.655,0.76,0.595,0.02,0.015,0.1317365269461078,2025,7.590909090909091
https://doi.org/10.1016/j.corsci.2025.113457,Comparative study of the hydrogen-assisted cracking behavior in AISI 420 martensitic stainless steel under different heat treatments,2025,1,True,article,Corrosion Science,"This study compares the hydrogen-assisted cracking behavior of AISI 420 martensitic stainless steel subjected to different heat treatments and clarifies the effect of key microstructural factors, including carbides, ferrite, and residual stress. The sample treated with the quenching-ferrite/martensite duplex tempering- tempering (QDT) process exhibits the highest resistance to hydrogen embrittlement (HE), mainly attributed to its minimal microscopic residual stress and the largest amount of fine Cr₂₃C₆ carbides. Secondary cracks preferentially propagate along banded ferrite/martensite boundaries but are deflected by small ferrite particles. For the quenched sample, the fracture exhibits the intergranular cracking morphology and the dominant HE mechanism is the hydrogen-enhanced decohesion (HEDE) mechanism. For the QDT sample, the HE mechanism under the pre-charging condition is the hydrogen-enhanced plasticity (HELP) mechanism, while it transitions to the HELP mediated HEDE mechanism under the in-situ charging condition.",27.0,7.533333333333333,0.6888888888888889,0.6888888888888889,0.07407407407407407,0.007407407407407408,0.1317365269461078,2025,7.590909090909091
https://doi.org/10.1016/j.corsci.2025.113588,Does additive manufacturing cause intergranular oxidation attack in high-temperature alloys? Case study of Ni-base alloy IN625,2025,1,True,article,Corrosion Science,"High-temperature oxidation of additively manufactured (AM) Ni-base alloy IN625 has been studied in air and Ar-4 %H 2 -2 %H 2 O for up to 1000 h at 900 and 1000 °C. AM was produced from the same conventionally manufactured (CM) reference alloy batch to retain the chemical composition and minimize batch-to-batch variation. The AM alloy developed subsurface porosity during oxidation, but the intergranular voids remained closed and unoxidized because of good adhesion of the Cr 2 O 3 scale to the metal. Contrary to many literature studies, AM had no effect on either the oxide growth kinetics or the oxide adherence. The chemical composition of the currently studied AM alloy close to the CM, especially the minor elements e.g. Al, Mn, Si and Ti, is believed to be the key factor preventing oxide decohesion and intergranular oxidation attack. • Additively manufactured (AM) alloy IN625 was fabricated from the same conventionally manufactured (CM) alloy batch. • Chemical compositions of CM and AM were virtually identical except for the increased content of interstitial O, N, and C. • AM alloy IN625 formed intergranular voids in the near-surface region but this did not result in intergranular oxidation attack (IGOA). • AM had no effect on the oxidation kinetics of IN625 when fabricated from an alloy batch not suffering from IGOA. • Differences in minor elements (Al, Mn, Si, Ti), not the AM process, are believed to trigger oxide scale decohesion and IGOA.",20.0,5.9625,0.7041666666666667,0.525,0.0125,0.016666666666666666,0.1317365269461078,2025,7.590909090909091
https://doi.org/10.1016/j.corsci.2026.113713,A pre-formed yttria alumina garnet (YAG) and Al2O3 mixed oxide layer induced by continuous laser surface melting in air for inhibiting β depletion in a CoNiCrAlY bond coat alloy,2026,1,True,article,Corrosion Science,"This work investigated the influence of pre-formed yttria alumina garnet (YAG) and Al 2 O 3 mixed oxide layer induced by laser surface melting (LSM) on the oxidation behaviour of a CoNiCrAlY bond coat alloy. As-cast CoNiCrAlY alloy was vacuum heat treated at 1100 °C for 2 h and LSM was conducted at a laser power of 400 W and scanning speeds from 200-800 mm/min in air. Both heat-treated (HT) and LSM CoNiCrAlY alloys were subsequently oxidised at 1100 °C for 100 h. It was found that the β phases were refined and redistributed along the γ phase boundaries after LSM. In addition, an initial mixed oxide layer composed of YAG and Al 2 O 3 was developed on the surface during LSM, which was due to the high oxygen affinity of Y and Al. It was further demonstrated that the pre-formed YAG/Al 2 O 3 mixed oxide layer at scanning speeds of 200-600 mm/min effectively suppressed oxide growth and inhibited β depletion during oxidation. This was attributed to the fact that the stable YAG acted as grain boundary barriers for oxygen inward diffusion. However, a newly formed Al 2 O 3 layer, associated with a corresponding β depletion zone, appeared underneath the mixed oxide layer at the highest scanning speed of 800 mm/min. This was due to that the spallation of the mixed oxide layer and refined γ phases allowed the oxide growth at the alloy surface and subsequently corresponding β depletion occurred.",27.11111111111111,5.672131147540983,0.7049180327868853,0.5,0.01639344262295082,0.020491803278688523,1.7894736842105263,2026,0.5588235294117647
https://doi.org/10.1016/j.corsci.2026.113731,Selective microbial enrichment by thermal treatments controls brass corrosion in methanation environments,2026,1,True,article,Corrosion Science,"This study investigates the effect of thermal treatments applied to a methanation inoculum on microbial community composition, surface morphology, and microbially induced corrosion of duplex brass (OT60, 40 wt.% Zn), compared with sterile and untreated conditions. The treatments included: i) boiling for 120 min; ii) double autoclaving at 121 °C for 20 min; and iii) extended autoclaving at 121 °C for 60 min combined with 0.22 µm filtration and UV irradiation (sterile control). Electrochemical, chemical, and microbiological analyses were carried out to evaluate microbial modification and corrosion behavior during a 15-day exposure at 45 °C. Each treatment generated distinct microbial fingerprints, resulting in markedly different corrosion responses. Electrochemical impedance spectroscopy showed that the autoclaved condition exhibited the highest total resistance (42 kΩ·cm 2 after 15 days), followed by the sterile (14 kΩ·cm 2 ), boiled (6.5 kΩ·cm 2 ), and biotic (3.8 kΩ·cm 2 ) conditions. The autoclaved system was dominated by a biofilm enriched in spore-forming Bacilli (e.g., Caldalkalibacillus, Brevibacillus, Effusibacillus ), which promoted the formation of a protective Cu 2 O/CuO-CaCO 3 bilayer and limited metal release (Cu/Zn ratio: 0.79). In contrast, the both biotic and boiled systems, which biofilms were dominated by thermophilic genus Tepidiphilus, developed intermediate, less protective, Cu-Zn phosphate surface layers. The sterile condition exhibited purely chemical corrosion, characterized by direct alloy dissolution (Cu = 5.8 ppm; Cu/Zn ratio: 7.25) and the formation of fragile, non-protective oxide and phosphate deposits. Overall, thermal treatments alone were insufficient for complete sterilization, while selective microbial enrichment through autoclaving effectively mitigated brass corrosion via biogenic carbonate precipitation.",14.333333333333334,7.073643410852713,0.7713178294573644,0.7015503875968992,0.01937984496124031,0.011627906976744186,1.7894736842105263,2026,0.5588235294117647
https://doi.org/10.1016/j.corsci.2026.113767,An understanding of irradiation-assisted stress corrosion cracking of heavy ion-irradiated 321 stainless steel in high temperature and high pressure water,2026,1,True,article,Corrosion Science,"The mechanism of irradiation-assisted stress corrosion cracking (IASCC) in 321 stainless steel, an important reactor core material, remains unclear. IASCCs from slow strain rate tensile test in high-temperature and high-pressure water after heavy-ion irradiation were analysed. The irradiation damages are consistent with those from neutron irradiation at similar dose, confirming heavy ion is effective for IASCC study. IASCC susceptibility increases with dose, and local-deformation remains the primary driving factor. Radiation-induced segregation and oxidation under tensile stress synergistically initiate IASCCs. Pits induced by Si effect and the corrosion of γ-phase by Ni-Cr effect are important for the initiation of transgranular cracks. • Heavy-ion irradiation induces similar damage defects (dislocation loop and RIS) in SS as neutron irradiation at similar doses. • Local deformation, oxidation (including grain boundary oxidation and matrix oxidation) and radiation-induced segregation interacted synergistically to initiate stress corrosion cracking in heavy ion irradiated 321 SS. • Brittle Fe-Ni spinels and defect structures at grain boundaries directly contributes to the initiation of IGSCC when 321 SS is subjected to tensile stress, attributing to the radiation-induced segregation, oxidation and dissolution of Ni and Si at grain boundaries. • Intergranular stress corrosion cracks propagate in a periodic process of the migration of oxide tip along grain boundaries, the formation of new oxide forefront and cracking under tensile stress. • At the end of the heavy ion irradiation region, the irradiation can still promote the initiation of IASCC, but the effect diminish as the distance from the peak damage area increases. When IASCCs propagate from the irradiated to unirradiated region, wherein Ni oxide is transformed into Cr oxide at the crack tip, accompanied by a double-layer structure consisting of Cr oxide and (Ni, Cr) oxide as the transition zone. • Irradiation induces local enrichment of Si within intragranular. The defect structures formed by the dissolution of SiO x create pits under tensile stress and irradiation-electrochemical effect, with stress concentration at the bottom. In combination with the corrosion effect of CrO x on the γ-phase, TGSCC is initiated.",22.266666666666666,6.775449101796407,0.6946107784431138,0.47604790419161674,0.029940119760479042,0.008982035928143712,1.7894736842105263,2026,0.5588235294117647
https://doi.org/10.1016/j.corsci.2026.113781,"An integrated in-situ HTXRD, Scheil–Gulliver, and CALPHAD approach to investigate solidification, thermal phase stability, and oxidation behaviour in AlₓCrCoFeNi high-entropy alloys (HEAs)",2026,1,True,article,Corrosion Science,"This study employs an integrated approach combining Scheil–Gulliver model, CALPHAD, and in-situ high-temperature X-ray diffraction (HT-XRD) to investigate the effect of Al on solidification, microstructure development, phase evolution, and oxidation behaviour of AlₓCrCoFeNi (x=0.5, 1.0, 1.8) HEAs. Scheil simulations revealed that increasing Al content reduces the solidification temperature depression (T D ) from 76 °C to 19 °C, showing a transition from non-equilibrium dendritic to near-equilibrium solidification with reduced micro-segregation. The higher temperature depression (76 °C) due to pronounce segregation in lower Al HEAs prevented the development of CALPHAD-predicted equilibrium phases during in-situ HTXRD as opposed to AlCrCoFeNi and Al 1.8 CrCoFeNi with lower T D of 41 °C and 19 °C respectively. CALPHAD predicted oxidation of HEAs supported by in-situ HT-XRD in air confirmed Al preferential oxidation in all compositions while the formation of diffusion control oxide scale found strongly dependent on Al content. The preferential oxidation of Al leads to depletion of ordered B2 phase and the formation of a sublayer of disordered BCC and FCC phases beneath the oxide layer. In lower-Al HEAs, this results in an internally oxidised sublayer with chromia-based top oxide scale, whereas higher-Al HEAs form a dense alumina (Al 2 O 3 ) scale with a preserved sublayer region. • Integrated Scheil–Gulliver, CALPHAD, and in-situ HT-XRD approach applied to AlₓCrCoFeNi HEAs. • Increasing Al content reduced solidification temperature depression from 76 °C to 19 °C. • Higher Al promoted near-equilibrium solidification and hence thermal phase stability. • In-situ HT-XRD validated CALPHAD-predicted interplay between oxides and FCC phase formation. • Oxidation shifted from chromia-based oxides scale to dense alumina with increasing Al content.",17.933333333333334,6.754646840148699,0.758364312267658,0.5241635687732342,0.01858736059479554,0.0037174721189591076,1.7894736842105263,2026,0.5588235294117647
https://doi.org/10.1016/j.corsci.2026.113814,"The interdependent roles of chloride, moisture and dissolved oxygen in macro-voids at the steel-concrete interface in corrosion",2026,1,True,article,Corrosion Science,"Corrosion of steel in concrete is a key durability issue for reinforced concrete structures, leading to significant economic costs and safety risks. Research suggests that moisture within voids at the steel-concrete interface (SCI) plays a critical role in corrosion. However, experimental evidence clarifying this role remains limited. Here, we systematically investigated the influence of macro-voids at the SCI by exposing reinforced mortar specimens to different wet-dry cycles and to continuous submersion in chloride solution, thereby generating distinct moisture conditions within the interfacial voids. X-ray computed tomography (XCT) was used to monitor the evolution of the gas-liquid configuration inside these voids along with steel corrosion over 9 months. Under wet/dry cycles, corrosion initiated at lower chloride levels than under continuous immersion. XCT revealed that interfacial voids became fully saturated after prolonged immersion but remained partially saturated during wet/dry exposure. These findings are interpreted through the lens of corrosion science and gas-liquid interactions in porous materials. We suggest a mechanism in which the dissolution of pressurized gas bubbles trapped within interfacial voids leads to an increase in dissolved oxygen concentration near the void, thereby locally elevating the steel corrosion potential ( E corr ). Together with chloride accumulation, which gradually lowers the pitting potential, this shift in E corr enhances the likelihood for local corrosion initiation under wet-dry cycles. Overall, this study contributes to understanding how different water exposure conditions affect the local environment at the SCI, providing insight into the mechanistic links between interfacial void gas-liquid content and corrosion in reinforced concrete. • X-ray imaging tracks steel corrosion and moisture evolution in concrete voids. • Cyclic exposure maintains partially saturated voids at the steel-concrete interface. • Wet/dry cycling starts corrosion at lower chloride conc. than continuous immersion. • Interfacial voids promote the formation of conditions favorable for corrosion. • Dissolution of pressurized gas bubbles in voids plays a critical role in corrosion.",18.294117647058822,7.067524115755627,0.7041800643086816,0.5466237942122186,0.028938906752411574,0.02572347266881029,1.7894736842105263,2026,0.5588235294117647
https://doi.org/10.1016/j.corsci.2026.113815,Subsurface microstructural changes of alloy 625 related to oxidation at 900 °C in lab air and humid air,2026,1,True,article,Corrosion Science,"Alloy 625 was oxidized at 900 °C in lab air and in air + 20%vol. H 2 O for 400 h to estimate the microstructural changes experienced by the alloy during exposure at high temperature. The specimen mass loss in air + 20%vol. H 2 O evolved linearly after a very short period of exposure due to the formation of volatile species from the protective Cr 2 O 3 layer. The chromium loss rate was in the order of 5.5 × 10 −7 mg.cm -2 .s -1 (evaluated by direct mass variation measurements) and 7.5 × 10 −7 mg.cm -2 .s -1 (evaluated from Cr-mass balance) in air + 20%vol. H 2 O in the present conditions. Pronounced chemical and microstructural changes were observed in the subsurface for samples exposed in air + 20%vol. H2O. The recession of the alloy interface due to chromium removal was insufficient to explain the pronounced accumulation of δ-Ni 3 (Nb,Mo) phase at the alloy-oxide interface, demonstrating the significant uphill diffusion of Nb. Chemical breakaway on the sample edges involved the oxidation of δ-Ni 3 (Nb,Mo) phase, forming powdery oxides.",11.5625,5.513513513513513,0.7243243243243244,0.5567567567567567,0.016216216216216217,0.010810810810810811,1.7894736842105263,2026,0.5588235294117647
https://doi.org/10.1016/j.corsci.2026.113921,Microbiologically influenced corrosion (MIC) threat in the nuclear energy sector,2026,1,True,article,Corrosion Science,"Microbiologically Influenced Corrosion (MIC) is a recognized degradation phenomenon in water-contact systems, and nuclear facilities typically employ stringent material selection, chemistry control, and operating practices to limit corrosion. However, MIC can remain inconsistently diagnosed compared with better-characterized abiotic mechanisms, particularly in auxiliary and raw-water circuits, during stagnation/outages, and in long-lived waste-management settings. This review synthesizes peer-reviewed research and sector guidance to map MIC hotspots across the nuclear lifecycle, from construction/commissioning through operation, wet spent-fuel storage, and deep geological disposal, and to translate current knowledge into practical ageing-management priorities. We frame MIC assessment using a Multiple Lines of Evidence (MLOE) approach that integrates chemistry, microbiology, materials characterization, and operational history, and we summarize monitoring and control options within relevant standards and regulatory contexts. Finally, we identify key knowledge gaps, such as sparse field rate datasets and standardized MIC diagnostics in restricted areas, and present eleven recommendations to strengthen prevention, detection, and lifecycle decision making for MIC in the nuclear energy sector.",32.0,7.96875,0.725,0.8125,0.0125,0.01875,1.7894736842105263,2026,0.5588235294117647
https://doi.org/10.1016/j.corsci.2026.113955,Effect of carbides on the hot corrosion behavior of Ni-based superalloy DS200 +Hf at 900 °C in air,2026,1,True,article,Corrosion Science,"The hot corrosion behavior of the DS200+Hf superalloy was studied at 900 °C in air (1 atm.) with the presence of Na 2 SO 4 deposits for different exposure times. Carbides are proven to be preferred sites for initiation of Type I hot corrosion due to their high Hf, Nb, W and Ti content. While the formation of NaNbO 3 is generally recognized to inhibit degradation, the formation of Na 2 WO 4 reveals accelerated acidic fluxing leading to the formation of a thick, mixed and porous layer of corrosion products on the surface. Likewise, differences in the volumes of the different oxides formed induce marked local cracking.",21.6,5.675925925925926,0.6666666666666666,0.7314814814814815,0.05555555555555555,0.018518518518518517,1.7894736842105263,2026,0.5588235294117647
https://doi.org/10.1016/j.corsci.2026.113960,Percolating corrosion pathways of chemically ordered NiCr alloys in molten salts,2026,1,True,article,Corrosion Science,"Recent experiments have shown that chemical ordering in NiCr alloys can significantly accelerate corrosion in molten salt environments. However, the underlying mechanisms remain poorly understood. Using reactive molecular dynamics and first-principles calculations, we show that long-range ordered Ni 2 Cr in Ni–33at.%Cr alloys corrodes far more rapidly in FLiNaK salt at 800 ° C than short-range ordered or random solid solutions. This accelerated attack originates from percolating Cr pathways that enhance near-surface diffusion and a lowered energetic barrier for Cr dissolution. Contrary to earlier explanations that attributed this behavior to residual stresses, our stress-free simulations demonstrate that ordering alone accelerates the degradation. These results establish percolation as a critical link between chemical ordering and corrosion kinetics, offering a mechanistic basis for experimental observations.",17.571428571428573,7.357723577235772,0.7154471544715447,0.8373983739837398,0.032520325203252036,0.016260162601626018,1.7894736842105263,2026,0.5588235294117647
https://doi.org/10.1016/j.corsci.2026.113993,Niobium and tantalum nitride-based coatings for improved corrosion resistance and conductivity of titanium-based bipolar plates for PEMFCs,2026,1,True,article,Corrosion Science,"Titanium (Ti) is considered as one of the promising substrates for bipolar plates (BPPs) used in proton exchange membrane fuel cells (PEMFCs) due to its resistance to corrosion and low weight. However, its surface undergoes rapid passivation, forming a stable oxide layer that results in high interfacial contact resistance (ICR) with its adjacent components, ultimately degrading cell performance. In this study, niobium nitride (NbN) and tantalum nitride (TaN) coatings were deposited on Ti substrates using magnetron sputtering to suppress passivation and improve conductivity. A thin titanium nitride (TiN) interlayer is pre-deposited to enhance adhesion and prevent delamination. Under harsh accelerated corrosive conditions, TaN coating reduced the corrosion current density and lowered the ICR, fulfilling the 2025 U.S. Department of Energy (DOE) targets for BPPs. Chronoamperometry tests were conducted under conditions simulating PEMFC cathode-side exposure, and at an elevated potential simulating start-up/shut-down and fuel-starvation conditions demonstrated that TaN remained stable and exhibited greater resistance to degradation under both conditions, whereas NbN showed more pronounced degradation. The superior performance of TaN compared to NbN was attributed to its lower electron donor density, as indicated by Mott–Schottky analysis, which reflected the presence of a more stable and less reactive passive film. This finding underscored the critical role of nitride chemistry and electronic structure in governing corrosion and interfacial properties. Overall, the findings established TaN as an effective coating for potential usage to increase the performance, durability, and conductivity of Ti-based BPPs for PEMFCs.",21.818181818181817,7.129166666666666,0.7125,0.6791666666666667,0.04583333333333333,0.020833333333333332,1.7894736842105263,2026,0.5588235294117647
https://doi.org/10.1016/j.corsci.2021.109552,Influence of ionic strength on hydrogen generation during interaction of copper with deoxygenated neutral solution,2021,5,True,article,Corrosion Science,"Interaction of copper with deoxygenated solutions is key to quantify corrosion during long-term exposure in a final high-level nuclear waste repository. To evaluate the effect of ionic strength on such interaction, electrochemical measurements in 0.001−0.1 mol dm−3 NaClO4 were performed at 22, 50 and 70 °C. An extended model including a homogeneous reaction is proposed to account for the extra features in impedance spectra, and the effect of perchlorate concentration (i. e. ionic strength) on its kinetic parameters is discussed. Using the model predictions, the rates of hydrogen production in pure water are estimated and compared to literature data.",12.375,6.494949494949495,0.696969696969697,0.8080808080808081,0.020202020202020204,0.04040404040404041,0.135495335406486,2021,36.90163934426229
https://doi.org/10.1016/j.corsci.2019.108332,Atomistic level study of Ce3Si2 oxidation as an accident tolerant nuclear fuel surrogate,2019,4,True,article,Corrosion Science,"The oxidation mechanisms of Ce3Si2 (as a surrogate for U3Si2 accident tolerant nuclear fuel) have been studied to 750 °C in flowing air. Discrepancies between the terminal and theoretical mass gains for complete oxidation, similar to previous works on the U3Si2 system are attributed to incomplete oxidation of Si, which forms amorphous SiO2 and regions of nano-crystalline free Si. Nano-grained (<5 nm) CeO2 also formed after oxidation leading to pulverisation, the resulting composition and nano-structure may have highly deleterious consequences for the fuel material under oxidative atompsheres, increasing the rate of oxidation, spallation and fission product release.",32.333333333333336,6.824742268041237,0.6804123711340206,0.7731958762886598,0.030927835051546393,0.020618556701030927,0.08279800142755175,2019,48.310344827586206
https://doi.org/10.1016/j.corsci.2023.111565,Low-temperature hot corrosion of arc evaporated Ti1−xAlxN on Ni-Cr-Co based superalloys,2023,3,True,article,Corrosion Science,"Cathodic arc evaporated Ti1-xAlxN coatings were deposited on a Nimonic c-263 superalloy and tested under low temperature hot corrosion conditions. Treated with a MgSO4/Na2SO4 salt-mixture, all samples were annealed at 700 °C in a 3000 ppm(volume) SOx-rich atmosphere for 1, 5, 15 and 30 h. A significantly reduced corrosion severity was exhibited by all Ti1-xAlxN variants over the uncoated NiCrCo alloy. A synergistic fluxing mechanism was found to be the dominant factor for the coating breakdown. Depending on the relative Al-to-Ti content on the Ti1-xAlxN sublattice, differences in the coatings’ corrosion and scaling behavior were observed.",19.2,6.552083333333333,0.6875,0.8125,0.03125,0.020833333333333332,0.10931174089068826,2023,27.444444444444443
https://doi.org/10.1016/j.corsci.2023.111153,Nickel oxide scale microstructure and accelerated growth in combustion flue gas: Effect of ash particles,2023,2,True,article,Corrosion Science,Model Ni-25Cr and Ni-25Cr-2Mn-1Si (wt%) alloys coated with an industrial fly ash were exposed to a wet CO2 gas at 750 °C. It was found that the outer thermally-grown NiO scale encapsulated ash particles at an accelerated rate. TEM combined with TKD analysis revealed that nano structured NiO grains on the ash surface contributed to the observed NiO encapsulating effect.,20.0,6.033333333333333,0.75,0.8833333333333333,0.03333333333333333,0.016666666666666666,0.07287449392712551,2023,27.444444444444443
https://doi.org/10.1016/j.corsci.2025.112933,Effects of Zn and Ni addition on the oxidation behaviour of 316 SS under simulated BWR conditions,2025,2,True,article,Corrosion Science,"The properties of the oxide formed on 316 Stainless Steel (SS) in the presence of metal cations injected into the water (Zn and/or Ni) in low-level Hydrogen Water Chemistry (HWC) of modern Boiling Water Reactors (BWRs) (H:O molar ratio ∼8) at 288°C were evaluated via high spatial resolution microscopy to understand the role of metal cations incorporation into the oxide. These conditions have not been extensively studied in the literature, yet are very important to understand the oxide that forms before the application of the Online NobleChem™ (OLNC). A baseline test was conducted in the absence of metal cation injection into the water. The other tests were conducted in the presence of metal cations: Zn test (Zn = 10 ppb), Ni test (Ni =10 ppb), and Zn+Ni test (Zn =10 ppb, Ni =10 ppb). The study showed that the simultaneous injection of Zn and Ni formed the most protective oxide, followed by the oxide produced under Zn injection. Conversely, the injection of Ni produced an oxide with intermediate properties between those exhibited in Zn-dosed and non-dosed conditions. These results are also validated by Electrochemical Impedance Spectroscopy (EIS) measurements, which provide more macroscopic properties. The increase in protectiveness in the presence of both Zn 2 + and Ni 2+ cations in the water was attributed to the higher degree of spontaneity of the substitution reaction of Ni 2+ with Zn 2+ in the NiCr 2 O 4 inner oxide compared to the substitution reaction of Fe 2+ with Zn 2+ in the FeCr 2 O 4 . • Oxide properties of 316 SS were evaluated under HWC BWR water chemistry. • Cation incorporation analyzed via Analytical S/TEM and oxidation resistance via EIS. • Most protective oxide formed with simultaneous Zn and Ni injection, followed by Zn alone. • 10 ppb Ni injection decreased SS oxidation rate by driving Ni 2+ with Fe 2+ substitution. • Ni injection produced a less protective oxide than Zn due to higher solubility of NiCr 2 O 4 .",25.615384615384617,5.8258258258258255,0.6996996996996997,0.4594594594594595,0.012012012012012012,0.006006006006006006,0.2634730538922156,2025,7.590909090909091
https://doi.org/10.1016/j.corsci.2025.113386,In situ 2D visualization of hydrogen entry into Zn-coated steels in NaCl solutions: Roles of Zn dissolution and potential distribution,2025,2,True,article,Corrosion Science,"The hydrogen entry behavior of a partially Zn-coated steel sheet in NaCl solutions was investigated employing a polyaniline-based hydrogenochromic sensor, electrochemical hydrogen permeation tests, and potential measurements using a scanning Kelvin probe. While the Zn coating mitigated corrosion of the steel substrate, it simultaneously accelerated the hydrogen entry. The hydrogen entry occurred at the bare steel surface regions exposed to the NaCl solution, with the hydrogen flux exhibiting non-uniform distribution: higher near the dissolving Zn coating. While no significant differences in Zn dissolution behavior or galvanic current were observed between 0.1 and 0.01 M NaCl solutions, the total hydrogen flux decreased with decreasing Cl − concentration. This reduction was attributed to a potential gradient induced by differences in electrolyte conductivity. The results demonstrate that potential distribution, rather than galvanic current, is a dominant factor influencing hydrogen entry under the investigated conditions. Graphical abstract • Hydrogen entry site was identified as the steel substrate exposed to NaCl solutions. • Non-uniform distribution of hydrogen flux existed across the steel substrate. • Hydrogen flux was considerably higher near the dissolving Zn coating. • Cl − concentration influenced the potential distribution but had minimal effect on galvanic current. • Hydrogen flux distribution was affected by potential distribution on the steel substrate.",15.923076923076923,7.0772946859903385,0.7342995169082126,0.5410628019323671,0.01932367149758454,0.01932367149758454,0.2634730538922156,2025,7.590909090909091
https://doi.org/10.1016/j.corsci.2023.111024,"Insights into the interfacial speciation of Ni in the corrosion layer of high burnup Zircaloy-2 cladding: A combined XRD, XAS, and LFDFT study",2023,1,True,article,Corrosion Science,"This work reports atomic-scale experimental and modeling studies of the zirconium oxide microstructure formed at the metal-oxide (M/O) interface, and the crystallography as well as the redox chemistry of alloying element nickel in the corrosion layer found on a serviced boiling water reactor Zircaloy-2 fuel rod cladding. Complying with radioprotection aspects a small-sized sample with only limited radioactivity, taken from a very high burnup (~ 79 MWd/kgU) cladding tube material, was prepared for the investigation using synchrotron-based X-ray microprobe techniques such as X-ray fluorescence (μXRF), X-ray diffraction (μXRD) and X-ray absorption spectroscopy (μXAS). The patterns of Ni K-edge XAS of solute Ni, probed at several location within the corrosion layer, have been recorded and analyzed. Close to the metal-oxide interface both the allotropic forms of zirconium oxide, monoclinic and tetragonal phases, have been identified by XRD analyses. XAS results of the barrier layer at the metal-oxide interface reveal that the oxides contain Ni atoms as divalent cations located in the proximity of oxygen vacancies. Near the M/O interface regions, all oxidized nickel atoms have a Ni2+ homogeneous distribution and no trace or even evidence of any metallic Ni is found in the oxide matrix. The experimental results, also supported by first-principles ligand field DFT calculations, are interpreted in term of energetics, stability, chemical and structural specificity of divalent Ni ions in zirconium oxide microstructure. The present investigation on the basis of a combined experimental and theoretical approach shows that the oxidized nickel ions being situated in the neighborhood of oxygen defects is influential on the hydrogen evolution reaction including the hydrogen intake behavior accompanied with the oxidation reaction in irradiated Zircaloy-2.",33.875,6.760147601476015,0.6678966789667896,0.6420664206642066,0.033210332103321034,0.01107011070110701,0.03643724696356276,2023,27.444444444444443
https://doi.org/10.1016/j.corsci.2024.112476,Decomposition products of oxygen scavengers and their effect on corrosion of steam generator materials – I. Diethyl-hydroxylamine and carbohydrazide,2024,1,True,article,Corrosion Science,"Hydrazine used as oxygen scavenger in the secondary circuit of pressurized water reactors is hazardous to the environment and potentially carcinogenic, thus, suitable replacement chemicals for it are actively sought. In the present paper, decomposition products of two potential replacements – carbohydrazide and diethyl-hydroxylamine – are analyzed, and their effect on secondary water chemistry and corrosion of the main steam generator materials – carbon steel 22 K, stainless steel 0X18H10T and Alloy 690 – is studied by in-situ electrochemical techniques complemented by ex-situ analyses of the formed oxides by spectroscopic and microscopic methods. Quantitative interpretation of the electrochemical impedance data with the Mixed-Conduction Model allowed for the estimation of oxidation and corrosion release rates depending on scavenger formulation, alloy type and temperature. Conclusions on the extent of interaction of decomposition products with construction materials are drawn based on the experimental and calculational results. • The decomposition of carbohydrazide decreases pH and increases acidic conductivity in the first hours of testing due to the formation of CO 2 . • Acetaldehyde, acetic acid, dimethylamine and ethylamine were the decomposition products that could be analyzed reliably from the DEHA decomposition. • The effect of scavenger type on the austenitic materials' oxide composition is rather small at the studied concentrations. • Electrochemical impedance spectroscopy was successfully applied to assess the structure of the forming oxides. • The differences between corrosion release rates on different materials in all studied scavenger formulations are not very large.",26.77777777777778,7.0,0.6763485477178424,0.5975103734439834,0.02074688796680498,0.008298755186721992,0.0641925777331996,2024,15.578125
https://doi.org/10.1016/j.corsci.2024.112473,The influence of Nickel on the corrosion protection of FeCrNi alloys after breakaway corrosion at 600 °C,2024,1,True,article,Corrosion Science,"Breakaway corrosion of stainless steels remains a challenge for many industrial applications operating in harsh conditions. The lifetimes of metallic components are often determined by the corrosion propagation after breakaway. Nevertheless, studies on the protective properties of the Fe-rich oxides formed after breakaway are scarce. This study investigates the influence of Ni on the protection after breakaway on a broad range of Fe18CrxNi model alloys, by systematically inducing breakaway of the initially formed protective, Cr-rich oxides. The results clearly demonstrate an improved protection after breakaway for higher Ni-contents, explained by the alloys’ ability to avoid internal oxidation involving Fe-rich BCC and spinel. • Increased amount of Ni in FeCrNi-alloys reduces the oxide growth rate after breakaway. • Avoiding internal oxidation including BCC+spinel is suggested to explain the reduction. • Ni shifts the range of stability for this type of internal oxidation to lower Cr content. • Thus, reduced oxide growth rates are expected by increased amounts of Ni and/or Cr.",17.77777777777778,6.7125,0.7,0.59375,0.0375,0.0375,0.0641925777331996,2024,15.578125
https://doi.org/10.1016/j.corsci.2025.112869,Effect of MgSO4 addition on alkali sulphates induced hot corrosion of a β-NiAl coating,2025,1,True,article,Corrosion Science,"The effect of MgSO 4 addition on alkali sulphates induced hot corrosion of a β-NiAl coating was studied by performing a series of tests with deposits of Na 2 SO 4 , Na 2 SO 4 -20 %K 2 SO 4 and Na 2 SO 4 -12 %K 2 SO 4 -35 %MgSO 4 (mol.% for all) at 700 °C in air with addition of SO 2 . For elucidating the observed corrosion phenomena, various salt-oxide/NiAl powder mixtures were exposed to the same hot corrosion test conditions. Two pseudo-binary phase diagrams of the Na, K, Mg-sulphate systems were calculated using an in-house developed thermodynamic database. Addition of MgSO 4 to Na 2 SO 4 -20 %K 2 SO 4 deposit salt inhibited the hot corrosion attack during 24 h exposure, which is related to consumption of aggressive K 2 SO 4 by the formation of solid K 2 Mg 2 (SO 4 ) 3 . However, extending the exposure with Na 2 SO 4 -12 %K 2 SO 4 -35 %MgSO 4 deposit to 100 h resulted in severe corrosion attack. The latter observation is explained by a reaction between K 2 Mg 2 (SO 4 ) 3 and NiAl causing formation of a Mg, Ni and Al containing spinel accompanied by release of the aggressive K 2 SO 4 into the liquid phase. • Addition of MgSO 4 to Na 2 SO 4 -K 2 SO 4 deposit inhibited initially hot corrosion of a NiAl-coating at 700°C in air – 300 ppm SO 2 . • The effect is related to formation of K 2 Mg 2 (SO 4 ) 3 , which effectively binds aggressive K 2 SO 4 . • After extended exposure the beneficial Mg-effect is lost due to formation of a Mg-Al spinel and release of K into the melt.",30.5,4.770491803278689,0.7213114754098361,0.3901639344262295,0.01639344262295082,0.006557377049180328,0.1317365269461078,2025,7.590909090909091
https://doi.org/10.1016/j.corsci.2025.112948,"Correlating nanoporosity, Nb oxidation states and deuterium transport in the oxide layer formed on a Zr-2.5 Nb alloy",2025,1,True,article,Corrosion Science,"In Canada Deuterium Uranium reactors, Zr-2.5 Nb alloys are used as a pressure boundary material and understanding corrosion and deuterium transport is critical. The objective of this study is to characterize the oxide layer formed on Zr-2.5 Nb alloy at the nanoscale and understand the diffusion of deuterium from the water-oxide interface to the base metal. Results indicate that defects, nanoporosity and microcracks in the oxide govern the oxidation tendency of Nb, which has +5, +4, +2, or partially oxidized states. Deuterium transport through the oxide layer is also directly correlated with defect density. The concentration of deuterium is highest at the water-oxide interface and lowest at the metal-oxide interface. This correlates with a change in defect density and Nb oxidation state, which also decreases between these two interfaces. The present findings provide a mechanistic understanding of oxidation and deuterium ingress in Zr-2.5 Nb alloys, helping to ensure the long-term performance of the material for reactor applications. • Nanopore density increases with exposure duration from 600 to 1799 days. • Deuterium concentration varies in the oxide layer and is influenced by nanoporosity. • β-phase impedes deuterium diffusion, impacting hydrogen pickup in Zr-2.5 Nb alloy.",13.857142857142858,6.505154639175258,0.6649484536082474,0.5670103092783505,0.041237113402061855,0.030927835051546393,0.1317365269461078,2025,7.590909090909091
https://doi.org/10.1016/j.corsci.2025.112990,Exceptional high-temperature corrosion resistance of multi-component alloys via modulating Al and Nb,2025,1,True,article,Corrosion Science,"The chemical compatibility of metallic materials with thermal transfer/storage media, which often involves aggressive working conditions (i.e., high-temperature, corrosive environments), challenges the safe operations of advanced and sustainable energy-related infrastructures. Here, we report the corrosion-oxidation behaviors of three multi-component alloys (MCAs) when exposed to a corrosive heavy-liquid metal condition ( i.e. , molten Pb at 650 ℃ with 10 −6 wt% oxygen dissolved). The two compositions, Al 0.36 Cr 0.67 FeNi 0.98 (HAl11) and Al 0.27 Cr 0.71 FeNi 1.16 Nb 0.17 (HAl8 Nb ), show excellent corrosion-resistance via passivating a protective oxide scale on the alloy surface. Further characterizations of the oxide layers differentiate their corrosion-oxidation mechanisms: a protective Al 2 O 3 oxide layer (with Cr and Fe segregation outmost) formed on HAl11 and a duplex oxide layer (outward growth of FeCr 2 O 4 /Cr 2 O 3 layer plus inward growth of an Al 2 O 3 layer) with internal oxidation on HAl8 Nb . Adding Nb improved the corrosion-oxidation resistance (“Nb-doping effect”) by enhancing the outward diffusion of metallic elements and promoting the rapid establishment of an alumina scale. Besides, the presence of AlNbO 4 , which was predicted by thermodynamics calculation, lying between the spinel and Al 2 O 3 formation, was also confirmed by experimental observations. Our findings advance the mechanistic understanding of MCAs’ performances in extreme conditions and provide novel strategies for designing corrosion-resistant alloys targeting aggressive application environments. • Corrosion behaviors of three multi-component alloys (MCAs) in oxygen-containing molten Pb at 650 °C were investigated. • Two compositions Al 0.36 Cr 0.67 FeNi 0.98 and Al 0.27 Cr 0.71 FeNi 1.16 Nb 0.17 show excellent corrosion-resistance. • The oxide layer formed is a two-layer or a three-layer structure. • Adding Nb (“Nb-doping effect”) improves the corrosion-oxidation resistance.",10.206896551724139,6.547297297297297,0.777027027027027,0.5912162162162162,0.02702702702702703,0.013513513513513514,0.1317365269461078,2025,7.590909090909091
https://doi.org/10.1016/j.corsci.2022.110826,On the high-temperature oxidation of ZnSb for thermoelectric applications,2022,0,True,article,Corrosion Science,"Thermoelectric ZnSb has a native surface oxide layer of Sb2O5 +ZnO, while HT oxidation in air resulted in selective oxidation to ZnO, with no detectable Sb by STEM-EDS. The ZnO consisted of an inner nano-granular and a more columnar outer layer. Thermogravimetry showed parabolic oxidation kinetics at 200–325 °C with an activation energy of 117 kJ/mol, comparing well with literature for oxidation of Zn. Two-stage 16O2 +18O2 oxidation followed by SIMS suggests growth by mixed Zn and O diffusion through a protective ZnO layer that still cannot prevent considerable high temperature oxidation in air, with formation of insulating electrical contacts, unless metallised.",25.5,6.46078431372549,0.696078431372549,0.7745098039215687,0.049019607843137254,0.0392156862745098,0.0,2022,33.55072463768116
https://doi.org/10.1016/j.corsci.2024.112545,Unravelling the impact of palladium on ruthenium-induced corrosion of SiC coatings in TRISO particles,2024,0,True,article,Corrosion Science,"Ru and Pd are fission products released through SiC layer in TRISO fuel at high temperature. This study investigates the corrosion behaviour of Ru-Pd on SiC layers of tri-structural isotropic (TRISO) particles. Specifically, it explores the effects of Pd (strongly reactive FP) on Ru (weakly reactive FP)-induced corrosion. In Pd-Ru/SiC systems, a Ru-Pd-Si liquid phase forms at high temperatures even with minimal Pd, accelerating corrosion along SiC grain boundaries. Comparing Pd’s role in Ru/SiC and Ag/SiC systems underscores the importance of liquid phases in FP migration. A novel approach is proposed for predicting the corrosion effects of multiple FPs on SiC through enthalpic interaction analysis. • Ru-SiC corrosion below 1500°C remains solid, with slow and uniform reaction. • High Pd content (>1 %) causes Pd-SiC corrosion only, preventing Ru-SiC corrosion. • Low Pd content (<1 %) induces Ru-Pd-Si liquid migration through SiC grain boundaries. • Liquid phase and reactive FPs are crucial factors for FP fast migration in SiC. • A novel way for predicting corrosion effect of multiple FPs on SiC is proposed.",15.818181818181818,6.287356321839081,0.7701149425287356,0.5517241379310345,0.022988505747126436,0.0,0.0,2024,15.578125
https://doi.org/10.1016/j.corsci.2025.112829,"Impact of (NH4)2SO4 agricultural atmospheric pollutant on the degradation mechanisms of thin layer Cu(In,Ga)Se2 solar cells",2025,0,True,article,Corrosion Science,"Chemical environment is usually disregarded in stability evaluations of photovoltaic devices but it can be critical for agrivoltaics (dual land use for energy production and agriculture). This work considers for the first time the effect of (NH 4 ) 2 SO 4 agricultural pollutant on the chemical degradation mechanisms of thin layer solar cells. Cu(In,Ga)Se 2 (CIGS) cells with the architecture SLG/Mo/CIGS/Zn(O,S)/ZnMgO/Al:ZnO/NiAlNi and representative stacks were characterized at different times of temperature/humidity cyclic aging with and without (NH 4 ) 2 SO 4 . The pollutant strongly increased degradation rate and modified the key degradation mechanisms . Cu(In,Ga)Se 2 -absorber and its interface with Mo-back contact were the most affected by accelerated aging without (NH 4 ) 2 SO 4 , while corrosion of front NiAlNi contacts and pitting of window Al-doped ZnO layer was the key degradation mechanism in the presence of (NH 4 ) 2 SO 4 . Chemical modifications of the cell and layers were coherent with optoelectrical characteristics loss. The work implies the necessity to take into account specific agricultural pollutants in reliability evaluation of new technologies for agrivoltaic applications.",26.285714285714285,6.505434782608695,0.6793478260869565,0.6141304347826086,0.04891304347826087,0.02717391304347826,0.0,2025,7.590909090909091
https://doi.org/10.1016/j.corsci.2025.113175,Accelerated and heterogeneous corrosion of Cr-doped uranium nitride fuel pellets,2025,0,True,article,Corrosion Science,"The steam oxidation of Cr-doped UN fuel pellets is analysed during sequential isothermal holds up to 720 °C. In situ neutron diffraction results show how Cr is accommodated in a secondary U 2 CrN 3 phase, leading to the formation of a duplex UN/U 2 CrN 3 microstructure. Under corrosion, the oxidation of the two phases begins at 400 °C for UN and 430 °C for U 2 CrN 3 , respectively. Because the UN phase is preferentially oxidised in the presence of U 2 CrN 3 , addition of Cr in UN based nuclear fuel is found to accelerate the corrosion rate. At 430 °C the oxidation of UN in the UN/U 2 CrN 3 microstructure is ∼5 times faster than pure UN, increasing to ∼19 times faster at 460 °C. The oxidation of U 2 CrN 3 produces UO 2 via the formation of two transient intermediate phases. In situ neutron diffraction enables oxidation processes of UN and U 2 CrN 3 components to be followed separately within the two-phase system.",24.714285714285715,5.265895953757226,0.7052023121387283,0.4682080924855491,0.017341040462427744,0.011560693641618497,0.0,2025,7.590909090909091
https://doi.org/10.1016/j.corsci.2025.113476,Comparing effects of Si and Mn on isothermal and cyclic oxidation of a ferritic chromia former in water vapour,2025,0,True,article,Corrosion Science,"Model alloys, Fe-20Cr-(1Si, 2Mn), were exposed to isothermal and cyclic oxidation in Ar-5H 2 O (vol.%) mixtures at 650 °C. The binary Fe-20Cr alloy formed thick Fe-rich scales and an internal oxidation zone under both isothermal and cyclic conditions. Manganese additions reduced oxidation rates under both conditions, but did not prevent breakaway corrosion. Silicon addition led to protective behaviour, forming a duplex scale of Cr 2 O 3 and SiO 2 , even during thermal cycling. Differences in reaction outcomes were discussed in terms of reaction product phases and the diffusion processes supporting their formation. • Corrosion behaviors of Fe-20Cr-(1Si,2Mn) alloys were investigated in both isothermal and cyclic conditions in H 2 O at 650 °C. • Cyclic reaction accelerated Fe-20Cr corrosion and changed oxide morphologies. • Mn addition reduced oxidation rate and modified scale structure, but fails to prevent breakaway corrosion. • Si addition formed a duplex Cr 2 O 3 /Si-rich oxide scale, preventing breakaway oxidation under both isothermal and cyclic exposures.",16.4,6.378048780487805,0.7682926829268293,0.5670731707317073,0.03048780487804878,0.0,0.0,2025,7.590909090909091
https://doi.org/10.1016/j.corsci.2026.113839,Influence of NaCl solid deposit on the high-temperature corrosion behavior of additively manufactured alloy 625,2026,0,True,article,Corrosion Science,Additive manufacturing (AM) process is used to elaborate deposits of alloy 625 on a low-alloy ASTM A387 steel substrate. The effect of NaCl deposit on the alloy corrosion behavior is investigated at 800°C. The presence of NaCl deposit conduct to an important corrosion of the alloy with the formation of a thick corrosion scale and numerous voids in the metal beneath the scale. The presence of gaseous metal chlorides lead to the establishment of a self-sustaining active corrosion mechanism. Thermodynamic calculations allow to assess chlorine influence on alloying elements and to understand their contribution in oxide layers and voids formation.,20.0,6.43,0.65,0.63,0.05,0.01,0.0,2026,0.5588235294117647
https://doi.org/10.1016/j.corsci.2025.113521,Enhanced oxidation resistance at 1700 °C of Cf-ZrB2/SiC composites via NbB2/NbC layered coatings,2025,0,True,article,Corrosion Science,"Carbon fibre reinforced ZrB 2 /SiC composites, produced via slurry infiltration and hot pressing, were coated with metallic niobium by means of magnetron sputtering. The coated substrates revealed an average coating thickness of ∼13 µm (as-coated specimens). Vacuum annealing at 1800 °C in a graphite vacuum furnace induced the transformation of the coating to a layered NbC-NbB 2 system (annealed specimens). Oxidation experiments were carried out at 1500 °C and 1700 °C in controlled dry air with baseline material, as-coated, and annealed specimens. The results revealed the beneficial effect of the Nb coating in stabilizing and preserving B 2 O 3 even at 1700 °C, considerably slowing oxidation kinetics of the ZrB 2 /SiC matrix material and the incorporated carbon fibres. Thanks to the chemical compatibility between the coating and the UHTC substrate, and the good adhesion of the coating, these materials do not suffer from typical CMCs-related issues, such as coating spallation. The oxidation mechanisms were discussed in detail.",22.857142857142858,6.38125,0.69375,0.65625,0.00625,0.00625,0.0,2025,7.590909090909091
https://doi.org/10.1016/j.corsci.2025.113538,Redox mechanisms and metal fluoride stability in alkali fluoride corrosion -confirmed by experiment,2025,0,True,article,Corrosion Science,"The corrosion behavior of Inconel 625 in contact with LiF was compared with its behavior in NaF at 600°C in air. Thermodynamic calculations were carried out to determine the stability of metal fluorides in both conditions, confirming salt specific element depletion. TOF-SIMS was conducted to examine the lithium-ion behavior in the oxide and metal over short-term and long-term exposures. A redox mechanism is suggested where fluoride ion A redox mechanism is suggested where fluoride ion ingress into the alloy towards an inner anode is discussed coupled with an outer anode at the alloy surface. The diffusion of lithium ions is considered a passive process along cation diffusion paths. The suggested mechanism discusses also why the presence of fluorine gas in the corrosion process is not viable. The presented mechanism and energetic pathway are in full agreement with the experimental observations and can be easily transferred to other alkali fluoride experiments in literature. • A redox mechanism is explaining the element selective intergranular corrosion attack of alloy 625 by LiF in air. • The same redox mechanism also predicted the absence of intergranular attack in NaF, which was experimentally verified. • This mechanism excludes molecular fluorine as reactant and deems ""active oxidation"" theory unsuitable in alkali fluorides. • No metal fluorides were thermodynamically stable in contact with NaF, which was in line with experimental results. • Ionic flux transport paths are expressed.",19.25,6.441558441558442,0.6796536796536796,0.5541125541125541,0.047619047619047616,0.025974025974025976,0.0,2025,7.590909090909091
https://doi.org/10.1016/j.corsci.2026.114019,"The effect of negative dK/dt on crack growth behavior of Alloy 182, Alloy 82 and low alloy steel in a simulated BWR water environment",2026,0,True,article,Corrosion Science,"SCC crack growth prediction of dissimilar metal weld in nuclear reactor internals supports is critical for BWR structural integrity assessment. SCC crack may initiate at alloy 182 and grow into alloy 82 and potentially into low alloy steel. In this situation, crack grows in the weld residual stress field and crack tip stress intensity factor, K is changing with crack growth and crack growth behavior can be affected by dK/dt as predicted by the theoretical formulation. This study investigates SCC behavior under negative dK/dt conditions on Alloy 182, Alloy 82 and SQV2A pressure vessel steel, which are prepared from a mock-up dissimilar metal weldment of Alloy 182/82/low alloy steel. Theoretical analysis based on Hall's model predicts that crack growth arrest can occur when dK/dt becomes sufficiently negative, with threshold values dependent on K and material parameters. Contoured double cantilever beam specimens were tested in simulated BWR normal water chemistry under controlled K-decreasing protocols. Experimental results for Alloy 182 showed apparent crack arrest at dK/dt = −1.44×10⁻⁵ MPa√m/s and reduced growth rates at −7.22×10⁻⁶ MPa√m/s, qualitatively consistent with theoretical predictions. Alloy 82 exhibited lower SCC susceptibility with apparent crack arrest observed under K-decreasing conditions. These findings provide experimental evidence for CGR sensitivity to dK/dt, which is relevant to plant components where cracks propagate through varying residual stress fields. However, the imposed dK/dt protocol differs from natural -dK/da testing, where extensive literature demonstrates sustained crack growth to K values below those at which apparent arrest occurred here. The results require cautious interpretation for structural integrity assessment.",19.53846153846154,6.909448818897638,0.7519685039370079,0.6181102362204725,0.007874015748031496,0.023622047244094488,0.0,2026,0.5588235294117647
https://doi.org/10.1016/j.corsci.2025.113554,Iron dissolution kinetics of API 5CT C110 carbon steel in acidic environments: A numerical modelling approach,2025,0,True,article,Corrosion Science,"This study investigates the reaction kinetics of API 5CT C110 carbon steel dissolution in different acidic environments using electrochemical techniques. An optimal analysis time was determined, outside the active material dissolution and transient regions. Electrochemical impedance spectroscopy (EIS) at open-circuit potential revealed two distinct reaction time steps in the different acidic environments. The effects of anion concentrations on the reaction mechanisms were determined under accelerated anodic conditions. The findings demonstrate that reaction rates are influenced by the interdependence between surface potential and solution species. An alternative numerical modelling approach was developed for EIS data analysis, achieving an accuracy of 98.8 % for a three-time-step model, representing a previously unreported mechanistic step. Furthermore, the model accounts for the reactant concentrations that influence the reaction rates. This method improves accuracy, simplifies parameter optimisation, and enhances interpretability compared to conventional equivalent circuit fitting.",15.555555555555555,7.7214285714285715,0.75,0.7214285714285714,0.02142857142857143,0.007142857142857143,0.0,2025,7.590909090909091
https://doi.org/10.1016/j.corsci.2025.113575,Investigation of kinetics of ECM dendrite growth during corrosion in electronics,2025,0,True,article,Corrosion Science,"Corrosion-related failures are critical for electronics reliability in various technological sectors, with a wide range of systems shifting towards the use of high voltage and power. Miniaturization and high voltage between closely spaced connectors induce a higher risk of dendrite formation due to electrochemical migration (ECM) when connected by a condensed water film. Shorting caused by ECM dendrites is a prominent failure mechanism in electronics, which at higher voltage could even lead to incidents of fire. Dendrite growth occurs by metal dissolution and electric field assisted deposition, while dendrite composition and shorting characteristics are determined by the kinetics of growth, controlled by the current. To study the kinetic factors related to dendrite growth, a galvanostatic approach with applied current in the range of 0.5 µA to 5 mA was employed on a simple test PCB consisting of two copper pads. Electrochemical testing was supplemented by chemical analysis of dissolved species in a micro-volume of solution using ICP-OES, while characteristics of dendrite as a function of current levels were analyzed using XPS, SEM-EDS and TEM. Dendrite growth and pH gradient increased with current levels. Dendrite composition varied depending on the current levels, while it was suggested that hydrolysis reactions rate determined local pH and dendrite morphology rather than the level of copper dissolution (Total charge Q T /Charge consumed by Cu dissolution Q Cu >1 for low and high current levels with shorting). A complementary potentiostatic test verified this understanding of charge consumed (Q T / Q Cu >1 at 2 V and 48 V applied voltage, without dendritic shorting). • Pure water conductivity increases as copper and OH - ion production increases. • Dendritic growth rate increases with increase in applied current level. • Passed charge drives copper dissolution, hydrolysis and dendrite current upon shorting. • Dendrite morphology changes with increasing current. • Q T /Q Cu rises with higher applied current suggesting more charge used for hydrolysis.",21.2,6.465408805031447,0.720125786163522,0.5471698113207547,0.009433962264150943,0.015723270440251572,0.0,2025,7.590909090909091
https://doi.org/10.1016/j.corsci.2025.113577,Effect of zinc injection on the oxide film structure and corrosion release behavior of Alloy 690TT in high temperature pressurized water,2025,0,True,article,Corrosion Science,"To elucidate the inhibition mechanism of zinc water chemistry on the corrosion product release from key materials in pressurized water reactor (PWR), this study systematically investigates the evolution of oxide films and the release kinetics of elements (Ni, Cr, Fe) from Alloy 690TT under both basic (Zn-free) and zinc-injected (50 ppb) conditions in simulated primary water at 325 °C for up to 3336 hours. Oxide film analysis reveals that zinc injection promotes the transformation of the outer oxide layer from a porous, needle-like NiCr₂O₄ spinel to a dense, granular (Zn,Cr,Fe)₃O₄ composite spinel, while the inner compact Cr₂O₃ layer remains stable. Analysis of the release kinetics shows that zinc injection significantly reduces the corrosion release rates of the main metallic elements. Nickel is the primary released element, and its initial release rate is reduced by approximately 71% with zinc injection. Furthermore, based on the corrosion release rate data from various time points, a quantitative predictive model describing the evolution of the average release rates of Ni, Cr, and Fe over time has been established.",34.6,6.427745664739884,0.6936416184971098,0.653179190751445,0.028901734104046242,0.017341040462427744,0.0,2025,7.590909090909091
https://doi.org/10.1016/j.corsci.2026.113604,Unexpected low temperature crack propagation in nuclear post-shutdown water chemistry of Alloy 52 with potential effects of hydrogen,2026,0,True,article,Corrosion Science,"Constant-displacement bolt-loaded compact tension specimens of Nickel-based Alloy 52 were exposed to boiling water reactor environment for 12 years, followed by an additional 3 years in post-shutdown cold water conditions in a Swedish nuclear power plant test loop, under a stress intensity factor of 20 MPa√m. After outer surface decontamination and specimen opening, unexpected crack extensions of 3–4.5 mm were observed. The fracture surface and the cross-sectional deformation microstructure were examined by electron microscopies techniques down to the nanoscale. The oxide layer in the region exhibiting unexpected crack growth was notably thin, suggesting that it formed after exposure to elevated operating temperatures. The dominant fracture mode is transgranular, propagating along close-packed {111} planes. The grains contained heterogeneous microstructures with regions enriched in nanometer-sized Ti(N,C) and the zigzag crack paths did not traverse these regions strengthened areas. Extensive shear bands were present near the crack tips, indicating pronounced localized plasticity. Hydrogen reduces stacking fault energy, results in localized plasticity and enhances shear bands formation. Low temperature crack propagation with evident effects of hydrogen was considered as the potential cause of crack propagation in Alloy 52 in the absence of external dynamic loading under post-shutdown cold water chemistry.",19.6,7.1479591836734695,0.7448979591836735,0.7551020408163265,0.025510204081632654,0.02040816326530612,0.0,2026,0.5588235294117647
https://doi.org/10.1016/j.corsci.2026.113626,A generalized model of corrosion inhibition efficiency for multilayer adsorption,2026,0,True,article,Corrosion Science,"In a recent study (Kokalj, 2026), a model was developed to map multilayer surface coverage to inhibition efficiency ( η ). In that model, the corrosion protectiveness of adsorbed molecular layers beyond the first was postulated to follow a Langmuir-like dependence on the number of layers. In the present work, this model is generalized by leveraging an experimental observation that the polarization resistance of Langmuir–Blodgett monolayers increases linearly with the number of deposited monolayers beyond the first. It is shown that the previously developed model is a special case of the more general formulation presented here. Both models predict a characteristic hallmark shape in the c / η versus c plot—where c is the inhibitor concentration—featuring a bent, arching profile above the c / η = c line at low concentrations, followed by a linear regime at higher concentrations. The generalized model, however, provides further insight, indicating that the extent of this curvature increases when the contribution of the subsequent layers to inhibition efficiency is strong, or when the first adsorbed layer contributes weakly, a behavior that is consistently reproduced when the model is applied to experimental inhibition efficiency data from the literature. Yet under many conditions, the curvature remains too subtle to allow unambiguous identification of multilayer adsorption based on c / η versus c plots alone.",31.142857142857142,6.458715596330276,0.6513761467889908,0.573394495412844,0.027522935779816515,0.009174311926605505,0.0,2026,0.5588235294117647
https://doi.org/10.1016/j.corsci.2026.113644,Revealing the enhanced corrosion resistance of Cr/FeCrAl-coated Zr alloy in simulated PWR water,2026,0,True,article,Corrosion Science,"The long-term corrosion behavior and oxide evolution of Cr/FeCrAl-coated Zr-4 alloy in simulated PWR primary water (360 °C and 18.6 MPa) were systematically investigated. Results showed that a continuous triplex oxide film, featuring FeCr 2 O 4 spinel, Fe 3 O 4 spinel and (Cr,Al) 2 O 3 , was developed on the coating, effectively protecting Zr substrate from corrosion. In the early stage, sustained outward Fe/Cr diffusion precipitated on the surface to form the outer spinel layer, while the internal (Cr,Al) 2 O 3 layer grew inwards through oxidant transport. Over time, the diffusion barrier effect of dense (Cr,Al) 2 O 3 layer shifted spinel growth mechanism to dissolution-reprecipitation, accompanied by a decelerated oxide growth. The superior corrosion resistance was dominated by the (Cr,Al) 2 O 3 layer. During exposure, the FeCrAl-Cr interface and the developed near-equiaxed Cr nanograins arrested the vertical cracks along GBs and promoted blunting/deflection, mitigating coating spallation and preserving structural integrity.",22.285714285714285,6.506410256410256,0.7628205128205128,0.6794871794871795,0.04487179487179487,0.00641025641025641,0.0,2026,0.5588235294117647
https://doi.org/10.1016/j.corsci.2026.113645,Corrosion fatigue behavior of Ti-4Al-6Mo-2V-5Cr-2Zr alloy with different microstructures in 3.5 % NaCl solution,2026,0,True,article,Corrosion Science,"Ti-4Al-6Mo-2V-5Cr-2Zr alloy with different microstructures was prepared through two heat treatment processes (STA 1 and STA 2), and its corrosion fatigue behavior in a 3.5 % NaCl solution was investigated. STA 1 forms a hierarchical nanostructure (HN) containing coarse grain boundary α (GB α), primary α (α p ), and nanoscale secondary α (α s ) with significant elemental segregation. In contrast, STA 2 forms a lamellar structure (LM) composed of fine, needle-like α s with uniform element distribution. Results indicate that LM has better corrosion resistance, its passive film resistance (4.328 ×10 6 Ω·cm 2 ) is higher than that of HN (1.101 ×10 6 Ω·cm 2 , 6.9 nm). In a 3.5 % NaCl solution, STA 1 shows significant corrosion fatigue behavior, whereas STA 2 does not exhibit any signs of corrosion fatigue. The deformation in HN mainly occurs within the coarse α phase, and the high dislocation density can lead to localized stress concentrations, thereby damaging the passivation film and initiating corrosion fatigue cracks.",15.181818181818182,5.994011976047904,0.7904191616766467,0.6946107784431138,0.0658682634730539,0.023952095808383235,0.0,2026,0.5588235294117647
https://doi.org/10.1016/j.corsci.2026.113723,Improved phase differentiation in EBSD data of oxidized stainless steel AISI 304 by indexing via full pattern matching and NPAR,2026,0,True,article,Corrosion Science,Steel oxidation is a process linked to a wide range of oxidic and metallic phases with usually cubic or trigonal symmetry and their solid solutions. Applying the advanced post processing procedures Neighbour Pattern Averaging and Reindexing (NPAR) and full pattern matching to EBSD datasets of an austenitic AISI 304 steel oxidized at 800°C in air enables a significantly enhanced analysis regarding both representativity and phase discrimination. The presented results show that oxide ridges formed at the surface are mainly located on top of random high angle grain boundaries but not on Σ3 twin boundaries. They also enable to conclude that oxidation progresses into the austenitic alloy by incorporating oxygen ions to the existing austenite lattice (inward growth) which transforms to either spinel- or corundum-type lattices with basically matching closest packed planes. Metal ions are added to a growing outer oxide layer (outward growth) mainly consisting of corundum-type oxide. Applying parent grain reconstruction enables to show that most of the trigonal lattice detected in cross sections is apparently in an epitaxial relationship to the cubic substrate it originated from or grew onto.,30.166666666666668,6.585635359116022,0.6906077348066298,0.7016574585635359,0.027624309392265192,0.03867403314917127,0.0,2026,0.5588235294117647
https://doi.org/10.1016/j.corsci.2026.113631,Leaching in active protective coatings observed in-situ by nano-CT using synchrotron radiation,2026,0,True,article,Corrosion Science,"Active protective coatings have been used and studied for decades. It is well known that the coating composition and microstructure determine the leaching behavior of the corrosion inhibiting species from the coating matrix. However, the leaching process on the microscale is a complex phenomenon important details of which remain obscured till today. Non-destructive spatial observation of the leaching process by nano-computed tomography using synchrotron radiation can contribute to a deeper understanding. Here, we report on the first truly in-situ 3D observation of microscale leaching. 3D images were generated while individual inhibitor particles dissolve from the coating matrix due to exposure to flowing water. The development and growth of pores and pore clusters was observed with a sequence of 3D images as a function of time demonstrating that leaching progresses by successive dissolution of inter-connected soluble particles. • First ever in-situ 3D observation of microstructural changes due to leaching. • 3D image sequence, obtained non-destructively, allows to track gradual changes in space and time. • Pores are observed to appear, merge, and form networks. • Measurements reveal pore network bottlenecks of widths 1-2 μ m. • Results strongly support the hypothesis that pore networks are the dominant way of ion transport.",16.666666666666668,6.6,0.695,0.65,0.025,0.015,0.0,2026,0.5588235294117647
https://doi.org/10.1016/j.corsci.2026.113730,In situ quantification of β-phase dissolution in Ti-6Al-4V under harsh oxidative conditions,2026,0,True,article,Corrosion Science,"Understanding the long-term degradation of Ti-6Al-4V under oxidative conditions is essential for studying microstructurally selective corrosion in biomedical alloys, yet quantitative, time-resolved methods to track selective phase dissolution remain limited. This study investigates the corrosion behavior of Ti-6Al-4V exposed to phosphate-buffered saline (PBS) containing 1 M H 2 O 2 for up to 10 days, with a particular focus on quantifying the progression of β -phase dissolution and on developing an in situ electrochemical impedance spectroscopy (EIS)-based methodology to monitor dissolution depth over time. EIS, open-circuit potential (OCP) monitoring, and time-lapse microscopy were combined with equivalent circuit modeling (ECM) and finite element modeling (FEM). Immediately after H 2 O 2 addition, the polarization resistance dropped sharply. Microscopy revealed selective dissolution of the β -phase, progressing uniformly to depths of several tens of micrometers, while the α -phase remained largely unaffected. Dissolution continued steadily at an average rate of 0 . 23 μ m /h. EIS spectra exhibited a de Levie-type impedance feature directly linked to dissolution depth, in agreement with FEM and ECM analyses. In addition, one-dimensional finite element modeling elucidated the time evolution of the resistive contributions to the EIS response. A phenomenological model was established to predict the propagation of β -phase dissolution based on EIS data, exploiting a quantitative relationship between EIS-derived relative capacitance and the exposed α -phase surface area observed by time-lapse microscopy. While the applied peroxide concentration exceeds physiological levels, the methodology presented here enables non-destructive, time-resolved monitoring of corrosion progression and is directly transferable to longer-term studies employing more realistic simulated inflammatory conditions.",23.636363636363637,7.1923076923076925,0.7423076923076923,0.6576923076923077,0.019230769230769232,0.011538461538461539,0.0,2026,0.5588235294117647
https://doi.org/10.1016/j.corsci.2026.113733,Chromium depletion and microstructural effects on molten salt corrosion of wrought and wire-arc additively manufactured Hastelloy C276 alloys,2026,0,True,article,Corrosion Science,"The microstructure and high-temperature corrosion behavior of Hastelloy C276 fabricated by wrought processing and wire arc additive manufacturing (WAAM) were systematically investigated. The wrought alloy exhibited equiaxed grains with uniform elemental distribution, and sparse nanoscale grain boundary precipitates. In contrast, WAAM specimens taken from the top, middle, and bottom regions displayed a textured dendritic γ-Ni matrix with interdendritic Mo/Cr segregation and scattered second-phase particles. Rapid cooling near the substrate produced cellular structures in the bottom region, while limited heat transfer from subsequent layers led to finer and shorter dendrites in the top region. Corrosion testing in FLiNaK at 750 °C for 500 h resulted in average corrosion rates of 0.0935 mm/year (wrought) and 0.0979 mm/year (WAAM). Post-corrosion characterization and modeling identified chromium depletion as the primary degradation mechanism, driving vacancy formation, dynamic recrystallization, and localized pitting, particularly in defect-rich interdendritic and grain-boundary regions. A Cr-depletion-based damage factor was integrated into a corrosion model to predict mass loss and corrosion rate. Although Mo segregation and dynamically formed topologically close packed phases locally hindered Cr diffusion, their overall influence on corrosion depth was limited. The WAAM alloy exhibited slightly inferior corrosion resistance relative to wrought C276, attributable to its higher interdendritic area fraction, while the extent of corrosion remained governed by the Cr‑depletion‑controlled dissolution process. • WAAM C276 shows slightly inferior corrosion than wrought C276 in FLiNaK at 750 °C. • Corrosion is controlled by Cr depletion while microstructure governs where attack localizes. • Interdendritic Cr‑segregated regions in WAAM are the primary pit initiation sites. • The Cr depletion damage factor describes dissolution behavior and complements metal dissolution. • Mo segregation and TCP μ phase act as local diffusion barriers with only marginal influence on overall corrosion.",17.8125,7.273684210526316,0.7578947368421053,0.6350877192982456,0.0456140350877193,0.007017543859649123,0.0,2026,0.5588235294117647
https://doi.org/10.1016/j.corsci.2026.113761,Investigating size and proximity effects in Al-Au micro-galvanic corrosion,2026,0,True,article,Corrosion Science,"The influence of Al-Au intermetallic particle size and distribution in an Al-Au micro-galvanic corrosion system was investigated by coupling post-corrosion scanning electron microscopy imaging with computer vision analysis. Au-Al specimens were fabricated by electron beam evaporation and thermal annealing, resulting in Al 2 Au intermetallic particles with a moderate size range embedded in an Al film. The samples were immersed in a 0.6 M NaCl solution, leading to galvanic corrosion of the Al matrix. Analysis of the corroded samples showed that corrosion progressed via micro-galvanic cell formation, with the likelihood of galvanic attack tied directly to both the size of the particles and the proximity of neighboring particles. This led to the identification of a ‘safe’ zone where particles less than ~0.02 μm 2 in projected area and farther than ~0.2 μm from a nearest neighbor were unlikely to induce galvanic corrosion. Finite element simulations showed that this behavior corresponds to the anode electrochemical potential and total cathodic current. • The influence of particle size and nearest neighbor proximity on galvanic corrosion was investigated in a Au-Al system. • It is shown that there exists a ‘safe’ region where sufficiently small and widely spaced particles were not susceptible to galvanic corrosion attack. • The likelihood of galvanic corrosion attack is linked to the potential on the anode and total cathodic current.",18.416666666666668,6.457013574660634,0.6787330316742082,0.5067873303167421,0.03619909502262444,0.01809954751131222,0.0,2026,0.5588235294117647
https://doi.org/10.1016/j.corsci.2026.113764,Hydrogen-assisted degradation of base metal and heat affected zone in X65 pipeline steel welds with varying surface finishes evaluated by in-situ microcantilever bending,2026,0,True,article,Corrosion Science,"Repurposing the existing natural gas pipeline infrastructure for hydrogen applications poses safety concerns regarding hydrogen embrittlement. Pipeline weldments are particularly considered as vulnerable sites for hydrogen-induced degradation effects. To this end, this study evaluates the micromechanical interaction of hydrogen with the base metal (BM) and heat affected zone (HAZ) of API 5 L X65 pipeline steel. In-situ microcantilever bending complemented with high-resolution post-mortem characterisation was employed to reveal the hydrogen-assisted degradation of the BM and HAZ microstructure. As a second novel variable, the role of the surface condition in hydrogen environment was highlighted by comparing a polished reference surface with one containing a non-protective oxide layer. This unique approach reveals that hydrogen facilitates localised deformation by enhancing dislocation nucleation and reducing dislocation mobility. The polished HAZ exhibits a marginally better resistance to hydrogen embrittlement than the BM, attributed to the microstructural features. However, the oxide layer interacts synergistically with hydrogen, significantly deteriorating the mechanical integrity. Thus, the complete state of the pipeline determines the degree of hydrogen-assisted degradation, including both the microstructure and the surface condition. • Hydrogen embrittlement evaluation via in-situ cantilever bending of pipeline welds • Hydrogen-dislocation interactions drive localised deformation and degradation • The microstructure determines the hydrogen degradation of the BM and HAZ • Synergistic deterioration effects between hydrogen and a corrosion surface layer",24.22222222222222,7.605504587155964,0.7064220183486238,0.5871559633027523,0.03211009174311927,0.013761467889908258,0.0,2026,0.5588235294117647
https://doi.org/10.1016/j.corsci.2026.113819,Enhancing corrosion resistance of Mg-Zn-Ca alloys via constrained friction processing,2026,0,True,article,Corrosion Science,"Magnesium (Mg) alloys are promising lightweight structural materials due to their excellent mechanical properties and high specific strength. However, their relatively high corrosion rates, susceptibility to localized corrosion, and potential for stress corrosion cracking pose significant challenges for engineering applications. This study investigates the corrosion resistance of Mg-Zn-Ca (ZX) alloys processed by a constrained friction processing (CFP) technique. CFP significantly refines the microstructure, reduces the size and volume of secondary phases, and enhances the mechanical properties of ZX alloys. The results show that CFP ZX alloys exhibit improved corrosion resistance in NaCl solution, with ZX10 alloy demonstrating the best performance due to the formation of a dense corrosion product and a protective Zn-rich layer on the surface. The study reveals that the severe shear deformation and extensive recrystallization during CFP accelerate the dissolution of secondary phases into the matrix, leading to a more homogeneous microstructure and reduced localized micro-galvanic corrosion. These findings highlight the potential of CFP for producing high-performance Mg alloys with enhanced corrosion resistance for structural applications.",24.142857142857142,7.331360946745562,0.6923076923076923,0.6272189349112426,0.05325443786982249,0.011834319526627219,0.0,2026,0.5588235294117647
https://doi.org/10.1016/j.corsci.2026.113888,Mechanistic insights into oxidation and carbon transport in 316 H stainless steel under creep in high pressure CO/CO2 environment,2026,0,True,article,Corrosion Science,"The influence of applied mechanical stress on oxidation and carburisation behaviour in a high-pressure CO/CO 2 gaseous environment, representative of Advanced Gas-cooled Reactor (AGR) conditions, was investigated using Type 316H stainless steel. Specimens were subjected to varying stress levels ranging from 210 to 350 MPa for exposure durations between 62 and 1000 hours. A duplex oxide structure was formed and characterised, with particular emphasis on the development of the inner oxide layer. Stress levels exceeding a threshold of approximately 290 MPa promoted enhanced grain boundary oxidation, whilst higher stresses also induced localised oxide instability within grains, attributed to creep-driven microstructural degradation. Quantitative carbon concentration profiles, obtained via EPMA from cross-sectional analyses, revealed elevated peak carbon levels and fluxes under active stress, while the depth of carbon penetration remained largely unaffected. These profiles were fitted using diffusion–trapping models, indicating that stress enhanced carbon flux primarily through increased trapping rather than changes in diffusivity. This behaviour was attributed to dislocation structures and grain boundary cavitation acting as dominant trapping sites. An engineering model was developed to describe Vickers hardness (Hv) elevation and carbon uptake as functions of stress and time, providing a mechanistic framework for stress-assisted degradation in AGR environments.",24.75,7.3686868686868685,0.7626262626262627,0.7424242424242424,0.04040404040404041,0.015151515151515152,0.0,2026,0.5588235294117647
https://doi.org/10.1016/j.corsci.2026.113886,Mechanistic insights into V‑enhanced corrosion resistance of CoCrFeNiMn high‑entropy alloys: A quantitative modeling study on the passivation process,2026,0,True,article,Corrosion Science,"This study prepared a series of (CoCrFeMnNi) 100-x V x (x = 2, 4, 6, 8) high entropy alloys (HEAs) using vacuum arc melting and systematically investigated the effect of increasing V content on their corrosion behavior and passive film composition in 3.5 wt% NaCl solution. Microstructural analysis shows that all alloys consist primarily of an FCC phase, along with a minor amount of tetragonal phase. The electrochemical test results show that the corrosion resistance of the alloys improves significantly with higher V content. When the V content reaches 6 at%, the HEA begins to exhibit a stable passive region. Further increasing in V content broadens the passive zone and reduces the passive current density, thereby further enhancing corrosion resistance. The performance improvement is mainly attributed to the increase in the content of compact oxides (V 2 O 5 and Cr 2 O 3 ) and a decrease in loose oxides (Fe 2 O 3 , MnO, and Fe 3 O 4 ) within the passive film. The beneficial effect of V addition operates through the following synergistic mechanism: firstly, a higher V content reduces the dissolution concentration of other HEA elements, inhibits the hydrolysis of Cr 3 + , and thus moderates the local pH environment. Secondly, the increased V content promotes uniform nucleation of V 2 O 5 , which provides more favorable thermodynamic conditions for the subsequent heterogeneous nucleation of oxides such as Cr 2 O 3 . Therefore, the combined effects of cation concentration control, local pH regulation, and V 2 O 5 -induced heterogeneous nucleation significantly enhance the corrosion resistance of this series of HEAs.",27.0,5.955555555555556,0.725925925925926,0.5444444444444444,0.022222222222222223,0.007407407407407408,0.0,2026,0.5588235294117647
https://doi.org/10.1016/j.corsci.2026.113880,Impact assessment of dynamic soil moisture on long-term corrosion behavior of buried steel pipelines using an integrated computational framework,2026,0,True,article,Corrosion Science,"Corrosion of buried steel pipelines is strongly governed by spatiotemporal variability of soil moisture driven by climatic fluctuations. This study investigates the impact of dynamic soil moisture conditions on steel pipelines using an integrated computational framework that incorporates climate-driven surface boundary conditions and moisture-dependent electrochemical kinetics. The experimentally observed non-monotonic dependence of corrosion rate on soil saturation was first simulated using the proposed framework, demonstrating that the trend is governed by the competition between oxygen availability and wetted electrochemically active areas across different moisture conditions. The same framework was further validated using data from a controlled 135-day corrosion experiment, confirming its ability to capture the transient corrosion response with moisture variation. To make long-term simulations computationally practical, a Thornthwaite Moisture Index (TMI)-based climatic boundary was introduced as an approximation. The simulated moisture and corrosion responses under TMI were compared with those obtained using a high-resolution physically driven climate boundary, showing that the approximation method captured major features of soil moisture variation and the corresponding corrosion response. On this basis, the framework was used for long-term scenario analyses. The results indicate that corrosion varies substantially with burial depth and soil texture owing to the interaction between seasonal moisture cycles and corrosion product layer formation. In addition, sensitivity analysis shows that neglecting spatiotemporal moisture fluctuations may lead to non-conservative estimation of long-term corrosion severity. Collectively, the study findings indicate the importance of dynamic soil moisture in assessing corrosion behavior of steel pipelines and its implications for pipeline integrity evaluation.",24.7,7.704453441295547,0.7246963562753036,0.5991902834008097,0.024291497975708502,0.012145748987854251,0.0,2026,0.5588235294117647
https://doi.org/10.1016/j.corsci.2026.113898,The roles of Nb2O5 phase evolution and solute interactions in temperature-dependent oxidation degradation mechanisms of Nb-based alloys,2026,0,True,article,Corrosion Science,"Catastrophic oxidation remains a major barrier to the application of Nb-based refractory alloys at elevated temperatures. In this study, Oxidation kinetics, oxide scale morphology, phase evolution, and solute interactions at 750 °C and 1100 °C were investigated to elucidate the mechanistic origin of catastrophic oxidation of Nb-based alloys. Precipitation-strengthened Nb-Si alloys, Nb-Si-(Al, Zr)-Sn and Nb-Si-(Al, Zr), were employed as model systems, and oxides were characterized using XRD, SEM/EDS, and Raman spectroscopy. At 750 °C, both Al- and Zr-containing alloys underwent pest oxidation; however, Al-containing alloys showed lower mass gain due to the formation of a continuous amorphous SiO 2 layer, whereas Zr-containing alloys underwent rapid fragmentation. At 1100 °C, oxidation proceeded by rapid external scale growth with mixed linear-parabolic behavior. Under these conditions, ternary alloys developed extensive cracks in oxide scales, whereas the Sn-modified alloys exhibited markedly improved scale continuity and adhesion. Detailed analysis revealed that the formation and evolution of Nb 2 O 5 polymorphs were strongly dependent on both alloy composition and temperature, which were closely associated with oxidation kinetics and scale morphology. In the Sn-modified alloys, inward diffusion of Sn and segregation at the interface between oxide scale and an underlying diffuse oxygen-enriched subsurface region indicate the formation of a Sn-rich diffusion barrier, which contributed to reduced oxidation and improved scale adhesion. These results suggest that oxidation resistance in Nb-based alloys is governed by the coupled effects of temperature-dependent Nb 2 O 5 phase evolution, solute interactions, and Sn-assisted diffusion-barrier formation, providing mechanistic guidance for the design of oxidation-resistant refractory alloys.",28.22222222222222,7.125984251968504,0.7362204724409449,0.5669291338582677,0.027559055118110236,0.011811023622047244,0.0,2026,0.5588235294117647
https://doi.org/10.1016/j.corsci.2026.113916,"Influence of mechanical roughening on hydrogen uptake, diffusion and trapping in iron-chromium alloy",2026,0,True,article,Corrosion Science,"This study investigates the influence of mechanical surface roughening on hydrogen uptake, diffusion and trapping in a single crystal Fe-Cr-Mo (001). Samples underwent varied mechanical roughening (grinding) to produce different surface finishes. Hydrogen diffusion and trapping behaviors were evaluated using electrochemical permeation tests, complemented by surface roughness and subsurface deformation analyses. Results revealed that increased surface roughness significantly reduces both steady-state hydrogen flux, hence subsurface lattice hydrogen concentration, and apparent hydrogen diffusion coefficients. Findings demonstrate that surface roughness impedes hydrogen entry at rougher surfaces. This was attributed to higher peak dominance that allows a higher probability of hydrogen recombination reactions at the surface. Numerical simulations of the permeation experiments on roughened specimens confirmed that subsurface defects primarily delay hydrogen breakthrough i.e . decrease the apparent diffusion coefficient. This study highlights the influence of surface morphology on hydrogen permeation behavior and confirms that surface characteristics should be considered in the case of industrial metallic surfaces exposed to electrochemically produced hydrogen.",15.9,7.911949685534591,0.7484276729559748,0.6477987421383647,0.025157232704402517,0.0440251572327044,0.0,2026,0.5588235294117647
https://doi.org/10.1016/j.corsci.2026.113910,Investigation of metal-solution interface during iron carbonate formation in aqueous CO2 environment using quartz crystal microbalance,2026,0,True,article,Corrosion Science,"The present study uses a quartz crystal microbalance (QCM) to investigate the formation of iron carbonate ( FeC O 3 ) in C O 2 -saturated brines. While frequency changes ( Δ f ) measured using QCM have been traditionally used to quantify FeC O 3 precipitation kinetics, the associated changes in motional resistance ( R ) are often overlooked. Here, both frequency change and motional resistance change are analyzed simultaneously to gain deeper insight into interfacial changes during the substrate corrosion and subsequent layer formation, including intermediate steps such as ion accumulation, surface dissolution, and precipitation. Experiments were conducted using quartz crystal resonators (QCR) coated with either inert gold or actively corroding iron, across varying conditions. Increase in motional resistance was observed during FeC O 3 layer formation on both substrates, with noticeable differences in the early-stage behavior. Transient features in Δ R appeared only in select cases and are attributed to surface-specific processes like active corrosion and local ion buildup near the QCR surface. These findings offer new perspectives on interpreting QCM data in corrosion environments and motivate the analysis of motional resistance response in future work, as it provides a useful window into the interplay between corrosion and corrosion product layer formation. • Validated the application of the Sauerbrey’s equation for FeC O 3 formation. • Illustrated the use of motional resistance response from QCM to distinctly resolve FeC O 3 formation dynamics for iron substrate versus gold substrate. • Proposed schematics for the evolution of near surface solution due to corrosion and FeC O 3 formation.",26.0,6.526923076923077,0.7384615384615385,0.5807692307692308,0.026923076923076925,0.019230769230769232,0.0,2026,0.5588235294117647
https://doi.org/10.1016/j.corsci.2026.113938,Validating corrosion models: Influence of physical properties,2026,0,True,article,Corrosion Science,"In chloride containing environments, two metals in physical contact can undergo galvanic corrosion limiting the lifetime of components. Being able to accurately predict galvanic corrosion damage distributions over time has not been widely presented. Therefore, Finite Element Method (FEM) corrosion models were experimentally validated for two galvanic couples as a function of governing equations, environment, anode material, anode:cathode ratio, and time. Carbon steel/stainless steel (CS/SS) and zinc/stainless steel (Zn/SS) galvanic couples were exposed to NaCl solutions at room temperatures for up to 14 days. For the galvanic couples and environments, the Laplace equation with variable conductivity with reactions was sufficient to model the experimental corrosion damage. Increasing the chloride concentration for the CS/SS galvanic couple, regardless of the anode:cathode ratio, decreased the observed and modeled corrosion damage. Decreasing the anode:cathode ratio ( i.e. , increasing the cathode length), increased the experimentally observed and modeled corrosion damage. For small anode:cathode ratios, the governing equations deviate over long time periods with the Nernst-Plank equation being conservative. For the Zn/SS galvanic couple, the cathode length controls the dominant cathodic reduction reaction. For small cathode lengths, the hydrogen evolution reaction is dominant. For larger cathode lengths, the oxygen reduction reaction is dominant. The results are discussed with regard to the influence of solution chemistry, ohmic drop, and governing reactions. Overall, validated FEM models were presented, and the resultant models, physics, and mechanisms can be applied to other corrosion scenarios with confidence. • Governing physics equations validated for explored galvanic couples over time • Increasing chloride concentration decreased modeled and experimental damage • Oxygen reduction reaction controls decrease in damage with increased chloride • Decreasing anode:cathode ratio increased modeled and experimental damage • Dominant cathodic reaction influenced by anode:cathode ratio and anode material",19.2,7.284722222222222,0.7326388888888888,0.4791666666666667,0.03125,0.010416666666666666,0.0,2026,0.5588235294117647
https://doi.org/10.1016/j.corsci.2026.113911,Investigating high temperature liquid E-GaInSn metal-induced corrosion in structural alloys for advanced nuclear reactors,2026,0,True,article,Corrosion Science,"Liquid metals are attractive candidates for primary and secondary coolants in advanced nuclear reactor systems owing to their superior thermophysical properties. However, their interaction with structural materials remains a critical challenge for long-term reactor operation. Gallium-based coolants, particularly eutectic Ga–In–Sn (E-GaInSn), have gained attention in advanced reactor designs, including the MARVEL microreactor under development at Idaho National Laboratory (INL). In this study, the corrosion behavior of three candidate structural alloys—Haynes 230 (H230), Haynes 282 (H282), and austenitic stainless steel 316H—was systematically evaluated during static immersion in E-GaInSn at 500 °C for exposure durations up to 1700 hours. The post-test characterization using scanning electron microscopy (SEM), energy-dispersive X-ray spectroscopy (EDS), and X-ray diffraction (XRD) revealed alloy-specific corrosion mechanisms. All alloys developed surface-localized reaction layers with a periodic layered structure (PLS), consisting of alternating intermetallic phases formed between Ga and alloying elements such as Ni, Cr, Mo, and Fe. The formation of these intermetallic layers confirmed that alloying reactions govern the corrosion process. The thickness, morphology, and distribution of reaction layers were strongly dependent on alloy composition, with H282 showing the greatest resistance compared to H230 and 316H. Notably, corrosion was largely confined to the near-surface region, without significant elemental diffusion or intergranular attack. These results advance the understanding of liquid metal compatibility and highlight the role of alloy chemistry in dictating corrosion resistance. The findings provide essential guidance for material selection and long-term performance assessment of structural components in next-generation nuclear reactor systems.",22.0,7.6115702479338845,0.7272727272727273,0.7727272727272727,0.024793388429752067,0.02066115702479339,0.0,2026,0.5588235294117647
https://doi.org/10.1016/j.corsci.2026.113948,Simultaneous enhancement of strength and intergranular corrosion resistance in an Al–Cu–Mg alloy through tailored precipitation routes,2026,0,True,article,Corrosion Science,"In many precipitation-hardenable aluminium alloys, achieving a favourable combination of high strength and intergranular corrosion (IGC) resistance remains challenging. This is largely due to electrochemical heterogeneity arising from precipitation of second phase particles at grain boundaries (GBs) and the adjacent precipitate free zones (PFZs) developed during traditional thermal processing. Precise control of alloy microstructure achieved via controlling the distribution of solute at GBs and second phases within grains is therefore essential for enhancing IGC resistance of such alloys. The IGC kinetics is governed by GB segregation i.e., presence of grain boundary precipitates (GBPs) and PFZs. In this study, room temperature precipitation and strengthening achieved by application of cyclic loading has been explored in an Al-Cu-Mg alloy. This produces a more spatially homogeneous microstructure consisting of nanoscale solute clusters within the matrix and the absence of obvious PFZs. The propensity towards IGC was assessed in conventionally peak-aged (PA), cyclically strengthened (CS) and naturally aged (NA) AA2024 samples. PA and NA samples showed higher susceptibility to IGC due to greater solute segregation across GBs. In contrast, the CS treatment was able to achieve strengths comparable to the PA state but with a chemically more “homogeneous” microstructure which is resistant to IGC.",18.09090909090909,7.0,0.6834170854271356,0.6934673366834171,0.035175879396984924,0.010050251256281407,0.0,2026,0.5588235294117647
https://doi.org/10.1016/j.corsci.2026.113954,High temperature oxidation of Cr-Al-O-N thin films: Complex interplay of oxide scale formation and kinetically limited decomposition,2026,0,True,article,Corrosion Science,"The oxidation behavior of (Cr 0.47±0.03 Al 0.53±0.03 ) z (O y N 1- y ) 1-z thin films (z = 0.475 ± 0.015) was investigated as a function of the O concentration with y = 0, 0.15, and 0.40 at 1000 °C to 1200 °C. Three regions were identified after oxidation at 1000 °C and 1100 °C: an Al-rich oxide scale (I) with a Cr-rich oxynitride gradient interlayer (II) is formed, and O levels decrease linearly within the interlayer towards the remaining film (III). Increasing the O concentration in the film reduces the amount of Cr in the oxide scale and significantly increases the stability of the remaining film during oxidation, which can be readily understood by O-induced enhancement of the activation energy of migration. Non-metal mobility is required for the decomposition of (Cr,Al)(O,N) into hexagonal Cr 2 N, and the formation of O vacancies is inhibited due to their high vacancy formation energy. All film compositions show a passivating oxidation behavior with comparable oxide scale thickness (I) of ~130 ± 30 nm after oxidation at 1000 °C for 16 h. In contrast, at 1100 °C, (Cr 0.48 Al 0.52 ) 0.48 (O 0.15 N 0.85 ) 0.52 exhibits the thinnest combination of oxide scale and oxynitride interlayer thickness (I+II), while it is 27% and 42% thicker for (Cr 0.50 Al 0.50 ) 0.49 N 0.51 and (Cr 0.44 Al 0.56 ) 0.46 (O 0.40 N 0.60 ) 0.54 , respectively. Oxidation kinetics are reduced for the oxynitride films, however, cracks are formed at the interlayer of (Cr 0.44 Al 0.56 ) 0.46 (O 0.40 N 0.60 ) 0.54 , eventually causing delamination. Consequently, (Cr 0.48 Al 0.52 ) 0.48 (O 0.15 N 0.85 ) 0.52 offers the highest oxidation resistance while exhibiting lower oxidation kinetics than Cr 2 AlC at 1100 °C. • Formation of Al-rich oxide scale and oxynitride gradient interlayer • O incorporation reduces the amount of Cr in the oxide scale • O incorporation increases the stability of the remaining film by enhancing the activation energy of migration • At 1000 °C, passivating oxidation behavior is observed • At 1100 °C, (Cr 0.48 Al 0.52 ) 0.48 (O 0.15 N 0.85 ) 0.52 offers lower oxidation kinetics than Cr 2 AlC",7.52,5.420212765957447,0.7606382978723404,0.4148936170212766,0.010638297872340425,0.007978723404255319,0.0,2026,0.5588235294117647
https://doi.org/10.1016/j.corsci.2026.113963,Highly protective coating against corrosion through dual-MOF microcapsules-based self-responsive strategy,2026,0,True,article,Corrosion Science,"Inhibitor-loaded microcapsules play a promising role in mitigating metal corrosion through a smart fashion but challenges remain in their commercial implementations, including unexpected leakage of inhibitors, poor compatibility with coating matrices, and short effective lifespan. Herein, dual-MOF-based microcapsules (UiO-66 and ZIF-8) were prepared for carrying curcumin as inhibitor to address those issues via a Pickering emulsion template. Differing from loose single-MOF counterparts, size-complementary dual-MOF particles formed tightly packed barriers (smaller ZIF-8 filling gaps between larger UiO-66) that profoundly suppressed emulsion coalescence and enhanced mechanical resistance of the microcapsules to minimize uncontrolled leakage, achieving a three-time increment in loading rate of curcumin (18.4% vs 6.0%). The dual-MOF particles strengthened interfacial compatibility through multiple interactions with epoxy coating matrix. The resultant composite coating (epoxy + dual-MOF-based microcapsules) maintained a high low-frequency impedance after 40-day immersion in 3.5 wt% NaCl solution and 720-h neural salt spray tests. pH-triggered microcapsule decomposition rapidly released internal curcumin and key species (Zn 2+ /2-methylimidazole from ZIF-8 and Zr 4+ /terephthalic acid from UiO-66), collectively establishing a protective film upon steel substrates. Residual MOF particles provided continuous active protection, yielding the lowest corrosion current density after salt spray tests among all scratched coatings. Such a dual-MOF- based microcapsule strategy offers an alternative option for design and development of sustainable and high-efficiency protective coatings against corrosion for numerous engineering services, such as marine and pipeline industry. • A dual MOF-based microcapsule strategy was designed and prepared through polymerizing Pickering emulsion. • Synergism of dual-MOF particles enhances emulsion stability, increases loading rate of corrosion inhibitors, and improves the compatibility of microcapsules in coating. • Composite coating incorporating dual-MOF-based microcapsules exhibits excellent passive barrier performance and sustained active protection.",19.857142857142858,7.748201438848921,0.7661870503597122,0.7158273381294964,0.03597122302158273,0.0035971223021582736,0.0,2026,0.5588235294117647
https://doi.org/10.1016/j.corsci.2026.113957,Effect of post-processing heat treatments on the microstructure and corrosion resistance of AZ91 magnesium alloy produced by laser powder bed fusion,2026,0,True,article,Corrosion Science,"The influence of post-build heat treatments on the microstructure and corrosion behavior of laser powder bed fusion (LPBF)-processed AZ91 magnesium alloy was investigated. Solution treatment induced pronounced grain coarsening, with grain sizes exceeding 200 µm in some regions, and reduced the β-Mg 17 Al 12 fraction to 1.7 wt.% (X-ray diffraction) and 8 ± 2% (image analysis), whereas over-aging preserved a fine-grained microstructure with an average grain size of 2.5 ± 1.4 µm and increased the β-phase fraction to 16.6 wt.% and 23 ± 2%, respectively. Corrosion behavior in 0.1 M NaCl was evaluated by potentiodynamic polarization, electrochemical impedance spectroscopy, hydrogen evolution measurements, and surface characterization. The over-aged condition exhibited enhanced anodic kinetics, extensive filiform corrosion, and a steady-state corrosion rate of 0.27 mA cm −2 . In contrast, the solution-treated alloy developed a narrow pseudo-passive region of approximately 20 mV, showed predominantly localized pitting, and reached a steady-state corrosion rate of 0.08 mA cm −2 . After 2 h of immersion, X-ray photoelectron spectroscopy revealed a higher normalized Al fraction in the surface film formed on the solution-treated alloy (~ 15%) than on the over-aged condition (~ 8%). Overall, the results demonstrate that, in LPBF AZ91, similar global corrosion rates can arise from fundamentally different corrosion mechanisms, highlighting the critical role of microstructure-controlled surface film stability under AM-specific conditions, and indicating that corrosion behavior cannot be directly inferred from conventionally processed AZ91 alloys. • Post-build heat treatments strongly modify the corrosion behavior of LPBF AZ91 • Over-aging increases corrosion rates due to Al depletion and β-phase coarsening • Solution treatment promotes Al-rich surface films and improves corrosion resistance • Localized pitting dominates solution-treated AZ91 despite high impedance values • Corrosion performance depends on microstructure-controlled surface film stability",18.0,6.972222222222222,0.7881944444444444,0.6284722222222222,0.03819444444444445,0.013888888888888888,0.0,2026,0.5588235294117647
https://doi.org/10.1016/j.corsci.2026.113975,"Electrochemical and corrosion behaviour of novel Zr-Ni(Co,Fe)-Al metallic glasses as precursors of nanostructured cathodes for water splitting",2026,0,True,article,Corrosion Science,"The present study demonstrates how the alloying with Co and Ni and chloride-induced nanoscale pitting in Zr-Ni-Al-based metallic glasses can be used to generate nanoporous surfaces via depassivating agents. Partial substitution of Ni with Co or Fe creates catalytically active Ni-Co and Ni-Fe surface layers during dealloying while enhancing the ability to form glasses. In NaCl, all glasses exhibit a lower corrosion rate than pure Zr but reduced pitting resistance due to Al. Electrochemical impedance spectroscopy and anodic polarization reveal that Fe impairs repassivation more severely than Co does. Thiocyanate ions induce a negative shift via complexation with Zr, and increasing SCN − destabilises passivity, as can be seen from the presence of multiple corrosion potentials. A mixed Cl − /SCN − electrolyte exhibits an additive effect. Potentiostatic polarisation at selected potentials enables controlled surface modification: at the pitting potential, the selective dissolution of Zr and Al results in significant Ni enrichment. X-ray photoelectron spectroscopy confirms the transition from a hydrated Zr-rich film to a Ni-enriched oxide surface. Crucially, uniform nanoscale pitting at controlled potentials provides a rationale for selecting depassivating agents to induce homogeneous nanoporous architectures, paving the way for water-splitting electrocatalysts.",21.444444444444443,7.005181347150259,0.7098445595854922,0.6839378238341969,0.08808290155440414,0.0051813471502590676,0.0,2026,0.5588235294117647
https://doi.org/10.1016/j.corsci.2026.113956,High temperature oxidation of magnetron sputtered Y2O3 doped silicon bond coats for SiC/SiC CMCs,2026,0,True,article,Corrosion Science,"Silicon carbide (SiC) ceramic matrix composites (CMCs) are increasingly used in the high-temperature sections of turbine engines, requiring robust environmental barrier coating (EBC) systems to withstand extreme conditions. A silicon-based bond coat typically serves as the interface between the CMC and the EBC, although limitations remain for its long-term oxidation resistance and mechanical stability. In this study, yttria (Y 2 O 3 ) doped silicon bond coats deposited by magnetron sputtering on monolithic SiC were investigated to improve these properties. Two compositions, 13 mol% and 25 mol% of YO 1.5 in silicon, were synthesized, yielding X-ray amorphous, homogeneous, and columnar structures. Furnace cycling tests were performed up to 1000 cycles at 1250 °C to evaluate the high temperature oxidation behavior of the coatings. Microstructural evolution and phase transformations were analyzed using scanning electron microscopy (SEM), focused ion beam (FIB), transmission electron microscopy (TEM), and X-ray diffraction (XRD). Upon thermal exposure, the films crystallized and during oxidation they form a thermally grown oxide (TGO) layer. The low-doped Y₂O₃ bond coat exhibited improved oxidation resistance, while the high-doped Y₂O₃ bond coat exhibited rapid pathways for oxygen due to the formation of yttrium disilicate (Y₂Si₂O₇), which induced pores and promoted inhomogeneous distribution of the Y₂O₃ phases. The study concludes that optimized Y 2 O 3 doping can enhance oxidation resistance in Si based bond coat for CMC applications, with low Y 2 O 3 content showing superior performance.",23.5,6.714893617021277,0.7531914893617021,0.7148936170212766,0.01702127659574468,0.00425531914893617,0.0,2026,0.5588235294117647
https://doi.org/10.1016/j.corsci.2026.113997,Ionic field strength links local coordination chemistry to CMAS resistance in medium entropy rare earth silicates,2026,0,True,article,Corrosion Science,"Medium entropy rare earth (RE) silicates represent a promising frontier for environmental barrier coatings, yet the interplay between chemical complexity, phase formation, and calcium–magnesium–aluminosilicate (CMAS) resistance remains poorly understood. This study elucidates how medium entropy substitution at the RE site modulates [REO n ] coordination polyhedra to dictate the phase formation and corrosion behavior of monosilicates (RE 2 SiO 5 ), disilicates (RE 2 Si 2 O 7 ), and oxyapatite silicates (RE 9.33 (SiO 4 ) 6 O 2 ). We find that X2-RE 2 SiO 5 formation is highly sensitive to local [REO n ] configurations, where increased cation size mismatch and larger average radii destabilize the framework, promoting the formation of secondary disilicate and vacancy rich oxyapatite phases. In contrast, the RE 2 Si 2 O 7 system exhibits superior structural adaptability, accommodating broad multi cation substitutions across monoclinic and orthorhombic polymorphs. CMAS corrosion tests at 1300 ºC reveal that X2 dominated compositions facilitate rapid formation of thin, dense Ca apatite barriers that effectively arrest melt infiltration. Conversely, formulations rich in RE 9.33 (SiO 4 ) 6 O 2 provide poor protection, where the vacancy-rich oxyapatite framework is associated with enhanced Ca-mediated reaction and deep melt penetration. To unify these findings, this study identifies ionic field strength (IFS), derived from the local chemistry of [REO n ] coordination polyhedra, as a key descriptor linking medium entropy substitution, phase formation, and CMAS corrosion behavior. Higher IFS, associated with smaller RE ions and lower coordination numbers, is found to promote increased lattice rigidity and self-protecting corrosion kinetics. By establishing IFS as a structure-based metric for rational rare earth selection, this work provides a mechanistic foundation for the accelerated design of multi component silicates for high temperature environmental barrier coatings.",26.363636363636363,6.751724137931035,0.7931034482758621,0.6137931034482759,0.013793103448275862,0.020689655172413793,0.0,2026,0.5588235294117647
https://doi.org/10.1016/j.corsci.2026.114008,Oxidation behaviour of chromium-based Cr(Fe)-NiAl bcc-superalloys between 900 and 1200 °C,2026,0,True,article,Corrosion Science,"Recently explored chromium-based ‘bcc-superalloys’ strengthened by ordered-bcc nickel-aluminide precipitates in the Cr(-Fe)-NiAl system have shown remarkable coarsening resistance and high temperature yield strength. However, little is known of their performance and mechanisms under high temperature oxidative environments. In this study, two arc-melted and heat-treated Cr(-10Fe)-5Ni-5Al (at.%) ‘chromium-superalloys’ were investigated after exposures in synthetic air at 900/1000/1200 °C for up to 100 hours using thermogravimetric analysis. Mass change data at 900 and 1000 °C fitted parabolic protective oxide behaviour, however, a significant amount of volatilisation of CrO 3 also occurred at 1200 °C - requiring a modified para-linear approach. Both alloys showed improved oxidation resistance over pure chromium representing a reduction in mass gain of ~71.5% for Cr-5Ni-5Al and ~44% for Cr-5Ni-5Al-10Fe across the temperatures investigated. Post-exposure analysis revealed a dominant external scale of Cr 2 O 3 with discrete particles of (Ni,Fe)Cr 2 O 4 spinel, interestingly with a thin Al 2 O 3 subscale that appeared to have reduced the outward diffusion of chromium, slowing chromia scale growth. Two distinct regions of Al 2 O 3 and AlN internal degradation were also observed, resulting from the dissolution of B2-NiAl. Diffusion depths and the influence of grain boundaries as diffusion highways for oxygen were investigated, and preliminary diffusion coefficients were determined. Iron was found to only have a noticeable effect at 1200 °C, where it resulted in an increased mass change & chromia scale growth - while still outperforming pure chromium. The chromium-based bcc-superalloy design approach has been demonstrated to offer substantial benefits for high temperature oxidation resistance over pure chromium.",21.75,6.831417624521073,0.7203065134099617,0.6934865900383141,0.02681992337164751,0.019157088122605363,0.0,2026,0.5588235294117647
https://doi.org/10.1016/j.corsci.2026.114007,Effect of machining on corrosion behavior of Ni-based alloy GH3535 in molten LiF-NaF-KF salt,2026,0,True,article,Corrosion Science,"Ni-based alloys are extensively used in harsh service environments, where the condition of their surfaces often dictates component performance. This study investigates the profound effect of machining on the corrosion behavior of Ni-based alloy GH3535 in static molten LiF-NaF-KF (FLiNaK) salt at 650 °C. Unlike generic cold‑working, which introduces uniform deformation, machining creates a distinct gradient layer comprising a nanocrystalline region, a severely deformed region, and a slightly deformed region near the surface. The corrosion response of a machined surface has been directly compared to that of a polished surface, which serves as a proxy for the bulk alloy. While both surfaces exhibited intergranular corrosion, the machined specimen degraded far more severely. This is evidenced by significantly higher weight loss, and notably deeper corrosion penetration. After 1000 h, the average corrosion depth of the machined specimen (6.9 ± 0.4 μm) is approximately seven times greater than that of its polished counterparts (1.0 ± 0.3 μm). Microstructural analysis reveals that the subsurface nano-sized, severely deformed layer in the machined specimen undergoes recrystallization, grain coarsening, and secondary carbide precipitation during exposure. The accelerated corrosion is primarily attributed to the high-density grain boundary network in this layer, which provides rapid diffusion pathways for Cr dissolution. Consequently, intergranular attack leads to the dislodgment of these fine grains, substantially enhancing weight loss. Additionally, the precipitation of carbides also contributes to the accelerated corrosion behavior. These findings underscore that surface finishing is a critical, governing factor in the degradation of Ni-based alloys in molten fluoride salts.",15.625,7.032,0.692,0.656,0.028,0.024,0.0,2026,0.5588235294117647
https://doi.org/10.1016/j.corsci.2026.114027,The corrosion behavior of a novel 17Cr3Mn2Ni2Mo triplex stainless steel in ultra‑deep offshore carbon storage formation environment,2026,0,True,article,Corrosion Science,"The corrosion behavior of a novel 17Cr3Mn2Ni2Mo triplex stainless steel was investigated under varying CO₂ partial pressures at 200 °C, simulating ultra‑deep offshore carbon capture, utilization and storage (CCUS) downhole environments in the western South China Sea. High‑temperature, high‑pressure exposure tests combined with comprehensive surface analysis were employed to elucidate the corrosion mechanisms of its constituent phases, martensite, austenite, and ferrite, in an aggressive CO₂–Cl⁻ environment (25,000 ppm Cl⁻). Results indicate distinct phase‑dependent corrosion responses: martensite exhibited the highest susceptibility, followed by austenite, whereas ferrite remained nearly immune. Surface characterization and thermodynamic calculations revealed the formation and evolution of multiphase corrosion products, which play a critical role in governing long‑term stability and corrosion kinetics. This study provides new insights into the corrosion evolution of triplex stainless steels and establishes a fundamental basis for optimizing their microstructure for high‑temperature, high‑pressure CO 2 service. The 17Cr3Mn2Ni2Mo steel demonstrates promising potential as a candidate material for ultra‑deep well tubing and CCUS infrastructure with enhanced corrosion resistance and mechanical reliability.",27.666666666666668,7.855421686746988,0.7530120481927711,0.7530120481927711,0.04216867469879518,0.012048192771084338,0.0,2026,0.5588235294117647
https://doi.org/10.1016/j.corsci.2026.114034,Flat tapered tensile methodology for stress corrosion cracking threshold determination in biodegradable magnesium implant alloys,2026,0,True,article,Corrosion Science,"Biodegradable magnesium (Mg) alloys are emerging as a transformative class of materials for temporary orthopaedic implants; however, their widespread clinical adoption is impeded by pronounced susceptibility to stress corrosion cracking (SCC) in chloride-rich physiological environments. While existing SCC assessment methods for Mg alloys provide useful susceptibility indices via slow strain rate testing, these are primarily limited to comparative ranking and fail to provide the quantitative design parameters needed for robust implant design. This study addresses this gap by developing a flat tapered tensile–constant extension rate tensile methodology, in which a tapered tensile specimen is tested under constant extension rate in simulated body fluid to generate a continuous local stress gradient, followed by post-test SEM-based last-crack mapping to estimate a quasi-static SCC threshold. The method is demonstrated using the widely investigated WE43 magnesium alloy in simulated body fluid at 37 °C. By applying a framework to locate the last crack along the varying stress distribution of the gauge length via scanning electron microscopy, a stress threshold is determined for each strain rate. To identify the SCC threshold corresponding to a constant load, these values are extrapolated to a quasi-static limit, yielding an estimated threshold of 178 MPa. Independent validation via constant-load exposure below this threshold for 72 hours produces no detectable cracking, supporting the threshold interpretation under the present test conditions. The proposed methodology provides a practical route for moving beyond comparative SCC susceptibility ranking toward a quantitative, design-relevant stress parameter for biodegradable Mg alloys.",30.5,7.098360655737705,0.7254098360655737,0.6352459016393442,0.020491803278688523,0.01639344262295082,0.0,2026,0.5588235294117647
https://doi.org/10.1016/j.corsci.2026.114045,Oxide scale evolution and its impact on the volatilization rate of a chromia-forming Ni-based superalloy: Experimental and transient CFD study,2026,0,True,article,Corrosion Science,"The evolution with oxidation time of the chemical composition of the oxide scale of In625 was experimentally studied at 900 °C under an atmosphere of N 2 -14.7%O 2 -30%H 2 O (vol. %). As time goes by, the initial chromia scale was progressively replaced by other oxides rich in Ni, Nb, Ti or Mn, decreasing the activity of chromia. By developing a new transient CFD model, this temporal evolution in chromia activity was simulated for different superficial gas velocities. Simulation results well represented the changes observed experimentally with a decrease in volatilization rate as chromia was progressively consumed by volatilization. The simulation provided new insights on the coupled influence of local gas velocity and composition on the heterogeneities in volatilization rate and chromia coverage evolving with time, as observed on samples.",18.857142857142858,6.3106060606060606,0.6893939393939394,0.6287878787878788,0.045454545454545456,0.007575757575757576,0.0,2026,0.5588235294117647
https://doi.org/10.1016/j.corsci.2026.114058,Hydrogen embrittlement behavior of SMAW nickel-based weld metal in 13%Ni steel: Dual role of NbC in hydrogen trapping and localized damage,2026,0,True,article,Corrosion Science,"ABSTRACT The hydrogen embrittlement behavior of Shielded Metal Arc Welding (SMAW) nickel-based weld metal (WM) in 13%Ni steel was systematically investigated. Microstructural characterization revealed that the WM mainly consists of columnar solidification grains with an average grain size of ~98.25 μm. Precipitates were identified primarily as dispersed (Nb, Mo, Ti)C carbides, with minor amounts of Al 2 O 3 inclusions and only very weak XRD signals consistent with Laves phase observed. Hydrogen distribution was analyzed using silver decoration and Nano-scale secondary ion mass spectrometry (NanoSIMS), both of which indicated preferential hydrogen accumulation at NbC precipitates. Slow strain rate testing (SSRT) conducted in 10 MPa hydrogen gas at room temperature revealed measurable hydrogen-induced ductility loss, with the reduction of area decreasing from 42.2% to 32.8%, while no complete transition to brittle fracture was observed. Fractographic analysis indicated that ductile dimples remain dominant, although localized cleavage cracks and increased microcrack density were observed under hydrogen exposure. Electron backscatter diffraction (EBSD) analysis revealed no appreciable difference in the average geometrically necessary dislocation (GND) density between air and hydrogen environments. Crack initiation was predominantly observed within NbC precipitates. The degree of crack initiation and propagation were strengthened by hydrogen. These results suggest that NbC precipitates may play a dual role in the hydrogen embrittlement behavior of the weld metal. The combined effects of hydrogen trapping and localized damage are proposed to contribute to the observed hydrogen-assisted degradation behavior of the SMAW Ni-based weld metal.",17.142857142857142,7.216666666666667,0.7583333333333333,0.7041666666666667,0.0375,0.020833333333333332,0.0,2026,0.5588235294117647
https://doi.org/10.1016/j.corsci.2026.114053,Enhanced corrosion resistance of next generation martensitic stainless steel for future energy sector,2026,0,True,article,Corrosion Science,"This study investigates cryogenic processing (CP), an alternative green technology, for improving corrosion resistance in energy sector applications, including fusion. CP opens the door to new tailoring options for materials used in extreme conditions by tailoring the microstructure of the materials and, consequently, their final properties, such as corrosion resistance. The resulting microstructural changes were confirmed using scanning electron microscopy (SEM), energy dispersive X-ray spectroscopy (EDS), electron backscatter diffraction (EBSD), X-ray diffraction (XRD), transmission electron microscopy (TEM), atom probe tomography (APT), and additional in-situ and ex-situ scanning photoelectron microscopy (SPEM) observations tailors microstructural evolution directly after its application, and later during tempering. The corrosion behaviour was tested using potentiodynamic measurements and exposure to different corrosive environments (nitrogen/oxygen atmosphere with high humidity) in scanning Kelvin probe force microscopy (SKPFM) in order to observe the growth of the passive layer and changes in surface potential. Investigating the corrosion properties and microstructural features together clarifies the formation of carbides over intermetallic enrichment zones, which stabilises the microstructure. The development of next-generation metallic materials for current and future energy sectors is facilitated by this pioneering work, which provides important research for the application of CP.",31.833333333333332,7.785340314136126,0.7382198952879581,0.6910994764397905,0.031413612565445025,0.005235602094240838,0.0,2026,0.5588235294117647
https://doi.org/10.1016/j.corsci.2026.114065,A phase-field model for microbiologically influenced corrosion,2026,0,True,article,Corrosion Science,"A phase-field-based reaction–diffusion corrosion model is developed to predict microbially influenced corrosion (MIC) in metal alloys, with a focus on anaerobic conditions and sulfate-reducing bacteria (SRB). The formulation couples microbial sulfate reduction, sulfate transport, electrochemical kinetics, material dissolution, and mechanical effects within a unified framework. Microbial activity is modelled using a Monod-type expression for sulfate consumption, whereas the mechano-chemical coupling is incorporated through an enhanced mobility relationship that captures the influence of mechanical fields on corrosion kinetics. The model is calibrated against experimental data and shows strong agreement in predicting pitting kinetics under SRB activity. Sensitivity analyses quantify the competing roles of microbial kinetics, transport, and thermodynamic driving forces in governing corrosion behaviour. The capability of the formulation to capture both MIC-induced pitting and stress-assisted corrosion across multiple length scales is demonstrated through case studies that include microstructure-sensitive simulations and structural-scale coupling with a cathodic protection (CP) model. Results show that finer grain sizes reduce pitting severity but promote faster defect propagation under mechanical loading. At the structural scale, coupling with the CP model enables predictions of defect growth under varying electrochemical conditions and over engineering-relevant length scales, as exemplified with the analysis of an offshore wind turbine monopile. CP delays pitting and suppresses crack propagation, although its effectiveness diminishes as sacrificial anodes degrade. The framework provides a predictive and computationally efficient tool for assessing MIC-induced damage over extended service times, with potential applications in the integrity and life assessment of metallic structures operating in aggressive microbial environments.",24.8,7.762096774193548,0.717741935483871,0.6774193548387096,0.06048387096774194,0.008064516129032258,0.0,2026,0.5588235294117647
https://doi.org/10.1016/j.corsci.2026.114073,Unveiling the synergistic corrosion inhibition mechanism of carboxylate inhibitors for magnesium,2026,0,True,article,Corrosion Science,"The synergistic corrosion inhibition mechanism of sodium salicylate (SAL) and succinic acid (SA) on the pure Mg is investigated at the molecular level. High inhibition efficiency of 90.6% is achieved in a NaCl solution containing 5 mM SAL and 50 mM SA. SAL exhibits a higher affinity than SA for reacting with hydroxide/oxide and adsorbing onto the Mg surface, thus playing a dominant role in enhancing the corrosion performance. Furthermore, SAL facilitates the adsorption of SA due to the strong hydrogen bond formed by the -OH on the benzene ring of SAL and the -COO - of SA, thus promoting the formation of a thin, oxide-rich and hydrophobic surface layer. For the first time, the composition and inner-to-outer distribution of the surface layer (including MgO, Mg(OH) 2 , MgO 2 COOH - , MgCO 3 , COOH - , and adsorbed SAL or SA ions) are elucidated.",24.5,5.639455782312925,0.6802721088435374,0.6258503401360545,0.02040816326530612,0.0,0.0,2026,0.5588235294117647
https://doi.org/10.1016/j.corsci.2026.114076,Anomalous 3D internal oxide network formation in Ni-based superalloy 247 processed by electron beam powder bed fusion additive manufacturing,2026,0,True,article,Corrosion Science,"Using FIB–SEM tomography, we reveal an anomalous three‑dimensional internal alumina network that forms during high‑temperature oxidation (1100 °C) of an electron‑beam powder bed fusion (PBF‑EB) Ni‑based superalloy 247. This network develops beneath the external scale and preferentially forms around an interconnected skeleton of refined carbides. While conventional 2D cross‑sections suggest isolated oxide–carbide co‑precipitates, three‑dimensional reconstructions show that all internal oxides are topologically connected, forming a continuous network. Time‑resolved exposures (5 min, 30 min, 50 h) demonstrate that directional carbide agglomeration during isothermal holding builds the skeleton for subsequent alumina growth, as carbide/matrix interfaces act as high‑diffusivity oxygen pathways and are enriched in Al. Based on these observations, we propose a mechanism of internal oxidation governed by carbide dissolution and directional agglomeration. The findings are compared with a conventionally cast alloy, oxidized for 50 h at 1100 o C, where the internal oxidation front was not associated with carbides and shows lower percolation depth and interconnectivity. The above benchmarking indicates that the agglomeration of finely distributed carbides during oxidation of PBF-EB led to the formation of the unique internal oxide-carbide network.",25.714285714285715,7.433333333333334,0.7222222222222222,0.7111111111111111,0.022222222222222223,0.022222222222222223,0.0,2026,0.5588235294117647
https://doi.org/10.1016/j.corsci.2026.114085,Elucidating the role of nickel in the corrosion behavior of laser-powder bed fused Monel 400 via potentiodynamic electrochemical impedance spectroscopy,2026,0,True,article,Corrosion Science,"In this study, Monel 400 was successfully fabricated using the laser powder bed fusion (L-PBF) process and systematically compared with pure nickel and wrought Monel 400 in terms of microstructure, texture, and electrochemical behavior to elucidate the influence of Ni content on the passivity and corrosion performance of L-PBF Monel 400 in 3.5 wt.% NaCl solution. The L-PBF Monel 400 exhibited a heterogeneous microstructure, in contrast to the uniform microstructures observed in pure Ni and wrought Monel 400. Furthermore, close-packed crystallographic planes dominated the textures of pure Ni and wrought Monel 400, whereas the L-PBF alloy showed a predominant {220} orientation. Potentiodynamic polarization and potentiodynamic electrochemical impedance spectroscopy results demonstrated that pure Ni possessed the highest corrosion resistance, followed by L-PBF Monel 400 and then wrought Monel 400. These findings indicate that Ni content plays a critical role in enhancing the corrosion resistance of Monel 400, while microstructure and texture are not the primary factors governing its electrochemical response. Potentiostatic polarization combined with X-ray photoelectron spectroscopy further substantiated these conclusions, revealing that higher Ni content promotes the formation of a more compact and protective passive film on the alloy surface.",23.75,7.031578947368421,0.7105263157894737,0.5894736842105263,0.031578947368421054,0.010526315789473684,0.0,2026,0.5588235294117647
https://doi.org/10.1016/j.corsci.2026.114086,Towards quantitative microscale corrosion analysis: Size-dependent inclusion-assisted pitting susceptibility studied by scanning electrochemical cell microscopy–chronoamperometry,2026,0,True,article,Corrosion Science,"ABSTRACT Scanning electrochemical cell microscopy (SECCM) was employed to systematically investigate inclusion-induced localized corrosion with statistically meaningful spatial sampling. Using stainless steel 316-L (SS 316-L) as a model material, SECCM measurements were performed over both passive matrix regions and MnS inclusions, as identified by post-measurement microscopy. Analysis of potentiodynamic polarization curves acquired at inclusion sites with Tafel analysis yielded inconsistent results, highlighting limitations of conventional macroscale methods applied at the microscale for the passive system. Instead, a distinct breakdown potential feature, observed exclusively at inclusion sites, proved to be a more informative parameter extracted from the polarization data. To evaluate the stability of localized anodic activity at varying sizes of inclusions (~0.2 – 3 µm 2 ), chronoamperometric measurements were conducted. The magnitude of anodic currents was directly correlated to the probed inclusion areas (areas of inclusions or inclusion parts enclosed in an SECCM footprint), showing a linear direct relationship. This study provides statistically grounded new insight into how inclusion size governs the persistence of localized anodic activity of passive metals, advancing prior macroscale observations and limited single-inclusion analyses into a robust microscale understanding. Furthermore, the presented SECCM – chronoamperometry workflow enabled high-resolution electrochemical investigations without limitations of Tafel theory at the microscale and could potentially be extended to study other passive materials with high inclusion densities.",24.11111111111111,7.589861751152074,0.7327188940092166,0.7004608294930875,0.04608294930875576,0.018433179723502304,0.0,2026,0.5588235294117647
https://doi.org/10.1016/j.corsci.2026.114095,Long-term temporal and spatial evolution of iron corrosion products at the pore scale in near-neutral pH,2026,0,True,article,Corrosion Science,"Predicting steel corrosion in porous media – e.g. soil, bentonite, concrete – remains challenging due to the limited understanding of the precipitation and evolution of corrosion products under realistic conditions. To shed light on these processes, we investigate the long-term temporal and spatial evolution of iron (hydr)oxides at the pore-scale, employing in-situ synchrotron-based chemical imaging including X-ray fluorescence, X-ray diffraction, X-ray absorption spectroscopy, and absorption contrast. A pore is simulated in a 300 μm diameter capillary, containing iron and stagnant electrolyte, and is aged for up to 2.7 years. The electrolyte is buffered at pH 8, with HCO 3 - , Cl - , and SO 4 2- ions, both under aerobic and near-anaerobic conditions. Results show that, in electrolytes containing HCO 3 - , ferrihydrite initially formed remotely from the iron and transformed into goethite over time. In the long-term, mixed-valence green rust and magnetite formed near the iron. The spatial distribution and oxidation states of corrosion products can be rationalized using a reactive transport conceptual framework: Fe(II) and O 2 release or consumption in electrochemical, diffusion, oxidation and additional reactions determine the concentration profiles and hence the location and time when corrosion products precipitate. Electrolyte composition – Cl - and SO 4 2- – further influences which corrosion product is formed and stabilized over a certain time (e.g. green rust and lepidocrocite). Our findings demonstrate preferential precipitation on pore walls and far from the iron, with prolonged green rust stability, showcasing the relevance of investigating iron (hydr)oxides in realistic pore models. These insights improve predictions of corrosion product evolution, pore clogging, and stresses in porous media.",17.866666666666667,6.634328358208955,0.7014925373134329,0.5932835820895522,0.04477611940298507,0.014925373134328358,0.0,2026,0.5588235294117647
https://doi.org/10.1016/j.corsci.2026.114100,Elucidating the impact of oxide dispersion chemistry on mechanical and corrosion behavior of austenitic steels fabricated via laser powder bed fusion,2026,0,True,article,Corrosion Science,"Laser powder bed fusion (L-PBF) enables the fabrication of oxide dispersion strengthened (ODS) stainless steels with refined microstructures, yet the effects of oxide chemistry and dispersion on mechanical and corrosion performance remain unclear. Here, a process-microstructure-property framework is established by combining tailored powder chemistry with controlled oxide incorporation. Si- and Mn-free 316 L powders were designed to suppress amorphous oxide formation, while Y 2 O 3 nanoparticles were uniformly anchored via a hetero-agglomeration strategy. During L-PBF, Y 2 O 3 exhibited matrix-dependent reactions: amorphous Y-Si-O phases formed in conventional 316 L, whereas crystalline, semi-coherent YCrO 3 precipitates developed in the Si- and Mn-free alloy. This transition in oxide phase and interface structure, together with a near-fully dense microstructure (~99.9%), fundamentally altered both mechanical and electrochemical behavior. The crystalline YCrO 3 reinforcements led to sustained tensile strength of ODS alloy, in contrast to the reduced performance associated with amorphous oxides. EIS tests and XPS analyses revealed that the Y 2 O 3 addition globally enhances passivation kinetics by promoting a protective Cr 2 O 3 -rich film. These results demonstrate that mechanical and electrochemical performance in L-PBF ODS stainless steels is governed by the synergistic effects of alloy chemistry and oxide crystallinity, offering a viable pathway for designing high-strength, corrosion-resistant ODS alloys via additive manufacturing.",23.77777777777778,7.098130841121495,0.7663551401869159,0.6728971962616822,0.04205607476635514,0.004672897196261682,0.0,2026,0.5588235294117647
