doi,title,year,citations,is_oa,type,source_journal,abstract,ASL,MWL,LD,LC,JD,HD,NCC,ncc_group,mean_citations
https://doi.org/10.3390/cmd1010010,Corrosion of Carbon Steel in Marine Environments: Role of the Corrosion Product Layer,2020,178,True,article,Corrosion and Materials Degradation,"This article presents a synthesis of recent studies focused on the corrosion product layers forming on carbon steel in natural seawater and the link between the composition of these layers and the corrosion mechanisms. Additional new experimental results are also presented to enlighten some important points. First, the composition and stratification of the layers produced by uniform corrosion are described. A focus is made on the mechanism of formation of the sulfate green rust because this compound is the first solid phase to precipitate from the dissolved species produced by the corrosion of the steel surface. Secondly, localized corrosion processes are discussed. In any case, they involve galvanic couplings between anodic and cathodic zones of the metal surface and are often associated with heterogeneous corrosion product layers. The variations of the composition of these layers with the anodic/cathodic character of the underlying metal surface, and in particular the changes in magnetite content, are thoroughly described and analyzed to enlighten the self-sustaining ability of the process. Finally, corrosion product layers formed on permanently immersed steel surfaces were exposed to air. Their drying and oxidation induced the formation of akaganeite, a common product of marine atmospheric corrosion that was, however, not detected on the steel surface after the permanent immersion period.",23.22222222222222,6.6746411483253585,0.6172248803827751,0.5645933014354066,0.03349282296650718,0.014354066985645933,3.8125836680053546,2020,46.6875
https://doi.org/10.3390/cmd1010004,A Review of Trends for Corrosion Loss and Pit Depth in Longer-Term Exposures,2018,110,True,article,Corrosion and Materials Degradation,"For infrastructure applications in marine environments, the eventual initiation of corrosion (and pitting) of steels (and other metals and alloys) often is assumed an inescapable fact, and practical interest then centres on the rate at which corrosion damage is likely to occur in the future. This demands models with a reasonable degree of accuracy, preferably anchored in corrosion theory and calibrated to actual observations under realistic exposure conditions. Recent developments in the understanding of the development of corrosion loss and of maximum pit depth in particular are reviewed in light of modern techniques that permit much closer examination of pitted and corroded surfaces. From these observations, and from sometimes forgotten or ignored observations in the literature, it is proposed that pitting (and crevice corrosion) plays an important role in the overall corrosion process, but that longer term pitting behaviour is considerably more complex than usually considered. In turn, this explains much of the, often high, variability in maximum depths of pits observed at any point in time. The practical implications are outlined.",28.666666666666668,6.6104651162790695,0.6395348837209303,0.6744186046511628,0.03488372093023256,0.0755813953488372,1.950354609929078,2018,56.4
https://doi.org/10.3390/cmd4020015,"Polymer-Based Coating for Steel Protection, Highlighting Metal–Organic Framework as Functional Actives: A Review",2023,97,True,article,Corrosion and Materials Degradation,"Polymer-based coatings are a long-established category of protective coatings for metals and alloys regarding corrosion inhibition. The polymer films can degrade, and when coated on metallic substrates, the degradation facilitates moisture and oxygen penetration, reducing the polymer film’s adhesion to the metallic substrate and exposing the substrate to extreme conditions capable of corrosion. For this reason, pigments, inhibitors, and other compatible blends are added to the polymer coating formulations to enhance adhesion and protection. To prevent the possible deterioration of inhibitor-spiked polymer coatings, inhibitors are encapsulated through diverse techniques to avoid leakage and to provide a controlled release in response to the corrosion trigger. This review discusses polymer-based coating performance in corrosion-causing environments to protect metals, focusing more on commercial steels, a readily available construction-relevant material used in extensive applications. It further beams a searchlight on advances made on polymer-based coatings that employ metal–organic frameworks (MOFs) as functional additives. MOFs possess a tailorable structure of metal ions and organic linkers and have a large loading capacity, which is crucial for corrosion inhibitor delivery. Results from reviewed works show that polymer-based coatings provide barrier protection against the ingress of corrosive species and offer the chance to add several functions to coatings, further enhancing their anti-corrosion properties.",25.625,7.3463414634146345,0.6634146341463415,0.6634146341463415,0.01951219512195122,0.01951219512195122,8.690751445086704,2023,11.161290322580646
https://doi.org/10.3390/cmd1010005,An Electrochemist Perspective of Microbiologically Influenced Corrosion,2018,96,True,article,Corrosion and Materials Degradation,"Microbiologically influenced corrosion (MIC) is a major concern in a wide range of industries, with claims that it contributes 20% of the total annual corrosion cost. The focus of this present work is to review critically the most recent proposals for MIC mechanisms, with particular emphasis on whether or not these make sense in terms of their electrochemistry. It is determined that, despite the long history of investigating MIC, we are still a long way from really understanding its fundamental mechanisms, especially in relation to non-sulphate reducing bacterial (SRB) anaerobes. Nevertheless, we do know that both the cathodic polarization theory and direct electron transfer from the metal into the cell are incorrect. Electrically conducting pili also do not appear to play a role in direct electron transfer, although these could still play a role in aiding the mass transport of redox mediators. However, it is not clear if the microorganisms are just altering the local chemistry or if they are participating directly in the electrochemical corrosion process, albeit via the generation of redox mediators. The review finishes with suggestions on what needs to be done to further our understanding of MIC.",27.285714285714285,6.277486910994765,0.5863874345549738,0.643979057591623,0.03664921465968586,0.03664921465968586,1.702127659574468,2018,56.4
https://doi.org/10.3390/cmd2020010,Corrosion Performance of Electrodeposited Zinc and Zinc-Alloy Coatings in Marine Environment,2021,91,True,article,Corrosion and Materials Degradation,"Electrodeposited zinc and zinc-alloy coatings have been extensively used in a wide variety of applications such as transport, automotive, marine, and aerospace owing to their good corrosion resistance and the potential to be economically competitive. As a consequence, these coatings have become the industry choice for many applications to protect carbon and low alloy steels against degradation upon their exposure in different corrosive environments such as industrial, marine, coastal, etc. Significant works on the electrodeposition of Zn, Zn-alloys and their composites from conventional chloride, sulfate, aqueous and non-aqueous electrolyte media have been progressed over the past decade. This paper provides a review covering the corrosion performance of the electrodeposited Zn, Zn-alloy and composite with different coating properties that have been developed over the past decade employing low-toxic aqueous and halide-free non-aqueous electrolyte media. The influence of additives, nano-particle addition to the electrolyte media on the morphology, texture in relation to the corrosion performance of coatings with additional functionalities are reviewed in detail. In addition, the review covers the recent developments along with cost considerations and the future scope of Zn and Zn-alloy coatings.",30.5,7.027322404371585,0.5956284153005464,0.5956284153005464,0.0273224043715847,0.01639344262295082,5.713629402756508,2021,15.926829268292684
https://doi.org/10.3390/cmd1010007,The Corrosion Performance and Mechanical Properties of Mg-Zn Based Alloys—A Review,2020,89,True,article,Corrosion and Materials Degradation,"Magnesium alloys have shown great potential for applications as both structural and biomedical materials due to their high strength-to-weight ratio and good biodegradability and biocompatibility, respectively. Among them, Mg-Zn based alloys are attracting increasing interest for both applications. As such, this article provides a review of the corrosion performance and mechanical properties of Mg-Zn based alloys, including the influence of environment and processing on both of them. The strategies for tailoring corrosion resistance and/or mechanical properties by microstructure adjustment and surface treatment are discussed.",21.0,7.380952380952381,0.6547619047619048,0.7261904761904762,0.047619047619047616,0.0,1.9062918340026773,2020,46.6875
https://doi.org/10.3390/cmd2040033,The Oxidation of Copper in Air at Temperatures up to 100 °C,2021,88,True,article,Corrosion and Materials Degradation,"The aim of this study was to investigate the oxidation kinetics of copper at low temperatures (60 °C to 100 °C) in air by isothermal thermogravimetric analysis (TGA) and quartz crystal microbalance (QCM). The weight change in thermogravimetric tests showed periodic weight increase and decrease. In thermogravimetric tests the mass of the copper sample increased until the oxidation gradually slowed down and finally started to decrease due to cracking and spalling of the oxide formed on the surface. In QCM tests using electrodeposited copper film, the weight change was rapid at the beginning but slowed to a linear relationship after few minutes. Temperature and exposure time appeared to have a large effect on oxide film thickness and composition. With QCM, oxidation at 60–80 °C produced less than 40 nm films in 10 days. Oxidation at 90–100 °C produced 40 nm thick films in a day and over 100 nm films in a week. Although SEM-EDS analyses in TGA tests indicated that oxygen was adsorbed on the copper surface, neither XRD patterns nor Raman spectroscopy measurements showed any trace of Cu2O or CuO formation on the copper surface. Electrochemical reduction analysis of oxidized massive copper samples indicated that the oxide film is mostly Cu2O, and CuO develops only after several days at 90–100 °C.",23.666666666666668,6.084507042253521,0.6572769953051644,0.5727699530516432,0.03755868544600939,0.03286384976525822,5.525267993874426,2021,15.926829268292684
https://doi.org/10.3390/cmd2010001,A Review on the Applications of Acoustic Emission Technique in the Study of Stress Corrosion Cracking,2020,83,True,article,Corrosion and Materials Degradation,"The complex nature of the damage evolution in stress corrosion cracking (SCC) leads to explore for new investigation technologies in order to better identify the mechanisms that supervise the initiation and evolution of the damage as well to provide an improvement of knowledge on this critical localized corrosion form during time. Research activities concerning the use of acoustic emission (AE) technique to assess SCC has acquiring considerably relevance in recent decades. The non-invasiveness and the possibility to provide a continuous in situ monitoring of structures and components make this non-destructive technique clearly promising in the field of structural health monitoring. In this concern, this paper aims to be a focused overview on the evaluation of SCC phenomena by AE technique. The main topic of this review is centered on the approaches that can be used in elaborating AE data to better discriminate the mechanisms that contribute to damage propagation in SCC conditions. Based on available literature, investigation approaches assessing AE waveform parameters were classified, evidencing, furthermore, the identified mechanisms that synergistically take place during the material degradation. Eventually, a brief summary and a future trend evaluation was also reported.",27.0,6.767195767195767,0.6402116402116402,0.6296296296296297,0.015873015873015872,0.026455026455026454,1.7777777777777777,2020,46.6875
https://doi.org/10.3390/cmd1030017,Application of AFM-Based Techniques in Studies of Corrosion and Corrosion Inhibition of Metallic Alloys,2020,76,True,article,Corrosion and Materials Degradation,"In this review several scanning probe microscopy techniques are briefly discussed as valuable assets for corrosionists to study corrosion susceptibility and inhibition of metals and alloys at sub-micrometer resolution. At the beginning, the review provides the reader with background of atomic force microscopy (AFM) and related techniques such as scanning Kelvin probe force microscopy (SKPFM) and electrochemical AFM (EC-AFM). Afterwards, the review presents the current state of corrosion research and specific applications of the techniques in studying important metallic materials for the aircraft and automotive industries. Different corrosion mechanisms of metallic materials are addressed emphasizing the role of intermetallic inclusions, grain boundaries, and impurities as focal points for corrosion initiation and development. The presented information demonstrates the importance of localized studies using AFM-based techniques in understanding corrosion mechanisms of metallic materials and developing efficient means of corrosion prevention.",27.6,7.557971014492754,0.6811594202898551,0.6304347826086957,0.028985507246376812,0.028985507246376812,1.6278447121820616,2020,46.6875
https://doi.org/10.3390/cmd1030015,Review of Recent Developments in the Formulation of Graphene-Based Coatings for the Corrosion Protection of Metals and Alloys,2020,58,True,article,Corrosion and Materials Degradation,"Corrosion is a naturally occurring phenomenon and there is continuous interest in the development of new and more protective coatings or films that can be employed to prevent or minimise corrosion. In this review the corrosion protection afforded by two-dimensional graphene is described and discussed. Following a short introduction to corrosion, the application of graphene in the formulation of coatings and films is introduced. Initially, reduced graphene oxide (rGO) and metallic like graphene layers are reviewed, highlighting the issues with galvanic corrosion. Then the more successful graphene oxide (GO), functionalised GO and polymer grafted GO-modified coatings are introduced, where the functionalisation and grafting are tailored to optimise dispersion of graphene fillers. This is followed by rGO coupled with zinc rich coatings or conducting polymers, GO combined with sol-gels, layered double hydroxides or metal organic frameworks as protective coatings, where again the dispersion of the graphene sheets becomes important in the design of protective coatings. The role of graphene in the photocathodic protection of metals and alloys is briefly introduced, while graphene-like emerging materials, such as hexagonal boron nitride, h-BN, and graphitic carbon nitride, g-C3N4, are then highlighted.",26.714285714285715,6.882352941176471,0.6684491978609626,0.5989304812834224,0.0374331550802139,0.016042780748663103,1.2423025435073627,2020,46.6875
https://doi.org/10.3390/cmd1010002,Influence of Hydrogen on Steel Components for Clean Energy,2018,45,True,article,Corrosion and Materials Degradation,"The influence of hydrogen on the mechanical properties of four, medium-strength, commercial, quenched-and-temped steels has been studied using the linearly increasing stress test (LIST) combined with cathodic hydrogen charging. The relationship was established between the equivalent hydrogen pressure and the hydrogen charging overpotential during cathodic hydrogen charging, though the use of electrochemical permeation experiments and thermal desorption spectroscopy. The cathodic hydrogen charging conditions were equivalent to testing in gaseous hydrogen at hydrogen fugacities of over a thousand bar. Under these hydrogen-charging conditions, there was no effect of hydrogen up to the yield stress. There was an influence of hydrogen on the final fracture, which occurred at the same stress as for the steels tested in air. The influence of hydrogen was on the details of the final fracture. In some cases, brittle fractures initiated by hydrogen, or DHF: Decohesive hydrogen fracture, initiated the final fracture of the specimen, which was largely by ductile micro-void coalescence (MVC), but did include some brittle fisheye fractures. Each fisheye was surrounded by MVC. This corresponds to MF: Mixed fracture, wherein a hydrogen microfracture mechanism (i.e., that producing the fisheyes) competed with the ductile MVC fracture. The fisheyes were associated with alumina oxide inclusion, which indicated that these features would be less for a cleaner steel. There was no subcritical crack growth. There was essentially no influence of hydrogen on ductility for the hydrogen conditions studied. At applied stress amplitudes above the threshold stress, fatigue initiation, for low cycle fatigue, occurred at a lower number of cycles with increasing hydrogen fugacity and increasing stress amplitude. This was caused by a decrease in the fatigue initiation period, and by an increase in the crack growth rate. In the presence of hydrogen, there was flat transgranular fracture with vague striations with some intergranular fracture at lower stresses. Mechanical overload occurred when the fatigue crack reached the critical length. There was no significant influence of hydrogen on the final fracture.",16.94736842105263,6.729813664596273,0.6242236024844721,0.4906832298136646,0.012422360248447204,0.015527950310559006,0.7978723404255319,2018,56.4
https://doi.org/10.3390/cmd1030019,"Modification, Degradation and Evaluation of a Few Organic Coatings for Some Marine Applications",2020,43,True,article,Corrosion and Materials Degradation,"Organic coatings for marine applications must have great corrosion protection and antifouling performance. This review presents an overview of recent investigations into coating microstructure, corrosion protection performance, antifouling behavior, and evaluation methods, particularly the substrate effect and environmental influence on coating protectiveness, aiming to improve operational practice in the coating industry. The review indicates that the presence of defects in an organic coating is the root cause of the corrosion damage of the coating. The protection performance of a coating system can be enhanced by proper treatment of the substrate and physical modification of the coating. Environmental factors may synergistically accelerate the coating degradation. The long-term protection performance of a coating system is extremely difficult to predict without coating defect information. Non-fouling coating and self-repairing coatings may be promising antifouling approaches. Based on the review, some important research topics are suggested, such as the exploration of rapid evaluation methods, the development of long-term cost-effective antifouling coatings in real marine environments.",20.0,7.40625,0.65625,0.59375,0.025,0.04375,0.9210174029451138,2020,46.6875
https://doi.org/10.3390/cmd1020007,The Corrosion Performance and Mechanical Properties of Mg-Zn Based Alloys—A Review,2020,42,True,article,Corrosion and Materials Degradation,"Magnesium alloys have shown great potential for applications as both structural and biomedical materials due to their high strength-to-weight ratio and good biodegradability and biocompatibility, respectively. Among them, Mg-Zn based alloys are attracting increasing interest for both applications. As such, this article provides a review of the corrosion performance and mechanical properties of Mg-Zn based alloys, including the influence of environment and processing on both of them. The strategies for tailoring corrosion resistance and/or mechanical properties by microstructure adjustment and surface treatment are discussed.",21.0,7.380952380952381,0.6547619047619048,0.7261904761904762,0.047619047619047616,0.0,0.8995983935742972,2020,46.6875
https://doi.org/10.3390/cmd3020015,The Role of Cracks in Chloride-Induced Corrosion of Carbon Steel in Concrete—Review,2022,41,True,article,Corrosion and Materials Degradation,"The majority of works in the field of chloride-indued corrosion of steel in concrete are focused on the cracks formed by the corrosion products. However, the number of studies on the influence of cracks (pre-cracked concrete) on corrosion is limited. Cracks create preferential/free paths for the penetration of chlorides, water, and oxygen into concrete; thus, the presence of cracks in concrete can intensify chloride-induced corrosion of steel reinforcement. This paper presents a review of the effects of cracking on the corrosion of steel in concrete. It was widely reported in the reviewed papers that cracks have a negative impact on concrete durability. They influence the chloride penetration and the chloride-induced corrosion of reinforcement in terms of the initiation and propagation stages. This influence is a complex function of many factors, including mix design, exposure conditions, crack frequency, crack orientation, crack width, and cover depth. Although there is a general agreement on the effects of cracks on the initiation of corrosion, the role of cracks and their widths on the propagation of corrosion in the long term is still under debate.",22.5,6.372222222222222,0.5722222222222222,0.5222222222222223,0.022222222222222223,0.011111111111111112,3.1721470019342357,2022,12.925
https://doi.org/10.3390/cmd3040031,Mg Corrosion—Recent Progress,2022,41,True,article,Corrosion and Materials Degradation,"Recent progress is reviewed. Recent developments include: (i) accumulation of evidence that electrochemical measurements of the Mg corrosion rate often do not agree with the steady state Mg corrosion rate as measured by weight loss; (ii) low Fe tolerance limits are caused by heat treatment of nominally high-purity Mg and the presence of Si, (iii) the intrinsic Mg corrosion rate is 0.3 mm/y in a chloride solution as measured by weight loss, (iv) there are many Mg alloys with corrosion rates between 0.3 and 1.0 mm/y, (v) there are few Mg alloys with corrosion rates less than 0.3 mm/y, (vi) experimental evidence contradicts the enhanced catalytic activity mechanism of Mg corrosion, (vii) experiments support the uni-positive Mg+ mechanism, (viii) new compelling experimental evidence supporting the uni-positive Mg+ corrosion mechanism has been provided by electrochemical impedance spectroscopy (EIS), and (ix) the uni-positive Mg+ corrosion mechanism provides new insights for understanding the performance of Mg-air batteries and for the development of better Mg anodes.",27.0,6.549382716049383,0.7345679012345679,0.6111111111111112,0.043209876543209874,0.024691358024691357,3.1721470019342357,2022,12.925
https://doi.org/10.3390/cmd3020013,Atmospheric Corrosion of Silver and Silver Nanoparticles,2022,33,True,article,Corrosion and Materials Degradation,"Even though it is a noble metal, silver will corrode in ambient atmospheres, predominantly by reacting with sulfur-containing gases such as hydrogen sulfide (H2S) and carbonyl sulfide (OCS) to form the silver sulfide (Ag2S) acanthite. Other aspects of the environment, such as relative humidity and the presence of oxidizing species, also play a critical role. With the emergence of silver nanoparticles for a range of technological and medical applications, there has been a revival of interest in the corrosion behavior of this important metal. This article reviews the current understanding of the atmospheric corrosion of silver in both the bulk and nanoparticle forms. Gaps in our current understanding and areas for future investigation are identified.",23.0,6.495652173913044,0.5826086956521739,0.6782608695652174,0.06956521739130435,0.02608695652173913,2.553191489361702,2022,12.925
https://doi.org/10.3390/cmd3040037,"Corrosion Inhibition, Inhibitor Environments, and the Role of Machine Learning",2022,30,True,article,Corrosion and Materials Degradation,"Machine learning (ML) is providing a new design paradigm for many areas of technology, including corrosion inhibition. However, ML models require relatively large and diverse training sets to be most effective. This paper provides an overview of developments in corrosion inhibitor research, focussing on how corrosion performance data can be incorporated into machine learning and how large sets of inhibitor performance data that are suitable for training robust ML models can be developed through various corrosion inhibition testing approaches, especially high-throughput performance testing. It examines different types of environments where corrosion by-products and electrolytes operate, with a view to understanding how conventional inhibitor testing methods may be better designed, chosen, and applied to obtain the most useful performance data for inhibitors. The authors explore the role of modern characterisation techniques in defining corrosion chemistry in occluded structures (e.g., lap joints) and examine how corrosion inhibition databases generated by these techniques can be exemplified by recent developments. Finally, the authors briefly discuss how the effects of specific structures, alloy microstructures, leaching structures, and kinetics in paint films may be incorporated into machine learning strategies.",22.875,7.163934426229508,0.6721311475409836,0.6338797814207651,0.02185792349726776,0.0273224043715847,2.3210831721470018,2022,12.925
https://doi.org/10.3390/cmd2030021,Understanding Corrosion Morphology of Duplex Stainless Steel Wire in Chloride Electrolyte,2021,28,True,article,Corrosion and Materials Degradation,"The corrosion morphology in grade 2205 duplex stainless steel wire was studied to understand the nature of pitting and the causes of the ferrite phase’s selective corrosion in acidic (pH 3) NaCl solutions at 60 °C. It is shown that the corrosion mechanism is always pitting, which either manifests lacy cover perforation or densely arrayed selective cavities developing selectively on the ferrite phase. Pits with a lacy metal cover form in concentrated chloride solutions, whereas the ferrite phase’s selective corrosion develops in diluted electrolytes, showing dependency on the chloride-ion concentration. The pit perforation is probabilistic and occurs on both austenite and ferrite grains. The lacy metal covers collapse in concentrated solutions but remain intact in diluted electrolytes. The collapse of the lacy metal cover happens due to hydrogen embrittlement. Pit evolution is deterministic and occurs selectively in the ferrite phase in light chloride solutions.",20.571428571428573,6.694444444444445,0.7013888888888888,0.5763888888888888,0.0763888888888889,0.013888888888888888,1.7580398162327717,2021,15.926829268292684
https://doi.org/10.3390/cmd4040031,A Review on Tribocorrosion Behavior of Aluminum Alloys: From Fundamental Mechanisms to Alloy Design Strategies,2023,26,True,article,Corrosion and Materials Degradation,"Tribocorrosion, a research field that has been evolving for decades, has gained renewed attention in recent years, driven by increased demand for wear- and corrosion-resistant materials from biomedical implants, nuclear power generation, advanced manufacturing, batteries, marine and offshore industries, etc. In the United States, wear and corrosion are estimated to cost nearly USD 300 billion per year. Among various important structural materials, passive metals such as aluminum alloys are most vulnerable to tribocorrosion due to the wear-accelerated corrosion as a result of passive film removal. Thus, designing aluminum alloys with better tribocorrosion performance is of both scientific and practical importance. This article reviews five decades of research on the tribocorrosion of aluminum alloys, from experimental to computational studies. Special focus is placed on two aspects: (1) The effects of alloying and grain size on the fundamental wear, corrosion, and tribocorrosion mechanisms; and (2) Alloy design strategies to improve the tribocorrosion resistance of aluminum alloys. Finally, the paper sheds light on the current challenges faced and outlines a few future research directions in the field of tribocorrosion of aluminum alloys.",25.571428571428573,6.88268156424581,0.6759776536312849,0.6480446927374302,0.0223463687150838,0.027932960893854747,2.329479768786127,2023,11.161290322580646
https://doi.org/10.3390/cmd4040033,"Review on Corrosion, Tribocorrosion and Osseointegration of Titanium Alloys as Biomaterials",2023,25,True,article,Corrosion and Materials Degradation,"When introduced into the body, the implant interacts with biological environment and may suffer corrosion. In addition, when this implant is submitted to friction, it may degrade by tribocorrosion due to the simultaneous action of corrosion by the body liquid and mechanical wear. Both corrosion and tribocorrosion are connected to the presence of proteins that cover the surface implant. The latter plays an ambiguous role on corrosion since dozens of contradictory papers pointed out their beneficial or detrimental effect. After its introduction into the body, the implant should form a direct interface with bone through structural and functional connection. The osseointegration and the strength of interfacial bond depend on surface properties of the implant, namely, its topographical and physico-chemical properties. In addition, since bone cells are sensitive to the species produced during the implant corrosion, when corrosion occurs, this may lead to impact osseointegration and to cause implant loosening. There is a strong connection between corrosion and osseointegration, both of which are worth discussion. That is the object of the present narrative review where we will discuss: (1) corrosion and tribocorrosion of titanium alloys used as biomaterials paying particular attention to the influence of proteins, (2) the effect of implant roughness and surface energy on osseointegration.",22.88888888888889,6.713592233009709,0.5679611650485437,0.5679611650485437,0.014563106796116505,0.014563106796116505,2.2398843930635834,2023,11.161290322580646
https://doi.org/10.3390/cmd2020013,The Influence of Archaeometallurgical Copper Alloy Castings Microstructure towards Corrosion Evolution in Various Corrosive Media,2021,24,True,article,Corrosion and Materials Degradation,"The local patterns at the interfaces of corrosion stratification, developed on two archaeometallurgical bronzes (a Cu-Sn-Pb and a Cu-Zn-Sn-Pb alloy), in the as-cast condition, were assessed by OM and SEM-EDS systematic elemental chemical analyses. Previously, the alloys—whose metallurgical features and electrochemical behaviour were already well studied—have been subjected to laboratory corrosion experiments. The corrosion procedures involved electrochemical anodic polarization experiments in various chloride media: 0.1 mol/L NaCl, 0.6 mol/L NaCl and two other synthetic chloride-containing solutions, representing electrolytes present in marine urban atmosphere and in the soil of coastal sites. The characterization of the Cu-Sn-Pb alloy electrochemical patinas after anodic sweep (OCP+ 0.6 V) revealed that the metal in all electrolytes undergoes extensive chloride attack and selective dissolution of copper which initiates from the dendritic areas acting as anodic sites. The most abundant corrosion products identified by FTIR in all electrochemical patinas were Cu2(OH)3Cl), Cu2(OH)2CO3 and amorphous Cu and Sn oxides. The characterization of the Cu-Sn-Pb alloy electrochemical patina after slow anodic sweep (OCP+ 1.5 V) in 0.1 mol/L NaCl reveals selective oxidation of dendrites and higher decuprification rate in these areas. Corrosion products of Sn-rich interdendritic areas are dominated by oxygen species (oxides, hydroxides, hydroxyoxides) and Cu-rich dendrites by chlorides. In the case of Cu-Zn-Sn-Pb, Zn in dendritic areas is preferentially attacked. The alloy undergoes simultaneous dezincification and decuprification, with the former progressing faster, especially in dendritic areas. The two processes at the alloy/patina interface leave behind a metal surface where α-dendrites are enriched in Sn compared to the alloy matrix. The results of this study highlight the dynamic profile of corrosion layer build-up in bronze and brass. Moreover, the perception of the dealloying mechanisms progression on casting features, at mid-term corrosion stages, is extended.",16.823529411764707,7.125874125874126,0.6853146853146853,0.5909090909090909,0.04195804195804196,0.01048951048951049,1.5068912710566615,2021,15.926829268292684
https://doi.org/10.3390/cmd3030025,Corrosion Behavior of Stainless Steels in CO2 Absorption Process Using Aqueous Solution of Monoethanolamine (MEA),2022,22,True,article,Corrosion and Materials Degradation,"The corrosion behavior of two stainless steels (316L and 304L) was evaluated using a CO2-loaded aqueous solution of 30 wt.% monoethanolamine (MEA) with a view to simulating corrosion related mechanisms in amine treatment procedures. Corrosion behavior was experimentally evaluated as a function of CO2 loading and solution temperature, using electrochemical techniques (polarization curves, cyclic polarization, and EIS measurement). The results reveal that the aqueous MEA solution containing CO2 creates a favorable environment for the corrosion of both stainless steels. The rate of corrosion is accelerated when the temperature of the loaded MEA solution rises, which was attributed to the thermal degradation of the loaded MEA, thus causing higher kinetics of the cathodic reactions at higher temperatures. More specifically, for the SS 304L the corrosion rate is almost doubled when the solution temperature is increased from 25 °C to 40 °C and is quadrupled when the solution temperature rises to 80 °C. For the SS 316L, the corrosion rate becomes almost threefold and sixfold upon increasing temperature of the load amine solution to 40 °C and 80 °C, respectively. The overall corrosion rate of SS 316L is lower with respect to the SS 304L for the same temperature and loading conditions. The essential dependency of corrosion rate on solution type (unloaded and loaded MEA solution) demonstrates that the corrosion process and reactions are controlled by a diffusion mechanism.",25.22222222222222,6.462555066079295,0.6651982378854625,0.4889867841409692,0.02643171806167401,0.013215859030837005,1.702127659574468,2022,12.925
https://doi.org/10.3390/cmd3040038,"A Critical Review of Radiolysis Issues in Water-Cooled Fission and Fusion Reactors: Part II, Prediction of Corrosion Damage in Operating Reactors",2022,19,True,article,Corrosion and Materials Degradation,"The radiolysis of water is a significant cause of corrosion damage in the primary heat transport systems (PHTSs) of water-cooled, fission nuclear power reactors (BWRs, PWRs, and CANDUs) and is projected to be a significant factor in the evolution of corrosion damage in future fusion reactors (e.g., the ITER that is currently under development). In Part I of this two-part series, we reviewed the proposed mechanisms for the radiolysis of water and demonstrate that radiolysis leads to the formation of a myriad of oxidizing and reducing species. In this Part II, we review the role that the radiolysis species play in establishing the electrochemical corrosion potential (ECP) and the development of corrosion damage due to intergranular stress corrosion cracking (IGSCC) in reactor PHTSs. We demonstrate, that the radiolytic oxidizing radiolysis products, such as O2, H2O2, HO2−, and OH, when in molar excess over reducing species (H2, H, and O22−), some of which (H2) are preferentially stripped from the coolant upon boiling in a BWR PHTS, for example, renders the coolant in many BWRs oxidizing, thereby shifting the ECP in the positive direction to a value that is more positive than the critical potential (Ecrit = −0.23 Vshe at 288 °C) for IGSCC in sensitized austenitic stainless steel (e.g., Type 304 SS). This has led to many IGSCC incidents in operating BWRs over the past five decades that has exacted a great cost on the plant operators and electricity consumers, alike. In the case of PWRs, the primary circuits are pressurized with hydrogen to give a hydrogen concentration of 10 to 50 cm3/kgH2O (0.89 to 4.46 ppm), such that no sustained boiling occurs, and the hydrogen suppresses the radiolysis of water, thereby inhibiting the formation of oxidizing radiolysis products from water. Thus, the ECP is dominated by the hydrogen electrode reaction (HER), although important deviations from the HER equilibrium potential may occur, particularly at low [H2]. In any event, the ECP is displaced to approximately −0.85 Vshe, which is below the critical potential for IGSCC in sensitized stainless steels but is also more negative than the critical potential for the hydrogen-induced cracking (HIC) of mill-annealed Alloy 600. This has led to extensive cracking of steam generator tubing and other components (e.g., control rod drive tubes, pressurizer components) in PWRs that has also exacted a high cost on operators and power consumers. Although the ITER has yet to operate, the proposed chemistry protocol for the coolant places it close to a BWR operating on Normal Water Chemistry (NWC) without boiling or, if hydrogen is added to the IBED-PHTS, close to a BWR on Hydrogen Water Chemistry (HWC). In the current ITER technology, the concentration of H2 in the IBED-PHTS is specified to be 80 ppb, which is the concentration that will be experienced in both the Plasma Flux Area (PFA) and in the Out of Plasma Flux Area (OPFA). That corresponds to 0.90 cc(STP) H2/KgH2O, compared with 20–50 cc(STP) H2/KgH2O employed in a PWR primary coolant circuit and 5.5 to 22 cc(STP) H2/KgH2O in a BWR on hydrogen water chemistry (HWC). We predict that a hydrogen concentration of 80 ppb is sufficient to reduce the ECP in the OPFA to a level (−0.324 Vshe) that is sufficient to suppress the crack growth rate (CGR) below the practical, maximum level of 10−9 cm/s (0.315 mm/a) at which SCC is considered not to be a problem in a coolant circuit but, in the PFA, the ECP is predicted to be 0.380 Vshe, which gives a calculated standard CGR of 2.7 × 10−6 cm/s. This is more than three orders in magnitude greater that the desired maximum value of 10−9 cm/s. We recommend that the HWC issue in ITER be revisited to develop a protocol that is effective in suppressing both the ECP and the CGR in the PFA to levels that permit the operation of the IBED-PHTS in accordance with the experience gained in fission reactor technology.",21.06451612903226,5.895865237366003,0.5957120980091883,0.46401225114854516,0.018376722817764167,0.015313935681470138,1.4700193423597678,2022,12.925
https://doi.org/10.3390/cmd4040032,Improving the Mechanical and Electrochemical Performance of Additively Manufactured 8620 Low Alloy Steel via Boriding,2023,19,True,article,Corrosion and Materials Degradation,"In this study, mechanical and electrochemical performance of borided additively manufactured (AM) and wrought 8620 low alloy steel were investigated and compared to their bare counterparts. The microstructure of borided 8620 exhibited the presence of FeB and Fe2B phases with a saw tooth morphology. Both AM and wrought samples with boride layers showed a similar performance in hardness, wear, potentiodynamic polarization (PD), electrochemical impedance spectroscopy (EIS), and linear polarization resistance (LPR) experiments. However, borided steels exhibited about an 8-fold increase in Vickers hardness and about a 6-fold enhancement in wear resistance compared to bare ones. Electrochemical experiments of borided specimens (both AM and wrought) in 0.1 M Na2S2O3 + 1 M NH4Cl solution revealed a 3–6-fold lower corrosion current density, about a 6-fold higher charge transfer resistance, and about a 6-fold lower double-layer capacitance, demonstrating an improved corrosion resistance compared to their bare counterparts. Post-corrosion surface analysis revealed the presence of thick sulfide and oxide layers on the bare steels, whereas dispersed corrosion particles were observed on the borided samples. The enhanced wear and electrochemical performance of the borided steels were attributed to the hard FeB/Fe2B layers and the reduced amount of adsorbed sulfur on their surface.",24.625,6.918781725888325,0.7106598984771574,0.5532994923857868,0.03553299492385787,0.005076142131979695,1.7023121387283235,2023,11.161290322580646
https://doi.org/10.3390/cmd6030038,Corrosion Protection and Sustainability: Why Are the Two Concepts Inherently Intertwined,2025,17,True,article,Corrosion and Materials Degradation,"Corrosion has a significant impact on the economic and environmental sustainability of metal-based infrastructure and products. This position paper explores the intrinsic relationship between corrosion protection and sustainability, examining the economic costs, environmental impacts and technological strategies involved. While corrosion results in resource waste, energy loss, and increased CO2 emissions, effective corrosion management can extend the service life of metallic components, thus preserving resources and minimizing environmental burden. The approaches such as Total Cost of Ownership (TCO) and Life Cycle Analysis (LCA) can provide a framework for selecting the most cost-efficient and environmentally friendly corrosion protection method in view of the required lifetime. The paper emphasises the crucial role of material selection, design optimization, recyclability and environmentally friendly coatings. Regulatory pressures and new trends such as machine learning are also discussed. Achieving sustainability goals requires greater awareness, education, interdisciplinary collaboration, and continued innovation in corrosion protection strategies.",21.0,7.8231292517006805,0.7074829931972789,0.7006802721088435,0.02040816326530612,0.02040816326530612,9.236220472440944,2025,1.8405797101449275
https://doi.org/10.3390/cmd5020013,Review of the Modelling of Corrosion Processes and Lifetime Prediction for HLW/SF Containers—Part 2: Performance Assessment Models,2024,9,True,article,Corrosion and Materials Degradation,"The disposal of high-level radioactive waste (HLW) and spent nuclear fuel (SF) presents a unique challenge for the prediction of the long-term performance of corrodible structures since the HLW/SF canisters are expected, in some cases, to have lifetimes of one million years or longer. Various empirical and deterministic models have been developed over the past 45 years for making predictions of the long-term corrosion behaviour, including models for uniform and localized corrosion, environmentally assisted cracking and microbiologically influenced corrosion. As well as process models focused on specific corrosion mechanisms (described in Part 1 of this review), there is also a need for performance assessment models as part of the overall analysis of the safety of a deep geological repository (DGR). Performance assessment models are often based on simplified or abstracted process models. The manner in which various international waste management programs have predicted the long-term performance of HLW/SF containers with copper, steel, Ni and Ti alloy corrosion barriers is discussed. Performance assessments are repeated periodically during the development and implementation of a DGR, and the corrosion models are constantly updated in light of new mechanistic understanding and/or more information about the deep geological environment. Two examples of how the container performance assessment models evolve over time are also described. Performance assessment models cannot easily be validated, so it is important to build confidence in the long-term predictions using other methods, including natural analogues and large-scale in situ tests and the use of complementary models.",30.5,6.852459016393443,0.6516393442622951,0.610655737704918,0.020491803278688523,0.028688524590163935,1.8,2024,5.0
https://doi.org/10.3390/cmd6030041,Role of Chlorides in Corrosion of Reinforcing Steel in Concrete,2025,7,True,article,Corrosion and Materials Degradation,"Chlorides have long been held responsible for the initiation and progression of the corrosion of reinforcing steels in concrete structures, with higher concentrations assumed to cause earlier and more severe subsequent reinforcement corrosion. However, extensive field observations and detailed experimental results show that, in well-compacted, low-permeability concretes, reinforcement corrosion often does not occur even in the presence of high concentrations of chlorides. If corrosion does occur, it has been observed as pitting (and crevice) corrosion primarily at air voids in the concrete at the steel–concrete interface. Herein, it is shown that this is consistent with thermodynamic principles (Pourbaix) for the pitting of steel in practical concretes with high pH and air voids, irrespective of chloride concentration. Any subsequent corrosion becomes inhibited, in part through the formation of corrosion products. The experimental observations also show that there is a separate, concurrent process of the dissolution of calcium hydroxide and its leaching from the concrete. The rate of dissolution is accelerated proportionally to the concentration of chlorides. This is the primary mechanism for longer-term reinforcement corrosion, eventually producing circum-neutral pH at the steel and thereby setting up the thermodynamics permitting general corrosion. The findings question the relevance of a critical chloride concentration as an indicator of the commencement of reinforcement corrosion. Concrete permeability, remaining alkali reserves (or pH), and physical observation of evidence of rust damage are better indicators.",22.7,7.11453744493392,0.6563876651982379,0.5903083700440529,0.039647577092511016,0.022026431718061675,3.8031496062992125,2025,1.8405797101449275
https://doi.org/10.3390/cmd1020011,Corrosion Modeling of Magnesium and Its Alloys for Biomedical Applications: Review,2020,52,True,article,Corrosion and Materials Degradation,"Biodegradable metals have been under significant research as promising alternatives to the currently in-use nonbiodegradable materials in the field of supportive medical implants. In this scope, magnesium and its alloys were widely investigated due to their superior biocompatibility over other metals. Most of the research effort in the literature has been focused on assuring the biocompatibility, improving mechanical properties, and tailoring the corrosion rate of magnesium-based implants. Furthermore, considerable research was done to develop numerical models towards an inexpensive and fast designing tools capable of simulating the degradation/corrosion behavior of magnesium-based implants. Due to the complexity of the degradation process and the various factors that can be involved, several hypotheses were introduced to provide a realistic simulation of the corrosion behavior in vitro and in vivo. A review of the current literature hypothesis and different modeling constitutive equations for modeling the corrosion of magnesium alloys along with a summary of the supplementary experimental methods is provided in this paper.",26.5,7.088050314465409,0.6037735849056604,0.6477987421383647,0.018867924528301886,0.025157232704402517,1.1137884872824633,2020,46.6875
https://doi.org/10.3390/cmd2010002,"Biodegradation and Microbial Contamination of Limestone Surfaces: An Experimental Study from Batalha Monastery, Portugal",2021,32,True,article,Corrosion and Materials Degradation,"An experimental study was conducted to assess the nature and extent of the biodeterioration of the limestone in the Batalha Monastery in Portugal. Stone fragments covered with microbial biofilms and lichenous crusts were investigated using Optical Microscopy (OM), Low Vacuum Scanning Electron Microscopy with Energy Dispersive Spectroscopy (LV-SEM + EDS), and X-ray micro-Diffractometry (μ-XRD). Microbial samples were collected from the stone surface, cultured, and analyzed with NGS metagenomic DNA test to classify the bacterial communities associated with the formation of the biofilms. Particulate air pollutants collected on Pall GN-6 paper filters using a cascade impactor were characterized by SEM-EDS + NGS. The results showed that lichens play a major role in biodeterioration by promoting both physical and chemical attack on the limestone substrate via hyphae mechanical penetration along calcite inter-crystalline spaces, the dissolution/leaching of calcite minerals, and the precipitation of secondary minerals such as Ca-oxalates within the stone porosity framework. DNA analyses identified the bacterial communities within the biofilms and their relative abundances. Air quality monitoring results suggest that the microbial population colonizing the monastery limestone could at least partially be derived from the dry and wet deposition of airborne biological particles on the stone surfaces and that S, N, and P-rich air pollutants may have provided nutrients and energy for the bacteria communities, thus indirectly facilitating biofilm formation, the growth of a lichenous crusts, and limestone biodeterioration effects.",32.714285714285715,7.0524017467248905,0.6681222707423581,0.6593886462882096,0.017467248908296942,0.026200873362445413,2.009188361408882,2021,15.926829268292684
https://doi.org/10.3390/cmd1010003,Understanding Fibre-Matrix Degradation of FRP Composites for Advanced Civil Engineering Applications: An Overview,2018,29,True,article,Corrosion and Materials Degradation,"Common concretes use considerable amounts of fresh water and river sand, and their excessive use is already seriously implicating the environment. In this respect, seawater and sea sand concrete (SWSSC) is a very attractive alternative, since it addresses the increasing shortage of fresh water and dredging of river sand. A major concern with reinforced SWSSC is the severe corrosion of the steel reinforcements by seawater (that has a very high content of chloride which is very corrosive), thereby seriously impairing the strength of such concrete. Fibre reinforced polymer (FRP) can be a suitable alternative to replace steels as reinforcement. However, there has been little systematic work to understand the degradation kinetics and mechanisms of FRP in the chloride-containing alkaline SWSSC environment. This review first provides an overview of the degradation of FRP composites in normal concrete and chloride-containing alkaline SWSSC environments, and then presents an example of a recent study using scanning electron microscopy (SEM) and Fourier transform infrared spectroscopy (FTIR) that may provide a pathway to systematic experimental approach to understanding such degradation. The review also makes a comprehensive assessment of the influence of environment-assisted degradation on mechanical properties of FRPs.",27.428571428571427,6.854166666666667,0.6666666666666666,0.6302083333333334,0.015625,0.036458333333333336,0.5141843971631206,2018,56.4
https://doi.org/10.3390/cmd2040028,The Impact of Bacteria of the Genus Bacillus upon the Biodamage/Biodegradation of Some Metals and Extensively Used Petroleum-Based Plastics,2021,29,True,article,Corrosion and Materials Degradation,"This paper tackles bacteria of the genus Bacillus as both biodamaging/biodegrading and biocontrolling agents. The article addresses the said bacteria’s ability to form biofilms and corrosive, antimicrobial and antibiofilm proactive compounds, primarily, siderophores. Their role depends on the species, microorganism strain, production of antimicrobial substances, biofilm formation, and the type of damaged material. The bacteria under analysis have demonstrated the ability to cause as well as inhibit biodamage. The involvement of bacteria of the genus Bacillus in microbiologically influenced corrosion processes is determined by the production of corrosive metabolites and the impact of certain bioelectrochemical mechanisms. Lipopeptides generated by Bacillus subtilis (surfactin, iturin and fengycin) are capable of modifying surfaces’ hydrophobic properties and impacting the microbes’ adhesion to surfaces. Produced by Bacillus velezensis, the siderophore bacillibactin at a high concentration is capable of inhibiting the formation of bacterial biofilms, thus slowing down the degradation of materials. Further study of siderophores as green inhibitors of microbiologically influenced corrosion may be promising as the said compounds possess antibiofilm-forming properties and high-intensity inhibitory capabilities.",21.375,7.637426900584796,0.6432748538011696,0.631578947368421,0.029239766081871343,0.011695906432748537,1.8208269525267993,2021,15.926829268292684
https://doi.org/10.3390/cmd3010003,Hydration and Carbonation of Alternative Binders,2022,26,True,article,Corrosion and Materials Degradation,"The cement industry gains increasing public attention because of the high CO2 emissions for which it is accountable. One approach to improve the carbon footprint of cement production is the development of alternative binders, which can be produced with less energy consumption. These alternative binders have a reduced clinker to cement ratio or contain no Portland cement at all. For the corrosion protection of the reinforcement, the same requirements apply as for standardized types of cement. To perform this evaluation, a basic understanding is necessary of the products formed during hydration, the composition of the pore solutions and pore structure, and their influence on the resistance to carbonation. In this study, various alternative binders, such as novel types of composite cement with calcined clays or modified steel mill slag, alkali-activated materials, CS¯A cement, and a C-S-H binder, are presented. The conducted investigations at mortars and cement pastes show the differences in hydration, microstructure development, and pH. The changes in microstructure and phase assemblage due to carbonation and the suitability of carbonation testing at an elevated CO2 content of 1 vol.-% for the different binders are also presented.",20.77777777777778,6.529411764705882,0.6096256684491979,0.6310160427807486,0.0106951871657754,0.0106951871657754,2.011605415860735,2022,12.925
https://doi.org/10.3390/cmd3030028,"A Critical Review of Radiolysis Issues in Water-Cooled Fission and Fusion Reactors: Part I, Assessment of Radiolysis Models",2022,26,True,article,Corrosion and Materials Degradation,"A critical review is presented on modeling of the radiolysis of the coolant water in nuclear power reactors with emphasis on ITER. The review is presented in two parts: In Part I, we assess previous work in terms of compliance with important chemical principles and conclude that no model proposed to date is completely satisfactory, in this regard. Thus, some reactions that have been proposed in various radiolysis models are not elementary in nature and can be decomposed into two or more elementary reactions, some of which are already included in the models. These reactions must be removed in formulating a viable model. Furthermore, elementary reactions between species of like charge are also commonly included, but they can be discounted upon the basis of Coulombic repulsion under the prevailing conditions (T &lt; 350 °C) and must also be removed. Likewise, it is concluded that the current state of knowledge with respect to radiolytic yields (i.e., G-values) is also unsatisfactory. More work is required to ensure that the yields used in radiolysis models are truly “primary” yields corresponding to a time scale of nanoseconds or less. This is necessary to ensure that the impact of the reactions that occur outside of the spurs (ionizing particle tracks in the medium) are not counted twice. In Part II, the authors review the use of the radiolysis models coupled with electrochemical models to predict the water chemistry, corrosion potential, crack growth rate in Type 304 SS, and accumulated damage in the coolant circuits of boiling water reactors, pressurized water reactors, and the test fusion reactor, ITER. Based on experience with fission reactors, the emphasis should be placed on the control of the electrochemical corrosion potential because it is the parameter that best describes the state of corrosion in coolant circuits.",24.666666666666668,6.16554054054054,0.597972972972973,0.5337837837837838,0.02027027027027027,0.02702702702702703,2.011605415860735,2022,12.925
https://doi.org/10.3390/cmd2040037,A Review of the Effect of Irradiation on the Corrosion of Copper-Coated Used Fuel Containers,2021,25,True,article,Corrosion and Materials Degradation,"Radiation induced corrosion is one of the possible modes of materials degradation in the concept of long-term management of used nuclear fuel. Depending on the environmental conditions surrounding the used fuel container, a range of radiolysis products are expected to form that could impact the corrosion of the copper coating. For instance, γ-radiolysis of pure water produces molecular oxidants such as H2O2 and the radiolysis of humid air produces compounds such as NOx and HNO3. This review is confined to a discussion of the effect of γ-radiation on the corrosion of copper-coated containers. A simplified mixed-potential model is also presented to calculate the extent of copper corrosion by using the steady-state concentration of H2O2 generated during the first 300 years of emplacement, when the radiation field is significant.",25.6,6.4296875,0.6015625,0.65625,0.015625,0.03125,1.569678407350689,2021,15.926829268292684
https://doi.org/10.3390/cmd3030023,Corrosion Barrier Coatings: Progress and Perspectives of the Chemical Route,2022,25,True,article,Corrosion and Materials Degradation,"Improved corrosion barrier coatings (CBCs) to protect metals will allow future metal structures to operate for extended periods, ensuring improved safety by reducing environmental pollution and maintenance costs. Many production methods and design of corrosion barrier coatings (CBCs) have been developed. This review focuses only on CBCs made with chemistry techniques. These CBCs can be passive and active with remarkable performance. Today, most of the work focuses on the discovery and application of “smart nanomaterials,” which, if incorporated into “passive CBCs,” will turn them into “active CBCs,” giving them the phenomenon of “self-healing” that extends their service life. Today, many efforts are focused on developing sensors to diagnose corrosion at an early stage and CBCs that self-diagnose the environment and respond on demand. In addition, recent technological developments are reviewed, and a comprehensive strategy is proposed for the faster development of new CBC materials.",20.571428571428573,6.791666666666667,0.6666666666666666,0.7430555555555556,0.034722222222222224,0.034722222222222224,1.9342359767891681,2022,12.925
https://doi.org/10.3390/cmd1010009,Scanning Kelvin Probe Investigation of High-Strength Steel Surface after Impact of Hydrogen and Tensile Strain,2020,23,True,article,Corrosion and Materials Degradation,"Hydrogen in combination with mechanical stress can lead to rapid degradation of high-strength steels through environmentally assisted cracking mechanisms. The scanning Kelvin probe (SKP) was applied to automotive martensitic steel grade MS1500 in order to detect local reactivity of the surface after hydrogen uptake and tensile deformation. Hydrogen and stress distribution in microstructures can be characterized by SKP indirectly measuring the potential drop in the surface oxide. Thus, the links between electron work function, oxide condition, and subsurface accumulation of hydrogen and stress have to be investigated. It was shown that plastic strain can mechanically break down the oxide film creating active (low potential) locations. Hydrogen effusion from the steel bulk, after cathodic charging in aqueous electrolyte, reduced the surface oxide and also decreased potential. It was shown that surface re-oxidation was delayed as a function of the current density and duration of cathodic hydrogen pre-charging. Thus, potential evolution during exposure in air can characterize the relative amount of subsurface hydrogen. SKP mapping of martensitic microstructure with locally developed residual stress and accumulated hydrogen displayed the lowest potential.",19.77777777777778,7.033707865168539,0.6741573033707865,0.6292134831460674,0.056179775280898875,0.0056179775280898875,0.4926372155287818,2020,46.6875
https://doi.org/10.3390/cmd3020014,Early Detection of Corrosion-Induced Concrete Micro-cracking by Using Nonlinear Ultrasonic Techniques: Possible Influence of Mass Transport Processes,2022,23,True,article,Corrosion and Materials Degradation,"This work presents results allowing an unequivocal correlation of the observations of strong nonlinear elastic features of ultrasonic waves (values of the nonlinearity parameters exceeding the thresholds corresponding to undamaged states), with the critical events of the corrosion-induced surface cracking of reinforced cement-mortar specimens. These observations point to the possibility of the early detection of cracking using nonlinear ultrasonic (NLU) techniques. Experimental evidence is presented on the existence of active net mass transport processes, due to wick action, in the course of the corrosion tests, in the experimental conditions of this work. These phenomena might explain the observed abrupt shifting of the nonlinear parameter values (typically increasing and then decreasing post-peak, even reaching values typical of the undamaged state), and, partially, the high variability obtained for the values of the nonlinear parameters in damaged (cracked) states. Finally, some consequences are derived from the point of view of use of the NLU techniques in engineering practice, i.e., in surveys aimed at evaluating reinforced concrete structures affected by corrosion.",23.857142857142858,6.994011976047904,0.6586826347305389,0.6646706586826348,0.029940119760479042,0.023952095808383235,1.7794970986460348,2022,12.925
https://doi.org/10.3390/cmd1020014,Corrosion Inhibitory Effects of Mullite in Concrete Exposed to Sulfuric Acid Attack,2020,20,True,article,Corrosion and Materials Degradation,"Prolonged exposure to low pH conditions affects the durability of concrete. In this work, the effect of mullite, aluminum silicate, on the strength and the acid corrosion of mortar and concrete under induced accelerated conditions in sulfuric acid solutions at pH of 0.25 and 1 was studied. The characterization of physicochemical changes was performed using techniques including compressive strength, scanning electron microscopy, micro-X-ray fluorescence spectrometry, and the Vickers hardness test. The results indicate that the addition of mullite does not have any significant effect on the overall strength of mortar and concrete samples, while it significantly increases their resistance to corrosion caused by sulfate attack by 90%, therefore, it is expected to increase the life span and decrease the maintenance costs of concrete pipes subjected to acid corrosion in sewer environments. The inhibition efficiency is observed to be sensitive to acid concentration and was improved with increase in the amount of mullite in samples.",25.666666666666668,6.636363636363637,0.6298701298701299,0.6363636363636364,0.012987012987012988,0.01948051948051948,0.428380187416332,2020,46.6875
https://doi.org/10.3390/cmd2040030,Reflections on Early Stages of Environmentally Assisted Cracking from Corrosion Pits,2021,20,True,article,Corrosion and Materials Degradation,"A perspective is presented on the evolution of damage due to environmentally assisted cracking (EAC), from crack precursor development through to long crack growth. The variable nature of crack precursors is highlighted with an observation that uncontrolled chemistry excursions or fabrication defects could eliminate any significant delay associated with that step in the damage evolution process. Specimen preparation by machining and grinding can be critical in determining the apparent susceptibility of the metal to EAC and corrosion, and an example for 316L stainless steel is given to show how physical defects generated by the grinding wheel can become the dominant site for pitting attack relative to MnS inclusions. Corrosion pits are the most commonly observed precursor to cracks in aqueous chloride environments. The loci of sites of crack initiation around a pit are discussed and the inherent challenges in quantifying the growth of cracks smaller than the pit depth described with implications for modelling of the pit-to-crack transition. The remarkably enhanced stress corrosion crack growth rate data for short and small cracks in a 12Cr steam turbine blade in a simulated condensate environment are discussed in the context of crack electrochemistry modelling and the implications for engineering integrity.",33.0,6.651515151515151,0.6363636363636364,0.6161616161616161,0.04040404040404041,0.025252525252525252,1.2557427258805511,2021,15.926829268292684
https://doi.org/10.3390/cmd3010006,Electrochemical Evaluation of the Effect of Different NaCl Concentrations on Low Alloy- and Stainless Steels under Corrosion and Erosion-Corrosion Conditions,2022,20,True,article,Corrosion and Materials Degradation,"The main objective of this study was to assess the influence of salt concentration on the corrosion behaviour, including the role of hydrodynamic conditions, of two broad classes of ferrous engineering materials. These are comprised of alloys, typified by a low-alloy steel (UNS G43400) that corrodes actively in aqueous conditions and a range of passive-film-forming stainless steels (UNS S31600, UNS S15500 and UNS S32760). Corrosion monitoring employed electrochemical (potentiodynamic polarisation) techniques. Three concentrations of aerated sodium chloride were utilised: 0.05 wt% NaCl, 3.5 wt% NaCl and 10 wt% NaCl. In quiescent, liquid impingement and solid/liquid impingement conditions, the corrosion rate of the low-alloy steel was observed to peak at 3.5 wt% NaCl, followed by a reduction in 10 wt% NaCl solution. These findings expand the range of previously reported trends, focused on static conditions. Such corrosion rate/salinity trends were observed to be dictated by the progress of the anodic reaction rather than influence on the cathodic reaction. Detailed studies were undertaken using segmented specimens to facilitate comparisons of the influence of hydrodynamic variations on corrosion behavior; these revealed that such variations influence the corrosion rates of low-alloy steel to a much lesser extent than the effect of changes in salinity. For the stainless steels, in quiescent and flowing conditions, when surface passive films are stable, there was a constant increase in corrosion rate with salinity. In solid-liquid conditions, however, the periodic film-destruction/repassivation events resulted in a similar corrosion rate/salinity trend to that displayed by the low-alloy steel, but with a much larger effect of hydrodynamic conditions. Additonally, the study revealed an underlying influence of stainless steel composition that mirrored, to an extent, the corrosion behaviour in pitting/re-passivation situations",21.384615384615383,6.863309352517986,0.658273381294964,0.5323741007194245,0.03597122302158273,0.01079136690647482,1.5473887814313345,2022,12.925
https://doi.org/10.3390/cmd2020016,Influence of Boronizing on Steel Performance under Erosion-Abrasion-Corrosion Conditions Simulating Downhole Oil Production,2021,19,True,article,Corrosion and Materials Degradation,"Downhole heavy oil production and oil sand processing are associated with severe damage and failures of production equipment components, e.g., production tubing and pumping systems, due to erosion-corrosion resulting in processing losses, production downtime, high maintenance and replacement cost. Protective coatings (layers) on the production components mostly fabricated from low-alloy steels can be applied to minimize these problems. In the present work, the performance of hard boronized coating on carbon steel obtained through the thermal diffusion process and consisted of two iron boride layers (FeB and Fe2B) was studied in synergistic erosion-abrasion-corrosion conditions simulating oil production environment in comparison with bare steel. Special wear testing equipment was designed and fabricated. In this testing, the inner surface of tubular sections was subjected to high velocity erosive flows of water-oil slurries containing silica sand and salts combined with rotating and oscillating motions of steel pony rods. Structural examination of the studied materials’ surfaces and their profilometry after wear testing were conducted. The iron boride coating demonstrated significantly higher performance in abrasion and erosion-abrasion-corrosion conditions compared to bare carbon steel due to its high hardness, high chemical inertness, dual-layer architecture and diffusion-induced bonding with the substrate. The boronized steel tubing and casing with inner surface protection can be effectively employed in the most critical operation conditions.",21.3,7.23943661971831,0.7089201877934272,0.6244131455399061,0.023474178403755867,0.018779342723004695,1.1929555895865236,2021,15.926829268292684
https://doi.org/10.3390/cmd2030023,Comparative Study of Chloride and Fluoride Induced Aluminum Pad Corrosion in Wire-Bonded Device Packaging Assembly,2021,19,True,article,Corrosion and Materials Degradation,"The introduction of copper as wire bonding material brings about a new challenge of aluminum bond pad bimetallic corrosion at the copper/aluminum galvanic interface. Aluminum is well known to undergo pitting corrosion under halide-contaminated environments, even in slightly acidic conditions. This paper aims to study the corrosion morphology and progression of aluminum influenced by different halide contaminations in the presence and absence of galvanic contact with copper. We used a new corrosion characterization platform of the micropattern corrosion screening to simulate the copper wire bonding on the aluminum bond pad. The corrosion screening data and subsequent SEM–EDX analyses showed a striking difference in morphology and progression between chloride-induced and fluoride-induced aluminum corrosion. The corrosion products formed play a vital role in the resulting morphology and in sustaining further aluminum corrosion.",21.666666666666668,7.138461538461539,0.6692307692307692,0.6076923076923076,0.046153846153846156,0.007692307692307693,1.1929555895865236,2021,15.926829268292684
https://doi.org/10.3390/cmd2020011,"Corrosion Behaviour of Titanium Alloy and Carbon Steel in a High-Temperature, Single and Mixed-Phase, Simulated Geothermal Environment Containing H2S, CO2 and HCl",2021,18,True,article,Corrosion and Materials Degradation,"The corrosion behaviour of a new titanium-based alloy, with nickel, molybdenum and zirconium as the main alloying elements, was studied in a simulated geothermal environment at various phase conditions of a corrosive fluid. Corrosion testing of carbon steel was also conducted for comparison. Both materials were tested at an elevated temperature between 180 and 350 °C and at a 10 bar gauge pressure in H2O containing HCl, H2S, and CO2 gases with an acidic condensate of pH = 3. The study found that the titanium alloy demonstrated good corrosion resistance in a single- and multiphase geothermal environment. In the testing volume, where the boiling of testing fluid occurred, the carbon steel was prone to localized damage of oxide, sulphide and chloride corrosion products. In the superheated testing volume, a homogeneous oxide corrosion layer was observed on the carbon steel. In the testing volume where condensation of the testing fluid occurred, a sulphide layer with an oxide sublayer was formed on the carbon steel.",23.285714285714285,6.177914110429448,0.6687116564417178,0.558282208588957,0.03067484662576687,0.006134969325153374,1.130168453292496,2021,15.926829268292684
https://doi.org/10.3390/cmd3020012,Mechanical Properties Decay of Corroded Reinforcement in Concrete—An Overview,2022,18,True,article,Corrosion and Materials Degradation,"Among the leading consequences of corrosion in reinforced concrete structures (RCS) the cross section reduction in steel bars should be mentioned, coupled to a decay of their mechanical material properties. This paper recalls the main literature findings on the topic and describes a wide collected database of experimental tensile tests performed on naturally corroded reinforcements. The principal predictive degradation laws available in the scientific literature to assess the residual mechanical properties of the corroded reinforcements are synthesized. A first attempt to evaluate the reliability of the literature decay laws to simulate the mechanical performance of naturally corroded steel reinforcement subjected to both uniform and pitting corrosion is performed. Finally, some remarks are suggested on both the tested naturally corroded steel reinforcement and the available degradation laws.",25.2,7.126984126984127,0.6428571428571429,0.5873015873015873,0.047619047619047616,0.047619047619047616,1.3926499032882012,2022,12.925
https://doi.org/10.3390/cmd2010005,The Stability and Chloride Entrapping Capacity of ZnAl-NO2 LDH in High-Alkaline/Cementitious Environment,2021,17,True,article,Corrosion and Materials Degradation,"In this work, the ZnAl-NO2 LDH (layered double hydroxide) is investigated as a possible additive for mitigating the chloride-induced corrosion of steel in reinforced concrete. The investigation focused on the stability and chloride binding capacity of this LDH in the pH range typical of cementitious materials. Until pH = 12.5 the material was stable and effective in capturing chloride ions from the surrounding aqueous environment. For higher pH, precisely that of hydrated cement, the LDH was partially dissolved and OH− preferentially entrapped instead of Cl−. These results suggested that ZnAl-NO2 has excellent chloride entrapping capability at neutral pH, but this is reduced with increasing pH. However, when the LDH was incorporated into mortars, the chloride ingress was delayed, signifying that the dissolution of LDH leads to a secondary mechanism responsible for chloride capture.",19.0,6.593984962406015,0.6541353383458647,0.6842105263157895,0.03007518796992481,0.03007518796992481,1.0673813169984685,2021,15.926829268292684
https://doi.org/10.3390/cmd4010004,"Avant-Garde Polymer/Graphene Nanocomposites for Corrosion Protection: Design, Features, and Performance",2023,17,True,article,Corrosion and Materials Degradation,"Polymeric coatings have been widely selected for the corrosion resistance of metallic surfaces. Both the conducting and non-conducting polymers have been applied for corrosion confrontation. The conducting polymers usually possess high electrical conductivity and corrosion resistance features. On the other hand, non-conducting hydrophobic polymers have also been used to avert the metal erosion. To improve the corrosion inhibition performance of the polymer coatings, nanocarbon nanofillers have been used as reinforcement. Graphene, especially, has gained an important position in the research on the corrosion-protecting nanocomposite coatings. Here, graphene dispersion and matrix–nanofiller interactions may significantly improve the anti-corrosion performance to protect the underlying metals. The graphene nanofiller may form an interconnecting percolation network in the polymers to support their electrical conductivity and thus their corrosion confrontation characteristics. Further research on the polymer/graphene nanocomposite and its anti-corrosion mechanism may lead to great advancements in this field.",15.88888888888889,7.699300699300699,0.6573426573426573,0.5804195804195804,0.02097902097902098,0.02097902097902098,1.523121387283237,2023,11.161290322580646
https://doi.org/10.3390/cmd2040034,Research Progress in Corrosion Mechanism of Reinforced Alkali-Activated Concrete Structures,2021,16,True,article,Corrosion and Materials Degradation,"In this paper, the recent research progress on the corrosion of reinforced alkali-activated materials (AAMs) concrete structures is reviewed. The corrosion mechanisms induced by carbonation and chloride ingress in AAMs concrete are discussed, from the perspectives of composition, microstructure and pore solution chemistry, in comparison to ordinary Portland cement (OPC) concrete. The steel–alkali-activated concrete interface is a key to investigating corrosion initiation and propagation, which has different physical and chemical characteristics of the steel–concrete interface in OPC concrete. Moreover, the electrochemical process testing methods including half-cell potential and linear polarization resistance are critically discussed with a focus on what could be inherited from the OPC concrete and what criteria are no longer suitable for AAMs concrete due to underestimation in most cases. New data and theories are urgently needed for using AAMs in concrete structures to replace OPC. At the end of this paper, the research gaps and future research needs are summarised for the sake of widespread application of AAMs in concrete structures for sustainable and low-carbon construction.",28.166666666666668,6.988165680473373,0.650887573964497,0.621301775147929,0.029585798816568046,0.01775147928994083,1.004594180704441,2021,15.926829268292684
https://doi.org/10.3390/cmd3040032,Statistical Treatments of Chloride Threshold and Corrosion Propagation Rate,2022,16,True,article,Corrosion and Materials Degradation,"The variability found in real structures is a function of the “intrinsic” variability of the material itself, of its aging with time and of the external climatic conditions, and, therefore, it is normal that the chloride threshold and the corrosion rates could vary spatially in the same structure or temporarily as the concrete ages. In present communication, some statistical distributions of chloride threshold are discussed, as well as the variability of the corrosion rate in real exposure conditions. In all both cases, the values found in laboratory specimens are in the same range than those found in real structures. The chloride threshold can vary from 0.2% to around 3% by weight of cement depending on the corrosion potential, which, in turn, depends on the particular condition of the steel bar in each structure. The corrosion rates show to be below 0.1 µA/cm2 when the steel is passive and values above 1 µA/cm2 are seldom found in real structures. The high variability when considering all choices may impact in a prediction of residual life of several decades of difference which aims into the need for the assessment of a specialized engineering judgement in function of the quality of the concrete and the exposure class.",25.375,6.009852216748769,0.5467980295566502,0.5369458128078818,0.034482758620689655,0.04433497536945813,1.2379110251450676,2022,12.925
https://doi.org/10.3390/cmd2020008,Effect of Multispecies Microbial Consortia on Microbially Influenced Corrosion of Carbon Steel,2021,15,True,article,Corrosion and Materials Degradation,"Microbially influenced corrosion (MIC) is responsible for significant damage to major marine infrastructure worldwide. While the microbes responsible for MIC typically exist in the environment in a synergistic combination of different species, the vast majority of laboratory-based MIC experiments are performed with single microbial pure cultures. In this work, marine grade steel was exposed to a single sulfate reducing bacterium (SRB, Desulfovibrio desulfuricans) and various combinations of bacteria (both pure cultures and mixed communities), and the steel corrosion studied. Differences in the microbial biofilm composition and succession, steel weight loss and pitting attack were observed for the various test configurations studied. The sulfate reduction phenotype was successfully shown in half-strength marine broth for both single and mixed communities. The highest corrosion according to steel weight loss and pitting, was recorded in the tests with D. desulfuricans alone when incubated in a nominally aerobic environment. The multispecies microbial consortia yielded lower general corrosion rates compared to D. desulfuricans or for the uninoculated control.",18.0,7.1419753086419755,0.7098765432098766,0.6296296296296297,0.043209876543209874,0.006172839506172839,0.9418070444104134,2021,15.926829268292684
https://doi.org/10.3390/cmd4030024,Improved and Innovative Accident-Tolerant Nuclear Fuel Materials Considered for Retrofitting Light Water Reactors—A Review,2023,15,True,article,Corrosion and Materials Degradation,"Since 2011, there has been an international effort to evaluate the behavior of newer fuel rod materials for the retrofitting of existing light water reactors (LWR). These materials include concepts for the cladding of the fuel and for the fuel itself. The materials can be broadly categorized into evolutionary or improved existing materials and revolutionary or innovative materials. The purpose of the newer materials or accident-tolerant fuels (ATF) is to make the LWRs more resistant to loss-of-coolant accidents and thus increase their operation safety. The benefits and detriments of the three main concepts for the cladding are discussed. These include (i) coatings for existing zirconium alloys; (ii) monolithic iron–chromium–aluminum alloys; and (iii) composites based on silicon carbide. The use of ATF materials may help extend the life of currently operating LWRs, while also being a link to material development for future commercial reactors.",20.428571428571427,6.601398601398602,0.6153846153846154,0.6573426573426573,0.006993006993006993,0.02097902097902098,1.3439306358381502,2023,11.161290322580646
https://doi.org/10.3390/cmd4040029,State-of-the-Art Review of Aliphatic Polyesters and Polyolefins Biodeterioration by Microorganisms: From Mechanism to Characterization,2023,15,True,article,Corrosion and Materials Degradation,"As a result of the exponential growth in the production of plastics and their extended degradation period, strong environmental concerns in association with the disposal of plastic waste have emerged. Pursuing sustainable solutions for managing plastic waste has led to significant interest in plastic biodegradation research, with a specific focus on biodeterioration facilitated by microorganisms. The biodeterioration of plastic by microorganisms is a complex phenomenon that can be influenced by a variety of environmental factors such as humidity, temperature, and pH, as well as polymer properties such as molecular structure, molecular weight, and crystallinity. Toward a better understanding of this phenomenon for resolving the issue of plastic waste, this review article focuses on the biodeterioration of synthetic polymers, in particular aliphatic polyesters and polyolefins, through the enzymatic activities of microorganisms. First, the mechanism of polymer biodegradation via enzymatic activity is discussed, followed by the physical properties of polymers and environmental conditions that influence their biodegradability rates. Then, an overview of experimental approaches and standardized protocols used to assess the biodegradability of polymers by these degrading agents is provided. Finally, current developments in employing biodeterioration for the degradation of aliphatic polyesters and polyolefins are reviewed. The review concludes with a discussion on the complexity of biodegradation by microorganisms, the necessity of proper engineering of polymer properties during production to enhance their biodegradability, and the need for further research to discover sustainable and environmentally acceptable alternatives.",29.25,7.358974358974359,0.6068376068376068,0.5384615384615384,0.029914529914529916,0.01282051282051282,1.3439306358381502,2023,11.161290322580646
https://doi.org/10.3390/cmd5020007,Review of the Modelling of Corrosion Processes and Lifetime Prediction for HLW/SF Containers—Part 1: Process Models,2024,15,True,article,Corrosion and Materials Degradation,"The disposal of high-level radioactive waste (HLW) and spent nuclear fuel (SF) presents a unique challenge for the prediction of the long-term performance of corrodible structures since HLW/SF containers are expected, in some cases, to have lifetimes of one million years or longer. Various empirical and deterministic models have been developed over the past 45 years for making predictions of long-term corrosion behaviour, including models for uniform and localised corrosion, environmentally assisted cracking, microbiologically influenced corrosion, and radiation-induced corrosion. More recently, fracture-mechanics-based approaches have been developed to account for joint mechanical–corrosion degradation modes. Regardless of whether empirical or deterministic models are used, it is essential to be able to demonstrate a thorough mechanistic understanding of the corrosion processes involved. In addition to process models focused on specific corrosion mechanisms, there is also a need for performance-assessment models as part of the overall demonstration of the safety of a deep geological repository. Performance-assessment models are discussed in Part 2 of this review.",26.833333333333332,7.198757763975156,0.639751552795031,0.6832298136645962,0.024844720496894408,0.024844720496894408,3.0,2024,5.0
https://doi.org/10.3390/cmd3010005,"Cyclic Polarization of Corrugated Austenitic Stainless Steel Rebars in Acid Rain: Effect of Fly Ash, pH and Steel Type",2022,14,True,article,Corrosion and Materials Degradation,"The present work studies the effect of fly ash content (0–25 wt.%), pH (8, 12.5), and steel type (316L, 304L) on the cyclic polarization of stainless steel rebars in electrolytes, simulating fresh concrete exposed to acid rain and corroded concrete cover that has exposed the reinforcement to direct acid rain attack. At the same time, it tries to elucidate the corrosion inhibition activities of a Greek lignite fly ash that is a high-Ca fly ash with a questionable effect on the corrosion resistance of concrete. A higher pH results in lower corrosion rates for both steels and all fly ash content. However, different passivity trends are noted for the two steels as a function of pH. The partial replacement of Ca(OH)2 with fly ash up to 20 wt.% has a beneficial effect on the electrochemical behavior of the stainless steel rebars, in terms of both uniform and localized corrosion resistance. However, this trend is reversed at 25 wt.% FA. The reasons for such trends are explored via microstructural examinations of the steels after polarization and XRD analysis of fly ash, as well as reinforced concrete containing fly ash.",17.09090909090909,5.877659574468085,0.6542553191489362,0.5585106382978723,0.031914893617021274,0.0,1.0831721470019342,2022,12.925
https://doi.org/10.3390/cmd4010001,Experimental Design Considerations for Assessing Atmospheric Corrosion in a Marine Environment: Surrogate C1010 Steel,2022,14,True,article,Corrosion and Materials Degradation,"A rigorous assessment of marine atmospheric corrosion at a controlled NRL test site in Key West Florida was conducted. Certain factors which have been previously implicated in the literature as influencing the corrosion of engineering materials in atmospheric exposure were isolated and explored. In particular, the effect of sample size and orientation was explored. Low carbon steel (C1010) witness coupons were exposed in vertical non-sheltered, vertical sheltered, and tilted non-sheltered conditions. The effect of surface area on measured steel mass loss was also explored to identify the veracity of the so-called “edge effect”. Efforts were made to correlate meteorological atmospheric conditions (temperature, relative humidity, wind speed, wind direction, etc.) to the monthly assessment of corrosion damage. Results were assessed in terms of steel mass loss. Additive composite monthly corrosion damage tended to significantly overshoot the observed cumulative corrosion damage for samples exposed over the same period. This observation, among others presented herein, suggests that exposure of samples for less than 6 months is not an adequate predictor of long-term, natural exposure. Additionally, a smaller sample had a larger area-normalized mass loss than a larger sample. The influence of the sample edge (especially the bottom edge) was implicated in causing this difference.",16.75,6.796019900497512,0.7213930348258707,0.6368159203980099,0.029850746268656716,0.024875621890547265,1.0831721470019342,2022,12.925
https://doi.org/10.3390/cmd5020008,Dissociative Adsorption of Hydrogen Molecules at Al2O3 Inclusions in Steels and Its Implications for Gaseous Hydrogen Embrittlement of Pipelines,2024,14,True,article,Corrosion and Materials Degradation,"Hydrogen embrittlement (HE) of steel pipelines in high-pressure gaseous environments is a potential threat to the pipeline integrity. The occurrence of gaseous HE is subjected to associative adsorption of hydrogen molecules (H2) at specific “active sites”, such as grain boundaries and dislocations on the steel surface, to generate hydrogen atoms (H). Non-metallic inclusions are another type of metallurgical defect potentially serving as “active sites” to cause the dissociative adsorption of H2. Al2O3 is a common inclusion contained in pipeline steels. In this work, the dissociative adsorption of hydrogen at the α-Al2O3(0001)/α-Fe(111) interface on the Fe011¯ plane was studied by density functional theory calculations. The impact of gas components of O2 and CH4 on the dissociative adsorption of hydrogen was determined. The occurrence of dissociative adsorption of hydrogen at the Al2O3 inclusion/Fe interface is favored under conditions relevant to pipeline operation. Thermodynamic feasibility was observed for Fe and O atoms, but not for Al atoms. H atoms can form more stable adsorption configurations on the Fe side of the interface, while it is less likely for H atoms to adsorb on the Al2O3 side. There is a greater tendency for the occurrence of dissociative adsorption of O2 and CH4 than of H2, due to the more favorable energetics of the former. In particular, the dissociative adsorption of O2 is preferential over that of CH4. The Al-terminated interface exhibits a higher H binding energy compared to the O-terminated interface, indicating a preference for hydrogen accumulation at the Al-terminated interface.",20.583333333333332,6.502024291497976,0.6234817813765182,0.5182186234817814,0.02834008097165992,0.016194331983805668,2.8,2024,5.0
https://doi.org/10.3390/cmd3010004,Localized Corrosion of Mooring Chain Steel in Seawater,2022,13,True,article,Corrosion and Materials Degradation,"Corrosion of mooring chains is regarded as one of main threats to the offshore mooring systems. Localized corrosion is even more dangerous than uniform corrosion because it may not show significant mass loss but it can cause stress concentration and initiate cracks under force, leading to accelerated degradation of mooring chains. Localized corrosion of steel in seawater is influenced by many factors such as the local heterogeneities of the steel, and the local electrochemical and microbiological environments. It is difficult to predict and the mechanism is not fully understood. The aim of this work was to study the mechanism of localized corrosion on mooring chain steel in seawater which is helpful in the search for corresponding monitoring tools and mitigation methods. The corrosion behavior of chain steel grade R4 was studied in artificial seawater and artificial seawater containing microorganisms collected from a practice field. The corrosion behavior of the steel was studied using different techniques such as potentiodynamic polarization, linear polarization resistance measurements and electrochemical impedance spectroscopy. The microstructures such as inclusions and compositions of the chain steel were studied using SEM: Scanning Electron Microscope and EDS: Energy Dispersive Spectroscopy. The microbial cells were observed using epi-fluorescence microscopy. The corrosion morphology and pit geometry were investigated using photo-microscopy. The localized corrosion rate has been found to be much higher than the uniform corrosion rate of the steel in the seawater in the presence of bacteria. In the case of localized corrosion, applying uniform corrosion measurement techniques and formulas is not considered representative. The representative areas have to be introduced to match physical results with the measurements. Inclusions, such as MnS and TiVCr found in the steel have a critical influence on localized corrosion. The corrosion mechanism of the steel in seawater is discussed.",19.533333333333335,6.805460750853243,0.6313993174061433,0.49829351535836175,0.023890784982935155,0.027303754266211604,1.0058027079303675,2022,12.925
https://doi.org/10.3390/cmd1010006,Effect of Heat Treatment of Martensitic Stainless Steel on Passive Layer Growth Kinetics Studied by Electrochemical Impedance Spectroscopy in Conjunction with the Point Defect Model,2020,12,True,article,Corrosion and Materials Degradation,"Martensitic stainless steels are widely used materials. Their mechanical and corrosion properties are strongly influenced by their microstructure and thereby can be affected by heat treatment. In the present study, the effect of different austenitizing temperatures on the passive film growth kinetics of martensitic stainless steel is studied by electrochemical impedance spectroscopy. The data was further fitted by the point defect model to determine kinetic parameters. We show that an increasing austenitizing temperature leads to a more protective passive film and slows down passive film dissolution in sulfuric acid.",17.8,6.943820224719101,0.6853932584269663,0.7640449438202247,0.07865168539325842,0.011235955056179775,0.2570281124497992,2020,46.6875
https://doi.org/10.3390/cmd2030026,Management of Airframe In-Service Pitting Corrosion by Decoupling Fatigue and Environment,2021,12,True,article,Corrosion and Materials Degradation,"Corrosion-induced maintenance is a significant cost driver and availability degrader for aircraft structures. Although well-established analyses enable assessing the corrosion impact on structural integrity, this is not the case for fatigue nucleation and crack growth. This forces fleet managers to directly address detected corrosion to maintain flight safety. Corrosion damage occurs despite protection systems, which inevitably degrade. In particular, pitting corrosion is a common potential source of fatigue. Corrosion pits are discontinuities whose metrics can be used to predict the impact on the fatigue lives of structural components. However, a damage tolerance (DT) approach would be more useful and flexible. A potential hindrance to DT has been the assumption that corrosion-induced fatigue nucleation transitions to corrosion fatigue, about which little is known for service environments. Fortunately, several sources indicate that corrosion fatigue is rare for aircraft, and corrosion is largely confined to ground situations because aircraft generally fly at altitudes with low temperature and humidity Thus, it is reasonable to propose the decoupling of corrosion from the in-flight dynamic (fatigue) loading. This paper presents information to support this proposition, and provides an example of how a DT approach can allow deferring corrosion maintenance to a more opportune time.",19.8,6.959595959595959,0.6666666666666666,0.6464646464646465,0.04040404040404041,0.050505050505050504,0.7534456355283308,2021,15.926829268292684
https://doi.org/10.3390/cmd2040029,Durability of Structural Lightweight Concrete Containing Different Types of Natural or Artificial Lightweight Aggregates,2021,11,True,article,Corrosion and Materials Degradation,"Different structural lightweight concrete mixtures of specific density and strength classes were produced by using various lightweight aggregates (LWAs) such as pumice, perlite, and rice husk ash. Their properties were evaluated in fresh and hardened states with regards to compressive strength and durability parameters such as water absorption (open porosity and capillary absorption), chloride’s penetration resistance, and carbonation depth. According to the results, most LWA concrete mixtures performed satisfactorily in terms of the designed strength and density and they could be used as structural LWA concrete mixtures. As far as the durability of LWA concrete was concerned, open porosity and resistance to the carbonation of LWA concrete were burdened with the porous nature of LWAs, while sorptivity in some mixtures and especially chlorides’ penetration resistance in all mixtures were reported to be significantly improved. The overall strength and durability performance of the designed LWA concrete mixtures could mitigate the concerns stemming from its vulnerability to extreme exposure conditions.",31.6,6.987341772151899,0.6455696202531646,0.569620253164557,0.006329113924050633,0.03164556962025317,0.6906584992343032,2021,15.926829268292684
https://doi.org/10.3390/cmd4010010,Scanning Kelvin Probe for Detection in Steel of Locations Enriched by Hydrogen and Prone to Cracking,2023,11,True,article,Corrosion and Materials Degradation,"Hydrogen, due to corrosion processes, can degrade high strength steels (HSS) through embrittlement and stress corrosion cracking mechanisms. Scanning Kelvin probe (SKP) mapping of surface potential was applied, to visualize the locations with an increased subsurface concentration of hydrogen in mild steel and martensitic HSS. This work can help to determine the reasons behind hydrogen localization in a steel microstructure, leading to embrittlement and hydrogen-assisted cracking. Cathodic charging was used to insert hydrogen, which decreased the steel potential. Hydrogen effusion in air passivates steel, increasing the potential of HSS and mild steel. The passivation of steels was monitored depending on different conditions of cathodic pre-charging and the amount of absorbed hydrogen. The SKP could determine the area of diffusible hydrogen and the area of cracks. In addition, low potential locations linked to the hydrogen trapped in the deformed HSS microstructure were also determined, which delayed the steel passivation. Mild steel showed a uniform potential distribution related to interstitial hydrogen, without potential extremes attributed to locally accumulated hydrogen. Thus, SKP sensing can detect locations containing increased concentrations of hydrogen and sensitive to steel cracking.",18.3,7.054644808743169,0.6939890710382514,0.546448087431694,0.03278688524590164,0.01092896174863388,0.9855491329479769,2023,11.161290322580646
https://doi.org/10.3390/cmd4030026,The Effect of Microstructure on Local Corrosion Product Formation during Initial SO2-Induced Atmospheric Corrosion of ZnAlMg Coating Studied by FTIR-ATR FPA Chemical Imaging,2023,11,True,article,Corrosion and Materials Degradation,"The initial atmospheric corrosion of ZM (ZnAlMg)-coated steel in humid air (85% RH) and humid argon (85% RH) containing 320 ppb SO2 was studied using in situ infrared reflection absorption spectroscopy (IRRAS), FTIR-ATR focal plane array (FPA) imaging and SEM-EDS. The corrosion products formed in humid air containing SO2 are mainly composed of magnesium sulphites and sulphates, with sulphite-containing corrosion products formed initially while the contribution from sulphates increased with exposure time. The results from FTIR-FPA imaging and SEM-EDS showed that the magnesium sulphite and sulphate are formed mainly on eutectic phases with a higher quantity of corrosion products formed on the binary eutectic (Zn-MgZn2) phases. This is due to presence of microgalvanic elements with the zinc-rich phases as the main sites for the cathodic oxygen reduction while the anodic reactions take place on the eutectic areas. Sulphate content is the highest on the binary eutectic phases, due to the microgalvanic effects and the production of oxidants by the cathodic reaction, which increases the oxidation of sulphite to sulphate.",33.8,6.579881656804734,0.6804733727810651,0.591715976331361,0.03550295857988166,0.011834319526627219,0.9855491329479769,2023,11.161290322580646
https://doi.org/10.3390/cmd5040031,"Corrosion Behavior of Ti and Ti6Al4V Alloy in Brackish Water, Seawater, and Seawater Bittern",2024,11,True,article,Corrosion and Materials Degradation,"Ti and Ti6Al4V alloy are extensively utilized in structural parts in engineering applications and the production of medical implants due to their excellent mechanical properties, lightweight, and high corrosion resistance. This study comprehensively evaluates their corrosion behavior in three challenging aquatic environments: brackish water, seawater, and seawater bittern. Utilizing open circuit potential (EOC) measurements with polarization techniques (linear and potentiodynamic) and electrochemical impedance spectroscopy (EIS) measurements, the research highlights distinct environmental influences on corrosion performance. Notably, Ti and Ti6Al4V alloy demonstrated exceptional stability with the highest polarization resistance and lowest corrosion current in brackish water, while seawater bittern presented the most demanding condition for Ti6Al4V. Additionally, the analysis of the electrode surfaces after polarization measurements using optical microscopy, optical profilometry, and SEM/EDS tests revealed minor damage, indicating the high corrosion resistance of these materials. This study advances the understanding of Ti and Ti6Al4V alloy performance in diverse environments and offers valuable insights for optimizing their use in harsh aquatic conditions, particularly for applications requiring durability and longevity.",27.833333333333332,7.934131736526946,0.718562874251497,0.6407185628742516,0.04790419161676647,0.011976047904191617,2.2,2024,5.0
https://doi.org/10.3390/cmd6010006,"The Influence of Nanocoatings on the Wear, Corrosion, and Erosion Properties of AISI 304 and AISI 316L Stainless Steels: A Critical Review Regarding Hydro Turbines",2025,11,True,article,Corrosion and Materials Degradation,"In the current study, the authors have listed the causes of common failures in hydro turbine blades. In the following, coatings, as one of the practical solutions that can be utilized in the hydropower industry, were selected for further investigation. In this regard, nanocoating technology is used to prevent the above-mentioned failures, as well as to extend the service lifetime of turbine blades, to increase the inspection time, i.e., the overhaul intervals, and to reduce repair costs. Therefore, firstly, the raw materials of runner blades in different types of turbines were checked. The collected data revealed that this equipment is usually made of stainless steel (i.e., 304 and 316L). Therefore, the main focus of the current research was a general investigation of the effects of different nanocoatings on the material properties, including the wear, corrosion, and erosion, of 304 and 316L steels. Finally, a coating process used in this industry that is suitable for overhaul rather than initial construction was investigated. The advantages of using nanocoatings compared to traditional coatings in this industry were enumerated. In addition, the effects of single-layer and multi-layer coatings with different compositions on the corrosion, wear, and erosion properties of each of these stainless steels were discussed. Eventually, considering the gaps in past research and summarizing the collected results, a future research direction was proposed, including different combinations of materials to create new nanocoatings (with different percentages of nano alumina and titanium carbide).",17.0,6.579831932773109,0.6302521008403361,0.5630252100840336,0.01680672268907563,0.02100840336134454,5.9763779527559056,2025,1.8405797101449275
https://doi.org/10.3390/cmd3030022,Oxygen Availability and Corrosion Propagation in RC Structures in the Marine Environment—Inferences from Field and Laboratory Studies,2022,9,True,article,Corrosion and Materials Degradation,"The splash and spray and tidal zones are generally assumed to be the most severe marine exposure environments with respect to steel reinforcement corrosion in concrete structures. However, it has been observed in several aged marine structures along the Southern African coastlines, that there is usually relatively insignificant reinforcement corrosion damage in the tidal zone, despite very high (above-threshold) chloride contents. To develop a full understanding of the severity of marine exposure conditions with regard to the actual deterioration, it is imperative that other factors that directly affect corrosion, such as oxygen availability at the steel surface (which is influenced by concrete quality, cover thickness and moisture condition), are carefully considered. The laboratory experimental work in the study presented in this paper comprised of different cover depths (10, 20 and 30 mm) and w/b ratios (0.5 and 0.8) and simulated marine tidal, splash and submerged environments. The results show that for any give exposure environment, the relative influence of each of the various factors considered should be considered in conjunction with the other factors; this finding can be generalized to include all relevant factors that can affect corrosion in a given exposure environment including ambient temperature. For example, a cover depth of 30 mm in the tidal zone with a simulated intertidal duration of 6 h effectively resulted in similar corrosion behavior to that in the submerged zone. The paper concludes that engineers should consider these factors when applying standard exposure classes in the design for durability of marine structures.",27.77777777777778,6.584,0.624,0.588,0.012,0.052,0.6963249516441006,2022,12.925
https://doi.org/10.3390/cmd4010009,"Microstructural, Corrosion, and Mechanical Characterization of Friction Stir Welded Al 6022-to-ZEK100 Mg Joints",2023,9,True,article,Corrosion and Materials Degradation,"Friction stir welded (FSW) aluminum–magnesium lightweight vehicle joints have gained significant interest due to their high strength-to-weight ratio. In this work, the corrosion resistance of this material is analyzed through electrochemical tests, which include open circuit potential (OCP) inspection and potentiodynamic polarization (PD) scanning. Weight loss measurements tested the corrosion rate of the FSW weld through cyclic corrosion testing (CCT) according to the standard SAEJ 2334. Mechanical properties were also investigated, including lap-shear strength, micro- and nano-hardness mapping, and true stress–strain curves as a function of local processing history. The electrochemical results indicate that the center weld zone’s corrosion property stays between the two base alloys. Indentation-based testing demonstrated that the weld zone behaves differently from base alloys. Lap shear strength surprisingly did not drop much even after eight weeks of cyclic corrosion tests, indicating that the joint did not allow any ingress of the electrolyte.",20.857142857142858,7.1506849315068495,0.7123287671232876,0.7602739726027398,0.04794520547945205,0.02054794520547945,0.8063583815028901,2023,11.161290322580646
https://doi.org/10.3390/cmd4030019,Investigation of the Effect Chloride Ions on Carbon Steel in Closed Environments at Different Temperatures,2023,9,True,article,Corrosion and Materials Degradation,"This paper investigated carbon steel corrosion in an enclosed environment, where one set of steel was immersed in 3.5 wt.% NaCl solution and another exposed to humid (condensation) conditions. The study employed electrochemical noise and electrochemical impedance spectroscopy techniques to monitor real time corrosion behaviour. The samples were evaluated with surface characterisation techniques including optical light microscope, scanning electron microscope with energy dispersive X-ray spectroscopy, and Raman spectroscopy. The results showed that carbon steel immersed in the liquid phase at a constant temperature exhibited the highest weight loss. However, the carbon steel exposed to water condensation (gas phase) at 80 °C manifested extensive localised corrosion. EN results agreed with the microscopy findings.",14.0,7.223214285714286,0.75,0.75,0.017857142857142856,0.017857142857142856,0.8063583815028901,2023,11.161290322580646
https://doi.org/10.3390/cmd5040023,Correlation Between the Anticorrosive Performance of Protective Coatings Under Neutral Salt Spray Testing and Outdoor Atmospheric and Immersion Exposure,2024,9,True,article,Corrosion and Materials Degradation,"Anticorrosive organic coatings are usually tested with accelerated weathering methods to assess their anticorrosive performance. The results of lab testing often do not correlate well with results from field testing, which resembles the conditions of actual use more closely. We tested the correlation of the neutral salt spray test (NSS, ISO 9227) and tests for mechanical properties and a 5-year field exposure in four different locations in the atmospheric zone, splash zone and immersion zone using 19 organic coatings for hydraulic steelwork. No correlation was found between the anticorrosive performance under outdoor exposure and the mechanical properties of a coating. The NSS test showed a positive correlation with the results in the field in 6 of 12 cases. For the fresh water testing location in Trier, the correlation proved to be very good. The biggest difference between lab and field testing was observed for zinc-primer-free coatings, which passed in the lab testing and failed in the outdoor testing. This study shows that the NSS test correlates with outdoor exposure only in some cases on a statistically significant level, but the results of NSS testing can be useful in approval testing for protective coating systems using predefined pass/fail criteria.",24.75,6.363636363636363,0.6262626262626263,0.5656565656565656,0.015151515151515152,0.025252525252525252,1.8,2024,5.0
https://doi.org/10.3390/cmd2040032,"A Comparison of Different Natural Groundwaters from Repository Sites—Corrosivity, Chemistry and Microbial Community",2021,8,True,article,Corrosion and Materials Degradation,"In Finland, the repositories for low and intermediate-level radioactive waste (LLW and ILW) will be situated at three different geographical locations in about 60 to 100 m deep granite bedrock where the waste and waste containers can be subjected to anoxic groundwater containing microbes. The composition of groundwater varies in terms of chemistry and microbial activity in different locations. In this study, groundwater from the three repository areas was analyzed in respect to chemistry and microbial community. Corrosion tendency of three steel grades, carbon steel AISI/SAE 1005 and stainless steels AISI 304 and 316L, was studied in these groundwater environments using electrochemical methods. As a reference, measurements were also performed in simulated groundwater without microbes. The measurements show that corrosivity of the water and thus the steels’ performance differs depending on water origin. In addition, the groundwater differed remarkably in their chemical composition as well as abundance and diversity of microbial community between the sites. Consequently, the local environment has to be considered when evaluating the long-term evolution of disposal concepts.",21.375,6.859649122807017,0.6140350877192983,0.6608187134502924,0.04093567251461988,0.03508771929824561,0.5022970903522205,2021,15.926829268292684
https://doi.org/10.3390/cmd5010002,Effect of Microstructure on Corrosion Behavior of Cold Sprayed Aluminum Alloy 5083,2024,8,True,article,Corrosion and Materials Degradation,"This paper investigates the effect of the microstructure on the corrosion behavior of cold sprayed (CS) AA5083 compared to its wrought counterpart. It has been shown that the microstructure of CS aluminum alloys, such as AA2024, AA6061, and AA7075, affects their corrosion behavior; however, investigations of the corrosion behavior of CS AA5083 with a direct comparison to wrought AA5083 have been limited. The microstructure and corrosion behavior of CS AA5083 were examined by scanning electron microscopy (SEM), transmission electron microscopy (TEM), energy dispersive X-ray spectroscopy (EDS), electron backscattered diffraction (EBSD), electrochemical and immersion tests, and ASTM G67. The CS process resulted in microstructural changes, such as the size and spatial distribution of intermetallic particles, grain size, and misorientation. The refined grain size and intermetallic particles along prior particle boundaries stimulated the initiation and propagation of localized corrosion. Electrochemical tests presented enhanced anodic kinetics with high pitting susceptibility, giving rise to extensive localized corrosion in CS AA5083. The ASTM G67 test demonstrated significantly higher mass loss for CS AA5083 compared to its wrought counterpart due to preferential attack within prior particle boundary regions in the CS microstructure. Possible mechanisms of intergranular corrosion (IGC) propagation at prior particle boundary regions have been discussed.",25.125,7.203980099502488,0.7114427860696517,0.582089552238806,0.03482587064676617,0.009950248756218905,1.6,2024,5.0
https://doi.org/10.3390/cmd5040024,Aromatic Metal Corrosion Inhibitors,2024,8,True,article,Corrosion and Materials Degradation,"Molecular inhibitors added to the corrosive medium attacking metallic materials are a well-established way of combating corrosion. The inhibitive action proceeds via adsorption of the inhibitor on the surface to be protected. Aromatic building blocks in the inhibitor play a major role in its protective action, and further details like substituents, heteroatoms, and molecular geometry contribute. An overview focused on aromatic inhibitors is provided, aiming at the identification of particularly promising inhibitors and their mode of action. Directions for further research and development are pointed out in the conclusion.",17.8,6.955056179775281,0.6629213483146067,0.7191011235955056,0.0449438202247191,0.011235955056179775,1.6,2024,5.0
https://doi.org/10.3390/cmd3010008,Evaluation of the Effect of Dual-Stage Aging and RRA on the Hardening and Corrosion Resistance of AW7075 Alloy,2022,7,True,article,Corrosion and Materials Degradation,"The corrosion resistance of the AW7075 alloy after RRA treatment was evaluated. The corrosion rate in the NSS test was assessed and the electrochemical parameters were determined. The results were compared with the results obtained for the alloy subjected to conventional aging (T6) and dual-stage aging (DA). In order to determine the state of alloy hardening, the tests were carried out simultaneously with the material hardness measurements and microscopic examinations. The hardness of the AW7075 alloy increased in the following order: DA &lt; T6 &lt; RRA. The tests revealed that the achieved increase in strengthening was correlated with the preservation of high resistance to general corrosion of the alloy after RRA treatment. After the corrosion tests, SEM microscopic observations were also carried out to determine the corrosion features. The corrosion rate can be arranged in the following order: RRA &lt; T6 ≈ DA. At the same time, the alloy after RRA was characterized by the lowest value of the corrosion potential and the open circuit. The corrosion potential value can be presented in increasing order: RRA &lt; T6 ≈ DA. The corrosion behavior of the aluminum alloy after dual-stage aging was similar to that of T6. However, it was accompanied by a decline in hardening.",17.083333333333332,6.195121951219512,0.6292682926829268,0.43902439024390244,0.03414634146341464,0.004878048780487805,0.5415860735009671,2022,12.925
https://doi.org/10.3390/cmd5020012,Unraveling the Corrosion of the Ti–6Al–4V Orthopedic Alloy in Phosphate-Buffered Saline (PBS) Solution: Influence of Frequency and Potential,2024,7,True,article,Corrosion and Materials Degradation,"This paper addresses the interplay between electrical fields in the human body and the corrosion behavior of Ti-6Al-4V alloy, a prevalent orthopedic material. The study investigates the impact of alternative electrical signals at different frequencies on the alloy’s electrochemical behavior in a simulated body environment. The human body always has natural sinusoidal potential due to, e.g., heart palpitations and brain/nervous system activities. Ignoring such natural activities may lead to underestimating the corrosion performance of the Ti-6Al-4V alloy in the body. By analyzing anodic and cathodic responses and the net faradaic current induced by alternating current potential, the research sheds light on the influence of electrical fields on corrosion rates. Understanding these dynamics could lead to improved implant materials, mitigating corrosion-related challenges and enhancing implant performance over the long term. Results of this work indicated that frequent oxidation and reduction at certain frequencies may induce corrosion and hinder biomimetic apatite formation, impacting osseointegration. Natural alternative currents in the body affect the corrosion performance of Ti-based implant alloys, highlighting the need for consideration in biomedical applications.",17.4,7.258620689655173,0.6724137931034483,0.632183908045977,0.034482758620689655,0.040229885057471264,1.4,2024,5.0
https://doi.org/10.3390/cmd4020013,The Role of Determinism in the Prediction of Corrosion Damage,2023,6,True,article,Corrosion and Materials Degradation,"This paper explores the roles of empiricism and determinism in science and concludes that the intellectual exercise that we call “science” is best described as the transition from empiricism (i.e., observation) to determinism, which is the philosophy that the future can be predicted from the past based on the natural laws that are condensations of all previous scientific knowledge. This transition (i.e., “science”) is accomplished by formulating theories to explain the observations and models that are based on those theories to predict new phenomena. Thus, models are the computational arms of theories, and all models must possess a theoretical basis, but not all theories need to predict. The structure of a deterministic model is reviewed, and it is emphasized that all models must contain an input, a model engine, and an output, together with a feedback loop that permits the continual updating of the model parameters and a means of assessing predictions against new observations. This latter feature facilitates the application of the “scientific method” of cyclical prediction/assessment that continues until the model can no longer account for new observations. At that point, the model (and possibly the theory, too) has been “falsified” and must be discarded and a new theory/model constructed. In this regard, it is important to stress that no amount of successful prediction can prove a theory/model to be “correct”, because theories and models are merely the figments of our imagination as developed through imperfect senses and imperfect intellect and, hence, are invariably wrong at some level of detail. Contrariwise, a single failure of a model to predict an observation invalidates (“falsifies”) the theory/model. The impediment to model building is complexity and its impact on model building is discussed. Thus, we employ instruments such as microscopes and telescopes to extend our senses to examining smaller and larger objects, respectively, just as we now employ computers to extend our intellects as reflected in our computational prowess. The process of model building is illustrated with reference to the deterministic Coupled Environment Fracture Model (CEFM) that has proven to be highly successful in predicting crack growth rate in metals and alloys in contact with high-temperature aqueous environments of the type that exist in water-cooled nuclear power reactor primary coolant circuits.",24.666666666666668,6.462162162162162,0.5918918918918918,0.5405405405405406,0.008108108108108109,0.01891891891891892,0.5375722543352601,2023,11.161290322580646
https://doi.org/10.3390/cmd4030022,Concrete Alkali–Aggregate-Reactivity-Induced Steel Reinforcement Corrosion,2023,6,True,article,Corrosion and Materials Degradation,"The alkali–aggregate reactivity (AAR) of concrete, long known for mass concrete, can also induce corrosion of steel in reinforced concrete structures. Several examples are given for which the origin of observed reinforcement corrosion and loss of concrete cover originally was attributed to chloride-induced or to carbonation-induced reinforcement corrosion. Critical reviews of these cases, using available information, suggest that, more likely, the observed crack patterns and concrete deterioration are the result of long-term AAR-induced concrete matrix expansion and loss of concrete strength and that these effects occurred prior to the eventual initiation of reinforcement corrosion. This proposition is supported by finite element and other stress analyses of various concrete–steel ensembles. They show that concrete expansion produces tensile stresses localised at and near exterior concrete surfaces or relative to the reinforcement. The locations of high-stress and -strain zones so produced correlate with field observations of long-term concrete cracking and delamination. The present interpretations highlight that AAR may be a significant contributor to initiation and subsequent long-term development of reinforcement corrosion in structurally reinforced concretes.",24.571428571428573,7.337209302325581,0.6511627906976745,0.6395348837209303,0.03488372093023256,0.03488372093023256,0.5375722543352601,2023,11.161290322580646
https://doi.org/10.3390/cmd5030015,Hydrogen Absorption and Self-Corrosion of Mg Anode: Influence of Aqueous Electrolyte Species,2024,6,True,article,Corrosion and Materials Degradation,"This review examines the impact of various aqueous electrolytes on hydrogen absorption and self-corrosion in magnesium (Mg) anodes. The discussion integrates both historical and recent studies to explore the mechanisms behind self-corrosion and anomalous hydrogen evolution (HE) under conditions of the Negative Difference Effect (NDE) and Positive Difference Effect (PDE). The focus is on the formation and oxidation of magnesium hydride in regions of active dissolution under NDE conditions. In the case of PDE, anodic dissolution occurs through the passive MgO-Mg(OH)₂ film, which shields the metal from aqueous electrolytes, thereby reducing hydrogen absorption and abnormal HE. The NDE conditions showed delayed reduction activity at the surface, attributed to a hydride phase within the corrosion product layer. Hydride ions were quantified through their anodic oxidation in an alkaline electrolyte, measured by the electric charge passed. The review also considers the role of de-passivating halide ions, electrolyte acidity buffering, and the addition of ligands that form stable complexes with Mg2⁺ ions, on the rates of hydride formation, self-corrosion, and anodic dissolution of Mg. The study evaluates species that either inhibit or promote hydrogen absorption and self-corrosion.",23.0,6.896739130434782,0.6521739130434783,0.625,0.059782608695652176,0.010869565217391304,1.2,2024,5.0
https://doi.org/10.3390/cmd2020017,Development of an Optimized NDT Methodology for the Investigation of Ancient Greek Copper-Based Artifacts,2021,5,True,article,Corrosion and Materials Degradation,"A multi-analytical non-destructive testing (NDT) methodology was applied to copper-based artifacts originated from various archaeological sites of Greece. X-ray fluorescence (XRF), fiber optics diffuse reflectance spectroscopy (FORS) and scanning electron microscopy coupled with an energy dispersive X-ray detector (ESEM-EDX) were used for the characterization of the alloys and the corrosion products. The key elements of the artifacts belonging to the Early Bronze Age (2700–2300 BC) were copper and arsenic, while tin bronze was used for the fabrication of the Late Bronze Age (1600–1100 BC) artifacts. The effectiveness of XRF for the determination of the bulk composition was confirmed by comparative study with the previously applied atomic absorption spectroscopy (AAS) and inductively coupled plasma–atomic emission spectrometry (ICP-AES) destructive techniques. Significant differences between the artifacts were revealed through the spectral measurement of their surface corrosion products color by FORS. ESEM-EDX provided information on the microstructure, the elemental composition of the corrosion layers and bulk, as well as the distribution of the corrosion products on the surface. Conclusively, the combined NDT methodology could be regarded as a valuable and appropriate tool for the elemental composition of the bulk alloy, thus leading to the classification of their historical period and the corrosion products, contributing significantly to their conservation–restoration.",29.142857142857142,7.220588235294118,0.6470588235294118,0.6127450980392157,0.024509803921568627,0.014705882352941176,0.3139356814701378,2021,15.926829268292684
https://doi.org/10.3390/cmd4010007,Development of an In Situ Micro-Corrosion Cell for the Investigation of Pitting Corrosion on Austenitic and Ferritic Stainless Steels,2023,5,True,article,Corrosion and Materials Degradation,"In order to investigate the electrochemical pitting corrosion in more detail, a micro-corrosion cell was developed, allowing real-time in situ optical observations of steel surfaces in direct correlation with electrochemical measurement results. In this study, the austenitic 1.4301–X5CrNi18-10 and the ferritic 1.4016–X6Cr17 stainless steel grades were examined in electrolytes containing chloride ions. The micro-corrosion cell revealed a stable pitting corrosion of the ferritic 1.4016 and metastable pitting corrosion of the austenitic 1.4301. The pits were characterized by means of scanning electron microscopy (SEM) and atomic force microscopy (AFM) in detail. A clear correlation between current peaks in the current density-potential curve and the growth of many small pits on the test surface was established and was identified as metastable pit growth. In general, the pitting corrosion potential increased as the diameter of the test surface decreased for both stainless steels. In contrast to the complex precipitates of 1.4301, chromium precipitates with a significantly higher amount was detected on the entire surface of the 1.4016. The corrosion initiation was identified at the interface between the precipitates and the base material for both stainless steels. By comparing both materials, the ferritic 1.4016 had a lower pitting corrosion potential than the austenitic 1.4301 under all test conditions.",12.0,6.833333333333333,0.6323529411764706,0.5294117647058824,0.04411764705882353,0.0196078431372549,0.44797687861271673,2023,11.161290322580646
https://doi.org/10.3390/cmd5020009,In-Situ AFM Studies of Surfactant Adsorption on Stainless Steel Surfaces during Electrochemical Polarization,2024,5,True,article,Corrosion and Materials Degradation,"Corrosion inhibitors are one of the best practices to prevent the far-reaching negative impacts of corrosion on ferrous alloys. A thorough understanding of their corrosion-inhibiting effects is essential for a sustainable economy and environment. Anionic surfactants are known to act efficiently as corrosion inhibitors. Here, we present that in-situ atomic force microscopy (AFM) measurements can provide deep insights into the adsorption and inhibition mechanism of surfactants on stainless steel surfaces during local corrosion. These include the configuration of surfactant molecules on the surface and how the microstructure of the stainless steel surface influences the inhibition process. Three different anionic surfactants, namely palm kernel oil (PKO), linear alkylbenzene sulfonate (LAS), and fatty alcohol ether sulfate (FAES), were investigated on a titanium-stabilized ferritic stainless steel (1.4510) in NaCl solution. For PKO, the results show random adsorption of bi- and multilayer whereas LAS and FAES adsorb only as local corrosion occurs. Thereby, LAS accumulates only locally and especially at the titanium precipitates of the 1.4510 and FAES forms a densely packed monolayer on the surface. This leads to better corrosion inhibiting properties for LAS and FAES compared to PKO.",16.90909090909091,6.870967741935484,0.6774193548387096,0.6666666666666666,0.03763440860215054,0.010752688172043012,1.0,2024,5.0
https://doi.org/10.3390/cmd5030019,Development of a Reliable Accelerated Corrosion Test for Painted Aluminum Alloys Used in the Aerospace Industry,2024,5,True,article,Corrosion and Materials Degradation,"New environmental regulations have led to major changes in aluminum corrosion protection by prohibiting, for example, Cr(VI). Thus, the assessment of the corrosion behavior of Cr-free systems under atmospheric conditions is a major topic of interest for the aerospace industry. One major difficulty in this task is the lack of robust and reliable accelerated corrosion test(s) in this field. The aim of the present study is to compare the results of various accelerated corrosion standards (ASTM B117, ISO 4623-2, VCS 1027,149) to results obtained after 5 years of exposure at a marine atmospheric site in Brest, France. Additional accelerated corrosion tests were designed by varying several parameters in the VCS 1027, 149, such as the salt concentration, the time of wetness, and the relative humidity. The different modes of failure obtained in accelerated corrosion tests on the painted samples were then compared to field exposures in a marine atmospheric site. The first results obtained showed that the developed tests are more representative of service conditions than standard tests.",24.0,6.386904761904762,0.6428571428571429,0.625,0.03571428571428571,0.005952380952380952,1.0,2024,5.0
https://doi.org/10.3390/cmd6020018,Infrastructure Lifecycle Corrosion Management Using AI Analytics and Digital Twins,2025,5,True,article,Corrosion and Materials Degradation,"Corrosion in infrastructure creates high-risk scenarios, and mitigation strategies are expensive, with significant annual costs globally. This paper advances the discourse of corrosion monitoring and tracking in infrastructure, emphasizing the importance of data analytics, AI, and Digital Twins (DT) for managing the infrastructure lifecycle while reducing risk and costs associated with corrosion. The non-parametric analysis of corrosion data is demonstrated to provide insights into spatial and temporal variations, helping in predictive modeling and decision-making. Strategic sampling and analysis of corrosion data help in making evidence-based maintenance decisions, reducing costs, and improving safety. AI analytics enhances the functionality of corrosion databases and Digital Twins, enabling predictive analytics and real-time simulations for better decision-making. Recommendations are provided for the implementation of AI in engineering applications, including data quantity and training resources, but offer significant potential for improved corrosion management.",22.833333333333332,7.7153284671532845,0.7153284671532847,0.635036496350365,0.029197080291970802,0.0072992700729927005,2.716535433070866,2025,1.8405797101449275
https://doi.org/10.3390/cmd6020020,Influence of H2S and CO2 Partial Pressures and Temperature on the Corrosion of Superduplex S32750 Stainless Steel,2025,5,True,article,Corrosion and Materials Degradation,"This study analyzes the effects of varying H2S and CO2 concentrations and temperature on the pH of geothermal fluids flowing through superduplex S32750 stainless-steel pipelines, classified as corrosion-resistant alloys (CRAs). Corrosive decay is evaluated by comparing OLI Studio software simulations with experimental data from the literature. The results indicate that an increase in the partial pressure of either gas lowers pH levels, with temperature exerting a more pronounced exponential effect on corrosion than gas partial pressure. When both gases are present, the dominant gas dictates the corrosion behavior. In cases where CO2 and H2S are in equal proportions, FeS2 forms as the primary corrosive product due to the higher potential corrosivity of H2S. The H2S/CO2 ratio influences the formation of passive films containing chromium oxides or hydroxides (Cr2O3, Cr(OH)3), iron oxides (Fe2O3, Fe3O4), or iron sulfides (FeS).",22.833333333333332,6.7226277372262775,0.6861313868613139,0.7445255474452555,0.029197080291970802,0.0072992700729927005,2.716535433070866,2025,1.8405797101449275
https://doi.org/10.3390/cmd5040022,Degradation of Concrete Cement Stone Under the Influence of Aspergillus niger Fungi,2024,4,True,article,Corrosion and Materials Degradation,"The concepts of physical and chemical transformations occurring in cement concrete under conditions of microbiological deterioration can be used to control the processes of the destruction of cement concretes in order to ensure the required durability and to predict the service life of products. The study of changes in the structural and phase composition of cement stone made of Portland cement grade CEM I 42.5N in the process of fungal deterioration for 6 months when moistened, as well as a sample of a concrete wall exposed to fungal microorganisms for 20 years, was carried out. Diffractograms of the studied cement stone samples contain a large number of pronounced narrow peaks and indicate a highly crystalline structure of phases with the presence of an X-ray amorphous phase of calcium hydrosilicates and tobermorite gel in the cement stone. Changes in the structure of cement stone under the influence of fungi are confirmed by the data of a derivatographic analysis. A decrease in the content of calcium hydrosilicates and ettringite, as well as other crystalline phases in cement stone, leads to a decrease in compressive strength by about 15% over 6 months of fungal degradation. Similar changes after 20 years of exposure to microorganisms suggest deterioration in the strength characteristics of concrete.",29.857142857142858,6.2727272727272725,0.5885167464114832,0.5311004784688995,0.009569377990430622,0.019138755980861243,0.8,2024,5.0
https://doi.org/10.3390/cmd5040026,Application of Resistometric Sensors for Real-Time Corrosion Monitoring of Coated Materials,2024,4,True,article,Corrosion and Materials Degradation,"Highly sensitive resistometric sensors were applied for the real-time corrosion monitoring of carbon steel protected with a polyolefin coating with and without an inhibitor under static and dynamic atmospheric and immersion conditions. The results were compared with conventional electrochemical impedance spectroscopy (EIS) data. An increase in the coating thickness from 20 µm to 50 µm and an addition of 1wt.% tannic acid significantly improved the coating corrosion stability. Based on the real-time corrosion data, the drying stage of atmospheric exposure in a chloride-rich environment was found to be the most critical. The highest corrosion rate was detected at 50% relative humidity when the electrolyte corrosiveness in coating defects reached the maximum. Resistometric sensors have the potential to become an interesting alternative for evaluating coating performance and degradation mechanisms in both laboratory and industrial applications.",19.142857142857142,7.022388059701493,0.6716417910447762,0.6791044776119403,0.07462686567164178,0.022388059701492536,0.8,2024,5.0
https://doi.org/10.3390/cmd6020014,Validation of Water Radiolysis Models Against Experimental Data in Support of the Prediction of the Radiation-Induced Corrosion of Copper-Coated Used Fuel Containers,2025,4,True,article,Corrosion and Materials Degradation,"Copper has been proposed as a container material for the disposal of used nuclear fuel in a number of countries worldwide. The container materials will be subject to various corrosion processes in a deep geological repository, including radiation-induced corrosion (RIC) resulting from the γ-irradiation of the near-field environment. A comprehensive model is being developed to predict the extent of RIC by coupling a radiolysis model to the interfacial electrochemical reactions on the container surface. An important component of the overall model is a radiolysis model to predict the time-dependent concentration of oxidizing and reducing radiolysis products. As a first step in the model development, various radiolysis models have been validated against experimental measurements of the concentrations of dissolved and gaseous radiolysis products. Experimental data are available for pure H2O- and Cl−-containing solutions, with and without a gas headspace. The results from these experiments have been compared with predictions from corresponding radiolysis models, including the effects of the partitioning of gaseous species (O2 and H2) at the gas–solution interface. Different reaction schemes for the Cl− radiolysis models are also compared. The validated radiolysis model will then be coupled with interfacial reactions on the copper surface and additional processes related to the presence of bentonite clay in Steps 2 and 3 of the overall model, respectively.",23.77777777777778,6.789719626168225,0.616822429906542,0.5654205607476636,0.014018691588785047,0.018691588785046728,2.173228346456693,2025,1.8405797101449275
https://doi.org/10.3390/cmd6030037,Review of Corrosion Evaluation Methods for Steel Reinforcement in Concrete,2025,4,True,article,Corrosion and Materials Degradation,"Corrosion of steel reinforcement is one of the primary causes of deterioration in reinforced concrete structures, significantly impacting their durability and structural performance. This review comprehensively examines various techniques used to evaluate rebar corrosion, categorizing them into electrochemical, physical, and advanced non-destructive methods. Each method is discussed with respect to its operational principles, advantages, limitations, and field applicability. This comparative overview aims to support the selection of suitable evaluation strategies tailored to diverse structural conditions.",18.75,8.0,0.7066666666666667,0.84,0.02666666666666667,0.013333333333333334,2.173228346456693,2025,1.8405797101449275
https://doi.org/10.3390/cmd3030019,Limitations in Modelling Reinforced Concrete Durability,2022,3,True,article,Corrosion and Materials Degradation,"The design processes for reinforced concrete are changing. More often, durability targets are being achieved by using modelling. This paper compares some of the models available and the precision undertaken to obtain the data that underpins the calculations, and it reflects on the change in the environment that is known to be occurring. In addition, a review of the sustainability implications of durability is considered. It is concluded that there may be more sustainable methods to achieve a long life than simply increasing cement contents and covers.",17.4,6.310344827586207,0.5517241379310345,0.7241379310344828,0.022988505747126436,0.05747126436781609,0.23210831721470018,2022,12.925
https://doi.org/10.3390/cmd5030017,Cathodic Protection of Carbon Steel in Soil: A Study of Induced Passivation,2024,3,True,article,Corrosion and Materials Degradation,"Two-month experiments were carried out with carbon steel electrodes buried in an artificial sand wetted at 50–55% of saturation with a 0.07 mol L−1 Na2SO4·10H2O solution. Various protection potentials (corrected from the ohmic drop) were applied from −0.60 to −1.13 V/Cu-CuSO4. In each case, the behavior of the electrode protected by cathodic polarization was compared with that of an unprotected electrode. The electrochemical study was performed using voltammetry, linear polarization resistance measurements, and EIS. Surface characterization of the coupons was carried out using optical microscopy and X-ray diffraction. First, cathodic protection was observed to induce a spreading of the electrolyte on the metal surface because of electrocapillary effects. The active area, or more precisely the wet area, of the electrode increased, leading to a decrease in soil electrolyte resistance Rs measured using EIS. This phenomenon was experimentally confirmed via visual observations of the surface of the coupons at the end of the experiments. Secondly, cathodic protection induced a passivation of the steel surface. The passive state persisted for 35 to 85 h after cathodic protection was stopped and could be studied during various periods of interruption of the protection. In each case, the OCP of the previously polarized coupons reached high values, actually 200–250 mV higher than those measured for the unprotected coupons, and was associated with high polarization resistance Rp values (~40 kΩ cm2). Depassivation of the metal finally occurred, a phenomenon revealed by simultaneous important drops of both OCP and Rp.",16.2,6.584362139917696,0.654320987654321,0.6049382716049383,0.037037037037037035,0.012345679012345678,0.6,2024,5.0
https://doi.org/10.3390/cmd6010009,Bioactive and Protective Calcium Orthophosphate (CaPO4) Deposits on Magnesium and Its Alloys,2025,3,True,article,Corrosion and Materials Degradation,"Research on bone regeneration has always been an intense and challenging field of tissue engineering. Biodegradable metals represent a novel class of biomaterials combining superior mechanical qualities with a capacity to promote bone growth. Among them, magnesium (Mg) and its alloys have been proposed as innovative biomaterials for bone grafting therapy due to their non-toxic nature and comparable mechanical properties to bones. In addition, they are lightweight, biocompatible and biodegradable. They offer several advantages over other implant metals, including reduced stress-shielding effects and unnecessity for a second surgery to remove them. Unfortunately, their clinical application is limited due to the rapid degradation rates in rather aggressive physiological conditions. Therefore, the development of Mg-based implants possessing a controlled degradation in accordance with the kinetics of bone healing is necessary. On the other hand, protective yet biocompatible and biodegradable surface coatings have emerged as a useful strategy to fulfill the diverse clinical requirements, including effective corrosion resistance. Calcium orthophosphates (abbreviated as CaPO4) are excellent candidates for producing such coatings as they are well tolerated by living organisms. However, due to its high chemical reactivity and a low melting point, Mg-based grafts require specific parameters for successful CaPO4 deposition. This paper reviews currently available preparation methods of CaPO4 deposits on Mg and its alloys, aiming to build up a comprehensive knowledge framework of deposition techniques, processing parameters, performance measures in terms of corrosion resistance, adhesion strength and biocompatibility. The literature analysis shows that CaPO4 protective coatings increase the ability of magnesium-based metallic biomaterials to withstand corrosion and improve the biocompatibility of their surfaces in all cases.",21.916666666666668,7.273764258555133,0.6768060836501901,0.6539923954372624,0.022813688212927757,0.015209125475285171,1.6299212598425197,2025,1.8405797101449275
https://doi.org/10.3390/cmd6020015,Corrosion Behavior of Fe-Ni Electrodeposited Coatings in Weak Ammonium Hydroxide Solution,2025,3,True,article,Corrosion and Materials Degradation,"Iron and iron-nickel alloy electrodeposits synthesized from sulfate-based electroplating baths were applied to a mild carbon steel substrate. Coated specimens were immersed in an oxygen-saturated, weak ammonium hydroxide solution (pH 9.5–10.0), and their corrosion performance was evaluated using electrochemical techniques. Galvanic and general corrosion behaviors were analyzed to assess the sacrificial protection provided by Fe and Fe-Ni coatings relative to uncoated steel. The influence of anode-to-cathode (A/C) surface area ratios (1:1, 10:1, and 100:1) on the occurrence of plating-induced surface cracks was also examined. Surface morphology and elemental composition of the deposits were characterized. Results of the study indicated that increasing the Ni2+/Fe2+ molar ratio of the electroplating bath from 0 to 0.167 led to (1) reduced surface porosity and cracking, (2) decreased galvanic corrosion rates between the electrodeposit and substrate, and (3) a progressive increase in the temperature dependence of the general corrosion rate between 20 °C and 60 °C. The development of Fe and Fe-Ni alloy electrodeposits as protective coatings is of particular interest in water-tube power boiler applications, where production of corrosion products must be controlled. Further research is needed to develop coatings that perform predictably under elevated pressures and temperatures typical of operating boiler environments.",18.09090909090909,7.075376884422111,0.7085427135678392,0.7035175879396985,0.06532663316582915,0.010050251256281407,1.6299212598425197,2025,1.8405797101449275
https://doi.org/10.3390/cmd6020026,AC-Induced Corrosion of Cathodically Protected Pipelines: Experimental Study and Probabilistic Modeling,2025,3,True,article,Corrosion and Materials Degradation,"This study investigated the effects of alternating current (AC) interference on pipeline steel under cathodic protection (CP). In a simulated solution, real-time electrochemical measurements and corrosion rate analysis were conducted on two steel types (C1018 and X60) under various levels of AC interference with CP. Due to the complexity of AC-induced corrosion, relying on the shift in DC potential alone cannot accurately demonstrate the corrosion behavior in the presence of AC interference. In fact, such an approach may mislead the predictions of corrosion performance. It is observed that AC interference reduced the effectiveness of CP and increased the corrosion rate of the steel, both in weight loss and Tafel Extrapolation (Tafel) measurements. The study concluded that conventional CP standards used in the field were inadequate in the presence of high AC-level interference. Furthermore, this study found that a more negative CP current density (−0.75 A/m2) could reduce the effect of AC interference by 46–93%. This is particularly shown in the case of low-level AC interference, where the reduction can reach up to 93%. Utilizing the experimental data obtained by the two measurement methods, probabilistic models to predict the corrosion rate were developed with consideration of the uncertainty in the measurements. The sensitivity analysis showed how AC interference impacts the corrosion rate for a given CP level.",19.636363636363637,6.532407407407407,0.6296296296296297,0.5740740740740741,0.027777777777777776,0.027777777777777776,1.6299212598425197,2025,1.8405797101449275
https://doi.org/10.3390/cmd6040046,Long-Term Marine Corrosion Under the Influence of Microbiologically Influenced Corrosion and Calcareous Conditions,2025,3,True,article,Corrosion and Materials Degradation,"Calcareous deposits on and within corrosion products tend to inhibit the (abiotic) corrosion of steels in seawater. Herein, it was considered whether this inhibition effect extends to microbiologically influenced corrosion (MIC) for extended (long-term) exposure periods. Quantitative estimates of corrosion rates were made from reported observations for 46 iron and steel shipwrecks, and other iron and steel objects immersed in seawater at various depths and for extended periods (many around 60 years and some up to 160 years). The observations are correlated with observations of the occurrence of calcareous deposits and information about dissolved inorganic nitrogen (DIN), a critical micronutrient for MIC. The results show that calcareous deposits can inhibit both long-term abiotic corrosion and long-term corrosion influenced by conditions suitable for MIC. The practical implications are briefly reviewed.",21.5,7.007751937984496,0.6511627906976745,0.689922480620155,0.03875968992248062,0.07751937984496124,1.6299212598425197,2025,1.8405797101449275
https://doi.org/10.3390/cmd6040051,Patina Formation and Aesthetic Durability of Architectural Copper and Copper Alloys in the Marine–Desert Environment of Dubai,2025,3,True,article,Corrosion and Materials Degradation,"The use of copper and its alloys in architecture, especially in arid regions, is growing, driven by visual appeal, functional advantages, and sustainability. Changes in visual and colorimetric appearances and patina formation were evaluated for architectural Cu metal, brass (CuZn15), bronze (CuSn4), and a golden alloy (CuZn5Al5). Coupons were exposed over 4 years in Dubai, United Arab Emirates, at a test site located 2 km from the seashore under unsheltered conditions, and at various surface inclinations. Comparative exposures were conducted in Brest, France, at sites of increasing distance from the seashore. Visual appearance was assessed by colorimetry and optical imaging; patina cross-sections were characterized by means of scanning electron microscopy and elemental analysis (SEM/EDS), and crystalline phase identification was conducted by means of x-ray diffraction (XRD). All Dubai surfaces developed red-yellowish, heterogeneous patinas with embedded sand and dust, reducing lightness and visual appeal. Inclination had minor effect, although some extent of spallation occurred on downward-facing CuSn4. Even the corrosion-resistant CuZn5Al5 alloy lost its golden hue due to the incorporation of sand and dust into the patina. In Brest, appearance depended on the distance from the seashore, with green-blue patinas near the sea and red-yellowish farther inland, similar to Dubai. Cleaning may restore some luster, but the desert exposure generally reduced the long-term aesthetic performance of all materials.",21.7,6.857142857142857,0.6820276497695853,0.7004608294930875,0.027649769585253458,0.02304147465437788,1.6299212598425197,2025,1.8405797101449275
https://doi.org/10.3390/cmd6040056,Synchrotron X-Ray Techniques for In Situ or Microscopic Study of Passive Films on Industrial Alloys: A Mini Review,2025,3,True,article,Corrosion and Materials Degradation,"The spontaneous formation and stability of a protective passive film on a metal surface are crucial for the metal material’s corrosion resistance during its service life. Passive films have been extensively studied, and our understanding of passive films has been significantly improved with the development of advanced analytical techniques. Modern synchrotron X-ray sources offer unprecedented possibilities for detailed analyses of passive films and for in situ and operando studies of passive films in both gaseous/aqueous environments, as well as in electrochemical environments. This mini review presents a short summary of recent studies on passive films, mainly focusing on stainless steels and nickel-base alloys, which utilize state-of-the-art synchrotron X-ray techniques, particularly X-ray photoelectron spectroscopy (XPS), often in combination with other synchrotron techniques such as X-ray adsorption, diffraction, reflectivity, and fluorescence. These reports demonstrate that synchrotron-based techniques greatly improve probing sensitivity and spatial resolution, enabling in situ and operando studies of passive films at solid–liquid interfaces. These studies reveal changes in the passive film and underlying alloy layer, highlighting the important role of hydroxides, as well as the inhomogeneity in passive films associated with the complex microstructures in advanced industrial alloys.",31.5,7.317460317460317,0.671957671957672,0.6190476190476191,0.026455026455026454,0.021164021164021163,1.6299212598425197,2025,1.8405797101449275
https://doi.org/10.3390/cmd5040025,Effect of Heat Treatment on Microstructure and Aqueous Corrosion Properties of AlCoCrNiFe High Entropy Alloy,2024,2,True,article,Corrosion and Materials Degradation,"This study examines the effects of heat treatment on corrosion behavior of equiatomic AlCoCrNiFe high-entropy alloy within a solution treatment temperature range of 800–1100 °C. Experimental observations on phase formation were compared with thermodynamic predictions. The microstructure, mechanical properties, and aqueous corrosion behavior of the as-deposited alloy were analyzed and contrasted with heat-treated samples. The results showed a decline in the corrosion resistance of the AlCoCrNiFe after heat treatment, which was attributed to chemical segregation and Cr depletion in the microstructure matrix. Additionally, post-corrosion analysis revealed a reduced volume fraction of protective oxides in the heat-treated samples.",19.4,7.443298969072165,0.6701030927835051,0.6907216494845361,0.05154639175257732,0.0,0.4,2024,5.0
https://doi.org/10.3390/cmd6010004,Comparison of the Passive Behavior of NiTi and CoNiCrMo in Simulated Physiological Solutions,2025,2,True,article,Corrosion and Materials Degradation,"Biomedical alloys in general, except for the biodegradable type, exhibit passive behavior in neutral chloride solutions. Two commonly used biomedical alloys are nitinol (NiTi) and Co-35Ni-20Cr-10Mo (CoNiCrMo). In this work, the passive behavior of electropolished NiTi and CoNiCrMo in a simulated physiological solution (phosphate-buffered saline) was compared using data largely obtained from our previous studies involving potentiodynamic polarization and electrochemical impedance spectroscopy (EIS). The potentiodynamic results showed a marked difference in passive behavior between the alloys, with NiTi remaining completely passive up to the oxidation of water and CoNiCrMo, in contrast, undergoing solid-state oxidation and then transpassive dissolution. Both alloys exhibited Tafel-type behavior over the initial part of the passive range. A small but distinct difference in the apparent Tafel slopes was found between the two alloys and can be attributed to the difference in their predominant oxide; that is, TiO2 versus Cr2O3. The EIS results also showed marked differences between the alloys in terms of the oxide thickness and resistivity. The thickness was greater for NiTi—consistent with surface analytical results—and differed in potential dependence between the two alloys in the passive region. The oxide resistivity, conversely, was substantially lower for NiTi and showed a similar potential dependence for the two alloys.",22.444444444444443,7.024752475247524,0.6386138613861386,0.594059405940594,0.0297029702970297,0.0297029702970297,1.0866141732283465,2025,1.8405797101449275
https://doi.org/10.3390/cmd6020021,Selection of a Critical Chloride Level for Full Probabilistic Modelling,2025,2,True,article,Corrosion and Materials Degradation,"In 2022, a working party (fib TG 8.9.3) was formed to try and better develop critical chloride (Ccrit) distributions for use in modelling new structures and assessing existing structures. The authors of this paper are leading TG 8.9.3. and are in the process of writing a Bulletin (the Bulletin) that will detail how Ccrit values have been developed since the 1970s. The Bulletin notes that chloride-induced corrosion initiation modelling based on Ccrit is not intended as a sole durability assessment tool for structures exposed to chloride. It is recognized that voids and moisture at the bar can control corrosion activation virtually independent of chloride content, but in most cases sufficient voids and moisture are present so that the arrival of adequate chloride triggers corrosion activation of the reinforcement. So, durability verification by modelling restriction of chloride penetration, so that the concentration at the bar is less than that commonly found to cause corrosion, seems appropriate. This empirical approach was first fully detailed in fib Bulletin 34 A key part in the empirical model is the ‘adequate chloride to trigger corrosion activation’ Ccrit. Although Ccrit has a wide distribution and has different distributions in different environments and concrete compositions, its use in modelling provides greater design flexibility and improved confidence compared to the Deemed-to-Satisfy (DtS) rules included in most codes. Because of the limitations in DtS provisions, modelling provides more effective designs by incorporating specific criteria for a broad range of exposures, materials, and construction methods. This paper proposes that a lower bound for Ccrit distributions for a range of materials and exposures can be developed from published papers. This paper includes Ccrit distributions for steel fibres, carbon steel (above and below water), high tensile steel, galvanized steel, and stainless steels. These are expected to be recommended in the Bulletin.",18.6875,6.5719063545150505,0.6421404682274248,0.5819397993311036,0.013377926421404682,0.026755852842809364,1.0866141732283465,2025,1.8405797101449275
https://doi.org/10.3390/cmd6030029,Exploring the Structural Effects of Benzaldehyde Derivatives as Corrosion Inhibitors on Mild Steel in Acidic Medium Using Computational and Experimental Approaches,2025,2,True,article,Corrosion and Materials Degradation,"In a recent investigation the corrosion-fighting potential of five benzaldehyde derivatives were explored: 4-Formylbenzonitrile (BA1), 4-Nitrobenzaldehyde (BA2), 2-Hydroxy-5-methoxy-3-nitrobenzaldehyde (BA3), 3,5-Bis(trifluoromethyl)benzaldehyde (BA4), and 4-Fluorobenzaldehyde (BA5). Benzaldehyde derivative (BA-2) showed a maximum inhibition efficiency of 93.3% at 500 ppm. Several techniques were used to evaluate these compounds’ ability to protect mild steel from corrosion in a 1 M HCl solution, including potentiodynamic polarization (PDP), electrochemical impedance spectroscopy (EIS), adsorption isotherms, and computational methods. Supporting techniques Fourier transform infrared spectroscopy (FTIR) and ultraviolet–visible (UV-Vis) spectroscopy were also employed to validate the results. Despite sharing a common benzene ring, the molecules differ in their substituents, allowing for a comprehensive examination of the substituents’ impact on corrosion inhibition. PDP analysis disclosed that the inhibitors exhibited mixed-type inhibition behavior, interacting with anodic as well as cathodic reactions, influencing the corrosion process. EIS analysis revealed that benzaldehyde derivatives formed a protective passive film on the metal, exhibiting high corrosion resistance by shielding the alloy from corrosive attacks. The benzaldehyde inhibitors followed the Langmuir adsorption isotherm, with high R² values near one, indicating a monolayer adsorption mechanism. DFT results indicate that BA 2 is the most effective inhibitor. FTIR and UV-vis spectroscopy revealed the molecular interactions between metal and benzaldehyde derivative molecules, providing insight into the binding mechanism. Experimental results support the outcomes obtained from the molecular dynamic (MD) simulations.",18.5,7.936936936936937,0.7342342342342343,0.7387387387387387,0.02702702702702703,0.018018018018018018,1.0866141732283465,2025,1.8405797101449275
https://doi.org/10.3390/cmd6030039,Optimizing Anti-Corrosive Properties of Polyester Powder Coatings Through Montmorillonite-Based Nanoclay Additive and Film Thickness,2025,2,True,article,Corrosion and Materials Degradation,"This research investigates the impact of incorporating montmorillonite-based nanoclay additives on the anti-corrosive properties of a polyester/triglycidyl isocyanurate (polyester/TGIC) powder coating on phosphated steel. The self-repairing capability facilitated by the swelling and expansion of nanoclay was demonstrated to enhance the corrosion resistance of the coatings significantly. A statistical Mixture Design methodology was employed to establish the optimal combination of nanoclay dosage and coating film thickness. Nineteen experiments were conducted using Design of Experiments, and two regression models were developed using the measured polarization resistance (Rp) and specular gloss values as responses. The mathematical maximization of the Rp value predicted an optimal nanoclay dosage of 4.1% with a corresponding film thickness of 80 µm. Statistical and experimental verification validated the results obtained from the regression models. Notably, the optimized coating demonstrated an Rp value one order of magnitude higher than the coating with 4% nanoclay and a standard film thickness of 60 µm. The behavior of the newly developed coatings was analyzed and compared through measurements of open circuit potential, polarization resistance, and electrochemical impedance spectroscopy. The findings confirm the substantial improvement in the anti-corrosive and self-repairing properties of the polyester/TGIC powder coating with the incorporation of montmorillonite-based nanoclay additives.",19.9,7.492462311557789,0.6683417085427136,0.5678391959798995,0.02512562814070352,0.010050251256281407,1.0866141732283465,2025,1.8405797101449275
https://doi.org/10.3390/cmd6030044,Atmospheric Corrosion of Steel on the Australian Pacific Central Coast,2025,2,True,article,Corrosion and Materials Degradation,"Comprehensive data are presented for corrosion losses of mild steel exposed for up to 5 years, all obtained from exposing steel coupons at one specific severe marine exposure site on the Pacific Ocean coast. The test programme considered the effects of duration of exposure, inclination, orientation, height, shielding, and coupon variability, using multiple, nominally identical mild steel coupons, all under a single local climatic regime. Such a controlled, consistent, natural environment permits unique, valid comparison of the various influences, both for short-term and longer-term exposures, unlike previous tests of some parameters conducted in the short term at disparate sites. In contrast to coupons exposed only on one side, boldly exposed double-sided coupons corroded severely within 3 years. The effects on corrosion behaviour between individual coupons exposed at different heights and vertical continuous single strips of steel are described. Also reported are corrosion losses for continuous strips and for a series of coupons oriented in different directions. Observations of variability in corrosion losses for nominally identically exposed steel coupons are reported. The effect on corrosion losses with continued exposure to 5 years is reported and compared with information available in the literature.",23.875,6.806282722513089,0.6910994764397905,0.5916230366492147,0.010471204188481676,0.020942408376963352,1.0866141732283465,2025,1.8405797101449275
https://doi.org/10.3390/cmd6040050,Influence of Temperature on the Galvanic Corrosion Behavior Between Titanium Alloy and 304 Stainless Steel in a Simulated Marine Environment,2025,2,True,article,Corrosion and Materials Degradation,"In 3.5 wt% NaCl solution used to simulate seawater, the individual (self-corrosion) and coupled (galvanic) corrosion behaviors of TA22 titanium alloy and 304 stainless steel were systematically investigated at 25 °C, 35 °C, 45 °C and 55 °C. Post-corrosion surfaces were characterized by scanning electron microscopy (SEM), three-dimensional profilometry and X-ray photoelectron spectroscopy (XPS). The results demonstrated that elevating temperature decreased the compactness and protective quality of the passive film on both alloys, as indicated by increasing donor densities and positive shifts in flat-band potentials. Distinct pitting corrosion occurred on 304 SS above 45 °C. Upon galvanic coupling, the passive film on TA22 was modified in both structure and composition, exhibiting a decreased TiO2 content and increased lower valence oxides (Ti2O3, TiO). The galvanic effect intensified with temperature, leading to progressively aggravated corrosion of 304 SS, characterized by increased pit density, diameter, and depth compared to its self-corrosion state.",21.285714285714285,6.993288590604027,0.7315436241610739,0.7449664429530202,0.053691275167785234,0.020134228187919462,1.0866141732283465,2025,1.8405797101449275
https://doi.org/10.3390/cmd6040064,A Combined Experimental and Analytical Analysis of the Prediction of the Bonding Strength in Corroded Reinforced Concrete Through Half-Cell Potential Measurements,2025,2,True,article,Corrosion and Materials Degradation,"This study examines the relationship between bond strength degradation in corroded reinforced concrete and Half-Cell Potential (HCP) measurements through a combined experimental and numerical approach. Fifty-four concrete specimens reinforced with D19 and D22 rebars underwent impressed-current corrosion to induce specific levels of mass loss. The experimental results showed a progressive reduction in bond strength with increasing corrosion; at approximately 20% mass loss, D19 specimens exhibited up to ~45% reduction, while D22 specimens showed a reduction in ~30%. Correspondingly, HCP values became more negative as corrosion intensified, shifting from around −200 mV at 0% corrosion to values below −900 mV at higher corrosion levels. Although HCP effectively reflected corrosion severity, it did not correlate linearly with bond strength degradation. Numerical simulations performed using COMSOL Multiphysics reproduced the observed electrochemical trends, demonstrating increasingly negative potential distributions with higher corrosion current densities. The findings confirm that HCP is a reliable indicator of corrosion activity but has limited predictive capacity for bond strength loss. This work contributes quantitative insight into the electrochemical–mechanical relationship in corroded reinforced concrete and supports the development of improved assessment frameworks for early maintenance and structural integrity evaluation.",23.5,7.579787234042553,0.7287234042553191,0.6648936170212766,0.03723404255319149,0.02127659574468085,1.0866141732283465,2025,1.8405797101449275
https://doi.org/10.3390/cmd1020013,Finite Element Method for Thin Film Corrosion Modelling: Where We Advanced and Where We would like to Advance?,2020,20,True,article,Corrosion and Materials Degradation,"Thin film corrosion is a serious issue in almost every sector. Thus, simulation of corrosion under thin electrolyte films has always been of high interest as experimental studies are often challenging. Thus far, progress has been made to model the effect of several important factors on thin film corrosion rates. Some of these parameters are electrolyte thickness, electrolyte composition, chemical reactions in the electrolyte, electrode size and change in electrode size, environmental parameters, and corrosion products deposition. However, these parameters are mainly drawn from different studies and have not been modelled concurrently in a single simulation study, making the thin film corrosion model far from being complete yet. Therefore, despite the many efforts so far, thin film corrosion modelers still strive to push the modelling edges further. This paper takes into account some of the highlighted recent advances in thin film corrosion modelling based on the mentioned parameters to provide a perspective on not only how far the field has come, but also how far it still is from a complete thin film corrosion model. Discussions have also been made on future needs and prospects to advance the thin film corrosion models further.",24.125,6.357512953367876,0.6787564766839378,0.5492227979274611,0.03626943005181347,0.046632124352331605,0.428380187416332,2020,46.6875
https://doi.org/10.3390/cmd1020012,Electrochemical Behavior of Al–Al9Co2 Alloys in Sulfuric Acid,2020,19,True,article,Corrosion and Materials Degradation,"Al–Co alloys of various Co contents (2–20 wt.% Co) were fabricated by vacuum arc melting (VAM) with the scope to investigate the influence of cobalt on the microstructure and corrosion resistance of Al in 1 M H2SO4. The obtained microstructures were directional, consisting of Al9Co2 platelets (grown to coarse acicular plates as the Co content increased) uniformly dispersed in an Al-matrix. Alloying Al with Co did not decrease the rate of uniform corrosion of Al but it considerably increased its passivation ability. Moreover, all Al–Co alloys displayed lower uniform corrosion rate and notably higher passivation ability than market leading Al-alloys. The underlying mechanisms during anodic polarization in 1 M H2SO4 were identified and correlated with the microstructure. High Co content alloys (7–20 wt.% Co) presented superior passivation ability in 1 M H2SO4 as compared to the low Co content alloys.",17.5,6.4,0.7214285714285714,0.6071428571428571,0.04285714285714286,0.007142857142857143,0.4069611780455154,2020,46.6875
https://doi.org/10.3390/cmd2010006,Experience-Based Physico-Chemical Models for Long-Term Reinforcement Corrosion,2021,19,True,article,Corrosion and Materials Degradation,"The long-term corrosion progression of steel reinforcement is important for estimating the life of reinforced concrete infrastructure. Reviews of field experience and results from recent controlled long-term experiments show that the development of reinforcement corrosion is much more complex than the classical empirical Tuutti model. A new, comprehensive model is proposed, referencing observations and inferences from many field and laboratory observations and built on the bi-modal model for the corrosion of steel. It includes the critical roles of air-voids in the concrete at the concrete-steel interface and the effect of long-term alkali leaching as accelerated by the presence of chlorides. Both are affected by compaction and concrete permeability. The role of chlorides in the early stages is confined to pitting within air-voids. These are critical for allowing initiation to occur, while their size influences the severity of early corrosion. Empirical data show that for seawater with an average water temperature in the range of 10–20 °C, the corresponding rate of long-term corrosion ra is in the range of 0.012–0.015 mm/y.",17.0,6.58235294117647,0.6058823529411764,0.611764705882353,0.023529411764705882,0.011764705882352941,1.1929555895865236,2021,15.926829268292684
https://doi.org/10.3390/cmd2020009,Corrosion of Aluminium and Zinc in Concrete at Simulated Conditions of the Repository of Low Active Waste in Sweden,2021,14,True,article,Corrosion and Materials Degradation,"The corrosion performance of Aluminium (Al) and zinc (Zn) is of interest in repositories for radioactive waste as the production of hydrogen gas during their anoxic corrosion may create open pathways for the transport of radioactive ions. Al and Zn rods were embedded in concrete cylinders and immersed in artificial groundwater at anaerobic conditions for 2 weeks and up to 2 years in laboratory conditions. Corrosion rates were determined to enable predictions and estimations of risks for gas evolution and the assessment of the potential impact of corrosion on the structural integrity of concrete in the final repository of low and intermediate level metal-containing waste from dismantled nuclear power plants. Samples were collected after 2, 4, 12, 26, 52 and 104 weeks. The observed corrosion rates were higher for Al compared with Zn, as expected, but both materials revealed comparatively high initial corrosion rates that decreased with time, reaching steady state after 26–52 weeks. Some of the Al containing concrete cylinders were cracked as a result of the corrosion processes after 2 years of exposure, thereby providing free passage between the embedded metal and the surrounding environment. No such effects were observed for Zn. Comparative studies were performed on non-concrete-embedded Al and Zn immersed in artificial groundwater. Observed long-term corrosion rates (1–2 years) were similar to corresponding corrosion rates in concrete. The results indicate that immersion studies in artificial groundwater can be used to estimate the long-term corrosion performance of Zn and Al in concrete.",24.5,6.497959183673469,0.6571428571428571,0.5428571428571428,0.0163265306122449,0.024489795918367346,0.8790199081163859,2021,15.926829268292684
https://doi.org/10.3390/cmd2030019,The Effect of Loading Rate on the Environment-Assisted Cracking Behavior of AA7075-T651 in Aqueous NaCl Solution,2021,14,True,article,Corrosion and Materials Degradation,"The influence of loading rate on the environment-assisted cracking (EAC) behavior of AA7075-T651 immersed in 0.6 and 1.0 M NaCl solution was assessed at applied potentials ranging from −800 to −1200 mVSCE via a slow-rising stress intensity (K) testing methodology. Measured crack growth rates under rising K loading are compared to those obtained using a fixed K protocol, which revealed that rising K-based testing consistently yields increased crack growth rates relative to static K approaches across all tested conditions. However, relative to other alloy systems, EAC in AA7075-T651 is only modestly loading rate-dependent, as demonstrated by testing conducted at fixed dK/dt ranging from 0.25 to 2.0 MPa√m/h. The implications of the observed results are considered in the context of current EAC testing specifications, with specific focus on the conservatism and efficiency of rising K-based approaches.",16.875,6.5851851851851855,0.7111111111111111,0.725925925925926,0.02962962962962963,0.014814814814814815,0.8790199081163859,2021,15.926829268292684
https://doi.org/10.3390/cmd1030016,Probabilistic Corrosion Initiation Model for Coastal Concrete Structures,2020,14,True,article,Corrosion and Materials Degradation,"Corrosion of the reinforced concrete (RC) structures has been affecting the major infrastructures in U.S. and in other continents, causing the recent several bridge collapses and incidents. While the theoretical understanding is well-established, the reliable prediction of the corrosion process in the RC structural systems has hardly been successful due to the inherent uncertainties existed in the electrochemical corrosion process and the associated material and environmental conditions. The paper proposes a computational framework to develop evidence-based probabilistic corrosion initiation models for the reinforcing steels in the RC structures, which predicts the corrosion initiation time and quantifies the inherent variances considering various acting parameters. The framework includes: probabilistic modeling with Bayesian updating based on the sets of previously generated experimental data; Bayesian model/parameter selection considering various parameters, such as material properties and environmental conditions; corrosion reliability analyses to predict the probabilities of the corrosion initiation at given time t, structural configurations, and environmental conditions; and sensitivity analyses to measure and to rank the influences of each acting parameter and its uncertainty to the probabilities of the corrosion initiation. Total of 284 sets of experimental data exposed to the coastal atmospheric environments are used for the modeling. The goal of the Bayesian model selection presented in this paper is to obtain the most accurate and unbiased model using the simplest form of expression. The developed example corrosion model is currently limited to the initiation of diffusion-induced corrosion. The model can be updated, improved, or modified upon future available sets of data. The research contributes to the decision making to improve the corrosion reliability, corrosion control, and further the structural reliability of corroding structures.",24.636363636363637,7.2250922509225095,0.6420664206642066,0.5461254612546126,0.01845018450184502,0.02214022140221402,0.2998661311914324,2020,46.6875
https://doi.org/10.3390/cmd1010008,"Evaluation of 4-Year Atmospheric Corrosion of Carbon Steel, Aluminum, Copper and Zinc in a Coastal Military Airport in Greece",2020,13,True,article,Corrosion and Materials Degradation,"Atmospheric corrosion seriously affects the working life of construction metals. The quantitative knowledge of the corrosion effects helps the maintenance and the materials’ logistics. In this work, in a military airport located by the sea, the corrosion damage equations of carbon steel, aluminum, zinc and copper are determined after outdoor exposure for four years. Exposure started in 2014, at two different periods of the year, in summer and in winter, for all cases. Weight loss measurements were performed as well as characterization of the exposed metal coupon surfaces by microscopy: optical, electron and atomic force, by X-ray diffraction and Fourier Transform Infrared Spectroscopy. Atmospheric conditions and pollutants were also evaluated. The derived corrosion equations of all tested metals for the exposure have been employed for the 30-year projection of expected corrosion. A parallel 12-month exposure of steel and aluminum—the most common airport metals—have been evaluated for five consequent years to designate the rating of the airport, according to ISO and ASTM Standards. The results showed that there is not a good correlation between the predictions of the Corrosion Damage Algorithm and the Europe Corrosion Map and the actual measurements on steel and aluminum at the site.",21.77777777777778,6.535714285714286,0.6071428571428571,0.6173469387755102,0.015306122448979591,0.01020408163265306,0.2784471218206158,2020,46.6875
https://doi.org/10.3390/cmd3030030,Curious Corrosion Compounds Caused by Contact: A Review of Glass-Induced Metal Corrosion on Museum Exhibits (GIMME),2022,12,True,article,Corrosion and Materials Degradation,"Many heritage objects consist of glass in contact with metals. By ion exchange with absorbed water, alkaline aqueous films are formed on the glass surface. They contain sodium and/or potassium, hydroxide, and carbonate (uptake of carbon dioxide) ions. These electrolytes induce corrosion while in contact with metal. Surprisingly, this phenomenon has only been realised by research in Stuttgart in the last two decades. About 350 affected objects were detected in the meantime in a number of heritage collections. Because of the special electrolytes, unusual corrosion products are often formed. The unknown structure and formula of three of them could be determined by modern X-ray powder diffraction data evaluation. One example is the basic potassium lead carbonate, KOH‧2PbCO3, detected on a pewter lid of a glass jug. The sodium analogon of already known structure was found in hollow glass balls mirrored on the inside with molten lead. Chalconatronite, Na2[Cu(CO3)2]‧3H2O, is known as a corrosion product of copper alloys in contact with soda solutions (here: from glass degradation). Exposed to acetic acid emissions (e.g., from wood), it transforms to a sodium copper acetate carbonate of hitherto undetermined structure. The ubiquitous pollutant formaldehyde reacts directly to formate in the alkaline medium provided by glass degradation. On copper alloys in contact with glass, formates are, therefore, frequent: Na4Cu4O(HCOO)8(OH)2‧4H2O in 50% of all cases and in 33% Cu2(HCOO)(OH)3. Zinc (from brass) forms Zn(HCOO)2‧2H2O and Zn4Cu3(Zn1−xCux)6(HCOO)8 (OH)18·6H2O. There are a number of other corrosion products, e.g., containing zinc and carboxylates awaiting further characterisation. Preventive conservation needs to slow down corrosion by dry storage (not lower than 35% rH). Pollutants need to be avoided by careful selection of materials for storage, display, and conservation.",12.590909090909092,6.6859205776173285,0.6642599277978339,0.6425992779783394,0.018050541516245487,0.021660649819494584,0.9284332688588007,2022,12.925
https://doi.org/10.3390/cmd3040033,Hybrid Polyurethane/Polypyrrole Composite Coatings on Passivated 316L SS for Surface Protective Action against Corrosion in Saline Medium,2022,12,True,article,Corrosion and Materials Degradation,"Hybrid treatments consisting of surface modification and subsequent protective coatings have gained extensive attention among corrosion mitigation approaches for a wide variety of structural metallic materials. This study aims to review the enhancement of the corrosion protection performance of polyurethane (PU) coatings on 316L stainless steel (SS) specimens. This was achieved via a two-step strategic treatment, primarily by electrochemical passivation and subsequent deposition of PU composite coatings with the different feed ratio of synthesized polypyrrole (PPy) nanoparticles. The effect of different applied voltage on the surface features and the corrosion behavior of the passivated SS surfaces was systematically investigated using surface characterization techniques and a potentiodynamic polarization test in a NaCl solution. Surface morphological images revealed the porous structure on the passivated surface. It is inferred from the topographical surface results that homogeneous surface roughness was achieved with the applied voltage of 5 V. Infra-red spectroscopic results validate the formation of PU/PPy composite coatings and the intermolecular chemical interaction between the PU and PPy moieties. Furthermore, corrosion measurements corroborate the improved corrosion resistance of PU/30PPy coatings with higher values of charge transfer resistance, Rct (1.0869 × 107 Ω cm2), and film resistance, Rf (2.258 × 105 Ω cm2), with the lowest values of corrosion, icorr (4.7 × 10−3 µA cm−2) compared to that of the PU/Bare specimen. In conclusion, it is confirmed that the passivated surface enhances the corrosion resistance performance of PU coated SS, and this performance is further increased with the incorporation of PPy particles.",20.583333333333332,7.0242914979757085,0.7004048582995951,0.611336032388664,0.02834008097165992,0.0,0.9284332688588007,2022,12.925
https://doi.org/10.3390/cmd2030027,Preliminary Assessment of Cooling Water Chemistry for Fusion Power Plants,2021,11,True,article,Corrosion and Materials Degradation,"The determination of the water chemistry for cooling systems of nuclear fusion plants is under debate. It should be tailored for different types of fusion reactors: either experimental, e.g., ITER, JT-60SA, and DTT, or aimed at power generation, e.g., DEMO, given the different operation requirements. This paper presents the dual approach involving experiments and computer simulations chosen for the definition of DEMO water chemistry. Experimental work was performed to assess the corrosion susceptibility of reduced activation ferritic martensitic EUROFER 97 and AISI 316L in different water chemistry regimes. At the same time, the low corrosivity requirement brings an additional safety aspect for the radiation protection since some neutron-activated corrosion products (ACPs) create a gamma radiation when deposited outside the plasma chamber in components accessible to operators and these must be minimized. To evaluate the ACP inventory for DEMO, assessments were carried out using a reference computer code. Preliminary experimental activities to define the water chemistry of DTT under construction at ENEA were also conducted. The comparison of code results with experiments is two-fold important: for the validation of the computer code models and to determine data that are necessary to perform calculations.",16.0,6.765625,0.6614583333333334,0.6822916666666666,0.015625,0.020833333333333332,0.6906584992343032,2021,15.926829268292684
https://doi.org/10.3390/cmd4020012,Corrosion Resistance and Biological Properties of Pure Magnesium Modified by PEO in Alkaline Phosphate Solutions,2023,11,True,article,Corrosion and Materials Degradation,"Magnesium (Mg) has been explored during the last few decades in the biomedical industry as a biodegradable implant. However, mechanical properties and corrosion resistance are still big concerns for clinical use. Therefore, this study proposes a suitable surface modification of the Mg by plasma electrolytic oxidation (PEO) to improve its corrosion resistance and biological performance. Mg samples were processed in a galvanostatic mode using an electrolytic solution of a phosphate compound supplemented with either potassium pyrophosphate or sodium-potassium tartrate. The obtained coatings were physiochemically characterized by SEM, XRD, EDS, and micro-Raman spectroscopy. The corrosion resistance of the coatings was studied using a hydrogen evolution setup and electrochemical tests. Finally, the biological performance of the material was evaluated by using an indirect test with osteoblasts. Obtained coatings showed a porous morphology with thicknesses ranging from 2 to 3 µm, which was closely dependent on the PEO solution. The corrosion resistance tests improved the degradation rate compared to the raw material. Additionally, an unreported active–passive corrosion behavior was evidence of a protective layer of corrosion products underneath the anodic coating. Indirect in vitro cytotoxicity assays indicated that the coatings improved the biocompatibility of the material. In conclusion, it was found that the produced coatings from this study not only lead to material protection but also improve the biological performance of the material and ensure cell survival, indicating that this could be a potential material used for bone implants.",19.666666666666668,6.927966101694915,0.6652542372881356,0.6186440677966102,0.029661016949152543,0.025423728813559324,0.9855491329479769,2023,11.161290322580646
https://doi.org/10.3390/cmd5010006,Distinctive Oxide Films Develop on the Surface of FeCrAl as the Environment Changes for Nuclear Fuel Cladding,2024,11,True,article,Corrosion and Materials Degradation,"The corrosion-resistant properties of IronChromium–Aluminum (FeCrAl) alloys have been known for nearly a century. Since the 1950s, they have been explored for application in the generation of nuclear power. In the last decade, the focus has been on the use of FeCrAl as cladding for uranium dioxide fuel in light water reactors (LWRs). The corrosion resistance of this alloy depends on the oxide that it can develop on the surface. In LWRs in the vicinity of 300 °C, the external surface oxide of the FeCrAl cladding could be rich in Fe under oxidizing conditions but rich in Cr under reducing conditions. If there is an accident and the cladding is exposed to superheated steam, the cladding will protect itself by developing an alpha aluminum film on the surface.",21.333333333333332,5.890625,0.546875,0.6484375,0.03125,0.03125,2.2,2024,5.0
https://doi.org/10.3390/cmd2010003,Influence of Mg2+ Ions on the Formation of Green Rust Compounds in Simulated Marine Environments,2021,10,True,article,Corrosion and Materials Degradation,"Green rust compounds (GR), i.e., Fe(II-III) layered double hydroxides, are important transient compounds resulting from the corrosion of steel in seawater. The sulfated variety, GR(SO42−), was reported as one of the main components of the corrosion product layer, while the chloride variety, GR(Cl−), was more rarely observed. The carbonate variety, GR(CO32−), is favored by an increase in pH and forms preferentially in the cathodic areas of the metal surface. Since Mg(II) is abundant in seawater, it may have a strong influence on the formation of GR compounds, in particular as it can be incorporated in the hydroxide sheets of the GR crystal structure. In the present work, the influence of Mg2+ on the precipitation reaction of GR(SO42−) was investigated. For that purpose, Mg2+ was substituted, partially or entirely, for Fe2+. The GR was then prepared by mixing a solution of FeCl3·6H2O, Na2SO4·10H2O, NaCl, FeCl2·4H2O and/or MgCl2·4H2O with a solution of NaOH. The precipitation of the GR was followed or not by a 1-week aging period. The obtained precipitate was characterized by X-ray diffraction. It was observed that Mg(II) favored the formation of chloride green rust GR(Cl−) and magnetite Fe3O4 at the detriment of GR(SO42−). The proportion of GR(Cl−) and Fe3O4 increased with the Mg(II):Fe(II) substitution ratio. Without Fe(II), the precipitation reaction led to iowaite, i.e., the Mg(II)-Fe(III) compound structurally similar to GR(Cl−). It is forwarded that the presence of Mg2+ cations in the hydroxide sheets of the GR crystal structure is detrimental for the stability of the crystal structure of GR(SO42−) and favors the formation of other mixed valence Fe(II,III) compounds.",15.352941176470589,6.337164750957855,0.6091954022988506,0.5325670498084292,0.034482758620689655,0.019157088122605363,0.6278713629402756,2021,15.926829268292684
https://doi.org/10.3390/cmd2030022,"Stress Corrosion Cracking in Amorphous Phase Separated Oxide Glasses: A Holistic Review of Their Structures, Physical, Mechanical and Fracture Properties",2021,10,True,article,Corrosion and Materials Degradation,"Stress corrosion cracking is a well-known phenomenon in oxide glasses. However, how amorphous phase separation (APS) alters stress corrosion cracking, and the overall mechanical response of an oxide glass is less known in literature. APS is a dominant feature concerning many multicomponent systems, particularly the ternary sodium borosilicate (SBN) glass systems. Its three constituent oxides have significant industrial relevance, as they are the principal components of many industrial oxide glasses. Simulations and experimental studies demonstrate the existence of a two-phase metastable miscibility gap. Furthermore, theory suggests the possibility of three-phase APS in these oxide glasses. Literature already details the mechanisms of phase separation and characterizes SBN microstructures. Realizing that glasses are structurally sensitive materials opens a number of other questions concerning how the mesoscopic APS affects the continuum behavior of glasses, including dynamic fracture and stress corrosion cracking. This paper reviews current literature and provides a synthetic viewpoint on how APS structures of oxide glasses alter physical, mechanical, dynamic fracture, and stress corrosion cracking properties.",18.333333333333332,7.315151515151515,0.7272727272727273,0.6121212121212121,0.024242424242424242,0.04242424242424243,0.6278713629402756,2021,15.926829268292684
https://doi.org/10.3390/cmd3020017,Role of Hydrogen in Metal Oxidation—Implication to Irradiation Enhanced Corrosion of Ni-Based Alloys and Stainless Steels in High Temperature Water,2022,10,True,article,Corrosion and Materials Degradation,"Hydrogen plays various roles in metals or at metal–environment interfaces. Well known effects on metals are hydrogen embrittlement, hydrogen enhanced local plasticity, hydrogen enhanced strain-induced vacancy, hydrogen accelerated oxidation, hydrogen-induced creep, and their synergy. In this study, the potential roles of hydrogen in materials degradation are demonstrated and studied by two different tests. One is the high temperature oxidation of Ni-based alloy in various environments with hydrogen penetration, and the other is the effects of neutron flux/fluence on the oxidation kinetics and SCC of 316L and 316LN stainless steels, regarding a possible role of transmuted H from N. The results emphasize that the hydrogen either permeated into metals from surrounding environments, such as high temperature water or gaseous hydrogen, or generated in metals by nuclei transmutation, such as hydrogen transmuted from N atoms in metals, which can promote metal oxidation through multiple mechanisms. Apparently, the oxidation/corrosion phenomenon is a synergy of sub-mechanisms. For instance, dissolved hydrogen (DH) is usually believed to slow down the corrosion process for lowering the open circuit potential (OCP). However, H also facilitates the transport of the cations in oxide, thereby accelerating the corrosion process. In this bi-mechanism system, two different, contradictory mechanisms work and exist simultaneously. Therefore, whether the metallic materials are benefited or degraded by the H during its oxidation process depends on which sub-mechanism is dominant. Namely, hydrogen can play the role an oxidant in the metal and metal/oxide interface to pre-oxidize metal elements, such as Cr, Ni, and Fe, and possibly promote inward oxygen diffusion and the oxidation rate at the interface. Moreover, hydrogen may play a role as a reductant in oxides where existing oxides can be reduced. Then, the protective capability of oxides will be decreased to result in corrosion acceleration at the metal–oxide interface. These phenomena were observed in Ni-based alloy and possibly austenitic stainless steel containing N such as 316LN SS. This work demonstrates a part of the role of hydrogen on oxidation, and more extensive and systematic work is needed to delineate the role of hydrogen on oxidation with and without irradiation.",23.0,6.6579710144927535,0.6260869565217392,0.527536231884058,0.03188405797101449,0.028985507246376812,0.7736943907156673,2022,12.925
https://doi.org/10.3390/cmd5010003,Corrosion at the Steel–Medium Interface,2024,10,True,article,Corrosion and Materials Degradation,"Corrosion on the interface between a metal alloy, such as steel, and a wet, permeable non-metallic medium is of considerable practical interest. Examples include the interface between steel and water, the atmosphere or concrete, as for steel reinforcement bars; between metal and soil, as for buried cast iron or steel pipes; deposits of some type, as in under-deposit corrosion; and the interface with insulation, protective coatings, or macro- or micro-biological agents. In all cases, corrosion initiation depends on the characteristics of the interfacial zone, both of the metal and the medium, and the spatial variability. For (near-)homogeneous semi-infinite media with good interfacial contact, the pitting, crevices and general corrosion of the metal will be largely controlled by the metal (micro-)characteristics, including its inclusions, imperfections and surface roughness. In other cases, these may be overshadowed by the macro-characteristics of the medium and the degree of interfacial contact, possibly with severe resulting corrosion. Where the build-up of corrosion products can occur at the interface, they will dominate longer-term corrosion and govern the long-term corrosion rate. For media of finite thickness, diffusion issues and material deterioration may also be involved. The practical implications are outlined. It is argued that with the presence of a suitable medium, it is possible to achieve negligible long-term corrosion but only if certain practical actions are taken.",24.333333333333332,6.680365296803653,0.5707762557077626,0.6027397260273972,0.045662100456621,0.0410958904109589,2.0,2024,5.0
https://doi.org/10.3390/cmd2030024,Corrosion of Stainless Steel by Urea at High Temperature,2021,9,True,article,Corrosion and Materials Degradation,"The corrosion mechanism of stainless steel caused by high temperature decomposition of aqueous urea solution has been investigated. The relationship between aqueous urea solution, its thermal decomposition products and the corrosion mechanism of stainless steel is studied by FTIR spectroscopy, SEM and stereo microscopy. The corroded steel samples, together with deposits, were obtained from the injection of aqueous urea solution on the steel plate at high temperatures. Uniform corrosion underneath the deposits was proposed as the main driver for corrosion of the steel samples. At the crevices, corrosion due to the used geometry and due to high temperature cycling could play an acceleration role as well.",21.2,6.613207547169812,0.6792452830188679,0.5943396226415094,0.02830188679245283,0.009433962264150943,0.565084226646248,2021,15.926829268292684
https://doi.org/10.3390/cmd3020016,Classic Evans’s Drop Corrosion Experiment Investigated in Terms of a Tertiary Current and Potential Distribution,2022,9,True,article,Corrosion and Materials Degradation,"Background: Evans’s drop is a classic corrosion experiment that is nearly 100 years old, and it is analogous to other corrosion systems promoted by O2 gradients. The availability of more robust finite element software packages opens the possibility to reach a deeper understanding of these kind of corrosion systems. Methodology: In order to solve the problem, the model includes the governing mass transport diffusion and migration equation and the material balance in a nonsteady state by the finite element method. This is performed using COMSOL Multiphysics to predict the tertiary current and potential distribution considering the geometry, reaction kinetics, and mass transport for each ionic species. Significant Findings: A simulation of the tertiary current and potential distribution of the Evans’s drop corrosion experiment on an iron surface is presented. An oxygen concentration difference of 0.18 mol m−3 between the center and the drop periphery sets up a potential difference of 60 mV which acts as a corrosion driving force. Reaction kinetics are described by Tafel equations. Results include the evolution of concentration profiles for OH−, Fe2+, Fe3+, Fe(OH)2, and Fe(OH)3.",20.0,6.533333333333333,0.6722222222222223,0.6388888888888888,0.016666666666666666,0.03333333333333333,0.6963249516441006,2022,12.925
https://doi.org/10.3390/cmd2040040,Fabrication of Cobalt-Based Nano-Composite Film for Corrosion Mitigation of Copper in Flow Chloride Medium,2021,8,True,article,Corrosion and Materials Degradation,"Corrosion of metals leads to high maintenance costs, as well as potential threats to structural health and safety. Here, we demonstrate the coating of cobalt tungstate (CoWO4) nanoparticles (NPS)/5-mercapto-1-phenyl-1 H-tetrazole derivative (MPT) used as a nano-composite film on Cu surface for the blocking of micropores to hinder the propagation of metastable pits in an aggressive NaCl medium. The mechanism of interaction between the nanoparticles and tetrazole derivative, in addition to the mode of anchoring to the metal surface and blocking the penetration of chloride ions (Cl−), are all investigated. In this investigation, CoWO4 is synthesized via a wet chemical route and thereafter, is combined with MPT at an optimized ratio thus formulating a nano-composite corrosion inhibitor which in solution gets coated on Cu surface. Atomic force and scanning electron microscopic images of the bare Cu reveal dip pits, which by the coating of the nano-composite are suppressed at the nucleation stage during exposure to the aggressive 3.5% NaCl electrolyte under flow conditions. Electrochemical analysis shows high protection of Cu up to 97% efficiency in the presence of the newly formulated nano-composite inhibitor film.",26.142857142857142,6.579234972677596,0.639344262295082,0.6612021857923497,0.0273224043715847,0.00546448087431694,0.5022970903522205,2021,15.926829268292684
https://doi.org/10.3390/cmd3010001,Influence of Organic Matter/Bacteria on the Formation and Transformation of Sulfate Green Rust,2021,8,True,article,Corrosion and Materials Degradation,"The corrosion processes of carbon steel immersed in natural seawater are influenced by microorganisms due to important biological activity. An analysis of the corrosion product layers formed on carbon steel coupons in natural or artificial seawater revealed that sulfate green rust GR(SO42−) was favored in natural environments. In this paper, the role of organic matter/bacteria on the formation and transformation of this compound are addressed. GR(SO42−) was precipitated from Fe(II) and Fe(III) salts in the presence of various marine bacterial species not involved in the redox cycle of Fe or S. Abiotic experiments were performed for comparison, first without any organic species and then with sodium acetate added as a small organic ion. The obtained aqueous suspensions were aged at room temperature for 1 week. The number of bacteria (CFU/mL) was followed over time and the solid phases were characterized by XRD. Whatever the fate of the bacteria (no activity, or activity and growth), the formation of GR(SO42−) was favored and its transformation to magnetite completely inhibited. This effect is attributed to the adsorption of organic molecules on the lateral sides of the GR(SO42−) crystals. A similar effect, though less important, was observed with acetate.",19.5,6.446153846153846,0.6410256410256411,0.6153846153846154,0.046153846153846156,0.0,0.5022970903522205,2021,15.926829268292684
https://doi.org/10.3390/cmd2040035,Empirical Coastal Atmospheric Corrosion of Masonry Metal Wall Ties,2021,8,True,article,Corrosion and Materials Degradation,"Not counting domestic dwellings, it has been estimated that in Australia alone, some tens of thousands of masonry buildings and structures have exceeded their design life, with many of these being at risk of partial (or worse) collapse from falling or dislodged masonry. This has significant implications for human life but also for the urban environment and economic health of building owners, managers, and insurers and for local and national economies. This risk can mainly be attributed to the slow deterioration of masonry under atmospheric and other environments and the corrosion of so-called wall ties. Wall ties are relatively thin pieces of steel that tie the outer leaf of masonry walls to the stabilized inner leaf. The problem is likely severe for scenarios such as cyclonic and earthquake events, as they cause area-wide damage and the potential wide-spread loss of human life—losses that could be prevented by timely intervention. This paper reports on the in situ inspection of two case study buildings and the data obtained from controlled wall tie corrosion field trials, which are used to develop predictive models of structural response. These models will inform practical tools that will be developed for building assessment, cost-effective monitoring, and rectification, assisting in the management of existing masonry buildings.",29.714285714285715,6.394230769230769,0.5961538461538461,0.6826923076923077,0.014423076923076924,0.052884615384615384,0.5022970903522205,2021,15.926829268292684
https://doi.org/10.3390/cmd3030026,Cathodic Protection of Complex Carbon Steel Structures in Seawater,2022,8,True,article,Corrosion and Materials Degradation,"Cathodic protection efficiency of complex carbon steel structures in confined seawater environment was studied using a specific experimental device. Schematically, this device consisted of a Plexiglas matrix, crossed by a channel 50 cm long, 5 mm deep, 1.5 to 5 cm wide, which moreover included four bends at 90°. Seawater flowed continuously inside the channel over 12 steel coupons embedded in the Plexiglas matrix. Cathodic protection was applied at a constant potential of −1060 mV vs. Ag/AgCl-seawater with respect to a reference electrode located outside the channel, at the seawater flow entry. The potential of four selected coupons was monitored over time via a microelectrode set close to each coupon. It varied significantly with the distance separating the coupons from the channel entry. At the end of the 3.5-month experiment, a polarization curve was acquired. The residual corrosion rate under cathodic protection was estimated via the extrapolation of the anodic Tafel line. It varied from &lt;1 µm yr−1 to 16 µm yr−1, depending on the potential reached by the coupon (between −900 and −1040 mV vs. Ag/AgCl-seawater) at the end of the experiment and on the properties of the calcareous deposit formed on the steel surface.",15.076923076923077,6.198979591836735,0.6479591836734694,0.5816326530612245,0.03571428571428571,0.015306122448979591,0.6189555125725338,2022,12.925
https://doi.org/10.3390/cmd4020014,Utilizing Computational Modelling to Bridge the Gap between In Vivo and In Vitro Degradation Rates for Mg-xGd Implants,2023,8,True,article,Corrosion and Materials Degradation,"Magnesium (Mg) and its alloys are promising materials for temporary bone implants due to their mechanical properties and biocompatibility. The most challenging aspect of Mg-based implants involves adapting the degradation rate to the human body, which requires extensive in vitro and in vivo testing. Given that in vivo tests are significantly more labour-intensive than in vitro and ethics prohibit direct experiments on animals or humans, attempts are commonly undertaken to infer conclusions on in vivo degradation behavior from in vitro experiments. However, there is a wide gap between these tests, and in vitro testing is often a poor predictor of in vivo outcomes. In the development of biodegradable Mg-based implants, considerable efforts are being made to reduce the overall time and cost of in vitro and in vivo testing. Finding a suitable alternative to predict the degradation of Mg alloys, however, remains challenging. We present computational modelling as a possible alternative to bridge the gap between in vitro and in vivo testing, thus reducing overall cost, duration and number of experiments. However, traditional modelling approaches for complex biodegradable systems are still rather time-consuming and require a clear definition of the relations between input parameters and the model result. In this study, Kriging surrogate models based on the peridynamic in vitro degradation model were developed to simulate the degradation behavior for two main alloys, Mg-5Gd and Mg-10Gd, for both in vitro and in vivo cases. Using Kriging surrogate models, the simulation parameters were calibrated to the volume loss data from in vitro and in vivo experiments. In vivo degradation of magnesium has one order of magnitude higher apparent diffusion coefficients than in vitro degradation, thus yielding the higher volume loss observed in vivo than in vitro. On the basis of the diffusivity of the Mg2+ ions modeled under in vitro degradation, Kriging surrogate models were able to simulate the in vivo degradation behavior of Mg-xGd with a ratio between 0.46 and 0.5, indicating that the surrogate-modelling approach is able to bridge the gap between in vitro and in vivo degradation rates for Mg-xGd implants.",24.5,6.36734693877551,0.6151603498542274,0.46938775510204084,0.0058309037900874635,0.029154518950437316,0.7167630057803468,2023,11.161290322580646
https://doi.org/10.3390/cmd2040031,Review of Residual Stress Impingement Methods to Mitigate Environmental Fracture Susceptibility,2021,7,True,article,Corrosion and Materials Degradation,"Environmental cracking- and fatigue-related failures threaten all major industries and, to combat such degradation, numerous residual stress impingement (RSI) methods have been developed with varying levels of efficacy and ease of use. Some of the most commonly used RSI methods, such as shot peening, laser shock peening, and low plasticity burnishing, as well as new methods, such as ultrasonic nanocrystal surface modification, are reviewed in the context of corrosion, corrosion fatigue, and environmental cracking mitigation. The successes and limitations of these treatments are discussed, with a focus on their efficacy against these three damage modes based on the available literature. Case studies are reviewed that demonstrate how these treatments have been adopted and advanced by industry, and application-specific research efforts are explored with a focus on future opportunities. Research is identified that illustrates how the utility of these surface treatments may vary between alloy systems, and where the benefits must be weighed against the risks to a component’s service performance.",32.0,6.78125,0.60625,0.6625,0.05625,0.025,0.43950995405819293,2021,15.926829268292684
https://doi.org/10.3390/cmd2040039,Aggressiveness of Different Ageing Conditions for Three Thick Marine Epoxy Systems,2021,7,True,article,Corrosion and Materials Degradation,"Three different coated steel systems were aged in natural or artificial seawater, in neutral salt spray (NSS), and using alternate immersion tests in order to evaluate the aggressiveness of the different ageing conditions. Commercial epoxy coatings were applied onto steel (S355NL), hot-galvanized steel (HDG), and Zn-Al15 thermal spraying coated steel. The defect-free systems were immersed in artificial seawater at 35 °C for 1085 days and in natural seawater for 1200 days and were characterized by electrochemical impedance spectroscopy (EIS). Panels with artificial defects were immersed for 180 days in artificial seawater and, regarding adhesion, were evaluated according to ISO 16276-2. In parallel, the three coated systems were submitted to cyclic neutral salt spray (NSS) for 1440 h: defect-free panels were regularly evaluated by EIS, while the degree or corrosion was measured onto panels with artificial defect. After NSS, defect-free panels were immersed in artificial seawater at 35 °C for further EIS investigations. Finally, alternate immersion tests were performed for 860 days for the three defect-free coated systems and for 84 days for panels with a defect. The results showed that, for defect-free panels, immersions in natural or artificial seawater and NSS did not allowed us to distinguish the three different systems that show excellent anticorrosion properties. However, during the alternate immersion test, the organic coating system applied onto HDG presented blisters, showing a greater sensitivity to this test than the two other systems. For panels with a defect, NSS allowed to age the coatings more rapidly than monotone conditions, and the coating system applied onto steel presented the highest degree of corrosion. Meanwhile, the coating systems applied onto HDG and the thermal spray metallic coating showed similar behavior. During the alternate immersion test, the three coated systems with a defect showed clearly different behaviors, therefore it was possible to rank the three systems. Finally, it appeared that the alternate immersion test was the most aggressive condition. It was then proposed that a realistic thermal cycling and an artificial defect are needed when performing ageing tests of thick marine organic coating systems in order to properly rank/evaluate the different systems.",24.928571428571427,6.570200573065903,0.6962750716332379,0.4326647564469914,0.022922636103151862,0.017191977077363897,0.43950995405819293,2021,15.926829268292684
https://doi.org/10.3390/cmd3030020,Probabilistic Assessment of Biodeterioration Effects on Reinforced Concrete Sewers,2022,6,True,article,Corrosion and Materials Degradation,"The worldwide current practice of the structural design of sewers is based on procedures which usually include the effects caused by chemical and biological deterioration. However, in the last few decades, many sewer pipes have been designed using reinforced concrete which have succinctly considered such deterioration promoters. Indeed, knowledge related to reinforced concrete deterioration processes has become an important issue when forecasting the expected or remaining lifespan of sewers. Within these processes, thickness and strength losses and porosity augments have been found to be the result of the vital activity of sulfur-oxidizing bacteria and some types of fungus. This paper presents a rational methodology that uses biodeterioration measurements to describe how biodeterioration effects can affect the probability of failure during the lifetime of sewers. The probability of failure was obtained using Monte Carlo simulations based on numerical sampling from lognormal and uniform distributions. The concrete and reinforcement strength, geometric properties, H2S concentration in the headspace, and load values were considered as the main sources of uncertainty. The results indicate that the expected service lifespan can vary between 55 and 37 years for low and high H2S concentrations, respectively.",23.5,6.941489361702128,0.6329787234042553,0.6861702127659575,0.015957446808510637,0.05851063829787234,0.46421663442940037,2022,12.925
https://doi.org/10.3390/cmd3040036,Abrasion and Cavitation Erosion Resistance of Multi-Layer Dip Coated Sol-Gel Coatings on AA2024-T3,2022,6,True,article,Corrosion and Materials Degradation,"AA2024-T3 are widely used in various applications because of their exceptional physical properties. However, they are susceptible to corrosion and cavitation erosion in aggressive environments due to high concentration of copper. Sol-gel coatings in the field of corrosion prevention are emerging. Improved thickness of coatings significantly improves the barrier effect of the coatings, thereby improving their operational-life in industrial applications. To date, a limited amount of work has been carried out in determining the effect of hybrid sol-gel coatings on abrasion and cavitation erosion of AA2024-T3. The present study investigates the effect of thickness of the coatings on morphology, corrosion, abrasion and cavitation erosion properties of the prepared hybrid sol-gel coatings deposited on AA2024-T3 surfaces. The hybrid sol-gels have been synthesized from 3-trimethoxysilylpropylmethacrylate (MAPTMS), and a zirconium complex prepared from the chelation of zirconium n-propoxide (ZPO), and methacrylic acid (MAAH). AA-2024 T3 were coated using single-dip, double-dip and triple-dip. Abrasion and cavitation erosion tests were performed according to the relevant standards. Structural damage caused by corrosion, abrasion and cavitation erosion was studied by Optical Microscope and Scanning Electron Microscope (SEM). Corrosion protection performance of the coatings was tested using Open Circuit Potential (OCP) and Potentiodynamic polarization (PDS). Results indicated that the multilayer coated samples improved the corrosion, cavitation erosion and abrasion resistance of AA2024-T3. Hence, the prepared silica-based coatings can be proposed as a potential choice for marine renewable energy applications.",17.76923076923077,7.298701298701299,0.696969696969697,0.5844155844155844,0.03896103896103896,0.008658008658008658,0.46421663442940037,2022,12.925
https://doi.org/10.3390/cmd3020011,Insights on the Corrosion Resistance of Reinforced Recycled Aggregate Concrete,2022,5,True,article,Corrosion and Materials Degradation,"Recycled aggregate produced from crushed waste concrete is suitable for use in structural concrete. It reduces the demand for non-renewable resources and also for energy in general. However, RA is more porous than most natural aggregates. The porosity of the concrete cover defines the corrosion resistance of reinforced concrete, and it is therefore disputed how the use of recycled aggregate may affect the durability of reinforced concrete. This paper describes the corrosion-related performance of reinforced concrete with recycled aggregates in the initiation stage (determined by the carbonation and chloride ingress) and propagation stage (determined by the electrical resistivity and cracking) of corrosion. The aspects of interest are not only the porosity of RA but also its effects on the chloride binding, carbonation, electrochemical properties and corrosion cracking development.",21.333333333333332,6.8828125,0.609375,0.59375,0.0234375,0.0234375,0.38684719535783363,2022,12.925
https://doi.org/10.3390/cmd3030021,Long-Term Chloride Accumulation on Concrete Surface in Marine Atmosphere Zone—Modelling the Influence of Exposure Time and Chloride Availability in Atmosphere,2022,5,True,article,Corrosion and Materials Degradation,"Surface chloride concentration (Cs) is a key parameter used to feed models adopted to simulate chloride penetration into concrete and evaluate the initial period of corrosion. Although there are several models that have been proposed for the representation of Cs behaviour in the marine atmosphere zone, such models are still scarce. In this context, we analysed the behaviour of surface chloride concentration in concrete specimens exposed over 12.5 years in a marine atmosphere zone in the northeast of Brazil. The experimental work was carried out in two steps: environmental characterization, which was undertaken for temperature, relative humidity, rainfall, wind characteristics and sea-salt data; and chloride concentration measurements for the concrete surface considering three different concrete mixtures with w/b ratios of 0.65, 0.57 and 0.50. The results showed that the Cs increase over time followed three stages: a first short stage characterised by an initial dispersion, followed by an increase period and then a final period of stabilisation, which was not fully reached in the present study. This behaviour can be represented by a power function or a sigmoidal function, with a better fit with the latter. Chloride concentration in the atmosphere plays an important role in Cs behaviour. Higher availability of chlorides means higher Cs values. The relationship between Cs and the rate of chloride deposition on a wet candle was analysed and the function Cs=C0+kcs·(Dac)n was the one that best fit the experimental data.",18.076923076923077,6.446808510638298,0.6212765957446809,0.5829787234042553,0.02127659574468085,0.01276595744680851,0.38684719535783363,2022,12.925
https://doi.org/10.3390/cmd4010011,Controlling Lateral Size and Thickness of Layered Double Hydroxide (LDH) Used as Conversion Layer for Corrosion Protection of AZ31 Mg Alloy,2023,5,True,article,Corrosion and Materials Degradation,"In the present study, Mg-Al layered double hydroxide (Mg-Al/LDH) was synthesized on the surface of AZ31 Mg alloy substrate via in-situ hydrothermal treatment. Synthesis parameters were changed to determine their effect on the lateral size of LDH. For this purpose, etching in nitric acid and anodizing in sodium hydroxide solution were performed as surface pretreatments. Moreover, the influence of LDH solution pH (10 and 11) on the lateral size of LDH coating was investigated. Morphology, chemical composition, and crystalline structure were characterized by scanning electron microscopy (SEM), energy-dispersive X-ray spectroscopy (EDS), Fourier transform infrared (FTIR) spectroscopy, and X-ray diffraction (XRD). The corrosion resistance of the coatings was investigated by H2 measurements, salt spray, and electrochemical impedance spectroscopy (EIS). Moreover, the epoxy coating was applied on the best anti-corrosive LDH sample for assessing the compatibility and effectiveness of LDH on the corrosion properties of the substrate with the epoxy layer. At pH = 11, the lateral size of LDH was smaller than samples at pH = 10. In addition, small-sized LDH, as well as LDH/epoxy coating, revealed enhanced corrosion protection.",19.88888888888889,6.709497206703911,0.7150837988826816,0.6368715083798883,0.0223463687150838,0.0111731843575419,0.44797687861271673,2023,11.161290322580646
https://doi.org/10.3390/cmd4040034,Data Mining Applied to the Electrochemical Noise Technique in the Time/Frequency Domain for Stress Corrosion Cracking Recognition,2023,5,True,article,Corrosion and Materials Degradation,"In this paper, time/frequency domain data processing was proposed to analyse the EN signal recorded during stress corrosion cracking on precipitation-hardening martensitic stainless steel in a chloride environment. Continuous Wavelet Transform, albeit with some limitations, showed a suitable support in the discriminatory capacity among transient signals related to the different stress corrosion cracking mechanisms. In particular, the aim is to propose the analysis of electrochemical noise signals under stress corrosion cracking conditions in the time–frequency domain by using the Hilbert–Huang approach. The Hilbert–Huang Transform (performed by the Empirical Mode Decomposition approach) was finally proposed to carry out an identification of the corrosion mechanisms in comparison to conventional data processing methods. By using this approach, a detailed simultaneous decomposition of the original electrochemical noise data in the time and frequency domain was carried out. The method gave useful information about transitions among different corrosion mechanisms, allowing us to (i) identify a specific characteristic response for each corrosion damaging phenomenon induced by stress corrosion cracking, (ii) time each corrosion of the damaging phenomenon, and (iii) provide a topological description of the advancing SCC damaging stages. This characteristic evidences that the Hilbert–Huang Transform is a very powerful technique to potentially recognize and distinguish the different corrosion mechanisms occurring during stress corrosion cracking.",29.857142857142858,7.401913875598086,0.6842105263157895,0.5550239234449761,0.03827751196172249,0.009569377990430622,0.44797687861271673,2023,11.161290322580646
https://doi.org/10.3390/cmd5010004,Performance of Phenolic-Epoxy Coatings after Exposure to High Temperatures,2024,5,True,article,Corrosion and Materials Degradation,"Phenolic-epoxy coatings, which are designed to protect substrates from thermal damage, are widely applied in many fields. There remains an inadequate understanding of how such coatings change during their service life after exposure to various temperature conditions. To further elucidate this issue, this case study investigated the effects of high temperatures on carbon steel panels coated with phenolic epoxy and exposed to different heating conditions. A general trend of decreasing barrier performance was observed after exposure to 150 °C for 3 d, as evidenced by the appearance of cracks on the panel surfaces. In contrast, the coating performance improved after exposure to isothermal conditions (120 °C) or thermal cycling from room temperature to 120 °C, as indicated by the increased low-frequency impedance modulus values of the coating. This unexpected improvement was further examined by characterising the coatings using transform infrared spectroscopy (FTIR), thermogravimetric analysis (TGA), differential scanning calorimetry (DSC), pull-off adhesion tests, and time-of-flight secondary ion mass spectrometry (ToF-SIMS). The maximum pull-off adhesion force (24.9 ± 3.6 MPa) was measured after thermal cycling for 40 d.",19.555555555555557,6.880681818181818,0.7045454545454546,0.7386363636363636,0.005681818181818182,0.03409090909090909,1.0,2024,5.0
https://doi.org/10.3390/cmd3040039,Electrochemical Impedance Spectroscropy Study on the Behavior of Reinforced Concrete Elements under Loading,2022,4,True,article,Corrosion and Materials Degradation,"Concrete is a material of porous nature that, when humidified, becomes an ionic conductor whose apparent conductivity depends on the ionic load (typically based on OH−, Ca2+, Na+, and K+) and the amount of available free water. Under conditions of partial pore-saturation, the amount of free water can be modulated by an external load, which leads to observable changes in electrical properties such as conductivity and capacitance. Moreover, metallic reinforcements, either as bars or fibers, represent an additional parallel conduction path but of an electronic nature in this case. The free water develops a double-layer capacitance structure at the metallic interfaces, with associated charge-transfer resistance, representing an additional contribution to the capacitive behavior that can be modulated with an external load. The dependence that the electrical and/or ionic conducting properties of concrete and reinforced concrete elements have on the available free water makes them suitable for transductors in various sensing and self-sensing applications discussed in the text.",31.4,6.7834394904458595,0.6496815286624203,0.643312101910828,0.012738853503184714,0.012738853503184714,0.3094777562862669,2022,12.925
https://doi.org/10.3390/cmd4030020,Microbial Communities Associated with Alternative Fuels in Model Seawater-Compensated Fuel Ballast Tanks,2023,4,True,article,Corrosion and Materials Degradation,"The biocorrosion of carbon steel poses a risk for ships combining seawater and fuel in metal ballast tanks. Ballast tanks were simulated by duplicate reactors containing carbon steel coupons and either petroleum F76 (petro-F76), Fischer–Tropsch F76 (FT-F76), or a 1:1 mix of both fuels, to investigate whether the alternative fuel FT-F76 influenced this risk. The polycarbonate reactors were inoculated with seawater, and the control reactors did not receive fuel. The reactors were monitored for 400 days, and they all reached a pH and open circuit potential where elemental iron was oxidized, indicating corrosion. The reactors containing petro-76 or fuel mix had higher levels of dissolved iron; one of each replicate had lower concentrations of sulfate than the original seawater, while the sulfate concentration did not decrease in the other incubations. The high sulfate reactors, but not the low sulfate reactors, had a high relative abundance of microaerophilic sulfide-oxidizing bacteria. The FT-F76 and the no-fuel reactors had a high relative abundance of iron-sequestering Magnetovibrio. Although dissolved iron and loss of sulfate under anoxic conditions are associated with biocorrosion, our results suggest that in our reactors these indicators were altered by iron-sequestering and sulfide-oxidizing microbes, which is consistent with the slow diffusion of oxygen across the polycarbonate reactors.",25.75,6.723300970873787,0.6407766990291263,0.5922330097087378,0.019417475728155338,0.009708737864077669,0.3583815028901734,2023,11.161290322580646
https://doi.org/10.3390/cmd6030035,Oxidation of HfB2-HfO2-SiC Ceramics Modified with Ti2AlC Under Subsonic Dissociated Airflow,2025,4,True,article,Corrosion and Materials Degradation,"Ultrahigh-temperature ceramic composites based on hafnium diboride have a wide range of applications, including as components for high-speed aircraft and energy generation and storage devices. Consequently, developing methodologies for their fabrication and studying their properties are of paramount importance, in particular in using them as an electrode material for energy storage devices with increased oxidation resistance. This study investigates the behavior of ceramic composites based on the HfB2-HfO2-SiC system, obtained using 15 vol% Ti2AlC MAX-phase as a sintering component, under the influence of subsonic flow of dissociated air. It was determined that incorporating the modifying component (Ti2AlC) altered the composition of the silicate melt formed on the surface during ceramic oxidation. This modification led to the observation of a protective antioxidant function. Consequently, liquation was observed in the silicate melt layer, resulting in the formation of spherical phase inhomogeneities in its volume with increased content of titanium, aluminum, and hafnium. It is hypothesized that the increase in the high-temperature viscosity of this melt prevents it from being carried away in the form of drops, even at a surface temperature of ~1900–2000 °C. Despite the established temperature, there is no sharp increase in its values above 2400–2500 °C. This is due to the evaporation of silicate melt from the surface. In addition, the electrochemical behavior of the obtained material in a liquid electrolyte medium (KOH, 3 mol/L) was examined, and it was shown that according to the value of electrical conductivity and specific capacitance, it is a promising electrode material for supercapacitors.",25.1,6.741035856573705,0.6095617529880478,0.5816733067729084,0.0199203187250996,0.0,2.173228346456693,2025,1.8405797101449275
https://doi.org/10.3390/cmd2040041,The Virtual Corrosion Engineer,2021,3,True,article,Corrosion and Materials Degradation,"The conventional corrosion management process consists of defining the expected process conditions, identifying potential corrosion threats, and estimating their likely rate, then using that information to develop mitigation plans and inspection schedules. The Virtual Corrosion Engineer (VCE) project aims to improve this process by utilizing online monitoring data to automate the running of the best available corrosion models and provide a continuously updated dashboard in real time. This paper provides an overview of the VCE, together with a brief discussion of the underlying models for two exemplar damage mechanisms, High-Temperature Hydrogen Attack (HTHA) and Under Deposit Corrosion (UDC) in steam generators.",33.666666666666664,7.0495049504950495,0.693069306930693,0.7722772277227723,0.039603960396039604,0.019801980198019802,0.1883614088820827,2021,15.926829268292684
https://doi.org/10.3390/cmd3040034,Protection of Reinforced Concrete Steel Exposed to a Marine Environment: A Preliminary Onsite Study of the Performance of a New Generation of Surface-Applied Corrosion Inhibitors,2022,3,True,article,Corrosion and Materials Degradation,"Reinforcement corrosion is the risk most frequently cited to justify concrete durability research, especially where it is induced by chlorides. Surface-applied corrosion inhibitors are widely used to mitigate the corrosion process both for carbonation and chlorides of steel reinforcement in concrete. They are applied onto the surface of hardened concrete and penetrate towards steel reinforcement. This paper discusses the corrosion inhibition performance of a new generation of a dual-phase surface-applied corrosion inhibitor (DP-SACI), and its efficiency in corrosion induced by chlorides over 3% referred to cement mass, and also in pre- and post-cracked structures. This corrosion mitigation activity was evaluated onsite for almost four years, in a sea wall exposed to XS1 ambiance. The electrochemical techniques used were based on the determination of the electrical resistivity of concrete, the half-cell corrosion potential and the steel corrosion rate (from linear polarization resistance measurements). All of these electrochemical parameters provide accurate information for on-site structures about the efficiency over the time of surface-applied corrosion inhibitors. The effectiveness of the dual-phase surface-applied corrosion inhibitor proved to be up to 99%, even with ongoing corrosion and 0.3 mm cracks near the rebar. The use of DP-SACI provides a non-destructive repair method that inhibits the corrosion process and increases the service life of the element.",21.0,6.923809523809524,0.6333333333333333,0.6190476190476191,0.04285714285714286,0.01904761904761905,0.23210831721470018,2022,12.925
https://doi.org/10.3390/cmd4010006,Long-Exposure Air and Steam Oxidation Characteristics of IN 617 Alloys,2023,3,True,article,Corrosion and Materials Degradation,"India’s growing power demands and emission norms require more efficient coal-based power plants. The shifting of power plants from subcritical to ultra-supercritical (USC) steam conditions could improve efficiency by 12% and reduce CO2 emissions by 35%. There is a need to develop and qualify materials under ultra-supercritical steam conditions with high temperatures and high pressures in laboratory scale. The sample materials were exposed to high temperatures of 700 °C under air and high pressure steam at 700 °C/243 bars for 1000 h in as-received and grain-boundary-enhanced conditions. Grain boundary enhancement included optimization of a thermo-mechanical process involving cold rolling and annealing of samples. The effect of air and steam oxidation on IN 617, a nickel-based candidate superalloy, was analysed. Steam oxidation was performed on a custom-built PARR 4650 series autoclave, and the oxidized samples were characterised under scanning electron microscopy, to evaluate the oxide scales. The grain-boundary-engineered material performed better than the as-received samples. IN 617 overall fared better under both air and steam conditions, with far less weight gains.",18.88888888888889,6.811764705882353,0.6941176470588235,0.6588235294117647,0.023529411764705882,0.01764705882352941,0.26878612716763006,2023,11.161290322580646
https://doi.org/10.3390/cmd4030027,Self-Healing Coatings Consisting of an Outer Electrodeposited Epoxy Resin Layer and an Inner Porous Anodic Oxide Layer with Healing Agents for the Corrosion Protection of Al Alloys,2023,3,True,article,Corrosion and Materials Degradation,"Recently, new surface treatments for the corrosion protection of Al alloys by forming self-healing layers have attracted the attention of many researchers. The authors of this paper have previously developed self-healing polyurethane coatings with micro-capsules containing healing agents and porous anodic oxide films filled with healing agents. In this study, self-healing coatings consisting of an outer electrodeposited epoxy resin layer and an inner porous anodic oxide layer with healing agents were developed for the corrosion protection of Al alloys. The corrosion protection abilities of the self-healing coating were shown in Cu2+/Cl− solutions after damaging with indenters and were affected by freezing treatments and the tip angles of the indenter.",27.25,6.8807339449541285,0.6788990825688074,0.5779816513761468,0.06422018348623854,0.009174311926605505,0.26878612716763006,2023,11.161290322580646
https://doi.org/10.3390/cmd5040029,"Ascorbic Acid, Ascorbate, and Dehydroascorbic Acid as Green Corrosion Inhibitors: A Computational Investigation",2024,2,True,article,Corrosion and Materials Degradation,"Ascorbic acid is widely used as an immunity-enhancing and antioxidant supplement for treating influenza and other virus-based illnesses. The lactone ring and the oxygenated groups make this system and derived structures attractive as possible environmentally friendly green corrosion inhibitors. Thus, we investigate the corrosion inhibition influence of ascorbic acid, ascorbate, and dehydroascorbic acid on the α-Fe(110) surface using density functional theory calculations. The adsorption, density of states, and charge transfer results indicate that dehydroascorbic acid is this series’s most potent corrosion inhibitor. The projected density of states near the Fermi energy reveals notable hybridization between the iron surface and dehydroascorbic acid adsorbed on it. The calculated structural, electronic, and energetic properties obtained in this work pave the way for understanding the corrosion inhibitory performance of the investigated systems.",21.333333333333332,7.3515625,0.6875,0.703125,0.03125,0.03125,0.4,2024,5.0
https://doi.org/10.3390/cmd6010005,Chemical Equilibrium Fracture Mechanics—Hydrogen Embrittlement Application,2025,2,True,article,Corrosion and Materials Degradation,"Chemical Equilibrium Fracture Mechanics (CEFM) studies the effect of chemical reactions and phase transformations on crack-tip fields and material fracture toughness under chemical equilibrium. An important CEFM direction is hydrogen-induced embrittlement of alloys, due to several industrial applications, including those within the industrial value chain of hydrogen that is under development, which, according to European and international policies, are expected to contribute significantly to the replacement of fossil fuels by renewable energy sources. In the present study, the effect of hydrogen on the crack-tip fields of hydride- and non-hydride-forming alloys is examined. The crack-tip stress and hydrogen concentration distributions are derived under hydrogen chemical equilibrium, which is approached by considering the coupling of the operating physical mechanisms. In all cases, analytic relations are derived, thus facilitating integrity assessments, i.e., without the need to rely on complicated numerical methods, expected to lead to the development of respective tools in industrial applications. It is shown that, in the case of hydride precipitation, there are significant deviations from the K, HRR, and Prandtl fields, and, thus, the well-known approaches of Linear Elastic Fracture Mechanics (LEFM) and Elastic–Plastic Fracture Mechanics (EPFM) need to be accordingly modified/extended.",24.0,7.161458333333333,0.671875,0.5989583333333334,0.020833333333333332,0.020833333333333332,1.0866141732283465,2025,1.8405797101449275
https://doi.org/10.3390/cmd6010013,The Use of Electrochemical Impedance Spectroscopy as a Screening Method for Determination of Hydrolytic Stability of Poly(ethyl 2-cyanoacrylate),2025,2,True,article,Corrosion and Materials Degradation,"The hydrolytic stability of thin poly(ethyl 2-cyanoacrylate), PECA, adhesive films on grit-blasted mild steel substrates was investigated using electrochemical impedance spectroscopy (EIS). Using this novel approach for such adhesive films, the effects of two additives, salicylic acid (SA) and phthalic anhydride (PA), were studied, specifically measuring their influence on polymer film/surface impedance and capacitance changes over a period of 14 days. Results indicate that SA decreased the polymer film hydrolytic stability rapidly, resulting in a substantial drop in impedance modulus from ~10 kΩcm2 to ~10 Ωcm2 at 100 Hz due to electrolyte ingress, whilst the PA-containing film modulus also diminished from ~4 MΩcm2 to ~1 kΩcm2 at 100 Hz. Furthermore, the capacitance values of the SA-containing films rose (up to ~100 µFcm−2), demonstrating the onset of a charge transfer (corrosion) process within the first 12 h exposure to a saline electrolyte. In contrast, the PA-containing film’s transition from a film-dominated capacitance (~0.01 µFcm−2) to a larger double-layer capacitance took (~1 µFcm−2) took several days and was accounted for by differences in the additive’s chemistry, demonstrating the ability of EIS to detect changes in both bulk film (e.g., moisture ingress and bond scission) and metal-film interfacial processes (e.g., onset of corrosion) in real time. Comparison was also made with a standard industry combined tensile test/hydrolytic accelerated ageing regime. Unlike, EIS this did not, however, give useful time-dependent information, although after 6 weeks a decrease in bond strength occurred in the order PA-containing film &lt; PECA&lt; SA-containing film in agreement with the EIS results, thus demonstrating the effectiveness of EIS for monitoring the degradation of such thin film adhesives.",22.25,6.677902621722846,0.6966292134831461,0.6367041198501873,0.011235955056179775,0.011235955056179775,1.0866141732283465,2025,1.8405797101449275
https://doi.org/10.3390/cmd6030027,Study of Corrosion Characteristics of AlMg3.5 Alloy by Hydrogen-Induced Pressure and Mass Loss Evaluation Under Simulated Cementitious Repository Conditions,2025,2,True,article,Corrosion and Materials Degradation,"The decommissioning and dismantling of nuclear research reactors can lead to a large amount of low- and intermediate-level radioactive waste. For repositories, the materials must be kept confined and safety must be ensured for extended time spans. Waste is encapsulated in concrete, which leads to alkaline conditions with pH values of 12 and higher. This can be advantageous for some radionuclides due to their precipitation at high pH. For other materials, such as reactive metals, however, it can be disadvantageous because it might foster their corrosion. The Studsvik R2 research reactor contained an AlMg3.5 alloy with a composition close to that of commercial Al5154 for its core internals and the reactor tank. Aluminum corrosion is known to start rapidly due to the formation of an oxidation layer, which later functions as natural protection for the surface. The corrosion can lead to pressure build-up through the accompanied production of hydrogen gas. This can lead to cracks in the concrete, which can be pathways for radioactive nuclides to migrate and must therefore be prevented. In this study, unirradiated rod-shaped samples were cut from the same material as the original reactor tank manufacture. They were embedded in concrete with elevated water–cement ratios of 0.7 compared to regular commercial concrete (ca. 0.45) to ensure water availability throughout all of the experiments. The sample containers were stored in pressure vessels with attached high-definition pressure gauges to read the hydrogen-induced pressure build-up. A second set of samples were exposed in simplified artificial cement–water to study similarities in corrosion characteristics between concrete and cement–water. Additionally, the samples were exposed to concrete and cement–water in free-standing sample containers for deconstructive examinations. In concrete, the corrosion rates started extremely high, with values of more than 10,000 µm/y, and slowed down to less than 500 µm/y after 2000 h, which resulted in visible channels inside the concrete. In the cement–water, the samples showed similar behavior after early fluctuations, most likely caused by the surface coverage of hydrogen bubbles. These trends were further supported by mass loss evaluations.",16.047619047619047,6.57566765578635,0.5934718100890207,0.5845697329376854,0.017804154302670624,0.02967359050445104,1.0866141732283465,2025,1.8405797101449275
https://doi.org/10.3390/cmd6030042,Electrochemical Behaviour of Nd–Fe–B and Sm–Fe–N Polymer-Bonded Magnets and Their Metal Components in Various Electrolytes,2025,2,True,article,Corrosion and Materials Degradation,"Polymer-bonded Nd–Fe–B and Sm–Fe–N magnets have excellent magnetic properties, but their corrosion resistance is inferior. Polymer-bonded magnets, the binary alloys Nd–Fe and Sm–Fe, and the metals Fe, Nd, and Sm were investigated in electrolytes with a pH range of 1.8 to 12.8. Potentiodynamic polarisation measurements showed that these materials corrode in acidic (H2SO4) and near-neutral (Na2SO4 and NaCl) electrolytes. Iron passivates at pH &gt; 9, but Nd and Sm passivate only in strongly alkaline electrolytes (pH &gt; 12). The alloys and magnets combine the characteristics of the individual metals. Scanning electron microscopy with energy-dispersive X-ray spectroscopy characterised the surface layers before and after electrochemical measurements. The speciation and the depth distribution of elements in the surface layers were analysed using X-ray photoelectron spectroscopy. In the H2SO4, a non-protective layer was formed. In NaCl, the corrosion products were more abundant, consisting of a mixture of oxides, hydroxides, and chlorides, while in NaOH, an oxide/hydroxide layer was formed. The corrosion product layers formed in the H2SO4 and NaCl electrolytes were significantly thicker for the Sm–Fe–N magnet than for the Nd–Fe–B magnet. Understanding the differences and similarities in the electrochemical behaviour of magnets in various electrolytes is essential to overcoming corrosion-related problems.",15.307692307692308,6.974874371859296,0.6633165829145728,0.6080402010050251,0.03015075376884422,0.010050251256281407,1.0866141732283465,2025,1.8405797101449275
https://doi.org/10.3390/cmd6040047,High-Temperature Oxidation Behavior of an Additively Manufactured Alumina-Forming Austenitic Stainless Steel,2025,2,True,article,Corrosion and Materials Degradation,"High-temperature oxidation behavior of an alumina-forming austenitic stainless steel (AFA25) produced by additive manufacturing (AM) has been studied at 850 °C in air and compared to the conventional wrought alloy. The mass gain measurements during high-temperature oxidation tests were performed to understand the rate of oxidation, oxidation characteristics, and morphology of oxides that form in these alloys. X-ray diffraction, scanning electron microscopy, and energy-dispersive X-ray spectroscopy were used to characterize the microstructure and oxide scale formation during high-temperature exposure. A similar alumina scale was observed on both wrought and AM alloys. The continuous alumina layer that forms in these alloys provides superior oxidation resistance. This paper shows that a variation in AM build parameters influences the oxidation properties, where one AM alloy with a lower laser power to hatch ratio depicts much better oxidation properties compared to conventional wrought AFA alloys.",23.5,7.035460992907802,0.7021276595744681,0.6879432624113475,0.03546099290780142,0.02127659574468085,1.0866141732283465,2025,1.8405797101449275
https://doi.org/10.3390/cmd6030043,Quantitative Analysis of the Alkali Transport During Chemical Re-Alkalization Using Laser-Induced-Breakdown Spectroscopy,2025,2,True,article,Corrosion and Materials Degradation,"With the increasing number of existing buildings, the implementation of durability-preserving repair procedures is becoming increasingly important. The chemical re-alkalization (CRA) enables the protection of reinforced concrete structures exposed to carbonation by maintaining or restoring the alkalinity in the concrete through the application of an alkaline mortar, such as hybrid alkali-activated binders (HAABs). However, the process of CRA is still insufficiently understood, which means that the requirements for the repair mortars can only be roughly formulated. This paper therefore investigates the process of CRA using laser-induced breakdown spectroscopy (LIBS). Based on the quantitative results of potassium transport in the composite system, a time-dependent attenuation factor can be determined that allows for the adaptation of Fick’s second law of diffusion previously used to predict CRA. The attenuation factor provides further insight into the course of potassium transport, which, based on the results, never follows an ideal diffusion process. Adjusting the diffusion law allows for an improved prediction of the maximum achievable re-alkalization depth depending on the repair mortar, where a potassium content of, e.g., 2.3 wt% leads to a complete re-alkalization of 16 mm. The present study demonstrates the potential of LIBS to quantitatively represent CRA for the first time thus providing new insights into potassium transport and the dynamics of the process.",19.272727272727273,6.877358490566038,0.6320754716981132,0.6415094339622641,0.014150943396226415,0.014150943396226415,1.0866141732283465,2025,1.8405797101449275
https://doi.org/10.3390/cmd6040049,Corrosion Mechanisms of Commercial Superalloys in Binary and Ternary Chloride Molten Salts,2025,2,True,article,Corrosion and Materials Degradation,"In concentrated solar power (CSP) systems, structural materials face severe corrosion challenges induced by molten chlorides, with the corrosion severity being highly dependent on the salt composition. This study systematically compares the corrosion behavior of two representative superalloys, Inconel 625 and SS321, in binary NaCl–KCl and ternary MgCl2–NaCl–KCl molten salts at 700 °C. The corrosion products and microstructural features were characterized using X-ray diffraction (XRD), scanning electron microscopy (SEM) equipped with energy-dispersive spectroscopy (EDS), and electron backscatter diffraction (EBSD), in combination with static exposure tests to elucidate the underlying mechanisms. The results show that in NaCl–KCl molten salts, both alloys primarily form Cr2O3 as the protective product. However, the corrosion scale of SS321 is porous, whereas Inconel 625 develops a dense NiCr2O4 inner layer, exhibiting superior corrosion resistance. In the MgCl2–NaCl–KCl molten salt system, Cr2O3 is replaced by a dense MgO layer forms on Inconel 625, coupled with Mo surface enrichment, which significantly inhibits Cr depletion and leads to a notably reduced corrosion rate relative to the binary salt. In contrast, the transformation of Cr2O3 on SS321 into porous MgCr2O4 exacerbates intergranular corrosion, resulting in a substantial degradation of corrosion resistance. This study elucidates the distinct corrosion pathways and mechanisms of different alloys in binary and ternary chloride salts, providing important guidance for the selection of molten salt compositions and corrosion-resistant structural materials in CSP applications.",28.25,7.199115044247788,0.7212389380530974,0.6238938053097345,0.04424778761061947,0.008849557522123894,1.0866141732283465,2025,1.8405797101449275
https://doi.org/10.3390/cmd6040059,Studies of Initial Atmospheric Corrosion of Magnesium Alloys AZ91 and AZ31 with Infrared Spectroscopy Techniques,2025,2,True,article,Corrosion and Materials Degradation,"The initial formation of corrosion products in pure humid air on magnesium alloys AZ91 and AZ31 was studied using infrared reflection absorption spectroscopy (IRRAS), infrared spectroscopic imaging, and SEM-EDS. The kinetics of corrosion product formation were monitored in situ with IRRAS during exposure to humid air (95% relative humidity) under two different CO2 concentrations: low (≤1 ppm) and ambient (400 ppm). For low CO2 concentrations, the primary corrosion product detected on both alloys was magnesium hydroxide (Mg(OH)2). In contrast, under ambient CO2 conditions (400 ppm), magnesium hydroxy carbonate was the dominant product. After 16 h of exposure, the amount of magnesium converted into corrosion products was approximately 8–10 times higher under low-CO2 conditions compared to ambient levels. The smaller formation of corrosion products but increased magnesium carbonate formation on AZ91D is attributed to its higher aluminium content compared to AZ31. Corrosion attack and product formation were largely localised to the centre of the α-phase in AZ91D, with the β-phase likely serving as sites for cathodic reactions.",23.714285714285715,6.753012048192771,0.7228915662650602,0.5843373493975904,0.04819277108433735,0.030120481927710843,1.0866141732283465,2025,1.8405797101449275
https://doi.org/10.3390/cmd6010007,Protection Criteria of Cathodically Protected Pipelines Under AC Interference,2025,1,True,article,Corrosion and Materials Degradation,"Carbon steel structures employed to convey hydrocarbons and other dangerous fluids, such as oil or flammable liquids, are equipped with degradation prevention systems, which typically consist of a cathodic protection (CP) system combined with an external insulating coating, both designed to reduce the corrosion rate below 10 µm/year. The presence of electrical interference, both AC and DC, can cause significant corrosion damage to metallic structures, even when CP is applied. DC interference is determined by the presence of a third-party CP system or public transportation system. AC interference may occur through conduction or induction mechanisms, caused by high-voltage powerlines or high-speed trains, powered by AC. Both interferences may lead to localized corrosion at coating defects, despite compliance with the −0.850 V saturated Cu/CuSO4 reference electrode (CSE) protection criterion. Considering AC-induced corrosion, both field failures and laboratory investigations have demonstrated that corrosion can occur at industrial frequencies, and when CP is applied following the standards. Even though AC-induced degradation is generally not as severe as DC interference, uncertainties remain regarding the protection potential range necessary to achieve acceptable corrosion prevention under AC interference. To formulate a CP criterion under AC interference, weight loss measurements were conducted on carbon steel samples under cathodic protection in solutions that simulate real soil conditions. Carbon steel coupons protected by CP were interfered with AC densities ranging from 1 A/m2 to 800 A/m2 for four months. During this time interval, polarization potential, protection current density and AC density were monitored. Based on the experimental data gathered during this study, a proposal for a risk map is also suggested. The results indicate that overprotection (potentials &lt; −1.2 V CSE) represents the most dangerous scenario when AC interference is involved.",20.142857142857142,6.929078014184397,0.7056737588652482,0.6312056737588653,0.03546099290780142,0.031914893617021274,0.5433070866141733,2025,1.8405797101449275
https://doi.org/10.3390/cmd6010011,Influence of Bottom Chloride-Induced Corrosion on Truck Collision Response and Damage of Coastal Reinforced Concrete Bridge Piers,2025,1,True,article,Corrosion and Materials Degradation,"Coastal reinforced concrete (RC) bridge piers are often subjected to seawater splash and tidal action, leading to bottom corrosion of the steel reinforcement and thereby producing the corrosion–induced cracks of concrete. The increased risk of vehicle collisions to piers poses significant threats to bridge and traffic disruption, potentially causing severe pier damage or even bridge collapse. Many studies have investigated the dynamic responses of bridge piers to vehicle collisions, but no study of the effect of the corrosion degradation of piers on vehicle collision response and damage has been reported yet. This study numerically investigates the influence of bottom chloride-induced corrosion on the truck collision response and damage of coastal RC bridge piers by using LS-DYNA. The results reveal that localized damage occurs in the impact zone for both intact and corroded piers. For the corroded pier, punching shear failure becomes the dominant failure mode and the pier is more vulnerable to collapse at lower truck velocities. Corrosion degradation influences the dynamic response, increasing the lateral displacement of the pier while reducing the impact force, particularly during the engine and cargo impact stages of truck collisions. The impulses in 500 ms collision time show reductions of 1.1% and 4.3% for piers with 45-year and 90-year corrosion, respectively. Notably, the lateral displacement at the bottom corrosion zone shows no oscillations due to the punching shear failure.",20.454545454545453,6.591111111111111,0.6711111111111111,0.5644444444444444,0.013333333333333334,0.013333333333333334,0.5433070866141733,2025,1.8405797101449275
https://doi.org/10.3390/cmd6020017,Forensic Investigation of Stainless Steel 316 Hydrogen-Membrane and Ammonia-Cracking Reactors Through Mechanical Testing,2025,1,True,article,Corrosion and Materials Degradation,"Knowledge of alloy behavior under industry-relevant conditions is critical to hydrogen production and processing, yet it is currently limited. To understand more about the impact of hydrogen damage on stainless steel 316 under realistic in-service conditions, we conducted a forensic investigation of two reactors exposed to various hydrogen-processing conditions. We examined samples of reactor walls exposed to hydrogen-containing atmospheres for &gt;100 and ~1000 h at elevated temperatures during hydrogen separation and ammonia cracking. The samples were characterized by tensile testing, stretch–bend testing, and three-point bending. A loss in ductility and strength was observed for the reactor wall material compared with both untreated materials and materials annealed in neutral atmospheres at the same temperatures used during reactor operation. The three-point bend testing, which was conducted on inner and outer pipe-surface material extracted via electrical discharge machining, showed larger changes in the flexural modulus of exposed reactors but increases in the elastic limit. Microstructural observations revealed that hydrogen may play a role in stress relaxation, possibly promoting normalization at lower-than-expected temperatures. We also observed that materials exposed to ammonia undertake more damage from nitriding than from hydrogen.",23.125,7.237837837837838,0.6594594594594595,0.6648648648648648,0.02702702702702703,0.021621621621621623,0.5433070866141733,2025,1.8405797101449275
https://doi.org/10.3390/cmd6020019,Examination of Over-Discharge Effects on a Cylindrical Lithium-Ion Battery via the Immersion of a Copper Strip in a Salt Solution,2025,1,True,article,Corrosion and Materials Degradation,"Li-ion battery recycling is growing with better tech and eco-awareness. Explosions are possible during battery recycling due to their residual voltage. Proper battery discharge is vital to successful recycling. The goal of this study was to investigate a new method for discharging cylindrical batteries, utilizing a saltwater solution and copper conductors and analyzing the impact of both direct and indirect contact between the copper and the battery. A key variable impacting the discharge process was inconsistent spacing between the battery and the copper conductor. In the gap, the saltwater, functioning as an electrolyte solution, created an electrical short circuit, thus causing faster discharge. Because the battery was not in contact with the copper conductor during the discharge process, corrosion of the battery cap and valve occurred, leading to the battery’s anode and cathode elements dissolving into the solution. However, a near-total voltage drop of 99% was observed in the battery, indicating that it was almost completely discharged. Upon making contact with the copper strip during its discharge cycle, the battery exhibited no signs of corrosion. This report details the battery discharge process, encompassing an analysis of the electrochemical reaction, schematic diagrams, and a chemical analysis of the discharge precipitate.",19.9,6.673366834170854,0.6381909547738693,0.5728643216080402,0.03015075376884422,0.01507537688442211,0.5433070866141733,2025,1.8405797101449275
https://doi.org/10.3390/cmd6030028,"A Comparative Study of the Tensile Behavior of Wrought 44W Steel, Monel 400, 304L Stainless Steel, and Arc-Directed Energy Deposited 308L Stainless Steel in Simulated Hydrogen Environments",2025,1,True,article,Corrosion and Materials Degradation,"This study investigates the tensile behaviors of wrought 44W steel, Monel 400, 304L austenitic stainless steel, and arc-directed energy deposited (arc-DED) 308L austenitic stainless steel under simulated hydrogen environments to evaluate their endurance to hydrogen embrittlement (HE). The specimens were subjected to cathodic hydrogen charging in an alkaline solution, followed by uniaxial tensile testing at a strain rate of 0.2 min−1. Based on measurements of elongation and toughness, the resistance to HE was ranked as follows: 304L stainless steel &gt; Monel 400 &gt; arc-DED 308L stainless steel &gt; 44W steel. Notably, no significant changes were observed in the yield strengths, ultimate tensile strengths, or elastic modulus of 304L austenitic stainless steel, Monel 400, and 44W steel across all the levels of hydrogenation. However, the arc-DED 308L stainless steel exhibited a slight increase in these properties, attributed to its unique microstructural characteristics and strengthening mechanisms inherent to additive manufacturing processes. These outcomes contribute to a better understanding of the mechanical performance and suitability of these structural alloys in hydrogen-rich environments, highlighting the superior HE resistance of 304L stainless steel and Monel 400 for such applications.",26.285714285714285,7.016304347826087,0.7010869565217391,0.6141304347826086,0.03804347826086957,0.010869565217391304,0.5433070866141733,2025,1.8405797101449275
https://doi.org/10.3390/cmd6030034,Hydrogen Embrittlement Resistance of an Optimized Additively Manufactured Austenitic Stainless Steel from Recycled Sources,2025,1,True,article,Corrosion and Materials Degradation,"In the framework of hydrogen production and storage for clean energy generation, the resistance to hydrogen embrittlement of a newly developed austenitic stainless steel is presented. Gas-atomized metal powders prepared from secondary-sourced metals were employed to manufacture test specimens with Laser Powder Bed Fusion (LPBF) technology. After machining and exposure to a controlled, pressurized hydrogen atmosphere at high temperature, the effect of hydrogen charging on the mechanical performance under static and dynamic conditions was investigated. The stabilizing effect of the optimized chemical composition is reflected in the absence of degradation effects on Yield Stress (YS), Ultimate Tensile Stress (UTS), and fatigue life observed for specimens exposed to hydrogen. Moreover, despite a moderate reduction in the elongation at fracture observed by increasing the hydrogen charging time, ductility loss calculated as Relative Reduction of Area (RRA) remains substantially unaffected by the duration of exposure to hydrogen and demonstrates that the austenitic steel is capable of resisting hydrogen embrittlement (HE).",31.4,7.127388535031847,0.6878980891719745,0.6815286624203821,0.050955414012738856,0.0,0.5433070866141733,2025,1.8405797101449275
https://doi.org/10.3390/cmd6030040,Mitigation of Carbonation-Induced Corrosion in Alkali-Activated Slag Concrete Using Calcined Mg–Al Hydrotalcite: Electrochemical and Microstructural Evaluations,2025,1,True,article,Corrosion and Materials Degradation,"This study investigates the effectiveness of calcined magnesium–aluminium layered double hydroxide (CLDH) as a functional additive for mitigating carbonation-induced corrosion in alkali-activated slag concrete (AASC). Mixtures incorporating different CLDH contents (0%, 2%, 4%, 6%, and 8%) were evaluated under accelerated CO2 exposure (3%, 65% RH, 25 °C) for 90 days. Mechanical characterisation was carried out through 28-day compressive strength tests to assess the potential impact of CLDH on the structural performance of the material. Performance characterisation included electrochemical impedance spectroscopy (EIS) to assess the corrosion of embedded steel, phenolphthalein spraying to determine the carbonation depth, and complementary techniques such as X-ray diffraction (XRD), nuclear magnetic resonance (NMR), and scanning electron microscopy (SEM/EDX) for assessments of the microstructural evolution. The results demonstrate that CLDH significantly enhances resistance to CO2 ingress, increasing the polarisation resistance (Rp) to over 55 kΩ·cm2 (at 6% CLDH) and reducing the carbonation depth by more than 50% compared to the reference mix. These improvements are attributed to the memory effect-induced regeneration of LDH-type lamellar phases, controlled release of OH− and CO32− anions, and progressive densification of the microstructure, thereby limiting the ingress of aggressive agents. The optimal dosage was identified as 6%, as higher contents offered no further improvement and evidenced the formation of residual phases such as MgO. This work highlights the potential of CLDH as an effective and sustainable strategy to enhance the durability of alkali-activated cementitious materials against degradation processes driven by carbonation and corrosion.",30.125,7.228215767634855,0.6887966804979253,0.7136929460580913,0.02074688796680498,0.008298755186721992,0.5433070866141733,2025,1.8405797101449275
https://doi.org/10.3390/cmd6040061,Hydrogen Embrittlement Susceptibility of New Generation Advanced High-Strength Steels for Automotive Applications,2025,1,True,article,Corrosion and Materials Degradation,"The adoption of advanced high-strength steels (AHSS) in the automotive industry has significantly increased in recent years driven by weight reduction and enhanced crashworthiness. Hot dip galvanised sacrificial coatings are regularly applied to these steels for corrosion protection. In this investigation, the scanning vibrating electrode technique (SVET) demonstrated that hydrogen evolution on the steel substrate is taking place when these sacrificial coatings are damaged during service, increasing the risk of hydrogen embrittlement. The hydrogen embrittlement susceptibility of a new generation of nano-precipitate ferritic, FNP, AHSS have been studied and compared against conventional dual phase ferritic-martensitic, FM, AHSS at equivalent strength levels. Hydrogen permeation tests have shown that FNP AHSS have lower effective diffusion coefficients, Deff, than FM AHSS at equivalent strength levels. At 800 MPa strength levels Deff were 1.68 × 10−7 cm2/s and 1.87 × 10−7 cm2/s for FNP800 and FM800, respectively. At higher strength levels, 1000 MPa, Deff were 7.45 × 10−8 cm2/s and 1.45 × 10−7 cm2/s for the FNP1000 and FM1000, respectively. Slow strain-rate tests (SSRT) showed that FNP AHSS displayed over 35% higher resistance to hydrogen embrittlement than conventional FM AHSS. Quantitative fractographic analyses confirmed that the new ferritic nano-precipitate microstructure retains much more ductile behaviour than conventional martensitic-ferritic even under the most severe hydrogen charging conditions tested.",16.384615384615383,7.056338028169014,0.7417840375586855,0.6384976525821596,0.03755868544600939,0.014084507042253521,0.5433070866141733,2025,1.8405797101449275
https://doi.org/10.3390/cmd6040066,Pre-Corroded ER Sensors as Realistic Mock-Ups for Evaluating Conservation Strategies,2025,1,True,article,Corrosion and Materials Degradation,"Electrical resistance (ER) sensors are established tools for monitoring atmospheric corrosion in real time, yet their application to cultural heritage requires adaptation to the complex stratigraphy of patinated surfaces. In this work, customised ER sensors were optimised to allow the sensors to be pre-patinated, enabling a more realistic simulation of corroded heritage metals. Different geometries and artificial patinas were applied to assess sensitivity, robustness, and representativeness under variable environmental conditions. The study confirms the decisive role of corrosion layers in shaping sensor response and highlights the potentialities of pre-patinated ER sensors as realistic mock-ups for testing conservation strategies and evaluating environmental corrosivity under conditions relevant to cultural heritage preservation.",27.25,7.614678899082569,0.6972477064220184,0.7155963302752294,0.045871559633027525,0.0,0.5433070866141733,2025,1.8405797101449275
https://doi.org/10.3390/cmd7010004,An Evidence-Based Framework for the Sustainable Rehabilitation of Corrosion-Damaged Historic Marine Structures,2025,1,True,article,Corrosion and Materials Degradation,"This paper presents a validated, data-driven framework for the sustainable rehabilitation of corrosion-damaged marine infrastructure, demonstrated through a comprehensive study on a historic coastal structure. The implemented three-phase methodology—integrating advanced condition assessment, evidence-based intervention design, and rigorous performance validation—successfully addressed severe chloride-induced deterioration. Diagnostic quantification revealed that 30% of the primary substructure was severely compromised, with chloride concentrations reaching 1.94% by weight (970% above the corrosion threshold) and half-cell potential mapping confirming a &gt;90% probability of active corrosion in critical elements. Guided by this data, a synergistic intervention combining galvanic cathodic protection, high-performance coatings, and structural strengthening was deployed. Post-repair validation confirmed exceptional outcomes: a complete electrochemical repassivation (potential shift from −385 mV to −185 mV), a 97.3% reduction in chloride diffusion rates, a 250% increase in surface resistivity, and the restoration of structural capacity to 115% of design specifications. The framework achieved a 65% reduction in projected lifecycle costs while establishing a new paradigm for preserving marine infrastructure through evidence-based, multi-mechanism strategies that ensure long-term durability and economic viability.",21.25,8.18235294117647,0.7235294117647059,0.8,0.052941176470588235,0.011764705882352941,0.5433070866141733,2025,1.8405797101449275
https://doi.org/10.3390/cmd7010006,Long-Term Atmospheric Corrosion of Magnesium Alloys: Influence of Aluminium Content,2026,1,True,article,Corrosion and Materials Degradation,"This paper is dedicated to long-term atmospheric corrosion behaviour of magnesium alloys. Five different magnesium alloys, namely, AZ31, AM60, AZ61, AZ80, and AZ91, were exposed for 4 years under harsh conditions at the marine corrosion site of Brest (France). From the results, the corrosion performance increased in the following order: AZ31 &lt; AM60 &lt; AZ91 &lt; AZ61 &lt; AZ80. The corrosion was highly localised during the first year of exposure, but more general corrosion prevailed after long-term exposure. All materials followed a power law with rather similar kinetics of corrosion. The observed difference in the corrosion performance of the alloys was explained by the amount of secondary phases as well as that of the Al-content in the α-Mg phase.",19.833333333333332,6.2521008403361344,0.6470588235294118,0.680672268907563,0.04201680672268908,0.008403361344537815,6.166666666666666,2026,0.16216216216216217
https://doi.org/10.3390/cmd7010009,Advances in Understanding of Secondary Phases and Their Corrosion Implications in Stainless Steel Alloys—A Review,2026,1,True,article,Corrosion and Materials Degradation,"The formation and evolution of secondary phases, such as sigma (σ), chi (χ), Laves, carbides (M23C6), and nitrides (Cr2N), have a fundamental impact on the corrosion resistance of stainless steels. These stages alter the matrix’s local chemistry, compromise the passive film’s quality, and promote micro-galvanic interaction, which enhances localized corrosion issues. The thermodynamic stability, precipitation kinetics, and corrosion consequences of secondary phases in austenitic, ferritic, duplex, and lightweight (Fe–Mn–Al–C) stainless-steel systems are thoroughly reviewed and discussed in this paper. Advances in high-resolution characterization techniques, such as TEM, EBSD, atom-probe tomography, and in situ synchrotron techniques, have made it possible to map corrosion problems caused by secondary phases at the nanoscale. Computational thermodynamics (CALPHAD, DICTRA, TC-PRISMA) and emerging machine-learning models now provide quantitative prediction of phase formation and dissolution. Strategies for mitigation through alloy design, thermal treatment, and surface engineering are summarized, together with additive-manufacturing approaches for microstructural tailoring. Finally, this review highlights the integration of multi-scale modeling and sustainable alloy design to ensure phase-stable, corrosion-resistant stainless steels that enhance asset integrity and infrastructure reliability as per Sustainable Development Goals.",25.571428571428573,7.849162011173185,0.7094972067039106,0.7821229050279329,0.03910614525139665,0.0111731843575419,6.166666666666666,2026,0.16216216216216217
https://doi.org/10.3390/cmd7010010,Silane-Based Coatings Containing TiO2 for Corrosion Protection of 316L Stainless Steel,2026,1,True,article,Corrosion and Materials Degradation,"The present work aims to evaluate the electrochemical behaviour of 316L stainless steel flat sheets both uncoated and coated with an organic–inorganic silane hybrid formulation based on TEOS (tetraethyl orthosilicate) and TMES (Trimethylethoxysilane) as silane precursors. The influence of the modification of the silane-based layer by the incorporation of 3-aminopropyl trimethoxysilane (APS) doped TiO2 (N-TiO2) on the pitting properties of the coatings has been studied. The obtained protective films have been characterized from compositional (EDX), morphological (FE-SEM), and electrochemical (corrosion) points of view. Concerning their morphology, the coatings look continuous and smooth. Regarding their electrochemical properties, the results show that the application of the developed N-TiO2-containing silane coatings extends the passive potential range of 316L stainless steel in simulated body fluid; thus, it improves the pitting resistance of the substrate.",26.0,7.3538461538461535,0.6692307692307692,0.7153846153846154,0.05384615384615385,0.007692307692307693,6.166666666666666,2026,0.16216216216216217
https://doi.org/10.3390/cmd7010011,Numerical Modeling of Galvanic Corrosion Between Stainless and Carbon Steels,2026,1,True,article,Corrosion and Materials Degradation,"Galvanic corrosion is an electrochemical phenomenon that arises due to the coupling of two different metals in an electrolytic environment, resulting in the deterioration of the less noble metal at an accelerated rate. This phenomenon poses a significant challenge in the economy of mixed-metal assemblies in many industrial applications due to the high maintenance and replacement expenditures that such systems incur. In this study, a stainless steel tube was galvanically coupled with a carbon steel fitting, and both were immersed in a chloride solution to study the galvanic interactions. The electrochemical processes associated with galvanic corrosion were simulated using a finite element multiphysics modeling approach (COMSOL Multiphysics). The simulations reproduced the metal–electrolyte interface potential and current density as well as the preferential anodic dissolution of carbon steel over stainless steel, which was observed during the coupled polarization. The numerical results matched the results predicted using assumptions for the steels’ electrochemical behavior. The results of the study confirmed that finite element simulation is an effective means of modeling galvanic corrosion and optimizing the design and life of metal component assemblies that are subjected to highly aggressive environments such as high-chloride environments. The numerical results matched the trends observed from experimentation and those previously reported in the literature and serve to provide qualitative and semi-quantitative insight regarding galvanic corrosion mechanisms instead of complete corrosion predictions regarding long-term corrosion behavior.",28.375,7.26431718061674,0.6651982378854625,0.5770925110132159,0.04405286343612335,0.01762114537444934,6.166666666666666,2026,0.16216216216216217
https://doi.org/10.3390/cmd7010016,The Corrosion Inhibition Effect of Salpn Schiff Base on Low-Carbon Steel in a Hydrochloric Acid Environment: An Integrated Study Combining Laboratory Experiments and Computational Modeling,2026,1,True,article,Corrosion and Materials Degradation,"The N,N′-Bis(salicylidene)-1,3-propanediamine Schiff base (Salpn) was synthesized, characterized, and assessed as a corrosion inhibitor for low-carbon steel (LCS) in a 0.5 mol L−1 HCl solution. The study included chemical, electrochemical, and quantum mechanical methods to provide a comprehensive assessment. Experimental results revealed that the inhibition efficiency (IE) of Salpn increased with concentration, reaching a maximum of 69.1% at 300 ppm and 298 K, while a slight decrease to 64.3% was observed as the temperature increased. Tafel plot identified Salpn as a mixed-type inhibitor, while electrochemical impedance spectroscopy (EIS) revealed that the double layer capacitance decreased while the charge-transfer resistance increased as the concentration of Salpn increased. The thermodynamic study revealed that the adsorption of Salpn on the LCS surface follows the Langmuir isotherm model. The calculated standard free energy of adsorption (ΔG°ads) values ranged from −27.53 to −30.17 kJ mol−1, confirming that the inhibition process occurs via a mixed mechanism involving both physisorption and chemisorption. The presence of a protective film on the LCS surface was suggested by SEM observations, while EDX analysis showed an increase in C, O, and N signals, providing further indication of the inhibitor’s integration into the surface layer. Density functional tight-binding (DFTB+) calculations supported the high inhibitory performance by showing a low hardness value (0.091 eV). The compound’s high global softness (σ = 10.989 eV−1) suggested that it is an effective corrosion inhibitor. The Monte Carlo (MC) simulations demonstrated a strong interaction with a highly negative adsorption energy of −654.145 kJ mol−1. These findings collectively validate Salpn as an effective and strongly adsorbing corrosion inhibitor.",13.68421052631579,6.923076923076923,0.7038461538461539,0.6923076923076923,0.015384615384615385,0.011538461538461539,6.166666666666666,2026,0.16216216216216217
https://doi.org/10.3390/cmd2010004,Effect of Fluid Flow on the Corrosion Performance of as-Cast and Heat-Treated Nickel Aluminum Bronze Alloy (UNS C95800) in Saline Solution,2021,8,True,article,Corrosion and Materials Degradation,"In this work, the corrosion behavior and surface reactivity of as-cast and heat-treated nickel aluminum bronze casting alloy (UNS C95800) in 3.5 wt% NaCl solution is investigated under stagnant and flow conditions. Increasing flow rate conditions are simulated using a rotating disk electrode from 0 to 9000 revolutions per minute (rpm). Optical micrographs confirm the decrease in the phase fraction of corrosion-sensitive β phase in the microstructure of C95800 after annealing, which, in turn, enhances the corrosion resistance of the alloy. Electrochemical studies including open circuit potentiometry, potentiodynamic polarization, and electrochemical impedance spectroscopy are performed to assess the effect of flow rate and heat treatment on the corrosion of samples at 25 and 40 °C in 3.5 wt% NaCl solution. For both as-cast and heat-treated samples, increasing the flow rate (i.e., electrode rotating rate) linearly reduces the corrosion resistance, indicating that the metal dissolution rate is significantly affected by hydrodynamic flow. Increasing the solution temperature negatively impacts the corrosion behavior of the as-cast and heat-treated samples at all flow conditions.",17.0,6.847058823529411,0.7,0.611764705882353,0.041176470588235294,0.0058823529411764705,0.5022970903522205,2021,15.926829268292684
https://doi.org/10.3390/cmd2030025,The PARC_CL 2.1 Crack Model for NLFEA of Reinforced Concrete Elements Subjected to Corrosion Deterioration,2021,7,True,article,Corrosion and Materials Degradation,"During their service life, existing structures may suffer a combination of ageing and reinforcement corrosion. The corrosion deterioration can significantly affect the durability of reinforced concrete (RC) elements causing premature concrete crushing, size reduction of reinforcement cross-section, degradation of mechanical properties of steel and concrete, and stirrups rupture. One of the main purposes related to durability reduction is the evaluation of the maintenance of adequate safety and residual capacity throughout the life of the structure. For this reason, a non-linear finite element approach (NLFEA), based on multi-layer shell elements and PARC_CL 2.1 crack model has been presented in this paper. The PARC_CL 2.1 model is a fixed crack model developed at the University of Parma and implemented in a subroutine UMAT for ABAQUS that incorporates cyclic constitutive laws of materials and the evolution of corrosion over time. In the present work, the crack model was improved by implementing the effects of exposure to environmental attack. Firstly, the effectiveness of the proposed model has been validated through comparison with experimental data available in literature. The residual capacity of corroded RC panels subjected to cyclic loads was then investigated over time considering different exposure classes. Based on the obtained results, the capacity reduction in terms of maximum shear stress and ductility have been estimated over time.",19.454545454545453,6.747663551401869,0.6542056074766355,0.6261682242990654,0.014018691588785047,0.02336448598130841,0.43950995405819293,2021,15.926829268292684
https://doi.org/10.3390/cmd4030018,Carbonation-Induced Corrosion of Reinforced Concrete Elements according to Their Positions in the Buildings,2023,7,True,article,Corrosion and Materials Degradation,"Most regulations on the manufacturing of concrete for reinforced concrete structures rest on durability models that consider the corrosion of reinforcements. Those models are based on factors such as humidity, frost, presence of chlorides, and internal characteristics of the concrete itself, like resistance, porosity, type of cement, water/cement ratio, etc. No regulations, however, adopt a purely constructive perspective when evaluating the risk of corrosion, i.e., the relative position of the reinforced concrete in buildings. The present work focuses on the relationship between the position of the damaged element and the building envelope. A total of 84 elements (columns and reinforced concrete beams) across twenty buildings were analysed in the provinces of Alicante and Murcia (Spain). The reinforcement concrete of these elements underwent carbonation-induced corrosion according to their positions in the buildings: (A) façade columns in contact with the ground; (B) interior columns in contact with the ground; (C) columns of walls in contact with the ground; (D) columns and external beams protected from rain; (E) columns and external beams exposed to rain; (F) columns and beams in air chambers under sanitary slabs; and (G), columns and interior beams. Of all types, elements (E) and (F) suffered carbonation-induced corrosion faster than the models used in the regulations, and type (G) underwent slower carbonation.",23.555555555555557,6.660377358490566,0.6273584905660378,0.5613207547169812,0.018867924528301886,0.018867924528301886,0.6271676300578034,2023,11.161290322580646
https://doi.org/10.3390/cmd2040038,Development of Multifunctional CoAl Based Layered Double Hydroxide Protective Film on Aluminum Alloy,2021,6,True,article,Corrosion and Materials Degradation,"A protective CoAl-layered double hydroxide (LDH) thin film was developed directly on the aluminum substrate. Further, the low-surface-energy molecules (1H, 1H, 2H, 2H perfluorododecyl trichlorosilane) were incorporated inside the LDH network through an anion exchange mechanism to obtain a superhydrophobic CoAl-LDH surface. The developed films were characterized by scanning electron microscopy (SEM-EDS), X-ray diffraction (XRD), and Fourier transform infrared spectroscopy (FT-IR), and additional contact angle measurements were made to evaluate the superhydrophobicity of modified CoAl-LDHs against different solutions. The water contact angle (WCA) of the modified CoAl-LDH surface was observed to be about 153° and remained sufficiently stable after long-term immersion in NaCl solution. The effect of excessive ultrasonication on film structural variations and superhydrophobicity was also analyzed for outdoor applications. The high charge transfer resistance observed from the analysis of long-term electrochemical impedance spectroscopy (EIS) indicates the significant corrosion-resistance properties of the developed CoAl-LDHs. This research on protective CoAl-LDHs will bring insights into the understanding of new aspects of surface protection and implementation in many engineering applications.",24.0,7.625,0.7142857142857143,0.7321428571428571,0.02976190476190476,0.041666666666666664,0.3767228177641654,2021,15.926829268292684
https://doi.org/10.3390/cmd1030018,Indirect Galvanostatic Pulse in Wenner Configuration: Numerical Insights into Its Physical Aspect and Its Ability to Locate Highly Corroding Areas in Macrocell Corrosion of Steel in Concrete,2020,5,True,article,Corrosion and Materials Degradation,"The use of indirect electrical techniques is gaining interest for monitoring the corrosion of steel in concrete as they do not require any connection to the rebar. In this paper, we provide insights into the physical aspects of the indirect galvanostatic pulse (GP) method in the Wenner configuration. Considering uniform corrosion, the instantaneous ohmic drop is decreased due to the presence of the rebar, which acts as a short-circuit. However, we observed that this phenomenon is independent of the electrochemical parameters of the Butler–Volmer equation. They are, however, responsible for the nonlinear decrease of the current that polarizes the rebar over time, especially for a passive rebar due to its high polarization resistance. This evolution of the resulting potential difference with time is explained by the increase of the potential difference related to concrete resistance and the global decrease of the potential difference related to the polarization resistance of the rebar. The indirect GP technique is then fundamentally different than the conventional one in three-electrode configuration, as here the steady-state potential is not only representative of polarization resistance but also of concrete resistance. Considering non-uniform corrosion, the presence of a small anodic area disturbs the current distribution in the material. This is essentially due to the different capability of anodic and cathodic areas to consume the impressed current, resulting in slowing down the evolution of the transient potential as compared to uniform corrosion. Hence, highly corroding areas have a greater effect on the transient potential than on the steady-state one. The use of this temporal evolution is thus recommended to qualitatively detect anodic areas. For the estimation of their length and position, which is one of the main current problematic issue when performing any measurement on reinforced concrete (RC) structures with conventional techniques, we suggest adjusting the probe spacing to modulate the sensitivity of the technique.",25.5,6.647058823529412,0.5816993464052288,0.49019607843137253,0.016339869281045753,0.006535947712418301,0.107095046854083,2020,46.6875
https://doi.org/10.3390/cmd2010007,In-Situ Evaluation of the Protectivity of Coatings Applied to Metal Cultural Artefacts Using Non-Destructive Electrochemical Measurements,2021,5,True,article,Corrosion and Materials Degradation,"Electrochemical Noise Measurement (ENM) and DC electrolytic resistance measurement (ERM) can be used to assess the level of protectiveness provided by an organic coating (paint or varnish) to the underlying metal. These techniques also have applicability to the thinner, transparent type of coatings used to protect archaeological artefacts. Two studies are presented here demonstrating how ERM and ENM techniques can be applied in artefact preservation. The similarity of the techniques, both of which are a measure of resistance, means results can be considered to be analogous. The first study investigated the use of ERM to determine the protection levels provided by typical coatings in order to develop a database of coating type and application for objects, for specific environments. The second study used ENM to evaluate coatings which had been applied to historic artefacts recovered from shipwrecks in the Baltic Sea and displayed inside the museum or kept in the museum store area. The studies showed the usefulness of both techniques for determining the level of protection of a coating and how a better performing coating can be specified if a pre-existing coating on an artefact has been found to be unsuitable.",27.428571428571427,6.322916666666667,0.578125,0.5572916666666666,0.010416666666666666,0.020833333333333332,0.3139356814701378,2021,15.926829268292684
https://doi.org/10.3390/cmd3010007,Corrosion Fatigue Behavior of Twin Wire Arc Sprayed and Machine Hammer Peened ZnAl4 Coatings on S355 J2C + C Substrate,2022,5,True,article,Corrosion and Materials Degradation,"Offshore installations, e.g., offshore wind turbines and pipelines, are exposed to various mechanical loads due to wind or waves and corrosive loads such as seawater or mist. ZnAl-based thermal sprayed coatings, often in conjunction with organic coatings, provide sufficient corrosion protection and are well established for applications in marine environments. In this study, machine hammer peening (MHP) is applied after twin wire arc spraying to improve corrosion fatigue behavior through increased hardness, reduced porosity, and roughness compared to as-sprayed coatings. Mn-alloyed structural steel S355 J2 + C with and without ZnAl4 coating as well as with MHP post-treated ZnAl4 coating were cyclically loaded in 3.5% NaCl solution. MHP leads to a uniform coating thickness with lower porosity and roughness. ZnAl4 coating and MHP post-treatment improved corrosion fatigue behavior in the high cycle fatigue regime with an increase of the stress amplitude, applied to reach a number of cycles 1.2 × 106, up to 115% compared to sandblasted specimens. Corrosive attack of the substrate steel was successfully avoided by using the coating systems. Stress- and microstructure-dependent corrosion fatigue damage mechanisms were evaluated by mechanical and electrochemical measurement techniques.",15.583333333333334,6.775401069518717,0.732620320855615,0.6898395721925134,0.026737967914438502,0.0053475935828877,0.38684719535783363,2022,12.925
https://doi.org/10.3390/cmd3010009,The Influence of CaCl2-Blended Acrylic Polymer on Steel Rebar Corrosion and Acid Attack Resistance of Mortar,2022,5,True,article,Corrosion and Materials Degradation,"A realistic forecast of the impact of CaCl2-blended acrylic polymer (CP) emulsions on steel reinforcement corrosion is difficult without a detailed study. This is traceable to the conflicting effects of cement additives on the chloride threshold value, pore solution chemistry, and matrix resistivity. Hence, in the study reported herein, the actual influence of 0.5–1.5 wt% CP on rebar corrosion was assessed via an accelerated corrosion test. The macrocell current, half-cell potential measurements (HCP), reinforcement cover crack propagation, and rebar deterioration were monitored. The resistance of mortar specimens to acid-induced degradation was also evaluated over time. The corrosion test results indicate that steel rebar corrosion initiation in the mortar expedited as the CP dosage in mixtures increased. Consequently, the time required for the CP-modified specimens to crack shortened. Moreover, non-uniform rebar section loss and surface crack width widening were also observed in CP-modified mortar specimens. However, X-ray diffraction (XRD) analyses of the plain Ref and 1.5% CP corrosion byproduct residues indicated that key phases such as akaganeite, goethite, lepidocrocite, hematite, and magnetite were quantitatively similar. Interestingly, the addition of 1.0–1.5% CP to mixtures enhanced the acid attack resistance of mortars. For now, these results indicate that CP should only be used as a chemical admixture in unreinforced cement composites.",13.0,6.8701923076923075,0.7211538461538461,0.6682692307692307,0.019230769230769232,0.009615384615384616,0.38684719535783363,2022,12.925
https://doi.org/10.3390/cmd4030023,Corrosion of Silica-Based Optical Fibers in Various Environments,2023,5,True,article,Corrosion and Materials Degradation,"This research article explores the potential of optical fibers as sensors, highlighting their ability to measure various parameters such as temperature, pressure, stress, and radiation dose. The study focuses on investigating the material compatibility of optical fibers in challenging sensing environments like Gen II/II+ and advance nuclear reactors, as well as concentrated solar power (CSP) plants. Material compatibility tests were conducted to determine the feasibility of using fluorine and germanium optical fiber sensors in these environments. The study found that raw fibers were corrosion-resistant to lead bismuth eutectic at 600 °C, regardless of the coating. In molten salt environments, raw fibers were incompatible with FLiNaK but showed corrosion resistance to MgCl₂-NaCl-KCl. However, the survivability of raw fiber optics improved with a gold coating in FLiNaK. Raw fiber optics were found to be incompatible in high-temperature steam at 1200 °C and in a pressurized water reactor (PWR) at 300 °C.",21.285714285714285,6.691275167785235,0.6912751677852349,0.6442953020134228,0.013422818791946308,0.020134228187919462,0.44797687861271673,2023,11.161290322580646
https://doi.org/10.3390/cmd4040030,"Evaluating the Impact of Redox Potential on the Corrosion of Q125, 316L, and C276 Steel in Low-Temperature Geothermal Systems",2023,5,True,article,Corrosion and Materials Degradation,"Time series experiments were used to explore the fluid redox impact on the corrosion of Q125, 316L, and C276 steels in low-ionic-strength and neutral water at temperature and pressure conditions associated with low-temperature geothermal systems. After exposing polished samples of each steel grade to an oxidizing (H2O2) and a reducing (Zn-doped) fluid for intervals of 24 h, 1 week, and 6 weeks, the atomic force microscopy results revealed general corrosion for Q125, while 316L and C276 exhibited pitting, crevice expansion, and edge attack corrosion. Secondary depositional features are frequently found as topographic highs, adjacent to pitting corrosion. These features may be identified as there is a very strong spatial correlation between the height retrace and phase retrace surface maps. All steels became progressively rougher over time after exposure to both fluids, while the corrosion rates were more complex. Samples exposed to the reducing fluid experienced an increase in the corrosion rate over time, while C276 and 316L experienced a decrease in the corrosion rate. Finally, a novel data validation technique was developed to address the intrinsic scalability of corrosion. The results indicate that the AFM scan area does not affect the measured surface roughness over nearly three orders of magnitude.",25.0,6.5,0.67,0.67,0.03,0.025,0.44797687861271673,2023,11.161290322580646
https://doi.org/10.3390/cmd5010005,The AA7075–CS1018 Galvanic Couple under Evaporating Droplets,2024,5,True,article,Corrosion and Materials Degradation,"The galvanic corrosion behavior of the AA7075–CS1018 couple was examined in dynamic electrolytes using the ZRA technique. A modified electrochemical setup was developed to support the use of thin-film gel and liquid electrolytes on metallic surfaces. This allowed the collection of chemical information, left behind by the liquid electrolyte during evaporation, through a thin-film gel. The analysis of the gel electrolyte film confirmed the acidification on AA7075 and the alkalinization on CS1018 but also offered novel insights on their dependence on the galvanic current. The galvanic current was proportional to the initial NaCl concentration in the range of 0.01 to 0.06 M. However, due to continuous evaporation, the NaCl concentration increased, limiting oxygen diffusion and decreasing the galvanic current, especially for electrolytes exceeding 0.06 M. The galvanic current was determined by considering the dynamic evolution (caused by the evaporation of the electrolyte film) of both the thickness of the electrolyte and its concentration.",15.3,6.751633986928105,0.6143790849673203,0.5555555555555556,0.0457516339869281,0.013071895424836602,1.0,2024,5.0
https://doi.org/10.3390/cmd3030018,Green-High-Performance PMMA–Silica–Li Barrier Coatings,2022,4,True,article,Corrosion and Materials Degradation,"Organic-inorganic coatings based on polymethyl methacrylate (PMMA)–silica–lithium are an efficient alternative to protect metals against corrosion. Although the preparation methodology is established and the thin coatings (~10 µm) are highly protective, the use of an environmentally friendly solvent has not yet been addressed. In this work, PMMA–silica coatings were synthesized using 2-propanol as a solvent and deposited on aluminum alloy AA7075, widely used in the aeronautical industry. Different concentrations of lithium carbonate (0–4000 ppm) were incorporated into the hybrid matrix to study the structural and inhibitive effects of Li+ in terms of barrier efficiency of the coatings in contact with saline solution (3.5% NaCl). Structural and morphological characterization by low-angle X-ray scattering, X-ray photoelectron spectroscopy, atomic force microscopy, thermogravimetric analysis, thickness, and adhesion measurements, showed for intermediate lithium content (500–2000 ppm) the formation of a highly polymerized PMMA phase covalently cross-linked by silica nodes, which provide strong adhesion to the aluminum substrate (15 MPa). Electrochemical impedance spectroscopy (EIS) results revealed an excellent barrier property in the GΩ cm2 range and durability of more than two years in a 3.5% NaCl solution. This performance can be attributed to the formation of a highly reticulated phase in the presence of Li, which hinders the permeation of water and ions. Additionally, the self-healing ability of scratched samples was evidenced by EIS assays showing a fast Li-induced formation of insoluble products in damaged areas; thus, constituting an excellent eco-friendly solution for corrosion protection of aerospace components.",24.2,7.074380165289257,0.6942148760330579,0.7148760330578512,0.012396694214876033,0.012396694214876033,0.3094777562862669,2022,12.925
https://doi.org/10.3390/cmd3030024,Prevention of Corrosion in Post-Tensioned Structures: Electrically Isolated Tendons,2022,4,True,article,Corrosion and Materials Degradation,"Post-tensioning structures with metallic ducts risk corrosion, rupture or collapses due to chloride ingress. The use of tight corrugated polymer ducts combined with electrically isolated anchorages (EIT) changed the situation. Laboratory and many field applications proved the tightness of the duct, showing resistance values higher or much higher than 50 kΩm, the acceptance criteria for a tight duct. The most important fact is that EIT tendons allow quality control and long-term monitoring of the duct tightness. EIT ducts (also with resistance values below the threshold criteria) can be monitored over the whole service life: only a progressive decrease of the measured resistance indicates a corrosion risk for this specific tendon. The most important structural elements can be easily monitored for the first time and damage initiation can be detected early. After a successful use in Europe EIT technology is now expanding progressively in the US.",20.714285714285715,6.510344827586207,0.6413793103448275,0.6758620689655173,0.020689655172413793,0.041379310344827586,0.3094777562862669,2022,12.925
https://doi.org/10.3390/cmd3040035,Degradation of Steel Wires in Bimetallic Aluminum–Steel Conductors Exposed to Severe Corrosion Conditions,2022,4,True,article,Corrosion and Materials Degradation,"High-voltage electrical cables are prone to saline corrosion, mostly in coastal environments. Steel wires are a crucial element in withstanding the mechanical solicitations of commonly used aluminum conductor steel reinforced (ACSR) cables. An experimental accelerated corrosion test was made, using salt spray tests on greased and ungreased ACSR cables and individual galvanized steel wires. The corrosion mechanism occurring on the specimens was observed by optical microscopy for several durations of corrosion, to determine the evolution of the galvanic layer and steel substrate degradation. This study was completed by an SEM (Scanning Electron Microscopy) and Raman spectroscopy analysis to characterize the corrosion products occurring on the galvanized steel wires. An estimation of the evolution of the mean zinc thickness loss is also given, for each type of specimen. It is shown that the loss rate of the zinc layer is significantly reduced by the presence of aluminum layers around the steel wires and by the effect of the grease. Tensile tests were made on the exposed galvanized steel wires which led to fracture surface observations to assess the effect of corrosion on the evolution of mechanical properties.",23.25,6.521505376344086,0.6774193548387096,0.5698924731182796,0.026881720430107527,0.026881720430107527,0.3094777562862669,2022,12.925
https://doi.org/10.3390/cmd4030025,Plasma Electrolytic Oxidation on Magnesium AZ31 with Sepiolite as Inhibitor Carrier for Improved Corrosion Protection,2023,4,True,article,Corrosion and Materials Degradation,"Plasma electrolytic oxidation (PEO) in an alkaline silicate electrolyte containing nanosized sepiolite fibers was carried out on magnesium alloy AZ31. The mineral fibers were loaded with different corrosion inhibitors and incorporated in situ during the PEO treatment. The composition and microstructure of the PEO coatings were investigated by SEM. It was shown that the fibers are located on the surface as well as inside the “weak spots” of the coating, i.e., pores and discharge channels. The fixation of the particles is caused by sintering due to the heat developed during the PEO treatment. Investigations using electrochemical impedance spectroscopy and linear sweep voltammetry in 0.01 M NaCl solution confirmed an improvement of the corrosion protection. The use of the inhibitors shifts the critical pitting potential in the anodic direction. Regarding efficiency, cerium-loaded sepiolite showed the best behavior by shifting the pitting potential by +0.9 V.",12.0,6.618055555555555,0.6666666666666666,0.6944444444444444,0.04861111111111111,0.0,0.3583815028901734,2023,11.161290322580646
https://doi.org/10.3390/cmd5020011,Impact of the Delay Period between Electrochemical Hydrogen Charging and Tensile Testing on the Mechanical Properties of Mild Steel,2024,4,True,article,Corrosion and Materials Degradation,"With escalating global regulatory pressure for countries to adhere to emission laws, repurposing existing natural gas pipelines for hydrogen-based commodities stands to be an economical solution. However, the effects of hydrogen embrittlement must be thoroughly considered for this application to avoid the unexpected catastrophic failure of these pipelines. The literature proposes several physicochemical embrittlement models. This paper reports one aspect of hydrogen embrittlement that remains to be quantified: the recovery of ductility (embrittlement) of mild steel specimens subjected to artificially accelerated hydrogen absorption via electrochemical charging as a function of time. The effects of charging duration and particularly the delay period between charging and mechanical tensile testing were investigated. Unsurprisingly, longer charging time shows a greater loss of elongation; however, a more extensive recovery of ductility correlated with longer charging time in the first few days after charging. The data also show that while the uncharged mild steel met all minimum required values for strength and elongation for the specified grade, there was a substantial variability in the elongation to failure. The same trends in variability of elongation translated to the hydrogen-charged specimens. Due to this extensive variability, failure to meet the elongation specification of the grade is reported based on the worst-case scenario obtained for a given set of samples for each exposure condition. These results have practical implications for the monitoring and testing of infrastructure exposed to hydrogen, particularly as this relates to industry planned operational shutdown schedules.",24.0,7.058333333333334,0.6208333333333333,0.6,0.016666666666666666,0.025,0.8,2024,5.0
https://doi.org/10.3390/cmd5030016,Effect of Heating Rate on Microstructure and Corrosion Resistance of Quenched and Tempered 8620 Low Carbon Alloy Steel,2024,4,True,article,Corrosion and Materials Degradation,"In the process of heat treatment of 8620 low alloy steel, the heating rate is a critical parameter that must be carefully controlled to achieve the desired combination of microstructural features, mechanical properties, and corrosion resistance while simultaneously ensuring process efficiency and cost-effectiveness. This study investigates, for the first time, the microstructural evolution and electrochemical properties of 8620 steel under identical quenching and tempering heat treatment routes with slow-rate (SR) and fast-rate (FR) heating rates. Microstructural analysis revealed martensitic phases for SR, while FR exhibited a dual-phase microstructure containing ferrite. Upon tempering, for both samples, the martensite transformed into tempered martensite, with tempered (Temp) FR exhibiting around 50% smaller ferrite grains. Mechanical testing indicated that SR had 17% higher hardness than FR, although hardness decreased after tempering by 22% (SR) and 17% (FR). All electrochemical tests indicated that the as-quenched SR exhibited significantly superior corrosion resistance than FR. For instance, the polarization resistance of SR was 440 Ω higher than that of the FR samples. Tempering resulted in a considerable decrease in corrosion resistance for Temp SR, whereas Temp FR improved. Electrochemical characterization revealed Temp FR displayed close-to-ideal capacitive behavior and low double-layer capacitance, indicating enhanced overall corrosion resistance.",22.11111111111111,7.28140703517588,0.7085427135678392,0.6180904522613065,0.035175879396984924,0.03015075376884422,0.8,2024,5.0
https://doi.org/10.3390/cmd3040040,Influence of Exposure Conditions and Particulate Deposition on Anodized Aluminum Corrosion,2022,3,True,article,Corrosion and Materials Degradation,"Anodizing is commonly used for corrosion protection of aluminum and its alloys in the construction industry. The anodic aluminum oxide (AAO) coating has a high ability to prevent the development of extensive pitting corrosion in aluminum substrates, particularly in marine sites, as was observed during a 10-year atmospheric corrosion study carried out in several marine and industrial sites. However, this study also evidenced that this coating can be highly affected by the deposition of particulate material in industrial polluted environments, sometimes in unexpected ways. This study presents information on the atmospheric corrosion of anodized aluminum exposed at two different chemical industrial complexes: a fertilizer production plant and a pulp and paper mill. Visual assessment of surface changes, pitting depth and mass variation with exposure were determined to quantify the degradation suffered. Additionally, SEM/EDS analyses were carried out on the exposed surfaces. Based on the results obtained, the role played by the deposition of airborne particles present in the two environments with respect to the type and level of damage observed is discussed. Deposits of roasted pyrite ash and phosphates or of wood chips and lime particles enhanced pitting corrosion or caused dissolution of the AAO coating.",24.5,6.663265306122449,0.6428571428571429,0.6275510204081632,0.030612244897959183,0.02040816326530612,0.23210831721470018,2022,12.925
https://doi.org/10.3390/cmd5040020,Cyclic Loading of Metallic Glasses Prepared Using Cryogenic Treatments,2024,3,True,article,Corrosion and Materials Degradation,"This study investigates the degradation of mechanical properties in CuZr metallic glasses (MGs) under cyclic loading using molecular dynamics simulations. Both as-cast (AC) and cryogenically thermal-cycled (TC) samples with Cu36Zr64 and Cu64Zr36 compositions were analyzed. Results show that cyclic loading significantly degrades Young’s modulus, ultimate tensile stress, and toughness, with most pronounced reductions occurring in the initial cycles. TC samples exhibit improved ductility and stability compared to AC samples. In contrast, AC samples demonstrate greater initial strength but faster degradation. Cu-rich samples maintain higher strength but degrade similarly to Cu-poor samples. The AC Cu-rich sample experiences more localized deformation and delayed degradation, while TC and AC Cu-poor samples quickly reach a steady state. These findings highlight the influence of atomic composition and thermal treatments on the mechanical performance and degradation behavior of MGs.",16.625,7.3007518796992485,0.7368421052631579,0.7293233082706767,0.015037593984962405,0.022556390977443608,0.6,2024,5.0
https://doi.org/10.3390/cmd6020025,Microstructural and Mechanical Characterization of Corroded Aluminum Wires from ACSR Strand,2025,3,True,article,Corrosion and Materials Degradation,"Aluminum Conductors Steel-Reinforced (ACSR) conductors are typically used in overhead transmission lines. Corrosion is an important degradation mechanisms that might affect the lifetime of this essential electricity network component. Considering the complexity of conductors, it is difficult to predict the damage of these conductors in corrosive environments. The objective of this paper is to evaluate the effect of grease and conductor geometry on the mechanical properties of aluminum strand composing the envelope of ASCR conductors. Thus, ACSR wires and strands have been evaluated in corrosion by the mean of accelerated corrosion tests. Tensile, fatigue and torsion test results are presented to examine the effect of corrosion on aluminum strands. The influence of corrosion on mechanical characteristics is established by a decrease in ductility, maximum elongation and tensile strength for the longest exposition (336 days). This significant reduction in the internal layer of ungreased wires confirms the importance of the galvanic corrosion mechanism of aluminum wires. This evolution concerns only aluminum wires of non-greased conductors, confirming the crucial role of grease as protection against corrosion.",19.333333333333332,6.948275862068965,0.6551724137931034,0.6091954022988506,0.040229885057471264,0.017241379310344827,1.6299212598425197,2025,1.8405797101449275
https://doi.org/10.3390/cmd4010002,Development of Photocatalytically Active Anodized Layers by a Modified Phosphoric Acid Anodizing Process for Air Purification,2022,2,True,article,Corrosion and Materials Degradation,"One of the key urban air quality issues is pollution by nitrogen oxides (NOx). To reduce NOx, facade cladding could be provided with photocatalytic properties by incorporating titanium dioxide nanoparticles. For this purpose, a modified phosphoric acid anodizing process (MPAA) was developed for the facade alloy EN AW-5005, in which highly ordered anodized structures with a low degree of arborization and tortuosity were produced. Pore widths between 70 nm and 150 nm and layer thicknesses of about 2–3 μm were obtained. The subsequent impregnation was carried out by dip coating from water-based systems. Depending on the dip-coating parameters and the suspension used, the pores can be filled up to 60% with the TiO2 nanoparticles. Photocatalytic tests according to ISO 22197-1 certify a high photocatalytic activity was obtained with rPCE values &gt; 8 and with rPCE &gt; 2, achieving “photocatalytically active for air purification”. Tests on the corrosion resistance of the anodized coatings with a commercially available aluminum and facade cleaner confirm a protective effect of the anodized coatings when compared with nonanodized aluminum material, as well as with compacted anodized layers.",22.625,6.535911602209945,0.6629834254143646,0.6961325966850829,0.03867403314917127,0.016574585635359115,0.15473887814313345,2022,12.925
https://doi.org/10.3390/cmd5030014,Influence of Isothermal Annealing in the 600 to 750 °C Range on the Degradation of SAF 2205 Duplex Stainless Steel,2024,2,True,article,Corrosion and Materials Degradation,"We studied the effect of isothermal annealing (600–750 °C, 1 to 1000 min) on the microstructure and mechanical properties of SAF 2205 duplex stainless steel. Impact toughness was found to be significantly more affected than hardness by annealing. Annealing at 750 °C for 1000 min resulted in a more than 90% decrease in impact toughness, while hardness only increased by 25%. Tensile strength increased up to 100 MPa, but elongation decreased by more than 50% under the same conditions. Sigma phase formation was minimal at lower temperatures (650 °C and below) but increased significantly at higher temperatures. At 750 °C and 1000 min of annealing, the ferrite content dropped from 50% to 16%. These findings suggest that annealing temperature and time need to be carefully controlled to avoid a reduction in impact toughness and ductility caused by sigma phase precipitation. The harmful effect of sigma phase precipitation on mechanical properties was directly shown.",19.125,6.235294117647059,0.6535947712418301,0.5882352941176471,0.0392156862745098,0.026143790849673203,0.4,2024,5.0
https://doi.org/10.3390/cmd6020016,"In Situ Surface-Enhanced Raman Spectroscopy Investigation of the Passive Films That Form on Alloy 600, Alloy 690, Unalloyed Cr and Ni, and Alloys of Ni-Cr and Ni-Cr-Fe in Pressurized Water Nuclear Reactor Primary Water",2025,2,True,article,Corrosion and Materials Degradation,"Passive films that form on Alloy 600 and Alloy 690 during four hours in simulated Primary Water (PW) of Pressurized Water Nuclear Reactors (PWRs) at 320 °C were investigated by in situ surface-enhanced Raman spectroscopy (SERS). Similar tests conducted on unalloyed nickel, unalloyed chromium, and laboratory alloys of Ni-10Cr, Ni-20Cr, Ni-5Cr-8Fe, and Ni-10Cr-8Fe aided in assigning the peaks in the surface-enhanced Raman (SER) spectra of the passive films of Alloy 600 and Alloy 690. SERS indicates an inner layer (IL) of Cr2O3/CrOOH forms on both Alloy 600 and Alloy 690 and that Alloy 690’s IL was more protective against corrosion due to its greater resistance to ion transport. The outer layer (OL) of Alloy 600 consists of NiO and spinels, FeCr2O4—M(Cr,Fe)2O4. The OL of Alloy 690 contains no spinel. A comparison of SER spectra in 320 °C PWR PW to the spectra following cooling down to room temperature and after exposure to air indicates some differences between in situ films and ex situ films.",27.333333333333332,6.0,0.6707317073170732,0.6341463414634146,0.018292682926829267,0.018292682926829267,1.0866141732283465,2025,1.8405797101449275
https://doi.org/10.3390/cmd6020023,Electrochemical Behavior of Cobalt–Chromium Alloy Exposed to Effervescent Denture Cleansers,2025,1,True,article,Corrosion and Materials Degradation,"This study demonstrates that effervescent denture cleansers can influence the electrochemical behavior of cobalt–chromium (Co-Cr) alloys, with a particular focus on their corrosion resistance. The findings underscore the importance for dental professionals of selecting cleansers compatible with Co-Cr prostheses to minimize material degradation and enhance clinical durability. Corrosion resistance was evaluated using open-circuit potential (OCP), corrosion current density (icorr), and passivation current density (ipass). Surface morphology and elemental composition were analyzed through scanning electron microscopy (SEM) and energy-dispersive X-ray spectroscopy (EDS). Forty specimens (n = 5 per group) were individually immersed in one of ten test solutions: distilled water (DW), artificial saliva (AS), and eight commercial denture cleansers—Polident 3 minutes™ (P3M), Steradent™ (St), Polident for Partials™ (PP), Efferdent™ (Ef), Corega Tabs™ (CT), NitrAdine™ (Ni), Fixodent™ (Fi), and Kukident™ (Ku). Each specimen was exposed a single solution to avoid cross-contamination. Results showed St, Ef, and Ku had higher OCP values than DW and Ni (p &lt; 0.05), indicating better corrosion resistance. AS exhibited lower OCP values compared to St (p = 0.034), Ku (p = 0.023), and P3M (p = 0.050). DW had higher icorr than PP (p = 0.030), CT (p = 0.005), and P3M (p = 0.003). For ipass, DW had lower values than Ef (p = 0.025) and Ku (p = 0.016). SEM and EDS revealed no significant surface alterations. Understanding the underlying corrosion mechanisms in different solutions provides valuable insights into optimizing material performance and ensuring durability in clinical applications. The corrosion resistance of Co-Cr depends on the stability of the passive oxide layer, which can be degraded by chloride ions, reinforced by sulfate ions, and influenced by active ingredients in denture cleansers. Overall, the Co-Cr alloy demonstrated acceptable corrosion resistance, underscoring the importance of selecting suitable cleansers for prosthesis longevity.",12.782608695652174,6.843537414965986,0.7653061224489796,0.6836734693877551,0.034013605442176874,0.013605442176870748,0.5433070866141733,2025,1.8405797101449275
https://doi.org/10.3390/cmd6030032,A Stochastic Corrosion Fatigue Model for Assessing the Airworthiness of the Front Flanges of Fleet Aero Engines Using an Automated Data Analysis Method,2025,1,True,article,Corrosion and Materials Degradation,"Corrosion, combined with cyclic loading, is inevitable and becomes a challenging problem, even when inherently corrosion-protected materials have been selected and applied based on established in-house experience. Aero engine mount structures are exposed to dusty and salty environmental conditions during both operational and non-operational periods. It is becoming tough to predict the remaining useful corrosion fatigue life due to the unascertainable material strength degradations under service conditions. As such, a rationalized approach is currently being used to assess their structural integrity, which produces more wastages of the flying parts. This paper presents a novel approach for predicting corrosion fatigue by proposing a random-parameter model in combination with validated experimental data. The two-random-parameter model is employed here with the probability method to determine the time-independent corrosion fatigue life of a magnesium structural casting, which is used heavily in engine front-mount aircraft systems. This is also correlated with experimental data from the literature, validating the proposed stochastic corrosion fatigue model that addresses the technical variances that occur during service to increase optimal mount structure usage using an automated data system.",25.428571428571427,7.230337078651686,0.702247191011236,0.7078651685393258,0.02247191011235955,0.011235955056179775,0.5433070866141733,2025,1.8405797101449275
https://doi.org/10.3390/cmd6040063,Field Exposure of Duplex Stainless Steel in the Marine Environment: The Impact of the Exposure Zone,2025,1,True,article,Corrosion and Materials Degradation,"Owing to its corrosion resistance, stainless steel is a sustainable alternative to carbon steel as a structural material in challenging seawater environments. Studies on carbon steel indicate that among all marine corrosion zones (i.e., atmospheric zone, splash zone, tidal zone, and immersed zone), the rate of corrosion is particularly high in the splash zone, above the seawater level, due to the recurrent splashing of seawater with high levels of oxygen and chloride content. Nevertheless, the information on the extent of localized corrosion (i.e., pitting and crevice corrosion) on stainless steel in the splash and tidal zones is scarce and, in most cases, limited to standard austenitic grades. In this work, we present the pitting and crevice corrosion results on lean duplex, duplex, and super duplex stainless steels after two years of field exposure in the North Sea (site at Heligoland South Harbour). The standard austenitic grade 1.4404 (316L) was also exposed as a reference material in atmosphere and splash zone conditions. Parallel exposure of coupons in splash, tidal, and immersed zones allows comparison of the extent of corrosion in each zone and enables proper material selection for structural applications in marine environments.",17.454545454545453,6.395833333333333,0.6614583333333334,0.5520833333333334,0.041666666666666664,0.010416666666666666,0.5433070866141733,2025,1.8405797101449275
https://doi.org/10.3390/cmd6040067,Natural Orange Peel Extract as a Corrosion Inhibitor and Cleaning Agent for Surgical Instruments,2025,1,True,article,Corrosion and Materials Degradation,"This study evaluated the efficacy of an environmentally friendly degreasing agent formulated from orange peel extract as both a cleaning agent and corrosion inhibitor for surgical instruments manufactured from 316LVM stainless steel. The extract was obtained via microwave-assisted hydrodistillation and subsequently blended with biodegradable surfactants. Its performance was compared against a benchmark commercial cleaner (West Oxyclean®) through Tafel polarization, Electrochemical Impedance Spectroscopy (EIS), Fourier Transform Infrared Spectroscopy (FTIR), Scanning Electron Microscopy (SEM), and X-Ray Diffraction (XRD). FTIR analysis confirmed the presence of terpenic compounds, predominantly limonene, alongside ethers, alcohols, and unsaturated structure characteristics of citrus essential oils. Polarization and EIS results showed that the formulation containing 0.12% extract exhibited the highest charge-transfer resistance and the lowest corrosion current density (0.093 μA/cm2), achieving an inhibition efficiency of 81.29%, whereas the 0.08% formulation showed greater corrosive response than the commercial cleaner. SEM imaging demonstrated a progressive decline in both the severity and density of localized corrosion attacks with increasing extract concentration, while XRD diffractograms indicated a marked reduction in corrosion-product formation—completely absent at the optimal concentration. These findings demonstrate that orange peel extract functions as an effective and environmentally sustainable corrosion inhibitor, capable of preserving the structural and surface integrity of surgical-grade steel. Its technical performance, combined with its biodegradable profile, positions it as a promising alternative to conventional industrial cleaners within medical and hospital applications.",18.666666666666668,7.96875,0.7276785714285714,0.7366071428571429,0.05803571428571429,0.017857142857142856,0.5433070866141733,2025,1.8405797101449275
https://doi.org/10.3390/cmd7010014,Hydrogen-Induced Effects on Tensile Properties and Impact Toughness in Additively Manufactured vs. Wrought Austenitic Stainless Steels,2026,1,True,article,Corrosion and Materials Degradation,"The growing demand for hydrogen-based energy systems has intensified the need for structural materials with enhanced resistance to hydrogen-induced degradation. This study presents a comparative investigation of hydrogen-induced mechanical behavior and embrittlement susceptibility of laser powder bed fusion (LPBF) manufactured 316L steel and conventionally manufactured (CM) 316H steel. Tensile/Charpy testing, hydrogen charging (up to 115 h), OM, SEM, TEM, and EBSD analysis were employed to assess microstructure, strength, ductility, fracture characteristics, and phase stability. In the uncharged state, LPBF steel exhibited significantly higher strength but lower ductility than CM steel, attributed to its fine cellular sub-grain microstructure. Both steels showed similar hydrogen saturation kinetics, reaching ~9 ppm, with residual hydrogen levels of ~3.3 ppm after 90 days of desorption. Hydrogen exposure led to a more pronounced degradation of the tensile properties of the LPBF steel, with an up to 22% reduction in the ductility-based embrittlement index, while CM steel remained much less affected. Impact toughness in both materials resisted hydrogen embrittlement, retaining over 96% of initial values. Fractographic analysis of tensile specimens revealed subsurface brittle zones consistent with calculated hydrogen diffusion depths. EBSD data indicated that hydrogen-stabilized austenite in LPBF steel was achieved by suppressing deformation-induced martensitic transformation, despite increased dislocation activity. These findings suggest that, while LPBF steel is more vulnerable to hydrogen embrittlement under tensile loading via the HELP mechanism, its microstructure mitigates impact toughness degradation through hydrogen-induced austenite stabilization.",21.09090909090909,7.5,0.75,0.6853448275862069,0.04741379310344827,0.02586206896551724,6.166666666666666,2026,0.16216216216216217
https://doi.org/10.3390/cmd2030018,Differentiation of SCC Susceptibility with EIS of Alloy 182 in High Temperature Water,2021,5,True,article,Corrosion and Materials Degradation,"Electrochemical Impedance Spectroscopy (EIS) measurements were carried out in high temperature water with Ni-based Alloy-182. The aim was to correlate the EIS results with differences in Stress Corrosion Cracking (SCC) susceptibility that is present around the Ni-NiO transition. There was a clear difference between the EIS results at and away from the Ni-NiO transition. To make a more quantitative correlation a simple equivalent circuit was used to fit the experimental data. A clear correlation between the CPE exponent (n) and the SCC susceptibility could be obtained. Additionally, it was shown that the high frequency arc of the EIS data was related to the diffuse double layer",21.2,6.367924528301887,0.6226415094339622,0.6886792452830188,0.02830188679245283,0.02830188679245283,0.3139356814701378,2021,15.926829268292684
https://doi.org/10.3390/cmd2030020,Sulfide Stress Cracking of C-110 Steel in a Sour Environment,2021,5,True,article,Corrosion and Materials Degradation,"The scope of this study includes modeling and experimental investigation of sulfide stress cracking (SSC) of high-strength carbon steel. A model has been developed to predict hydrogen permeation in steel for a given pressure and temperature condition. The model is validated with existing and new laboratory measurements. The experiments were performed using C-110 grade steel specimens. The specimens were aged in 2% (wt.) brine saturated with mixed gas containing CH4, CO2, and H2S. The concentration H2S was maintained constant (280 ppm) while varying the partial pressure ratio of CO2 (i.e., the ratio of partial pressure of CO2 to the total pressure) from 0 to 15%. The changes occurring in the mechanical properties of the specimens were evaluated after exposure to assess material embrittlement and SSC corrosion. Besides this, the cracks developed on the surface of the specimens were examined using an optical microscope. Results show that the hydrogen permeation, and subsequently SSC resistance, of C-110 grade steel were strongly influenced by the Partial Pressure Ratio (PPR) of CO2 when the PPR was between 0 and 5%. The PPR of CO2 had a limited impact on the SSC process when it was between 10 and 15 percent.",15.076923076923077,6.11734693877551,0.673469387755102,0.5969387755102041,0.02040816326530612,0.0,0.3139356814701378,2021,15.926829268292684
https://doi.org/10.3390/cmd4010008,Erosion–Corrosion of Novel Electroless Ni-P-NiTi Composite Coating,2023,5,True,article,Corrosion and Materials Degradation,"The lifespan of low-carbon steel petroleum pipelines can often be shortened by the erosion–corrosion damage caused by their service conditions. Applying electroless Ni-P coating is a promising option to protect the steel from the environment due to its high hardness and corrosion resistance. However, electroless Ni-P has a low toughness but can be increased by the addition of NiTi ductile particles. This work produced electroless Ni-P and Ni-P-NiTi coatings of different thicknesses on AISI 1018 substrates and compared their erosion, corrosion, and erosion–corrosion behaviors. The methodology involved conducting slurry pot erosion–corrosion tests on AISI 1018 steel substrate, the monolithic Ni-P coatings, and the composite Ni-P-NiTi coatings. Erosion resistance was highly influenced by coating thickness, presumably because of the relationship between the erosion-induced compressive stresses and the coating’s as-plated internal stresses. The NiTi nanoparticle addition was highly effective at improving the erosion–corrosion resistance of the coating. Pitting corrosion and cracking were present after erosion–corrosion on the monolithic Ni-P coatings. However, the Ni-P-NiTi composite coating had a relatively uniform material loss. Overall, the AISI 1018 steel substrate had the worst erosion–corrosion resistance and 25 μm thick Ni-P-NiTi coating had the best.",18.9,7.095238095238095,0.6931216931216931,0.5555555555555556,0.037037037037037035,0.021164021164021163,0.44797687861271673,2023,11.161290322580646
https://doi.org/10.3390/cmd2020012,Effect of the Deposition Time and Heating Temperature on the Structure of Chromium Silicides Synthesized by Pack Cementation Process,2021,4,True,article,Corrosion and Materials Degradation,"Transition metal silicides have attracted great interest for their potential use in optoelectronic devices, photovoltaic cells, and thermoelectric conversion elements because of their high melting point, high oxidation resistance, and satisfactory thermoelectric properties. This study focuses on the effect of the deposition time and the heating temperature on the morphology and structure of the chromium silicides synthesized by the pack cementation method. A series of experiments were carried out at various temperatures (1000–1150 °C) with different deposition times (15–120 min). The morphology and the chemical composition of the samples were determined using SEM with an EDS analyzer. The structure determination and phase identification were performed by XRD analysis. The examination of the as-formed materials was completed by performing thermal stability tests. The most suitable conditions for producing CrSi2 sample with satisfactory properties and simultaneously minimizing the cost and production time are listed. It was found that the sample synthesized at 1000 °C for 15 min during the chromizing step, in combination with the siliconizing step at 1000 °C for 60 min, presents the best thermal stability and these selected temperatures offer appropriate, economical, and repeatable results.",23.25,6.946236559139785,0.6559139784946236,0.6559139784946236,0.021505376344086023,0.010752688172043012,0.25114854517611024,2021,15.926829268292684
https://doi.org/10.3390/cmd3030027,Electrochemical Evolution of Carbon Steel and Fe-9% Cr Steel Rebar in Simulated Concrete Pore Solution (SCPS) in the Presence of 3.5 wt% NaCl,2022,4,True,article,Corrosion and Materials Degradation,"Carbon steel rebar (ASTM A615) has been widely used in reinforced concrete (RC), but its susceptibility to chloride ions remains a critical issue. Low alloy chromium steel has been used to increase corrosion resistance and extend service life, such as in 9% Cr rebar (ASTM A1035-CS). In this work, we characterized two electrochemical systems over time: ASTM A615 and A1035-CS corrugated rebar immersed in SCPS in the presence of NaCl for 12 months. The interfacial processes evolution for the ASTM A1035-CS rebar for both general and local corrosion showed different active-passive responses from those of carbon steel. Because the 3.5% wt. NaCl exceeded the chloride threshold for passive breakdown of both materials, the ASTM A1035-CS showed a five-fold higher impedance and lower general corrosion rate. In localized conditions, the low alloy chrome content rebar showed less density localized attack than the ASTM A615 rebar. These results were attributed to the overall damage evolution involving the formation and stability of corrosion products over time. The local attack appeared to be a random spatial process due to changes in the local environment.",18.0,6.322222222222222,0.6833333333333333,0.6388888888888888,0.044444444444444446,0.022222222222222223,0.3094777562862669,2022,12.925
https://doi.org/10.3390/cmd2020014,Baseline Examinations and Autoclave Tests of 65 and 100 dpa Flux Thimble Tube O-Ring Specimens,2021,3,True,article,Corrosion and Materials Degradation,"This paper describes the methods and results of analytical TEM examinations and autoclave testing of two highly-irradiated flux thimble tube materials harvested from a commercial pressurized water reactor. The materials are cold-worked 316L, and accumulated 65 dpa and 100 dpa of radiation dose. To set the baseline for a broader study, the materials were examined in the as-irradiated condition and tested as O-ring specimens at relatively high constant loads in simulated PWR water conditions. Tests were also conducted with elevated hydrogen. For a given load, more rapid cracking was associated with higher radiation dose, and with the elevated hydrogen.",19.8,6.515151515151516,0.6767676767676768,0.7474747474747475,0.030303030303030304,0.0,0.1883614088820827,2021,15.926829268292684
https://doi.org/10.3390/cmd2040036,Effect of 6-Aminohexanoic Acid Released from Its Aluminum Tri-Polyphosphate Intercalate (ATP-6-AHA) on the Corrosion Protection Mechanism of Steel in 3.5% Sodium Chloride Solution,2021,3,True,article,Corrosion and Materials Degradation,"A new corrosion inhibitor called ATP-6-AHA was elaborated, and its inhibition action on S235 low carbon steel in 3.5% sodium chloride (NaCl) was investigated using gravimetry, potentiodynamic polarization (PP), and electrochemical impedance spectroscopy (EIS). The release of ecofriendly 6-aminohexanoic acid (6-AHA) from its established aluminum tri-polyphosphate intercalate (ATP-6-AHA) is investigated using electrochemical and surface characterization techniques such as X-ray diffraction (XRD) and X-ray fluorescence (XRF). The results revealed that ATP-6-AHA is a good inhibitor, with an inhibition efficiency of approximately 70%. The efficiency is related to the passivation of a steel surface by a phosphate protective layer due to the synergistic effect of 6-AHA, as confirmed by a steel surface analysis conducted using X-ray photoelectron spectroscopy (XPS) and scanning electron microscopy (SEM). This study suggests that the intercalation of 6-AHA as a sustainable organic molecule within the interlayer spaces of aluminum tri-polyphosphate can well serve as a good flaky inhibitor for protecting S235 low-carbon steel from corrosion in 3.5% NaCl.",22.857142857142858,7.0625,0.7,0.66875,0.03125,0.025,0.1883614088820827,2021,15.926829268292684
https://doi.org/10.3390/cmd4020016,Complete Desensitization of Aluminum–Magnesium Alloys via Boron Addition,2023,3,True,article,Corrosion and Materials Degradation,"We address here an important issue related to sensitization effects in Al5083 by mitigating the grain boundary precipitation of the beta phase and demonstrate that the addition of a small amount of boron to Al5083 impedes the precipitation of the beta phase, Al3Mg2, also known as the Samson phase. In Al–Mg alloys, the precipitation of Al3Mg2 usually occurs at grain boundaries in the temperature range of 50 to 200 °C from a supersaturated solid solution of Al–Mg and makes these alloys susceptible to intergranular corrosion and stress corrosion cracking. Upon boron addition, we show, using transmission electron microscopy, that a diboride phase, AlMgB2, forms at grain boundaries instead of the beta phase upon extended annealing at 150 °C. This diboride phase does not dissolve in saltwater, suggesting it is less anodic relative to the matrix. To quantify and compare the dissolution characteristics, we carried out nitric acid mass loss test for Al5083 samples containing 3 wt.% boron treated at 190 h at 150 °C, and fully sensitized Al5083 samples containing 0.0 wt.% boron. We estimate the mass loss to be 4 mg/cm2 for boron containing samples as compared to the mass loss of 45 mg/cm2 for samples without boron, indicating that the addition of boron is highly effective in suppressing the susceptibility to intergranular corrosion in Al5000 series alloys. This provides a potential route to minimize the longstanding problem of ship structure sensitization.",23.3,6.201716738197425,0.6523605150214592,0.5407725321888412,0.02575107296137339,0.017167381974248927,0.26878612716763006,2023,11.161290322580646
https://doi.org/10.3390/cmd4040028,Oxidation Behavior at 1000 °C of Low-Mn High-Cr Cantor’s HEA-Based Alloys Strengthened or Not by MC Carbides,2023,3,True,article,Corrosion and Materials Degradation,"A conventionally cast CoNiFeMn0.5Cr1.5 alloy and two versions with 0.25 C &amp; 3.7 Ta or 0.25 C &amp; 3.7 Hf were tested in oxidation at 1000 °C for 50 h with thermogravimetric recording of the oxidation kinetic. In all cases, the obtained mass gain curve is parabolic. The parabolic constants are much lower than the Kp previously determined for the original alloys with an equimolar base (CoNiFeMnCr). However, the post-mortem exploitation of the oxidized samples revealed analogous oxidation features on the surface and the subsurface, also with external oxide strata on the surface with different Mn and Cr contents, and rather great Mn depletion, in addition to a moderate Cr depletion, in the subsurface. Globally, the oxidation behavior is significantly better than was earlier observed for the equimolar version of these alloys.",12.0,6.196969696969697,0.6590909090909091,0.696969696969697,0.015151515151515152,0.022727272727272728,0.26878612716763006,2023,11.161290322580646
https://doi.org/10.3390/cmd4010005,Investigation via Electron Microscopy and Electrochemical Impedance Spectroscopy of the Effect of Aqueous Zinc Ions on Passivity and the Surface Films of Alloy 600 in PWR PW at 320 °C,2023,2,True,article,Corrosion and Materials Degradation,"Aqueous zinc ions lower the corrosion rate of Alloy 600, which helps lower the radiation dose rate in pressurized water reactors (PWRs). The influence of zinc on the electrochemical behavior of Alloy 600 in PWR primary water (PW) at 320 °C was investigated using a combination of electron microscopy and electrochemical impedance spectroscopy (EIS). Secondary electron microscopy (SEM) and scanning transmission electron microscopy (STEM)/energy-dispersive X-ray spectroscopy (EDS) indicated duplex surface films were formed on the Alloy 600 in PWR PW with and without 100 ppb of zinc. There was no effect of zinc on the chromium-rich inner layer (IL) (of Cr2O3 and/or CrOOH). Zinc had a significant effect on the outer layer (OL). In the absence of zinc, a highly porous OL formed that was mostly composed of nickel oxide whiskers. In the presence of zinc, a zinc-containing, denser OL of oxide was formed. The EIS data were acquired in laboratory simulated PWR PW at 320 °C with and without 100 ppb zinc. The spectra were measured at nine different values of potential that spanned a 500 mV-wide range. The EIS indicated there was no effect of zinc on the oxidation rate of metals at the alloy/IL interface nor on the transport of ions through the IL. Zinc lowered the corrosion rate because the dense OL inhibited the release of nickel ions from the IL into the solution.",20.727272727272727,5.93859649122807,0.6578947368421053,0.5307017543859649,0.017543859649122806,0.017543859649122806,0.1791907514450867,2023,11.161290322580646
https://doi.org/10.3390/cmd4020017,Investigation on the Effect of a Chromium-Free Sealing Treatment for the Corrosion Resistance of AA2198-T851 after Tartaric Sulphuric Anodizing (TSA),2023,2,True,article,Corrosion and Materials Degradation,"The AA 2198-T851 is a third-generation Al-Li alloy developed for use in the aircraft industry. Al-Li alloys are susceptible to localized corrosion due to their complex microstructure resulting from the used thermomechanical treatment. In order to prevent localized corrosion, these alloys are usually protected by anodizing in order to avoid a corrosive environment. Subsequently, for anodizing, a sealing treatment is usually performed for parts. Some sealing treatments use hexavalent-chromium-ion-containing solutions. In this investigation, a chromium-free sealing treatment in a solution with cerium ions has been carried out, and the effect on the corrosion resistance of the AA2198-T851 alloy was investigated. Hydrothermally sealed or unsealed samples were also tested for corrosion resistance for comparison reasons. The corrosion resistance of the anodized aluminum alloy, either hydrothermally sealed or in a cerium-ion-containing solution, was evaluated in a sodium chloride solution by electrochemical impedance spectroscopy as a function of immersion time. The samples sealed in a cerium-containing solution increased their corrosion resistance when compared to the hydrothermally sealed. The effectiveness of the sealing process with cerium that was observed in the electrochemical tests indicated that after the corrosive attack of the barrier layer, there was a “sealing” process of the sample surface.",19.8,7.015151515151516,0.6363636363636364,0.5656565656565656,0.010101010101010102,0.015151515151515152,0.1791907514450867,2023,11.161290322580646
https://doi.org/10.3390/cmd5010001,Microbial Communities in Model Seawater-Compensated Fuel Ballast Tanks: Biodegradation and Biocorrosion Stimulated by Marine Sediments,2024,2,True,article,Corrosion and Materials Degradation,"Some naval vessels add seawater to carbon steel fuel ballast tanks to maintain stability during fuel consumption. Marine sediments often contaminate ballast tank fluids and have been implicated in stimulating fuel biodegradation and enhancing biocorrosion. The impact of the marine sediment was evaluated in model ballast tank reactors containing seawater, fuel (petroleum-F76, Fischer–Tropsch F76, or a 1:1 mixture), and carbon steel coupons. Control reactors did not receive fuel. The marine sediment was added to the reactors after 400 days and incubated for another year. Sediment addition produced higher estimated bacterial numbers and enhanced sulfate reduction. Ferrous sulfides were detected on all coupons, but pitting corrosion was only identified on coupons exposed to FT-F76. Aerobic hydrocarbon-degrading bacteria increased, and the level of dissolved iron decreased, consistent with the stimulation of aerobic hydrocarbon degradation by iron. We propose that sediments provide an inoculum of hydrocarbon-degrading microbes that are stimulated by dissolved iron released during steel corrosion. Hydrocarbon degradation provides intermediates for use by sulfate-reducing bacteria and reduces the level of fuel components inhibitory to anaerobic bacteria. The synergistic effect of dissolved iron produced by corrosion, biodegradable fuels, and iron-stimulated hydrocarbon-degrading microbes is a poorly recognized but potentially significant biocorrosion mechanism.",18.0,7.328282828282828,0.7272727272727273,0.6212121212121212,0.04040404040404041,0.030303030303030304,0.4,2024,5.0
https://doi.org/10.3390/cmd5020010,Mechanistic Analysis of Hydrogen Evolution Reaction on Stationary Polycrystalline Gold Electrodes in H2SO4 Solutions,2024,2,True,article,Corrosion and Materials Degradation,"An impedance model based on the Volmer–Heyrovsky–Tafel mechanism was developed to study the kinetics of the hydrogen evolution reaction on polycrystalline gold electrodes at moderate overpotentials in aqueous H2SO4 (0.5 and 1.0 M) solutions. The model was optimized on data from potentiodynamic polarization and electrochemical impedance spectroscopy, and model parameters were extracted. Consistent with expectations, the magnitude of the impedance data indicated a higher rate of hydrogen evolution at lower pH. Also, the fractional surface coverage of adsorbed hydrogen (θHads) increases with increasing overpotential but the small value of θHads indicates only weak adsorption of H on gold. Tafel slopes and exchange current densities were estimated to be in the range of 81–124 mV/dec, and 10−6 and 10−5 A/cm2 in H2SO4 (0.5 and 1.0 M), respectively. The results show that the model accounts well for the experimental data, such as the steady-state current density. Sensitivity analysis reveals that the electrochemical parameters (α1, α2, k10, k−10, and k20) associated with the kinetics of the hydrogen evolution reaction have a major impact on the calculated impedance but the standard rate constant for hydrogen oxidation reaction (k−20) does not strongly affect the calculated impedance.",17.363636363636363,6.670157068062827,0.6649214659685864,0.6178010471204188,0.03664921465968586,0.020942408376963352,0.4,2024,5.0
https://doi.org/10.3390/cmd5030018,Investigating the Fatigue Response of Cathodically Charged Cold-Finished Mild Steel to Varied Hydrogen Concentrations,2024,2,True,article,Corrosion and Materials Degradation,"This study investigates the fatigue behavior of cold-finished mild steel subjected to electrochemical hydrogen charging under controlled conditions. Samples were subjected to hydrogen charging at constant time in a fixed electrolyte pH, after which the samples underwent fatigue testing under constant loading condition with fixed frequency. The primary objective was to assess the impact of varying hydrogen permeation levels on the number of cycles to failure. The experimental results revealed a complex relationship between hydrogen concentration and fatigue life. Initially, as hydrogen permeation increased, the number of cycles to failure substantially decreased, demonstrating the detrimental effect of diffused hydrogen on the fatigue resistance of samples. This decline in fatigue life was attributed to hydrogen embrittlement (HE) and hydrogen-enhanced decohesion (HEDE) phenomena, which collectively facilitate crack initiation and propagation. However, at high hydrogen concentrations, an unexpected increase in the number of cycles to failure was observed suggesting the existence of a threshold hydrogen concentration beyond which the fatigue mechanisms may be altered, potentially due to a saturation of hydrogen-related defects and mechanisms such as hydrogen-enhanced localized plasticity (HELP). The discovery from this research has significant implications for the material’s application in hydrogen-rich environments, such as those encountered in the energy and transportation industries.",25.25,7.361386138613861,0.6435643564356436,0.599009900990099,0.039603960396039604,0.01485148514851485,0.4,2024,5.0
https://doi.org/10.3390/cmd5040021,Mechanistic Analysis of Anodic Oxidation of Gold in KOH (0.1 M) Solution Using the Point Defect Model,2024,2,True,article,Corrosion and Materials Degradation,"The potentiostatic, anodic formation of gold oxide at potentials of 0.55 to 0.80 V versus SHE in aqueous KOH (0.1 M) was studied using an impedance-based Point Defect Model (PDM). The film thickness and refractive indices at each formation potential were estimated using spectroscopic ellipsometry. The thickness of the oxide increases linearly with increasing applied voltage within this range. Mott-Schottky (MS) analysis showed that gold oxide formed in KOH (0.1 M) is an n-type semiconductor, and the dominant defect (Aui3+) density is calculated to be in the order of 1021–1022 (1/cm3). The steady-state current density of the oxide formation was independent of voltage, also in agreement with an n-type oxide. Reasonable agreement between PDM predictions and experimental observations of dominant defect density, steady-state current density, and thickness, demonstrates the value of the PDM in this system.",13.6,6.551470588235294,0.6985294117647058,0.6323529411764706,0.04411764705882353,0.022058823529411766,0.4,2024,5.0
https://doi.org/10.3390/cmd3020010,Impact of Chloride on the Environmentally-Assisted Crack Initiation Behaviour of Low-Alloy Steel under Boiling Water Reactor Conditions,2022,3,True,article,Corrosion and Materials Degradation,"Low-alloy reactor pressure vessel steels have a rather low susceptibility to stress corrosion cracking (SCC) in a boiling water reactor (BWR) environment if the high-temperature water contains no anionic impurities. Recent investigations revealed that under oxidizing BWR normal water chemistry (NWC) conditions extremely small amounts of chloride, can cause very high SCC growth rates in these materials. Therefore, the effect of continuous and temporary chloride additions on the crack initiation behaviour was explored by a series of constant extension rate tensile (CERT) and constant load tests in high-temperature water. In an NWC environment, containing ≥2 ppb of chloride, strain-induced corrosion cracking (SICC) initiation occurred briefly after the onset of plastic yielding and at much smaller strains than in high-purity water. On the other hand, under reducing hydrogen water chemistry conditions with up to 700 ppb chloride, no SICC was detected up to very high strains. CERT experiments, with moderate short-term chloride transients before and during the loading, showed that even serious mechanical loading transients, one day after returning to high-purity water, did not result in early SICC initiation.",29.666666666666668,6.735955056179775,0.6910112359550562,0.6853932584269663,0.028089887640449437,0.016853932584269662,0.23210831721470018,2022,12.925
https://doi.org/10.3390/cmd3030029,N-b-Hydroxyethyl Oleyl Imidazole as Synergist to Enhance the Corrosion Protection Effect of Natural Cocoyl Sarcosine on Steel,2022,3,True,article,Corrosion and Materials Degradation,"To investigate the corrosion protection behavior of naturally derived cocoyl sarcosine in combination with N-b-hydroxyethyl oleyl imidazole for steel CR4 in 0.1 M NaCl, different evaluation systems (weight loss, electrochemical measurements, and spray corrosion tests) were used. Both compounds were tested in different concentrations (25–100 mmol/L) and with variable dip coating times (1–30 min), first individually and then in combination, to check any synergistic effects for surface protection. Both showed only an insignificant corrosion inhibiting effect with less than 50% efficiency at all concentrations and dip coating times if used alone. In contrast, compound combinations revealed an improved corrosion inhibition correlated with higher concentrations. Across all methods, the compound combination concentration of 100 mmol/L resulted in improved efficiency of up to 83% for gravimetric tests, up to 84% for the impedance measure and more than 91% for potentiodynamic polarization. Dip coating variations proved 10 min to be the best option for all compounds with a maximum efficiency of up to 86% for the compound combination.",23.571428571428573,6.781818181818182,0.6606060606060606,0.6484848484848484,0.024242424242424242,0.006060606060606061,0.23210831721470018,2022,12.925
https://doi.org/10.3390/cmd2020015,Microbial-Driven Stabilisation of Archaeological Iron Artefacts,2021,2,True,article,Corrosion and Materials Degradation,"The instability of iron artefacts is rooted in salt contamination during burial and damages associated with exposure to alternative oxygen levels and high relative humidity once excavated. While a combination of chemical and mechanical treatments is utilised to remove the harmful ions (chlorides, sulphur species) and excess bulky corrosion products, these methods can be hazardous for conservation staff’s health, have limited success, or require extensive treatment times. Bio-based treatments provide a potentially greener alternative for removing damaging corrosion and creating biogenic mineral passivation layers, thus remediating concerns over costs, duration, and health and safety. Pseudomonas putida mt-2 (KT2440) is capable of utilising iron under certain conditions and for phosphating mild steel; however, applications have not been made in the cultural heritage sector. To address the potential of using bacteria for conservation purposes, Pseudomonas was assessed for both the bioremediation of salt contaminates and the production of a passivation layer suitable for iron artefacts, with specific conservation concerns in mind. Key factors for optimisation include the role of agitation, chloride content, and oxygen content on bacterial growth and biomineralisation. The initial results indicate a growth preference, not reliance, for NaCl and agitation with partial success of bioconversion of a mineral source.",28.571428571428573,7.035,0.665,0.68,0.05,0.015,0.12557427258805512,2021,15.926829268292684
https://doi.org/10.3390/cmd5040027,Comparative Assessment of Aromatic Iron Corrosion Inhibitors with Electrochemical Methods,2024,1,True,article,Corrosion and Materials Degradation,"Molecular aromatic corrosion inhibitors are frequently applied to slow down the corrosion of iron, its alloys and numerous other metallic materials. This case study with three representative aromatic inhibitors and a pure iron electrode aims at the verification of the reported conclusions regarding these inhibitors and at the verification and comparison of electrochemical corrosion assessment methods with attention to differences between iron alloys (steels) and pure iron possibly related to the presence/absence of alloying elements and non-iron impurities.",39.0,7.166666666666667,0.6153846153846154,0.6538461538461539,0.07692307692307693,0.02564102564102564,0.2,2024,5.0
https://doi.org/10.3390/cmd6010010,Role of Passivation and Facet Dissolution on Pit Initiation and Growth During Electrochemical Etching in High-Purity Aluminum Foils with Trace Elements: A Review,2025,1,True,article,Corrosion and Materials Degradation,"Etching methods of aluminum foils used in electrolytic capacitors are selected based on the operating voltages, with DC and AC etching typically used for the anode foils of high- and low-voltage capacitors, respectively. The initial pits continue to grow and eventually form tunnels or cubic pits by DC or AC etching, respectively. This paper describes the pit formation and growth process, focusing on the involvement of passive film inside the pit and facet dissolution. In particular, it is found that high-purity aluminum foil containing Ti promotes the formation of passive film (etch film) inside pits during the cathodic half cycle of AC etching, and Cu promotes facet dissolution. These behaviors significantly affect the surface area expansion by electrolytic etching. In addition, the effects of crystal orientation, surface defects associated with oxide film crystallization, and a trace element, Pb, as factors affecting the pit initiation sites will be discussed.",24.666666666666668,6.45945945945946,0.668918918918919,0.6486486486486487,0.05405405405405406,0.02027027027027027,0.5433070866141733,2025,1.8405797101449275
https://doi.org/10.3390/cmd6010012,The Development of a New Bioabsorbable Plastically Deformed Mg-Based Composite with Hydroxyapatite Nanopowder Addition: Towards Improved Degradation and Biological Assessment,2025,1,True,article,Corrosion and Materials Degradation,"In this work, the microstructure and degradation properties of a novel metal matrix composite composed of Mg with the addition of 1 vol. % hydroxyapatite nanopowder (Mg + 1 vol % nHAp) were evaluated. The composites in the form of discs produced using spark plasma sintering (SPS) were subjected to plastic deformation using a modified extrusion technique with an oscillating die located at the end of the extruder (called KoBo), which enables deformation without the preheating of the initial billet. The microstructure was analyzed using optical and scanning electron microscopy (SEM) with subsequent electron backscattered diffraction (EBSD) measurements. The corrosion properties were evaluated based on electrochemical and immersion tests. To assess early biological performance, cytotoxicity tests were performed. The addition of nHAp did not significantly change the corrosion rate; however, the subsequent plastic deformation greatly decreased it. Interestingly, the sample after plastic deformation without the preheating of the initial billet was characterized by the highest cell viability. Overall, the addition of nHAp improved the biological assessment of the extruded composite; however, during plastic deformation, due to the refinement of loosely adherent nHAp and the formation of bimodally distributed grain sizes, a high number of microgalvanic couples were formed, resulting in worse corrosion performance.",22.555555555555557,6.926108374384237,0.6995073891625616,0.6009852216748769,0.03940886699507389,0.014778325123152709,0.5433070866141733,2025,1.8405797101449275
https://doi.org/10.3390/cmd6030033,Graphenes for Corrosion Protection in Electrochemical Energy Technology,2025,1,True,article,Corrosion and Materials Degradation,"Graphene, graphene oxide, reduced graphene oxide, and few-layer graphene as functional coating materials for corrosion protection in devices for electrochemical energy conversion and storage are reviewed. Reported applications are briefly described, enabling the reader to make an informed decision about the protective options based on the reported achievements.",24.0,7.416666666666667,0.75,0.8125,0.08333333333333333,0.0625,0.5433070866141733,2025,1.8405797101449275
https://doi.org/10.3390/cmd1010001,Introduction to a New Journal: Corrosion and Materials Degradation,2018,2,True,article,Corrosion and Materials Degradation,"Corrosion is among the most common forms of materials degradation which poses enormous challenges across industries, and can even impact our health [...]",7.666666666666667,6.478260869565218,0.6086956521739131,1.0434782608695652,0.08695652173913043,0.08695652173913043,0.03546099290780142,2018,56.4
https://doi.org/10.3390/cmd4030021,Passive Oxide Destruction by Dense Low-Energy Radionuclide i-Analyzed by Voltammetry ii-Analyzed by Chaos,2023,0,True,article,Corrosion and Materials Degradation,"The destruction of the passive oxide can be caused by the action of a radionuclide, which collides with the surface of the oxide. In this case, the β− nuclear particle produced by the decay of tritiated water is considered for corrosion, and it follows that the β− energy is absorbed first into the oxide. The penetration depth is sufficient for all the passive oxides to be destabilized. Destabilization was examined by voltammetry and by the electrochemical circuit in the passive potential. The corresponding pathway leads to the destruction of oxide. Tests carried out using a chaos data analyzer are an aid for expertise. Different behavior may occur depending on the passive potential and the β− density. The synchronization of phase space spectra and tests realized sector by sector make possible the interpretation of divergence leading to unstable oxide and oxide destruction at different passive potentials and for different β− particle densities.",18.875,6.264900662251655,0.5827814569536424,0.5827814569536424,0.026490066225165563,0.039735099337748346,0.0,2023,11.161290322580646
https://doi.org/10.3390/cmd5040028,"Advancement of the Oxidized State of an As-Cast Low-Mn, High-Cr Cantor’s Alloy in Natural Air at 1000 °C",2024,0,True,article,Corrosion and Materials Degradation,"In order to discover how the multiple oxides observed in the final external scales after long exposure of a low-Mn, high-Cr Cantor’s alloy to hot air were formed, oxidation tests in a furnace were performed for seven different durations. Metallographic characterization was carried out concerning the oxidation products obtained after each test duration. The different oxides did not appear one after the other, but simultaneously, early on in the exposure to hot air and after. They all thickened progressively and the chemical composition of each also evolved with time, more or less. Globally, the innermost oxide is almost entirely chromia, much richer in Cr than in Mn, while the outermost one contains principally Mn. The interrupted tests also allowed specifying the mass gain kinetic, which is parabolic and twice as fast as a chromia-forming alloy. Despite the lowered content in Mn, manganese still plays an important role in the oxidation phenomenon, starting very early.",22.0,6.240259740259741,0.6233766233766234,0.6948051948051948,0.025974025974025976,0.03896103896103896,0.0,2024,5.0
https://doi.org/10.3390/cmd5040030,Influence of Deep Cryogenic Treatment on the Mechanical Properties and Corrosion Resistance of Nickel–Aluminum Bronze,2024,0,True,article,Corrosion and Materials Degradation,"The objective of this research is to enhance the mechanical and corrosion resistance properties of a cast Ni-Al bronze (NAB). To achieve this, the effect of deep cryogenic treatment (DCT), a process that has shown promise in other alloys, is initially investigated. It is demonstrated that, in the case of NAB, DCT induces only minor microstructural changes, which do not lead to any significant improvement in its properties. Consequently, it is proposed that a combined treatment be employed, involving annealing either before or after DCT. The results indicate that annealing at 675 °C for 2 h following cryogenic treatment at −180 °C increases the yield strength by approximately 11%. Cyclic voltammetry (CV) and electrochemical impedance spectroscopy (EIS) in simulated seawater further confirm that this combination results in the formation of oxide layers with enhanced protective capacity. These improvements are attributed to the significant refinement and homogenization of the microstructure, including the globularization of the kI, kII, and, particularly, kIII phases, and an increase in the precipitation of the kIV phase in a finer and more homogeneous form within the alpha phase.",25.857142857142858,6.480662983425415,0.6187845303867403,0.6850828729281768,0.022099447513812154,0.016574585635359115,0.0,2024,5.0
https://doi.org/10.3390/cmd6010001,Multi-Analytical Study of Damage to Marine Ballast Tank Coatings After Cyclic Corrosion Testing,2024,0,True,article,Corrosion and Materials Degradation,"Seawater ballast tanks in vessels are subject to severe service conditions caused by repeated filling/emptying, as well as temperature variation. Consequently, relatively thick, barrier-type coatings are used for corrosion protection of their internals. These are generally formulated with solvent-based epoxy binders and contain a range of flake pigments designed to limit environmental entry. Here, we report on a detailed study of damage processes in order to understand the mechanisms of failure after hygro-thermal cyclic corrosion testing. Similar formulations were cured using variant phenalkamine cross-linkers. Visual observation after corrosion testing shows minimal changes and no sign of corrosion damage. However, high-resolution analytical microscopy and nanoscale tomography reveal the onset of microstructural and chemical damage processes inside the coating. Thus, kaolin and talc pigments in the coating remained stable under hygro-thermal cycling; however, dolomite and barium sulphate dissolved slightly, causing voids. Galvanic protection of the substrate by aluminium flake pigments was disproven as no electrical connection was evident. Vibrational spectroscopy revealed a decrease in residual epoxy functionality after exposure for the coating cured with the more stable phenalkamine. This was correlated with an increase in glass transition temperature (Tg) and no observable corrosion of aluminium flakes. In contrast, the less stable phenalkamine cross-linker caused the binder Tg to decrease and aluminium flakes and substrate corrosion to become evident.",18.0,7.199074074074074,0.7037037037037037,0.6574074074074074,0.018518518518518517,0.009259259259259259,0.0,2024,5.0
https://doi.org/10.3390/cmd6010002,Diffusion Potentials in Cement Mortars with pH Differences Due to Carbonation,2024,0,True,article,Corrosion and Materials Degradation,"Corrosion investigations of steel-reinforced concrete structures are often based on half-cell potential measurements, in which the diffusion potentials can be a significant source of measurement errors. Therefore, the diffusion potentials must be taken into account in order to enable accurate half-cell potential measurements. This study covers the measurement of the diffusion potentials in cement mortars with pH differences due to carbonation and various mortar moisture conditions. The effect of chloride exposure of the mortars on the diffusion potentials is outside of the scope of this study. The mortars consisted of ordinary Portland cement (OPC) and blast furnace cement (BFC) with water–cement ratios of 0.5–0.7. The use of color indicators allows for the observation of the pH drop around the carbonation front, which propagates as the carbonation progresses. The diffusion potentials in the mortars under study have measurement values between 10 and 240 mV. The measured diffusion potentials seem to correlate with the magnitude of the pH drop rather than the progress of the carbonation depth. The moisture condition of the mortars significantly affects the magnitude of the arising diffusion potentials.",16.363636363636363,6.677777777777778,0.5944444444444444,0.5555555555555556,0.027777777777777776,0.03333333333333333,0.0,2024,5.0
https://doi.org/10.3390/cmd6010003,Influence of Silica Fume (SF) Content on Passive Film Formation of Steel Reinforcement Inside Hardened Concrete,2025,0,True,article,Corrosion and Materials Degradation,"Corrosion is one of the causes of failure in reinforced concrete structures, and forming a passive film on the steel is essential for protection. Although several studies have looked at passive film formation in concrete pore solutions, few have considered its formation in hardened concrete and the influence of silica fume (SF) in the binder composition. This study aims to evaluate the influence of the SF content on passive film formation time in concrete. Periodic measurements assessed the electrical resistivity and corrosion current density of concrete samples containing 5%, 10%, 15%, and 20% SF. The alkalinity of the mixtures and the kinetics of the pozzolanic reaction were also monitored by XRD and titration tests. The control mixtures exhibited susceptibility to corrosion, regardless of the curing age evaluated. In contrast, the partial replacement of cement with SF accelerated the formation of the passive film on the steel surface, suggesting a delayed onset of corrosion due to modifications in the physical properties of the concrete. Also, the portlandite content and pH can predict passive film formation, with SF significantly accelerating this process.",22.5,6.4222222222222225,0.6166666666666667,0.5611111111111111,0.03888888888888889,0.03333333333333333,0.0,2025,1.8405797101449275
https://doi.org/10.3390/cmd6010008,Decontamination-Sludge-Induced Corrosion of Steel in Simulated Pore Solutions and Alkali-Activated Slag Pastes,2025,0,True,article,Corrosion and Materials Degradation,"In most countries, low- and intermediate-level wastes (LILWs) are cemented in carbon steel drums for later disposal. The durability of waste packages is determined by the chemical environment generated by both cement-based engineered barrier systems and the aggressive species present in the waste. Decontamination sludges are challenging wastes that are currently not accepted for final disposal due to their acidic nature and high concentrations of organic species and complexants. Thus, it was proposed to use electrochemical measurements to study the corrosion of steel sheets, simulating drums embedded in new alkali-activated slag (AAS) formulations with surrogate decontamination liquids, and determine their viability for use as confining matrices in order to increase the service life of the drums. The carbon steel coupon embedded in the Portland cement reference (R-L) paste showed the best corrosion resistance, followed by that of steel embedded in sodium silicate-activated slag (BFS-S-L) paste. This behaviour may be related to an improvement in the protective nature of the surface film. However, in sodium carbonate-activated slag (BFS-C-L) paste, the effect of the sludge in the matrix seemed to be more intense, leading to a pH decrease in the paste porewater, an effect that could hinder the formation of a passive layer on the surface of the carbon steel. Under such conditions, the initiation of the corrosion process seems to be favoured, resulting in the formation of a non-protective scale consisting mainly of hematite.",29.125,6.497854077253219,0.6180257510729614,0.6051502145922747,0.017167381974248927,0.030042918454935622,0.0,2025,1.8405797101449275
https://doi.org/10.3390/cmd6020022,Tribocorrosion and Stress Corrosion Cracking Risk Assessment of Novel Hybrid Stainless Steel–Carbon Fibre Tubes,2025,0,True,article,Corrosion and Materials Degradation,"The increasing demand for lightweight, high-performance materials in marine and offshore engineering has driven the development of hybrid solutions combining metals and composites. This study investigates the stress corrosion cracking (SCC) and tribocorrosion behaviour of a novel hybrid wire consisting of a superaustenitic stainless steel (6Mo) outer shell and a carbon fibre-reinforced polymer (CFRP) core. Microstructural analysis, residual stress measurement, and corrosion testing were performed to assess the integrity of the welded structure under harsh conditions. The results revealed that residual stresses and interdendritic segregation in the weld zone significantly contribute to SCC susceptibility, while the 6Mo steel showed improved corrosion resistance over 316L under tribocorrosion conditions but was more sensitive to the sliding frequency. These findings provide critical insights into the degradation mechanisms of metal composite hybrid wires and support the future design of corrosion-resistant components for offshore and structural applications.",28.4,7.464788732394366,0.6830985915492958,0.7394366197183099,0.04929577464788732,0.014084507042253521,0.0,2025,1.8405797101449275
https://doi.org/10.3390/cmd6020024,Enhanced Prediction of Bond Strength in Corroded RC Structures Using Advanced Feature Selection and Ensemble Learning Framework,2025,0,True,article,Corrosion and Materials Degradation,"Bond behavior between steel bars and concrete is fundamental to the structural integrity and durability of reinforced concrete. However, corrosion-induced deterioration severely impairs bond performance, highlighting the need for advanced and reliable assessment methods. This paper pioneers an algorithm for an advanced ensemble learning framework to predict bond strength between corroded steel bars and concrete. In this framework, a novel Stacked Boosted Bond Model (SBBM) is developed, in which a Fusion-Based Feature Selection (FBFS) strategy is integrated to optimize input variables, and SHapley Additive exPlanations (SHAP) are employed to enhance interpretability. A merit of the framework is that it can effectively identify critical factors such as crack width, transverse confinement, and corrosion level, which have often been neglected by traditional models. The proposed SBBM achieves superior predictive performance, with a coefficient of determination (R2) of 0.94 and a mean absolute error (MAE) of 1.33 MPa. Compared to traditional machine learning and analytical models, it demonstrates enhanced accuracy, generalization, and interpretability. This paper provides a reliable and transparent tool for structural performance evaluation, service life prediction, and the design of strengthening measures for corroded reinforced concrete structures, contributing to safer and more durable concrete structures.",19.4,7.211340206185567,0.7010309278350515,0.6701030927835051,0.010309278350515464,0.015463917525773196,0.0,2025,1.8405797101449275
https://doi.org/10.3390/cmd6030030,Influence of Electrolytic Hydrogen Charging and Effusion Aging on the Rotating Bending Fatigue Resistance of SAE 52100 Steel,2025,0,True,article,Corrosion and Materials Degradation,"Hydrogen embrittlement (HE) can significantly degrade the mechanical properties of steels. This phenomenon is particularly relevant for high-strength steels where large elastic stresses lead to detrimental localized concentrations of hydrogen at defects. In this study, unnotched rotating bending specimens of the bearing steel SAE 52100 (100Cr6) quenched and tempered at 180 °C and 400 °C were electrochemically charged with hydrogen. Charged and non-charged specimens then underwent rotating bending fatigue testing, either immediately after charging or after aging at room temperature up to 72 h. The hydrogen-charged specimens annealed at 180 °C showed a sizeable drop in fatigue limit and fatigue lifetime compared to the non-charged specimens with cracks mainly originating from near-surface non-metallic inclusions. In comparison, the specimens annealed at 400 °C exhibited a moderate drop in fatigue limit and lifetime due to hydrogen charging with cracks originating mostly from the surface. Aging had only insignificant effects on the fatigue lifetime. Notably, annealing of charged samples for 2 h at 180 °C restored their lifetime to that of non-charged specimens.",21.25,6.805882352941176,0.6882352941176471,0.5882352941176471,0.03529411764705882,0.023529411764705882,0.0,2025,1.8405797101449275
https://doi.org/10.3390/cmd6030031,A Semi-Automated Image-Based Method for Interfacial Roughness Measurement Applied to Metal/Oxide Interfaces,2025,0,True,article,Corrosion and Materials Degradation,"Measuring interfacial roughness is essential in evaluating the adhesion of coatings and thermally grown oxides. Conventional contact methods are often impractical for such analyses, especially when the interface lies beneath a nonremovable layer. This study proposes a semi-automated method combining an ImageJ macro and an R-language script to assess interfacial roughness from images obtained through scanning electron microscopy (SEM), leveraging chemical contrast between substrate and oxide. The approach preserves user input where interpretation is critical while standardizing measurement to reduce variability. Applied to 21 images from seven experimental conditions, the algorithm successfully reproduced the roughness ranking obtained from manual measurement while also significantly reducing measurement dispersion. Though it underestimates absolute roughness values compared with the user measurements (which should also happen with conventional contact methods), it offers a robust, flexible, and reproducible alternative for interface characterization.",22.666666666666668,7.735294117647059,0.7205882352941176,0.7720588235294118,0.022058823529411766,0.03676470588235294,0.0,2025,1.8405797101449275
https://doi.org/10.3390/cmd6030036,Studies on the Chemical Etching and Corrosion Resistance of Ultrathin Laminated Alumina/Titania Coatings,2025,0,True,article,Corrosion and Materials Degradation,"We investigated the protective properties of ultrathin laminated coatings, comprising three pairs of Al2O3 and TiO2 sublayers with coating thicknesses &lt; 150 nm, deposited on AISI 310 stainless steel (SS) and Si (100) substrates at 80–500 °C by atomic layer deposition. The coatings were chemically etched and subjected to corrosion, ultrasound, and thermal shock tests. The coating etching resistance efficiency (Re) was determined by measuring via XRF the change in the coating sublayer mass thickness after etching in hot 80% H2SO4. The maximum Re values of ≥98% for both alumina and titania sublayers were obtained for the laminates deposited at 250–400 °C on both substrates. In these coatings, the titania sublayers were crystalline. The lowest Re values of 15% and 50% for the alumina and titania sublayers, respectively, were measured for laminate grown at 80 °C on silicon. The coatings deposited at 160–200 °C demonstrated a delay in the increase of Re values, attributed to the changes in the titania sublayers before full crystallization. Coatings grown at higher temperatures were also more resistant to ultrasound and liquid nitrogen treatments. In contrast, coatings deposited at 125 °C on SS had better corrosion protection, as demonstrated via electrochemical impedance spectroscopy and a standard immersion test in FeCl3 solution.",22.88888888888889,6.441747572815534,0.6796116504854369,0.587378640776699,0.024271844660194174,0.0,0.0,2025,1.8405797101449275
https://doi.org/10.3390/cmd6030045,Long Term Measurements of High Temperature Corrosion in a Waste Incineration Plant Using an Online Monitoring System,2025,0,True,article,Corrosion and Materials Degradation,"High-temperature corrosion is a frequently observed phenomenon in waste incineration facilities. Municipal solid waste presents substantial corrosion potential attributed to elevated chlorine content and significant inhomogeneity in calorific value and chemical composition, rendering stable plant operation and corrosion control challenging. Conventional countermeasures, such as cladding or reduced steam parameters, lack temporal resolution and incur substantial costs or reduced efficiency. For this study, a waste incineration plant was equipped with an online corrosion monitoring system featuring ten sensors distributed across three vertical boiler passes. The system employs an electrochemical measurement principle to enable the detection of corrosion with temporal resolution. The recorded data reveals decreasing corrosion attack and increasingly stable deposits along the flue gas path. Combined with the temperature measurements, the sensor data proves the effectiveness of the shower cleaning in the third pass and confirms successful removal of the deposits. Statistical analysis shows a correlation between CO content and sensor data, while other parameters (e.g., steam flow, flue gas temperatures) exhibit no conclusive correlations, emphasizing the system’s added value. Chemical analysis of the electrodes and deposits reveal significant indications of chlorine and sulfur, suggesting chlorine-catalyzed active oxidation as the predominant corrosion mechanism.",17.545454545454547,7.55440414507772,0.7202072538860104,0.6683937823834197,0.03626943005181347,0.015544041450777202,0.0,2025,1.8405797101449275
https://doi.org/10.3390/cmd6040048,Co-Adsorption of Formic Acid and Hexane Selenol on Cu,2025,0,True,article,Corrosion and Materials Degradation,"Self-assembled monolayers of alkane thiolate and alkane selenolate have been proven to inhibit atmospheric corrosion, but upon prolonged exposure to the important constituents of indoor atmosphere, namely humidified air with formic acid, the protective layer eventually breaks, but the exact reason is not yet clear. In this paper, we report on an XPS study of co-adsorbed formic acid and hexane selenol on a Cu surface. Adsorption of hexane selenol at room temperature breaks the Se-C bond, leaving a monolayer of Se on the surface, whereas adsorption at 140 K leaves a layer of selenolate. Formic acid exposure to the selenolate-Cu surface leads to adsorbed formate on unprotected areas and absorption of formic acid within the alkane chain network. During heating, the formic acid desorbs and the Se-C bond breaks, but formic acid does not accelerate the Se-C scission, which occurs just below room temperature both with and without formic acid. Thus, formic acid alone does not affect the Se-C bond, but its presence may create disorder and open up the alkane carpet for other species. Selenol removes formate and oxide from the surface at room temperature. The Se-C bond breaks and the alkane chain reacts with surface oxygen to form carbon oxides and volatile hydrocarbons.",25.625,6.102439024390244,0.6390243902439025,0.551219512195122,0.01951219512195122,0.00975609756097561,0.0,2025,1.8405797101449275
https://doi.org/10.3390/cmd6040052,Corrosion Behavior of Electrochemical and Thermal Treated Titanium into Artificial Saliva: Effect of pH and Fluoride Concentration,2025,0,True,article,Corrosion and Materials Degradation,"This work investigates and compare the corrosion behavior in artificial saliva of oxide thin films grown on commercially pure titanium (cp-Ti), via electrochemical oxidation (EO) in sulphate bath at 1 V and thermal treatment (TT) at 450 °C, for durations between 20 min and 4 h. The goal is to determine which method and duration provide the optimal protection for titanium against degradation in dental environment particularly in varying fluoride concentration and acidity. Surface characterizations were performed through morphological and microstructural analysis using scanning electron microscopy (SEM), energy-dispersive X-ray spectroscopy (EDS) and X-ray diffraction (XRD). Electrochemical behavior was conducted in Fusayama-Meyer solution (pH = 6.50 and T = 37 °C) using potentiodynamic polarization curve (PPC) and electrochemical impedance spectroscopy (EIS), under varying pH and fluoride ion concentrations. The results demonstrated that a 3-h duration treatment provided the optimal corrosion resistance for both EO and TT processes. The pH of the environment influenced corrosion performance markedly: both acidic (pH 2.5) and basic (pH 9.0) conditions increased Icorr and decreased Rp, indicating degradation of the passive oxide layer outside neutral conditions. Similarly, increasing fluoride concentrations (1000; 5000; and 12,300 ppm) significantly impaired corrosion resistance. At 12,300 ppm F−, untreated Ti showed severe degradation, with EIS revealing the formation of a porous outer layer and a weakened inner barrier layer (Rf = 33 W·cm2 for the outer layer and Rct = 21 kW·cm2 for the barrier layer). In contrast, the TT-treated surface remained highly protective even under these aggressive conditions, with minimal surface damage and the highest resistances for both the outer and the inner layers (Rf = 1610 kW·cm2; Rct = 1583 kW·cm2), significantly outperforming the EO film. These findings highlight the superior performance of thermal oxidation at 450 °C for 3 h as a promising surface treatment for enhancing the corrosion resistance of titanium in fluoride-rich oral environments. Understanding these strategies helps improve the longevity and security of titanium dental implants.",22.857142857142858,6.81875,0.725,0.628125,0.021875,0.0125,0.0,2025,1.8405797101449275
https://doi.org/10.3390/cmd6040053,Atmospheric Corrosion Kinetics and QPQ Coating Failure of 30CrMnSiA Steel Under a Deposited Salt Film,2025,0,True,article,Corrosion and Materials Degradation,"Atmospheric corrosion in sand dust environments is driven by deposits that bear chloride, which sustain thin electrolyte layers on metal surfaces. We established a laboratory protocol to replicate this by extracting, formulating, and depositing a preliminary layer of mixed salts from natural dust onto samples, with humidity precisely set using the salt’s deliquescence behavior. Degradation was tracked with SEM/EDS, 3D profilometry, XRD, and electrochemical analysis. Bare steel showed progressive yet decelerating attack as rust evolved from discrete islands to a lamellar network; while this densification limited transport, its internal cracks and interfacial gaps trapped chlorides, sustaining activity beneath the rust. In contrast, QPQ-treated steel remained largely protected, with damage localized at coating defects as raised rust nodules, while intact regions maintained low electrochemical activity. By coupling salt chemistries derived from the field with humidity control guided by deliquescence and diagnostics across multiple scales, this study provides a reproducible laboratory pathway to predict atmospheric corrosion.",25.666666666666668,7.266233766233766,0.7207792207792207,0.7857142857142857,0.07792207792207792,0.012987012987012988,0.0,2025,1.8405797101449275
https://doi.org/10.3390/cmd6040054,Corrosion and Soiling in the 21st Century: Insights from ICP Materials and Impact on Cultural Heritage,2025,0,True,article,Corrosion and Materials Degradation,"This paper reviews results published by the International Co-operative Programme on Effects on Materials including Historic and Cultural Monuments (ICP Materials) with emphasis on those obtained after the turn of the century. Data from ICP Materials come from two main sources. The first is through exposures of materials and collection of environmental data in a network of atmospheric exposure test sites mainly distributed across Europe. Corrosion of carbon steel has continued to decrease during the period 2000–2020 but corrosion of zinc only up until 2014, and the trend in zinc corrosion is only visible when examining four-year data. Surface recession of limestone as well as soiling of modern glass show no decreasing trend during 2000–2020. The second is through case studies performed at heritage sites across Europe. Risk analysis of corrosion and soiling for twenty-six sites indicate that currently soiling is a more significant maintenance trigger than corrosion. Costs for maintaining heritage sites are substantial and costs attributable to air pollution is estimated from 40% to as much as 80% of the total cost. Future directions of the program are work on effects of particulate matter, improving the scientific basis for the work, and making the monitoring data publicly available.",22.22222222222222,6.425,0.625,0.655,0.025,0.03,0.0,2025,1.8405797101449275
https://doi.org/10.3390/cmd6040055,Evolution of Galvanized Steel Pipe Corrosion in Hot Water Supply Systems,2025,0,True,article,Corrosion and Materials Degradation,"This paper presents comprehensive studies of pitting corrosion, which precedes the appearance of fistulas in galvanized steel pipelines of hot and cold water supply systems. Corroded galvanized pipes taken out from water supply systems within their operation and scale samples were the subject of this research. The current work continues the research on one of the four structural elements of tubercles—the dense layer. The corrosion of the zinc coating and the steel base of pipes inside the tubercles led to a gradual increase in the concentration of a solution containing components of the corroding metal (zinc and iron cations) and anions in water (mainly chlorides and sulfates). To explain the corrosion under the tubercles, their dense layer was compared with an anion exchange membrane with selective properties, which provided the primary concentration of the salt solution in the structure of the tubercles with a significant increase in the concentration of aggressive anions compared to the source water. The formation of fistulas in the cavity leads to a secondary concentration of solution inside the tubercle, mainly consisting of iron chloride. At the same time, due to the hydrolysis of the formed iron salts and a decrease in pH, the corrosion rate increases and becomes independent of external conditions. This article summarizes ten years of experience in examining corrosion of steel pipes from external and internal water supply systems.",28.375,6.3744493392070485,0.5814977973568282,0.5198237885462555,0.03524229074889868,0.013215859030837005,0.0,2025,1.8405797101449275
https://doi.org/10.3390/cmd6040057,First-Principles Study of Rare-Earth Doping Effects on Nitrogen Adsorption and Diffusion in Chromium,2025,0,True,article,Corrosion and Materials Degradation,"To address the premature corrosion failure of chromium-based coatings in harsh environments (e.g., high temperatures, chloride-containing solutions), this work systematically investigates how rare-earth (RE, i.e., Ce and La) elements regulate nitrogen (N) adsorption and diffusion behavior in Cr during the early stages of nitriding, a critical corrosion protection strategy, using first-principles density functional theory (DFT). Results show that RE preferentially occupies Cr substitutional site, increasing the Young’s modulus from 293.5 GPa (pristine Cr) to 344.9 GPa (Ce-doped) and 348.7 GPa (La-doped). Surface RE doping on Cr(110) significantly enhances N adsorption energy from −3.23 eV to −3.559/−3.645 eV (Ce-/La-doped), whereas subsurface doping slightly weakens the adsorption. Moreover, the energy barrier for N penetration into subsurface is reduced from 2.11 eV to 2.03/1.91 eV (Ce-/La-doped), thereby facilitating nitridation. Notably, RE is found to strongly trap vacancies and N atoms, leading to increased migration barriers and thus hindering their long-range transport. These findings demonstrate that RE exhibits a dual role during nitriding: promoting N incorporation at the surface while restricting its deep diffusion into the bulk. The study provides theoretical insights into the atomistic mechanisms by which RE elements modulate nitriding efficiency in Cr-based alloys, offering guidance for the design of RE-doped surface-modified coatings with improved corrosion resistance.",10.25,7.117073170731707,0.7414634146341463,0.7902439024390244,0.01951219512195122,0.01951219512195122,0.0,2025,1.8405797101449275
https://doi.org/10.3390/cmd6040058,A Review on Advanced AFM and SKPFM Data Analytics for Quantitative Nanoscale Corrosion Characterization,2025,0,True,article,Corrosion and Materials Degradation,"Corrosion is a complex, surface-initiated process that demands nanoscale, real-time characterization to understand its initiation and propagation. Atomic force microscopy (AFM) and scanning Kelvin probe force microscopy (SKPFM) have emerged as powerful tools in corrosion science, enabling high-resolution imaging and electrochemical mapping under realistic conditions. This review, inspired by pioneering work at KTH by Professors Christofer Leygraf and Jinshan Pan, highlights advanced analytical strategies that extend the capabilities of AFM and SKPFM beyond traditional line-profile analysis. Techniques such as power spectral density (PSD) analysis, multimodal Gaussian histogram fitting, statistical roughness quantification, and deconvolution methods are discussed in the context of case studies on aluminum alloys, stainless steels, magnesium alloys, biomedical implants, and protective coatings. By integrating in situ imaging, electrochemical mapping, and statistical data processing, these approaches provide deeper insights into localized corrosion, micro-galvanic coupling, and surface reactivity. Future directions include coupling AFM-based methods with high-speed imaging, machine learning, and spectro-electrochemical techniques to accelerate the development of corrosion-resistant materials and enable probabilistic diagnostics of corrosion initiation susceptibility.",27.833333333333332,8.095808383233534,0.7485029940119761,0.7964071856287425,0.05389221556886228,0.023952095808383235,0.0,2025,1.8405797101449275
https://doi.org/10.3390/cmd6040060,Preparation and Characterization of a Dual-Layer Coating with Synergistic Ionic Selectivity and Photocathodic Protection Property,2025,0,True,article,Corrosion and Materials Degradation,"Inspired by the mechanism of ion exchange resins, this study is a first-report in constructing a dual-layer photocathodic protective coating with ionic selectivity to enhance corrosion resistance property. The microstructure, composition, and ion selectivity of the coating are characterized by scanning electron microscopy, Raman spectroscopy, infrared spectroscopy, and membrane potential. It shows that the outer g-C3N4/TiO2 cation-selective layer plays a role in preventing corrosive Cl− ions passing through the coating; the inner g-C3N4-TiO2-CTAB anion-selective layer could prevent Fe2+ ions from diffusing through the coating. Furthermore, the coated carbon steel sample demonstrates a minimum OCP (open circuit potential) value of −770 mV (vs. SCE) under illumination in 3.5% NaCl media. Interestingly, the OCP remains around −720 mV (vs. SCE) even after light deprivation. The synergistic effect between ion selectivity and photocathodic protection is described, in detail, in the following.",15.333333333333334,7.050724637681159,0.7028985507246377,0.7681159420289855,0.043478260869565216,0.028985507246376812,0.0,2025,1.8405797101449275
https://doi.org/10.3390/cmd6040062,Aging Investigation of Polyethylene-Coated Underground Steel Pipelines,2025,0,True,article,Corrosion and Materials Degradation,"The aging of three-layer polyethylene-coated buried steel pipelines for oil/gas and water transport poses significant challenges for public safety, environmental integrity, and economic sustainability. Over time, these pipelines become increasingly susceptible to corrosion and eventual failures, which can pose environmental hazards, safety risks, and costly repairs. Consequently, predicting the service life of polyethylene-coated steel pipelines is critical for mitigating corrosion risks, extending operational lifespan, and planning effective maintenance strategies. Current international standards lack clear methodologies and criteria for assessing the aging behavior of polyethylene-coated underground pipelines. Current studies have examined two techniques—Line Current Attenuation (LCA) and Drainage Test (DT)—to estimate aging rates in polyolefin-coated pipelines following soil exposure during service. The present study introduces an innovative approach for evaluating aging behavior. It includes a comprehensive analysis using an exponential aging model to estimate the coating’s average specific electrical resistance at any service time, as well as quantitative criteria for the failure of oil/gas and water pipelines. Moreover, it is based on the modified LCA as the most suitable aging methodology with some limitations. Finally, the study concludes with a derived correlation between the coating’s initial specific electrical resistance and its aging rates, and the prediction of the residual life of the polyethylene coating. This integrated framework provides a robust foundation for regulatory bodies, design engineers, maintenance planners, quality assurance/control teams, and researchers to ensure the long-term integrity and sustainability of underground polyethylene-coated steel pipelines.",23.4,7.6239316239316235,0.7051282051282052,0.6324786324786325,0.01282051282051282,0.029914529914529916,0.0,2025,1.8405797101449275
https://doi.org/10.3390/cmd6040065,In-Situ Corrosion Testing of Carbon Steel and EHLA Clad Materials in High-Temperature Geothermal Well,2025,0,True,article,Corrosion and Materials Degradation,"Carbon steel casing material in high-temperature deep geothermal wells can be prone to severe corrosion and premature failure due to the oxidation capacity of H2O, H2S, CO2, and more corrosive species in geothermal fluid. Due to the higher temperature and pressure and phase state of fluid in high-temperature deep geothermal wells, the rate and extent of corrosion can be expected to be different than in low-temperature geothermal wells. To reduce the extent of corrosion damage and corrosion rate, and increase the lifetime of geothermal wells, one mitigation method is to clad the internal surface of the geothermal casing with a more noble, corrosion-resistant material. Conventional cladding, however, has been an expensive and time-consuming process up to the current date, but recently, a more economical and productive method has been established, i.e., EHLA cladding. In this study, a 14-day corrosion performance test was conducted on stainless steel and nickel-based alloy clads on a carbon steel substrate in a 262 °C and 95 bar geothermal well in the Hellisheidi geothermal field (SW Iceland). Samples were partially or fully cladded, and some samples were stressed to investigate the clads’ susceptibility to general corrosion and stress corrosion cracking, as well as the substrate’s vulnerability to galvanic corrosion. Corrosion analysis of pure carbon steel substrate was also investigated for comparison. Samples were microstructurally analysed with SEM, and chemical analysis was performed with EDX. The results indicated that the clad materials have good corrosion resistance in the geothermal environment tested, suggesting that EHLA cladding is a more feasible option for strengthening the corrosion resistance of geothermal casing and equipment.",23.90909090909091,6.593155893536122,0.6577946768060836,0.5513307984790875,0.026615969581749048,0.019011406844106463,0.0,2025,1.8405797101449275
https://doi.org/10.3390/cmd7010001,Corrosion of Carbon Steel and Extra High-Speed Laser Application Clad Materials in Superheated H2O Containing CO2 and H2S,2025,0,True,article,Corrosion and Materials Degradation,"Currently, there are several deep drill geothermal projects that aim to discharge superheated or supercritical geothermal fluid for sustainable power production. In geothermal power utilisation, the well casing steel and surface equipment is susceptible to corrosion due to corrosive species in the geothermal fluid. The temperature and the phase state of the fluid greatly affect the extent and the forms of corrosion that can occur. To mitigate corrosion damage in the casing and surface equipment, the recently developed production method Extra High-speed Laser Application (EHLA) cladding is proposed as a solution. To simulate application of carbon steel and EHLA clads in superheated geothermal wells, the materials were tested in a superheated steam containing CO2 and H2S at 450 °C temperature and 150 barG pressure. Microstructural and chemical analysis was performed with SEM, EDX and XRD, and corrosion rate was analysed with the weight loss method. The carbon steel was prone to corrosion with a double corrosion layer but the corrosion of the EHLA clads was insignificant. The results show that the EHLA clads tested have good corrosion resistance in the test environment, and the study can aid in the selection of casing and clad materials for future deep geothermal wells. Furthermore, this study shows that the EHLA clads increase the variety of corrosion mitigation solutions for future geothermal projects.",24.333333333333332,6.420091324200913,0.6575342465753424,0.5296803652968036,0.0182648401826484,0.0091324200913242,0.0,2025,1.8405797101449275
https://doi.org/10.3390/cmd7010002,Rubber-Induced Corrosion of Painted Automotive Steel: Inconspicuous Case of Galvanic Corrosion,2025,0,True,article,Corrosion and Materials Degradation,"Rubber components filled with carbon black are widely used in vehicles for sealing, preventing water ingress, and reducing vibration and aerodynamic noise. However, carbon particles increase the electrical conductivity of rubber. When a carbon-filled rubber part comes into contact with the metal car body, it may act as a cathode, accelerating metal corrosion via galvanic coupling. This study combined volume resistivity and zero-resistance ammeter (ZRA) measurements, resistometric corrosion monitoring, and accelerated corrosion testing to assess the effect of rubber conductivity on the corrosion degradation of painted car body panels in defects. More conductive rubber induced a higher galvanic current and accelerated paint delamination from defects. Real-time monitoring confirmed an earlier onset of corrosion and higher corrosion rates for steel coupled with conductive rubber. These findings emphasize the importance of using low-conductive rubber with resistivity from 104 Ω·m to minimize the risk of galvanic corrosion of the car body.",21.142857142857142,6.966216216216216,0.7027027027027027,0.6486486486486487,0.05405405405405406,0.02027027027027027,0.0,2025,1.8405797101449275
https://doi.org/10.3390/cmd7010003,Atomic Layer Deposition of Oxide-Based Nanocoatings for Regulation of AZ31 Alloy Biocorrosion in Ringer’s Solution,2025,0,True,article,Corrosion and Materials Degradation,"Research into methods for regulating the biocorrosion rate of biodegradable magnesium implants is one of the most urgent tasks in the field of biomedical materials science. Atomic layer deposition (ALD) is a highly effective method for the preparation of nanocoatings, which can be used to regulate the biodegradation rate. The present paper presents the findings of a research study in which the most commonly used simple oxide ALD coatings (Al2O3, TiO2, and ZnO) were examined, in addition to mixed coatings obtained by alternating ALD cycles of the application of ZnO-TiO2 (ZTO) and Al2O3-TiO2 (ATO). The coating thicknesses exhibited a variation within the most typical range for ALD coatings, measuring between 20 and 80 nanometres. The biocorrosion testing was conducted in Ringer’s physiological solution through the measurement of potentiodynamic polarisation curves and impedance spectroscopy. The findings demonstrated that, for Al2O3 coatings, the protective properties exhibited an increase with increasing thickness, while for TiO2, the trend was found to be dependent on the type of precursor utilised. The protective properties of titanium tetraisopropoxide (TTIP) have been observed to increase with increasing thickness. Conversely, the protective properties of titanium tetrachloride (TiCl4) have been observed to decrease. The application of mixed ZTO oxides with a thickness of 40 nm has been demonstrated to reduce the corrosion current by 1.7 and 3.4 times, depending on the use of TiCl4 or TTIP. Furthermore, the effectiveness of ATO coatings of similar thicknesses has been shown to be higher, with a reduction in corrosion currents of 54 and 24 times for samples obtained using TiCl4 and TTIP, respectively. A thorough analysis of the collected data unequivocally demonstrates the superior efficacy of mixed oxides in comparison to their pure oxide counterparts.",21.692307692307693,6.588652482269503,0.6312056737588653,0.5709219858156028,0.028368794326241134,0.014184397163120567,0.0,2025,1.8405797101449275
https://doi.org/10.3390/cmd7010005,Effect of Heat Treatment on the Corrosion Behavior of Additively Manufactured and Cast AlSi10Mg,2026,0,True,article,Corrosion and Materials Degradation,"This study investigates the corrosion resistance of aluminum alloy AlSi10Mg to evaluate the influence of both manufacturing methods and heat treatments on its durability. The research compares samples produced via laser powder bed fusion (LPBF) and conventional casting, with subsets subjected to either no, T5 (artificial aging), and T6 (solution annealing and aging) heat treatment. All samples were exposed to an accelerated cyclic corrosion test, using immersion and drying cycles. Corrosion performance was quantified via mass loss (ML) measurements and analyzed using metallography. The analysis revealed that heat treatment (factor A) is the only statistically significant factor affecting mass loss. Even short exposure to the corrosive environment caused clearly visible surface changes. This suggests a significant decrease in corrosion resistance, linked to microstructural changes. While LPBF parts exhibited lower mass loss in the as-manufactured and T5 states, the T6 treatment negatively impacted both manufacturing routes.",18.125,7.055172413793104,0.7517241379310344,0.7172413793103448,0.034482758620689655,0.034482758620689655,0.0,2026,0.16216216216216217
https://doi.org/10.3390/cmd7010007,Reflections and Highlights from Forty Years of Atmospheric Corrosion Research,2026,0,True,article,Corrosion and Materials Degradation,I grew up in a home filled with music [...],3.3333333333333335,4.0,0.5,1.1,0.0,0.0,0.0,2026,0.16216216216216217
https://doi.org/10.3390/cmd7010008,The Importance of Considering the Service Environment When Studying and Predicting the Performance of Corrodible Structures,2026,0,True,article,Corrosion and Materials Degradation,"It goes without saying that when studying the corrosion behaviour of a component or structure, the experimental conditions should reflect the service environment to which the object will be exposed. However, all too frequently, “accelerated” conditions are used, involving applied potentials, elevated temperature, high solute concentrations, excessive strain or strain rates, etc., which complicates the prediction of the in-service behaviour or component lifetime. At best, it is necessary to extrapolate the results of these accelerated laboratory measurements to more realistic conditions, ideally based on a mechanistic understanding of the processes involved. At worst, accelerated laboratory tests may suggest corrosion processes that are not feasible or relevant to the service environment, potentially disqualifying a given material or design from consideration that would otherwise provide acceptable behaviour in service. Examples of the need to properly take into account the service environment and the potential negative consequences of accelerated testing are given for the case of the corrosion behaviour of nuclear waste container materials. For example, the use of bulk solutions to study the corrosion of copper by sulfide in the laboratory involves high sulfide fluxes and leads to localized corrosion and stress corrosion cracking mechanisms that are not possible under actual repository conditions. Similarly, accelerating the effects of γ-irradiation using high absorbed dose rates runs the risk of changing the mechanism of radiation-induced corrosion. Above all, it is imperative to develop a sound mechanistic understanding of the underlying corrosion mechanisms in order to confidently apply the results of short-term laboratory observations to the prediction of the long-term performance of nuclear waste containers.",28.88888888888889,6.976923076923077,0.6269230769230769,0.5807692307692308,0.015384615384615385,0.04230769230769231,0.0,2026,0.16216216216216217
https://doi.org/10.3390/cmd7010012,Effects of Inhibitors on Corrosion Resistance of Acrylic–Amino Resin Coatings in Alkaline Solution for Industrial Measuring Tapes,2026,0,True,article,Corrosion and Materials Degradation,"During industrial construction, steel measuring tapes are frequently exposed to alkaline cement environments, leading to rapid degradation of protective coatings and corrosion of the steel substrate. In this study, acrylic–amino resin composite coatings incorporating three different inhibitor systems (RZ/ZMP, RZ/ZPO, and RZ/ZPA) were prepared, and their corrosion resistance in alkaline media was systematically evaluated. The microstructure and composition of the coatings were characterized by SEM, EDS, and XRD, while surface wettability was assessed by water contact angle measurements. Corrosion protection performance was investigated using potentiodynamic polarization, electrochemical impedance spectroscopy (EIS), and long-term alkaline immersion tests. The results show that the incorporation of inhibitors significantly enhances the corrosion resistance of the coatings. Compared with the inhibitor-free acrylic–amino resin coating, the corrosion current density of the RZ/ZPA coating decreases by approximately 1.9 times, while that of the RZ/ZPO coating decreases by about 1.7 times. EIS analysis further reveals that the RZ/ZPO/acrylic–amino resin coating exhibits the highest coating resistance (1.41 × 107 Ω·cm2), which is approximately 4.2 times higher than that of the inhibitor-free coating and 188 times higher than that of the steel substrate, indicating the strongest ion-blocking capability. Based on combined electrochemical parameters and long-term alkaline immersion behavior, the corrosion resistance of the coatings increases in the following order: acrylic–amino resin coating &lt; RZ/ZPA &lt; RZ/ZMP &lt; RZ/ZPO. Overall, the synergistic effect of multiple inhibitors significantly improves both the electrochemical corrosion resistance and long-term alkaline durability of acrylic–amino resin coatings.",18.384615384615383,7.527196652719665,0.7112970711297071,0.5690376569037657,0.03765690376569038,0.02092050209205021,0.0,2026,0.16216216216216217
https://doi.org/10.3390/cmd7010013,Evaluating the Impact of Key Variables on Inhibitor Functionality Under Droplet Conditions,2026,0,True,article,Corrosion and Materials Degradation,"This study investigates droplet-induced corrosion, a localized corrosion phenomenon driven by oxygen depletion within electrolyte droplets, distinct from bulk volume corrosion. To evaluate the performance of corrosion inhibitors under droplet conditions, a rapid screening electrochemical test method was employed, using a two-electrode setup to monitor corrosion currents. The study examined systematically different exposure environments including dissolved oxygen, pH, electrolyte molarity, and droplet geometry as key factors influencing atmospheric corrosion. Results show that dissolved oxygen levels significantly affect corrosion mechanisms, while larger droplets amplify the Evans droplet effect. Importantly, effective corrosion inhibitors mitigate this effect by reducing the cathodic reaction rate in droplet conditions. These findings advance the understanding of droplet corrosion mechanisms and provide insights into designing sustainable protection strategies to improve the longevity of steel structures in aggressive environments.",21.666666666666668,7.930769230769231,0.7615384615384615,0.7153846153846154,0.05384615384615385,0.023076923076923078,0.0,2026,0.16216216216216217
https://doi.org/10.3390/cmd7010015,Electrochemical Evaluation of an Alkali Activated Eco-Cellular Geopolymer Concrete for the Mitigation of Reinforcing Steel Corrosion in Chloride Containing Environments,2026,0,True,article,Corrosion and Materials Degradation,"The present study evaluates the electrochemical behaviour of reinforcing steel embedded in an alkali-activated eco-cellular geopolymer concrete designed for applications in environments with high chloride exposure. The material was formulated using a ternary precursor composed of fluid catalytic cracking residue (FCC), Class F fly ash, and ground granulated blast furnace slag (BFS), activated with an alkaline solution and combined with preformed foam to generate a microstructure characterised by predominantly closed porosity and low capillary connectivity. The electrochemical response of the system was assessed through open circuit potential (OCP) measurements, Tafel polarisation curves, electrochemical impedance spectroscopy (EIS), and potentiodynamic tests under accelerated exposure to NaCl solutions. The results demonstrate a markedly improved electrochemical performance, evidenced by shifts in OCP towards more noble values, reductions of 45–65% in corrosion current density (Icorr), and increases of up to fourfold in charge transfer resistance (Rct), together with the development of broader and more stable passive regions. This behaviour is attributed to the synergistic interaction between the formation of dense N-(C)-A-S-H (sodium/calcium–aluminosilicate hydrate) and C-(A)-S-H (calcium–aluminosilicate hydrate) gels, the eco-cellular architecture with low capillary connectivity, and the stable high alkalinity of the activated matrix, which collectively restrict ionic transport and promote the passive stability of the reinforcing steel—defined here by noble OCP values, low Icorr, high Rct, and sustained passive domains in polarisation curves. Overall, the findings position the developed eco-cellular geopolymer concrete as a sustainable, high-performance alternative for infrastructure exposed to chloride-rich environments.",39.833333333333336,7.602510460251046,0.7071129707112971,0.6778242677824268,0.04602510460251046,0.008368200836820083,0.0,2026,0.16216216216216217
https://doi.org/10.3390/cmd7010018,Hydrogen Embrittlement Risk Analysis of Drill Pipes During Gas Kick and Throttling Circulation in Deep Well Drilling of Tarim Oilfield: A Case Study,2026,0,True,article,Corrosion and Materials Degradation,"When a H2S-containing gas kick occurs during drilling, the formation fluid containing hydrogen sulfide is mixed into the drilling fluid. Drilling fluid containing hydrogen sulfide is prone to causing hydrogen embrittlement when it comes into contact with the drill string during the upward return process. However, research on the risk and timing of hydrogen embrittlement in drill pipes remains limited. This study constructed a risk area and hydrogen embrittlement time analysis model. The risk area and time of hydrogen embrittlement in the drill pipe of the Jinyue 402 well in Tarim Oilfield were analyzed using the constructed model. The results indicate that the concentration of hydrogen sulfide in the Jinyue 402 well is in the area where the corrosion rate of steel increases rapidly, and the partial pressure of hydrogen sulfide is higher than the critical partial pressure at which corrosion cracking occurs. Taking into account the pH of the drilling fluid, fluid flow rate, hydrogen sulfide partial pressure, drill pipe tensile stress, hydrogen sulfide concentration, and gas partial pressure, the high-risk area for hydrogen sulfide corrosion damage in the Jinyue 402 well is 0–1680 m. The predicted highest risk point location and hydrogen embrittlement time are at a well length of 280 m and 21 h. Further predictions were made for the hydrogen embrittlement length and time of the Tazhong 83 and Zhonggu 503 wells in the Tarim Oilfield. The maximum prediction errors for the hydrogen embrittlement position and time of the drill pipe in the three wells were 4.8% and 5.2%, respectively. This indicates that the model can be applied to wells with different geological conditions and hydrogen sulfide concentrations.",20.923076923076923,6.264705882352941,0.6691176470588235,0.44485294117647056,0.025735294117647058,0.007352941176470588,0.0,2026,0.16216216216216217
https://doi.org/10.3390/cmd7010020,Chemical Equilibrium Fracture Mechanics—Hydrogen-Induced Crack Growth Initiation,2026,0,True,article,Corrosion and Materials Degradation,"Hydrogen-induced crack growth initiation, in metallic structures, is studied under constant temperature and chemical equilibrium, by employing Chemical Equilibrium Fracture Mechanics (CEFM). The conditions of small-scale, contained and large-scale hydrogen embrittlement are introduced and the areas of material deterioration, together with the distributions of stress and hydrogen concentration, including hydride volume fraction, are derived analytically. It is shown that the shape of the material deterioration zone is identical for embrittlement caused either by hydrogen in solid solution or by hydride precipitation; the size depends on the strength of the asymptotic crack-tip field, which develops by the mechanical loading in the hydrogen-free structure, as well as on the average hydrogen content absorbed by the structure. It is also shown that a linear relation exists between a power of the threshold of crack-growth initiation and the logarithm of hydrogen content, depending on the extent of hydrogen embrittlement and material elastic-plastic deformation. These linearity trends, which are derived by the present analysis, are confirmed by published experimental fracture mechanics measurements on several non-hydride- and hydride-forming alloys, including α/β hydride-forming alloys. The present study promotes structural integrity assessments, without reliance on complicated coupled numerical analysis of material deformation, hydrogen diffusion and hydride precipitation.",33.166666666666664,7.336683417085427,0.6532663316582915,0.5829145728643216,0.035175879396984924,0.010050251256281407,0.0,2026,0.16216216216216217
https://doi.org/10.3390/cmd7010019,Corrosion Resistance of Electrodeposited Zn-Fe-Cr Coatings on Sintered Nd-Fe-B,2026,0,True,article,Corrosion and Materials Degradation,"Zn-Fe-Cr coatings were successfully deposited on sintered Nd-Fe-B matrix through the addition of the complexing agent etidronic acid (HEDP) to the plating solution; the electrodeposited process of the metal elements and the corrosion behavior of the coatings were also investigated. Through cyclic voltammetry (CV) tests, it was observed that the reduction potential difference between the metal elements was reduced by the addition of HEDP, which contributed to a more feasible electrodeposited process. The surface of Zn-Fe-Cr coating was covered by a chromate conversion film, and its microstructure was identified as the solid solution of Fe and Cr in Zn matrix. Compared with Zn and Zn-Fe coatings, the corrosion current density (Jcorr) of Zn-Fe-Cr coating was decreased to 0.28 × 10−6 A·cm−2, and the corrosion potential (Ecorr) was increased to −1.01 V. Compared with the Zn and Zn-Fe coatings, the corrosion rate of the Zn-Fe-Cr coating has decreased by 90% and 98%, respectively. The corrosion resistance of coatings was further analyzed by neutral salt spray tests (NSS), and the analysis results showed that a composite oxide layer, composed of ZnO and Cr2O3, was formed in the corroded area of Zn-Fe-Cr coating during the corrosion process, which is capable of effectively inhibiting the expansion of the corrosion area. This research provides a promising strategy for ensuring the long-term service integrity of sintered Nd-Fe-B materials in marine environments.",25.0,6.3822222222222225,0.6488888888888888,0.56,0.04888888888888889,0.0044444444444444444,0.0,2026,0.16216216216216217
https://doi.org/10.3390/cmd7010021,Detection of Uniform Corrosion in Steel Pipes Using a Mobile Artificial Vision System,2026,0,True,article,Corrosion and Materials Degradation,"Corrosion in steel pipelines can cause critical failures in industrial systems, while conventional inspection methods such as radiography and ultrasonic testing are costly and require specialized personnel. This study presents a mobile computer vision system for automated corrosion detection inside steel pipes using deep learning-based visual analysis. The proposed system consists of a Raspberry Pi 4-based mobile robot equipped with a high-resolution camera for internal inspection. Acquired images were processed using color-space transformations (RGB–HSV), filtering, and segmentation. Convolutional neural networks and semantic segmentation models, including YOLOv8-seg (Instance segmentation) and DeepLabV3 (Semantic segmentation), were trained on a custom corrosion image dataset to identify corroded regions. Real-time visualization was implemented via Flask-based video streaming. Experimental results demonstrated high detection accuracy for uniform corrosion, achieving a mean Intersection over Union (mIoU) above 0.98 and a precision of 0.99 with the YOLOv8-seg model. These results indicate that the proposed system enables reliable and automated corrosion inspection, with the potential to reduce inspection costs and improve operational efficiency. Future work will focus on enhancing real-time performance through hardware optimization.",15.818181818181818,7.626436781609195,0.7471264367816092,0.7758620689655172,0.011494252873563218,0.017241379310344827,0.0,2026,0.16216216216216217
https://doi.org/10.3390/cmd7020022,Event-Based Evaluation of Short-Term Wettability Degradation of RTV Nanocomposite-Coated 150 kV Ceramic Insulators Under Tropical Flashover Stress,2026,0,True,article,Corrosion and Materials Degradation,"Flashover events can induce rapid surface condition changes on outdoor ceramic insulators, while early-stage degradation is typically assessed indirectly through long-term ageing or electrical diagnostics. This study proposes an event-based, surface-focused evaluation framework to assess short-term flashover-induced surface degradation using normalized wettability indicators. A controlled experimental comparison was conducted on uncoated, TiO2-RTV-coated, and SiO2-RTV-coated 150 kV ceramic insulators subjected to a single flashover pre-stress under humid tropical conditions. Static contact angles decreased from 42.6° to 18.3° for uncoated ceramic, from 112.4° to 86.7° for TiO2-RTV, and from 115.8° to 92.6° for SiO2-RTV after flashover exposure. The corresponding relative wettability retention values were 43.0%, 77.1%, and 80.0%, while the wettability degradation index values were 0.57, 0.23, and 0.20, respectively. Surface morphology and elemental presence were qualitatively examined via SEM–EDS. The results show that both nanocomposite coatings effectively preserve post-flashover surface hydrophobicity compared with uncoated ceramics, with the SiO2-RTV system exhibiting the highest short-term wettability retention. By integrating static contact-angle measurements, qualitative surface morphology, and normalized wettability indicators, this study proposes an event-based evaluation framework for RTV-coated ceramic insulators. Flashover-voltage and leakage-current measurements were included only as supplementary validation to support the surface-based interpretation, without implying direct electrical performance modeling. This surface-focused, event-based approach provides an experimental basis for post-flashover condition assessment of ceramic insulators operating in humid outdoor environments.",9.909090909090908,8.055045871559633,0.7706422018348624,0.6972477064220184,0.0045871559633027525,0.013761467889908258,0.0,2026,0.16216216216216217
https://doi.org/10.3390/cmd7020023,Detection of Pitting Corrosion in Stainless-Steel Sheet Pile Walls Using Deep Learning,2026,0,True,article,Corrosion and Materials Degradation,"This study proposes a new deep learning-based approach for detecting pitting corrosion on stainless-steel sheet pile surfaces in drainage channels. Conventional ultrasonic thickness measurement methods cannot detect microscopic pitting corrosion that occurs before measurable thickness reduction. The research develops an automated detection system using visible images captured with smartphone cameras and U-net semantic segmentation. Two stainless steel grades (SUS410 and SUS430) were exposed for 5 years to a brackish water environment and analyzed. The deep learning approach achieved F1-scores of 0.831 (SUS410) and 0.808 (SUS430), outperforming binary thresholding methods (F1-scores: 0.407 and 0.329, respectively). Data augmentation improved performance by 1–3 percentage points. The method enabled non-destructive, quantitative assessment of early-stage corrosion using readily available equipment, providing a practical tool for infrastructure maintenance and long-term durability evaluation.",11.454545454545455,7.777777777777778,0.7936507936507936,0.8888888888888888,0.047619047619047616,0.015873015873015872,0.0,2026,0.16216216216216217
https://doi.org/10.3390/cmd7020024,"Corrosion of Extruded WE43, Mg10Gd, and ZX10: Correlation of Morphology and Stress Mapping to Residual Strength Using µCT and DIC",2026,0,True,article,Corrosion and Materials Degradation,"For the corrosion behavior of three extruded Mg alloys (WE43, Mg10Gd, ZX10), the corrosion morphology and the resulting local stress distribution are correlated with the residual strength using µCT, Digital Image Correlation and tensile tests. Samples are corroded in HBSS at 37 °C for various exposure times to increase the extent of corrosion. They are then examined by using the gravimetric method to determine the corrosion rate. Corroded tensile samples are subjected to µCT analysis before and after tensile testing. The crack formation originating from pitting corrosion is discussed on the basis of the stress distribution around local corrosion—its extent is clearly influenced on the morphology. µCT analyses reveals that fractures occur in different ways, either at the smallest cross section, at isolated deep pitting sites, or in other critical areas with critical pitting quantity or size. Mg10Gd has a slightly higher strength compared to WE43 and ZX10. ZX10 maintains superior residual strength over time. Pitting corrosion is mainly observed in Mg10Gd and WE43, with different degrees of residual strength. This study allows for a better understanding and prediction of critical areas of non-uniform corroded Mg alloys and provides information on the bearable stress concentration.",19.5,6.558974358974359,0.6820512820512821,0.5897435897435898,0.03076923076923077,0.02564102564102564,0.0,2026,0.16216216216216217
https://doi.org/10.3390/cmd7020025,Corrosion–Cavitation Behaviour of the Extra-Low-Lead Brass CB773S in Marine Environments,2026,0,True,article,Corrosion and Materials Degradation,"This study analyses the behaviour of brass CB773S with extra-low-lead content in relation to corrosion and the corrosion–cavitation phenomenon. Electrochemical corrosion tests, both potentiodynamic and potentiostatic, as well as corrosion–cavitation tests, were conducted. Various potentials were applied to brass, alongside cavitation generated by an ultrasonic bath. Artificial seawater and artificial brackish water were used as electrolytes. Surface damage was evaluated using a stereo microscope and scanning electron microscopy. The results indicate that the interfaces between alpha and beta phases of brass serve as preferential sites for the nucleation and collapse of vapour bubbles under cavitation conditions, leading to a deep pitting, especially in artificial brackish water under this synergy. Susceptibility to a selective corrosion of the Zn-rich phase was observed, highly dependent on the test solution, as well as on the applied potential during the tests. The corrosion–cavitation synergistic damage was strongly dependent on the electrochemical parameters, particularly the applied potential, which plays a key role under cathodic protection conditions. In general, it can be concluded that low-lead brass behaviour is governed by a complex interaction between applied potential, electrolyte chemistry, microstructure, and mechanical effect. These findings provide valuable insights into brass’s performance under service conditions where corrosion and cavitation may appear simultaneously in marine environments.",20.6,7.315533980582524,0.6601941747572816,0.6359223300970874,0.06310679611650485,0.02912621359223301,0.0,2026,0.16216216216216217
https://doi.org/10.3390/cmd7020027,Modeling Crack Initiation in BWR and PWR Primary Coolant Circuits,2026,0,True,article,Corrosion and Materials Degradation,"Models are described for calculating the crack initiation times for Alloy 600 and Type 304 SS in PWR and BWR primary coolant circuits, respectively. In PWRs, initiation is defined in terms of the grain boundary oxidation concept of Scott and Le Calvar, whereas in BWRs, cracks are envisioned to nucleate from corrosion pits. In contrast, in BWRs, we envision cracks to nucleate from corrosion pits, with the difference in the two systems being primarily due to electrochemical factors. Thus, in BWR primary coolant and the absence of hydrogen water chemistry (HWC), the oxidizing conditions due to the radiolytic production of H2O2 cause the ECP to be significantly more positive than the critical pitting potential. Accordingly, the nucleation and growth of pits due to passivity breakdown and the establishment of differential aeration between the pit nucleus’s internal and external environments, which results in growth of pits to the critical size necessary to satisfy the Kondo criteria for transition of a pit into a crack, is judged to be a realistic scenario. Contrariwise, in PWR primary coolant, the ECP is so negative [≈−1.0 Vshe] due to the large amount of pressurizing H2 present in the circuit [20–60 cm3(STP)/kg H2O] that the nucleation and growth of pits is not possible. However, Totsuka and Smialowska found that MA Alloy 600 suffers hydrogen-induced cracking (HIC) at an ECP &lt; −0.85 Vshe, demonstrating that, in service with a high hydrogen concentration, brittle fractures will occur. The initiation sites were not identified. The crack initiation models for Alloy 600 in PWRs and Type 304 SS in BWRs reproduce the effects of the following independent variables: applied stress, temperature, cold work, grain boundary segregations, water chemistry, pH, and electrochemical potential. The origins of the observed scatter in experimentally measured crack initiation times are discussed, and the challenges of developing a more general crack initiation model (GCIM) are identified. From a mathematical viewpoint, the most significant challenge arises from the nested distributions involving the many parameters and expressions within the GCIM that are either distributed because of an imprecise definition or because some experimentally determined input parameters are experimentally scattered. Additionally, the evolution of semi-elliptical surface cracks resulting from the electrochemical crack length (ECL) being shorter than the classical mechanical crack length (MCL) must be incorporated if the GCIM is to find utility in the water-cooled nuclear power industry where semi-elliptical surface cracks are normally observed.",28.357142857142858,6.55919395465995,0.6498740554156172,0.5465994962216625,0.020151133501259445,0.02518891687657431,0.0,2026,0.16216216216216217
https://doi.org/10.3390/cmd7020028,Elaboration and Solar Thermal Cycling of SiC/Al2O3/Fe–Cr–Al–Mo Multilayers,2026,0,True,article,Corrosion and Materials Degradation,"Concentrated Solar Power (CSP) tower systems require receiver materials capable of operating above 1000 °C to meet the efficiency targets of third-generation technologies (25–30%). Hybrid solutions, combining ceramic coatings with metallic substrates, offer promising thermomechanical stability under severe thermal cycling. This study investigates the high-temperature behavior of silicon carbide (SiC) coatings deposited on Fe-C-Al-Mo alloys under concentrated solar flux. Substrates were pre-oxidized to form a continuous 1–2 µm α-Al2O3 interlayer, serving as a chemical and mechanical buffer. SiC coatings (10–24 µm thick) were deposited via High-Temperature Chemical Vapor Deposition (HT-CVD). Characterization using XRD, SEM, EDS, and optical spectrophotometry identified cubic 3C-SiC with a globular microstructure and high compressive residual stresses (−2000 to −2400 MPa), inducing microcracking. Stress relaxation was achieved by increasing coating thickness or post-deposition annealing. Controlled oxidation formed a thin silica layer, enhancing solar absorptivity to over 90%. Accelerated thermal cycling (up to ~900 kW/m2, 1050–1200 °C) revealed that coating stability depends on SiC thickness, residual stress evolution, α-Al2O3 interlayer thickness, and cycling severity. Optimizing these parameters is essential for ensuring the long-term durability of hybrid CSP receivers.",18.0,7.522222222222222,0.8055555555555556,0.8166666666666667,0.011111111111111112,0.0,0.0,2026,0.16216216216216217
https://doi.org/10.3390/cmd7020029,Reverse Degree-Based Polynomial Descriptors in Corrosion-Related Systems: Exploratory Analysis of Organic Inhibitors and Nanoporous Graphene,2026,0,True,article,Corrosion and Materials Degradation,"Mild steel remains one of the most widely used structural materials in mechanical and industrial engineering due to its favorable mechanical performance and low cost. However, its high susceptibility to corrosion continues to cause significant operational and economic losses across engineering systems. This study presents a unified analytical framework for analyzing corrosion-related molecular and nanostructured systems using reverse degree-based topological descriptors, namely, the Reverse M-polynomial and Reverse NM-polynomial. The framework is demonstrated in two complementary stages relevant to corrosion engineering. First, an exploratory structure–property correlation analysis based on Quantitative Structure–Property Relationship (QSPR) principles is conducted for furan-based organic inhibitors reported in the literature, examining the relationship between reverse degree-based descriptors and inhibition efficiency on mild steel surfaces. The analysis reveals a strong statistical correlation within the analyzed dataset (r = 0.958), indicating the sensitivity of selected reverse topological descriptors to molecular structural variations. The statistical significance of the correlations was evaluated using p-values and F-statistics, confirming the reliability of the observed associations within the analyzed dataset. However, owing to the limited dataset size, no claims of external predictivity are made. Second, the framework is extended to advanced protective materials through the analytical formulation of reverse descriptors for nanoporous graphene nanoribbons containing 14-annulene pores, focusing exclusively on structural and topological characterization. These graphene structures are considered as potential physical barrier materials; however, in this study, the analysis is limited to structural descriptor characterization without modeling corrosion performance. This work provides analytical results for reverse degree-based descriptors of such graphene architectures. Overall, the findings establish a versatile analytical framework that supports exploratory structure–property investigations of organic inhibitors and provides descriptor-based structural benchmarks for graphene nanostructures, offering theoretical insights relevant to corrosion mitigation research.",21.615384615384617,8.07473309608541,0.7224199288256228,0.5907473309608541,0.010676156583629894,0.02491103202846975,0.0,2026,0.16216216216216217
https://doi.org/10.3390/cmd7020030,Effect of Laser Scan Speed on the Tribocorrosion Behavior of Laser Engineered Net Shaping (LENS)-Manufactured Stainless Steel 316L in a Simulated Physiological Solution,2026,0,True,article,Corrosion and Materials Degradation,"This study evaluated the influence of scan rate (4.23 mm/s [S10] and 6.35 mm/s [S15]) on the localized corrosion and tribocorrosion behavior of a laser engineered net shaping (LENS)-produced stainless steel 316L (SS316L) in a phosphate-buffered saline (PBS) solution. Electrochemical impedance spectroscopy (EIS) was performed by applying an AC signal from 105 to 10−2 Hz and cyclic potentiodynamic polarization (CPP) was performed by sweeping from −150 mV to +1.5 V (vs. open circuit potential) and back to characterize passivation and pitting susceptibility. Potentiostatic tribocorrosion tests were conducted using a reciprocating tribometer integrated with a potentiostat to probe material response in passive and cathodic regimes. S15 exhibited manufacturing-related defects that served as preferential pit initiation sites, with pits in both S10 and S15 showing evidence of cell-interior dissolution. Electrochemical results indicated that the charge transfer resistance was reduced by 66% for S15 and that the repassivation potential decreased by 35% compared to S10. Under tribocorrosion, material degradation was dominated by mechanical wear for both samples. However, sliding significantly accelerated electrochemical dissolution in S15, with the corrosion rate affected by wear (Vc-w) increasing by 46.8%. Scanning electron microscopy (SEM) and energy dispersive X-ray spectroscopy (EDS) of wear scars revealed plastic deformation, abrasive grooves, and bio-tribofilm formation composed primarily of phosphates. Micro-pits associated with processing defects were observed exclusively in S15. Overall, lower scan rate processing (S10) produced a more defect-resistant microstructure with improved resistance to localized corrosion and tribocorrosion in PBS.",15.933333333333334,7.2510460251046025,0.7280334728033473,0.7196652719665272,0.058577405857740586,0.012552301255230125,0.0,2026,0.16216216216216217
https://doi.org/10.3390/cmd7020031,Quantitative Morphological Analysis of Rust Streak Formation and Underlying Substrate Profile Changes Under Controlled Droplet Supply,2026,0,True,article,Corrosion and Materials Degradation,"This study quantitatively analyzed rust-streak formation under controlled droplet supply and its relationship with the rust-removed surface profile of the substrate. A NaCl aqueous solution was dropped at a constant flow rate onto SPCC steel plates inclined at 70° to observe the temporal development of the rust streak. Surface line profiles before and after the removal of red rust were measured, and profile changes were quantified relative to the initial surface. Rust layer height hrustx and rust-removed surface profile zr∗x were determined, and their distributions and integrated values were compared. The rust width reached approximately 2.5–3.0 mm, comparable to the droplet diameter under the present conditions. Downstream, rust layer height increased with the extension of test duration, whereas the integrated profile of the rust-removed surface remained relatively small. Rust layer height and rust-removed surface profile were not directly related at each observation position L. These results suggest that rust streak formation within the tested parameter window involves not only locally formed rust but also rust carried from upstream by liquid flow, and indicate that visible rust morphology alone cannot adequately represent substrate-side profile changes under these specific conditions.",18.8,6.840425531914893,0.7074468085106383,0.6276595744680851,0.010638297872340425,0.02127659574468085,0.0,2026,0.16216216216216217
https://doi.org/10.3390/cmd7020032,Influence of the Nb/Ti Ratio on the Tribocorrosion Behavior of Fe–Cr–Mo–Nb–Ti Multicomponent Alloys Produced by Vacuum Melting,2026,0,True,article,Corrosion and Materials Degradation,"Tribocorrosion is one of the main degradation mechanisms affecting metallic components exposed simultaneously to mechanical wear and electrochemical corrosion. In this work, the influence of the Nb/Ti ratio on the tribocorrosion behavior of Fe–Cr–Mo–Nb–Ti multicomponent alloys produced by vacuum arc melting was investigated. The alloys were designed through systematic variations in the relative contents of niobium and titanium to assess their effect on electrochemical stability, wear resistance, and surface degradation. Electrochemical behavior was evaluated by potentiodynamic polarization in a 3.5 wt.% NaCl solution, while tribological and tribocorrosion tests were conducted using a ball-on-disk configuration under controlled conditions. Post-test surface analysis was performed using stereomicroscopy combined with digital image processing, enabling three-dimensional topographical reconstruction of the wear tracks and extraction of quantitative parameters including groove depth, pile-up height, wear track width, and surface roughness. The results demonstrate that the Nb/Ti ratio significantly influences both electrochemical and tribological responses. The alloy with the highest Nb/Ti ratio exhibited the best overall performance, showing the lowest corrosion current density (5.37 × 10−8 A/cm2) under static conditions and the lowest wear rate (1.32 mm3/mm2·year), together with the least severe surface degradation, characterized by a groove depth of approximately 7.8 µm and minimal pile-up formation. A progressive deterioration in performance was observed as the Nb/Ti ratio decreased, with the lowest-ratio compositions presenting higher wear severity and surface instability. The AISI 316L reference material exhibited intermediate performance across all evaluated parameters. Overall, increasing the Nb/Ti ratio enhances passive film stability, reduces plastic deformation, and mitigates material removal under tribocorrosion conditions. The incorporation of three-dimensional surface analysis provides a more robust evaluation of wear mechanisms, supporting the design of multicomponent alloys with improved resistance to combined mechanical and electrochemical degradation in aggressive environments.",17.8125,7.673684210526316,0.7192982456140351,0.6070175438596491,0.031578947368421054,0.010526315789473684,0.0,2026,0.16216216216216217
https://doi.org/10.3390/cmd7020033,Electrochemical Corrosion Behaviour of WC-Co Cemented Carbide in Acidic and Alkaline Solutions for PVD Coating Removal,2026,0,True,article,Corrosion and Materials Degradation,"This study investigates the corrosion behaviour of a WC–6Co cemented carbide (94 wt% WC, 6 wt% Co) in acidic (pH 2) and alkaline (pH 13) electrolytes used for industrial PVD coating removal. The removal of the coating was not investigated, since no coatings were applied or analysed in this study. The objective was exclusively to simulate the corrosion response of the exposed substrate after the coating had been removed during electrochemical stripping. Potentiodynamic polarisation measurements were performed from OCP −0.2 V to +3 V at a scan rate of 1 mV·s−1, followed by surface characterisation using SEM/EDS and laser profilometry to identify corrosion mechanisms and quantify material degradation. In an acidic solution, corrosion was dominated by cobalt dissolution, followed by the formation of a W–O-rich corrosion-product layer, as indicated by increased tungsten and oxygen contents in SEM/EDS analyses. The layer became increasingly porous and mechanically unstable at higher potentials. Progressive thickening of the corrosion-product layer and subsequent breakdown resulted in significant material loss, including surface abrasion up to ~8 µm. In alkaline electrolytes, SEM/EDS analyses revealed a Co–O-rich surface layer, suggesting cobalt-containing hydroxide/oxide corrosion products. These results suggest that surface-layer formation on WC–Co does not necessarily provide reliable corrosion protection, as stability and morphology strongly depend on pH. These findings provide valuable guidance for the use of cemented carbides in electrochemical stripping processes for PVD coating removal.",20.636363636363637,6.977973568281938,0.7048458149779736,0.6431718061674009,0.022026431718061675,0.022026431718061675,0.0,2026,0.16216216216216217
https://doi.org/10.3390/cmd7020034,Effect of Rolling-Induced Microstructural Evolution and Post-Heat Treatment on the Corrosion Mechanisms of Al–Li Alloy 8090-T3 in Simulated Seawater,2026,0,True,article,Corrosion and Materials Degradation,"Aluminum–lithium (Al–Li) alloys are widely used in aerospace applications because of their high strength-to-weight ratio and reduced density. However, their corrosion behavior can be significantly affected by thermomechanical processing and exposure to chloride-containing environments. In the present study, the corrosion behavior of AA8090-T3 Al–Li alloy was investigated in 3.5 wt.% NaCl solution under simulated marine conditions. The specimens were extracted from a plate and subsequently subjected to annealing and rolling treatments using a specially designed wedge-shaped geometry to generate a continuous strain gradient, enabling the evaluation of deformation-dependent corrosion behavior across different deformation zones. The corrosion behavior was evaluated using potentiodynamic polarization, immersion testing, and surface characterization techniques. The results revealed significant variations in corrosion behavior with thermomechanical condition and deformation zone. The T3 temper-rolled specimen exhibited superior corrosion resistance compared to the annealed and rolled conditions. The lowest corrosion rate of 0.003 mpy was observed for the highly deformed T3 temper-rolled condition, whereas annealed specimens showed higher corrosion susceptibility associated with localized corrosion attack and precipitate-related galvanic activity. Surface characterization confirmed the formation of aluminum hydroxide- and copper oxide-based corrosion products. The study demonstrates the effectiveness of the wedge-shaped rolling methodology for evaluating zone-dependent corrosion behavior in thermomechanically processed AA8090 alloy.",15.538461538461538,8.014851485148515,0.7326732673267327,0.6782178217821783,0.054455445544554455,0.0049504950495049506,0.0,2026,0.16216216216216217
https://doi.org/10.3390/cmd7020035,Comprehensive Methodology for Quality Assurance Following Installation and Backfilling of Polymer-Coated Steel Pipelines,2026,0,True,article,Corrosion and Materials Degradation,"The article deals with non-destructive methodologies for assessing and preventing corrosion of polymer-coated underground pipelines, advanced corrosion-barrier coating systems based on extruded three-layer high-density polyethylene (3LPE), corrosion control strategies for buried oil, gas, and water transmission infrastructures, and mechanisms and engineering approaches for corrosion prevention and mitigation. The quality assurance of newly polymer-coated underground pipelines, following construction (installation and backfilling), is vital for evaluating the polymer coating quality state and the efficiency of passive anti-corrosion protection, aimed at reducing corrosion risks and prolonging the pipeline’s service life. The evaluation relies on the coating average specific electrical resistance and the presence of coating defects (number, total area, and distribution) of inspected pipeline sections. In this study, based on extensive real data obtained from testing of newly installed underground water and oil/gas pipeline networks (60 projects with a total pipeline length of 260 km) with various technical characteristics, Drainage Test and DCVG (Direct Current Voltage Gradient) complementary non-destructive indirect methods have been investigated to determine the quality level and identify the location and severity of defects in polyolefin (polyethylene) coatings. The novel concepts and criteria were defined: the quantitative criteria for average specific electrical resistance are established; in addition, a new parameter related to the specific coating defects ratio is introduced, which has been shown to correlate with the criteria for the average specific electrical resistance of the polymer coating and consumed electrical current; finally, following DCVG measurements of the 3LPE coating system, a novel degree of relative defect sizes (%IR) for repairs has been suggested. The innovative and comprehensive approach can support the efforts of regulatory quality assurance, design, maintenance, safety, and research communities to ensure the long-term integrity and sustainability of underground polymer-coated steel pipelines.",47.5,7.442105263157894,0.712280701754386,0.6105263157894737,0.021052631578947368,0.010526315789473684,0.0,2026,0.16216216216216217
https://doi.org/10.3390/cmd7020036,Microbially Induced Corrosion of Carbon Steel in Oilfield Waters from the Romashkino Oilfield (Republic of Tatarstan): Immersion Corrosion Testing,2026,0,True,article,Corrosion and Materials Degradation,"Microbially induced corrosion is a common problem in the petroleum industry. In this study, weight loss and surface analysis of grade 20 carbon steel corrosion witness samples were used to evaluate biocorrosion in produced fluids from different wells (Romashkino oilfield, Republic of Tatarstan, Russia). The structure of the resulting microbial communities in the systems with high corrosion indicators was elucidated. The addition of acetate/lactate, yeast extract, and sulfate was found to promote the growth of individual microorganisms in the designed systems and to increase the corrosion rate in several samples (to an average of 0.12 mm year−1). The results of 16S rRNA gene sequence analysis showed that water from different wells from the Romashkino oilfield had distinct microbial compositions. The main genera in the analyzed waters were Oleidesulfovibrio, Halanaerobium, Proteiniphilum, Acetobacterium, Fusibacter, and Methanocrinis, but their relative abundances depended on the water itself and the type of stimulation. Acetogenic bacteria of the genera Fusibacter, Proteiniphilum, Acetobacterium, and acetoclastic methanogenic archaea Methanocrinis became dominant in the microbial community structure in the acetate-enriched systems in water from one of the studied wells. Electron donors, generated by various bacteria and artificially introduced ones, facilitated active dissimilatory sulfate reduction by Oleidesulfovibrio, Desulfotignum, Desulfocurvus, and Pseudodesulfovibrio in water from another production well. The obtained results are important for identifying the causes of premature failures of oilfield equipment, particularly in areas where microbial enhanced oil recovery is used.",23.2,7.245689655172414,0.6767241379310345,0.6336206896551724,0.021551724137931036,0.008620689655172414,0.0,2026,0.16216216216216217
https://doi.org/10.3390/cmd7020037,Effect of Mixing Water Composition on Cement Mortar Durability in XA3 Environment: Correlation and ANOVA Analysis,2026,0,True,article,Corrosion and Materials Degradation,"The use of alternative water sources in construction, especially in regions with limited freshwater availability, makes the influence of mixing water composition on the durability of cement mortars a critical issue, particularly under aggressive conditions such as ammonium exposure (XA3). A clear difference in material behavior was observed before and after exposure to an aggressive aqueous environment, highlighting the importance of durability assessment under realistic service conditions. Cement mortar specimens prepared with tap water, distilled water, and modified waters containing Cl−, Ca2+, SO42−, and PO43− ions were tested. The experimental program included flexural and compressive strength, water absorption, and residual properties after exposure to an NH4Cl solution. Statistical analysis was performed using one-way ANOVA, correlation analysis, a heatmap, and PCA. Compressive strength varied within a narrow range (33.85–47.24 MPa), while flexural strength showed larger differences (5.21–10.40 MPa). After exposure, residual flexural strength decreased to 1.16–5.87 MPa and compressive strength to 23.92–37.68 MPa. The most severe degradation was observed for sulfate- and chloride-modified waters. Correlation analysis revealed weak dependence between flexural and compressive strength. ANOVA confirmed a significant influence of water composition (p &lt; 0.05), with the strongest effect observed for residual compressive strength (η2 = 0.81). The results demonstrate that mixing water composition is a key factor controlling durability in an XA3 environment. Compressive strength alone is not a reliable durability indicator. Durability is governed primarily by transport properties and microstructure. A multi-parameter approach is required for an accurate durability assessment.",10.041666666666666,7.3029045643153525,0.7468879668049793,0.6390041493775933,0.004149377593360996,0.012448132780082987,0.0,2026,0.16216216216216217
https://doi.org/10.3390/cmd7020038,Effect of Sintering Temperature on Protective Oxide Formation and Corrosion Resistance of Ti-6Al-4V in Na2SO4–NaCl Salt Mixtures,2026,0,True,article,Corrosion and Materials Degradation,"This study investigates the effect of sintering temperature on the hot-corrosion behavior of Ti-6Al-4V alloy in a molten salt environment. Samples were sintered at 800 °C, 900 °C, 1000 °C and 1100 °C, then exposed to the Na2SO4—25%NaCl for 300 h at 650 °C. The corrosion kinetics were evaluated by measuring the mass change in the specimens, and the results were correlated with their corresponding corrosion rates. The results show that the sintering temperature drives corrosion kinetics by influencing the sample density and grain size. The sample sintered at 900 °C shows a low corrosion rate due to its refined microstructure. This refined microstructure provides a high grain boundary density, which serves as a diffusion path and enables the formation of a dense, protective Al2O3–TiO2 layer, as confirmed by XPS. In contrast, the sample sintered at 800 °C exhibits high porosity, resulting in an initial weight loss due to molten-salt penetration and evaporation of volatile metal chlorides. The samples sintered at 1000 °C and 1100 °C exhibit coarsened grains, leading to a thicker, brittle oxide layer and severe delamination, which in turn result in high corrosion rates. The results show that optimizing the sintering temperature to around 900 °C would enhance hot-corrosion resistance in salt-contaminated environments.",22.88888888888889,6.330097087378641,0.6699029126213593,0.558252427184466,0.02912621359223301,0.009708737864077669,0.0,2026,0.16216216216216217
https://doi.org/10.3390/cmd7020039,Reactivity of α-Alumina Powder and Fibres in Highly Alkaline Hydrothermal Solutions at 70 °C and 150 °C,2026,0,True,article,Corrosion and Materials Degradation,"This research examines the hydrothermal corrosion behaviour of ceramic matrix composites (CMCs) under highly alkaline conditions (pH &gt; 11.5) in the framework of a deep geological repository for high-level radioactive waste (HLW). The study focuses on the degradation of alumina powder and fibres, key constituents of an oxide/oxide CMC material. Accelerated ageing experiments were conducted in a highly alkaline aqueous environment (pH &gt; 11.5, T = 70 °C for 220 days and T = 150 °C for 30 days). The research used a cross-disciplinary approach integrating thermodynamic calculations and physicochemical analyses to determine the degradation mechanisms of alumina powder and fibres induced by contact with the aqueous ageing solution. Characterisation of the aged alumina powders and fibres revealed the presence of unaltered alumina, hydrated alumina, amorphous phases, and calcium carbonate precipitates from the aqueous solution. Thermodynamic calculations indicate (1) the hydrolysis of alumina to diaspore and (2) the formation of an aluminosilicate phase and calcium carbonate. However, experimental results reveal kinetic limitations, such as the preferential formation of boehmite over diaspore, and morphology-dependent degradation pathways (protective-layer formation on fibres and partial dissolution of powders).",20.444444444444443,7.114130434782608,0.7065217391304348,0.6521739130434783,0.02717391304347826,0.005434782608695652,0.0,2026,0.16216216216216217
https://doi.org/10.3390/cmd7020040,Comparative Study of Electrochemical Noise-Analysis Methods for Corrosion Assessment in Reinforced Concrete,2026,0,True,article,Corrosion and Materials Degradation,"In this work, an experimental evaluation was performed using four analytical methods applied to electrochemical noise (EN) signals to estimate the corrosion rate (Cr) of reinforced concrete structures. A dataset comprising 10,166 synchronized EN files acquired over approximately 220 days was analyzed. The EN signals were obtained from various natural aqueous media, including seawater and river water, as well as from two laboratory reference media (3.5% NaCl solution and reverse-osmosis water). The Statistical Method (SM), the Fast Fourier Transform (FFT), the Maximum Entropy Method (MEM), and the Stockwell Transform (ST) were used to calculate Cr. The resulting corrosion rates were evaluated using a two-way analysis of variance (ANOVA) with full interaction, followed by Tukey HSD post hoc comparisons. Significant effects were found for both the analytical methods and the exposure media (p&lt;0.001). Among the methods evaluated, MEM showed the greatest statistical stability and robustness, while ST showed the greatest tolerance to noise and the non-stationary characteristics of the EN signals. Estimated corrosion rates ranged from 0.0366 mm/year in reverse-osmosis water (MEM) to 0.2022 mm/year in 3.5% NaCl (MEM). For ST, the corresponding values ranged from 0.0652 mm/year to 0.3504 mm/year in the same media. These results demonstrate that both the analytical method and the corrosive medium significantly influence EN-based corrosion rate estimates and highlight the potential of MEM and ST for long-term corrosion monitoring of reinforced concrete.",13.352941176470589,6.757709251101321,0.7092511013215859,0.6343612334801763,0.013215859030837005,0.02643171806167401,0.0,2026,0.16216216216216217
https://doi.org/10.3390/cmd7030041,Optimizing Potentiodynamic Pitting Corrosion Tests for Austenitic Stainless Steel: The Critical Role of Water Flow,2026,0,True,article,Corrosion and Materials Degradation,"Pitting corrosion is particularly dangerous due to its localised nature, which can render materials unusable and cause catastrophic failures. It is important to characterise the material in regard to pitting corrosion resistance in order to improve material selection according to the conditions of the exposed environment. Electrochemical tests were carried out to assess pitting corrosion in austenitic stainless steel EN 1.4301. This study identifies the optimal experimental conditions to ensure reliability and reproducibility in electrochemical tests. The results demonstrate the influence of these parameters in evaluating the resistance of stainless steels to pitting corrosion. To ensure the reproducibility of the breakdown potential (Eb), deaeration was standardised using an N2 flow rate of 0.6–0.8 L/min for 20 min. Furthermore, mechanical agitation at 280 rpm was established as a necessary condition to homogenise the electrolyte and effectively renew the metal/solution interface. Finally, the water flow rate was set at a critical value of 7 mL/h, statistically identified as the most decisive parameter (p &lt; 0.05). This optimisation mitigates crevice corrosion, ensuring that damage nucleation occurs exclusively via a pitting mechanism.",13.692307692307692,6.96067415730337,0.6910112359550562,0.6910112359550562,0.056179775280898875,0.016853932584269662,0.0,2026,0.16216216216216217
https://doi.org/10.3390/cmd7030042,Influence of Thermally Grown Steel Oxides on Hydrogen Permeation Flux,2026,0,True,article,Corrosion and Materials Degradation,"Hydrogen–steel interactions remain a critical concern for the safe deployment of hydrogen–natural gas mixtures in pipeline infrastructures. Thermally grown iron oxides may be a good barrier to hydrogen ingress into the crystalline lattice of pipeline steels, but their actual effectiveness depends strongly on their composition and stability under service conditions. Several experimental approaches have been proposed to investigate the correlation between thermally grown oxides and hydrogen permeation. Among these, electrochemical permeation testing offers a more complex but safer methodology compared to pressurized hydrogen gas tests. However, when the oxide is directly exposed to the charging side (cathodic charging conditions), permeation behaviour often appears comparable to that of bare steel, and rapid oxide degradation occurs. This study introduces an alternative permeation testing configuration that enables direct assessment of thin thermally grown oxides while preserving their structural integrity. By deliberately placing the oxide on the anodic detection side, mechanical removal during hydrogen evolution is suppressed, allowing the intrinsic resistance of the oxide to hydrogen transport to be evaluated. Carbon steel samples were thermally oxidized at 250 °C for controlled exposure times, and the resulting oxide scales were characterized by Raman spectroscopy, revealing variations in hematite and magnetite fractions. Hydrogen permeation was evaluated using a Devanathan–Stachurski cell by positioning the oxidized surface either on the cathodic charging side or on the anodic detection side. Under these conditions, significant variations in apparent steady-state permeation current density were observed as a function of oxidation time and oxide composition.",24.3,7.279835390946502,0.6872427983539094,0.6419753086419753,0.024691358024691357,0.02880658436213992,0.0,2026,0.16216216216216217
https://doi.org/10.3390/cmd7030043,Effects of the Composition and Morphology of Carbon Nanomaterial Additives on the Anticorrosive Properties of Polyvinyl Chloride-Based Paint Coatings,2026,0,True,article,Corrosion and Materials Degradation,"The article investigates the role of carbon nanomaterials (CNMs), surface-oxidized carbon nanotubes (CNTs) and few-layer graphene fragments (FGFs), as well as FGFs hetero-doped with N and P atoms, as anticorrosive additives in industrial paints based on polyvinyl chloride. All CNMs were characterized by thermogravimetry, transmission electron microscopy, low-temperature nitrogen adsorption, and X-ray photoelectron spectroscopy. Corrosion resistance was determined using electrochemical tests and impedance spectroscopy. The surface and internal 3D structure of steel and coated steel were visualized using laser confocal microscopy and computed tomography. Coatings containing polyvinyl chloride with 0.05 wt% oxidized CNTs or FGFs show the highest electrochemical resistance and the best anticorrosive properties. The corrosion rate for coatings containing CNMs decreases by an average of 5–7 times compared to uncoated steel. It is shown that the improvement in anticorrosive characteristics is determined by the texture parameters and the composition of CNMs. The pores in CNMs act as a reservoir for the electrolyte and increase the corrosion rate. Oxygen-containing surface groups prevent corrosion by increasing the resistance of the materials.",17.1,7.1988304093567255,0.7017543859649122,0.6549707602339181,0.023391812865497075,0.005847953216374269,0.0,2026,0.16216216216216217
