doc_id,term_density,numeric_density,abbreviation_ratio,redundancy_ratio,sentence_length_cv,short_sentence_ratio,long_sentence_ratio,question_ratio,formulaic_open_ratio,avg_word_length
https://doi.org/10.1108/acmm-02-2014-1352,0.006578947368421052,0.0625,0.0,0.006578947368421052,0.3808977585823718,0.0,0.0625,0.0,0.0,6.009868421052632
https://doi.org/10.1108/acmm-10-2013-1302,0.013888888888888888,0.2,0.013888888888888888,0.004629629629629629,0.35270364731001685,0.0,0.1,0.0,0.0,5.763888888888889
https://doi.org/10.1108/acmm-10-2013-1307,0.005847953216374269,0.2222222222222222,0.0,0.005847953216374269,0.3374628782749359,0.0,0.0,0.0,0.0,6.081871345029239
https://doi.org/10.1108/acmm-01-2014-1339,0.013289036544850499,0.5,0.013289036544850499,0.006644518272425249,0.2976899912870138,0.0,0.0,0.0,0.0,5.335548172757475
https://doi.org/10.1108/acmm-05-2014-1389,0.0125,0.0,0.0125,0.0125,0.4133198922545748,0.0,0.2,0.0,0.0,5.716666666666667
https://doi.org/10.1108/acmm-04-2014-1375,0.011857707509881422,0.0,0.0,0.003952569169960474,0.3345237483338302,0.08333333333333333,0.0,0.0,0.08333333333333333,6.023715415019763
https://doi.org/10.1108/acmm-11-2013-1324,0.016736401673640166,0.2727272727272727,0.06694560669456066,0.008368200836820083,0.32312526487544474,0.0,0.0,0.0,0.0,6.00418410041841
https://doi.org/10.1108/acmm-11-2013-1319,0.02666666666666667,0.5,0.022222222222222223,0.0044444444444444444,0.5966987369821134,0.2,0.1,0.0,0.0,5.546666666666667
https://doi.org/10.1108/acmm-05-2014-1381,0.023622047244094488,0.0,0.03937007874015748,0.003937007874015748,0.4356046137298813,0.0,0.18181818181818182,0.0,0.0,5.708661417322834
https://doi.org/10.1108/acmm-10-2013-1308,0.02702702702702703,0.5555555555555556,0.007722007722007722,0.003861003861003861,0.5790990968108934,0.1111111111111111,0.2222222222222222,0.0,0.0,5.2084942084942085
https://doi.org/10.1108/acmm-06-2014-1396,0.03508771929824561,0.625,0.0,0.005847953216374269,0.331584619937657,0.0,0.125,0.0,0.0,5.713450292397661
https://doi.org/10.1108/acmm-12-2013-1333,0.036231884057971016,0.5,0.014492753623188406,0.0036231884057971015,0.6778752155179333,0.0,0.1,0.0,0.0,5.344202898550725
https://doi.org/10.1108/acmm-11-2013-1321,0.0319634703196347,0.375,0.0,0.0091324200913242,0.396787626245486,0.0,0.25,0.0,0.0,5.904109589041096
https://doi.org/10.1108/acmm-05-2014-1388,0.018433179723502304,0.45454545454545453,0.0,0.004608294930875576,0.3125497688076161,0.0,0.0,0.0,0.0,6.1013824884792625
https://doi.org/10.1108/acmm-01-2014-1342,0.017241379310344827,1.0,0.05172413793103448,0.011494252873563218,0.37721469152694115,0.0,0.5,0.0,0.0,5.212643678160919
https://doi.org/10.1108/acmm-01-2015-1498,0.0136986301369863,0.75,0.02054794520547945,0.00684931506849315,0.26385425046929073,0.0,0.25,0.0,0.0,5.273972602739726
https://doi.org/10.1108/acmm-04-2014-1367,0.019011406844106463,0.0,0.0,0.0038022813688212928,0.3787232577118127,0.0,0.2,0.0,0.1,5.448669201520913
https://doi.org/10.1108/acmm-10-2013-1305,0.018072289156626505,0.75,0.0,0.018072289156626505,0.3506417400206084,0.125,0.0,0.0,0.0,5.295180722891566
https://doi.org/10.1108/acmm-12-2013-1331,0.01084010840108401,0.5,0.02168021680216802,0.008130081300813009,0.2707993817178495,0.0,0.21428571428571427,0.0,0.14285714285714285,5.644986449864499
https://doi.org/10.1108/acmm-11-2013-1320,0.004048582995951417,0.25,0.02834008097165992,0.012145748987854251,0.2829087689262163,0.0,0.08333333333333333,0.0,0.16666666666666666,6.125506072874494
https://doi.org/10.1108/acmm-03-2014-1364,0.018691588785046728,0.45454545454545453,0.07009345794392523,0.004672897196261682,0.3223960431899129,0.0,0.0,0.0,0.0,6.41588785046729
https://doi.org/10.1108/acmm-12-2013-1336,0.0379746835443038,0.5714285714285714,0.006329113924050633,0.006329113924050633,0.4128018698511475,0.0,0.0,0.0,0.0,5.943037974683544
https://doi.org/10.1108/acmm-10-2013-1311,0.0196078431372549,0.7142857142857143,0.013071895424836602,0.0,0.3815560658647431,0.0,0.14285714285714285,0.0,0.0,6.261437908496732
https://doi.org/10.1108/acmm-11-2013-1317,0.017777777777777778,0.36363636363636365,0.044444444444444446,0.008888888888888889,0.31015726795320714,0.0,0.0,0.0,0.0,6.195555555555556
https://doi.org/10.1108/acmm-01-2014-1343,0.007246376811594203,0.0625,0.007246376811594203,0.0036231884057971015,0.32374359280708226,0.0,0.0,0.0,0.0,5.86231884057971
https://doi.org/10.1108/acmm-07-2013-1276,0.00909090909090909,0.0,0.01818181818181818,0.00909090909090909,0.1928473039599675,0.0,0.0,0.0,0.0,6.090909090909091
https://doi.org/10.1108/acmm-07-2014-1410,0.008264462809917356,0.0,0.01652892561983471,0.004132231404958678,0.3500465881743367,0.0,0.1,0.0,0.1,5.7272727272727275
https://doi.org/10.1108/acmm-12-2014-1475,0.008264462809917356,0.16666666666666666,0.0,0.004132231404958678,0.49868346583621787,0.0,0.16666666666666666,0.0,0.0,6.115702479338843
https://doi.org/10.1108/acmm-06-2013-1271,0.009771986970684038,0.18181818181818182,0.013029315960912053,0.0,0.4582079028952622,0.0,0.45454545454545453,0.0,0.09090909090909091,5.6612377850162865
https://doi.org/10.1108/acmm-01-2015-1495,0.005434782608695652,0.2727272727272727,0.010869565217391304,0.008152173913043478,0.476280484787101,0.045454545454545456,0.045454545454545456,0.0,0.0,5.633152173913044
https://doi.org/10.1108/acmm-01-2015-1490,0.018796992481203006,0.6363636363636364,0.09398496240601503,0.011278195488721804,0.20090810850958477,0.0,0.0,0.0,0.0,5.018796992481203
https://doi.org/10.1108/acmm-09-2014-1433,0.007067137809187279,0.125,0.0,0.0035335689045936395,0.35291491794060387,0.0,0.0,0.0,0.0,5.657243816254417
https://doi.org/10.1108/acmm-01-2015-1492,0.03619909502262444,0.2222222222222222,0.0,0.004524886877828055,0.3297894508287529,0.0,0.1111111111111111,0.0,0.1111111111111111,5.886877828054299
https://doi.org/10.1108/acmm-03-2014-1357,0.01444043321299639,0.5714285714285714,0.04693140794223827,0.01444043321299639,0.4216414861378878,0.0,0.07142857142857142,0.0,0.07142857142857142,5.252707581227437
https://doi.org/10.1108/acmm-11-2013-1323,0.018575851393188854,0.07692307692307693,0.04953560371517028,0.009287925696594427,0.4002558393552253,0.0,0.23076923076923078,0.0,0.07692307692307693,5.53250773993808
https://doi.org/10.1108/acmm-01-2014-1340,0.024271844660194174,0.4,0.06310679611650485,0.0048543689320388345,0.4210727852854648,0.0,0.1,0.0,0.0,5.611650485436893
https://doi.org/10.1108/acmm-01-2014-1344,0.0035460992907801418,0.3333333333333333,0.0070921985815602835,0.0035460992907801418,0.5270701351984742,0.0,0.16666666666666666,0.0,0.0,5.0638297872340425
https://doi.org/10.1108/acmm-12-2013-1329,0.014778325123152709,0.25,0.0,0.009852216748768473,0.1705742826914363,0.0,0.0,0.0,0.0,5.802955665024631
https://doi.org/10.1108/acmm-03-2014-1359,0.0196078431372549,0.375,0.013071895424836602,0.006535947712418301,0.6390205136632122,0.125,0.125,0.0,0.0,5.699346405228758
https://doi.org/10.1108/acmm-12-2013-1338,0.026143790849673203,0.5,0.0392156862745098,0.013071895424836602,0.40926724717524887,0.0,0.16666666666666666,0.0,0.0,5.477124183006536
https://doi.org/10.1108/acmm-10-2013-1312,0.015384615384615385,0.5,0.041025641025641026,0.005128205128205128,0.42588809634860636,0.0,0.3333333333333333,0.0,0.0,5.969230769230769
https://doi.org/10.1108/acmm-01-2015-1496,0.016216216216216217,0.17647058823529413,0.04594594594594595,0.005405405405405406,0.2548578429000277,0.0,0.0,0.0,0.0,5.3
https://doi.org/10.1108/acmm-01-2015-1497,0.04032258064516129,0.3333333333333333,0.03225806451612903,0.008064516129032258,0.23977530237610492,0.0,0.0,0.0,0.0,5.540322580645161
https://doi.org/10.1108/acmm-01-2014-1347,0.03787878787878788,0.14285714285714285,0.030303030303030304,0.015151515151515152,0.2854764194154057,0.0,0.0,0.0,0.0,5.553030303030303
https://doi.org/10.1108/acmm-01-2015-1488,0.025210084033613446,0.8571428571428571,0.037815126050420166,0.004201680672268907,0.4084500440173021,0.0,0.42857142857142855,0.0,0.0,5.680672268907563
https://doi.org/10.1108/acmm-11-2013-1326,0.012605042016806723,0.0,0.037815126050420166,0.004201680672268907,0.23303234661953018,0.0,0.0,0.0,0.0,5.701680672268908
https://doi.org/10.1108/acmm-01-2015-1487,0.017142857142857144,0.0,0.02857142857142857,0.011428571428571429,0.2601098668969381,0.0,0.0,0.0,0.0,6.137142857142857
https://doi.org/10.1108/acmm-01-2015-1486,0.029850746268656716,0.8333333333333334,0.0,0.014925373134328358,0.1876090311936796,0.0,0.0,0.0,0.0,6.201492537313433
https://doi.org/10.1108/acmm-10-2013-1304,0.05517241379310345,0.0,0.027586206896551724,0.006896551724137931,0.36499637579032385,0.0,0.16666666666666666,0.0,0.0,6.23448275862069
https://doi.org/10.1108/acmm-10-2013-1301,0.010869565217391304,0.125,0.021739130434782608,0.0036231884057971015,0.30914100011161655,0.0,0.625,0.0,0.0,5.481884057971015
https://doi.org/10.1108/acmm-07-2013-1290,0.018604651162790697,0.5555555555555556,0.0,0.004651162790697674,0.4169476247630692,0.0,0.1111111111111111,0.0,0.1111111111111111,6.046511627906977
https://doi.org/10.1108/acmm-07-2011-1137,0.008955223880597015,0.125,0.04477611940298507,0.011940298507462687,0.4987755110969642,0.0,0.0625,0.0,0.0,5.48955223880597
https://doi.org/10.1108/acmm-07-2014-1413,0.016260162601626018,0.2,0.024390243902439025,0.016260162601626018,0.48208023025605184,0.0,0.2,0.0,0.0,5.308943089430894
https://doi.org/10.1108/acmm-04-2014-1378,0.009216589861751152,0.0,0.0,0.013824884792626729,0.34657319220208604,0.0,0.0,0.0,0.0,6.258064516129032
https://doi.org/10.1108/acmm-03-2014-1366,0.011320754716981131,0.21428571428571427,0.026415094339622643,0.011320754716981131,0.37963464477066106,0.0,0.07142857142857142,0.0,0.0,5.577358490566038
https://doi.org/10.1108/acmm-01-2014-1345,0.0106951871657754,0.5,0.053475935828877004,0.0053475935828877,0.27387824657330223,0.0,0.0,0.0,0.0,6.566844919786096
https://doi.org/10.5006/1787,0.08333333333333333,0.6666666666666666,0.0,0.0,0.45550301118354736,0.0,0.6666666666666666,0.0,0.3333333333333333,6.095238095238095
https://doi.org/10.5006/1709,0.05434782608695652,0.25,0.0,0.0,0.23413760031019581,0.0,0.0,0.0,0.25,5.956521739130435
https://doi.org/10.5006/1818,0.022304832713754646,0.18181818181818182,0.02973977695167286,0.0,0.4531353012919331,0.0,0.2727272727272727,0.0,0.0,5.609665427509293
https://doi.org/10.5006/1837,0.045,0.0,0.015,0.005,0.3261901286060018,0.0,0.3333333333333333,0.0,0.0,5.945
https://doi.org/10.5006/1927,0.046875,0.5,0.0,0.0,0.03125,0.0,0.0,0.0,0.0,7.125
https://doi.org/10.5006/1566,0.01990049751243781,0.2222222222222222,0.0,0.009950248756218905,0.382276073876588,0.0,0.1111111111111111,0.0,0.0,5.830845771144278
https://doi.org/10.5006/1766,0.046511627906976744,0.5714285714285714,0.046511627906976744,0.0,0.2645189108390076,0.0,0.0,0.0,0.0,6.1976744186046515
https://doi.org/10.5006/1770,0.01910828025477707,0.7272727272727273,0.0031847133757961785,0.0031847133757961785,0.3338029337134746,0.0,0.09090909090909091,0.0,0.18181818181818182,5.646496815286624
https://doi.org/10.5006/1672,0.027932960893854747,0.3333333333333333,0.0,0.00558659217877095,0.40934894082061163,0.0,0.5,0.0,0.16666666666666666,6.016759776536313
https://doi.org/10.5006/1916,0.022857142857142857,0.1,0.022857142857142857,0.0,0.3245090483314442,0.1,0.0,0.0,0.0,5.331428571428572
https://doi.org/10.5006/1848,0.03305785123966942,0.3333333333333333,0.012396694214876033,0.0,0.2840138888832989,0.0,0.1111111111111111,0.0,0.1111111111111111,5.214876033057851
https://doi.org/10.5006/1703,0.02857142857142857,0.75,0.009523809523809525,0.0,0.3368521749300456,0.0,0.0,0.0,0.0,5.6
https://doi.org/10.5006/1852,0.08270676691729323,0.4,0.03007518796992481,0.0,0.5875255517469564,0.2,0.4,0.0,0.0,6.541353383458647
https://doi.org/10.5006/1865,0.017167381974248927,0.125,0.030042918454935622,0.0,0.16594519252516055,0.0,0.0,0.0,0.0,5.931330472103005
https://doi.org/10.5006/1949,0.02127659574468085,0.5,0.010638297872340425,0.0,0.33797879595585406,0.0,0.5,0.0,0.0,5.684397163120567
https://doi.org/10.5006/1888,0.07317073170731707,0.4,0.0,0.0,0.29605108058590446,0.0,0.0,0.0,0.0,6.487804878048781
https://doi.org/10.5006/1833,0.027522935779816515,0.2,0.09174311926605505,0.0,0.3338239522689954,0.0,0.0,0.0,0.0,5.651376146788991
https://doi.org/10.5006/1338,0.03169014084507042,0.45454545454545453,0.0035211267605633804,0.0035211267605633804,0.37327265331863335,0.0,0.18181818181818182,0.0,0.09090909090909091,5.848591549295775
https://doi.org/10.5006/1657,0.017094017094017096,1.0,0.01282051282051282,0.0,0.3141534350340018,0.0,0.375,0.0,0.125,5.235042735042735
https://doi.org/10.5006/1777,0.021164021164021163,0.7142857142857143,0.037037037037037035,0.015873015873015872,0.21137549582474263,0.0,0.14285714285714285,0.0,0.0,5.7936507936507935
https://doi.org/10.5006/1804,0.024509803921568627,0.0,0.0,0.0,0.1709372134721833,0.0,0.0,0.0,0.0,6.186274509803922
https://doi.org/10.5006/1918,0.0,0.6,0.021739130434782608,0.0,0.29488391230979427,0.0,0.2,0.0,0.0,5.159420289855072
https://doi.org/10.5006/1692,0.020491803278688523,0.625,0.00819672131147541,0.0,0.3009436024702593,0.0,0.5,0.0,0.0,5.60655737704918
https://doi.org/10.5006/1811,0.06557377049180328,0.5,0.00819672131147541,0.00819672131147541,0.20800946787622165,0.0,0.25,0.0,0.0,6.532786885245901
https://doi.org/10.5006/1700,0.024734982332155476,0.3,0.0176678445229682,0.0,0.24686980176266526,0.0,0.1,0.0,0.0,6.4628975265017665
https://doi.org/10.5006/1876,0.033112582781456956,0.2,0.0,0.0,0.22787616601437422,0.0,0.2,0.0,0.0,6.145695364238411
https://doi.org/10.5006/1861,0.04216867469879518,0.0,0.0,0.0,0.21110139117994256,0.0,0.0,0.0,0.14285714285714285,5.475903614457831
https://doi.org/10.5006/1696,0.02577319587628866,0.1111111111111111,0.06701030927835051,0.005154639175257732,0.4086169316001322,0.0,0.0,0.0,0.1111111111111111,5.128865979381444
https://doi.org/10.5006/1753,0.010830324909747292,0.16666666666666666,0.0036101083032490976,0.0,0.32585102322656484,0.0,0.08333333333333333,0.0,0.0,5.252707581227437
https://doi.org/10.5006/1851,0.02512562814070352,0.5555555555555556,0.005025125628140704,0.005025125628140704,0.34669725247558475,0.0,0.1111111111111111,0.0,0.2222222222222222,5.788944723618091
https://doi.org/10.5006/1601,0.03424657534246575,0.6,0.0684931506849315,0.00684931506849315,0.19661233006037432,0.0,0.2,0.0,0.0,5.171232876712328
https://doi.org/10.5006/1806,0.015151515151515152,0.8333333333333334,0.03787878787878788,0.0,0.5529784118452926,0.0,0.16666666666666666,0.0,0.0,5.9393939393939394
https://doi.org/10.5006/1892,0.01953125,0.5384615384615384,0.03125,0.00390625,0.4198809936495399,0.0,0.07692307692307693,0.0,0.0,5.57421875
https://doi.org/10.5006/1617,0.02912621359223301,0.2,0.0,0.0,0.2289286625738174,0.0,0.0,0.0,0.0,5.854368932038835
https://doi.org/10.5006/1909,0.014084507042253521,0.7142857142857143,0.028169014084507043,0.0,0.21522122239346658,0.0,0.0,0.0,0.0,5.338028169014085
https://doi.org/10.5006/1643,0.015,0.5,0.025,0.005,0.37841775856849,0.0,0.125,0.0,0.125,5.87
https://doi.org/10.5006/1757,0.027210884353741496,0.3333333333333333,0.013605442176870748,0.0,0.40182148096931586,0.0,0.16666666666666666,0.0,0.16666666666666666,5.673469387755102
https://doi.org/10.5006/1675,0.010869565217391304,0.5,0.010869565217391304,0.005434782608695652,0.26199936506943367,0.0,0.3333333333333333,0.0,0.3333333333333333,6.271739130434782
https://doi.org/10.5006/1546,0.022727272727272728,0.5,0.03409090909090909,0.0,0.25913077843162224,0.0,0.0,0.0,0.25,5.636363636363637
https://doi.org/10.5006/1925,0.023668639053254437,0.0,0.047337278106508875,0.0,0.28903372169987723,0.0,0.0,0.0,0.0,5.781065088757397
https://doi.org/10.5006/1524,0.03669724770642202,1.0,0.0,0.0,0.3410574366135982,0.0,0.6666666666666666,0.0,0.0,6.743119266055046
https://doi.org/10.5006/1887,0.038461538461538464,0.0,0.0,0.0,0.2003141024615352,0.0,0.6666666666666666,0.0,0.3333333333333333,5.894230769230769
https://doi.org/10.5006/1694,0.032679738562091505,0.5714285714285714,0.0,0.0,0.3275807604220044,0.0,0.0,0.0,0.14285714285714285,6.4183006535947715
https://doi.org/10.5006/1899,0.013215859030837005,0.2857142857142857,0.004405286343612335,0.004405286343612335,0.23476497963831236,0.0,0.2857142857142857,0.0,0.14285714285714285,5.775330396475771
https://doi.org/10.5006/1543,0.011764705882352941,0.2,0.0,0.0,0.19420675316728445,0.0,0.6,0.0,0.0,5.676470588235294
https://doi.org/10.5006/1494,0.011627906976744186,0.3333333333333333,0.03488372093023256,0.011627906976744186,0.3887965929604765,0.0,0.3333333333333333,0.0,0.0,5.930232558139535
https://doi.org/10.5006/1813,0.02830188679245283,0.4,0.07547169811320754,0.0,0.3406692468918451,0.0,0.0,0.0,0.0,6.273584905660377
https://doi.org/10.5006/1875,0.03608247422680412,0.2857142857142857,0.0,0.005154639175257732,0.28911966314185894,0.0,0.2857142857142857,0.0,0.2857142857142857,5.938144329896907
https://doi.org/10.5006/1705,0.05102040816326531,0.42857142857142855,0.01020408163265306,0.01020408163265306,0.31484180858247984,0.0,0.0,0.0,0.0,5.377551020408164
https://doi.org/10.5006/1798,0.03550295857988166,0.42857142857142855,0.0650887573964497,0.0,0.282168497457192,0.0,0.14285714285714285,0.0,0.0,4.982248520710059
https://doi.org/10.5006/1649,0.06363636363636363,0.0,0.0,0.0,0.506486846443059,0.0,0.0,0.0,0.0,6.036363636363636
https://doi.org/10.5006/1736,0.019867549668874173,0.125,0.0,0.0,0.26679784209912166,0.0,0.0,0.0,0.0,5.708609271523179
https://doi.org/10.5006/1840,0.0379746835443038,0.5,0.0,0.0,0.14488003977543795,0.0,0.0,0.0,0.0,5.9113924050632916
https://doi.org/10.5006/1365,0.012048192771084338,0.625,0.018072289156626505,0.0,0.40374930313532625,0.0,0.0,0.0,0.0,6.054216867469879
https://doi.org/10.5006/1624,0.0594059405940594,0.25,0.009900990099009901,0.009900990099009901,0.13825980241355387,0.0,0.0,0.0,0.25,6.643564356435643
https://doi.org/10.5006/1729,0.06493506493506493,0.25,0.0,0.006493506493506494,0.3210183660859292,0.0,0.0,0.0,0.25,5.779220779220779
https://doi.org/10.5006/1652,0.010416666666666666,0.4,0.020833333333333332,0.005208333333333333,0.477522087185504,0.0,0.6,0.0,0.2,5.703125
https://doi.org/10.5006/1645,0.02,0.14285714285714285,0.03,0.01,0.14949916387726053,0.0,0.14285714285714285,0.0,0.14285714285714285,5.55
https://doi.org/10.5006/1578,0.019230769230769232,0.1111111111111111,0.0,0.01282051282051282,0.38461538461538464,0.0,0.0,0.0,0.2222222222222222,6.051282051282051
https://doi.org/10.5006/1120,0.037383177570093455,0.14285714285714285,0.009345794392523364,0.0,0.4339005852488456,0.0,0.2857142857142857,0.0,0.0,5.677570093457944
https://doi.org/10.5006/1701,0.021505376344086023,0.75,0.021505376344086023,0.021505376344086023,0.4151985930388779,0.0,0.25,0.0,0.25,5.505376344086022
https://doi.org/10.5006/1872,0.02654867256637168,0.2,0.0,0.008849557522123894,0.22838031682414053,0.0,0.0,0.0,0.2,6.185840707964601
https://doi.org/10.5006/1854,0.039473684210526314,0.2857142857142857,0.0,0.006578947368421052,0.4517011550992598,0.14285714285714285,0.14285714285714285,0.0,0.0,5.578947368421052
https://doi.org/10.5006/1373,0.02242152466367713,0.75,0.0,0.0,0.3328973534164567,0.0,0.25,0.0,0.0,5.345291479820628
https://doi.org/10.5006/1500,0.01020408163265306,0.3333333333333333,0.05102040816326531,0.00510204081632653,0.26929884123258463,0.0,0.0,0.0,0.0,5.8979591836734695
https://doi.org/10.5006/1871,0.05102040816326531,0.5,0.05102040816326531,0.0,0.4177446834787494,0.0,0.25,0.0,0.0,5.418367346938775
https://doi.org/10.5006/1802,0.012345679012345678,0.25,0.0,0.0,0.2667923800614112,0.0,0.5,0.0,0.25,5.617283950617284
https://doi.org/10.5006/1786,0.0163265306122449,0.4444444444444444,0.08571428571428572,0.004081632653061225,0.26870662188788225,0.0,0.2222222222222222,0.0,0.0,5.134693877551021
https://doi.org/10.5006/1885,0.029239766081871343,0.8333333333333334,0.005847953216374269,0.0,0.3536440615845814,0.0,0.3333333333333333,0.0,0.16666666666666666,5.719298245614035
,0.0,0.0,0.0,0.0,0.0,1.0,0.0,0.0,0.0,5.0
https://doi.org/10.5006/1556,0.024,0.2,0.0,0.008,0.39759275647325365,0.0,0.0,0.0,0.0,5.824
https://doi.org/10.5006/1328,0.03787878787878788,0.4,0.0,0.015151515151515152,0.3501278790391316,0.0,0.4,0.0,0.0,5.340909090909091
https://doi.org/10.5006/1763,0.022988505747126436,0.2727272727272727,0.019157088122605363,0.007662835249042145,0.2610992342896678,0.0,0.0,0.0,0.0,5.697318007662835
https://doi.org/10.5006/1870,0.034482758620689655,1.0,0.008620689655172414,0.0,0.21395989044811822,0.0,0.25,0.0,0.0,5.758620689655173
https://doi.org/10.5006/1898,0.009950248756218905,0.0,0.03482587064676617,0.0,0.32548113898101744,0.0,0.2857142857142857,0.0,0.0,5.223880597014926
https://doi.org/10.5006/1859,0.005154639175257732,0.5,0.0,0.0,0.2535747190979143,0.0,0.3333333333333333,0.0,0.0,5.489690721649485
https://doi.org/10.5006/1632,0.021052631578947368,0.5555555555555556,0.010526315789473684,0.010526315789473684,0.29912152080805937,0.0,0.1111111111111111,0.0,0.2222222222222222,5.28421052631579
https://doi.org/10.5006/1829,0.026881720430107527,0.42857142857142855,0.016129032258064516,0.005376344086021506,0.2511391551425089,0.0,0.14285714285714285,0.0,0.14285714285714285,6.381720430107527
https://doi.org/10.5006/1714,0.017857142857142856,0.6,0.005952380952380952,0.011904761904761904,0.2501416832077464,0.0,0.2,0.0,0.0,5.869047619047619
https://doi.org/10.5006/1817,0.022727272727272728,0.3333333333333333,0.007575757575757576,0.007575757575757576,0.4182476891467352,0.0,0.16666666666666666,0.0,0.0,6.0606060606060606
https://doi.org/10.5006/1737,0.03896103896103896,0.3333333333333333,0.0,0.0,0.194371812299945,0.0,0.0,0.0,0.0,5.688311688311688
https://doi.org/10.5006/1719,0.03680981595092025,0.2857142857142857,0.0,0.0,0.1916625687339056,0.0,0.0,0.0,0.0,6.319018404907975
https://doi.org/10.5006/1819,0.043478260869565216,0.5,0.0,0.010869565217391304,0.09223131928520184,0.0,0.0,0.0,0.25,5.663043478260869
https://doi.org/10.5006/1794,0.029585798816568046,0.375,0.005917159763313609,0.005917159763313609,0.3797599760880483,0.0,0.0,0.0,0.0,5.621301775147929
https://doi.org/10.5006/1495,0.0234375,0.4,0.078125,0.0234375,0.35424325152358227,0.0,0.2,0.0,0.2,5.25
https://doi.org/10.5006/1913,0.0625,1.0,0.015625,0.015625,0.09631896879639026,0.0,0.0,0.0,0.3333333333333333,6.453125
https://doi.org/10.5006/1922,0.021052631578947368,0.5,0.07368421052631578,0.0,0.4489445918344447,0.0,0.25,0.0,0.0,5.473684210526316
https://doi.org/10.5006/1485,0.037037037037037035,0.21428571428571427,0.07407407407407407,0.00411522633744856,0.35622270133803674,0.0,0.0,0.0,0.07142857142857142,5.152263374485597
https://doi.org/10.5006/1754,0.047619047619047616,0.8333333333333334,0.0,0.0,0.3469387755102041,0.0,0.0,0.0,0.16666666666666666,5.401360544217687
https://doi.org/10.5006/1738,0.024691358024691357,0.2,0.006172839506172839,0.0,0.5107441874922864,0.0,0.2,0.0,0.0,5.7592592592592595
https://doi.org/10.5006/1648,0.028037383177570093,0.4,0.04672897196261682,0.009345794392523364,0.37336419355959216,0.0,0.0,0.0,0.2,6.02803738317757
https://doi.org/10.5006/1677,0.03125,0.6,0.0,0.00625,0.4747532253708236,0.0,0.4,0.0,0.0,5.625
https://doi.org/10.5006/1761,0.03214285714285714,0.375,0.0035714285714285713,0.007142857142857143,0.48739206026377085,0.0,0.125,0.0,0.375,5.585714285714285
https://doi.org/10.5006/1594,0.05172413793103448,0.5714285714285714,0.06321839080459771,0.0,0.39383544135659343,0.0,0.14285714285714285,0.0,0.0,4.862068965517241
https://doi.org/10.5006/1691,0.01818181818181818,0.42857142857142855,0.0,0.0,0.22230944110249973,0.0,0.0,0.0,0.0,5.909090909090909
https://doi.org/10.5006/1581,0.03664921465968586,0.8571428571428571,0.005235602094240838,0.005235602094240838,0.25745111734333503,0.0,0.0,0.0,0.0,5.5863874345549736
https://doi.org/10.5006/1681,0.010869565217391304,0.0,0.0,0.010869565217391304,0.13400900006454294,0.0,0.0,0.0,0.0,6.108695652173913
https://doi.org/10.5006/1858,0.08547008547008547,0.6666666666666666,0.1111111111111111,0.0,0.2627423273322974,0.0,0.0,0.0,0.16666666666666666,5.965811965811966
https://doi.org/10.5006/1830,0.020512820512820513,0.6666666666666666,0.05641025641025641,0.005128205128205128,0.42029387671103297,0.0,0.3333333333333333,0.0,0.16666666666666666,5.933333333333334
https://doi.org/10.5006/1633,0.014778325123152709,0.125,0.014778325123152709,0.0049261083743842365,0.6378692173864209,0.0,0.125,0.0,0.0,5.477832512315271
https://doi.org/10.5006/1874,0.014563106796116505,0.5,0.03398058252427184,0.009708737864077669,0.4104167259776359,0.0,0.25,0.0,0.125,5.189320388349515
https://doi.org/10.5006/1780,0.015625,0.0,0.0,0.0,0.20009763241977654,0.0,0.0,0.0,0.0,5.765625
https://doi.org/10.5006/1554,0.05925925925925926,0.6666666666666666,0.0,0.0,0.1512635396789788,0.0,0.0,0.0,0.0,6.318518518518519
https://doi.org/10.5006/1715,0.030303030303030304,0.5,0.010101010101010102,0.0,0.16003009613893798,0.0,0.0,0.0,0.25,5.91919191919192
https://doi.org/10.5006/1671,0.03409090909090909,0.5714285714285714,0.0,0.0,0.19764235376052372,0.0,0.0,0.0,0.0,5.545454545454546
https://doi.org/10.5006/1750,0.016129032258064516,0.0,0.0,0.008064516129032258,0.08224225021923846,0.0,0.0,0.0,0.25,6.475806451612903
https://doi.org/10.5006/1539,0.014285714285714285,1.0,0.04285714285714286,0.0,0.21253251051829902,0.0,0.3333333333333333,0.0,0.0,5.7
https://doi.org/10.5006/1442,0.04430379746835443,0.4,0.05063291139240506,0.006329113924050633,0.21425709974443993,0.0,0.2,0.0,0.4,5.474683544303797
https://doi.org/10.5006/1686,0.01098901098901099,0.42857142857142855,0.0,0.005494505494505495,0.45508306023843204,0.0,0.2857142857142857,0.0,0.0,5.6208791208791204
https://doi.org/10.5006/1690,0.019801980198019802,0.7142857142857143,0.04950495049504951,0.0,0.24252373690922555,0.0,0.14285714285714285,0.0,0.0,4.945544554455446
https://doi.org/10.5006/1689,0.026905829596412557,0.09090909090909091,0.013452914798206279,0.0,0.3319597403286412,0.0,0.0,0.0,0.09090909090909091,5.560538116591928
https://doi.org/10.5006/1868,0.018518518518518517,0.2857142857142857,0.004629629629629629,0.004629629629629629,0.22077072254752525,0.0,0.2857142857142857,0.0,0.14285714285714285,5.7407407407407405
https://doi.org/10.5006/1791,0.03937007874015748,0.3333333333333333,0.031496062992125984,0.0,0.2746891896458647,0.0,0.0,0.0,0.0,6.291338582677166
https://doi.org/10.5006/1808,0.010256410256410256,0.16666666666666666,0.0,0.0,0.22523273083074616,0.0,0.5,0.0,0.0,5.9743589743589745
https://doi.org/10.5006/0010-9312-71.2.119,0.08333333333333333,1.0,0.0,0.0,0.0,0.0,0.0,0.0,0.0,6.5
https://doi.org/10.5006/1327,0.01775147928994083,0.42857142857142855,0.005917159763313609,0.011834319526627219,0.24093814285801574,0.0,0.14285714285714285,0.0,0.2857142857142857,5.887573964497041
https://doi.org/10.5006/1505,0.016129032258064516,0.5,0.03225806451612903,0.005376344086021506,0.681672940240665,0.25,0.375,0.0,0.0,5.741935483870968
https://doi.org/10.5006/1720,0.022727272727272728,0.6,0.06060606060606061,0.0,0.3700507497521156,0.0,0.2,0.0,0.0,5.553030303030303
https://doi.org/10.5006/1904,0.02909090909090909,0.375,0.025454545454545455,0.007272727272727273,0.42950673226138286,0.0,0.5,0.0,0.125,5.985454545454545
https://doi.org/10.5006/1646,0.028169014084507043,0.16666666666666666,0.0,0.007042253521126761,0.2577888058834243,0.0,0.0,0.0,0.0,5.661971830985915
https://doi.org/10.5006/1638,0.004878048780487805,0.3333333333333333,0.0,0.0,0.1524731669081735,0.0,0.3333333333333333,0.0,0.16666666666666666,5.790243902439024
https://doi.org/10.1179/1743278215y.0000000057,0.01680672268907563,0.0,0.04201680672268908,0.008403361344537815,0.31710860948089425,0.0,0.0,0.0,0.2,6.142857142857143
https://doi.org/10.1179/1743278215y.0000000029,0.041666666666666664,0.6666666666666666,0.0,0.010416666666666666,0.4426776950182454,0.0,0.6666666666666666,0.0,0.3333333333333333,5.791666666666667
https://doi.org/10.1179/1743278215y.0000000013,0.021739130434782608,0.0,0.028985507246376812,0.007246376811594203,0.2228776304236188,0.0,0.2,0.0,0.4,5.811594202898551
https://doi.org/10.1179/1743278215y.0000000058,0.024242424242424242,0.75,0.06060606060606061,0.0,0.2961026303104511,0.0,0.75,0.0,0.0,5.4787878787878785
https://doi.org/10.1179/1743278215y.0000000012,0.02100840336134454,0.0,0.0,0.0,0.36927012676840054,0.0,0.2222222222222222,0.0,0.1111111111111111,6.508403361344538
https://doi.org/10.1179/1743278214y.0000000248,0.020689655172413793,0.0,0.041379310344827586,0.0,0.14466328940277953,0.0,0.2,0.0,0.0,5.910344827586207
https://doi.org/10.1179/1743278215y.0000000038,0.005263157894736842,0.3333333333333333,0.031578947368421054,0.005263157894736842,0.5038357028957609,0.0,0.3333333333333333,0.0,0.16666666666666666,5.5
https://doi.org/10.1179/1743278215y.0000000007,0.01282051282051282,0.14285714285714285,0.00641025641025641,0.00641025641025641,0.17080657172402858,0.0,0.0,0.0,0.14285714285714285,5.378205128205129
https://doi.org/10.1179/1743278215y.0000000031,0.00641025641025641,0.4,0.019230769230769232,0.00641025641025641,0.18062824107186373,0.0,0.2,0.0,0.0,5.384615384615385
https://doi.org/10.1179/1743278214y.0000000246,0.040268456375838924,0.5,0.09395973154362416,0.006711409395973154,0.23297389204979574,0.0,0.0,0.0,0.16666666666666666,5.053691275167785
https://doi.org/10.1179/1743278215y.0000000042,0.05154639175257732,1.0,0.0,0.010309278350515464,0.48530318746143586,0.0,0.3333333333333333,0.0,0.0,6.154639175257732
https://doi.org/10.1179/1743278215y.0000000008,0.027777777777777776,0.42857142857142855,0.020833333333333332,0.013888888888888888,0.2972352022087874,0.0,0.0,0.0,0.0,5.465277777777778
https://doi.org/10.1179/1478422x15z.000000000383,0.06666666666666667,1.0,0.0,0.0,0.8666666666666667,0.5,0.0,0.0,0.0,7.0
https://doi.org/10.1179/1743278215y.0000000015,0.04807692307692308,0.75,0.0,0.009615384615384616,0.31246301556292155,0.0,0.25,0.0,0.25,5.471153846153846
https://doi.org/10.1179/1743278215y.0000000004,0.04716981132075472,0.3333333333333333,0.05660377358490566,0.009433962264150943,0.18534795004140092,0.0,0.6666666666666666,0.0,0.0,5.8584905660377355
https://doi.org/10.1179/1743278215y.0000000055,0.03076923076923077,0.25,0.046153846153846156,0.0,0.15307499032409538,0.0,0.0,0.0,0.0,6.446153846153846
https://doi.org/10.1179/1743278215y.0000000028,0.04697986577181208,0.14285714285714285,0.08053691275167785,0.0,0.3584169106796964,0.0,0.0,0.0,0.0,5.429530201342282
https://doi.org/10.1179/1743278215y.0000000051,0.029411764705882353,0.6666666666666666,0.04411764705882353,0.0,0.21712975088578532,0.0,0.0,0.0,0.0,5.404411764705882
https://doi.org/10.1179/1743278215y.0000000016,0.03937007874015748,0.2,0.0,0.0,0.3535424302463567,0.0,0.2,0.0,0.0,6.267716535433071
https://doi.org/10.1179/1743278215y.0000000040,0.012658227848101266,0.5,0.056962025316455694,0.006329113924050633,0.4305658570049355,0.0,0.16666666666666666,0.0,0.0,5.987341772151899
https://doi.org/10.1179/1743278215y.0000000005,0.0125,0.0,0.0,0.0125,0.1346291201783626,0.0,0.0,0.0,0.16666666666666666,5.5375
https://doi.org/10.1179/1743278215y.0000000044,0.02666666666666667,0.0,0.03333333333333333,0.006666666666666667,0.4687572221665852,0.0,0.16666666666666666,0.0,0.3333333333333333,5.586666666666667
https://doi.org/10.1179/1743278215y.0000000011,0.031496062992125984,0.8333333333333334,0.03937007874015748,0.015748031496062992,0.44937112042142596,0.0,0.16666666666666666,0.0,0.16666666666666666,6.118110236220472
https://doi.org/10.1179/1743278215y.0000000047,0.03076923076923077,0.3,0.06666666666666667,0.005128205128205128,0.24298169724065916,0.0,0.0,0.0,0.1,5.707692307692308
https://doi.org/10.1179/1743278215y.0000000022,0.029411764705882353,0.0,0.029411764705882353,0.0,0.6191236628959587,0.2857142857142857,0.0,0.0,0.14285714285714285,5.637254901960785
https://doi.org/10.1179/1743278215y.0000000049,0.0125,0.375,0.0,0.0,0.5640257086339239,0.0,0.125,0.0,0.125,5.13125
https://doi.org/10.1179/1743278215y.0000000033,0.04395604395604396,0.6666666666666666,0.0,0.0,0.2648784789712956,0.0,0.0,0.0,0.16666666666666666,6.483516483516484
https://doi.org/10.1179/1743278215y.0000000017,0.008695652173913044,1.0,0.0,0.0,0.3700508318426646,0.0,0.5,0.0,0.0,7.086956521739131
https://doi.org/10.1179/1743278215y.0000000003,0.025,0.0,0.03333333333333333,0.008333333333333333,0.3763863263545405,0.0,0.0,0.0,0.16666666666666666,5.825
https://doi.org/10.1179/1743278215y.0000000041,0.01694915254237288,0.25,0.059322033898305086,0.0,0.3543143213621504,0.0,0.25,0.0,0.25,5.796610169491525
https://doi.org/10.1179/1478422x15z.000000000335,0.0,0.6666666666666666,0.06,0.0,0.36359317925395684,0.0,0.6666666666666666,0.0,0.0,5.26
https://doi.org/10.1179/1743278215y.0000000026,0.037037037037037035,0.0,0.0,0.012345679012345678,0.22460994319333646,0.0,0.0,0.0,0.0,5.617283950617284
https://doi.org/10.1179/1743278215y.0000000050,0.023809523809523808,0.3333333333333333,0.03968253968253968,0.0,0.5180053610184355,0.16666666666666666,0.0,0.0,0.16666666666666666,6.0
https://doi.org/10.1179/1743278215y.0000000030,0.04,0.16666666666666666,0.032,0.016,0.2912043955712208,0.0,0.0,0.0,0.3333333333333333,6.072
https://doi.org/10.1179/1743278215y.0000000037,0.018867924528301886,0.0,0.0,0.009433962264150943,0.41164951375983827,0.0,0.0,0.0,0.0,5.867924528301887
https://doi.org/10.1179/1743278215y.0000000024,0.032467532467532464,0.25,0.0,0.006493506493506494,0.38328193671100536,0.0,0.125,0.0,0.125,5.941558441558442
https://doi.org/10.1179/1743278215y.0000000006,0.011904761904761904,0.0,0.041666666666666664,0.005952380952380952,0.14433756729740646,0.0,0.0,0.0,0.16666666666666666,4.839285714285714
https://doi.org/10.1179/1478422x15z.000000000336,0.023529411764705882,0.42857142857142855,0.03529411764705882,0.0,0.35333311571014603,0.0,0.2857142857142857,0.0,0.0,5.411764705882353
https://doi.org/10.1179/1743278215y.0000000043,0.022556390977443608,0.16666666666666666,0.03007518796992481,0.007518796992481203,0.07093218896283161,0.0,0.0,0.0,0.0,5.661654135338346
https://doi.org/10.1179/1743278215y.0000000036,0.014705882352941176,0.6666666666666666,0.0,0.014705882352941176,0.271561548714991,0.0,0.0,0.0,0.16666666666666666,5.852941176470588
https://doi.org/10.1179/1743278215y.0000000020,0.046153846153846156,0.0,0.0,0.0,0.23179260266645174,0.0,0.0,0.0,0.0,5.338461538461538
https://doi.org/10.1179/1743278215y.0000000009,0.0,0.16666666666666666,0.10067114093959731,0.013422818791946308,0.29720254799308093,0.0,0.16666666666666666,0.0,0.0,5.046979865771812
https://doi.org/10.1179/1743278215y.0000000032,0.012903225806451613,0.16666666666666666,0.0,0.0064516129032258064,0.21944969486058002,0.0,0.0,0.0,0.0,5.516129032258065
https://doi.org/10.1179/1743278215y.0000000001,0.011976047904191617,1.0,0.0,0.005988023952095809,0.3234641637381917,0.0,0.0,0.0,0.0,4.772455089820359
https://doi.org/10.1179/1743278215y.0000000039,0.049586776859504134,0.5,0.0,0.008264462809917356,0.300830987160352,0.0,0.0,0.0,0.0,5.56198347107438
https://doi.org/10.1179/1743278215y.0000000018,0.024691358024691357,0.25,0.0,0.012345679012345678,0.32264529247832047,0.0,0.0,0.0,0.0,6.185185185185185
https://doi.org/10.1179/1743278215y.0000000019,0.023076923076923078,0.16666666666666666,0.0,0.007692307692307693,0.24663414679817533,0.0,0.0,0.0,0.16666666666666666,5.423076923076923
https://doi.org/10.1179/1743278215y.0000000053,0.03305785123966942,0.16666666666666666,0.049586776859504134,0.0,0.2169323098910196,0.0,0.0,0.0,0.0,5.933884297520661
https://doi.org/10.1179/1743278215y.0000000023,0.01834862385321101,0.16666666666666666,0.0,0.0,0.1781329159536477,0.0,0.0,0.0,0.0,6.146788990825688
https://doi.org/10.1179/1743278215y.0000000046,0.0759493670886076,0.25,0.012658227848101266,0.0,0.4848283038533053,0.25,0.0,0.0,0.0,5.987341772151899
https://doi.org/10.1179/1743278214y.0000000247,0.005917159763313609,0.0,0.023668639053254437,0.0,0.26296433187324225,0.0,0.0,0.0,0.0,5.668639053254438
https://doi.org/10.1179/1743278215y.0000000035,0.026490066225165563,0.6666666666666666,0.0,0.006622516556291391,0.4318876088921952,0.0,0.3333333333333333,0.0,0.3333333333333333,5.642384105960265
https://doi.org/10.1179/1743278215y.0000000048,0.03260869565217391,0.25,0.0,0.0,0.11084825029549532,0.0,0.0,0.0,0.0,5.9021739130434785
https://doi.org/10.1179/1743278215y.0000000014,0.04666666666666667,0.5,0.02,0.0,0.3257811126098831,0.0,0.16666666666666666,0.0,0.0,5.833333333333333
https://doi.org/10.1179/1743278215y.0000000002,0.034482758620689655,0.5,0.05172413793103448,0.008620689655172414,0.42513200020475705,0.0,0.16666666666666666,0.0,0.0,6.146551724137931
https://doi.org/10.1179/1743278215y.0000000010,0.014084507042253521,0.14285714285714285,0.0,0.014084507042253521,0.4213598676521576,0.0,0.0,0.0,0.14285714285714285,5.176056338028169
https://doi.org/10.1179/1743278215y.0000000052,0.012269938650306749,0.0,0.018404907975460124,0.0,0.1559296322348323,0.0,0.4,0.0,0.0,5.865030674846626
https://doi.org/10.1179/1478422x14z.000000000315,0.0,0.8,0.009174311926605505,0.0,0.33002028896522845,0.0,0.0,0.0,0.0,5.146788990825688
https://doi.org/10.1179/1743278215y.0000000027,0.04504504504504504,0.5,0.08108108108108109,0.0,0.18440981522935784,0.0,0.0,0.0,0.25,6.216216216216216
https://doi.org/10.1179/1743278215y.0000000056,0.01904761904761905,0.2,0.02857142857142857,0.0,0.6360307755072,0.0,0.2,0.0,0.2,5.809523809523809
https://doi.org/10.1179/1743278214y.0000000245,0.017543859649122806,0.0,0.0,0.008771929824561403,0.1758766461031879,0.0,0.6666666666666666,0.0,0.0,5.131578947368421
https://doi.org/10.1179/1743278215y.0000000045,0.011299435028248588,0.6666666666666666,0.0,0.0,0.40536477095258977,0.0,0.1111111111111111,0.0,0.0,4.610169491525424
https://doi.org/10.1179/1743278215y.0000000034,0.021739130434782608,0.0,0.0,0.007246376811594203,0.3180160617027781,0.0,0.2,0.0,0.2,5.9855072463768115
https://doi.org/10.1179/1743278215y.0000000054,0.031914893617021274,0.75,0.02127659574468085,0.010638297872340425,0.2846614502182905,0.0,0.0,0.0,0.25,5.542553191489362
https://doi.org/10.1179/1743278215y.0000000021,0.0425531914893617,0.2857142857142857,0.0,0.0070921985815602835,0.3350641648515665,0.0,0.0,0.0,0.14285714285714285,5.4822695035460995
https://doi.org/10.1179/1478422x15z.000000000356,0.0,0.0,0.0,0.0,0.0,0.0,0.0,0.0,0.0,6.222222222222222
https://doi.org/10.1179/1743278215y.0000000025,0.024793388429752067,0.0,0.03305785123966942,0.0,0.3194404642989701,0.0,0.0,0.0,0.0,5.090909090909091
https://doi.org/10.1179/1478422x15z.000000000354,0.0,0.0,0.0,0.0,0.0,0.0,0.0,0.0,0.0,5.333333333333333
https://doi.org/10.1179/1478422x15z.000000000384,0.0,0.5,0.0,0.0,0.125,0.0,0.0,0.0,0.0,5.0625
https://doi.org/10.1179/1478422x15z.000000000364,0.024,0.8,0.008,0.0,0.5159844958911072,0.0,0.2,0.0,0.0,5.216
https://doi.org/10.1179/1478422x15z.000000000394,0.06666666666666667,1.0,0.0,0.0,0.8666666666666667,0.5,0.0,0.0,0.0,7.2
https://doi.org/10.1016/j.corsci.2015.06.035,0.03,0.25,0.04,0.0,0.23664319132398465,0.0,0.0,0.0,0.0,6.73
https://doi.org/10.1016/j.corsci.2015.11.013,0.009900990099009901,0.6,0.009900990099009901,0.0,0.15465840942389414,0.0,0.0,0.0,0.2,5.653465346534653
https://doi.org/10.1016/j.corsci.2015.06.023,0.05102040816326531,0.25,0.0,0.0,0.35406839944688717,0.0,0.0,0.0,0.0,5.357142857142857
https://doi.org/10.1016/j.corsci.2015.06.009,0.05102040816326531,0.16666666666666666,0.0,0.0,0.21980264518916345,0.0,0.0,0.0,0.16666666666666666,5.663265306122449
https://doi.org/10.1016/j.corsci.2015.05.063,0.06,0.2,0.07,0.0,0.27748873851023215,0.0,0.0,0.0,0.0,6.25
https://doi.org/10.1016/j.corsci.2015.06.008,0.02,0.4,0.05,0.0,0.19493588689617927,0.0,0.0,0.0,0.2,5.66
https://doi.org/10.1016/j.corsci.2015.10.019,0.017341040462427744,0.6666666666666666,0.03468208092485549,0.0,0.4105674186608038,0.0,0.3333333333333333,0.0,0.0,5.109826589595376
https://doi.org/10.1016/j.corsci.2015.08.027,0.030612244897959183,0.16666666666666666,0.09183673469387756,0.0,0.16453587241425613,0.0,0.0,0.0,0.0,6.5
https://doi.org/10.1016/j.corsci.2015.05.013,0.0,0.4,0.019230769230769232,0.0,0.3151148001571911,0.0,0.0,0.0,0.0,5.625
https://doi.org/10.1016/j.corsci.2015.10.027,0.0625,0.5,0.020833333333333332,0.0,0.15590239111558088,0.0,0.0,0.0,0.0,5.614583333333333
https://doi.org/10.1016/j.corsci.2015.04.023,0.023529411764705882,0.4,0.1411764705882353,0.0,0.46168039694937846,0.0,0.0,0.0,0.0,5.376470588235295
https://doi.org/10.1016/j.corsci.2015.05.002,0.009900990099009901,0.4,0.0,0.009900990099009901,0.25704465318311226,0.0,0.0,0.0,0.2,5.4950495049504955
https://doi.org/10.1016/j.corsci.2015.06.033,0.020618556701030927,0.3333333333333333,0.020618556701030927,0.0,0.10513442296067597,0.0,0.3333333333333333,0.0,0.0,4.927835051546392
https://doi.org/10.1016/j.corsci.2015.08.019,0.05319148936170213,0.2,0.0,0.0,0.43655924529113177,0.0,0.0,0.0,0.0,5.329787234042553
https://doi.org/10.1016/j.corsci.2015.03.013,0.03,0.25,0.0,0.0,0.2172556098240043,0.0,0.0,0.0,0.0,5.28
https://doi.org/10.1016/j.corsci.2015.11.020,0.0,0.0,0.030973451327433628,0.008849557522123894,0.4085199606224351,0.0,0.1,0.0,0.1,5.336283185840708
https://doi.org/10.1002/maco.201508488,0.05357142857142857,0.0,0.026785714285714284,0.0,0.5268613747118547,0.0,0.3333333333333333,0.0,0.3333333333333333,6.125
https://doi.org/10.1002/maco.201408058,0.030303030303030304,0.0,0.06060606060606061,0.0,0.49833924781996,0.0,0.0,0.0,0.0,6.111111111111111
https://doi.org/10.1002/maco.201408090,0.020202020202020204,0.4,0.0,0.010101010101010102,0.6105891418063601,0.0,0.2,0.0,0.0,6.565656565656566
https://doi.org/10.1002/maco.201408211,0.01948051948051948,0.6,0.012987012987012988,0.006493506493506494,0.25680155757513234,0.0,0.4,0.0,0.0,5.181818181818182
https://doi.org/10.1002/maco.201408141,0.010101010101010102,0.6,0.0,0.010101010101010102,0.4325780425326031,0.0,0.2,0.0,0.0,5.5353535353535355
https://doi.org/10.1002/maco.201508701,0.026845637583892617,0.6,0.006711409395973154,0.006711409395973154,0.2729489853377551,0.0,0.2,0.0,0.0,5.919463087248322
https://doi.org/10.1002/maco.201508365,0.050724637681159424,0.2,0.050724637681159424,0.014492753623188406,0.3811070664436147,0.0,0.2,0.0,0.2,5.884057971014493
https://doi.org/10.1002/maco.201408213,0.01834862385321101,0.45454545454545453,0.027522935779816515,0.0045871559633027525,0.35990908708134,0.0,0.0,0.0,0.09090909090909091,5.41743119266055
https://doi.org/10.1002/maco.201408189,0.04285714285714286,0.7777777777777778,0.0,0.004761904761904762,0.2364706479606693,0.0,0.0,0.0,0.0,5.552380952380952
https://doi.org/10.1002/maco.201408081,0.0440251572327044,0.14285714285714285,0.025157232704402517,0.006289308176100629,0.2349879458147095,0.0,0.0,0.0,0.14285714285714285,6.345911949685535
https://doi.org/10.1002/maco.201508629,0.03896103896103896,0.3333333333333333,0.14285714285714285,0.006493506493506494,0.4271917974908708,0.0,0.16666666666666666,0.0,0.0,6.253246753246753
https://doi.org/10.1002/maco.201508605,0.0196078431372549,0.125,0.026143790849673203,0.0,0.3636125763581993,0.0,0.0,0.0,0.0,5.980392156862745
https://doi.org/10.1002/maco.201408174,0.011560693641618497,1.0,0.06358381502890173,0.0,0.43023801308504955,0.0,0.14285714285714285,0.0,0.14285714285714285,4.589595375722543
https://doi.org/10.1002/maco.201508585,0.012345679012345678,0.2,0.0,0.006172839506172839,0.16859876893515635,0.0,0.2,0.0,0.2,5.54320987654321
https://doi.org/10.1002/maco.201508380,0.03592814371257485,0.5,0.023952095808383235,0.005988023952095809,0.3275947153674234,0.0,0.16666666666666666,0.0,0.0,5.161676646706587
https://doi.org/10.1002/maco.201508685,0.045454545454545456,0.0,0.012987012987012988,0.0,0.3661784981784853,0.0,0.5,0.0,0.0,5.603896103896104
https://doi.org/10.1002/maco.201508349,0.01990049751243781,0.7142857142857143,0.01990049751243781,0.0,0.5032013058105586,0.0,0.42857142857142855,0.0,0.0,5.0
https://doi.org/10.1002/maco.201508255,0.014084507042253521,0.3333333333333333,0.028169014084507043,0.007042253521126761,0.2712867645670172,0.0,0.16666666666666666,0.0,0.16666666666666666,5.528169014084507
https://doi.org/10.1002/maco.201508509,0.012738853503184714,0.7142857142857143,0.0,0.006369426751592357,0.3187260128203007,0.0,0.0,0.0,0.14285714285714285,5.401273885350318
https://doi.org/10.1002/maco.201508562,0.012048192771084338,0.0,0.0,0.0,0.45941387867319566,0.1111111111111111,0.0,0.0,0.0,6.006024096385542
https://doi.org/10.1002/maco.201508231,0.027210884353741496,0.0,0.07482993197278912,0.006802721088435374,0.5061517071493408,0.0,0.2,0.0,0.2,6.238095238095238
https://doi.org/10.1002/maco.201408167,0.033783783783783786,0.6,0.14189189189189189,0.006756756756756757,0.39375141309009365,0.0,0.2,0.0,0.0,6.297297297297297
https://doi.org/10.1002/maco.201408215,0.02262443438914027,0.45454545454545453,0.03619909502262444,0.004524886877828055,0.3100785827875442,0.0,0.0,0.0,0.09090909090909091,5.610859728506787
https://doi.org/10.1002/maco.201508641,0.013986013986013986,0.4,0.0,0.006993006993006993,0.28543121163578394,0.0,0.2,0.0,0.2,5.818181818181818
https://doi.org/10.1002/maco.201408048,0.018867924528301886,0.0,0.02830188679245283,0.0,0.44888216050454033,0.0,0.2,0.0,0.0,6.160377358490566
https://doi.org/10.1002/maco.201508597,0.012903225806451613,0.25,0.025806451612903226,0.0064516129032258064,0.3980702671200606,0.0,0.0,0.0,0.125,5.632258064516129
https://doi.org/10.1002/maco.201508552,0.018292682926829267,0.7142857142857143,0.03048780487804878,0.0,0.33905948230384986,0.0,0.0,0.0,0.0,5.335365853658536
https://doi.org/10.1002/maco.201508323,0.06593406593406594,0.2,0.0,0.0,0.37005402726335684,0.0,0.0,0.0,0.2,6.076923076923077
https://doi.org/10.1002/maco.201407810,0.022727272727272728,0.5,0.015151515151515152,0.0,0.4909652044248379,0.0,0.25,0.0,0.0,5.818181818181818
https://doi.org/10.1002/maco.201407948,0.043478260869565216,0.5714285714285714,0.0,0.0,0.4566942393214124,0.0,0.14285714285714285,0.0,0.0,5.644927536231884
https://doi.org/10.1002/maco.201508359,0.03937007874015748,0.8,0.08661417322834646,0.0,0.3004532917848648,0.0,0.0,0.0,0.0,4.818897637795276
https://doi.org/10.1002/maco.201408202,0.03614457831325301,0.0,0.0,0.0,0.1575505642243617,0.0,0.0,0.0,0.0,5.963855421686747
https://doi.org/10.1002/maco.201408130,0.0048543689320388345,0.1,0.0,0.0048543689320388345,0.44554539439160246,0.0,0.1,0.0,0.1,6.145631067961165
https://doi.org/10.1002/maco.201408012,0.019801980198019802,0.5714285714285714,0.034653465346534656,0.0049504950495049506,0.27187188549992036,0.0,0.2857142857142857,0.0,0.14285714285714285,5.524752475247524
https://doi.org/10.1002/maco.201408173,0.03676470588235294,0.3333333333333333,0.029411764705882353,0.007352941176470588,0.3167744004196767,0.0,0.0,0.0,0.16666666666666666,5.926470588235294
https://doi.org/10.1002/maco.201508304,0.012578616352201259,0.0,0.012578616352201259,0.0,0.2659418177593204,0.0,0.0,0.0,0.0,6.169811320754717
https://doi.org/10.1002/maco.201508618,0.028409090909090908,0.6,0.05113636363636364,0.011363636363636364,0.4852552152908221,0.0,0.4,0.0,0.2,5.642045454545454
https://doi.org/10.1002/maco.201508502,0.024539877300613498,0.375,0.04294478527607362,0.0,0.44844065959692003,0.0,0.0,0.0,0.0,5.484662576687117
https://doi.org/10.1002/maco.201508454,0.027777777777777776,0.0,0.027777777777777776,0.0,0.21436735005167085,0.0,0.0,0.0,0.0,5.787037037037037
https://doi.org/10.1002/maco.201408071,0.02040816326530612,0.2,0.0,0.0,0.2711291888895188,0.0,0.0,0.0,0.0,5.653061224489796
https://doi.org/10.1002/maco.201508404,0.03977272727272727,0.4444444444444444,0.028409090909090908,0.017045454545454544,0.37353363440667275,0.0,0.1111111111111111,0.0,0.1111111111111111,6.443181818181818
https://doi.org/10.1002/maco.201408115,0.035,0.1,0.02,0.005,0.40496913462633166,0.0,0.0,0.0,0.1,5.6
https://doi.org/10.1002/maco.201508708,0.024271844660194174,0.8571428571428571,0.09223300970873786,0.0,0.18510365014502544,0.0,0.2857142857142857,0.0,0.0,5.097087378640777
https://doi.org/10.1002/maco.201508555,0.02247191011235955,0.7142857142857143,0.08426966292134831,0.0056179775280898875,0.35849564345042284,0.0,0.14285714285714285,0.0,0.14285714285714285,5.589887640449438
https://doi.org/10.1002/maco.201408013,0.032467532467532464,0.5,0.07142857142857142,0.012987012987012988,0.4775266574246815,0.0,0.16666666666666666,0.0,0.0,5.038961038961039
https://doi.org/10.1002/maco.201408037,0.034013605442176874,1.0,0.04081632653061224,0.0,0.3343037381035541,0.0,0.0,0.0,0.0,6.0
https://doi.org/10.1002/maco.201508586,0.028985507246376812,0.0,0.043478260869565216,0.007246376811594203,0.24207671142739223,0.0,0.0,0.0,0.16666666666666666,6.050724637681159
https://doi.org/10.1002/maco.201508422,0.009900990099009901,0.0,0.009900990099009901,0.0,0.3008011392269963,0.0,0.0,0.0,0.0,4.9504950495049505
https://doi.org/10.1002/maco.201508569,0.012345679012345678,0.25,0.024691358024691357,0.006172839506172839,0.5016357939237048,0.125,0.0,0.0,0.125,6.067901234567901
https://doi.org/10.1002/maco.201508315,0.019417475728155338,1.0,0.0,0.0,0.33660069559921774,0.0,0.6666666666666666,0.0,0.0,4.718446601941747
https://doi.org/10.1002/maco.201508382,0.013888888888888888,0.625,0.0,0.0,0.16197088596792503,0.0,0.0,0.0,0.0,4.895833333333333
https://doi.org/10.1002/maco.201408105,0.030927835051546393,0.16666666666666666,0.010309278350515464,0.0,0.27527896748079766,0.0,0.0,0.0,0.0,5.835051546391752
https://doi.org/10.1002/maco.201407910,0.033112582781456956,0.0,0.0,0.006622516556291391,0.1750901200847985,0.0,0.5,0.0,0.25,5.370860927152318
https://doi.org/10.1002/maco.201408059,0.08,0.75,0.0,0.0,0.26229754097208,0.0,0.0,0.0,0.0,6.25
https://doi.org/10.1002/maco.201508272,0.015151515151515152,0.7142857142857143,0.0,0.0,0.22256630844980513,0.0,0.14285714285714285,0.0,0.0,5.757575757575758
https://doi.org/10.1002/maco.201508505,0.017142857142857144,0.3333333333333333,0.045714285714285714,0.011428571428571429,0.41577073745328563,0.0,0.1111111111111111,0.0,0.0,5.714285714285714
https://doi.org/10.1002/maco.201508719,0.02702702702702703,0.0,0.04504504504504504,0.009009009009009009,0.2826015701145608,0.0,0.0,0.0,0.0,6.297297297297297
https://doi.org/10.1002/maco.201508625,0.041666666666666664,0.16666666666666666,0.026041666666666668,0.005208333333333333,0.26269833776913526,0.0,0.5,0.0,0.0,5.286458333333333
https://doi.org/10.1002/maco.201408160,0.013888888888888888,0.75,0.006944444444444444,0.0,0.4564354645876384,0.0,0.75,0.0,0.0,5.347222222222222
https://doi.org/10.1002/maco.201508589,0.02027027027027027,0.42857142857142855,0.033783783783783786,0.0,0.25835208505817786,0.0,0.0,0.0,0.0,5.175675675675675
https://doi.org/10.1002/maco.201508607,0.011904761904761904,0.375,0.017857142857142856,0.005952380952380952,0.280710145775038,0.0,0.0,0.0,0.125,5.851190476190476
https://doi.org/10.1002/maco.201508506,0.010582010582010581,0.0,0.037037037037037035,0.015873015873015872,0.3572506206221121,0.0,0.125,0.0,0.125,5.518518518518518
https://doi.org/10.1002/maco.201508344,0.01680672268907563,0.2857142857142857,0.0,0.0,0.23738566204748798,0.0,0.0,0.0,0.0,5.092436974789916
https://doi.org/10.1002/maco.201508419,0.02564102564102564,0.25,0.07051282051282051,0.0,0.3750958676494306,0.0,0.0,0.0,0.0,6.115384615384615
https://doi.org/10.1002/maco.201508246,0.018315018315018316,0.0,0.029304029304029304,0.0,0.360131200179647,0.0,0.3333333333333333,0.0,0.0,5.597069597069597
https://doi.org/10.1002/maco.201407886,0.021052631578947368,0.3333333333333333,0.031578947368421054,0.010526315789473684,0.3599014946795528,0.16666666666666666,0.0,0.0,0.16666666666666666,5.389473684210526
https://doi.org/10.1002/maco.201508229,0.039603960396039604,0.8333333333333334,0.009900990099009901,0.009900990099009901,0.20979821881601082,0.0,0.0,0.0,0.16666666666666666,5.178217821782178
https://doi.org/10.1002/maco.201508434,0.020689655172413793,0.2857142857142857,0.027586206896551724,0.013793103448275862,0.3261128391044659,0.0,0.0,0.0,0.14285714285714285,6.006896551724138
https://doi.org/10.1002/maco.201508312,0.02564102564102564,0.0,0.041025641025641026,0.0,0.2726160791795284,0.0,0.0,0.0,0.0,5.969230769230769
https://doi.org/10.1002/maco.201508436,0.01680672268907563,0.16666666666666666,0.0,0.0,0.3031040133927972,0.0,0.0,0.0,0.0,5.647058823529412
https://doi.org/10.1002/maco.201508360,0.038461538461538464,0.5,0.0,0.009615384615384616,0.1608961589488607,0.0,0.0,0.0,0.0,5.163461538461538
https://doi.org/10.1002/maco.201408046,0.02,0.5,0.03333333333333333,0.0,0.10413666234542206,0.0,0.75,0.0,0.0,5.446666666666666
https://doi.org/10.1002/maco.201508511,0.025252525252525252,0.375,0.0,0.005050505050505051,0.2708502561170085,0.0,0.0,0.0,0.0,5.252525252525253
https://doi.org/10.1002/maco.201508384,0.03305785123966942,0.4,0.09090909090909091,0.0,0.2129603095326467,0.0,0.0,0.0,0.0,6.1570247933884295
https://doi.org/10.1002/maco.201408156,0.019417475728155338,0.3333333333333333,0.019417475728155338,0.009708737864077669,0.2388033762378416,0.0,0.0,0.0,0.0,5.359223300970874
https://doi.org/10.1002/maco.201408112,0.021739130434782608,0.3333333333333333,0.036231884057971016,0.007246376811594203,0.36977828470066876,0.0,0.0,0.0,0.16666666666666666,5.398550724637682
https://doi.org/10.1002/maco.201408203,0.036036036036036036,0.25,0.0,0.009009009009009009,0.1357344069668411,0.0,0.0,0.0,0.25,5.846846846846847
https://doi.org/10.1002/maco.201508257,0.01015228426395939,0.09090909090909091,0.0,0.0,0.4228764588763153,0.0,0.09090909090909091,0.0,0.0,6.16243654822335
https://doi.org/10.1002/maco.201508608,0.035175879396984924,0.16666666666666666,0.02512562814070352,0.005025125628140704,0.4759035403234904,0.0,0.3333333333333333,0.0,0.16666666666666666,6.090452261306533
https://doi.org/10.1002/maco.201408168,0.005813953488372093,0.0,0.023255813953488372,0.011627906976744186,0.2885970615346711,0.0,0.0,0.0,0.0,5.883720930232558
https://doi.org/10.1002/maco.201408077,0.005917159763313609,0.125,0.01775147928994083,0.0,0.26082528805365907,0.0,0.0,0.0,0.125,5.514792899408284
https://doi.org/10.1002/maco.201408056,0.030303030303030304,0.6666666666666666,0.0,0.0,0.2529289702131094,0.0,0.3333333333333333,0.0,0.0,5.2727272727272725
https://doi.org/10.1002/maco.201408222,0.02912621359223301,0.8,0.06796116504854369,0.0,0.3454455703816931,0.0,0.0,0.0,0.2,5.12621359223301
https://doi.org/10.1002/maco.201408057,0.050505050505050504,0.0,0.0,0.0,0.19793856507338814,0.0,0.0,0.0,0.0,5.97979797979798
https://doi.org/10.1002/maco.201508383,0.03418803418803419,0.6666666666666666,0.10256410256410256,0.0,0.4960947644762889,0.16666666666666666,0.0,0.0,0.0,5.615384615384615
https://doi.org/10.1002/maco.201508448,0.031496062992125984,1.0,0.06299212598425197,0.0,0.2790558290814071,0.0,0.3333333333333333,0.0,0.0,5.984251968503937
https://doi.org/10.1002/maco.201408066,0.013513513513513514,0.0,0.0,0.006756756756756757,0.3800638137952765,0.0,0.16666666666666666,0.0,0.16666666666666666,5.371621621621622
https://doi.org/10.1002/maco.201508609,0.05,0.42857142857142855,0.08333333333333333,0.005555555555555556,0.7470931321784107,0.0,0.14285714285714285,0.0,0.0,5.555555555555555
https://doi.org/10.1002/maco.201508396,0.029411764705882353,0.0,0.0,0.007352941176470588,0.17212793986352387,0.0,0.0,0.0,0.3333333333333333,6.213235294117647
https://doi.org/10.1002/maco.201508635,0.015873015873015872,0.2,0.05555555555555555,0.007936507936507936,0.26009475568530066,0.0,0.2,0.0,0.0,6.309523809523809
https://doi.org/10.1002/maco.201508599,0.004975124378109453,0.3333333333333333,0.009950248756218905,0.004975124378109453,0.35130156107283045,0.0,0.0,0.0,0.1111111111111111,5.865671641791045
https://doi.org/10.1002/maco.201508410,0.043795620437956206,1.0,0.029197080291970802,0.0072992700729927005,0.16091538456239857,0.0,0.0,0.0,0.0,5.875912408759124
https://doi.org/10.1002/maco.201408025,0.011560693641618497,0.6,0.0,0.0,0.38237769730731164,0.0,0.6,0.0,0.0,5.820809248554913
https://doi.org/10.1002/maco.201407881,0.023255813953488372,0.25,0.0,0.0,0.3842491079501931,0.0,0.0,0.0,0.0,6.093023255813954
https://doi.org/10.1002/maco.201408185,0.04142011834319527,0.75,0.04142011834319527,0.005917159763313609,0.5654216931788678,0.0,0.5,0.0,0.25,5.479289940828402
https://doi.org/10.1002/maco.201508507,0.0,0.2,0.0,0.0,0.22053376233729396,0.0,0.0,0.0,0.0,5.5588235294117645
https://doi.org/10.1002/maco.201408210,0.020942408376963352,0.0,0.0,0.005235602094240838,0.2817999296502176,0.0,0.3333333333333333,0.0,0.16666666666666666,5.968586387434555
https://doi.org/10.1002/maco.201408043,0.015503875968992248,0.42857142857142855,0.046511627906976744,0.0,0.26875869493580956,0.0,0.0,0.0,0.14285714285714285,4.705426356589148
https://doi.org/10.1002/maco.201508378,0.03896103896103896,0.5,0.09090909090909091,0.0,0.47380354147934284,0.0,0.0,0.0,0.0,5.8441558441558445
https://doi.org/10.1002/maco.201508402,0.018292682926829267,0.2857142857142857,0.006097560975609756,0.0,0.3428759980368183,0.0,0.0,0.0,0.0,5.262195121951219
https://doi.org/10.1002/maco.201508508,0.02197802197802198,0.0,0.0,0.01098901098901099,0.3098433446125645,0.0,0.0,0.0,0.25,6.65934065934066
https://doi.org/10.1002/maco.201408172,0.061224489795918366,0.5,0.061224489795918366,0.0,0.27304261551550313,0.0,0.0,0.0,0.25,6.244897959183674
https://doi.org/10.1002/maco.201508659,0.013793103448275862,0.0,0.027586206896551724,0.013793103448275862,0.3126352263901555,0.0,0.0,0.0,0.125,6.0344827586206895
https://doi.org/10.1002/maco.201508339,0.012345679012345678,0.6666666666666666,0.09259259259259259,0.0,0.2970668991485423,0.0,0.16666666666666666,0.0,0.0,5.530864197530864
https://doi.org/10.1002/maco.201408091,0.06666666666666667,0.6,0.12222222222222222,0.0,0.3832930735702298,0.0,0.0,0.0,0.0,5.055555555555555
https://doi.org/10.1002/maco.201408146,0.020833333333333332,0.25,0.07291666666666667,0.0,0.23570226039551587,0.0,0.0,0.0,0.0,5.864583333333333
https://doi.org/10.1002/maco.201508545,0.027522935779816515,0.16666666666666666,0.03669724770642202,0.0,0.5406620586479841,0.0,0.0,0.0,0.0,6.064220183486238
https://doi.org/10.1002/maco.201508263,0.06315789473684211,0.5,0.010526315789473684,0.0,0.21954372225909694,0.0,0.0,0.0,0.0,5.863157894736842
https://doi.org/10.1002/maco.201508643,0.046296296296296294,1.0,0.05555555555555555,0.0,0.3302324907430927,0.0,0.25,0.0,0.0,5.444444444444445
https://doi.org/10.1002/maco.201508273,0.0297029702970297,0.6,0.009900990099009901,0.0,0.26270295369151686,0.0,0.0,0.0,0.0,5.435643564356436
https://doi.org/10.1002/maco.201508327,0.024,0.6666666666666666,0.048,0.0,0.209990475974507,0.0,0.0,0.0,0.0,6.032
https://doi.org/10.1002/maco.201508566,0.04411764705882353,0.6666666666666666,0.06372549019607843,0.0,0.340465791258536,0.0,0.0,0.0,0.0,5.171568627450981
https://doi.org/10.1002/maco.201508307,0.011235955056179775,0.375,0.05056179775280899,0.0,0.4326936969431394,0.0,0.125,0.0,0.0,6.646067415730337
https://doi.org/10.1002/maco.201508325,0.038461538461538464,0.25,0.0,0.0,0.22057244274468274,0.0,0.0,0.0,0.0,5.92948717948718
https://doi.org/10.1002/maco.201508442,0.013422818791946308,0.6666666666666666,0.026845637583892617,0.006711409395973154,0.3233339455153263,0.0,0.0,0.0,0.16666666666666666,5.630872483221476
https://doi.org/10.1002/maco.201408164,0.00980392156862745,0.0,0.029411764705882353,0.004901960784313725,0.5049733435167024,0.09090909090909091,0.0,0.0,0.09090909090909091,5.735294117647059
https://doi.org/10.1002/maco.201508390,0.02666666666666667,0.4,0.02666666666666667,0.0,0.14757295747452437,0.0,0.2,0.0,0.2,5.046666666666667
https://doi.org/10.1002/maco.201408124,0.0392156862745098,1.0,0.049019607843137254,0.0,0.4685412998175891,0.0,0.25,0.0,0.0,5.1568627450980395
https://doi.org/10.1002/maco.201508249,0.030534351145038167,0.5,0.015267175572519083,0.007633587786259542,0.20638940205489734,0.0,0.25,0.0,0.0,6.198473282442748
https://doi.org/10.1002/maco.201508320,0.021052631578947368,0.5,0.07368421052631578,0.0,0.18201701542937454,0.0,0.0,0.0,0.0,5.168421052631579
https://doi.org/10.1002/maco.201408169,0.02857142857142857,0.1111111111111111,0.009523809523809525,0.004761904761904762,0.402035636556294,0.0,0.1111111111111111,0.0,0.1111111111111111,5.395238095238096
https://doi.org/10.1002/maco.201408190,0.026905829596412557,0.7777777777777778,0.04932735426008968,0.004484304932735426,0.26552235592981993,0.0,0.0,0.0,0.0,5.641255605381166
https://doi.org/10.1002/maco.201508462,0.03571428571428571,0.14285714285714285,0.0,0.007142857142857143,0.17525491637693283,0.0,0.0,0.0,0.14285714285714285,5.857142857142857
https://doi.org/10.1002/maco.201408110,0.01718213058419244,0.8571428571428571,0.024054982817869417,0.003436426116838488,0.24289480477075318,0.0,0.8571428571428571,0.0,0.0,3.993127147766323
https://doi.org/10.1002/maco.201407969,0.015151515151515152,0.2,0.06060606060606061,0.007575757575757576,0.3073554965924363,0.0,0.2,0.0,0.2,6.037878787878788
https://doi.org/10.1002/maco.201570051,0.03636363636363636,0.07692307692307693,0.03636363636363636,0.0,0.8368904796513874,0.46153846153846156,0.0,0.0,0.0,5.012121212121212
https://doi.org/10.1002/maco.201570054,0.0,0.0,0.0,0.0,0.0,1.0,0.0,0.0,0.0,6.5
https://doi.org/10.1002/maco.201570101,0.046511627906976744,0.0,0.023255813953488372,0.0,0.630056613216003,0.3333333333333333,0.0,0.0,0.0,5.8604651162790695
https://doi.org/10.1002/maco.201570121,0.02112676056338028,0.25,0.04225352112676056,0.0,0.5639082033568339,0.125,0.0,0.0,0.0,5.429577464788732
https://doi.org/10.1002/maco.201570071,0.0273972602739726,0.125,0.02054794520547945,0.0,0.6596711850868222,0.25,0.0,0.0,0.0,5.945205479452055
https://doi.org/10.1002/maco.201570111,0.014388489208633094,0.125,0.03597122302158273,0.0,0.6580669566658963,0.25,0.125,0.0,0.0,5.39568345323741
https://doi.org/10.1002/maco.201570031,0.019230769230769232,0.3333333333333333,0.019230769230769232,0.0,0.9113842777748298,0.5833333333333334,0.0,0.0,0.0,5.3076923076923075
https://doi.org/10.1002/maco.201570021,0.03260869565217391,0.5,0.04891304347826087,0.0,0.6620627101235244,0.3333333333333333,0.0,0.0,0.0,5.559782608695652
https://doi.org/10.1002/maco.201570081,0.0423728813559322,0.2857142857142857,0.06779661016949153,0.0,0.6439562793733177,0.2857142857142857,0.14285714285714285,0.0,0.0,5.228813559322034
https://doi.org/10.1002/maco.201570024,0.013422818791946308,1.0,0.026845637583892617,0.0,0.0,0.0,1.0,0.0,0.0,6.060402684563758
https://doi.org/10.1002/maco.201570041,0.00974025974025974,0.2777777777777778,0.025974025974025976,0.0,0.8202406584227598,0.3888888888888889,0.1111111111111111,0.0,0.0,5.298701298701299
https://doi.org/10.1108/acmm-11-2015-1597,0.017964071856287425,0.125,0.0,0.005988023952095809,0.2024448084356523,0.0,0.0,0.0,0.0,5.970059880239521
https://doi.org/10.1108/acmm-11-2015-1605,0.021621621621621623,0.0,0.0,0.010810810810810811,0.28973174666502477,0.0,0.16666666666666666,0.0,0.0,5.34054054054054
https://doi.org/10.1108/acmm-11-2014-1461,0.013114754098360656,0.0,0.0,0.013114754098360656,0.2683121319680625,0.0,0.0,0.0,0.07142857142857142,6.147540983606557
https://doi.org/10.1108/acmm-10-2014-1444,0.014423076923076924,0.0,0.0,0.004807692307692308,0.348947063685078,0.0,0.0,0.0,0.0,5.9951923076923075
https://doi.org/10.1108/acmm-11-2015-1606,0.0,1.0,0.03278688524590164,0.01639344262295082,0.16515935802958923,0.0,0.0,0.0,0.0,5.778688524590164
https://doi.org/10.1108/acmm-10-2014-1443,0.017699115044247787,0.5384615384615384,0.014749262536873156,0.008849557522123894,0.38743143175704126,0.0,0.23076923076923078,0.0,0.07692307692307693,5.457227138643068
https://doi.org/10.1108/acmm-10-2014-1447,0.012987012987012988,0.35294117647058826,0.03896103896103896,0.004329004329004329,0.5390609966592146,0.17647058823529413,0.0,0.0,0.0,5.9523809523809526
https://doi.org/10.1108/acmm-01-2015-1485,0.027522935779816515,0.4,0.045871559633027525,0.01834862385321101,0.3388290883049429,0.0,0.0,0.0,0.0,6.110091743119266
https://doi.org/10.1108/acmm-05-2014-1384,0.0160857908847185,0.0,0.032171581769437,0.00804289544235925,0.2711090794682488,0.0,0.06666666666666667,0.0,0.06666666666666667,5.664879356568365
https://doi.org/10.1108/acmm-05-2014-1390,0.019417475728155338,0.2222222222222222,0.04854368932038835,0.0048543689320388345,0.41572221487391536,0.0,0.1111111111111111,0.0,0.1111111111111111,5.635922330097087
https://doi.org/10.1108/acmm-07-2014-1401,0.011811023622047244,0.0,0.04330708661417323,0.003937007874015748,0.3793445502502647,0.0,0.1111111111111111,0.0,0.0,6.2795275590551185
https://doi.org/10.1108/acmm-08-2013-1298,0.012711864406779662,0.5,0.07627118644067797,0.012711864406779662,0.5088981286780484,0.0,0.2,0.0,0.0,5.559322033898305
https://doi.org/10.1108/acmm-12-2014-1480,0.020491803278688523,0.5384615384615384,0.04918032786885246,0.004098360655737705,0.41436027437401207,0.0,0.0,0.0,0.07692307692307693,5.971311475409836
https://doi.org/10.1108/acmm-12-2014-1479,0.025252525252525252,0.5555555555555556,0.0,0.005050505050505051,0.48199920365414745,0.0,0.2222222222222222,0.0,0.0,5.7727272727272725
https://doi.org/10.1108/acmm-11-2014-1458,0.023529411764705882,0.1111111111111111,0.06470588235294118,0.0058823529411764705,0.5780291057194469,0.1111111111111111,0.2222222222222222,0.0,0.1111111111111111,6.2176470588235295
https://doi.org/10.1108/acmm-10-2014-1454,0.031746031746031744,0.7272727272727273,0.03968253968253968,0.003968253968253968,0.3373249291643398,0.0,0.18181818181818182,0.0,0.0,5.075396825396825
https://doi.org/10.1108/acmm-05-2015-1538,0.02586206896551724,0.6,0.031609195402298854,0.005747126436781609,0.4404714081921775,0.0,0.4,0.0,0.0,5.790229885057471
https://doi.org/10.1108/acmm-12-2014-1473,0.016286644951140065,0.4,0.03257328990228013,0.003257328990228013,0.3069676147239308,0.0,0.2,0.0,0.0,5.612377850162867
https://doi.org/10.1108/acmm-11-2015-1610,0.016,0.0,0.0,0.008,0.28722116913625984,0.0,0.0,0.0,0.0,6.264
https://doi.org/10.1108/acmm-01-2015-1483,0.007874015748031496,0.3333333333333333,0.047244094488188976,0.0026246719160104987,0.4914798908449524,0.0,0.2,0.0,0.06666666666666667,5.343832020997375
https://doi.org/10.1108/acmm-11-2014-1470,0.019305019305019305,0.15384615384615385,0.003861003861003861,0.007722007722007722,0.28288276577628113,0.0,0.0,0.0,0.07692307692307693,6.177606177606178
https://doi.org/10.1108/acmm-04-2014-1371,0.020689655172413793,0.0,0.041379310344827586,0.013793103448275862,0.24412234510934974,0.0,0.0,0.0,0.0,6.055172413793104
https://doi.org/10.1108/acmm-11-2015-1609,0.019801980198019802,0.3,0.024752475247524754,0.009900990099009901,0.27722772277227725,0.0,0.0,0.0,0.0,5.534653465346534
https://doi.org/10.1108/acmm-11-2014-1466,0.00949367088607595,0.0,0.0031645569620253164,0.00949367088607595,0.26777463039628074,0.0,0.07692307692307693,0.0,0.0,5.613924050632911
https://doi.org/10.1108/acmm-10-2015-1588,0.028735632183908046,0.625,0.0,0.005747126436781609,0.25573098231364355,0.0,0.0,0.0,0.0,6.264367816091954
https://doi.org/10.1108/acmm-01-2015-1489,0.02459016393442623,0.16666666666666666,0.0,0.00819672131147541,0.22656188460795496,0.0,0.0,0.0,0.0,5.885245901639344
https://doi.org/10.1108/acmm-09-2015-1573,0.0057670126874279125,0.5625,0.01384083044982699,0.00461361014994233,0.46442895746743096,0.09375,0.1875,0.0,0.0625,5.42560553633218
https://doi.org/10.1108/acmm-12-2015-1622,0.008928571428571428,0.0,0.0,0.004464285714285714,0.2955208779184887,0.0,0.42857142857142855,0.0,0.0,6.004464285714286
https://doi.org/10.1108/acmm-11-2015-1613,0.007246376811594203,0.16666666666666666,0.014492753623188406,0.007246376811594203,0.3969004039892508,0.0,0.16666666666666666,0.0,0.0,5.695652173913044
https://doi.org/10.1108/acmm-10-2014-1452,0.011627906976744186,0.14285714285714285,0.023255813953488372,0.011627906976744186,0.28847991232686687,0.0,0.14285714285714285,0.0,0.0,6.680232558139535
https://doi.org/10.1108/acmm-06-2014-1394,0.017543859649122806,0.6666666666666666,0.0,0.005847953216374269,0.46812856365355554,0.1111111111111111,0.1111111111111111,0.0,0.0,5.912280701754386
https://doi.org/10.1108/acmm-12-2014-1474,0.0040650406504065045,0.3333333333333333,0.052845528455284556,0.0,0.6043664240665302,0.0,0.2222222222222222,0.0,0.1111111111111111,4.699186991869919
https://doi.org/10.1108/acmm-11-2015-1608,0.06060606060606061,0.0,0.0,0.010101010101010102,0.5049494848464642,0.0,0.25,0.0,0.0,6.383838383838384
https://doi.org/10.1108/acmm-08-2014-1424,0.015873015873015872,0.5,0.08465608465608465,0.010582010582010581,0.4336365394637641,0.0,0.3333333333333333,0.0,0.0,5.724867724867725
https://doi.org/10.1108/acmm-01-2015-1500,0.01171875,0.2222222222222222,0.00390625,0.0078125,0.6564824737045537,0.1111111111111111,0.3333333333333333,0.0,0.0,5.28125
https://doi.org/10.1108/acmm-08-2014-1416,0.014084507042253521,0.7,0.014084507042253521,0.004694835680751174,0.45180323753085744,0.1,0.1,0.0,0.0,5.924882629107981
https://doi.org/10.1108/acmm-07-2014-1406,0.009259259259259259,0.2,0.032407407407407406,0.009259259259259259,0.39403560798061504,0.0,0.1,0.0,0.0,6.1342592592592595
https://doi.org/10.1108/acmm-09-2014-1426,0.0,0.0,0.01948051948051948,0.006493506493506494,0.38809228045412814,0.0,0.16666666666666666,0.0,0.0,6.5064935064935066
https://doi.org/10.1108/acmm-02-2015-1503,0.006060606060606061,0.1111111111111111,0.030303030303030304,0.012121212121212121,0.38910790107332177,0.0,0.0,0.0,0.1111111111111111,5.745454545454545
https://doi.org/10.1108/acmm-10-2014-1449,0.0,0.4,0.09285714285714286,0.02857142857142857,0.18070158058105026,0.0,0.0,0.0,0.0,6.292857142857143
https://doi.org/10.1108/acmm-04-2014-1370,0.024054982817869417,0.5555555555555556,0.013745704467353952,0.003436426116838488,0.44794971097732844,0.0,0.4444444444444444,0.0,0.0,5.041237113402062
https://doi.org/10.1108/acmm-09-2014-1439,0.03571428571428571,0.0,0.0,0.03571428571428571,0.0,0.0,0.0,0.0,0.0,5.142857142857143
https://doi.org/10.1108/acmm-10-2014-1441,0.03314917127071823,0.14285714285714285,0.0,0.0055248618784530384,0.22591213591448478,0.0,0.0,0.0,0.14285714285714285,5.906077348066298
https://doi.org/10.1108/acmm-04-2016-1662,0.0035971223021582736,0.7333333333333333,0.03597122302158273,0.0035971223021582736,0.36322030392415355,0.06666666666666667,0.0,0.0,0.0,5.428057553956834
https://doi.org/10.1108/acmm-10-2014-1448,0.13793103448275862,0.0,0.0,0.034482758620689655,0.0,0.0,0.0,0.0,0.0,5.758620689655173
https://doi.org/10.1108/acmm-11-2015-1615,0.010526315789473684,0.0,0.010526315789473684,0.010526315789473684,0.44009568337614463,0.0,0.5,0.0,0.0,5.88421052631579
https://doi.org/10.1108/acmm-11-2014-1460,0.01639344262295082,0.14285714285714285,0.11065573770491803,0.012295081967213115,0.3322453803198565,0.0,0.42857142857142855,0.0,0.0,5.725409836065574
https://doi.org/10.1108/acmm-09-2014-1427,0.013392857142857142,0.0,0.0,0.008928571428571428,0.4164487100006728,0.0,0.1111111111111111,0.0,0.0,6.138392857142857
https://doi.org/10.1108/acmm-04-2014-1377,0.014388489208633094,0.18181818181818182,0.017985611510791366,0.0035971223021582736,0.33323411735304925,0.0,0.18181818181818182,0.0,0.0,6.172661870503597
https://doi.org/10.1108/acmm-11-2015-1604,0.015267175572519083,0.5714285714285714,0.061068702290076333,0.007633587786259542,0.21127255729920683,0.0,0.0,0.0,0.0,6.320610687022901
https://doi.org/10.1108/acmm-11-2015-1614,0.012738853503184714,0.125,0.0,0.012738853503184714,0.2389171889619242,0.0,0.0,0.0,0.0,5.649681528662421
https://doi.org/10.1108/acmm-11-2015-1611,0.01834862385321101,0.0,0.0,0.0,0.13326457840673347,0.0,0.0,0.0,0.0,6.605504587155964
https://doi.org/10.1108/acmm-11-2015-1607,0.005780346820809248,0.16666666666666666,0.0,0.0,0.38848919305309954,0.0,0.16666666666666666,0.0,0.0,5.2485549132947975
https://doi.org/10.1108/acmm-08-2014-1419,0.023255813953488372,0.3333333333333333,0.07751937984496124,0.015503875968992248,0.32641090343298135,0.0,0.0,0.0,0.0,6.348837209302325
https://doi.org/10.1108/acmm-03-2015-1516,0.020833333333333332,0.125,0.025,0.004166666666666667,0.17795130420052185,0.0,0.125,0.0,0.0,6.266666666666667
https://doi.org/10.1108/acmm-11-2015-1612,0.00980392156862745,0.25,0.049019607843137254,0.00980392156862745,0.20092060325410976,0.0,0.0,0.0,0.0,5.696078431372549
https://doi.org/10.5006/1958,0.028169014084507043,0.0,0.0,0.004694835680751174,0.29925664845978006,0.0,0.125,0.0,0.125,5.981220657276995
https://doi.org/10.5006/2137,0.045871559633027525,0.0,0.027522935779816515,0.0,0.4563240409337941,0.0,0.2,0.0,0.0,5.743119266055046
https://doi.org/10.5006/2026,0.017857142857142856,0.7142857142857143,0.0,0.005952380952380952,0.3181045051401759,0.0,0.0,0.0,0.14285714285714285,5.559523809523809
https://doi.org/10.5006/1910,0.05128205128205128,0.4444444444444444,0.03076923076923077,0.0,0.22188007849009164,0.0,0.0,0.0,0.0,6.066666666666666
https://doi.org/10.5006/2107,0.01824817518248175,0.5454545454545454,0.029197080291970802,0.0036496350364963502,0.4194699419910834,0.09090909090909091,0.09090909090909091,0.0,0.0,5.536496350364963
https://doi.org/10.5006/2185,0.024,0.6,0.024,0.004,0.33561883141444854,0.1,0.0,0.0,0.0,6.04
https://doi.org/10.5006/1667,0.017964071856287425,0.4,0.0,0.0,0.33905120160220514,0.0,0.4,0.0,0.0,5.652694610778443
https://doi.org/10.5006/2261,0.011583011583011582,0.7272727272727273,0.0,0.003861003861003861,0.4765173319086181,0.0,0.09090909090909091,0.0,0.0,5.644787644787645
https://doi.org/10.5006/2097,0.0379746835443038,0.25,0.0,0.0,0.2758796799709287,0.0,0.0,0.0,0.0,5.8354430379746836
https://doi.org/10.5006/2121,0.00974025974025974,0.16666666666666666,0.032467532467532464,0.0,0.27793421505237265,0.0,0.08333333333333333,0.0,0.0,5.35064935064935
https://doi.org/10.5006/1967,0.026615969581749048,0.18181818181818182,0.011406844106463879,0.0,0.2635943728127303,0.0,0.09090909090909091,0.0,0.0,5.619771863117871
https://doi.org/10.5006/2246,0.03333333333333333,0.25,0.0,0.0,0.397994974842648,0.0,0.0,0.0,0.0,5.886666666666667
https://doi.org/10.5006/2249,0.02197802197802198,0.42857142857142855,0.0,0.0,0.3829634855654203,0.0,0.14285714285714285,0.0,0.0,6.532967032967033
https://doi.org/10.5006/2030,0.006134969325153374,0.625,0.006134969325153374,0.006134969325153374,0.28716637395014605,0.0,0.0,0.0,0.0,5.7607361963190185
https://doi.org/10.5006/2104,0.021212121212121213,0.3333333333333333,0.021212121212121213,0.006060606060606061,0.3514629010278298,0.0,0.25,0.0,0.0,5.927272727272728
https://doi.org/10.5006/2021,0.020618556701030927,0.5,0.041237113402061855,0.0,0.17586311452816475,0.0,0.0,0.0,0.0,6.618556701030927
https://doi.org/10.5006/2317,0.019704433497536946,0.5555555555555556,0.07881773399014778,0.0,0.4122655360178852,0.0,0.1111111111111111,0.0,0.0,5.699507389162561
https://doi.org/10.5006/2255,0.006211180124223602,0.2,0.0,0.0,0.16827598986514367,0.0,0.4,0.0,0.2,6.173913043478261
https://doi.org/10.5006/2141,0.05517241379310345,0.42857142857142855,0.07586206896551724,0.0,0.47909943263333526,0.0,0.14285714285714285,0.0,0.0,6.606896551724138
https://doi.org/10.5006/1893,0.0,0.625,0.010752688172043012,0.007168458781362007,0.3573999738831677,0.0,0.375,0.0,0.125,5.849462365591398
https://doi.org/10.5006/2274,0.010810810810810811,0.5,0.0,0.0,0.33517872427951345,0.0,0.16666666666666666,0.0,0.0,5.318918918918919
https://doi.org/10.5006/2177,0.02127659574468085,0.4,0.0070921985815602835,0.0,0.1757377545157995,0.0,0.0,0.0,0.0,5.6453900709219855
https://doi.org/10.5006/1920,0.0364963503649635,0.0,0.051094890510948905,0.0,0.41657030871183287,0.16666666666666666,0.0,0.16666666666666666,0.0,6.2846715328467155
https://doi.org/10.5006/2028,0.021505376344086023,0.25,0.06989247311827956,0.016129032258064516,0.32808916779338404,0.125,0.0,0.0,0.0,5.360215053763441
https://doi.org/10.5006/2057,0.015,0.75,0.0175,0.0,0.7823362448461658,0.08333333333333333,0.16666666666666666,0.0,0.0,4.7575
https://doi.org/10.5006/2282,0.017241379310344827,0.14285714285714285,0.0,0.005747126436781609,0.4728037655448996,0.0,0.14285714285714285,0.0,0.14285714285714285,5.166666666666667
https://doi.org/10.5006/2016,0.019157088122605363,0.4444444444444444,0.038314176245210725,0.0038314176245210726,0.4714045207910317,0.0,0.2222222222222222,0.0,0.3333333333333333,5.494252873563219
https://doi.org/10.5006/2175,0.013888888888888888,1.0,0.0,0.0,0.4863094833336554,0.0,0.4,0.0,0.2,5.101851851851852
https://doi.org/10.5006/2193,0.03225806451612903,0.125,0.043010752688172046,0.005376344086021506,0.4773757608693142,0.0,0.125,0.0,0.0,5.666666666666667
https://doi.org/10.5006/2277,0.019867549668874173,0.6666666666666666,0.033112582781456956,0.006622516556291391,0.25485935635621,0.0,0.16666666666666666,0.0,0.0,6.443708609271523
https://doi.org/10.5006/2299,0.02127659574468085,0.0,0.0,0.0,0.29533876935252146,0.0,0.5,0.0,0.16666666666666666,5.9787234042553195
https://doi.org/10.5006/2172,0.004098360655737705,0.8333333333333334,0.0,0.00819672131147541,0.3626991293415998,0.08333333333333333,0.0,0.0,0.08333333333333333,5.151639344262295
https://doi.org/10.5006/1982,0.024539877300613498,0.8333333333333334,0.018404907975460124,0.0,0.3732260410860154,0.0,0.16666666666666666,0.0,0.0,5.785276073619632
https://doi.org/10.5006/2059,0.004901960784313725,0.14285714285714285,0.029411764705882353,0.004901960784313725,0.13655282624690313,0.0,0.0,0.0,0.0,5.583333333333333
https://doi.org/10.5006/2078,0.023809523809523808,0.4,0.031746031746031744,0.003968253968253968,0.2860447823958746,0.0,0.1,0.0,0.0,5.765873015873016
https://doi.org/10.5006/2179,0.023809523809523808,0.5454545454545454,0.04285714285714286,0.0,0.5021495743414882,0.0,0.09090909090909091,0.0,0.0,5.680952380952381
https://doi.org/10.5006/2200,0.0297029702970297,1.0,0.04950495049504951,0.0,0.06103380200959384,0.0,0.3333333333333333,0.0,0.0,5.217821782178218
https://doi.org/10.5006/2254,0.10752688172043011,0.2,0.021505376344086023,0.0,0.2897245932324189,0.0,0.0,0.0,0.2,6.89247311827957
https://doi.org/10.5006/2052,0.017241379310344827,0.18181818181818182,0.021551724137931036,0.0,0.3602169382030376,0.0,0.09090909090909091,0.0,0.0,6.224137931034483
https://doi.org/10.5006/2187,0.009779951100244499,0.4444444444444444,0.03178484107579462,0.0,0.32066646184568753,0.05555555555555555,0.05555555555555555,0.0,0.0,5.9486552567237165
https://doi.org/10.5006/2079,0.03389830508474576,0.75,0.046610169491525424,0.0,0.4841646392232441,0.0,0.25,0.0,0.0,4.923728813559322
https://doi.org/10.5006/2203,0.03875968992248062,0.0,0.0,0.007751937984496124,0.5196690158788951,0.0,0.2,0.0,0.0,5.403100775193798
https://doi.org/10.5006/2198,0.029850746268656716,0.3333333333333333,0.05223880597014925,0.007462686567164179,0.3235743789355045,0.0,0.0,0.0,0.16666666666666666,5.268656716417911
https://doi.org/10.5006/2139,0.04819277108433735,0.0,0.0,0.0,0.13059929752216146,0.0,0.0,0.0,0.0,5.367469879518072
https://doi.org/10.5006/2045,0.015463917525773196,0.3,0.0,0.005154639175257732,0.47028844238998124,0.1,0.0,0.0,0.1,5.319587628865979
https://doi.org/10.5006/1956,0.03827751196172249,0.4166666666666667,0.009569377990430622,0.0,0.36648968689138134,0.08333333333333333,0.0,0.0,0.0,5.62200956937799
https://doi.org/10.5006/1926,0.01834862385321101,0.8,0.0,0.009174311926605505,0.3034465212576372,0.0,0.0,0.0,0.2,5.4036697247706424
https://doi.org/10.5006/1945,0.010582010582010581,0.0,0.021164021164021163,0.0,0.4321491530207992,0.0,0.125,0.0,0.0,6.031746031746032
https://doi.org/10.5006/1936,0.03608247422680412,0.3,0.015463917525773196,0.005154639175257732,0.32371790655891924,0.0,0.0,0.0,0.1,6.5
https://doi.org/10.5006/1955,0.03389830508474576,0.5,0.01694915254237288,0.01694915254237288,0.36509591912776296,0.0,0.0,0.0,0.0,5.601694915254237
https://doi.org/10.5006/1940,0.019704433497536946,0.08333333333333333,0.014778325123152709,0.0,0.3842048742865111,0.08333333333333333,0.0,0.0,0.16666666666666666,5.955665024630542
https://doi.org/10.5006/1957,0.01809954751131222,1.0,0.02262443438914027,0.0,0.1791192345057872,0.0,0.125,0.0,0.125,5.6289592760181
https://doi.org/10.5006/2136,0.04054054054054054,0.375,0.0,0.0045045045045045045,0.32966080114472046,0.0,0.375,0.0,0.125,5.900900900900901
https://doi.org/10.5006/2142,0.028,0.2727272727272727,0.008,0.004,0.4867525038456403,0.09090909090909091,0.09090909090909091,0.0,0.09090909090909091,5.436
https://doi.org/10.5006/1944,0.019801980198019802,0.16666666666666666,0.009900990099009901,0.0,0.31325330731794804,0.0,0.3333333333333333,0.0,0.0,5.896039603960396
https://doi.org/10.5006/2033,0.009389671361502348,0.0,0.0,0.0,0.5278089539533273,0.0,0.125,0.0,0.0,5.582159624413146
https://doi.org/10.5006/2035,0.03937007874015748,0.0,0.031496062992125984,0.007874015748031496,0.32139104932218193,0.0,0.0,0.0,0.2,5.582677165354331
https://doi.org/10.5006/2013,0.020161290322580645,0.5714285714285714,0.008064516129032258,0.008064516129032258,0.31606319261718424,0.0,0.42857142857142855,0.0,0.14285714285714285,5.306451612903226
https://doi.org/10.5006/2039,0.01834862385321101,0.4,0.0,0.009174311926605505,0.3820305103423305,0.0,0.0,0.0,0.0,5.513761467889908
https://doi.org/10.5006/2132,0.0425531914893617,0.25,0.0425531914893617,0.0,0.25971394927092983,0.0,0.0,0.0,0.0,6.085106382978723
https://doi.org/10.5006/2049,0.019736842105263157,0.14285714285714285,0.019736842105263157,0.0,0.32999832115748556,0.0,0.0,0.0,0.0,5.434210526315789
https://doi.org/10.5006/2108,0.026041666666666668,0.1111111111111111,0.0,0.0,0.19515618744994995,0.0,0.0,0.0,0.1111111111111111,6.125
https://doi.org/10.5006/2213,0.02880658436213992,0.5,0.00823045267489712,0.00411522633744856,0.3090806210802535,0.0,0.1,0.0,0.1,5.901234567901234
https://doi.org/10.5006/2252,0.01904761904761905,0.2,0.02857142857142857,0.009523809523809525,0.24093544077473367,0.0,0.0,0.0,0.0,6.161904761904762
https://doi.org/10.5006/1884,0.02608695652173913,0.3333333333333333,0.017391304347826087,0.0,0.1426192997117976,0.0,0.0,0.0,0.0,6.060869565217391
https://doi.org/10.5006/2212,0.021739130434782608,0.5,0.0,0.007246376811594203,0.21739130434782608,0.0,0.0,0.0,0.16666666666666666,5.7898550724637685
https://doi.org/10.5006/2063,0.01680672268907563,0.2,0.008403361344537815,0.0,0.3269760749301466,0.0,0.0,0.0,0.2,5.882352941176471
https://doi.org/10.5006/2086,0.019801980198019802,0.2,0.15841584158415842,0.0,0.16389054809155296,0.0,0.0,0.0,0.0,5.742574257425742
https://doi.org/10.5006/2233,0.02459016393442623,0.0,0.0,0.0,0.3007202676695761,0.0,0.0,0.0,0.0,6.0
https://doi.org/10.5006/2181,0.04065040650406504,0.6,0.0,0.016260162601626018,0.1138211382113821,0.0,0.0,0.0,0.2,5.544715447154472
https://doi.org/10.5006/2234,0.049019607843137254,0.4,0.0392156862745098,0.0,0.3155583713613938,0.0,0.0,0.0,0.0,5.823529411764706
https://doi.org/10.5006/2123,0.03296703296703297,0.3333333333333333,0.01098901098901099,0.01098901098901099,0.31887072809993205,0.0,0.3333333333333333,0.0,0.3333333333333333,5.395604395604396
https://doi.org/10.5006/2235,0.009771986970684038,0.18181818181818182,0.0,0.0,0.19110280317749354,0.0,0.0,0.0,0.18181818181818182,6.6677524429967425
https://doi.org/10.5006/1923,0.03125,0.0,0.0,0.0,0.2821167200823092,0.0,0.5,0.0,0.25,5.9375
https://doi.org/10.5006/1849,0.037815126050420166,0.625,0.046218487394957986,0.004201680672268907,0.4320177792950236,0.125,0.25,0.0,0.25,5.605042016806722
https://doi.org/10.5006/2103,0.019138755980861243,0.625,0.028708133971291867,0.009569377990430622,0.27895188224207484,0.0,0.125,0.0,0.0,5.861244019138756
https://doi.org/10.5006/2115,0.022727272727272728,0.5714285714285714,0.0,0.0,0.27426178150334474,0.0,0.14285714285714285,0.0,0.0,5.920454545454546
https://doi.org/10.5006/1600,0.016,0.25,0.056,0.0,0.2746925554142304,0.0,0.5,0.0,0.0,5.36
https://doi.org/10.5006/1637,0.025477707006369428,0.75,0.03821656050955414,0.006369426751592357,0.3101459572978306,0.0,0.75,0.0,0.25,5.222929936305732
https://doi.org/10.5006/2210,0.035211267605633804,0.16666666666666666,0.0,0.007042253521126761,0.2531295881072032,0.0,0.0,0.0,0.16666666666666666,5.838028169014085
https://doi.org/10.5006/2085,0.024844720496894408,0.15384615384615385,0.040372670807453416,0.0,0.34079517686034566,0.07692307692307693,0.07692307692307693,0.0,0.0,5.919254658385094
https://doi.org/10.5006/2257,0.039603960396039604,1.0,0.0,0.0,0.20459384475021608,0.0,0.0,0.0,0.0,5.3861386138613865
https://doi.org/10.5006/2000,0.019230769230769232,0.25,0.023076923076923078,0.007692307692307693,0.27989854459477315,0.0,0.375,0.0,0.0,5.203846153846154
https://doi.org/10.5006/2043,0.030120481927710843,0.25,0.0963855421686747,0.006024096385542169,0.3055113815206257,0.0,0.0,0.0,0.0,5.259036144578313
https://doi.org/10.5006/1995,0.024793388429752067,0.6,0.0,0.004132231404958678,0.41602356855051964,0.0,0.1,0.0,0.1,5.7272727272727275
https://doi.org/10.5006/2171,0.03529411764705882,0.25,0.03529411764705882,0.0,0.16428517698551695,0.0,0.0,0.0,0.0,5.870588235294117
https://doi.org/10.5006/2089,0.010638297872340425,0.3,0.005319148936170213,0.0,0.26036677128766844,0.0,0.0,0.0,0.0,5.904255319148936
https://doi.org/10.5006/1941,0.019230769230769232,0.5,0.028846153846153848,0.0,0.2954286826103311,0.0,0.375,0.0,0.0,5.788461538461538
https://doi.org/10.5006/2192,0.0,0.75,0.0,0.0,0.24743582965269675,0.0,0.0,0.0,0.0,5.123809523809523
https://doi.org/10.5006/2005,0.05357142857142857,0.625,0.0,0.005952380952380952,0.33077247593928105,0.0,0.0,0.0,0.0,6.0
https://doi.org/10.5006/2206,0.009146341463414634,0.23076923076923078,0.06707317073170732,0.006097560975609756,0.4220772052153532,0.0,0.15384615384615385,0.0,0.0,5.609756097560975
https://doi.org/10.5006/2186,0.016042780748663103,0.5714285714285714,0.03208556149732621,0.0,0.4142918491603543,0.0,0.14285714285714285,0.0,0.14285714285714285,5.278074866310161
https://doi.org/10.5006/2129,0.04310344827586207,0.4,0.0,0.0,0.19544455256473506,0.0,0.0,0.0,0.0,5.301724137931035
https://doi.org/10.5006/2084,0.0,0.5,0.05660377358490566,0.0,0.4401850803336935,0.0,0.625,0.0,0.0,5.230188679245283
https://doi.org/10.5006/2018,0.09574468085106383,0.75,0.0,0.0,0.14272774324466744,0.0,0.0,0.0,0.0,5.48936170212766
https://doi.org/10.5006/2162,0.02666666666666667,0.0,0.04,0.0,0.38952963087977444,0.0,0.14285714285714285,0.0,0.0,5.953333333333333
https://doi.org/10.5006/1803,0.03260869565217391,0.5,0.0,0.0,0.26624888508512806,0.0,0.0,0.0,0.0,5.989130434782608
https://doi.org/10.5006/2050,0.039473684210526314,0.6666666666666666,0.03289473684210526,0.0,0.3063275454427057,0.0,0.16666666666666666,0.0,0.0,5.8355263157894735
https://doi.org/10.5006/2118,0.02112676056338028,0.2857142857142857,0.014084507042253521,0.0,0.3309109894217107,0.0,0.0,0.0,0.0,6.154929577464789
https://doi.org/10.5006/2126,0.03787878787878788,0.2,0.06818181818181818,0.0,0.3692744729379982,0.0,0.2,0.0,0.0,5.606060606060606
https://doi.org/10.5006/2101,0.01834862385321101,0.5,0.022935779816513763,0.0045871559633027525,0.25606028875142867,0.0,0.0,0.0,0.0,5.307339449541284
https://doi.org/10.5006/2152,0.024193548387096774,0.5714285714285714,0.056451612903225805,0.008064516129032258,0.37653604935254037,0.0,0.0,0.0,0.14285714285714285,4.959677419354839
https://doi.org/10.5006/2037,0.02027027027027027,0.0,0.0,0.006756756756756757,0.3069680186919067,0.0,0.0,0.0,0.14285714285714285,5.72972972972973
https://doi.org/10.5006/2053,0.036036036036036036,0.25,0.0,0.0,0.19634679925858892,0.0,0.0,0.0,0.0,5.396396396396397
https://doi.org/10.5006/2065,0.012658227848101266,0.18181818181818182,0.008438818565400843,0.004219409282700422,0.43285463639602223,0.09090909090909091,0.18181818181818182,0.0,0.0,5.8734177215189876
https://doi.org/10.5006/2124,0.028455284552845527,0.5714285714285714,0.052845528455284556,0.0,0.38220030157863927,0.0,0.42857142857142855,0.0,0.0,4.760162601626016
https://doi.org/10.5006/2221,0.05982905982905983,0.7142857142857143,0.0,0.0,0.20026281220273473,0.0,0.14285714285714285,0.0,0.0,5.534188034188034
https://doi.org/10.5006/0010-9312-72.4.451,0.006666666666666667,0.4,0.008571428571428572,0.0009523809523809524,1.2677045515150496,0.16,0.44,0.08,0.12,5.525714285714286
https://doi.org/10.5006/2081,0.04225352112676056,0.8333333333333334,0.02112676056338028,0.0,0.37130778384405827,0.16666666666666666,0.0,0.0,0.0,5.809859154929577
https://doi.org/10.5006/2166,0.006024096385542169,0.75,0.0,0.006024096385542169,0.4362377588007632,0.125,0.0,0.0,0.0,5.228915662650603
https://doi.org/10.5006/2156,0.05194805194805195,0.0,0.0,0.0,0.4834937784152282,0.0,0.14285714285714285,0.0,0.14285714285714285,6.694805194805195
https://doi.org/10.5006/1994,0.008130081300813009,0.6,0.056910569105691054,0.008130081300813009,0.41062947314388265,0.0,0.2,0.0,0.0,4.861788617886178
https://doi.org/10.5006/2058,0.038461538461538464,0.8,0.06593406593406594,0.005494505494505495,0.2761501510577816,0.0,0.8,0.0,0.0,5.247252747252747
https://doi.org/10.5006/2292,0.0625,0.0,0.0625,0.0,0.0,0.0,0.0,0.0,0.0,5.1875
https://doi.org/10.5006/2230,0.02040816326530612,0.0,0.04081632653061224,0.0,0.27532117475983764,0.0,0.6666666666666666,0.0,0.0,5.23469387755102
https://doi.org/10.5006/2070,0.029239766081871343,0.6666666666666666,0.0,0.005847953216374269,0.24372708753420708,0.0,0.16666666666666666,0.0,0.0,6.187134502923977
https://doi.org/10.5006/2116,0.08333333333333333,0.0,0.08333333333333333,0.0,0.0,0.0,0.0,0.0,1.0,6.0
https://doi.org/10.1080/1478422x.2016.1142161,0.015037593984962405,0.14285714285714285,0.0,0.007518796992481203,0.3094603853722808,0.0,0.0,0.0,0.14285714285714285,6.43609022556391
https://doi.org/10.1080/1478422x.2016.1175773,0.03125,0.3333333333333333,0.1328125,0.0078125,0.41897148993099764,0.0,0.16666666666666666,0.0,0.16666666666666666,5.1953125
https://doi.org/10.1080/1478422x.2015.1117267,0.019801980198019802,0.8333333333333334,0.0297029702970297,0.0,0.28369403528503767,0.0,0.0,0.0,0.16666666666666666,6.2772277227722775
https://doi.org/10.1080/1478422x.2015.1131493,0.020618556701030927,0.2,0.041237113402061855,0.020618556701030927,0.4640320591722433,0.0,0.0,0.0,0.0,6.11340206185567
https://doi.org/10.1080/1478422x.2016.1141744,0.026041666666666668,0.5,0.026041666666666668,0.005208333333333333,0.2960973000739978,0.0,0.125,0.0,0.125,5.515625
https://doi.org/10.1080/1478422x.2016.1234803,0.006666666666666667,0.1111111111111111,0.04666666666666667,0.0,0.3358571124749333,0.0,0.0,0.0,0.0,5.793333333333333
https://doi.org/10.1080/1478422x.2015.1110963,0.03508771929824561,0.5,0.02631578947368421,0.008771929824561403,0.2683694480838308,0.0,0.0,0.0,0.16666666666666666,5.324561403508772
https://doi.org/10.1080/1478422x.2016.1158226,0.014184397163120567,0.3333333333333333,0.0,0.0,0.38981293854358284,0.0,0.0,0.0,0.0,5.404255319148936
https://doi.org/10.1080/1478422x.2015.1110373,0.055900621118012424,0.16666666666666666,0.031055900621118012,0.0,0.2882014349843523,0.0,0.16666666666666666,0.0,0.0,5.925465838509317
https://doi.org/10.1080/1478422x.2015.1124503,0.0440251572327044,0.6666666666666666,0.0,0.006289308176100629,0.25290527374695726,0.0,0.16666666666666666,0.0,0.16666666666666666,5.509433962264151
https://doi.org/10.1080/1478422x.2015.1131799,0.031578947368421054,0.5,0.12631578947368421,0.010526315789473684,0.4351584549177766,0.0,0.0,0.0,0.0,6.073684210526316
https://doi.org/10.1080/1478422x.2016.1173313,0.02531645569620253,0.0,0.06962025316455696,0.006329113924050633,0.2848804413905544,0.0,0.4,0.0,0.2,5.69620253164557
https://doi.org/10.1080/1478422x.2016.1167304,0.032,0.3333333333333333,0.0,0.0,0.2609521028848014,0.0,0.3333333333333333,0.0,0.3333333333333333,5.432
https://doi.org/10.1080/1478422x.2015.1122295,0.027522935779816515,0.2,0.0,0.0,0.41780908391690647,0.0,0.2,0.0,0.0,5.73394495412844
https://doi.org/10.1080/1478422x.2016.1144265,0.030927835051546393,0.4,0.05154639175257732,0.020618556701030927,0.25586955971115166,0.0,0.0,0.0,0.2,5.670103092783505
https://doi.org/10.1080/1478422x.2016.1209354,0.01834862385321101,0.3333333333333333,0.0,0.009174311926605505,0.30551973954764605,0.0,0.0,0.0,0.16666666666666666,6.587155963302752
https://doi.org/10.1080/1478422x.2015.1104065,0.02092050209205021,0.3,0.07531380753138076,0.0,0.45889873602909165,0.0,0.3,0.0,0.0,5.343096234309623
https://doi.org/10.1080/1478422x.2015.1104062,0.018867924528301886,0.4,0.009433962264150943,0.0,0.4094817814002019,0.2,0.0,0.0,0.2,6.30188679245283
https://doi.org/10.1080/1478422x.2016.1139319,0.03875968992248062,0.2,0.05426356589147287,0.007751937984496124,0.7169599770401156,0.2,0.4,0.0,0.0,5.124031007751938
https://doi.org/10.1080/1478422x.2016.1141546,0.037037037037037035,0.4,0.022222222222222223,0.007407407407407408,0.33701668640229115,0.0,0.2,0.0,0.0,5.607407407407408
https://doi.org/10.1080/1478422x.2016.1173420,0.0136986301369863,0.6,0.04794520547945205,0.00684931506849315,0.4296000487826499,0.0,0.4,0.0,0.2,5.465753424657534
https://doi.org/10.1080/1478422x.2016.1216661,0.0196078431372549,0.75,0.0,0.00980392156862745,0.31919256070783736,0.0,0.0,0.0,0.0,5.5
https://doi.org/10.1080/1478422x.2016.1173421,0.012658227848101266,0.0,0.0,0.012658227848101266,0.3470063332119696,0.0,0.2,0.0,0.2,5.563291139240507
https://doi.org/10.1080/1478422x.2015.1124598,0.014084507042253521,0.125,0.056338028169014086,0.0,0.3282022590910153,0.0,0.0,0.0,0.0,5.605633802816901
https://doi.org/10.1080/1478422x.2015.1114167,0.05263157894736842,0.25,0.05263157894736842,0.0,0.4328607409463598,0.0,0.25,0.0,0.0,5.2631578947368425
https://doi.org/10.1080/1478422x.2016.1166706,0.01507537688442211,0.1111111111111111,0.03015075376884422,0.010050251256281407,0.31220551893485565,0.0,0.0,0.0,0.0,5.562814070351759
https://doi.org/10.1080/1478422x.2016.1152747,0.03787878787878788,0.8333333333333334,0.13636363636363635,0.007575757575757576,0.2049658978555861,0.0,0.0,0.0,0.0,5.803030303030303
https://doi.org/10.1080/1478422x.2015.1120404,0.0410958904109589,0.2857142857142857,0.00684931506849315,0.00684931506849315,0.3527231010844858,0.14285714285714285,0.0,0.0,0.14285714285714285,6.589041095890411
https://doi.org/10.1080/1478422x.2016.1166594,0.011560693641618497,0.375,0.0,0.011560693641618497,0.26658618630289493,0.0,0.0,0.0,0.125,5.22543352601156
https://doi.org/10.1080/1478422x.2016.1174326,0.0,0.0,0.0,0.0,0.34789450154884394,0.0,0.0,0.0,0.0,5.8120805369127515
https://doi.org/10.1080/1478422x.2015.1110418,0.046357615894039736,0.25,0.006622516556291391,0.013245033112582781,0.22700843047685576,0.0,0.0,0.0,0.125,5.589403973509934
https://doi.org/10.1080/1478422x.2016.1179845,0.035211267605633804,0.8,0.02112676056338028,0.0,0.5788372560009724,0.0,0.2,0.0,0.0,6.359154929577465
https://doi.org/10.1080/1478422x.2016.1167303,0.07692307692307693,0.6,0.0,0.008547008547008548,0.15898354904049808,0.0,0.0,0.0,0.0,5.717948717948718
https://doi.org/10.1080/1478422x.2016.1223263,0.0684931506849315,0.4,0.0684931506849315,0.0,0.2980829472190267,0.0,0.2,0.0,0.2,5.0479452054794525
https://doi.org/10.1080/1478422x.2015.1137431,0.024509803921568627,0.375,0.07352941176470588,0.004901960784313725,0.311881837658566,0.0,0.125,0.0,0.25,4.823529411764706
https://doi.org/10.1080/1478422x.2015.1130296,0.0273972602739726,0.4,0.10273972602739725,0.0,0.34614462379433636,0.0,0.2,0.0,0.2,5.198630136986301
https://doi.org/10.1080/1478422x.2015.1104064,0.021052631578947368,0.375,0.04736842105263158,0.005263157894736842,0.2822544774271984,0.0,0.0,0.0,0.125,5.468421052631579
https://doi.org/10.1080/1478422x.2016.1185568,0.02127659574468085,0.8,0.0,0.0,0.2997660170979866,0.0,0.0,0.0,0.0,5.457446808510638
https://doi.org/10.1080/1478422x.2016.1172429,0.03278688524590164,0.125,0.0,0.0,0.3979327872270494,0.0,0.25,0.0,0.0,5.825136612021858
https://doi.org/10.1080/1478422x.2016.1187964,0.03428571428571429,1.0,0.0,0.005714285714285714,0.3684274358814827,0.0,0.3333333333333333,0.0,0.0,5.434285714285714
https://doi.org/10.1080/1478422x.2015.1110919,0.03571428571428571,0.25,0.0,0.0,0.35340905362437086,0.0,0.25,0.0,0.0,5.85
https://doi.org/10.1080/1478422x.2015.1136916,0.010101010101010102,0.18181818181818182,0.0,0.0,0.2529289702131094,0.0,0.0,0.0,0.0,6.181818181818182
https://doi.org/10.1080/1478422x.2016.1160607,0.010526315789473684,0.25,0.031578947368421054,0.0,0.24256249730111396,0.0,0.0,0.0,0.0,5.421052631578948
https://doi.org/10.1080/1478422x.2015.1104066,0.023076923076923078,0.5,0.0,0.0,0.6151922776348371,0.0,0.125,0.0,0.0,5.792307692307692
https://doi.org/10.1080/1478422x.2015.1104063,0.02,0.8333333333333334,0.0,0.0,0.2039607805437114,0.0,0.0,0.0,0.0,5.95
https://doi.org/10.1080/1478422x.2016.1173303,0.030303030303030304,0.6666666666666666,0.0,0.0,0.3927721635398704,0.3333333333333333,0.0,0.0,0.0,4.787878787878788
https://doi.org/10.1016/j.corsci.2016.02.018,0.02127659574468085,0.75,0.010638297872340425,0.010638297872340425,0.34766243911421685,0.0,0.25,0.0,0.0,5.968085106382978
https://doi.org/10.1016/j.corsci.2016.12.005,0.020833333333333332,0.6,0.0625,0.010416666666666666,0.4436570716468094,0.0,0.2,0.0,0.0,6.291666666666667
https://doi.org/10.1016/j.corsci.2016.03.003,0.0,0.25,0.0,0.0,0.2817659869838443,0.0,0.0,0.0,0.0,6.164948453608248
https://doi.org/10.1016/j.corsci.2016.05.022,0.04,0.5,0.02,0.0,0.22090722034374521,0.0,0.0,0.0,0.0,5.86
https://doi.org/10.1016/j.corsci.2016.01.028,0.030303030303030304,0.5714285714285714,0.010101010101010102,0.0,0.497724646252724,0.14285714285714285,0.0,0.0,0.0,5.1313131313131315
https://doi.org/10.1016/j.corsci.2016.08.001,0.01020408163265306,0.14285714285714285,0.0,0.0,0.5675891422519748,0.2857142857142857,0.0,0.0,0.0,5.683673469387755
https://doi.org/10.1016/j.corsci.2016.07.032,0.0,1.0,0.0,0.0,0.0,0.0,0.0,0.0,1.0,5.620689655172414
https://doi.org/10.1016/j.corsci.2016.11.010,0.023255813953488372,0.0,0.06976744186046512,0.0,0.20406893924167727,0.0,0.0,0.0,0.0,5.6395348837209305
https://doi.org/10.1016/j.corsci.2016.01.018,0.009900990099009901,0.6666666666666666,0.0297029702970297,0.0,0.08517153729745175,0.0,0.3333333333333333,0.0,0.0,5.0594059405940595
https://doi.org/10.1016/j.corsci.2016.10.007,0.03,0.0,0.0,0.01,0.2349468024894146,0.0,0.0,0.0,0.0,5.62
https://doi.org/10.1016/j.corsci.2016.04.009,0.044444444444444446,0.25,0.0,0.011111111111111112,0.35066075195687774,0.0,0.0,0.0,0.25,5.311111111111111
https://doi.org/10.1002/maco.201508783,0.0,1.0,0.030456852791878174,0.0,0.181325594918698,0.0,0.8,0.0,0.0,4.928934010152284
https://doi.org/10.1002/maco.201609201,0.04142011834319527,0.42857142857142855,0.029585798816568046,0.0,0.36408568196248897,0.0,0.14285714285714285,0.0,0.0,6.65680473372781
https://doi.org/10.1002/maco.201609075,0.024691358024691357,0.625,0.04938271604938271,0.012345679012345678,0.3507129064528837,0.0,0.0,0.0,0.125,4.401234567901234
https://doi.org/10.1002/maco.201608862,0.017142857142857144,0.3333333333333333,0.011428571428571429,0.0,0.40924021188100296,0.0,0.16666666666666666,0.0,0.16666666666666666,5.777142857142858
https://doi.org/10.1002/maco.201608843,0.05,0.0,0.0,0.0,0.26190408549696204,0.0,0.0,0.0,0.14285714285714285,6.08125
https://doi.org/10.1002/maco.201609102,0.02127659574468085,0.2857142857142857,0.010638297872340425,0.0,0.3612324860925456,0.0,0.2857142857142857,0.0,0.2857142857142857,5.287234042553192
https://doi.org/10.1002/maco.201508796,0.017543859649122806,0.8,0.005847953216374269,0.005847953216374269,0.2885121961062926,0.0,0.6,0.0,0.0,5.04093567251462
https://doi.org/10.1002/maco.201608831,0.0048543689320388345,0.4444444444444444,0.0,0.014563106796116505,0.2751189769962088,0.0,0.0,0.0,0.0,5.189320388349515
https://doi.org/10.1002/maco.201609041,0.050505050505050504,0.6,0.010101010101010102,0.010101010101010102,0.21991455613209335,0.0,0.0,0.0,0.2,6.03030303030303
https://doi.org/10.1002/maco.201609090,0.036231884057971016,0.5,0.050724637681159424,0.0,0.39291135396307125,0.0,0.16666666666666666,0.0,0.16666666666666666,5.608695652173913
https://doi.org/10.1002/maco.201508781,0.02877697841726619,0.6,0.0,0.007194244604316547,0.47580016586435836,0.0,0.2,0.0,0.0,4.892086330935252
https://doi.org/10.1002/maco.201609245,0.01904761904761905,0.25,0.02857142857142857,0.0,0.26444654051266325,0.0,0.0,0.0,0.0,6.123809523809523
https://doi.org/10.1002/maco.201609146,0.012618296529968454,0.3888888888888889,0.015772870662460567,0.00946372239747634,0.4345647712566668,0.1111111111111111,0.0,0.0,0.05555555555555555,4.927444794952681
https://doi.org/10.1002/maco.201608881,0.0,0.2857142857142857,0.04433497536945813,0.009852216748768473,0.3477706915216313,0.0,0.2857142857142857,0.0,0.14285714285714285,5.142857142857143
https://doi.org/10.1002/maco.201608893,0.02631578947368421,0.0,0.0,0.005263157894736842,0.35828152473931596,0.0,0.0,0.0,0.0,5.563157894736842
https://doi.org/10.1002/maco.201609104,0.028169014084507043,0.0,0.0,0.0,0.1562047395268932,0.0,0.0,0.0,0.0,7.352112676056338
https://doi.org/10.1002/maco.201609310,0.005434782608695652,0.375,0.0,0.0,0.24786422284763868,0.0,0.0,0.0,0.0,6.179347826086956
https://doi.org/10.1002/maco.201609173,0.03932584269662921,0.16666666666666666,0.0449438202247191,0.011235955056179775,0.3943804219052639,0.0,0.3333333333333333,0.0,0.16666666666666666,6.314606741573034
https://doi.org/10.1002/maco.201609141,0.014184397163120567,0.6,0.06382978723404255,0.0070921985815602835,0.2901740786592736,0.0,0.2,0.0,0.0,5.212765957446808
https://doi.org/10.1002/maco.201508795,0.030927835051546393,0.2,0.0,0.010309278350515464,0.3237179065589193,0.0,0.0,0.0,0.4,6.185567010309279
https://doi.org/10.1002/maco.201608969,0.030303030303030304,0.42857142857142855,0.015151515151515152,0.0,0.4738332051852088,0.0,0.14285714285714285,0.0,0.14285714285714285,6.159090909090909
https://doi.org/10.1002/maco.201508670,0.04,0.6666666666666666,0.04,0.0044444444444444444,0.2599145158615724,0.0,0.1111111111111111,0.0,0.2222222222222222,5.875555555555556
https://doi.org/10.1002/maco.201608841,0.014084507042253521,0.0,0.0,0.004694835680751174,0.2802781512976394,0.0,0.1111111111111111,0.0,0.2222222222222222,5.394366197183099
https://doi.org/10.1002/maco.201609307,0.03048780487804878,0.125,0.036585365853658534,0.006097560975609756,0.3344221756293192,0.0,0.0,0.0,0.125,5.536585365853658
https://doi.org/10.1002/maco.201609295,0.0891089108910891,0.25,0.0,0.009900990099009901,0.23659016129403013,0.0,0.0,0.0,0.25,5.702970297029703
https://doi.org/10.1002/maco.201508655,0.04,0.5,0.04,0.01,0.43220365569948616,0.16666666666666666,0.0,0.0,0.3333333333333333,5.14
https://doi.org/10.1002/maco.201609165,0.013245033112582781,0.375,0.033112582781456956,0.006622516556291391,0.5678011451489308,0.125,0.125,0.0,0.125,5.993377483443709
https://doi.org/10.1002/maco.201508598,0.020100502512562814,0.8,0.09547738693467336,0.005025125628140704,0.6972803191244517,0.0,0.6,0.0,0.0,5.472361809045226
https://doi.org/10.1002/maco.201608962,0.02586206896551724,0.0,0.0,0.008620689655172414,0.22546029018313823,0.0,0.0,0.0,0.0,5.362068965517241
https://doi.org/10.1002/maco.201609061,0.030927835051546393,0.6,0.0,0.0,0.24526551037876948,0.0,0.0,0.0,0.2,5.938144329896907
https://doi.org/10.1002/maco.201609149,0.0335195530726257,1.0,0.0,0.0,0.3789422990416005,0.0,0.16666666666666666,0.0,0.0,5.223463687150838
https://doi.org/10.1002/maco.201508727,0.008403361344537815,0.4,0.058823529411764705,0.0,0.23529411764705885,0.0,0.0,0.0,0.0,4.840336134453781
https://doi.org/10.1002/maco.201508758,0.005,0.5555555555555556,0.015,0.0,0.37215588131856797,0.0,0.0,0.0,0.0,4.99
https://doi.org/10.1002/maco.201508792,0.01020408163265306,0.0,0.04081632653061224,0.01020408163265306,0.3181317809820387,0.0,0.25,0.0,0.25,6.244897959183674
https://doi.org/10.1002/maco.201609139,0.043795620437956206,0.2857142857142857,0.0,0.0072992700729927005,0.43600538753483437,0.0,0.0,0.0,0.14285714285714285,5.525547445255475
https://doi.org/10.1002/maco.201608925,0.045112781954887216,0.2,0.022556390977443608,0.007518796992481203,0.18961684530704498,0.0,0.0,0.0,0.2,5.7293233082706765
https://doi.org/10.1002/maco.201609071,0.018518518518518517,0.5,0.027777777777777776,0.018518518518518517,0.3364055948997213,0.0,0.0,0.0,0.0,5.648148148148148
https://doi.org/10.1002/maco.201608837,0.008928571428571428,0.6666666666666666,0.03571428571428571,0.0,0.45276749619671786,0.0,0.2222222222222222,0.0,0.0,4.727678571428571
https://doi.org/10.1002/maco.201608844,0.017341040462427744,0.2857142857142857,0.017341040462427744,0.005780346820809248,0.20140175017554154,0.0,0.0,0.0,0.0,5.797687861271676
https://doi.org/10.1002/maco.201608954,0.016853932584269662,0.3333333333333333,0.0,0.0,0.2851365739426858,0.0,0.16666666666666666,0.0,0.0,6.370786516853933
https://doi.org/10.1002/maco.201508777,0.03529411764705882,0.25,0.0,0.011764705882352941,0.37184660304186135,0.0,0.0,0.0,0.125,5.8882352941176475
https://doi.org/10.1002/maco.201608942,0.023923444976076555,0.3,0.019138755980861243,0.004784688995215311,0.38483298502579705,0.0,0.0,0.0,0.1,5.2631578947368425
https://doi.org/10.1002/maco.201609048,0.05555555555555555,0.125,0.04938271604938271,0.0,0.359299560761858,0.0,0.0,0.0,0.0,5.518518518518518
https://doi.org/10.1002/maco.201609160,0.014705882352941176,0.5,0.014705882352941176,0.0,0.44991348649348106,0.0,0.25,0.0,0.5,4.639705882352941
https://doi.org/10.1002/maco.201609155,0.0125,0.5,0.01875,0.0125,0.23717082451262844,0.0,0.0,0.0,0.0,5.88125
https://doi.org/10.1002/maco.201609177,0.03414634146341464,0.8333333333333334,0.00975609756097561,0.004878048780487805,0.2244432599088262,0.0,0.3333333333333333,0.0,0.16666666666666666,5.439024390243903
https://doi.org/10.1002/maco.201609174,0.03225806451612903,0.6666666666666666,0.07741935483870968,0.0,0.3124206454916968,0.0,0.16666666666666666,0.0,0.0,5.683870967741935
https://doi.org/10.1002/maco.201609188,0.02142857142857143,0.6,0.03571428571428571,0.0,0.2901442287369986,0.0,0.2,0.0,0.0,6.114285714285714
https://doi.org/10.1002/maco.201508803,0.022388059701492536,0.3333333333333333,0.014925373134328358,0.0,0.2173167131128513,0.0,0.0,0.0,0.0,5.470149253731344
https://doi.org/10.1002/maco.201608978,0.06422018348623854,0.6,0.03669724770642202,0.0,0.42081999784145746,0.0,0.0,0.0,0.0,5.3577981651376145
https://doi.org/10.1002/maco.201609088,0.047619047619047616,0.3333333333333333,0.03571428571428571,0.005952380952380952,0.36421567954234174,0.0,0.0,0.0,0.2222222222222222,6.023809523809524
https://doi.org/10.1002/maco.201609047,0.01694915254237288,0.625,0.03389830508474576,0.005649717514124294,0.34081426286679484,0.0,0.0,0.0,0.0,5.045197740112994
https://doi.org/10.1002/maco.201609233,0.030927835051546393,0.75,0.020618556701030927,0.0,0.12499335724723856,0.0,0.0,0.0,0.0,5.402061855670103
https://doi.org/10.1002/maco.201508788,0.032432432432432434,0.5,0.010810810810810811,0.0,0.4639525932307333,0.0,0.125,0.0,0.0,5.713513513513513
https://doi.org/10.1002/maco.201608827,0.011494252873563218,0.6666666666666666,0.017241379310344827,0.005747126436781609,0.39692635976625307,0.0,0.0,0.0,0.1111111111111111,5.764367816091954
https://doi.org/10.1002/maco.201609067,0.02702702702702703,0.2857142857142857,0.0945945945945946,0.0,0.2920294970942474,0.0,0.0,0.0,0.0,5.547297297297297
https://doi.org/10.1002/maco.201508737,0.008928571428571428,1.0,0.008928571428571428,0.0,0.37880720420707903,0.0,0.5,0.0,0.0,5.035714285714286
https://doi.org/10.1002/maco.201508766,0.03076923076923077,0.1,0.0,0.0,0.3076923076923077,0.0,0.0,0.0,0.0,6.2615384615384615
https://doi.org/10.1002/maco.201608856,0.023952095808383235,0.5555555555555556,0.005988023952095809,0.0,0.33329149820540704,0.0,0.0,0.0,0.0,5.532934131736527
https://doi.org/10.1002/maco.201609058,0.01092896174863388,0.6,0.0,0.00546448087431694,0.21170896860995098,0.0,0.0,0.0,0.0,5.382513661202186
https://doi.org/10.1002/maco.201609301,0.01875,0.3333333333333333,0.05,0.00625,0.2666341125962693,0.0,0.16666666666666666,0.0,0.0,5.8125
https://doi.org/10.1002/maco.201608957,0.014925373134328358,0.2857142857142857,0.014925373134328358,0.0,0.28670705540744096,0.0,0.0,0.0,0.0,6.141791044776119
https://doi.org/10.1002/maco.201608917,0.011494252873563218,0.14285714285714285,0.05747126436781609,0.0,0.2951808284688795,0.0,0.14285714285714285,0.0,0.42857142857142855,5.775862068965517
https://doi.org/10.1002/maco.201508741,0.041379310344827586,0.5714285714285714,0.08275862068965517,0.006896551724137931,0.19940458337656497,0.0,0.0,0.0,0.14285714285714285,5.510344827586207
https://doi.org/10.1002/maco.201609083,0.018292682926829267,0.5,0.03048780487804878,0.006097560975609756,0.35575493038572736,0.0,0.3333333333333333,0.0,0.0,5.201219512195122
https://doi.org/10.1002/maco.201609030,0.01935483870967742,0.14285714285714285,0.0,0.0,0.2548182923629871,0.0,0.0,0.0,0.0,5.04516129032258
https://doi.org/10.1002/maco.201609159,0.06930693069306931,0.25,0.0297029702970297,0.0,0.9489984091610156,0.25,0.25,0.0,0.0,5.316831683168317
https://doi.org/10.1002/maco.201508799,0.05185185185185185,0.5,0.0,0.014814814814814815,0.24309391231736208,0.0,0.0,0.0,0.0,5.548148148148148
https://doi.org/10.1002/maco.201609018,0.045454545454545456,0.2,0.0,0.0,0.2335496832484569,0.0,0.0,0.0,0.0,6.863636363636363
https://doi.org/10.1002/maco.201609119,0.030864197530864196,1.0,0.030864197530864196,0.006172839506172839,0.3039144104960783,0.0,0.16666666666666666,0.0,0.16666666666666666,5.345679012345679
https://doi.org/10.1002/maco.201608918,0.018867924528301886,0.7272727272727273,0.04245283018867924,0.0,0.2599908260286919,0.0,0.0,0.0,0.0,5.466981132075472
https://doi.org/10.1002/maco.201609076,0.023809523809523808,0.5714285714285714,0.023809523809523808,0.0,0.24124895481858197,0.0,0.0,0.0,0.0,5.523809523809524
https://doi.org/10.1002/maco.201608848,0.03,0.0,0.015,0.005,0.28774989139876317,0.0,0.125,0.0,0.125,5.845
https://doi.org/10.1002/maco.201608929,0.01507537688442211,1.0,0.07537688442211055,0.0,0.4062589533951304,0.0,0.42857142857142855,0.0,0.0,4.57286432160804
https://doi.org/10.1002/maco.201608854,0.015873015873015872,1.0,0.023809523809523808,0.007936507936507936,0.4400290881152099,0.0,0.2,0.0,0.2,5.309523809523809
https://doi.org/10.1002/maco.201609045,0.03296703296703297,0.5714285714285714,0.027472527472527472,0.0,0.4490056639080077,0.0,0.2857142857142857,0.0,0.14285714285714285,5.538461538461538
https://doi.org/10.1002/maco.201609176,0.005235602094240838,0.42857142857142855,0.02617801047120419,0.005235602094240838,0.5612116102978687,0.0,0.2857142857142857,0.0,0.2857142857142857,5.476439790575916
https://doi.org/10.1002/maco.201508709,0.017699115044247787,0.8333333333333334,0.05309734513274336,0.0,0.247945588072954,0.0,0.0,0.0,0.0,5.911504424778761
https://doi.org/10.1002/maco.201508705,0.024691358024691357,0.8333333333333334,0.04938271604938271,0.006172839506172839,0.37098714077325234,0.0,0.3333333333333333,0.0,0.16666666666666666,5.796296296296297
https://doi.org/10.1002/maco.201508753,0.02127659574468085,0.6666666666666666,0.005319148936170213,0.005319148936170213,0.3073161026734955,0.0,0.0,0.0,0.1111111111111111,5.196808510638298
https://doi.org/10.1002/maco.201608863,0.020202020202020204,0.2,0.010101010101010102,0.0,0.44650577990505746,0.0,0.2,0.0,0.0,6.070707070707071
https://doi.org/10.1002/maco.201608979,0.027522935779816515,0.75,0.03669724770642202,0.0,0.37096452512212347,0.0,0.25,0.0,0.0,5.825688073394495
https://doi.org/10.1002/maco.201608968,0.017543859649122806,0.0,0.02631578947368421,0.0,0.35458566546329356,0.0,0.0,0.0,0.0,5.885964912280702
https://doi.org/10.1002/maco.201609247,0.030612244897959183,0.3,0.0,0.0,0.40380324362059955,0.0,0.1,0.0,0.0,5.311224489795919
https://doi.org/10.1002/maco.201508735,0.030303030303030304,0.75,0.10606060606060606,0.005050505050505051,0.22833645566580432,0.0,0.0,0.0,0.0,5.2272727272727275
https://doi.org/10.1002/maco.201609253,0.044444444444444446,0.8,0.044444444444444446,0.022222222222222223,0.09296222517045284,0.0,0.0,0.0,0.0,4.544444444444444
https://doi.org/10.1002/maco.201508778,0.0106951871657754,0.2,0.0106951871657754,0.0053475935828877,0.5062168908893633,0.1,0.0,0.0,0.1,5.422459893048129
https://doi.org/10.1002/maco.201508736,0.017543859649122806,0.3333333333333333,0.008771929824561403,0.0,0.25423467975770947,0.0,0.0,0.0,0.16666666666666666,5.675438596491228
https://doi.org/10.1002/maco.201608832,0.025477707006369428,0.0,0.07006369426751592,0.006369426751592357,0.15692592350006268,0.0,0.0,0.0,0.125,5.8152866242038215
https://doi.org/10.1002/maco.201508763,0.024193548387096774,0.25,0.016129032258064516,0.008064516129032258,0.35189393918179723,0.0,0.0,0.0,0.0,5.709677419354839
https://doi.org/10.1002/maco.201608855,0.025510204081632654,0.1,0.03571428571428571,0.00510204081632653,0.40956392327325464,0.0,0.0,0.0,0.1,5.903061224489796
https://doi.org/10.1002/maco.201608930,0.03827751196172249,0.2857142857142857,0.03349282296650718,0.014354066985645933,0.3795317132067356,0.0,0.14285714285714285,0.0,0.14285714285714285,5.3349282296650715
https://doi.org/10.1002/maco.201609091,0.013157894736842105,0.5,0.013157894736842105,0.0,0.2605130246476754,0.0,0.0,0.0,0.25,6.631578947368421
https://doi.org/10.1002/maco.201508693,0.011111111111111112,0.2857142857142857,0.0,0.005555555555555556,0.35624932315291985,0.0,0.14285714285714285,0.0,0.14285714285714285,5.144444444444445
https://doi.org/10.1002/maco.201608996,0.02912621359223301,0.5,0.009708737864077669,0.0,0.3552655235637279,0.0,0.25,0.0,0.0,4.854368932038835
https://doi.org/10.1002/maco.201508779,0.012121212121212121,0.3333333333333333,0.0,0.006060606060606061,0.2316547254983805,0.0,0.0,0.0,0.16666666666666666,5.684848484848485
https://doi.org/10.1002/maco.201609152,0.03333333333333333,0.25,0.04666666666666667,0.006666666666666667,0.360493488922554,0.0,0.125,0.0,0.0,6.333333333333333
https://doi.org/10.1002/maco.201508771,0.015706806282722512,0.375,0.005235602094240838,0.0,0.19582831632738265,0.0,0.0,0.0,0.0,5.130890052356021
https://doi.org/10.1002/maco.201608894,0.04,0.42857142857142855,0.0,0.0,0.21673947494630505,0.0,0.0,0.0,0.14285714285714285,6.024
https://doi.org/10.1002/maco.201609199,0.02112676056338028,0.5,0.014084507042253521,0.007042253521126761,0.38853842884883716,0.0,0.16666666666666666,0.0,0.0,5.697183098591549
https://doi.org/10.1002/maco.201609219,0.05,0.25,0.02,0.0,0.2315167380558045,0.0,0.0,0.0,0.0,6.23
https://doi.org/10.1002/maco.201608924,0.017341040462427744,0.3333333333333333,0.0,0.005780346820809248,0.1543471667377883,0.0,0.16666666666666666,0.0,0.16666666666666666,5.69364161849711
https://doi.org/10.1002/maco.201508764,0.024,0.4,0.016,0.008,0.2917533204609675,0.0,0.0,0.0,0.2,5.216
https://doi.org/10.1002/maco.201508638,0.02127659574468085,1.0,0.0,0.0,0.22483499977513982,0.0,0.0,0.0,0.0,4.0212765957446805
https://doi.org/10.1002/maco.201508774,0.007246376811594203,0.6153846153846154,0.014492753623188406,0.007246376811594203,0.4714323675891061,0.0,0.15384615384615385,0.0,0.0,5.11231884057971
https://doi.org/10.1002/maco.201508772,0.04225352112676056,0.2857142857142857,0.04225352112676056,0.007042253521126761,0.37330586706193164,0.14285714285714285,0.0,0.0,0.0,6.154929577464789
https://doi.org/10.1002/maco.201609158,0.04891304347826087,0.75,0.059782608695652176,0.010869565217391304,0.23109012636379675,0.0,0.0,0.0,0.125,4.929347826086956
https://doi.org/10.1002/maco.201508745,0.009708737864077669,0.75,0.0,0.0,0.3037764630516896,0.0,0.0,0.0,0.0,5.466019417475728
https://doi.org/10.1002/maco.201609182,0.04838709677419355,0.2857142857142857,0.03225806451612903,0.005376344086021506,0.2050072684401894,0.0,0.0,0.0,0.0,5.290322580645161
https://doi.org/10.1002/maco.201609200,0.006802721088435374,0.8,0.02040816326530612,0.0,0.19903046038541217,0.0,0.4,0.0,0.0,4.91156462585034
https://doi.org/10.1002/maco.201508785,0.02564102564102564,0.5,0.0641025641025641,0.00641025641025641,0.5393765119990418,0.0,0.16666666666666666,0.0,0.0,5.4743589743589745
https://doi.org/10.1002/maco.201508680,0.0603448275862069,0.75,0.02586206896551724,0.0,0.20400275114136607,0.0,0.25,0.0,0.0,5.189655172413793
https://doi.org/10.1002/maco.201608903,0.022727272727272728,0.5,0.0,0.0,0.3409090909090909,0.0,0.5,0.0,0.0,5.181818181818182
https://doi.org/10.1002/maco.201608935,0.028037383177570093,0.0,0.0,0.0,0.21637078322972383,0.0,0.0,0.0,0.0,5.509345794392523
https://doi.org/10.1002/maco.201608966,0.02631578947368421,1.0,0.14473684210526316,0.0,0.21459876881973802,0.0,0.0,0.0,0.0,5.302631578947368
https://doi.org/10.1002/maco.201608967,0.013513513513513514,0.4,0.0,0.006756756756756757,0.393171257458815,0.0,0.2,0.0,0.2,6.081081081081081
https://doi.org/10.1002/maco.201608998,0.02040816326530612,0.25,0.0,0.0,0.4595236836407225,0.0,0.25,0.0,0.0,4.714285714285714
https://doi.org/10.1002/maco.201609151,0.028846153846153848,0.25,0.0,0.0,0.27601346335398697,0.0,0.25,0.0,0.0,5.471153846153846
https://doi.org/10.1002/maco.201508686,0.026490066225165563,0.42857142857142855,0.006622516556291391,0.006622516556291391,0.5354008723551719,0.0,0.14285714285714285,0.0,0.14285714285714285,5.211920529801325
https://doi.org/10.1002/maco.201609024,0.0223463687150838,0.5,0.0223463687150838,0.0,0.3483902084395277,0.0,0.0,0.0,0.1,5.195530726256983
https://doi.org/10.1002/maco.201609110,0.047619047619047616,0.6666666666666666,0.08163265306122448,0.006802721088435374,0.25571355277840135,0.0,0.0,0.0,0.0,5.829931972789115
https://doi.org/10.1002/maco.201508733,0.024242424242424242,0.125,0.0,0.006060606060606061,0.4675316658643119,0.0,0.125,0.0,0.0,5.363636363636363
https://doi.org/10.1002/maco.201670024,0.0,0.0,0.0,0.0,0.0,1.0,0.0,0.0,0.0,10.5
https://doi.org/10.1002/maco.201609052,0.050505050505050504,0.5,0.010101010101010102,0.0,0.2943192380673427,0.0,0.0,0.0,0.0,5.737373737373737
https://doi.org/10.1002/maco.201508804,0.013986013986013986,0.16666666666666666,0.03496503496503497,0.006993006993006993,0.44365655735837484,0.0,0.16666666666666666,0.0,0.0,5.643356643356643
https://doi.org/10.1002/maco.201609163,0.016853932584269662,0.5,0.02247191011235955,0.0056179775280898875,0.3246782758831436,0.125,0.0,0.0,0.0,5.191011235955056
https://doi.org/10.1002/maco.201670051,0.06060606060606061,0.2857142857142857,0.10606060606060606,0.0,1.1588680712710875,0.5714285714285714,0.0,0.0,0.0,4.363636363636363
https://doi.org/10.1002/maco.201670011,0.008130081300813009,0.09090909090909091,0.0,0.0,0.8669122121994357,0.45454545454545453,0.0,0.0,0.0,4.650406504065041
https://doi.org/10.1002/maco.201609288,0.021505376344086023,0.0,0.0,0.005376344086021506,0.2785340612255617,0.0,0.0,0.0,0.1,5.258064516129032
https://doi.org/10.1002/maco.201670121,0.029411764705882353,0.5,0.08823529411764706,0.0,0.8823529411764706,0.5,0.0,0.0,0.0,6.588235294117647
https://doi.org/10.1002/maco.201670021,0.0,1.0,0.14285714285714285,0.0,0.0,0.0,1.0,0.0,0.0,5.8979591836734695
https://doi.org/10.1002/maco.201670124,0.010810810810810811,1.0,0.06486486486486487,0.0,0.0,0.0,1.0,0.0,0.0,5.945945945945946
https://doi.org/10.1002/maco.201670041,0.009708737864077669,0.4,0.019417475728155338,0.0,0.29061416596302453,0.0,0.0,0.4,0.0,6.514563106796117
https://doi.org/10.1002/maco.201670081,0.02962962962962963,0.16666666666666666,0.022222222222222223,0.0,0.2334215000976108,0.0,0.0,0.0,0.0,5.718518518518518
https://doi.org/10.1002/maco.201670071,0.029411764705882353,0.16666666666666666,0.022058823529411766,0.0,0.2329849929081597,0.0,0.0,0.0,0.0,5.676470588235294
https://doi.org/10.1002/maco.201670061,0.03067484662576687,0.4166666666666667,0.024539877300613498,0.012269938650306749,0.7857312714428875,0.4166666666666667,0.0,0.0,0.16666666666666666,5.0920245398773005
https://doi.org/10.1002/maco.201670101,0.009900990099009901,0.14285714285714285,0.019801980198019802,0.0,0.898975006955736,0.42857142857142855,0.0,0.0,0.0,5.633663366336633
https://doi.org/10.1002/maco.201670091,0.011235955056179775,0.2,0.011235955056179775,0.0,1.1518361096229728,0.6,0.0,0.0,0.0,5.617977528089888
https://doi.org/10.1002/maco.201670115,0.0,0.0,0.0,0.0,0.0,1.0,0.0,0.0,0.0,11.0
https://doi.org/10.1108/acmm-04-2017-1784,0.01977401129943503,0.21428571428571427,0.03672316384180791,0.002824858757062147,0.29497802219675967,0.0,0.14285714285714285,0.0,0.0,5.754237288135593
https://doi.org/10.1108/acmm-12-2015-1620,0.05555555555555555,0.7142857142857143,0.029411764705882353,0.013071895424836602,0.472581110654254,0.0,0.5714285714285714,0.0,0.0,6.133986928104576
https://doi.org/10.1108/acmm-10-2016-1716,0.019867549668874173,0.16666666666666666,0.033112582781456956,0.0,0.32069668908088084,0.0,0.16666666666666666,0.0,0.0,5.894039735099338
https://doi.org/10.1108/acmm-08-2016-1703,0.010471204188481676,0.6666666666666666,0.041884816753926704,0.005235602094240838,0.5503113442291482,0.1111111111111111,0.1111111111111111,0.0,0.0,5.109947643979058
https://doi.org/10.1108/acmm-11-2015-1594,0.022900763358778626,0.3333333333333333,0.03816793893129771,0.007633587786259542,0.24006389608421966,0.0,0.0,0.0,0.0,5.870229007633588
https://doi.org/10.1108/acmm-07-2015-1562,0.022900763358778626,0.5,0.061068702290076333,0.007633587786259542,0.4192917906827316,0.0,0.0,0.0,0.0,6.763358778625954
https://doi.org/10.1108/acmm-05-2016-1667,0.016042780748663103,0.2,0.0106951871657754,0.0106951871657754,0.2877780544828601,0.0,0.6,0.0,0.0,5.545454545454546
https://doi.org/10.1108/acmm-12-2016-1741,0.021739130434782608,0.08333333333333333,0.008695652173913044,0.008695652173913044,0.4461979690666956,0.0,0.0,0.0,0.08333333333333333,5.656521739130435
https://doi.org/10.1108/acmm-03-2017-1779,0.005494505494505495,0.0,0.0,0.01098901098901099,0.32450160571941544,0.0,0.0,0.0,0.2222222222222222,5.543956043956044
https://doi.org/10.1108/acmm-04-2016-1665,0.03550295857988166,0.6666666666666666,0.03550295857988166,0.005917159763313609,0.32468982055192774,0.0,0.25,0.0,0.0,5.674556213017752
https://doi.org/10.1108/acmm-01-2016-1640,0.0,0.4444444444444444,0.05092592592592592,0.004629629629629629,0.31365527196211707,0.0,0.1111111111111111,0.0,0.0,6.1342592592592595
https://doi.org/10.1108/acmm-12-2016-1737,0.022284122562674095,0.5,0.008356545961002786,0.002785515320334262,0.4207419234041484,0.0,0.125,0.0,0.0,5.554317548746518
https://doi.org/10.1108/acmm-11-2015-1599,0.02127659574468085,0.16666666666666666,0.0,0.00851063829787234,0.2563454550098559,0.0,0.6666666666666666,0.0,0.0,5.523404255319149
https://doi.org/10.1108/acmm-06-2015-1548,0.012345679012345678,0.09090909090909091,0.00411522633744856,0.00411522633744856,0.24297266533539938,0.0,0.09090909090909091,0.0,0.0,5.97119341563786
https://doi.org/10.1108/acmm-02-2016-1645,0.014150943396226415,0.5555555555555556,0.07075471698113207,0.009433962264150943,0.41840446908559786,0.0,0.1111111111111111,0.0,0.0,5.839622641509434
https://doi.org/10.1108/acmm-04-2017-1783,0.012,0.2727272727272727,0.0,0.008,0.2864402206394905,0.0,0.0,0.0,0.0,5.824
https://doi.org/10.1108/acmm-04-2017-1788,0.013333333333333334,0.3,0.08888888888888889,0.013333333333333334,0.23538778092205087,0.0,0.0,0.0,0.1,5.248888888888889
https://doi.org/10.1108/acmm-05-2016-1672,0.015748031496062992,0.38461538461538464,0.0,0.015748031496062992,0.3061767259090328,0.0,0.0,0.0,0.07692307692307693,6.125984251968504
https://doi.org/10.1108/acmm-11-2015-1592,0.013157894736842105,0.6666666666666666,0.039473684210526314,0.008771929824561403,0.4765992177967061,0.0,0.1111111111111111,0.0,0.1111111111111111,5.407894736842105
https://doi.org/10.1108/acmm-09-2016-1708,0.01327433628318584,0.1,0.04424778761061947,0.004424778761061947,0.3451327433628319,0.0,0.0,0.0,0.0,5.738938053097345
https://doi.org/10.1108/acmm-01-2017-1748,0.021645021645021644,0.25,0.03463203463203463,0.008658008658008658,0.13791802876254539,0.0,0.0,0.0,0.125,5.64935064935065
https://doi.org/10.1108/acmm-08-2016-1707,0.008710801393728223,0.2692307692307692,0.013937282229965157,0.0017421602787456446,0.2850761974785054,0.0,0.0,0.0,0.038461538461538464,5.67595818815331
https://doi.org/10.1108/acmm-02-2016-1646,0.02727272727272727,0.4375,0.01818181818181818,0.0030303030303030303,0.49767134504285826,0.0,0.125,0.0,0.0,5.739393939393939
https://doi.org/10.1108/acmm-03-2017-1769,0.022058823529411766,0.6,0.022058823529411766,0.007352941176470588,0.3140317132950386,0.0,0.0,0.0,0.0,6.095588235294118
https://doi.org/10.1108/acmm-03-2015-1513,0.01507537688442211,0.3333333333333333,0.04522613065326633,0.005025125628140704,0.5871445897076796,0.1111111111111111,0.1111111111111111,0.0,0.0,5.608040201005025
https://doi.org/10.1108/acmm-09-2016-1712,0.017766497461928935,0.46153846153846156,0.02030456852791878,0.01015228426395939,0.4797827116901508,0.0,0.3076923076923077,0.0,0.15384615384615385,5.134517766497462
https://doi.org/10.1108/acmm-12-2015-1617,0.01893939393939394,0.3333333333333333,0.0,0.003787878787878788,0.2091238445733676,0.0,0.0,0.0,0.0,5.393939393939394
https://doi.org/10.1108/acmm-03-2015-1512,0.009779951100244499,0.375,0.007334963325183374,0.0024449877750611247,0.5310015871361361,0.0,0.1875,0.0,0.0,5.481662591687042
https://doi.org/10.1108/acmm-04-2015-1528,0.028089887640449437,0.7142857142857143,0.056179775280898875,0.0056179775280898875,0.1936369431417313,0.0,0.0,0.0,0.0,4.977528089887641
https://doi.org/10.1108/acmm-02-2017-1760,0.015544041450777202,0.0625,0.0,0.0051813471502590676,0.40344698576312465,0.25,0.0,0.0,0.0,5.901554404145077
https://doi.org/10.1108/acmm-02-2017-1756,0.019867549668874173,0.125,0.013245033112582781,0.006622516556291391,0.30828508112072533,0.0,0.0,0.0,0.0,6.417218543046357
https://doi.org/10.1108/acmm-03-2015-1520,0.017316017316017316,0.18181818181818182,0.07792207792207792,0.004329004329004329,0.3132476625995765,0.0,0.0,0.0,0.0,5.437229437229437
https://doi.org/10.1108/acmm-02-2017-1764,0.013761467889908258,0.875,0.0,0.0045871559633027525,0.2968566915112557,0.0,0.25,0.0,0.0,5.518348623853211
https://doi.org/10.1108/acmm-01-2016-1634,0.03056768558951965,0.7,0.026200873362445413,0.008733624454148471,0.2652276792848946,0.0,0.0,0.0,0.0,5.5196506550218345
https://doi.org/10.1108/acmm-03-2017-1776,0.025,0.3,0.016666666666666666,0.008333333333333333,0.3814264163781936,0.0,0.3,0.0,0.0,5.520833333333333
https://doi.org/10.1108/acmm-10-2016-1722,0.012145748987854251,0.18181818181818182,0.004048582995951417,0.012145748987854251,0.4839030613606179,0.0,0.18181818181818182,0.0,0.09090909090909091,5.7368421052631575
https://doi.org/10.1108/acmm-02-2016-1647,0.022123893805309734,0.8571428571428571,0.0,0.008849557522123894,0.37924251924276325,0.0,0.2857142857142857,0.0,0.0,4.95575221238938
https://doi.org/10.1108/acmm-11-2015-1593,0.018018018018018018,0.3,0.05855855855855856,0.0045045045045045045,0.2833186521354304,0.0,0.0,0.0,0.0,5.400900900900901
https://doi.org/10.1108/acmm-02-2017-1755,0.0037593984962406013,0.13333333333333333,0.007518796992481203,0.0,0.3466809588992031,0.06666666666666667,0.0,0.0,0.0,6.578947368421052
https://doi.org/10.1108/acmm-11-2016-1734,0.01951219512195122,0.4,0.04878048780487805,0.00975609756097561,0.4418607563690583,0.1,0.0,0.0,0.0,5.414634146341464
https://doi.org/10.1108/acmm-05-2017-1797,0.008403361344537815,0.18181818181818182,0.07563025210084033,0.004201680672268907,0.6075171129949661,0.0,0.09090909090909091,0.0,0.0,6.2521008403361344
https://doi.org/10.1108/acmm-02-2017-1757,0.009345794392523364,0.5333333333333333,0.021806853582554516,0.006230529595015576,0.3654830997149524,0.0,0.06666666666666667,0.0,0.0,6.080996884735202
https://doi.org/10.1108/acmm-03-2015-1511,0.011904761904761904,0.25,0.1130952380952381,0.005952380952380952,0.32384453592227247,0.0,0.0,0.0,0.0,6.392857142857143
https://doi.org/10.1108/acmm-11-2015-1602,0.013761467889908258,0.375,0.0,0.013761467889908258,0.32707419210964933,0.0,0.25,0.0,0.0,5.532110091743119
https://doi.org/10.1108/acmm-12-2015-1618,0.007194244604316547,0.9090909090909091,0.03237410071942446,0.0035971223021582736,0.2694722417313387,0.0,0.09090909090909091,0.0,0.0,5.266187050359712
https://doi.org/10.1108/acmm-08-2016-1700,0.0,0.3111111111111111,0.003205128205128205,0.0,0.7399161854821541,0.3333333333333333,0.0,0.0,0.0,5.381410256410256
https://doi.org/10.1108/acmm-02-2017-1766,0.022222222222222223,0.0,0.011111111111111112,0.005555555555555556,0.410885824157791,0.0,0.14285714285714285,0.0,0.0,6.0055555555555555
https://doi.org/10.1108/acmm-03-2016-1654,0.019704433497536946,0.16666666666666666,0.029556650246305417,0.0049261083743842365,0.136959987925693,0.0,0.3333333333333333,0.0,0.0,6.0
https://doi.org/10.1108/acmm-03-2015-1519,0.02877697841726619,0.5,0.014388489208633094,0.007194244604316547,0.3674702960898455,0.0,0.16666666666666666,0.0,0.0,5.892086330935252
https://doi.org/10.1108/acmm-02-2015-1507,0.020618556701030927,0.2,0.10309278350515463,0.0,0.16169471279750644,0.0,0.0,0.0,0.0,6.391752577319588
https://doi.org/10.1108/acmm-04-2017-1780,0.01509433962264151,0.6363636363636364,0.0,0.0037735849056603774,0.22835645691180784,0.0,0.0,0.0,0.0,5.754716981132075
https://doi.org/10.1108/acmm-12-2015-1627,0.014598540145985401,0.3076923076923077,0.029197080291970802,0.0072992700729927005,0.5359622943932175,0.07692307692307693,0.15384615384615385,0.0,0.07692307692307693,5.357664233576642
https://doi.org/10.1108/acmm-03-2015-1522,0.007352941176470588,0.375,0.07352941176470588,0.007352941176470588,0.4117647058823529,0.0,0.0,0.0,0.0,5.654411764705882
https://doi.org/10.1108/acmm-10-2015-1581,0.03773584905660377,0.5,0.05660377358490566,0.006289308176100629,0.3443073130357483,0.0,0.16666666666666666,0.0,0.16666666666666666,5.716981132075472
https://doi.org/10.1108/acmm-02-2016-1648,0.0038314176245210726,0.0,0.0,0.007662835249042145,0.4340000156268421,0.125,0.5,0.0,0.125,6.157088122605364
https://doi.org/10.1108/acmm-11-2016-1726,0.03076923076923077,0.25,0.038461538461538464,0.0,0.3689101171779015,0.125,0.0,0.0,0.0,6.246153846153846
https://doi.org/10.1108/acmm-04-2016-1666,0.01932367149758454,0.2,0.03864734299516908,0.004830917874396135,0.30785495587159073,0.0,0.0,0.0,0.0,6.009661835748792
https://doi.org/10.1108/acmm-10-2016-1725,0.034482758620689655,0.2,0.02586206896551724,0.004310344827586207,0.26835142097023074,0.0,0.1,0.0,0.1,6.211206896551724
https://doi.org/10.1108/acmm-02-2016-1649,0.00684931506849315,0.6,0.02054794520547945,0.00684931506849315,0.09290862990582559,0.0,0.0,0.0,0.0,6.212328767123288
https://doi.org/10.1108/acmm-08-2015-1564,0.007434944237918215,0.5555555555555556,0.01858736059479554,0.01486988847583643,0.6054117635880812,0.0,0.3333333333333333,0.0,0.2222222222222222,5.4535315985130115
https://doi.org/10.1108/acmm-02-2016-1650,0.014814814814814815,0.8333333333333334,0.0,0.007407407407407408,0.3733950566260314,0.0,0.16666666666666666,0.0,0.0,5.651851851851852
https://doi.org/10.1108/acmm-09-2015-1576,0.010830324909747292,0.6666666666666666,0.05415162454873646,0.0036101083032490976,0.25435256250987054,0.0,0.3333333333333333,0.0,0.0,5.740072202166065
https://doi.org/10.1108/acmm-11-2015-1595,0.016597510373443983,0.14285714285714285,0.016597510373443983,0.008298755186721992,0.2502731759336136,0.0,0.2857142857142857,0.0,0.0,5.780082987551867
https://doi.org/10.1108/acmm-06-2016-1678,0.005235602094240838,0.6363636363636364,0.005235602094240838,0.015706806282722512,0.41982869521946503,0.09090909090909091,0.0,0.0,0.0,5.0942408376963355
https://doi.org/10.1108/acmm-11-2015-1591,0.013824884792626729,0.25,0.009216589861751152,0.004608294930875576,0.26676415923329594,0.0,0.125,0.0,0.0,5.691244239631336
https://doi.org/10.1108/acmm-05-2016-1677,0.03208556149732621,0.125,0.0,0.016042780748663103,0.3765784361809252,0.0,0.125,0.0,0.0,5.828877005347594
https://doi.org/10.1108/acmm-04-2016-1660,0.0379746835443038,0.125,0.0,0.006329113924050633,0.20213568889457356,0.0,0.0,0.0,0.0,5.537974683544304
https://doi.org/10.1108/acmm-02-2016-1643,0.012224938875305624,0.3333333333333333,0.061124694376528114,0.0024449877750611247,0.29841874586777356,0.0,0.05555555555555555,0.0,0.05555555555555555,5.49877750611247
https://doi.org/10.1108/acmm-05-2016-1674,0.0199501246882793,0.5882352941176471,0.004987531172069825,0.007481296758104738,0.6009612886304722,0.0,0.17647058823529413,0.0,0.0,5.012468827930174
https://doi.org/10.1108/acmm-10-2016-1719,0.013953488372093023,0.8888888888888888,0.013953488372093023,0.013953488372093023,0.4229746063028709,0.0,0.1111111111111111,0.0,0.0,5.837209302325581
https://doi.org/10.1108/acmm-09-2016-1709,0.02464788732394366,0.26666666666666666,0.04225352112676056,0.0035211267605633804,0.5879754551728643,0.0,0.06666666666666667,0.0,0.0,5.397887323943662
https://doi.org/10.1108/acmm-09-2016-1713,0.013089005235602094,0.5333333333333333,0.007853403141361256,0.007853403141361256,0.23291074784853635,0.0,0.0,0.0,0.13333333333333333,5.43455497382199
https://doi.org/10.1108/acmm-07-2016-1688,0.03048780487804878,0.0,0.0,0.012195121951219513,0.2589848851414061,0.0,0.0,0.0,0.0,5.926829268292683
https://doi.org/10.1108/acmm-05-2016-1673,0.016042780748663103,0.4,0.0,0.0053475935828877,0.5050858049248502,0.0,0.1,0.0,0.0,5.978609625668449
https://doi.org/10.1108/acmm-01-2016-1628,0.003703703703703704,0.5,0.12962962962962962,0.011111111111111112,0.5149613433891763,0.0,0.08333333333333333,0.0,0.08333333333333333,5.892592592592592
https://doi.org/10.1108/acmm-03-2015-1509,0.01607717041800643,0.18181818181818182,0.00964630225080386,0.003215434083601286,0.5156738314271242,0.0,0.36363636363636365,0.0,0.09090909090909091,5.787781350482315
https://doi.org/10.1108/acmm-10-2015-1582,0.0425531914893617,0.0,0.0,0.0070921985815602835,0.39640251382928,0.0,0.2,0.0,0.0,6.475177304964539
https://doi.org/10.1108/acmm-05-2015-1540,0.02304147465437788,0.3,0.009216589861751152,0.004608294930875576,0.27576708387792037,0.0,0.0,0.0,0.0,6.216589861751152
https://doi.org/10.1108/acmm-09-2015-1577,0.019138755980861243,0.0,0.0,0.009569377990430622,0.19570489316954603,0.0,0.5,0.0,0.16666666666666666,5.985645933014354
https://doi.org/10.1108/acmm-05-2016-1675,0.030303030303030304,0.3333333333333333,0.030303030303030304,0.007575757575757576,0.39886201760873286,0.0,0.16666666666666666,0.0,0.16666666666666666,5.636363636363637
https://doi.org/10.1108/acmm-03-2016-1658,0.018633540372670808,0.0,0.0,0.012422360248447204,0.3703863730652316,0.0,0.14285714285714285,0.0,0.0,6.012422360248447
https://doi.org/10.1108/acmm-11-2016-1732,0.011494252873563218,0.4,0.022988505747126436,0.005747126436781609,0.3818272469396113,0.0,0.4,0.0,0.0,5.563218390804598
https://doi.org/10.1108/acmm-01-2016-1631,0.012396694214876033,0.0,0.004132231404958678,0.004132231404958678,0.35102083605942647,0.0,0.1,0.0,0.0,5.75206611570248
https://doi.org/10.1108/acmm-02-2017-1761,0.015384615384615385,0.08333333333333333,0.041025641025641026,0.010256410256410256,0.331513771464492,0.0,0.0,0.0,0.0,5.9282051282051285
https://doi.org/10.1108/acmm-02-2017-1754,0.04205607476635514,0.3333333333333333,0.014018691588785047,0.004672897196261682,0.39441024011232134,0.0,0.1111111111111111,0.0,0.1111111111111111,5.925233644859813
https://doi.org/10.1108/acmm-06-2015-1554,0.015384615384615385,0.25,0.012307692307692308,0.0,0.3745640463953675,0.0,0.3333333333333333,0.0,0.0,5.618461538461538
https://doi.org/10.1108/acmm-05-2016-1669,0.00749063670411985,0.0,0.0,0.00749063670411985,0.36839542271359554,0.0,0.08333333333333333,0.0,0.0,5.846441947565543
https://doi.org/10.1108/acmm-12-2015-1623,0.01818181818181818,0.0,0.0,0.01818181818181818,0.2502523978431828,0.0,0.0,0.0,0.0,5.8545454545454545
https://doi.org/10.5006/2365,0.053763440860215055,1.0,0.07526881720430108,0.0,0.21370545069195473,0.0,0.0,0.0,0.0,6.096774193548387
https://doi.org/10.5006/2563,0.020942408376963352,0.0,0.0,0.0,0.3813732743764254,0.1111111111111111,0.1111111111111111,0.0,0.2222222222222222,5.895287958115183
https://doi.org/10.5006/2458,0.021621621621621623,0.125,0.0,0.0,0.2010200430463465,0.0,0.0,0.0,0.0,5.789189189189189
https://doi.org/10.5006/2506,0.041666666666666664,0.6,0.052083333333333336,0.0,0.2860318795363746,0.0,0.0,0.0,0.0,5.760416666666667
https://doi.org/10.5006/2615,0.06086956521739131,0.14285714285714285,0.0,0.0,0.4483112610313128,0.2857142857142857,0.0,0.0,0.14285714285714285,5.71304347826087
https://doi.org/10.5006/2242,0.035211267605633804,0.0,0.0,0.0,0.2246909314583636,0.0,0.0,0.0,0.0,5.549295774647887
https://doi.org/10.5006/2354,0.022988505747126436,0.5,0.034482758620689655,0.0,0.21411420701376044,0.0,0.0,0.0,0.0,5.885057471264368
https://doi.org/10.5006/2334,0.022123893805309734,0.375,0.0,0.0,0.4096685663399188,0.0,0.25,0.0,0.0,6.128318584070796
https://doi.org/10.5006/2454,0.012919896640826873,0.6666666666666666,0.0,0.00516795865633075,0.45183448050427694,0.0,0.06666666666666667,0.0,0.13333333333333333,5.37984496124031
https://doi.org/10.5006/2497,0.014925373134328358,0.42857142857142855,0.022388059701492536,0.0,0.308958829022156,0.0,0.0,0.0,0.0,6.208955223880597
https://doi.org/10.5006/2415,0.04316546762589928,0.5,0.0,0.0,0.20156727663484747,0.0,0.0,0.0,0.16666666666666666,5.913669064748201
https://doi.org/10.5006/2581,0.04132231404958678,0.2,0.0,0.0,0.16404490282048934,0.0,0.0,0.0,0.0,5.578512396694215
https://doi.org/10.5006/2470,0.019230769230769232,0.8571428571428571,0.13942307692307693,0.0,0.3596462347935585,0.0,0.2857142857142857,0.0,0.14285714285714285,5.447115384615385
https://doi.org/10.5006/2328,0.03017241379310345,0.3333333333333333,0.0,0.0,0.36746795665426063,0.1111111111111111,0.0,0.0,0.0,5.331896551724138
https://doi.org/10.5006/2385,0.023622047244094488,0.14285714285714285,0.0,0.007874015748031496,0.14260449036436876,0.0,0.0,0.0,0.0,6.3858267716535435
https://doi.org/10.5006/2723,0.011363636363636364,0.8571428571428571,0.028409090909090908,0.0,0.22541857300997015,0.0,0.0,0.0,0.0,6.409090909090909
https://doi.org/10.5006/2418,0.025,1.0,0.0625,0.025,0.20841665000666332,0.0,0.0,0.0,0.0,6.2
https://doi.org/10.5006/2247,0.034722222222222224,0.4,0.034722222222222224,0.0,0.2359067743258754,0.0,0.2,0.0,0.0,5.604166666666667
https://doi.org/10.5006/2620,0.012987012987012988,0.0,0.045454545454545456,0.012987012987012988,0.2782374712419292,0.0,0.0,0.0,0.125,6.058441558441558
https://doi.org/10.5006/2366,0.031746031746031744,0.4444444444444444,0.042328042328042326,0.010582010582010581,0.3633499410241142,0.0,0.1111111111111111,0.0,0.0,5.62962962962963
https://doi.org/10.5006/2523,0.029940119760479042,0.25,0.0,0.011976047904191617,0.4254026404529673,0.0,0.0,0.0,0.0,5.688622754491018
https://doi.org/10.5006/2222,0.0036496350364963502,0.18181818181818182,0.025547445255474453,0.0072992700729927005,0.38026324898193004,0.0,0.18181818181818182,0.0,0.09090909090909091,5.627737226277373
https://doi.org/10.5006/2504,0.009174311926605505,0.6923076923076923,0.03058103975535168,0.0030581039755351682,0.42010825103545923,0.0,0.15384615384615385,0.0,0.3076923076923077,5.4525993883792045
https://doi.org/10.5006/2541,0.018691588785046728,0.3333333333333333,0.014018691588785047,0.0,0.385846642118561,0.0,0.1111111111111111,0.0,0.0,5.672897196261682
https://doi.org/10.5006/2308,0.021806853582554516,0.8181818181818182,0.037383177570093455,0.0,0.3947422819054743,0.0,0.18181818181818182,0.0,0.0,5.685358255451713
https://doi.org/10.5006/2586,0.006289308176100629,0.2857142857142857,0.0,0.018867924528301886,0.19221014830108332,0.0,0.0,0.0,0.14285714285714285,5.352201257861635
https://doi.org/10.5006/2568,0.036734693877551024,0.1,0.0326530612244898,0.004081632653061225,0.3459770584127484,0.0,0.1,0.0,0.3,5.689795918367347
https://doi.org/10.5006/2422,0.01818181818181818,1.0,0.006060606060606061,0.006060606060606061,0.3076615793090195,0.0,0.16666666666666666,0.0,0.0,5.078787878787879
https://doi.org/10.5006/2392,0.055900621118012424,0.14285714285714285,0.0,0.0,0.5139165116382014,0.0,0.14285714285714285,0.0,0.0,5.726708074534161
https://doi.org/10.5006/2451,0.04081632653061224,0.16666666666666666,0.0,0.0,0.21565806100880758,0.0,0.0,0.0,0.0,5.340136054421769
https://doi.org/10.5006/2280,0.025974025974025976,0.5555555555555556,0.0,0.0,0.3956245769279952,0.0,0.2222222222222222,0.0,0.1111111111111111,5.251082251082251
https://doi.org/10.5006/2565,0.03333333333333333,0.42857142857142855,0.016666666666666666,0.011111111111111112,0.38030202422499626,0.0,0.2857142857142857,0.0,0.14285714285714285,5.6722222222222225
https://doi.org/10.5006/2224,0.020202020202020204,0.0,0.0,0.0,0.3480087510495397,0.0,0.25,0.0,0.25,6.151515151515151
https://doi.org/10.5006/2705,0.016877637130801686,0.7777777777777778,0.0,0.004219409282700422,0.23613617855921054,0.0,0.1111111111111111,0.0,0.0,4.970464135021097
https://doi.org/10.5006/2436,0.05309734513274336,0.25,0.10619469026548672,0.0,0.24444650118465722,0.0,0.25,0.0,0.0,5.0
https://doi.org/10.5006/2433,0.0425531914893617,0.0,0.0,0.0070921985815602835,0.3998767477733461,0.0,0.5,0.0,0.25,5.695035460992908
https://doi.org/10.5006/2555,0.030456852791878174,0.14285714285714285,0.0,0.005076142131979695,0.19033840872337743,0.0,0.14285714285714285,0.0,0.0,5.720812182741117
https://doi.org/10.5006/2353,0.018779342723004695,0.5555555555555556,0.0,0.004694835680751174,0.3737042017301859,0.0,0.1111111111111111,0.0,0.0,5.502347417840376
https://doi.org/10.5006/2400,0.023529411764705882,0.625,0.023529411764705882,0.0058823529411764705,0.4797634942142043,0.125,0.0,0.0,0.125,5.758823529411765
https://doi.org/10.5006/2547,0.02120141342756184,0.7,0.0035335689045936395,0.0,0.29902011304650217,0.0,0.3,0.0,0.1,5.865724381625442
https://doi.org/10.5006/2695,0.014388489208633094,0.3333333333333333,0.0035971223021582736,0.0,0.45129193057732925,0.0,0.16666666666666666,0.0,0.0,5.298561151079137
https://doi.org/10.5006/2335,0.005025125628140704,0.42857142857142855,0.07035175879396985,0.005025125628140704,0.4880843240839429,0.0,0.14285714285714285,0.0,0.0,4.869346733668341
https://doi.org/10.5006/2372,0.030042918454935622,0.4444444444444444,0.02145922746781116,0.0,0.2095546028452138,0.0,0.1111111111111111,0.0,0.0,5.450643776824034
https://doi.org/10.5006/2449,0.01675977653631285,0.14285714285714285,0.0111731843575419,0.0111731843575419,0.3954265557360087,0.0,0.14285714285714285,0.0,0.14285714285714285,5.916201117318436
https://doi.org/10.5006/2453,0.046511627906976744,0.7272727272727273,0.06511627906976744,0.004651162790697674,0.4343299546020001,0.0,0.09090909090909091,0.0,0.0,5.255813953488372
https://doi.org/10.5006/2269,0.010869565217391304,0.8,0.0,0.0,0.3565482492794941,0.0,0.0,0.0,0.0,5.684782608695652
https://doi.org/10.5006/2522,0.02909090909090909,0.0,0.02181818181818182,0.0036363636363636364,0.26368024713139343,0.0,0.09090909090909091,0.0,0.0,5.9381818181818184
https://doi.org/10.5006/2268,0.03571428571428571,1.0,0.023809523809523808,0.0,0.07715167498104596,0.0,0.0,0.0,0.0,5.845238095238095
https://doi.org/10.5006/2232,0.06569343065693431,0.6,0.072992700729927,0.0,0.2534854796231436,0.0,0.2,0.0,0.0,5.817518248175182
https://doi.org/10.5006/2429,0.06923076923076923,0.2,0.05384615384615385,0.007692307692307693,0.22027417020425158,0.0,0.0,0.0,0.0,5.815384615384615
https://doi.org/10.5006/2664,0.032520325203252036,1.0,0.13821138211382114,0.0,0.2915515622283107,0.0,0.2,0.0,0.0,5.048780487804878
https://doi.org/10.5006/2343,0.02531645569620253,0.4,0.0379746835443038,0.0,0.2567780098114024,0.0,0.4,0.0,0.0,5.810126582278481
https://doi.org/10.5006/2638,0.032432432432432434,0.14285714285714285,0.0,0.005405405405405406,0.08546696378833459,0.0,0.0,0.0,0.14285714285714285,5.594594594594595
https://doi.org/10.5006/2161,0.02,0.3333333333333333,0.02,0.004,0.2908745434031655,0.0,0.2222222222222222,0.0,0.0,6.168
https://doi.org/10.5006/2510,0.028409090909090908,0.1,0.045454545454545456,0.005681818181818182,0.3838487671376031,0.0,0.0,0.0,0.0,6.130681818181818
https://doi.org/10.5006/2406,0.008968609865470852,0.5555555555555556,0.017937219730941704,0.0,0.557209849937545,0.0,0.1111111111111111,0.0,0.1111111111111111,5.219730941704036
https://doi.org/10.5006/2408,0.020689655172413793,0.42857142857142855,0.013793103448275862,0.0,0.34205784186585503,0.0,0.14285714285714285,0.0,0.0,5.889655172413793
https://doi.org/10.5006/2459,0.057692307692307696,0.2222222222222222,0.08653846153846154,0.009615384615384616,0.2979993695636872,0.0,0.0,0.0,0.0,5.6923076923076925
https://doi.org/10.5006/2576,0.023809523809523808,0.0,0.0,0.0,0.32179579258275065,0.0,0.0,0.0,0.0,5.809523809523809
https://doi.org/10.5006/2637,0.04,0.42857142857142855,0.04,0.013333333333333334,0.4899886620003455,0.14285714285714285,0.14285714285714285,0.0,0.14285714285714285,5.02
https://doi.org/10.5006/2505,0.024390243902439025,0.42857142857142855,0.006097560975609756,0.006097560975609756,0.337520792758489,0.0,0.0,0.0,0.0,5.4939024390243905
https://doi.org/10.5006/2561,0.020242914979757085,0.5454545454545454,0.0,0.0,0.39302546071292627,0.0,0.09090909090909091,0.0,0.0,5.48582995951417
https://doi.org/10.5006/2391,0.01702127659574468,0.18181818181818182,0.01276595744680851,0.00425531914893617,0.27167471828957224,0.0,0.0,0.0,0.0,5.8808510638297875
https://doi.org/10.5006/2437,0.031746031746031744,0.75,0.047619047619047616,0.0,0.21735022123220876,0.0,0.0,0.0,0.0,5.7936507936507935
https://doi.org/10.5006/2614,0.056074766355140186,0.75,0.009345794392523364,0.0,0.24849973458520244,0.0,0.0,0.0,0.0,5.616822429906542
https://doi.org/10.5006/2655,0.021739130434782608,0.25,0.010869565217391304,0.0,0.3150299292649878,0.0,0.125,0.0,0.0,5.630434782608695
https://doi.org/10.5006/2577,0.023148148148148147,0.125,0.032407407407407406,0.004629629629629629,0.37129514177339673,0.0,0.25,0.0,0.0,5.722222222222222
https://doi.org/10.5006/2356,0.038461538461538464,0.75,0.038461538461538464,0.0,0.3572404195556644,0.0,0.25,0.0,0.125,5.735042735042735
https://doi.org/10.5006/2492,0.021367521367521368,0.6,0.02564102564102564,0.0,0.4782507635397532,0.1,0.1,0.0,0.0,5.538461538461538
https://doi.org/10.5006/2229,0.0051813471502590676,0.0,0.046632124352331605,0.0,0.4095559138936686,0.0,0.1111111111111111,0.0,0.0,5.186528497409326
https://doi.org/10.5006/2311,0.03508771929824561,0.5,0.07894736842105263,0.008771929824561403,0.26080822363716677,0.0,0.25,0.0,0.0,4.7631578947368425
https://doi.org/10.5006/2545,0.017467248908296942,0.8888888888888888,0.0,0.0,0.46800330887576713,0.0,0.1111111111111111,0.0,0.0,5.3056768558951966
https://doi.org/10.5006/2507,0.0,0.0,0.125,0.017857142857142856,0.3856894833295567,0.0,0.2,0.0,0.2,7.026785714285714
https://doi.org/10.5006/2526,0.04678362573099415,0.3333333333333333,0.03508771929824561,0.0,0.3819568606504779,0.0,0.0,0.0,0.0,5.964912280701754
https://doi.org/10.5006/2734,0.007276507276507277,0.35294117647058826,0.005197505197505198,0.0,0.6603474841961341,0.20588235294117646,0.38235294117647056,0.0,0.0,5.718295218295219
https://doi.org/10.5006/2216,0.0,0.75,0.030303030303030304,0.0,0.2670566478061068,0.0,0.25,0.0,0.0,5.212121212121212
https://doi.org/10.5006/2444,0.03361344537815126,0.4444444444444444,0.0546218487394958,0.0,0.5471549825775103,0.0,0.3333333333333333,0.0,0.0,5.466386554621849
https://doi.org/10.5006/2517,0.03535353535353535,0.5,0.015151515151515152,0.0,0.4361016796954122,0.0,0.0,0.0,0.0,5.858585858585859
https://doi.org/10.5006/2208,0.05405405405405406,0.3333333333333333,0.0,0.0,0.23091902014371704,0.0,0.0,0.0,0.0,6.405405405405405
https://doi.org/10.5006/2572,0.0069605568445475635,0.8235294117647058,0.08352668213457076,0.0,0.4539625629966105,0.058823529411764705,0.11764705882352941,0.0,0.0,5.194895591647332
https://doi.org/10.5006/2430,0.03691275167785235,0.7272727272727273,0.006711409395973154,0.0,0.3118097981293244,0.0,0.18181818181818182,0.0,0.09090909090909091,5.318791946308725
https://doi.org/10.5006/2635,0.016129032258064516,0.0,0.016129032258064516,0.0,0.3375556376847798,0.0,0.0,0.0,0.2222222222222222,6.252688172043011
https://doi.org/10.5006/2669,0.025380710659898477,0.875,0.02030456852791878,0.005076142131979695,0.38735321853736765,0.0,0.125,0.0,0.125,5.228426395939087
https://doi.org/10.5006/2339,0.015503875968992248,0.4,0.06976744186046512,0.0,0.46472852053711206,0.0,0.2,0.0,0.0,5.054263565891473
https://doi.org/10.5006/2531,0.039473684210526314,0.5,0.0,0.0,0.3385442192175949,0.0,0.16666666666666666,0.0,0.0,4.980263157894737
https://doi.org/10.5006/2284,0.015706806282722512,0.5555555555555556,0.03664921465968586,0.010471204188481676,0.3131747943191242,0.0,0.0,0.0,0.2222222222222222,5.869109947643979
https://doi.org/10.5006/2260,0.013793103448275862,0.2857142857142857,0.027586206896551724,0.0,0.359150801828732,0.0,0.0,0.0,0.14285714285714285,6.027586206896552
https://doi.org/10.5006/2511,0.034653465346534656,0.2857142857142857,0.0,0.0,0.27749280113349545,0.0,0.2857142857142857,0.14285714285714285,0.0,5.410891089108911
https://doi.org/10.5006/2508,0.0,0.6,0.014705882352941176,0.007352941176470588,0.49127332613206076,0.0,0.2,0.0,0.0,5.470588235294118
https://doi.org/10.5006/2509,0.029850746268656716,0.7777777777777778,0.05472636815920398,0.0,0.350666869387186,0.0,0.0,0.0,0.0,5.253731343283582
https://doi.org/10.5006/2562,0.01056338028169014,0.6666666666666666,0.056338028169014086,0.0035211267605633804,0.28623100609720525,0.0,0.0,0.0,0.0,5.47887323943662
https://doi.org/10.5006/2612,0.026785714285714284,0.6,0.03125,0.0,0.338344559312436,0.0,0.1,0.0,0.0,5.665178571428571
https://doi.org/10.5006/2143,0.03007518796992481,0.5714285714285714,0.03759398496240601,0.0,0.20673273811830858,0.0,0.0,0.0,0.0,5.571428571428571
https://doi.org/10.5006/2514,0.02857142857142857,0.0,0.0,0.007142857142857143,0.2806697529198357,0.0,0.5,0.0,0.25,6.085714285714285
https://doi.org/10.5006/2370,0.014084507042253521,0.07692307692307693,0.01056338028169014,0.0,0.2899749970410322,0.0,0.0,0.0,0.07692307692307693,5.77112676056338
https://doi.org/10.5006/2445,0.04891304347826087,0.5714285714285714,0.09239130434782608,0.010869565217391304,0.29658181847048376,0.0,0.14285714285714285,0.0,0.0,5.6521739130434785
https://doi.org/10.5006/2471,0.03314917127071823,0.5,0.0,0.011049723756906077,0.3814556053659639,0.0,0.125,0.0,0.125,5.701657458563536
https://doi.org/10.5006/2544,0.03404255319148936,0.3333333333333333,0.04680851063829787,0.0,0.3394133889805833,0.0,0.2222222222222222,0.0,0.0,6.25531914893617
https://doi.org/10.5006/2465,0.004347826086956522,0.0,0.017391304347826087,0.008695652173913044,0.5012649405680812,0.0,0.5,0.0,0.16666666666666666,5.734782608695652
https://doi.org/10.5006/2301,0.027237354085603113,0.3333333333333333,0.0,0.0,0.3885988925679812,0.0,0.2222222222222222,0.0,0.0,5.603112840466926
https://doi.org/10.5006/2228,0.02564102564102564,0.2857142857142857,0.00641025641025641,0.0,0.25350922991391267,0.0,0.0,0.0,0.0,5.993589743589744
https://doi.org/10.5006/2654,0.012658227848101266,0.18181818181818182,0.04219409282700422,0.0,0.3667246850234728,0.0,0.09090909090909091,0.0,0.0,5.60337552742616
https://doi.org/10.5006/2566,0.075,0.16666666666666666,0.01875,0.00625,0.2718570396366443,0.0,0.0,0.0,0.0,5.89375
https://doi.org/10.5006/2160,0.02666666666666667,0.0,0.0,0.02,0.23113247764479622,0.0,0.0,0.0,0.0,5.873333333333333
https://doi.org/10.5006/2338,0.008097165991902834,0.7,0.11740890688259109,0.0,0.40770255968519453,0.0,0.2,0.0,0.0,5.016194331983805
https://doi.org/10.5006/2227,0.01744186046511628,0.16666666666666666,0.011627906976744186,0.011627906976744186,0.22031738745926066,0.0,0.16666666666666666,0.0,0.0,5.244186046511628
https://doi.org/10.5006/2159,0.01744186046511628,0.5714285714285714,0.03488372093023256,0.0,0.3240203440254133,0.0,0.14285714285714285,0.0,0.0,5.843023255813954
https://doi.org/10.5006/2379,0.007874015748031496,0.2,0.05511811023622047,0.007874015748031496,0.36048891786644405,0.0,0.2,0.0,0.2,5.480314960629921
https://doi.org/10.5006/2330,0.014925373134328358,0.2727272727272727,0.1044776119402985,0.004975124378109453,0.6231430173871114,0.09090909090909091,0.18181818181818182,0.0,0.09090909090909091,5.2835820895522385
https://doi.org/10.5006/2324,0.047058823529411764,0.6666666666666666,0.0,0.0,0.28430696408457823,0.0,0.0,0.0,0.3333333333333333,6.0
https://doi.org/10.5006/2647,0.06722689075630252,0.5714285714285714,0.0,0.008403361344537815,0.44908871313907184,0.14285714285714285,0.0,0.0,0.14285714285714285,5.184873949579832
https://doi.org/10.5006/2064,0.018315018315018316,0.16666666666666666,0.040293040293040296,0.003663003663003663,0.5859317576601443,0.0,0.16666666666666666,0.0,0.08333333333333333,5.791208791208791
https://doi.org/10.5006/2264,0.039473684210526314,0.5,0.06578947368421052,0.006578947368421052,0.4093776101606328,0.0,0.3333333333333333,0.0,0.0,5.394736842105263
https://doi.org/10.5006/2618,0.019011406844106463,0.36363636363636365,0.011406844106463879,0.0038022813688212928,0.26177816696666933,0.0,0.0,0.0,0.09090909090909091,5.612167300380228
https://doi.org/10.5006/2564,0.013513513513513514,0.6666666666666666,0.0,0.0,0.2985232707347908,0.0,0.0,0.0,0.0,5.364864864864865
https://doi.org/10.5006/2627,0.033112582781456956,0.0,0.0,0.006622516556291391,0.30535475187810607,0.0,0.0,0.0,0.0,5.3509933774834435
https://doi.org/10.5006/2323,0.0,1.0,0.0,0.0,0.2537313432835821,0.0,0.25,0.0,0.0,4.7164179104477615
https://doi.org/10.5006/2031,0.026143790849673203,0.75,0.0,0.0,0.21469369549878226,0.0,0.0,0.0,0.125,5.875816993464053
https://doi.org/10.5006/2305,0.038461538461538464,0.125,0.05128205128205128,0.0,0.2098808403044218,0.0,0.0,0.0,0.0,6.128205128205129
https://doi.org/10.5006/2442,0.011299435028248588,1.0,0.02824858757062147,0.0,0.22221424225194505,0.0,1.0,0.0,0.0,4.9209039548022595
https://doi.org/10.5006/2558,0.047058823529411764,0.6666666666666666,0.0,0.0,0.26148365612815144,0.0,0.0,0.0,0.0,5.329411764705882
https://doi.org/10.5006/2501,0.025974025974025976,0.6,0.045454545454545456,0.0,0.22810607883441944,0.0,0.2,0.0,0.0,5.3896103896103895
https://doi.org/10.5006/2632,0.004098360655737705,0.4,0.02459016393442623,0.004098360655737705,0.2927962475326517,0.0,0.0,0.0,0.1,5.454918032786885
https://doi.org/10.5006/2604,0.022727272727272728,0.5,0.07386363636363637,0.005681818181818182,0.23399159411334092,0.0,0.0,0.0,0.0,4.948863636363637
https://doi.org/10.5006/2384,0.03125,0.6,0.06875,0.0,0.35520680595957055,0.0,0.4,0.0,0.0,5.14375
https://doi.org/10.5006/2382,0.007936507936507936,0.0,0.0,0.007936507936507936,0.24255090142755756,0.0,0.0,0.0,0.0,6.285714285714286
https://doi.org/10.5006/2333,0.025806451612903226,0.8333333333333334,0.0,0.0064516129032258064,0.3249589744377556,0.0,0.16666666666666666,0.0,0.16666666666666666,5.52258064516129
https://doi.org/10.5006/2447,0.01090909090909091,0.3,0.04363636363636364,0.0,0.4222724826303235,0.0,0.2,0.0,0.0,5.007272727272727
https://doi.org/10.5006/2374,0.02666666666666667,0.6666666666666666,0.06666666666666667,0.006666666666666667,0.3479463560186637,0.0,0.16666666666666666,0.0,0.0,5.56
https://doi.org/10.5006/2496,0.027777777777777776,0.3333333333333333,0.016666666666666666,0.005555555555555556,0.2841491522787649,0.0,0.3333333333333333,0.0,0.0,5.583333333333333
https://doi.org/10.5006/2640,0.013513513513513514,0.3,0.05855855855855856,0.0,0.3511202751334248,0.0,0.1,0.0,0.0,5.418918918918919
https://doi.org/10.5006/2621,0.022641509433962263,0.1111111111111111,0.022641509433962263,0.0037735849056603774,0.17763927993871428,0.0,0.2222222222222222,0.0,0.1111111111111111,5.622641509433962
https://doi.org/10.5006/2283,0.03333333333333333,0.875,0.05416666666666667,0.0,0.3197221015541813,0.0,0.375,0.0,0.125,5.629166666666666
https://doi.org/10.5006/2344,0.028985507246376812,0.14285714285714285,0.028985507246376812,0.007246376811594203,0.4756185240991867,0.14285714285714285,0.0,0.0,0.0,5.615942028985507
https://doi.org/10.5006/0010-9312-73.3.215,0.017857142857142856,0.0,0.0,0.0,0.7542397172122455,0.25,0.0,0.0,0.0,5.142857142857143
https://doi.org/10.5006/2315,0.015306122448979591,0.75,0.015306122448979591,0.00510204081632653,0.3378152113723847,0.0,0.125,0.0,0.0,5.255102040816326
https://doi.org/10.5006/2425,0.01020408163265306,0.0,0.01020408163265306,0.0,0.15675807648711446,0.0,0.0,0.0,0.0,5.336734693877551
https://doi.org/10.5006/2183,0.034482758620689655,0.75,0.06896551724137931,0.009852216748768473,0.38959880767874094,0.0,0.125,0.0,0.125,5.226600985221675
https://doi.org/10.5006/2592,0.0,0.6666666666666666,0.0,0.0,0.667317390751957,0.3333333333333333,0.0,0.0,0.0,5.291666666666667
https://doi.org/10.5006/2538,0.014492753623188406,0.0,0.0,0.0,0.3155295805373513,0.0,0.16666666666666666,0.0,0.0,5.079710144927536
https://doi.org/10.5006/2644,0.014705882352941176,0.6666666666666666,0.04411764705882353,0.0,0.4903921176627372,0.0,0.3333333333333333,0.0,0.3333333333333333,4.779411764705882
https://doi.org/10.1080/1478422x.2017.1304690,0.02142857142857143,0.2857142857142857,0.0,0.0,0.1439245834257849,0.0,0.0,0.0,0.14285714285714285,6.1571428571428575
https://doi.org/10.1080/1478422x.2017.1330736,0.005780346820809248,0.2,0.0,0.0,0.22282468517221252,0.0,0.2,0.0,0.0,5.907514450867052
https://doi.org/10.1080/1478422x.2016.1275419,0.01818181818181818,0.3333333333333333,0.01818181818181818,0.0,0.6560588564606806,0.0,0.3333333333333333,0.0,0.3333333333333333,5.678787878787879
https://doi.org/10.1080/1478422x.2017.1384609,0.023076923076923078,0.3333333333333333,0.046153846153846156,0.0,0.2865836309261101,0.0,0.0,0.0,0.5,5.730769230769231
https://doi.org/10.1080/1478422x.2017.1300363,0.02654867256637168,0.5,0.017699115044247787,0.0,0.2144078130900127,0.0,0.25,0.0,0.0,6.008849557522124
https://doi.org/10.1080/1478422x.2017.1388648,0.0392156862745098,1.0,0.032679738562091505,0.006535947712418301,0.24681317109149287,0.0,0.2,0.0,0.0,6.071895424836601
https://doi.org/10.1080/1478422x.2017.1320117,0.01834862385321101,0.6,0.03669724770642202,0.009174311926605505,0.3388290883049429,0.0,0.0,0.0,0.0,5.5963302752293576
https://doi.org/10.1080/1478422x.2017.1344416,0.05421686746987952,0.2,0.018072289156626505,0.0,0.1791092620158856,0.0,0.4,0.0,0.2,5.759036144578313
https://doi.org/10.1080/1478422x.2017.1417072,0.026845637583892617,0.5,0.0,0.0,0.27253611415096585,0.0,0.0,0.0,0.0,5.355704697986577
https://doi.org/10.1080/1478422x.2016.1244619,0.014814814814814815,0.2,0.014814814814814815,0.007407407407407408,0.15537908861780025,0.0,0.0,0.0,0.2,5.296296296296297
https://doi.org/10.1080/1478422x.2017.1316088,0.02631578947368421,0.6,0.0,0.0,0.3816923606410602,0.0,0.2,0.0,0.0,6.026315789473684
https://doi.org/10.1080/1478422x.2017.1340227,0.015625,0.5,0.010416666666666666,0.0,0.6542628644767585,0.16666666666666666,0.3333333333333333,0.0,0.16666666666666666,5.302083333333333
https://doi.org/10.1080/1478422x.2017.1315233,0.029585798816568046,0.3333333333333333,0.0,0.0,0.6538126848913437,0.0,0.3333333333333333,0.0,0.0,5.6923076923076925
https://doi.org/10.1080/1478422x.2017.1297575,0.027777777777777776,0.5,0.0,0.0,0.6758625033664688,0.0,0.25,0.0,0.0,6.148148148148148
https://doi.org/10.1080/1478422x.2016.1271161,0.02654867256637168,0.6666666666666666,0.0,0.0,0.35042459952607663,0.0,0.3333333333333333,0.0,0.0,5.929203539823009
https://doi.org/10.1080/1478422x.2017.1413160,0.046153846153846156,0.4,0.0,0.0,0.34828404377451605,0.0,0.2,0.0,0.0,6.161538461538462
https://doi.org/10.1080/1478422x.2016.1213974,0.03875968992248062,0.2857142857142857,0.0,0.0,0.2389307753088751,0.0,0.0,0.0,0.14285714285714285,5.674418604651163
https://doi.org/10.1080/1478422x.2016.1274088,0.02976190476190476,0.6,0.0,0.0,0.387865108515355,0.0,0.4,0.0,0.0,5.4523809523809526
https://doi.org/10.1080/1478422x.2016.1278512,0.009009009009009009,0.0,0.0,0.0,0.5855162814152044,0.0,0.2,0.0,0.0,6.243243243243243
https://doi.org/10.1080/1478422x.2016.1245957,0.013157894736842105,0.6666666666666666,0.0,0.0,0.3296046065756671,0.0,0.0,0.0,0.0,5.657894736842105
https://doi.org/10.1080/1478422x.2016.1213061,0.03349282296650718,0.3333333333333333,0.009569377990430622,0.004784688995215311,0.3955117810130634,0.0,0.5,0.0,0.5,5.583732057416268
https://doi.org/10.1080/1478422x.2017.1356973,0.011976047904191617,0.16666666666666666,0.011976047904191617,0.005988023952095809,0.3429940956076572,0.0,0.3333333333333333,0.0,0.16666666666666666,6.095808383233533
https://doi.org/10.1080/1478422x.2016.1274839,0.046357615894039736,0.5714285714285714,0.013245033112582781,0.0,0.4667817268001614,0.14285714285714285,0.14285714285714285,0.0,0.14285714285714285,5.635761589403973
https://doi.org/10.1080/1478422x.2017.1305537,0.014184397163120567,0.0,0.02127659574468085,0.0070921985815602835,0.3867037129139173,0.0,0.16666666666666666,0.0,0.16666666666666666,5.9361702127659575
https://doi.org/10.1080/1478422x.2016.1267932,0.020833333333333332,0.5714285714285714,0.034722222222222224,0.0,0.2844680437258894,0.0,0.0,0.0,0.0,5.875
https://doi.org/10.1080/1478422x.2017.1300379,0.011494252873563218,0.2857142857142857,0.0,0.0,0.4025450806399416,0.0,0.14285714285714285,0.0,0.0,5.873563218390805
https://doi.org/10.1080/1478422x.2017.1288353,0.014150943396226415,0.8,0.04716981132075472,0.0047169811320754715,0.604914900057731,0.0,0.4,0.0,0.4,5.566037735849057
https://doi.org/10.1080/1478422x.2017.1356981,0.013793103448275862,0.3333333333333333,0.0,0.0,0.4685596621093249,0.0,0.6666666666666666,0.0,0.3333333333333333,5.413793103448276
https://doi.org/10.1080/1478422x.2017.1292345,0.03553299492385787,0.2857142857142857,0.0,0.0,0.5147218133932332,0.0,0.14285714285714285,0.0,0.14285714285714285,5.527918781725888
https://doi.org/10.1080/1478422x.2017.1384628,0.023809523809523808,0.2,0.0,0.011904761904761904,0.48598556849881414,0.0,0.4,0.0,0.0,5.458333333333333
https://doi.org/10.1080/1478422x.2016.1275418,0.047244094488188976,0.6,0.023622047244094488,0.007874015748031496,0.5045517903496314,0.0,0.4,0.0,0.0,5.496062992125984
https://doi.org/10.1080/1478422x.2016.1278513,0.041666666666666664,0.5,0.03125,0.0,0.3186887195995491,0.0,0.0,0.0,0.0,5.65625
https://doi.org/10.1080/1478422x.2017.1341221,0.043478260869565216,0.0,0.043478260869565216,0.0,0.34918213922193503,0.0,0.25,0.0,0.0,5.891304347826087
https://doi.org/10.1080/1478422x.2017.1306972,0.014492753623188406,0.16666666666666666,0.0,0.0,0.3282536710987283,0.0,0.16666666666666666,0.0,0.0,6.108695652173913
https://doi.org/10.1080/1478422x.2017.1288336,0.007326007326007326,0.3,0.06227106227106227,0.003663003663003663,0.44983415031578383,0.0,0.1,0.0,0.0,5.611721611721611
https://doi.org/10.1080/1478422x.2017.1368216,0.013245033112582781,0.2,0.059602649006622516,0.006622516556291391,0.335990752158035,0.0,0.4,0.0,0.0,6.19205298013245
https://doi.org/10.1080/1478422x.2017.1344038,0.03680981595092025,0.14285714285714285,0.0,0.0,0.3880095288550159,0.14285714285714285,0.14285714285714285,0.0,0.14285714285714285,6.085889570552148
https://doi.org/10.1080/1478422x.2016.1254447,0.020833333333333332,0.6,0.027777777777777776,0.006944444444444444,0.1993430568667684,0.0,0.2,0.0,0.0,6.423611111111111
https://doi.org/10.1080/1478422x.2017.1311074,0.06711409395973154,0.1111111111111111,0.013422818791946308,0.0,0.38635806616440943,0.0,0.0,0.0,0.1111111111111111,5.818791946308725
https://doi.org/10.1080/1478422x.2017.1348761,0.03937007874015748,0.25,0.007874015748031496,0.0,0.31209324697017976,0.0,0.25,0.0,0.0,5.748031496062992
https://doi.org/10.1080/1478422x.2017.1300748,0.024390243902439025,0.13333333333333333,0.012195121951219513,0.0040650406504065045,0.37110058670007173,0.0,0.0,0.0,0.06666666666666667,5.678861788617886
https://doi.org/10.1080/1478422x.2016.1227024,0.0125,0.6666666666666666,0.0,0.0,0.35487673916445966,0.0,0.3333333333333333,0.0,0.0,5.0625
https://doi.org/10.1080/1478422x.2017.1350326,0.02654867256637168,0.0,0.0,0.0,0.301015068171592,0.0,0.0,0.0,0.0,5.619469026548672
https://doi.org/10.1080/1478422x.2017.1320155,0.011904761904761904,0.42857142857142855,0.0,0.0,0.5405207659403091,0.0,0.14285714285714285,0.0,0.0,5.785714285714286
https://doi.org/10.1080/1478422x.2017.1292200,0.014388489208633094,0.18181818181818182,0.0,0.0,0.6541226214654565,0.0,0.18181818181818182,0.0,0.0,5.5
https://doi.org/10.1080/1478422x.2017.1340245,0.015748031496062992,0.6,0.03937007874015748,0.0,0.38622829821829047,0.0,0.2,0.0,0.0,5.826771653543307
https://doi.org/10.1080/1478422x.2017.1400291,0.02142857142857143,0.16666666666666666,0.0,0.007142857142857143,0.506287004190553,0.0,0.16666666666666666,0.0,0.16666666666666666,5.292857142857143
https://doi.org/10.1080/1478422x.2016.1262096,0.03333333333333333,0.0,0.006666666666666667,0.0,0.29393876913398137,0.0,0.16666666666666666,0.0,0.0,6.026666666666666
https://doi.org/10.1080/1478422x.2017.1388649,0.020689655172413793,0.0,0.0,0.020689655172413793,0.48809854563366883,0.0,0.16666666666666666,0.0,0.16666666666666666,5.944827586206896
https://doi.org/10.1080/1478422x.2017.1292202,0.022900763358778626,0.0,0.015267175572519083,0.0,0.48212618853856876,0.0,0.16666666666666666,0.0,0.0,5.290076335877862
https://doi.org/10.1080/1478422x.2017.1330024,0.011627906976744186,0.14285714285714285,0.023255813953488372,0.005813953488372093,0.5524173730334745,0.0,0.14285714285714285,0.0,0.2857142857142857,5.604651162790698
https://doi.org/10.1080/1478422x.2017.1348762,0.017094017094017096,0.6666666666666666,0.0,0.008547008547008548,0.3680179511386493,0.0,0.6666666666666666,0.0,0.0,5.743589743589744
https://doi.org/10.1080/1478422x.2017.1296224,0.01809954751131222,0.5555555555555556,0.01809954751131222,0.004524886877828055,0.4059305247421865,0.0,0.2222222222222222,0.0,0.0,5.176470588235294
https://doi.org/10.1080/1478422x.2016.1211862,0.020202020202020204,0.2,0.0,0.0,0.47097144351009157,0.2,0.0,0.0,0.0,6.424242424242424
https://doi.org/10.1080/1478422x.2017.1355658,0.02,1.0,0.006666666666666667,0.0,0.20912516188477498,0.0,0.0,0.0,0.0,5.366666666666666
https://doi.org/10.1080/1478422x.2017.1320156,0.03902439024390244,0.375,0.0,0.004878048780487805,0.34517150381140466,0.0,0.25,0.0,0.125,5.507317073170731
https://doi.org/10.1080/1478422x.2017.1396410,0.006756756756756757,0.4,0.0,0.013513513513513514,0.203377255990438,0.0,0.0,0.0,0.0,5.97972972972973
https://doi.org/10.1080/1478422x.2017.1303102,0.023529411764705882,0.5,0.0,0.0,0.48834159012981787,0.125,0.125,0.0,0.125,5.705882352941177
https://doi.org/10.1080/1478422x.2017.1305675,0.017857142857142856,0.8571428571428571,0.0,0.0,0.4531634835874829,0.0,0.2857142857142857,0.0,0.0,5.440476190476191
https://doi.org/10.1080/1478422x.2017.1294355,0.014492753623188406,0.4,0.0,0.0,0.1386313512297753,0.0,0.0,0.0,0.0,5.782608695652174
https://doi.org/10.1080/1478422x.2016.1179965,0.018867924528301886,0.6666666666666666,0.012578616352201259,0.006289308176100629,0.2364144167196541,0.0,0.16666666666666666,0.0,0.0,5.40251572327044
https://doi.org/10.1080/1478422x.2016.1263456,0.010256410256410256,0.4,0.005128205128205128,0.010256410256410256,0.3495089069002818,0.0,0.0,0.0,0.1,5.358974358974359
https://doi.org/10.1080/1478422x.2017.1316087,0.041379310344827586,1.0,0.0,0.006896551724137931,0.1099129479345464,0.0,1.0,0.0,0.0,5.158620689655172
https://doi.org/10.1080/1478422x.2017.1330025,0.014218009478672985,0.16666666666666666,0.0,0.0,0.42651395390031327,0.08333333333333333,0.0,0.0,0.0,5.161137440758294
https://doi.org/10.1080/1478422x.2017.1284393,0.006993006993006993,0.8,0.006993006993006993,0.0,0.1678321678321678,0.0,0.0,0.0,0.0,5.776223776223776
https://doi.org/10.1080/1478422x.2016.1245945,0.025510204081632654,0.42857142857142855,0.02040816326530612,0.00510204081632653,0.2672612419124244,0.0,0.14285714285714285,0.0,0.0,5.591836734693878
https://doi.org/10.1080/1478422x.2016.1254422,0.039603960396039604,0.75,0.04950495049504951,0.0,0.3761073250143085,0.0,0.25,0.0,0.0,6.702970297029703
https://doi.org/10.1080/1478422x.2017.1355657,0.013513513513513514,0.14285714285714285,0.16216216216216217,0.006756756756756757,0.416514459660066,0.0,0.14285714285714285,0.0,0.14285714285714285,5.912162162162162
https://doi.org/10.1080/1478422x.2016.1213082,0.0196078431372549,0.14285714285714285,0.0,0.0196078431372549,0.459751775034483,0.0,0.14285714285714285,0.0,0.2857142857142857,5.9869281045751634
https://doi.org/10.1080/1478422x.2017.1386017,0.020134228187919462,0.0,0.020134228187919462,0.013422818791946308,0.1315162278004391,0.0,0.0,0.0,0.2,5.738255033557047
https://doi.org/10.1080/1478422x.2017.1312200,0.04697986577181208,0.14285714285714285,0.020134228187919462,0.006711409395973154,0.3082868208820363,0.0,0.0,0.0,0.14285714285714285,5.966442953020135
https://doi.org/10.1080/1478422x.2017.1285855,0.01,0.5,0.01,0.0,0.47244047244070864,0.0,0.25,0.0,0.0,5.47
https://doi.org/10.1080/1478422x.2017.1398540,0.03333333333333333,0.6666666666666666,0.013333333333333334,0.0,0.39463062898529977,0.0,0.16666666666666666,0.0,0.0,6.226666666666667
https://doi.org/10.1080/1478422x.2017.1402499,0.015748031496062992,0.2,0.0,0.0,0.5020881438403105,0.0,0.4,0.0,0.2,5.566929133858268
https://doi.org/10.1080/1478422x.2017.1305651,0.023809523809523808,0.6,0.023809523809523808,0.005952380952380952,0.38234492506551726,0.0,0.4,0.0,0.0,5.065476190476191
https://doi.org/10.1080/1478422x.2017.1402513,0.02040816326530612,0.6,0.0,0.006802721088435374,0.0999791731748236,0.0,0.0,0.0,0.2,6.659863945578231
https://doi.org/10.1080/1478422x.2017.1330800,0.020833333333333332,0.125,0.0,0.006944444444444444,0.40157867485558224,0.0,0.0,0.0,0.0,6.694444444444445
https://doi.org/10.1080/1478422x.2017.1291119,0.047619047619047616,0.7142857142857143,0.10884353741496598,0.006802721088435374,0.22908106449636376,0.0,0.0,0.0,0.0,5.578231292517007
https://doi.org/10.1080/1478422x.2017.1318242,0.0196078431372549,0.7,0.0196078431372549,0.006535947712418301,0.33842074420914037,0.0,0.0,0.0,0.0,5.294117647058823
https://doi.org/10.1080/1478422x.2017.1319682,0.030534351145038167,0.25,0.0,0.007633587786259542,0.5701733114016051,0.0,0.25,0.0,0.0,6.221374045801527
https://doi.org/10.1080/1478422x.2017.1306962,0.02127659574468085,0.4,0.07801418439716312,0.0,0.3003945898517357,0.0,0.2,0.0,0.0,5.475177304964539
https://doi.org/10.1080/1478422x.2017.1292201,0.005714285714285714,0.0,0.0,0.0,0.4644065776749454,0.1,0.0,0.0,0.0,5.731428571428571
https://doi.org/10.1080/1478422x.2017.1336003,0.010810810810810811,0.14285714285714285,0.03783783783783784,0.0,0.42753989044940954,0.0,0.14285714285714285,0.0,0.14285714285714285,5.691891891891892
https://doi.org/10.1080/1478422x.2017.1376943,0.0070921985815602835,0.6666666666666666,0.02127659574468085,0.0,0.16976892487355777,0.0,0.0,0.0,0.0,6.028368794326241
https://doi.org/10.1080/1478422x.2017.1325989,0.05442176870748299,0.16666666666666666,0.013605442176870748,0.0,0.30521407175747695,0.0,0.0,0.0,0.0,6.244897959183674
https://doi.org/10.1080/1478422x.2016.1277315,0.020833333333333332,0.8333333333333334,0.006944444444444444,0.006944444444444444,0.3042903097250923,0.0,0.16666666666666666,0.0,0.0,5.027777777777778
https://doi.org/10.1080/1478422x.2017.1288352,0.04580152671755725,1.0,0.0,0.007633587786259542,0.3589410059697327,0.0,0.25,0.0,0.0,5.816793893129771
https://doi.org/10.1080/1478422x.2017.1329247,0.017391304347826087,0.3333333333333333,0.008695652173913044,0.008695652173913044,0.5598406470546042,0.0,0.16666666666666666,0.0,0.0,5.6521739130434785
https://doi.org/10.1080/1478422x.2017.1335531,0.038461538461538464,0.4,0.0,0.0,0.6015573969083481,0.0,0.2,0.0,0.0,5.711538461538462
https://doi.org/10.1080/1478422x.2017.1294356,0.036231884057971016,0.8,0.0,0.014492753623188406,0.2526897938284448,0.0,0.2,0.0,0.2,5.449275362318841
https://doi.org/10.1080/1478422x.2017.1306390,0.010638297872340425,0.25,0.0,0.010638297872340425,0.4053735932608011,0.0,0.25,0.0,0.25,5.861702127659575
https://doi.org/10.1080/1478422x.2017.1300378,0.04242424242424243,0.5,0.012121212121212121,0.0,0.35860150769665494,0.0,0.3333333333333333,0.0,0.0,5.557575757575758
https://doi.org/10.1080/1478422x.2017.1357959,0.026022304832713755,0.2,0.048327137546468404,0.0,0.3355829433779927,0.0,0.2,0.0,0.0,5.33457249070632
https://doi.org/10.1080/1478422x.2017.1344039,0.01282051282051282,0.7142857142857143,0.0,0.0,0.35794265662342867,0.0,0.0,0.0,0.0,4.782051282051282
https://doi.org/10.1080/1478422x.2017.1362158,0.012738853503184714,0.1875,0.03397027600849257,0.0021231422505307855,0.42462314221735625,0.0,0.3125,0.0,0.1875,5.607218683651805
https://doi.org/10.1080/1478422x.2017.1319148,0.04424778761061947,0.25,0.07964601769911504,0.008849557522123894,0.21874702821784556,0.0,0.25,0.0,0.0,5.778761061946903
https://doi.org/10.1080/1478422x.2017.1348090,0.04854368932038835,0.0,0.02912621359223301,0.0,0.21513126025398388,0.0,0.0,0.0,0.0,6.009708737864078
https://doi.org/10.1080/1478422x.2017.1296225,0.023391812865497075,0.42857142857142855,0.03508771929824561,0.005847953216374269,0.33604112043412027,0.0,0.14285714285714285,0.0,0.14285714285714285,5.140350877192983
https://doi.org/10.1080/1478422x.2017.1350327,0.02631578947368421,0.14285714285714285,0.02631578947368421,0.006578947368421052,0.4275809686650505,0.0,0.14285714285714285,0.0,0.14285714285714285,5.9144736842105265
https://doi.org/10.1080/1478422x.2017.1373446,0.0273972602739726,0.7142857142857143,0.0136986301369863,0.00684931506849315,0.3235893646854169,0.0,0.0,0.0,0.0,5.7465753424657535
https://doi.org/10.1080/1478422x.2017.1340228,0.0273972602739726,0.2,0.0273972602739726,0.02054794520547945,0.5258382936347736,0.0,0.4,0.0,0.2,5.609589041095891
https://doi.org/10.1080/1478422x.2016.1253445,0.018433179723502304,0.125,0.013824884792626729,0.004608294930875576,0.35621255377281813,0.0,0.25,0.0,0.0,5.345622119815668
https://doi.org/10.1080/1478422x.2016.1245956,0.04950495049504951,0.25,0.009900990099009901,0.0,0.19275170627655233,0.0,0.0,0.0,0.0,5.544554455445544
https://doi.org/10.1080/1478422x.2016.1212158,0.028169014084507043,0.625,0.051643192488262914,0.0,0.19328815821820564,0.0,0.0,0.0,0.0,5.793427230046948
https://doi.org/10.1080/1478422x.2017.1304618,0.013605442176870748,0.3333333333333333,0.027210884353741496,0.006802721088435374,0.2987781123265,0.0,0.0,0.0,0.0,4.727891156462585
https://doi.org/10.1080/1478422x.2017.1300218,0.04201680672268908,0.0,0.0,0.0,0.25196074538764623,0.0,0.25,0.0,0.25,5.882352941176471
https://doi.org/10.1080/1478422x.2017.1367113,0.006993006993006993,0.2,0.04895104895104895,0.013986013986013986,0.29136596721677843,0.0,0.4,0.0,0.0,5.2727272727272725
https://doi.org/10.1080/1478422x.2017.1323709,0.026845637583892617,0.2857142857142857,0.03355704697986577,0.013422818791946308,0.26422845214804735,0.0,0.0,0.0,0.14285714285714285,6.194630872483222
https://doi.org/10.1080/1478422x.2017.1357960,0.05185185185185185,0.25,0.044444444444444446,0.0,0.365523845673343,0.0,0.25,0.0,0.0,5.2444444444444445
https://doi.org/10.1080/1478422x.2016.1255370,0.02727272727272727,1.0,0.0,0.0,0.1966664332071267,0.0,0.0,0.0,0.25,5.009090909090909
https://doi.org/10.1080/1478422x.2016.1277322,0.03571428571428571,0.4,0.02142857142857143,0.007142857142857143,0.5145832472665107,0.0,0.4,0.0,0.0,6.321428571428571
https://doi.org/10.1080/1478422x.2017.1297601,0.008928571428571428,0.6,0.008928571428571428,0.008928571428571428,0.27606472917393404,0.0,0.0,0.0,0.0,5.428571428571429
https://doi.org/10.1080/1478422x.2017.1306991,0.06422018348623854,0.5,0.0,0.009174311926605505,0.14990949209512103,0.0,0.0,0.0,0.25,5.669724770642202
https://doi.org/10.1080/1478422x.2017.1325988,0.007633587786259542,0.2857142857142857,0.03816793893129771,0.0,0.288060492581881,0.0,0.0,0.0,0.0,5.8396946564885495
https://doi.org/10.1080/1478422x.2017.1410318,0.02727272727272727,0.5,0.00909090909090909,0.0,0.49626705687113387,0.0,0.25,0.0,0.0,5.472727272727273
https://doi.org/10.1080/1478422x.2017.1371387,0.02,0.5,0.0,0.0,0.3115552385479446,0.0,0.0,0.0,0.0,5.04
https://doi.org/10.1080/1478422x.2017.1304845,0.014598540145985401,0.8,0.0072992700729927005,0.0,0.6965355000341487,0.0,0.2,0.0,0.0,5.598540145985401
https://doi.org/10.1080/1478422x.2017.1291186,0.007692307692307693,0.8,0.007692307692307693,0.0,0.6315192539007322,0.0,0.2,0.0,0.0,5.4
https://doi.org/10.1080/1478422x.2017.1314082,0.02857142857142857,0.8,0.007142857142857143,0.0,0.7228063223242011,0.0,0.2,0.0,0.0,5.7
https://doi.org/10.1016/j.corsci.2017.06.006,0.04081632653061224,0.0,0.04081632653061224,0.0,0.20305866063400405,0.0,0.0,0.0,0.0,5.73469387755102
https://doi.org/10.1016/j.corsci.2017.09.014,0.01639344262295082,1.0,0.03278688524590164,0.00546448087431694,0.28801494979463255,0.0,0.14285714285714285,0.0,0.14285714285714285,5.601092896174864
https://doi.org/10.1016/j.corsci.2017.05.025,0.024193548387096774,0.2,0.10483870967741936,0.008064516129032258,0.16605855066108063,0.0,0.0,0.0,0.2,5.080645161290323
https://doi.org/10.1016/j.corsci.2017.09.015,0.02,0.2,0.04,0.0,0.13784048752090222,0.0,0.0,0.0,0.2,5.07
https://doi.org/10.1016/j.corsci.2017.04.012,0.0,0.8333333333333334,0.0,0.0,0.42520583250938593,0.16666666666666666,0.0,0.0,0.0,4.57
https://doi.org/10.1016/j.corsci.2017.07.008,0.04081632653061224,0.5,0.0,0.02040816326530612,0.2978473371291107,0.0,0.0,0.0,0.25,5.73469387755102
https://doi.org/10.1016/j.corsci.2017.05.023,0.029411764705882353,0.5,0.0,0.0,0.32633954857045566,0.0,0.25,0.0,0.0,5.215686274509804
https://doi.org/10.1016/j.corsci.2017.10.022,0.04316546762589928,0.3333333333333333,0.0,0.0,0.5114495708539919,0.0,0.6666666666666666,0.0,0.0,6.546762589928058
https://doi.org/10.1016/j.corsci.2017.01.007,0.0,1.0,0.0,0.0,0.0,1.0,0.0,0.0,0.0,1.0
https://doi.org/10.1016/j.corsci.2017.03.004,0.057971014492753624,0.625,0.07246376811594203,0.007246376811594203,0.3709125765817312,0.0,0.0,0.0,0.0,5.869565217391305
https://doi.org/10.1016/j.corsci.2017.11.017,0.010752688172043012,0.4444444444444444,0.005376344086021506,0.0,0.29565004483586066,0.0,0.0,0.0,0.0,5.301075268817204
https://doi.org/10.1016/j.corsci.2017.03.014,0.010101010101010102,0.6666666666666666,0.0,0.0,0.4180646886176743,0.16666666666666666,0.0,0.0,0.0,5.444444444444445
https://doi.org/10.1016/j.corsci.2017.11.014,0.02,1.0,0.0,0.0,0.14142135623730948,0.0,0.0,0.0,0.0,6.03
https://doi.org/10.1016/j.corsci.2017.11.018,0.019801980198019802,1.0,0.0,0.0,0.31652212600288676,0.0,0.3333333333333333,0.0,0.0,6.02970297029703
https://doi.org/10.1002/maco.201609210,0.00819672131147541,0.16666666666666666,0.10655737704918032,0.0,0.3258132281041277,0.16666666666666666,0.0,0.0,0.16666666666666666,6.540983606557377
https://doi.org/10.1002/maco.201709656,0.02857142857142857,0.6666666666666666,0.0,0.0,0.16256866681058632,0.0,1.0,0.0,0.3333333333333333,5.328571428571428
https://doi.org/10.1002/maco.201609211,0.011299435028248588,0.7,0.005649717514124294,0.0,0.3898305084745763,0.0,0.0,0.0,0.1,4.734463276836158
https://doi.org/10.1002/maco.201609300,0.02926829268292683,0.7,0.004878048780487805,0.0,0.4514501717629211,0.1,0.0,0.0,0.0,5.2
https://doi.org/10.1002/maco.201709833,0.0379746835443038,0.8333333333333334,0.006329113924050633,0.006329113924050633,0.33586073826383794,0.0,0.16666666666666666,0.0,0.0,4.436708860759493
https://doi.org/10.1002/maco.201709597,0.06611570247933884,0.4,0.01652892561983471,0.008264462809917356,0.08012693979200544,0.0,0.0,0.0,0.2,6.43801652892562
https://doi.org/10.1002/maco.201709478,0.013071895424836602,0.0,0.06535947712418301,0.0,0.20081426791813356,0.0,0.0,0.0,0.0,5.73202614379085
https://doi.org/10.1002/maco.201709655,0.024390243902439025,0.0,0.014634146341463415,0.00975609756097561,0.28539712148897706,0.0,0.125,0.0,0.125,5.692682926829268
https://doi.org/10.1002/maco.201609312,0.037037037037037035,0.5,0.0,0.0,0.4871461643691076,0.0,0.25,0.0,0.0,6.166666666666667
https://doi.org/10.1002/maco.201709418,0.03225806451612903,0.2,0.06451612903225806,0.0,0.6120537406777509,0.0,0.4,0.0,0.0,5.548387096774194
https://doi.org/10.1002/maco.201709715,0.0,0.2222222222222222,0.0,0.0,0.4477541076638578,0.0,0.1111111111111111,0.0,0.1111111111111111,5.715846994535519
https://doi.org/10.1002/maco.201709514,0.017241379310344827,0.3333333333333333,0.0,0.0,0.311301208366686,0.0,0.0,0.0,0.16666666666666666,5.991379310344827
https://doi.org/10.1002/maco.201709527,0.05925925925925926,0.3333333333333333,0.044444444444444446,0.007407407407407408,0.27004038716382495,0.0,0.0,0.0,0.0,5.837037037037037
https://doi.org/10.1002/maco.201709563,0.00684931506849315,0.8333333333333334,0.0410958904109589,0.0,0.38307209463313874,0.0,0.16666666666666666,0.0,0.16666666666666666,4.684931506849315
https://doi.org/10.1002/maco.201709641,0.058823529411764705,0.3333333333333333,0.06722689075630252,0.0,0.4151804815810295,0.0,0.16666666666666666,0.0,0.0,6.2100840336134455
https://doi.org/10.1002/maco.201709735,0.0594059405940594,0.25,0.019801980198019802,0.0,0.12947224584774278,0.0,0.0,0.0,0.0,6.02970297029703
https://doi.org/10.1002/maco.201709497,0.022058823529411766,0.5,0.03676470588235294,0.007352941176470588,0.19342568291126327,0.0,0.0,0.0,0.0,5.8088235294117645
https://doi.org/10.1002/maco.201709636,0.026785714285714284,0.6,0.0,0.0,0.10412414097938039,0.0,0.0,0.0,0.0,6.133928571428571
https://doi.org/10.1002/maco.201709473,0.03787878787878788,0.5,0.03787878787878788,0.007575757575757576,0.4537872464203618,0.0,0.16666666666666666,0.0,0.0,5.3106060606060606
https://doi.org/10.1002/maco.201709587,0.0136986301369863,0.14285714285714285,0.0410958904109589,0.0,0.28356495266417053,0.0,0.0,0.0,0.14285714285714285,6.4520547945205475
https://doi.org/10.1002/maco.201709723,0.041666666666666664,0.25,0.025,0.008333333333333333,0.37342260837346797,0.0,0.5,0.0,0.0,4.883333333333334
https://doi.org/10.1002/maco.201709761,0.08791208791208792,0.6,0.04395604395604396,0.0,0.11733053024210233,0.0,0.0,0.0,0.0,5.054945054945055
https://doi.org/10.1002/maco.201709873,0.017964071856287425,0.3333333333333333,0.029940119760479042,0.011976047904191617,0.6488376951288367,0.0,0.16666666666666666,0.0,0.0,5.419161676646707
https://doi.org/10.1002/maco.201609415,0.05185185185185185,0.4,0.0,0.0,0.36514837167011077,0.0,0.4,0.0,0.0,6.0
https://doi.org/10.1002/maco.201709432,0.005555555555555556,0.375,0.044444444444444446,0.005555555555555556,0.293131243517176,0.0,0.125,0.0,0.125,4.866666666666666
https://doi.org/10.1002/maco.201709554,0.037037037037037035,0.7142857142857143,0.04938271604938271,0.0,0.28794824172075556,0.0,0.0,0.0,0.0,6.160493827160494
https://doi.org/10.1002/maco.201709920,0.050359712230215826,0.6,0.050359712230215826,0.0,0.30130059843700613,0.0,0.2,0.0,0.0,6.093525179856115
https://doi.org/10.1002/maco.201709738,0.04316546762589928,0.16666666666666666,0.007194244604316547,0.007194244604316547,0.3429927321168407,0.0,0.16666666666666666,0.0,0.0,5.58273381294964
https://doi.org/10.1002/maco.201709694,0.018292682926829267,0.42857142857142855,0.0,0.0,0.34814883960049264,0.0,0.0,0.0,0.0,5.609756097560975
https://doi.org/10.1002/maco.201709813,0.01910828025477707,0.5,0.012738853503184714,0.012738853503184714,0.26683261230131733,0.0,0.75,0.0,0.0,5.496815286624204
https://doi.org/10.1002/maco.201609317,0.016129032258064516,0.3333333333333333,0.08064516129032258,0.0,0.5120808989157272,0.1111111111111111,0.1111111111111111,0.0,0.0,5.462365591397849
https://doi.org/10.1002/maco.201709581,0.01282051282051282,0.0,0.0,0.0,0.22645540682891918,0.0,0.0,0.0,0.0,6.326923076923077
https://doi.org/10.1002/maco.201709476,0.04142011834319527,0.5714285714285714,0.07100591715976332,0.0,0.2576513734565354,0.0,0.0,0.0,0.0,5.674556213017752
https://doi.org/10.1002/maco.201709815,0.043010752688172046,0.5,0.021505376344086023,0.0,0.2760322075912567,0.0,0.0,0.0,0.0,6.258064516129032
https://doi.org/10.1002/maco.201709818,0.03389830508474576,0.5,0.005649717514124294,0.0,0.42433102216102603,0.0,0.0,0.0,0.0,5.864406779661017
https://doi.org/10.1002/maco.201709526,0.01098901098901099,0.2,0.01098901098901099,0.01098901098901099,0.24424297550431723,0.0,0.0,0.0,0.2,5.4945054945054945
https://doi.org/10.1002/maco.201709843,0.0375,0.5,0.04375,0.0125,0.2910111681705704,0.0,0.75,0.0,0.0,5.25
https://doi.org/10.1002/maco.201709684,0.0410958904109589,0.6666666666666666,0.0410958904109589,0.0,0.4889470766458835,0.0,0.3333333333333333,0.0,0.3333333333333333,4.863013698630137
https://doi.org/10.1002/maco.201609347,0.01764705882352941,0.1111111111111111,0.07058823529411765,0.0,0.41344196213660184,0.1111111111111111,0.0,0.0,0.0,6.617647058823529
https://doi.org/10.1002/maco.201709648,0.011976047904191617,0.4,0.03592814371257485,0.005988023952095809,0.4010635221470743,0.0,0.4,0.0,0.2,5.251497005988024
https://doi.org/10.1002/maco.201709907,0.022099447513812154,0.2,0.016574585635359115,0.0055248618784530384,0.2756346891329596,0.0,0.0,0.0,0.1,5.54696132596685
https://doi.org/10.1002/maco.201709676,0.027624309392265192,0.2857142857142857,0.0055248618784530384,0.011049723756906077,0.3461756949794595,0.0,0.2857142857142857,0.0,0.0,5.56353591160221
https://doi.org/10.1002/maco.201709940,0.018433179723502304,0.42857142857142855,0.041474654377880185,0.009216589861751152,0.6903527277107321,0.0,0.2857142857142857,0.0,0.0,5.43778801843318
https://doi.org/10.1002/maco.201609319,0.03125,0.0,0.0,0.0,0.22008521077073762,0.0,0.2,0.0,0.0,5.9375
https://doi.org/10.1002/maco.201709781,0.08396946564885496,0.0,0.0,0.0,0.33387675921571053,0.0,0.0,0.0,0.0,6.106870229007634
https://doi.org/10.1002/maco.201709879,0.04316546762589928,0.14285714285714285,0.03597122302158273,0.007194244604316547,0.31210089156091886,0.0,0.0,0.0,0.14285714285714285,6.575539568345324
https://doi.org/10.1002/maco.201709882,0.044444444444444446,0.3333333333333333,0.037037037037037035,0.007407407407407408,0.312957484063372,0.0,0.0,0.0,0.0,6.2444444444444445
https://doi.org/10.1002/maco.201709620,0.01,0.0,0.05,0.01,0.09797958971132711,0.0,0.0,0.0,0.0,5.78
https://doi.org/10.1002/maco.201709685,0.026143790849673203,0.0,0.0784313725490196,0.0,0.16483032958063387,0.0,0.0,0.0,0.0,6.071895424836601
https://doi.org/10.1002/maco.201709705,0.014598540145985401,0.5,0.0,0.0072992700729927005,0.26569744121461747,0.0,0.0,0.0,0.0,4.9489051094890515
https://doi.org/10.1002/maco.201709765,0.017142857142857144,0.1111111111111111,0.022857142857142857,0.0,0.3333931919043388,0.0,0.0,0.0,0.0,5.954285714285715
https://doi.org/10.1002/maco.201709880,0.012345679012345678,0.45454545454545453,0.0,0.00411522633744856,0.31031098800837625,0.0,0.09090909090909091,0.0,0.0,5.489711934156379
https://doi.org/10.1002/maco.201709502,0.056818181818181816,0.2,0.03409090909090909,0.0,0.3040701854604466,0.1,0.0,0.0,0.0,5.721590909090909
https://doi.org/10.1002/maco.201709742,0.015748031496062992,0.3333333333333333,0.06299212598425197,0.007874015748031496,0.41939760584522123,0.0,0.0,0.0,0.0,5.9763779527559056
https://doi.org/10.1002/maco.201709465,0.018404907975460124,0.16666666666666666,0.018404907975460124,0.012269938650306749,0.34361305435436684,0.0,0.16666666666666666,0.0,0.16666666666666666,5.386503067484663
https://doi.org/10.1002/maco.201709915,0.015706806282722512,0.375,0.10471204188481675,0.005235602094240838,0.20672342431832078,0.0,0.125,0.0,0.0,5.832460732984293
https://doi.org/10.1002/maco.201709736,0.019801980198019802,0.75,0.0297029702970297,0.009900990099009901,0.38333585510110774,0.0,0.25,0.0,0.0,5.108910891089109
https://doi.org/10.1002/maco.201609215,0.015384615384615385,0.3333333333333333,0.09230769230769231,0.015384615384615385,0.36308996065249066,0.0,0.16666666666666666,0.0,0.16666666666666666,6.569230769230769
https://doi.org/10.1002/maco.201609358,0.061946902654867256,0.3333333333333333,0.0,0.0,0.23877411616339894,0.0,0.6666666666666666,0.0,0.0,5.778761061946903
https://doi.org/10.1002/maco.201709688,0.06077348066298342,0.5,0.022099447513812154,0.0055248618784530384,0.35051319172512485,0.0,0.3333333333333333,0.0,0.0,5.657458563535911
https://doi.org/10.1002/maco.201709577,0.017241379310344827,0.7142857142857143,0.011494252873563218,0.0,0.41331389876701613,0.0,0.2857142857142857,0.0,0.0,4.827586206896552
https://doi.org/10.1002/maco.201609276,0.04516129032258064,0.6,0.04516129032258064,0.0064516129032258064,0.3407771005482389,0.0,0.4,0.0,0.4,5.838709677419355
https://doi.org/10.1002/maco.201709488,0.041916167664670656,0.2857142857142857,0.04790419161676647,0.0,0.4029366189523526,0.0,0.14285714285714285,0.0,0.0,5.664670658682635
https://doi.org/10.1002/maco.201709515,0.005813953488372093,0.6,0.03488372093023256,0.005813953488372093,0.2524889622163775,0.0,0.4,0.0,0.0,5.47093023255814
https://doi.org/10.1002/maco.201709814,0.013333333333333334,0.625,0.0044444444444444444,0.008888888888888889,0.38926331181595564,0.0,0.375,0.0,0.0,4.973333333333334
https://doi.org/10.1002/maco.201709903,0.032679738562091505,0.3333333333333333,0.0457516339869281,0.006535947712418301,0.2770655999245313,0.0,0.16666666666666666,0.0,0.0,5.823529411764706
https://doi.org/10.1002/maco.201609168,0.031446540880503145,0.8,0.025157232704402517,0.006289308176100629,0.4933800920114513,0.0,0.4,0.0,0.4,5.80503144654088
https://doi.org/10.1002/maco.201709462,0.015151515151515152,0.1111111111111111,0.05555555555555555,0.0,0.30903148567229,0.0,0.0,0.0,0.0,5.848484848484849
https://doi.org/10.1002/maco.201709507,0.05102040816326531,0.8,0.061224489795918366,0.0,0.4177446834787494,0.0,0.0,0.0,0.0,5.683673469387755
https://doi.org/10.1002/maco.201709494,0.04201680672268908,0.4,0.0,0.0,0.2702173981649332,0.0,0.0,0.0,0.4,5.823529411764706
https://doi.org/10.1002/maco.201709865,0.022099447513812154,0.4444444444444444,0.0718232044198895,0.0,0.40966021904788125,0.0,0.0,0.0,0.0,5.49171270718232
https://doi.org/10.1002/maco.201709609,0.026845637583892617,0.5,0.06711409395973154,0.006711409395973154,0.3814891675469077,0.0,0.0,0.0,0.0,4.946308724832215
https://doi.org/10.1002/maco.201709487,0.03,1.0,0.0,0.0,0.40249223594996214,0.0,0.0,0.0,0.0,5.84
https://doi.org/10.1002/maco.201709600,0.011235955056179775,0.7142857142857143,0.07865168539325842,0.0,0.32487263583822384,0.0,0.14285714285714285,0.0,0.0,5.056179775280899
https://doi.org/10.1002/maco.201709461,0.009523809523809525,0.16666666666666666,0.0,0.009523809523809525,0.32618178646749924,0.0,0.0,0.0,0.16666666666666666,5.828571428571428
https://doi.org/10.1002/maco.201709472,0.043859649122807015,0.5,0.09649122807017543,0.0,0.3926847243087613,0.16666666666666666,0.0,0.0,0.0,4.649122807017544
https://doi.org/10.1002/maco.201709484,0.038461538461538464,0.8333333333333334,0.02564102564102564,0.00641025641025641,0.25024642687106585,0.0,0.16666666666666666,0.0,0.16666666666666666,5.397435897435898
https://doi.org/10.1002/maco.201609386,0.019801980198019802,0.0,0.0,0.0,0.1907065374679032,0.0,0.0,0.0,0.0,6.0
https://doi.org/10.1002/maco.201609363,0.023668639053254437,0.0,0.07100591715976332,0.011834319526627219,0.20048608693606407,0.0,0.0,0.0,0.1111111111111111,5.8698224852071
https://doi.org/10.1002/maco.201609351,0.03529411764705882,0.5,0.0,0.0,0.47570744986248775,0.0,0.25,0.0,0.0,5.294117647058823
https://doi.org/10.1002/maco.201709649,0.035211267605633804,0.375,0.035211267605633804,0.0,0.3971231599963855,0.0,0.0,0.0,0.0,5.78169014084507
https://doi.org/10.1002/maco.201709794,0.032520325203252036,0.8,0.07317073170731707,0.0,0.23366029045853517,0.0,0.0,0.0,0.0,5.845528455284553
https://doi.org/10.1002/maco.201609346,0.019736842105263157,0.4,0.08552631578947369,0.006578947368421052,0.36900799111526733,0.0,0.4,0.0,0.0,5.565789473684211
https://doi.org/10.1002/maco.201609388,0.05084745762711865,0.5,0.01694915254237288,0.0,0.2854645219584131,0.0,0.16666666666666666,0.0,0.0,5.502824858757062
https://doi.org/10.1002/maco.201609369,0.01282051282051282,0.42857142857142855,0.02564102564102564,0.01282051282051282,0.21007653343812743,0.0,0.0,0.0,0.14285714285714285,5.628205128205129
https://doi.org/10.1002/maco.201709888,0.043243243243243246,0.42857142857142855,0.03783783783783784,0.0,0.39366792337368917,0.0,0.14285714285714285,0.0,0.0,6.264864864864865
https://doi.org/10.1002/maco.201709924,0.034482758620689655,0.2857142857142857,0.08045977011494253,0.0,0.3867265250864534,0.0,0.2857142857142857,0.0,0.0,5.591954022988506
https://doi.org/10.1002/maco.201709419,0.01694915254237288,0.2,0.0,0.0,0.27277079558357764,0.0,0.0,0.0,0.0,6.016949152542373
https://doi.org/10.1002/maco.201709702,0.015789473684210527,0.0,0.07894736842105263,0.005263157894736842,0.19034885600026447,0.0,0.0,0.0,0.125,5.842105263157895
https://doi.org/10.1002/maco.201609408,0.0335195530726257,0.1,0.03910614525139665,0.0,0.3743016759776537,0.0,0.0,0.0,0.1,5.558659217877095
https://doi.org/10.1002/maco.201709797,0.023255813953488372,0.2,0.0,0.0,0.46424336692272394,0.0,0.1,0.0,0.0,6.075581395348837
https://doi.org/10.1002/maco.201709712,0.01485148514851485,0.5,0.019801980198019802,0.0,0.48281922139550926,0.0,0.3333333333333333,0.0,0.0,4.816831683168317
https://doi.org/10.1002/maco.201709658,0.03723404255319149,0.3333333333333333,0.05319148936170213,0.005319148936170213,0.30202275673571044,0.0,0.3333333333333333,0.0,0.0,5.829787234042553
https://doi.org/10.1002/maco.201609389,0.028846153846153848,0.2,0.0,0.009615384615384616,0.3091910613617986,0.0,0.0,0.0,0.2,5.769230769230769
https://doi.org/10.1002/maco.201709637,0.03333333333333333,0.0,0.05,0.0,0.49413223601245315,0.0,0.16666666666666666,0.0,0.16666666666666666,5.808333333333334
https://doi.org/10.1002/maco.201609387,0.061224489795918366,0.0,0.0,0.0,0.32525260103080056,0.0,0.0,0.0,0.0,7.061224489795919
https://doi.org/10.1002/maco.201709513,0.018018018018018018,0.6,0.0,0.009009009009009009,0.2177125400647671,0.0,0.0,0.0,0.0,4.63963963963964
https://doi.org/10.1002/maco.201609414,0.011764705882352941,0.3333333333333333,0.08235294117647059,0.0058823529411764705,0.31742911913487154,0.0,0.3333333333333333,0.0,0.16666666666666666,5.364705882352941
https://doi.org/10.1002/maco.201709604,0.022727272727272728,0.8333333333333334,0.0,0.0,0.28020063649858984,0.0,0.0,0.0,0.0,6.5227272727272725
https://doi.org/10.1002/maco.201609406,0.049586776859504134,0.0,0.049586776859504134,0.008264462809917356,0.4270416754632666,0.0,0.0,0.0,0.14285714285714285,6.074380165289257
https://doi.org/10.1002/maco.201709522,0.024096385542168676,0.0,0.024096385542168676,0.0,0.5908530041079145,0.0,0.16666666666666666,0.0,0.16666666666666666,5.734939759036145
https://doi.org/10.1002/maco.201609265,0.009523809523809525,0.42857142857142855,0.08571428571428572,0.009523809523809525,0.3251373336211726,0.0,0.14285714285714285,0.0,0.0,5.109523809523809
https://doi.org/10.1002/maco.201709469,0.0196078431372549,1.0,0.0,0.0,0.1595628185063229,0.0,0.2,0.0,0.0,6.137254901960785
https://doi.org/10.1002/maco.201709555,0.06153846153846154,0.3333333333333333,0.015384615384615385,0.015384615384615385,0.3367087481267583,0.16666666666666666,0.0,0.0,0.0,5.153846153846154
https://doi.org/10.1002/maco.201709753,0.033783783783783786,0.0,0.006756756756756757,0.0,0.5912065636277665,0.0,0.4,0.0,0.0,5.6891891891891895
https://doi.org/10.1002/maco.201709703,0.04375,0.3333333333333333,0.0875,0.00625,0.31942330847951594,0.0,0.16666666666666666,0.0,0.0,5.18125
https://doi.org/10.1002/maco.201609336,0.006535947712418301,0.16666666666666666,0.032679738562091505,0.013071895424836602,0.22950391981803187,0.0,0.16666666666666666,0.0,0.16666666666666666,5.503267973856209
https://doi.org/10.1002/maco.201609341,0.02,0.3333333333333333,0.03,0.01,0.4636809247747851,0.0,0.3333333333333333,0.0,0.0,5.7
https://doi.org/10.1002/maco.201709756,0.056818181818181816,0.3333333333333333,0.022727272727272728,0.011363636363636364,0.2525694405783281,0.0,0.3333333333333333,0.0,0.0,5.909090909090909
https://doi.org/10.1002/maco.201609202,0.034482758620689655,0.0,0.0,0.0,0.377564774842686,0.0,0.125,0.0,0.0,5.977011494252873
https://doi.org/10.1002/maco.201609343,0.06306306306306306,0.75,0.018018018018018018,0.009009009009009009,0.3756875578737485,0.0,0.25,0.0,0.25,5.36036036036036
https://doi.org/10.1002/maco.201709727,0.018292682926829267,0.14285714285714285,0.006097560975609756,0.006097560975609756,0.48765241519834657,0.0,0.14285714285714285,0.0,0.0,5.591463414634147
https://doi.org/10.1002/maco.201709647,0.017543859649122806,0.5,0.021929824561403508,0.0043859649122807015,0.4217829922867125,0.0,0.25,0.0,0.0,5.0964912280701755
https://doi.org/10.1002/maco.201609313,0.029850746268656716,0.6,0.0,0.007462686567164179,0.6676498282491056,0.2,0.2,0.0,0.0,6.007462686567164
https://doi.org/10.1002/maco.201709602,0.029197080291970802,0.2,0.0,0.0072992700729927005,0.6481981977895862,0.0,0.2,0.0,0.0,4.759124087591241
https://doi.org/10.1002/maco.201709521,0.01098901098901099,0.07142857142857142,0.0,0.005494505494505495,0.2892845402436963,0.0,0.0,0.0,0.07142857142857142,5.351648351648351
https://doi.org/10.1002/maco.201709929,0.013888888888888888,0.14285714285714285,0.09027777777777778,0.0,0.4887823431879937,0.0,0.14285714285714285,0.0,0.0,5.930555555555555
https://doi.org/10.1002/maco.201609350,0.014705882352941176,0.0,0.03676470588235294,0.007352941176470588,0.4308848624701062,0.0,0.2,0.0,0.0,5.639705882352941
https://doi.org/10.1002/maco.201609394,0.03208556149732621,0.375,0.0106951871657754,0.0,0.43150143181538375,0.0,0.125,0.0,0.0,5.352941176470588
https://doi.org/10.1002/maco.201709453,0.043243243243243246,0.5,0.010810810810810811,0.005405405405405406,0.4468214174688122,0.0,0.3333333333333333,0.0,0.16666666666666666,5.367567567567567
https://doi.org/10.1002/maco.201609289,0.0,0.3333333333333333,0.024390243902439025,0.0,0.34493013716416954,0.0,0.0,0.0,0.0,5.201219512195122
https://doi.org/10.1002/maco.201709659,0.044642857142857144,0.4,0.044642857142857144,0.008928571428571428,0.17541859557489733,0.0,0.0,0.0,0.0,6.035714285714286
https://doi.org/10.1002/maco.201709528,0.017543859649122806,0.14285714285714285,0.029239766081871343,0.005847953216374269,0.20625955659120934,0.0,0.0,0.0,0.0,5.631578947368421
https://doi.org/10.1002/maco.201709932,0.021164021164021163,0.3333333333333333,0.031746031746031744,0.0,0.24743582965269675,0.0,0.0,0.0,0.08333333333333333,5.190476190476191
https://doi.org/10.1002/maco.201709464,0.005319148936170213,0.625,0.047872340425531915,0.0,0.19959215999248636,0.0,0.0,0.0,0.0,5.617021276595745
https://doi.org/10.1002/maco.201609405,0.02252252252252252,0.4166666666666667,0.04054054054054054,0.0,0.33430586153656705,0.0,0.0,0.0,0.0,5.617117117117117
https://doi.org/10.1002/maco.201709550,0.012987012987012988,0.14285714285714285,0.05844155844155844,0.0,0.38030001206094344,0.0,0.14285714285714285,0.0,0.0,6.636363636363637
https://doi.org/10.1002/maco.201709895,0.021505376344086023,0.25,0.0,0.0,0.32596787938116384,0.0,0.125,0.0,0.0,5.344086021505376
https://doi.org/10.1002/maco.201770011,0.047619047619047616,0.25,0.011904761904761904,0.0,0.53239713749995,0.25,0.0,0.0,0.0,5.190476190476191
https://doi.org/10.1002/maco.201609333,0.015873015873015872,0.2857142857142857,0.015873015873015872,0.010582010582010581,0.382346069103485,0.0,0.2857142857142857,0.0,0.14285714285714285,5.677248677248677
https://doi.org/10.1002/maco.201609304,0.017391304347826087,0.2,0.05217391304347826,0.0,0.5360360002581718,0.0,0.2,0.0,0.0,6.48695652173913
https://doi.org/10.1002/maco.201709564,0.06611570247933884,0.5,0.05785123966942149,0.0,0.1642529497053867,0.0,0.0,0.0,0.25,6.429752066115703
https://doi.org/10.1002/maco.201709498,0.005434782608695652,0.5714285714285714,0.09782608695652174,0.0,0.2206280775020048,0.0,0.14285714285714285,0.0,0.0,5.244565217391305
https://doi.org/10.1002/maco.201709671,0.006097560975609756,0.0,0.0,0.0,0.31353561298005955,0.0,0.14285714285714285,0.0,0.0,5.841463414634147
https://doi.org/10.1002/maco.201709902,0.010526315789473684,0.1,0.0,0.010526315789473684,0.21443735565750907,0.0,0.0,0.0,0.0,5.5473684210526315
https://doi.org/10.1002/maco.201709456,0.014423076923076924,0.7142857142857143,0.028846153846153848,0.004807692307692308,0.3019292013097612,0.0,0.2857142857142857,0.0,0.14285714285714285,5.5625
https://doi.org/10.1002/maco.201609244,0.0,1.0,0.0658682634730539,0.0,0.362065064858227,0.0,0.2,0.0,0.0,4.473053892215569
https://doi.org/10.1002/maco.201609184,0.01910828025477707,0.125,0.006369426751592357,0.006369426751592357,0.2731437151897015,0.0,0.0,0.0,0.0,5.464968152866242
https://doi.org/10.1002/maco.201709665,0.006622516556291391,0.16666666666666666,0.006622516556291391,0.0,0.33981964531569525,0.0,0.16666666666666666,0.0,0.0,5.337748344370861
https://doi.org/10.1002/maco.201770021,0.04,0.6,0.0,0.0,1.0052661339167852,0.2,0.2,0.0,0.0,6.28
https://doi.org/10.1002/maco.201770031,0.0,0.5,0.037037037037037035,0.0,0.8518518518518519,0.5,0.0,0.0,0.0,4.925925925925926
https://doi.org/10.1002/maco.201770091,0.0,0.5,0.07407407407407407,0.0,0.8518518518518519,0.5,0.0,0.0,0.0,4.962962962962963
https://doi.org/10.1002/maco.201770064,0.009216589861751152,1.0,0.018433179723502304,0.0,0.0,0.0,1.0,0.0,0.0,5.824884792626728
https://doi.org/10.1002/maco.201770051,0.028037383177570093,0.14285714285714285,0.018691588785046728,0.0,0.7781741902118174,0.5,0.0,0.0,0.0,5.682242990654205
https://doi.org/10.1002/maco.201770074,0.014492753623188406,0.0,0.057971014492753624,0.0,0.0,0.0,1.0,0.0,0.0,6.0
https://doi.org/10.1002/maco.201770071,0.011363636363636364,0.1111111111111111,0.0,0.0,0.9170109546287277,0.4444444444444444,0.0,0.0,0.0,5.2272727272727275
https://doi.org/10.1002/maco.201770101,0.021739130434782608,0.1111111111111111,0.021739130434782608,0.0,1.1600428582135445,0.6666666666666666,0.0,0.0,0.0,5.1521739130434785
https://doi.org/10.1002/maco.201770121,0.020833333333333332,0.25,0.08333333333333333,0.0,0.4370036867375631,0.25,0.0,0.0,0.0,5.041666666666667
https://doi.org/10.1002/maco.201770114,0.0,0.0,0.0,0.0,0.0,1.0,0.0,0.0,0.0,8.5
https://doi.org/10.1002/maco.201770035,0.0,0.4,0.0,0.0,0.34426518632954817,0.0,0.0,0.0,0.0,6.033333333333333
https://doi.org/10.1002/maco.201770106,0.0,0.0,0.0,0.0,0.0,1.0,0.0,0.0,0.0,3.6666666666666665
https://doi.org/10.1002/maco.201770056,0.01818181818181818,1.0,0.0,0.0,0.0,0.0,1.0,0.0,0.0,4.290909090909091
https://doi.org/10.1002/maco.201770041,0.04950495049504951,0.07692307692307693,0.0,0.0,1.4074040633135971,0.6923076923076923,0.0,0.0,0.0,5.227722772277228
https://doi.org/10.1002/maco.201770061,0.030303030303030304,0.16666666666666666,0.0,0.0,0.9889193255806497,0.5,0.0,0.0,0.0,5.53030303030303
https://doi.org/10.1002/maco.201770081,0.007462686567164179,0.3333333333333333,0.022388059701492536,0.0,0.8347541166632575,0.16666666666666666,0.16666666666666666,0.0,0.0,6.365671641791045
https://doi.org/10.1108/acmm-06-2018-1955,0.014285714285714285,0.07692307692307693,0.004761904761904762,0.009523809523809525,0.5455655078503489,0.07692307692307693,0.07692307692307693,0.0,0.0,6.123809523809523
https://doi.org/10.1108/acmm-12-2017-1866,0.009389671361502348,0.45454545454545453,0.04225352112676056,0.004694835680751174,0.48609123401107174,0.18181818181818182,0.09090909090909091,0.0,0.0,4.713615023474178
https://doi.org/10.1108/acmm-03-2017-1778,0.0049504950495049506,0.5,0.024752475247524754,0.009900990099009901,0.4371037634582994,0.0,0.3333333333333333,0.0,0.16666666666666666,5.2227722772277225
https://doi.org/10.1108/acmm-03-2018-1911,0.011142061281337047,0.125,0.04456824512534819,0.005571030640668524,0.44761939823255137,0.0,0.125,0.0,0.0625,5.816155988857939
https://doi.org/10.1108/acmm-03-2017-1775,0.008403361344537815,0.0,0.0,0.004201680672268907,0.419621493235173,0.0,0.1111111111111111,0.0,0.1111111111111111,6.079831932773109
https://doi.org/10.1108/acmm-06-2018-1957,0.004273504273504274,0.09090909090909091,0.0,0.004273504273504274,0.34257408245865095,0.09090909090909091,0.0,0.0,0.0,6.141025641025641
https://doi.org/10.1108/acmm-05-2018-1946,0.027777777777777776,0.09090909090909091,0.023148148148148147,0.004629629629629629,0.5412510276176105,0.0,0.09090909090909091,0.0,0.0,6.236111111111111
https://doi.org/10.1108/acmm-12-2017-1869,0.014218009478672985,0.3,0.014218009478672985,0.004739336492890996,0.3479137848764541,0.0,0.1,0.0,0.0,6.0663507109004735
https://doi.org/10.1108/acmm-05-2018-1939,0.013745704467353952,0.23529411764705882,0.041237113402061855,0.006872852233676976,0.3116366748798525,0.0,0.0,0.0,0.11764705882352941,5.415807560137457
https://doi.org/10.1108/acmm-06-2018-1954,0.021604938271604937,0.2857142857142857,0.027777777777777776,0.0030864197530864196,0.48471531924445876,0.0,0.14285714285714285,0.0,0.07142857142857142,5.469135802469136
https://doi.org/10.1108/acmm-04-2018-1920,0.02112676056338028,0.3333333333333333,0.014084507042253521,0.014084507042253521,0.3214848510003754,0.0,0.0,0.0,0.0,6.450704225352113
https://doi.org/10.1108/acmm-09-2017-1837,0.017142857142857144,0.5714285714285714,0.022857142857142857,0.005714285714285714,0.22116574263272717,0.0,0.0,0.0,0.0,6.217142857142857
https://doi.org/10.1108/acmm-04-2017-1785,0.0106951871657754,0.0,0.03208556149732621,0.0053475935828877,0.43921944809371266,0.0,0.0,0.0,0.0,5.754010695187166
https://doi.org/10.1108/acmm-07-2018-1969,0.02617801047120419,0.7272727272727273,0.02617801047120419,0.005235602094240838,0.5061232470532766,0.0,0.36363636363636365,0.09090909090909091,0.0,5.5863874345549736
https://doi.org/10.1108/acmm-02-2018-1897,0.00966183574879227,0.09090909090909091,0.0,0.004830917874396135,0.3552613779874442,0.0,0.0,0.0,0.0,6.285024154589372
https://doi.org/10.1108/acmm-03-2018-1917,0.013651877133105802,0.35714285714285715,0.07167235494880546,0.0034129692832764505,0.34145047740462015,0.0,0.07142857142857142,0.0,0.0,5.539249146757679
https://doi.org/10.1108/acmm-06-2018-1959,0.022727272727272728,0.21428571428571427,0.005681818181818182,0.002840909090909091,0.4681556148889663,0.0,0.14285714285714285,0.0,0.0,5.761363636363637
https://doi.org/10.1108/acmm-07-2018-1973,0.017241379310344827,0.1,0.05172413793103448,0.008620689655172414,0.32416544270626146,0.0,0.1,0.0,0.1,5.405172413793103
https://doi.org/10.1108/acmm-06-2017-1810,0.013468013468013467,0.05555555555555555,0.013468013468013467,0.006734006734006734,0.49987244572358064,0.0,0.0,0.0,0.0,5.878787878787879
https://doi.org/10.1108/acmm-06-2017-1808,0.02027027027027027,0.2727272727272727,0.057432432432432436,0.0033783783783783786,0.507926577693318,0.09090909090909091,0.2727272727272727,0.0,0.09090909090909091,5.9324324324324325
https://doi.org/10.1108/acmm-02-2018-1900,0.014778325123152709,0.5,0.009852216748768473,0.0,0.49352132606330557,0.0,0.3333333333333333,0.0,0.0,5.364532019704433
https://doi.org/10.1108/acmm-05-2018-1941,0.024096385542168676,0.25925925925925924,0.030120481927710843,0.004016064257028112,0.46436367085787394,0.037037037037037035,0.037037037037037035,0.0,0.037037037037037035,5.198795180722891
https://doi.org/10.1108/acmm-06-2018-1958,0.02952029520295203,0.35294117647058826,0.03690036900369004,0.0036900369003690036,0.27509961357366497,0.0,0.0,0.0,0.058823529411764705,5.7749077490774905
https://doi.org/10.1108/acmm-08-2017-1824,0.01507537688442211,0.18181818181818182,0.04522613065326633,0.005025125628140704,0.5703019481049691,0.09090909090909091,0.09090909090909091,0.0,0.0,6.432160804020101
https://doi.org/10.1108/acmm-05-2018-1928,0.021739130434782608,0.0,0.04782608695652174,0.004347826086956522,0.4938563960166745,0.0,0.18181818181818182,0.0,0.0,5.8478260869565215
https://doi.org/10.1108/acmm-10-2017-1857,0.0196078431372549,0.25,0.0,0.006535947712418301,0.3598334538170145,0.0,0.0,0.0,0.125,5.993464052287582
https://doi.org/10.1108/acmm-12-2017-1874,0.02694610778443114,0.25,0.038922155688622756,0.0029940119760479044,0.4304302245503461,0.0,0.125,0.0,0.0,5.679640718562874
https://doi.org/10.1108/acmm-05-2018-1937,0.016736401673640166,0.0,0.09623430962343096,0.0041841004184100415,0.37085388796921076,0.0,0.09090909090909091,0.0,0.0,5.861924686192468
https://doi.org/10.1108/acmm-02-2018-1901,0.01818181818181818,0.4,0.024242424242424242,0.012121212121212121,0.6651497894641796,0.3,0.1,0.0,0.0,5.6
https://doi.org/10.1108/acmm-11-2016-1735,0.013227513227513227,0.3333333333333333,0.018518518518518517,0.0026455026455026454,0.476278651448373,0.0,0.3333333333333333,0.0,0.0,5.833333333333333
https://doi.org/10.1108/acmm-12-2017-1867,0.02631578947368421,0.0,0.039473684210526314,0.006578947368421052,0.19648927004036942,0.0,0.0,0.0,0.14285714285714285,6.046052631578948
https://doi.org/10.1108/acmm-04-2018-1922,0.020161290322580645,0.5555555555555556,0.12096774193548387,0.008064516129032258,0.2352572926744326,0.0,0.1111111111111111,0.0,0.0,6.104838709677419
https://doi.org/10.1108/acmm-03-2018-1913,0.015544041450777202,0.1,0.031088082901554404,0.0,0.18399254823383113,0.0,0.0,0.0,0.0,5.849740932642487
https://doi.org/10.1108/acmm-01-2018-1886,0.02962962962962963,0.3333333333333333,0.05185185185185185,0.007407407407407408,0.4071379580344088,0.0,0.16666666666666666,0.0,0.0,5.451851851851852
https://doi.org/10.1108/acmm-05-2018-1932,0.002857142857142857,0.375,0.0,0.008571428571428572,0.44229457355468244,0.0,0.125,0.0,0.0,6.017142857142857
https://doi.org/10.1108/acmm-05-2018-1942,0.025210084033613446,0.5714285714285714,0.04201680672268908,0.0,0.24355255035612502,0.0,0.0,0.0,0.0,5.563025210084033
https://doi.org/10.1108/acmm-06-2017-1805,0.03088803088803089,0.3333333333333333,0.011583011583011582,0.003861003861003861,0.5925729055904816,0.0,0.08333333333333333,0.0,0.08333333333333333,5.706563706563706
https://doi.org/10.1108/acmm-04-2018-1927,0.01818181818181818,0.125,0.07272727272727272,0.006060606060606061,0.38402440999856696,0.0,0.125,0.0,0.0,5.818181818181818
https://doi.org/10.1108/acmm-03-2017-1770,0.01627906976744186,0.4,0.01627906976744186,0.002325581395348837,0.4958453674764035,0.05,0.1,0.0,0.0,5.660465116279069
https://doi.org/10.1108/acmm-09-2017-1839,0.009009009009009009,0.3,0.02702702702702703,0.0045045045045045045,0.2570332003186866,0.0,0.0,0.0,0.0,6.3108108108108105
https://doi.org/10.1108/acmm-09-2017-1850,0.005509641873278237,0.09090909090909091,0.03581267217630854,0.0027548209366391185,0.374047472672037,0.0,0.36363636363636365,0.0,0.0,5.542699724517906
https://doi.org/10.1108/acmm-05-2018-1935,0.012195121951219513,0.8,0.0,0.006097560975609756,0.25317731087837436,0.0,0.2,0.0,0.0,5.536585365853658
https://doi.org/10.1108/acmm-01-2018-1891,0.018691588785046728,0.36363636363636365,0.014018691588785047,0.004672897196261682,0.29271887408160424,0.09090909090909091,0.0,0.0,0.09090909090909091,6.457943925233645
https://doi.org/10.1108/acmm-09-2017-1847,0.005747126436781609,0.6666666666666666,0.0,0.011494252873563218,0.4199730093435658,0.0,0.16666666666666666,0.0,0.0,5.810344827586207
https://doi.org/10.1108/acmm-07-2018-1977,0.006968641114982578,0.0,0.0313588850174216,0.013937282229965157,0.2404686105641619,0.0,0.0,0.0,0.0,5.7491289198606275
https://doi.org/10.1108/acmm-01-2017-1750,0.014563106796116505,0.6666666666666666,0.0,0.0048543689320388345,0.3489747719536199,0.0,0.5,0.0,0.0,6.135922330097087
https://doi.org/10.1108/acmm-05-2018-1934,0.027932960893854747,0.18181818181818182,0.0,0.00558659217877095,0.26215347947821377,0.0,0.0,0.0,0.09090909090909091,5.877094972067039
https://doi.org/10.1108/acmm-07-2018-1961,0.04081632653061224,0.625,0.03571428571428571,0.01020408163265306,0.35289013195490987,0.0,0.0,0.0,0.0,6.061224489795919
https://doi.org/10.1108/acmm-06-2018-1950,0.016304347826086956,0.4444444444444444,0.005434782608695652,0.005434782608695652,0.3927359079378189,0.0,0.1111111111111111,0.0,0.0,5.0978260869565215
https://doi.org/10.1108/acmm-04-2017-1789,0.03225806451612903,0.14285714285714285,0.04516129032258064,0.0064516129032258064,0.30670617610334744,0.0,0.0,0.0,0.0,6.161290322580645
https://doi.org/10.1108/acmm-05-2018-1929,0.011940298507462687,1.0,0.01791044776119403,0.011940298507462687,0.36415463583079577,0.0,0.4444444444444444,0.0,0.1111111111111111,5.501492537313433
https://doi.org/10.1108/acmm-04-2018-1918,0.02824858757062147,0.42857142857142855,0.0,0.005649717514124294,0.4167791670397286,0.0,0.14285714285714285,0.0,0.0,5.779661016949152
https://doi.org/10.1108/acmm-03-2018-1916,0.008032128514056224,0.25,0.06827309236947791,0.008032128514056224,0.2748291102156727,0.0,0.0,0.0,0.0,5.248995983935743
https://doi.org/10.1108/acmm-05-2017-1795,0.024291497975708502,0.5,0.05668016194331984,0.004048582995951417,0.33047449938692336,0.0,0.375,0.0,0.0,5.627530364372469
https://doi.org/10.1108/acmm-04-2018-1924,0.01932367149758454,0.5555555555555556,0.043478260869565216,0.004830917874396135,0.337404252951386,0.0,0.1111111111111111,0.0,0.0,5.599033816425121
https://doi.org/10.1108/acmm-11-2016-1730,0.01282051282051282,0.6666666666666666,0.0,0.01282051282051282,0.32986359821201555,0.0,0.1111111111111111,0.0,0.0,5.85042735042735
https://doi.org/10.1108/acmm-01-2018-1889,0.012195121951219513,0.45454545454545453,0.0,0.0040650406504065045,0.44929274405359676,0.0,0.18181818181818182,0.0,0.18181818181818182,5.991869918699187
https://doi.org/10.1108/acmm-06-2017-1811,0.017857142857142856,0.6,0.008928571428571428,0.008928571428571428,0.5435439734008723,0.2,0.2,0.0,0.0,5.991071428571429
https://doi.org/10.1108/acmm-12-2016-1739,0.004424778761061947,0.1111111111111111,0.0,0.004424778761061947,0.3029600490021892,0.0,0.1111111111111111,0.0,0.1111111111111111,5.743362831858407
https://doi.org/10.1108/acmm-08-2018-1978,0.027777777777777776,0.2222222222222222,0.009259259259259259,0.009259259259259259,0.4648111258522642,0.0,0.1111111111111111,0.0,0.0,6.157407407407407
https://doi.org/10.1108/acmm-01-2018-1890,0.012422360248447204,0.16666666666666666,0.043478260869565216,0.012422360248447204,0.386942065271367,0.0,0.16666666666666666,0.0,0.0,5.913043478260869
https://doi.org/10.1108/acmm-07-2017-1814,0.010362694300518135,0.125,0.06217616580310881,0.0051813471502590676,0.30561164980432387,0.0,0.125,0.0,0.0,6.305699481865285
https://doi.org/10.1108/acmm-01-2018-1888,0.022058823529411766,0.3333333333333333,0.0,0.007352941176470588,0.20640689481791472,0.0,0.0,0.0,0.0,6.397058823529412
https://doi.org/10.1108/acmm-06-2018-1948,0.0176678445229682,0.25,0.07420494699646643,0.007067137809187279,0.48205702814765083,0.0,0.25,0.0,0.0,5.18374558303887
https://doi.org/10.1108/acmm-04-2018-1926,0.04484304932735426,0.2857142857142857,0.05829596412556054,0.004484304932735426,0.302682278577331,0.0,0.2857142857142857,0.0,0.0,5.9058295964125564
https://doi.org/10.1108/acmm-03-2018-1915,0.025477707006369428,0.3333333333333333,0.03184713375796178,0.012738853503184714,0.6883992041235232,0.0,0.16666666666666666,0.0,0.0,6.24203821656051
https://doi.org/10.1108/acmm-12-2017-1876,0.008097165991902834,0.5,0.02834008097165992,0.008097165991902834,0.45766898432337727,0.0,0.08333333333333333,0.0,0.0,5.020242914979757
https://doi.org/10.1108/acmm-01-2018-1883,0.02,0.5555555555555556,0.032,0.02,0.4029491283028169,0.0,0.2222222222222222,0.0,0.0,5.196
https://doi.org/10.1108/acmm-08-2018-1980,0.023255813953488372,0.6666666666666666,0.0,0.005813953488372093,0.2874234207978668,0.0,0.3333333333333333,0.0,0.0,6.162790697674419
https://doi.org/10.1108/acmm-07-2017-1817,0.016286644951140065,0.26666666666666666,0.029315960912052116,0.006514657980456026,0.3633929711842495,0.0,0.06666666666666667,0.0,0.0,5.4332247557003255
https://doi.org/10.1108/acmm-09-2018-1999,0.025906735751295335,0.4444444444444444,0.0,0.0051813471502590676,0.22856730570065056,0.0,0.0,0.0,0.0,5.134715025906735
https://doi.org/10.1108/acmm-10-2015-1589,0.018292682926829267,0.42857142857142855,0.036585365853658534,0.006097560975609756,0.2476840977023159,0.0,0.0,0.0,0.0,6.317073170731708
https://doi.org/10.1108/acmm-06-2018-1949,0.004048582995951417,0.0,0.04048582995951417,0.008097165991902834,0.6264454510925996,0.0,0.2222222222222222,0.0,0.0,5.939271255060729
https://doi.org/10.1108/acmm-10-2015-1586,0.009216589861751152,0.5833333333333334,0.04608294930875576,0.018433179723502304,0.23727125643974195,0.0,0.0,0.0,0.08333333333333333,5.400921658986175
https://doi.org/10.1108/acmm-12-2016-1744,0.02586206896551724,0.5,0.0603448275862069,0.0,0.525508643245799,0.16666666666666666,0.0,0.0,0.0,7.405172413793103
https://doi.org/10.1108/acmm-12-2017-1877,0.01556420233463035,0.1111111111111111,0.027237354085603113,0.007782101167315175,0.23929170212485287,0.0,0.4444444444444444,0.0,0.0,5.638132295719845
https://doi.org/10.1108/acmm-12-2017-1875,0.003215434083601286,0.18181818181818182,0.01607717041800643,0.00964630225080386,0.36073100744261677,0.0,0.36363636363636365,0.0,0.0,5.958199356913183
https://doi.org/10.1108/acmm-04-2017-1790,0.008438818565400843,0.3333333333333333,0.0,0.004219409282700422,0.3994869326091013,0.0,0.1111111111111111,0.0,0.0,5.523206751054852
https://doi.org/10.1108/acmm-03-2018-1914,0.012195121951219513,0.4,0.0,0.0,0.17923095678901305,0.0,0.0,0.0,0.0,7.2439024390243905
https://doi.org/10.1108/acmm-03-2018-1909,0.011627906976744186,0.5714285714285714,0.011627906976744186,0.011627906976744186,0.30131763999651023,0.0,0.14285714285714285,0.0,0.0,5.837209302325581
https://doi.org/10.1108/acmm-05-2018-1936,0.005089058524173028,0.35714285714285715,0.010178117048346057,0.002544529262086514,0.3578751731051222,0.0,0.21428571428571427,0.0,0.07142857142857142,5.921119592875318
https://doi.org/10.1108/acmm-02-2018-1905,0.038461538461538464,0.16666666666666666,0.0,0.009615384615384616,0.2719641466102106,0.0,0.0,0.0,0.0,5.769230769230769
https://doi.org/10.1108/acmm-07-2018-1975,0.01652892561983471,0.5833333333333334,0.01652892561983471,0.004132231404958678,0.31933353861754804,0.0,0.0,0.0,0.08333333333333333,5.462809917355372
https://doi.org/10.1108/acmm-03-2017-1773,0.012195121951219513,0.2222222222222222,0.0,0.006097560975609756,0.3955432863469965,0.1111111111111111,0.0,0.0,0.0,6.871951219512195
https://doi.org/10.1108/acmm-10-2017-1851,0.03255813953488372,0.2,0.03255813953488372,0.004651162790697674,0.398618490438434,0.0,0.1,0.0,0.1,5.748837209302326
https://doi.org/10.1108/acmm-07-2018-1965,0.010101010101010102,0.5,0.0,0.0,0.4592350675421942,0.0,0.25,0.0,0.0,5.91919191919192
https://doi.org/10.5006/2926,0.014925373134328358,0.16666666666666666,0.04477611940298507,0.0,0.3109353232238755,0.0,0.0,0.0,0.0,6.149253731343284
https://doi.org/10.5006/2904,0.011235955056179775,0.16666666666666666,0.0,0.0,0.4163372430033461,0.0,0.0,0.0,0.0,6.348314606741573
https://doi.org/10.5006/2976,0.009259259259259259,0.0,0.0,0.0,0.6685928962420629,0.16666666666666666,0.3333333333333333,0.0,0.0,6.087962962962963
https://doi.org/10.5006/3093,0.014150943396226415,0.14285714285714285,0.0,0.0047169811320754715,0.13408179625992353,0.0,0.14285714285714285,0.0,0.0,5.754716981132075
https://doi.org/10.5006/2807,0.006097560975609756,0.14285714285714285,0.0,0.006097560975609756,0.21747017683081718,0.0,0.0,0.0,0.0,5.658536585365853
https://doi.org/10.5006/2792,0.028985507246376812,0.5714285714285714,0.004830917874396135,0.00966183574879227,0.31091000791698714,0.0,0.42857142857142855,0.0,0.0,5.391304347826087
https://doi.org/10.5006/2881,0.023178807947019868,0.3333333333333333,0.029801324503311258,0.0,0.3943874029704435,0.1111111111111111,0.5555555555555556,0.0,0.0,5.695364238410596
https://doi.org/10.5006/2860,0.03076923076923077,0.0,0.0,0.015384615384615385,0.18842228790639828,0.0,0.0,0.0,0.14285714285714285,6.223076923076923
https://doi.org/10.5006/2537,0.00909090909090909,0.8125,0.0,0.006818181818181818,0.2965364805509107,0.0,0.25,0.0,0.125,5.381818181818182
https://doi.org/10.5006/2918,0.043478260869565216,0.8333333333333334,0.012422360248447204,0.0,0.38091299643383764,0.0,0.3333333333333333,0.0,0.0,5.60248447204969
https://doi.org/10.5006/3076,0.02142857142857143,0.75,0.02142857142857143,0.007142857142857143,0.15518257844571737,0.0,0.5,0.0,0.0,5.628571428571429
https://doi.org/10.5006/2847,0.09574468085106383,0.2,0.0,0.0,0.2411868946543539,0.0,0.0,0.0,0.0,5.712765957446808
https://doi.org/10.5006/3026,0.08176100628930817,0.5,0.05660377358490566,0.0,0.3584905660377358,0.0,0.16666666666666666,0.0,0.0,6.018867924528302
https://doi.org/10.5006/2995,0.01935483870967742,0.3333333333333333,0.0,0.0064516129032258064,0.46901939015937655,0.0,0.3333333333333333,0.0,0.0,6.219354838709678
https://doi.org/10.5006/2899,0.023474178403755867,0.0,0.028169014084507043,0.0,0.287153590298085,0.0,0.0,0.0,0.1,6.065727699530516
https://doi.org/10.5006/3075,0.02631578947368421,0.4,0.05263157894736842,0.008771929824561403,0.16964104917380451,0.0,0.0,0.0,0.2,5.842105263157895
https://doi.org/10.5006/2743,0.02717391304347826,0.125,0.005434782608695652,0.0,0.24498755803444877,0.0,0.0,0.0,0.0,6.086956521739131
https://doi.org/10.5006/2634,0.05555555555555555,0.2,0.020833333333333332,0.0,0.14299486306926387,0.0,0.0,0.0,0.0,5.402777777777778
https://doi.org/10.5006/2997,0.006369426751592357,0.1111111111111111,0.05732484076433121,0.0,0.44330478067019913,0.1111111111111111,0.0,0.0,0.0,5.770700636942675
https://doi.org/10.5006/2994,0.008064516129032258,0.5,0.0,0.008064516129032258,0.22580645161290322,0.0,0.25,0.0,0.25,5.798387096774194
https://doi.org/10.5006/2928,0.02464788732394366,0.2727272727272727,0.06690140845070422,0.0,0.23751298526816975,0.0,0.09090909090909091,0.0,0.09090909090909091,6.073943661971831
https://doi.org/10.5006/2979,0.029411764705882353,0.0,0.014705882352941176,0.014705882352941176,0.34088899315124926,0.0,0.2857142857142857,0.0,0.14285714285714285,5.602941176470588
https://doi.org/10.5006/2690,0.030927835051546393,0.6,0.041237113402061855,0.0,0.15498243689044236,0.0,0.0,0.0,0.0,6.237113402061856
https://doi.org/10.5006/2788,0.022598870056497175,0.14285714285714285,0.07344632768361582,0.0,0.5120402287173875,0.0,0.14285714285714285,0.0,0.14285714285714285,5.604519774011299
https://doi.org/10.5006/2815,0.030434782608695653,0.4,0.004347826086956522,0.0,0.40786223998464605,0.0,0.1,0.0,0.0,5.791304347826087
https://doi.org/10.5006/2867,0.008403361344537815,0.5,0.07563025210084033,0.0,0.26185607480475437,0.0,0.25,0.0,0.0,6.067226890756302
https://doi.org/10.5006/2959,0.03,0.4,0.0,0.0,0.25099800796022265,0.0,0.0,0.0,0.2,5.58
https://doi.org/10.5006/2613,0.025380710659898477,0.0,0.0,0.005076142131979695,0.3352176036771382,0.0,0.5,0.0,0.16666666666666666,5.9847715736040605
https://doi.org/10.5006/2853,0.037037037037037035,0.6,0.08024691358024691,0.0,0.4402234402388996,0.0,0.2,0.0,0.0,6.216049382716049
https://doi.org/10.5006/2967,0.060240963855421686,0.0,0.024096385542168676,0.0,0.33970776337040204,0.0,0.0,0.0,0.0,6.0843373493975905
https://doi.org/10.5006/2969,0.02512562814070352,0.14285714285714285,0.01507537688442211,0.005025125628140704,0.5124642727228931,0.14285714285714285,0.42857142857142855,0.0,0.14285714285714285,6.065326633165829
https://doi.org/10.5006/2775,0.028037383177570093,0.8,0.12149532710280374,0.0,0.23936913037132146,0.0,0.0,0.0,0.0,4.97196261682243
https://doi.org/10.5006/2706,0.0189873417721519,0.42857142857142855,0.012658227848101266,0.012658227848101266,0.29941458664594606,0.0,0.14285714285714285,0.0,0.14285714285714285,5.455696202531645
https://doi.org/10.5006/2935,0.030120481927710843,0.2222222222222222,0.024096385542168676,0.0,0.28701516264027943,0.0,0.0,0.0,0.0,5.86144578313253
https://doi.org/10.5006/3132,0.0,0.0,0.0,0.0,0.0,1.0,0.0,0.0,0.0,6.333333333333333
https://doi.org/10.5006/2855,0.015151515151515152,0.16666666666666666,0.0,0.0,0.3391368073575665,0.0,0.0,0.0,0.0,5.9772727272727275
https://doi.org/10.5006/2885,0.046413502109704644,0.625,0.016877637130801686,0.0,0.3079590720857844,0.0,0.25,0.0,0.0,5.472573839662447
https://doi.org/10.5006/2794,0.012345679012345678,0.0,0.0,0.0,0.4498979545256444,0.0,0.2857142857142857,0.0,0.0,6.1234567901234565
https://doi.org/10.5006/2893,0.01282051282051282,0.5,0.01282051282051282,0.01282051282051282,0.19230769230769232,0.0,0.0,0.0,0.3333333333333333,6.089743589743589
https://doi.org/10.5006/2879,0.017699115044247787,0.6666666666666666,0.017699115044247787,0.0,0.5442298004078512,0.0,0.1111111111111111,0.0,0.0,5.951327433628318
https://doi.org/10.5006/2552,0.007633587786259542,0.5,0.0,0.0,0.2072346864198203,0.0,0.8333333333333334,0.0,0.0,5.3396946564885495
https://doi.org/10.5006/2942,0.023809523809523808,1.0,0.03571428571428571,0.0,0.19047619047619047,0.0,0.5,0.0,0.0,5.7976190476190474
https://doi.org/10.5006/2724,0.025477707006369428,0.42857142857142855,0.006369426751592357,0.006369426751592357,0.3759580780477377,0.0,0.0,0.0,0.0,5.337579617834395
https://doi.org/10.5006/2970,0.023474178403755867,0.1111111111111111,0.028169014084507043,0.004694835680751174,0.5082146071174285,0.0,0.1111111111111111,0.0,0.1111111111111111,6.178403755868545
https://doi.org/10.5006/2680,0.03686635944700461,0.7,0.05069124423963134,0.004608294930875576,0.3139395636912645,0.0,0.0,0.0,0.0,5.917050691244239
https://doi.org/10.5006/3029,0.01744186046511628,0.2,0.03488372093023256,0.0,0.18982357810830824,0.0,0.4,0.0,0.0,5.825581395348837
https://doi.org/10.5006/2902,0.030612244897959183,0.2,0.061224489795918366,0.02040816326530612,0.11454053224818188,0.0,0.0,0.0,0.0,6.040816326530612
https://doi.org/10.5006/2802,0.05,1.0,0.0,0.0,0.25,0.0,0.0,0.0,0.0,5.366666666666666
https://doi.org/10.5006/2769,0.015384615384615385,0.4,0.038461538461538464,0.007692307692307693,0.34314935420300713,0.0,0.2,0.0,0.4,6.153846153846154
https://doi.org/10.5006/2726,0.03608247422680412,0.7142857142857143,0.005154639175257732,0.005154639175257732,0.3970076188447362,0.0,0.14285714285714285,0.0,0.14285714285714285,5.752577319587629
https://doi.org/10.5006/2764,0.016304347826086956,0.0,0.021739130434782608,0.005434782608695652,0.28029993387451363,0.0,0.16666666666666666,0.0,0.16666666666666666,5.559782608695652
https://doi.org/10.5006/2937,0.012195121951219513,0.0,0.0,0.006097560975609756,0.31519141422731917,0.0,0.3333333333333333,0.0,0.16666666666666666,6.140243902439025
https://doi.org/10.5006/2951,0.021897810218978103,0.6666666666666666,0.014598540145985401,0.0072992700729927005,0.5605250121094304,0.16666666666666666,0.16666666666666666,0.0,0.16666666666666666,5.401459854014599
https://doi.org/10.5006/2676,0.018072289156626505,0.42857142857142855,0.060240963855421686,0.0,0.3540406085521714,0.0,0.0,0.0,0.0,5.548192771084337
https://doi.org/10.5006/2626,0.021164021164021163,0.5,0.026455026455026454,0.005291005291005291,0.3665334129548782,0.0,0.125,0.0,0.0,6.063492063492063
https://doi.org/10.5006/2872,0.028735632183908046,0.0,0.06896551724137931,0.0,0.24477631539134315,0.0,0.4,0.0,0.2,5.908045977011494
https://doi.org/10.5006/2852,0.024054982817869417,0.125,0.003436426116838488,0.003436426116838488,0.3423860186683632,0.0,0.0,0.0,0.0625,5.697594501718213
https://doi.org/10.5006/2965,0.01644736842105263,0.3333333333333333,0.009868421052631578,0.0,0.48914816566950287,0.0,0.16666666666666666,0.0,0.0,5.865131578947368
https://doi.org/10.5006/2770,0.0,0.5,0.038461538461538464,0.0,0.23784038205754318,0.0,0.0,0.0,0.0,5.446153846153846
https://doi.org/10.5006/2569,0.02097902097902098,0.75,0.1048951048951049,0.0,0.38575799761679164,0.0,0.5,0.0,0.0,5.741258741258742
https://doi.org/10.5006/2923,0.015060240963855422,0.6666666666666666,0.0030120481927710845,0.0,0.2613027758348955,0.0,0.0,0.0,0.0,5.201807228915663
https://doi.org/10.5006/2804,0.02631578947368421,0.6,0.0,0.0,0.3298525557361959,0.0,0.0,0.0,0.0,5.149122807017544
https://doi.org/10.5006/3007,0.024390243902439025,0.3333333333333333,0.03414634146341464,0.0,0.38214149700846617,0.0,0.16666666666666666,0.0,0.0,5.380487804878049
https://doi.org/10.5006/2922,0.0,0.6666666666666666,0.017857142857142856,0.0,0.2812145669289932,0.0,0.0,0.0,0.3333333333333333,5.732142857142857
https://doi.org/10.5006/2927,0.014285714285714285,0.5,0.01904761904761905,0.0,0.26649654437396614,0.0,0.5,0.0,0.0,5.119047619047619
https://doi.org/10.5006/2900,0.036585365853658534,0.25,0.07317073170731707,0.0,0.3475074841164636,0.0,0.0,0.0,0.0,5.890243902439025
https://doi.org/10.5006/2755,0.07017543859649122,0.4,0.008771929824561403,0.0,0.2901374633077408,0.0,0.0,0.0,0.0,6.43859649122807
https://doi.org/10.5006/2757,0.006825938566552901,0.26666666666666666,0.07849829351535836,0.006825938566552901,0.24363915764607164,0.0,0.0,0.0,0.06666666666666667,5.665529010238908
https://doi.org/10.5006/2975,0.02358490566037736,0.625,0.05660377358490566,0.0047169811320754715,0.3473953328211692,0.0,0.25,0.0,0.0,5.773584905660377
https://doi.org/10.5006/2605,0.013761467889908258,0.5555555555555556,0.04128440366972477,0.0045871559633027525,0.3208386871568021,0.0,0.2222222222222222,0.0,0.1111111111111111,5.977064220183486
https://doi.org/10.5006/2595,0.0707070707070707,1.0,0.0,0.010101010101010102,0.3568388228819332,0.0,0.3333333333333333,0.0,0.3333333333333333,6.606060606060606
https://doi.org/10.5006/3004,0.02127659574468085,0.2222222222222222,0.01276595744680851,0.01276595744680851,0.4409134926634424,0.0,0.2222222222222222,0.0,0.0,5.9787234042553195
https://doi.org/10.5006/2424,0.012468827930174564,0.3888888888888889,0.05486284289276808,0.0,0.31485703998542797,0.0,0.0,0.0,0.05555555555555555,5.927680798004988
https://doi.org/10.5006/2688,0.016260162601626018,0.1,0.04065040650406504,0.0040650406504065045,0.3191509988030979,0.0,0.1,0.0,0.1,5.658536585365853
https://doi.org/10.5006/2319,0.03389830508474576,1.0,0.0,0.0,0.26745311589931353,0.0,0.25,0.0,0.0,6.067796610169491
https://doi.org/10.5006/2974,0.024291497975708502,0.0,0.012145748987854251,0.0,0.37996334272550825,0.0,0.0,0.0,0.09090909090909091,5.821862348178137
https://doi.org/10.5006/3092,0.011450381679389313,0.8888888888888888,0.007633587786259542,0.003816793893129771,0.48699657733546814,0.1111111111111111,0.2222222222222222,0.0,0.1111111111111111,5.698473282442748
https://doi.org/10.5006/2865,0.00980392156862745,1.0,0.0196078431372549,0.0,0.3137254901960784,0.0,0.5,0.0,0.0,5.186274509803922
https://doi.org/10.5006/3031,0.017391304347826087,0.18181818181818182,0.011594202898550725,0.002898550724637681,0.18505379361753468,0.0,0.2727272727272727,0.0,0.0,5.721739130434782
https://doi.org/10.5006/2866,0.006944444444444444,0.4,0.0,0.0,0.2110928354662592,0.0,0.2,0.0,0.0,5.4375
https://doi.org/10.5006/2720,0.040229885057471264,0.18181818181818182,0.05747126436781609,0.0,0.3895347862719665,0.09090909090909091,0.0,0.0,0.09090909090909091,6.080459770114943
https://doi.org/10.5006/3074,0.02127659574468085,0.2,0.06382978723404255,0.0070921985815602835,0.20234528535726393,0.0,0.0,0.0,0.0,5.028368794326241
https://doi.org/10.5006/2710,0.012578616352201259,0.42857142857142855,0.012578616352201259,0.006289308176100629,0.1787757283465647,0.0,0.0,0.0,0.14285714285714285,5.446540880503145
https://doi.org/10.5006/2776,0.008968609865470852,0.8571428571428571,0.02242152466367713,0.004484304932735426,0.39720919081217126,0.0,0.42857142857142855,0.0,0.0,5.426008968609866
https://doi.org/10.5006/2883,0.049019607843137254,0.2,0.0,0.0,0.4445405509315543,0.0,0.0,0.0,0.0,5.686274509803922
https://doi.org/10.5006/2729,0.01984126984126984,0.3333333333333333,0.0,0.003968253968253968,0.357539462325743,0.0,0.3333333333333333,0.0,0.1111111111111111,5.964285714285714
https://doi.org/10.5006/2786,0.03896103896103896,0.16666666666666666,0.045454545454545456,0.0,0.23982058847557644,0.0,0.16666666666666666,0.0,0.0,5.87012987012987
https://doi.org/10.5006/2914,0.023952095808383235,0.5555555555555556,0.011976047904191617,0.0,0.2953012696033043,0.0,0.0,0.0,0.0,5.544910179640719
https://doi.org/10.5006/2850,0.02631578947368421,1.0,0.05921052631578947,0.006578947368421052,0.31797489404196244,0.0,0.16666666666666666,0.0,0.0,5.605263157894737
https://doi.org/10.5006/3105,0.03296703296703297,0.0,0.038461538461538464,0.0,0.2716309251496324,0.0,0.0,0.0,0.0,6.686813186813187
https://doi.org/10.5006/2607,0.037037037037037035,0.0,0.0,0.004629629629629629,0.21386684189724253,0.0,0.2857142857142857,0.0,0.14285714285714285,5.550925925925926
https://doi.org/10.5006/2880,0.03205128205128205,0.0,0.0,0.00641025641025641,0.2677001668951423,0.0,0.0,0.0,0.125,5.5576923076923075
https://doi.org/10.5006/2998,0.03508771929824561,1.0,0.0,0.0,0.31676263307487346,0.0,0.0,0.0,0.0,4.93859649122807
https://doi.org/10.5006/2749,0.024,0.3333333333333333,0.0,0.008,0.5702490683902957,0.0,0.16666666666666666,0.0,0.0,5.696
https://doi.org/10.5006/2748,0.018633540372670808,0.0,0.0,0.006211180124223602,0.1280467585595547,0.0,0.0,0.0,0.0,5.552795031055901
https://doi.org/10.5006/2832,0.0,0.5333333333333333,0.022727272727272728,0.003787878787878788,0.5500125217708075,0.13333333333333333,0.06666666666666667,0.0,0.06666666666666667,5.231060606060606
https://doi.org/10.5006/2805,0.04878048780487805,0.2857142857142857,0.032520325203252036,0.0,0.31592454028821865,0.0,0.0,0.0,0.0,5.487804878048781
https://doi.org/10.5006/2817,0.021164021164021163,1.0,0.047619047619047616,0.0,0.2999118036141458,0.0,0.16666666666666666,0.0,0.0,4.931216931216931
https://doi.org/10.5006/2913,0.021505376344086023,0.5,0.16129032258064516,0.0,0.17035461847048236,0.0,0.0,0.0,0.25,5.333333333333333
https://doi.org/10.5006/2939,0.0273224043715847,0.5714285714285714,0.00546448087431694,0.0,0.33185194427735465,0.0,0.14285714285714285,0.0,0.14285714285714285,5.748633879781421
https://doi.org/10.5006/2966,0.012345679012345678,0.9090909090909091,0.027777777777777776,0.006172839506172839,0.24454886159926303,0.0,0.18181818181818182,0.0,0.0,5.070987654320987
https://doi.org/10.5006/2963,0.014705882352941176,0.0,0.0,0.004901960784313725,0.2908313132194378,0.0,0.125,0.0,0.125,5.612745098039215
https://doi.org/10.5006/2673,0.02304147465437788,0.5555555555555556,0.11059907834101383,0.0,0.37883435787215863,0.0,0.1111111111111111,0.0,0.0,5.88479262672811
https://doi.org/10.5006/2828,0.038834951456310676,0.0,0.019417475728155338,0.0,0.2837211494408244,0.0,0.6666666666666666,0.0,0.0,5.699029126213592
https://doi.org/10.5006/2715,0.010869565217391304,0.75,0.07608695652173914,0.007246376811594203,0.48836494044910855,0.0,0.16666666666666666,0.0,0.08333333333333333,4.920289855072464
https://doi.org/10.5006/2674,0.023809523809523808,0.0,0.0,0.0,0.25973124082465987,0.0,0.0,0.0,0.14285714285714285,6.428571428571429
https://doi.org/10.5006/2675,0.03571428571428571,0.2,0.026785714285714284,0.0,0.19683399718793398,0.0,0.0,0.0,0.0,6.258928571428571
https://doi.org/10.5006/3032,0.030303030303030304,0.0,0.0,0.0,0.17007533576245187,0.0,0.0,0.0,0.0,5.757575757575758
https://doi.org/10.5006/2859,0.011111111111111112,0.5714285714285714,0.027777777777777776,0.0,0.2908056072956089,0.0,0.14285714285714285,0.0,0.0,5.572222222222222
https://doi.org/10.5006/2692,0.043478260869565216,0.2,0.010869565217391304,0.0,0.3464647271849832,0.0,0.0,0.0,0.0,7.0
https://doi.org/10.5006/2861,0.014705882352941176,0.7142857142857143,0.007352941176470588,0.0,0.214625287048918,0.0,0.0,0.0,0.14285714285714285,5.382352941176471
https://doi.org/10.5006/2727,0.042735042735042736,0.6,0.08547008547008547,0.017094017094017096,0.32048432921799447,0.0,0.2,0.0,0.2,5.735042735042735
https://doi.org/10.5006/2890,0.03508771929824561,0.5,0.02631578947368421,0.0,0.4687855865223644,0.0,0.0,0.0,0.0,6.087719298245614
https://doi.org/10.5006/3017,0.034782608695652174,0.25,0.0,0.017391304347826087,0.32940342478044893,0.0,0.25,0.0,0.5,5.452173913043478
https://doi.org/10.5006/2772,0.02912621359223301,0.0,0.0,0.0,0.3237540194278265,0.0,0.6666666666666666,0.0,0.0,5.990291262135922
https://doi.org/10.5006/2925,0.016260162601626018,0.0,0.04607046070460705,0.005420054200542005,0.43130317565488,0.0,0.2857142857142857,0.0,0.14285714285714285,5.5501355013550135
https://doi.org/10.5006/2964,0.00558659217877095,0.5,0.0446927374301676,0.0,0.408891226617659,0.0,0.3333333333333333,0.0,0.0,5.58659217877095
https://doi.org/10.5006/3107,0.038461538461538464,1.0,0.038461538461538464,0.0,0.0,0.0,0.0,0.0,0.0,4.8076923076923075
https://doi.org/10.1080/1478422x.2018.1511327,0.016129032258064516,0.0,0.0,0.016129032258064516,0.20655239475589834,0.0,0.0,0.0,0.5,6.032258064516129
https://doi.org/10.1080/1478422x.2018.1511326,0.005681818181818182,0.0,0.03409090909090909,0.005681818181818182,0.42458049300612277,0.1,0.0,0.0,0.2,6.431818181818182
https://doi.org/10.1080/1478422x.2018.1537157,0.019867549668874173,0.16666666666666666,0.07947019867549669,0.0,0.3140637271888576,0.0,0.16666666666666666,0.0,0.0,5.748344370860927
https://doi.org/10.1080/1478422x.2018.1483221,0.02040816326530612,0.1111111111111111,0.0653061224489796,0.004081632653061225,0.5171285212967137,0.0,0.1111111111111111,0.0,0.2222222222222222,5.955102040816326
https://doi.org/10.1080/1478422x.2018.1548098,0.013605442176870748,0.0,0.0,0.006802721088435374,0.4134017579384625,0.0,0.0,0.0,0.0,6.217687074829932
https://doi.org/10.1080/1478422x.2018.1556865,0.035211267605633804,0.2,0.04225352112676056,0.007042253521126761,0.5384446437638106,0.0,0.2,0.0,0.0,6.119718309859155
https://doi.org/10.1080/1478422x.2018.1476818,0.034013605442176874,0.3333333333333333,0.061224489795918366,0.006802721088435374,0.11958092402208807,0.0,0.0,0.0,0.16666666666666666,5.700680272108843
https://doi.org/10.1080/1478422x.2017.1396648,0.0375,0.8,0.04375,0.0,0.27740426276465185,0.0,0.6,0.0,0.0,5.56875
https://doi.org/10.1080/1478422x.2018.1521590,0.040229885057471264,0.1111111111111111,0.0,0.011494252873563218,0.29259590945650243,0.0,0.0,0.0,0.1111111111111111,6.011494252873563
https://doi.org/10.1080/1478422x.2017.1394020,0.034482758620689655,0.5714285714285714,0.041379310344827586,0.0,0.3885397523035386,0.0,0.0,0.0,0.0,5.841379310344828
https://doi.org/10.1080/1478422x.2018.1558932,0.024096385542168676,0.6666666666666666,0.0,0.0,0.21349451983938977,0.0,0.3333333333333333,0.0,0.0,6.204819277108434
https://doi.org/10.1080/1478422x.2018.1459064,0.013513513513513514,0.625,0.033783783783783786,0.0,0.45386096280396393,0.0,0.0,0.0,0.0,4.831081081081081
https://doi.org/10.1080/1478422x.2018.1533677,0.024390243902439025,0.2,0.032520325203252036,0.008130081300813009,0.3766255226634299,0.0,0.0,0.0,0.2,5.829268292682927
https://doi.org/10.1080/1478422x.2018.1429701,0.04310344827586207,0.16666666666666666,0.0,0.0,0.132433547377045,0.0,0.0,0.0,0.0,5.974137931034483
https://doi.org/10.1080/1478422x.2018.1471250,0.035211267605633804,0.14285714285714285,0.04929577464788732,0.007042253521126761,0.4546482363822246,0.0,0.14285714285714285,0.0,0.14285714285714285,5.633802816901408
https://doi.org/10.1080/1478422x.2018.1500978,0.03225806451612903,0.5,0.03870967741935484,0.0,0.45211953149540596,0.0,0.125,0.0,0.0,5.503225806451613
https://doi.org/10.1080/1478422x.2018.1443991,0.02158273381294964,1.0,0.0,0.0,0.3706258092774462,0.0,0.2,0.0,0.0,4.827338129496403
https://doi.org/10.1080/1478422x.2018.1521591,0.029850746268656716,0.0,0.022388059701492536,0.0,0.5591539610426625,0.2,0.2,0.0,0.0,6.141791044776119
https://doi.org/10.1080/1478422x.2017.1372246,0.02564102564102564,0.6666666666666666,0.017094017094017096,0.0,0.3084037359430549,0.0,0.6666666666666666,0.0,0.0,5.769230769230769
https://doi.org/10.1080/1478422x.2018.1544742,0.013333333333333334,0.2857142857142857,0.006666666666666667,0.0,0.42978030563429864,0.0,0.0,0.0,0.0,6.366666666666666
https://doi.org/10.1080/1478422x.2018.1522087,0.02912621359223301,0.8,0.0,0.0,0.2095828460672126,0.0,0.0,0.0,0.2,5.941747572815534
https://doi.org/10.1080/1478422x.2018.1456633,0.03278688524590164,0.2,0.040983606557377046,0.0,0.3875931284438325,0.0,0.0,0.0,0.0,5.885245901639344
https://doi.org/10.1080/1478422x.2018.1459063,0.045454545454545456,0.75,0.015151515151515152,0.015151515151515152,0.05669177858748396,0.0,0.0,0.0,0.25,5.46969696969697
https://doi.org/10.1080/1478422x.2018.1463009,0.007142857142857143,0.5,0.0,0.0,0.22632827882506942,0.0,0.0,0.0,0.16666666666666666,5.335714285714285
https://doi.org/10.1080/1478422x.2018.1495679,0.01,0.3333333333333333,0.09,0.0,0.33166247903553997,0.0,0.0,0.0,0.0,5.95
https://doi.org/10.1080/1478422x.2018.1511325,0.02857142857142857,0.16666666666666666,0.0,0.0,0.48459254221746867,0.16666666666666666,0.0,0.0,0.0,5.876190476190477
https://doi.org/10.1080/1478422x.2018.1443621,0.04316546762589928,0.3333333333333333,0.050359712230215826,0.0,0.2395802274150606,0.0,0.0,0.0,0.0,5.661870503597123
https://doi.org/10.1080/1478422x.2018.1491111,0.027777777777777776,0.42857142857142855,0.027777777777777776,0.006944444444444444,0.5935773790655028,0.14285714285714285,0.14285714285714285,0.0,0.14285714285714285,5.597222222222222
https://doi.org/10.1080/1478422x.2018.1525829,0.04065040650406504,0.2857142857142857,0.008130081300813009,0.008130081300813009,0.300922854037752,0.0,0.0,0.0,0.14285714285714285,6.170731707317073
https://doi.org/10.1080/1478422x.2018.1467150,0.016129032258064516,0.3333333333333333,0.0,0.0,0.4570524940420888,0.16666666666666666,0.0,0.0,0.0,5.798387096774194
https://doi.org/10.1080/1478422x.2018.1432738,0.041666666666666664,0.5,0.0,0.0,0.19094065395649332,0.0,0.0,0.0,0.0,5.822916666666667
https://doi.org/10.1080/1478422x.2018.1446582,0.029411764705882353,0.2857142857142857,0.0,0.0,0.20377068324339734,0.0,0.0,0.0,0.14285714285714285,5.794117647058823
https://doi.org/10.1080/1478422x.2018.1512222,0.050359712230215826,1.0,0.06474820143884892,0.007194244604316547,0.44546260663058185,0.0,0.2,0.0,0.0,5.223021582733813
https://doi.org/10.1080/1478422x.2018.1425178,0.04895104895104895,0.2,0.04895104895104895,0.013986013986013986,0.5610117795841001,0.0,0.2,0.0,0.0,5.4825174825174825
https://doi.org/10.1080/1478422x.2018.1436736,0.039735099337748346,0.3333333333333333,0.026490066225165563,0.013245033112582781,0.35570990733763663,0.0,0.16666666666666666,0.0,0.16666666666666666,5.602649006622516
https://doi.org/10.1080/1478422x.2017.1374049,0.018867924528301886,0.375,0.006289308176100629,0.0,0.34072729737312046,0.0,0.0,0.0,0.0,5.622641509433962
https://doi.org/10.1080/1478422x.2018.1499169,0.0273224043715847,0.5,0.0273224043715847,0.0,0.19710042400952385,0.0,0.0,0.0,0.1,5.240437158469946
https://doi.org/10.1080/1478422x.2018.1505804,0.020134228187919462,0.0,0.06040268456375839,0.006711409395973154,0.3233339455153263,0.0,0.16666666666666666,0.0,0.16666666666666666,5.4630872483221475
https://doi.org/10.1080/1478422x.2018.1523291,0.0072992700729927005,0.0,0.021897810218978103,0.0,0.3894008370320917,0.0,0.2,0.0,0.0,5.321167883211679
https://doi.org/10.1080/1478422x.2018.1473318,0.018867924528301886,0.25,0.0,0.0,0.3889722288318548,0.0,0.25,0.0,0.0,5.830188679245283
https://doi.org/10.1080/1478422x.2017.1374051,0.05343511450381679,0.6666666666666666,0.007633587786259542,0.007633587786259542,0.22541714595776183,0.0,0.6666666666666666,0.0,0.3333333333333333,5.427480916030534
https://doi.org/10.1080/1478422x.2018.1495143,0.019230769230769232,0.8333333333333334,0.0,0.00641025641025641,0.2560895430184382,0.0,0.16666666666666666,0.0,0.16666666666666666,5.185897435897436
https://doi.org/10.1080/1478422x.2018.1496219,0.02040816326530612,0.5,0.006802721088435374,0.0,0.27657892993545746,0.0,0.0,0.0,0.16666666666666666,5.73469387755102
https://doi.org/10.1080/1478422x.2018.1519102,0.015873015873015872,0.5,0.0,0.0,0.6621159877655305,0.0,0.16666666666666666,0.0,0.0,5.261904761904762
https://doi.org/10.1080/1478422x.2018.1557914,0.037037037037037035,0.0,0.0,0.0,0.28794824172075556,0.0,0.0,0.0,0.0,5.765432098765432
https://doi.org/10.1080/1478422x.2018.1450466,0.028846153846153848,1.0,0.038461538461538464,0.009615384615384616,0.28426433652104777,0.0,0.0,0.0,0.0,5.3173076923076925
https://doi.org/10.1080/1478422x.2018.1474329,0.02,0.5,0.07333333333333333,0.006666666666666667,0.31524241113431706,0.0,0.0,0.0,0.125,5.8533333333333335
https://doi.org/10.1080/1478422x.2018.1507335,0.045112781954887216,0.75,0.06766917293233082,0.0,0.32833993324658717,0.0,0.25,0.0,0.0,5.654135338345864
https://doi.org/10.1080/1478422x.2018.1508398,0.02727272727272727,0.2,0.0,0.00909090909090909,0.17248787237282068,0.0,0.0,0.0,0.2,5.381818181818182
https://doi.org/10.1080/1478422x.2018.1540143,0.029411764705882353,0.3333333333333333,0.0392156862745098,0.00980392156862745,0.3989605872426628,0.0,0.0,0.0,0.16666666666666666,5.637254901960785
https://doi.org/10.1080/1478422x.2018.1544759,0.04672897196261682,0.0,0.06542056074766354,0.009345794392523364,0.20368686652059223,0.0,0.0,0.0,0.0,5.794392523364486
https://doi.org/10.1080/1478422x.2018.1427845,0.0196078431372549,0.5,0.013071895424836602,0.0,0.3185226910068289,0.0,0.0,0.0,0.125,5.633986928104576
https://doi.org/10.1080/1478422x.2018.1511328,0.03225806451612903,0.5,0.0064516129032258064,0.0064516129032258064,0.15710704079852802,0.0,0.0,0.0,0.16666666666666666,6.2709677419354835
https://doi.org/10.1080/1478422x.2017.1389370,0.02142857142857143,0.25,0.02142857142857143,0.0,0.3865071216705338,0.0,0.0,0.0,0.0,5.635714285714286
https://doi.org/10.1080/1478422x.2017.1420536,0.03424657534246575,0.6,0.0410958904109589,0.0,0.26650789668964003,0.0,0.2,0.0,0.0,5.780821917808219
https://doi.org/10.1080/1478422x.2018.1516539,0.02142857142857143,0.0,0.0,0.0,0.3245090483314442,0.0,0.0,0.0,0.125,6.228571428571429
https://doi.org/10.1080/1478422x.2018.1469328,0.03759398496240601,0.8,0.022556390977443608,0.015037593984962405,0.22879885796545774,0.0,0.0,0.0,0.0,4.879699248120301
https://doi.org/10.1080/1478422x.2018.1542556,0.06796116504854369,0.25,0.07766990291262135,0.009708737864077669,0.3206824187361892,0.0,0.25,0.0,0.25,6.174757281553398
https://doi.org/10.1080/1478422x.2018.1514133,0.01948051948051948,0.4,0.0,0.0,0.26961739600034673,0.0,0.2,0.0,0.0,5.142857142857143
https://doi.org/10.1080/1478422x.2018.1450921,0.01098901098901099,0.0,0.0,0.0,0.2894931840070218,0.0,0.0,0.0,0.2,6.186813186813187
https://doi.org/10.1080/1478422x.2018.1470397,0.04672897196261682,0.0,0.12149532710280374,0.009345794392523364,0.5750512173052397,0.2,0.0,0.0,0.2,6.401869158878505
https://doi.org/10.1080/1478422x.2018.1517468,0.08163265306122448,0.7777777777777778,0.07482993197278912,0.006802721088435374,0.3818017741606063,0.0,0.0,0.0,0.1111111111111111,5.210884353741497
https://doi.org/10.1080/1478422x.2018.1523774,0.051094890510948905,0.6,0.0364963503649635,0.0,0.13179175244721014,0.0,0.0,0.0,0.2,5.364963503649635
https://doi.org/10.1080/1478422x.2018.1459077,0.04807692307692308,0.4,0.019230769230769232,0.0,0.47438063013630805,0.0,0.2,0.0,0.0,5.4423076923076925
https://doi.org/10.1080/1478422x.2018.1495678,0.015384615384615385,0.6666666666666666,0.0,0.007692307692307693,0.21757131728816842,0.0,0.0,0.0,0.3333333333333333,6.569230769230769
https://doi.org/10.1080/1478422x.2018.1513619,0.02027027027027027,0.6,0.060810810810810814,0.0,0.45856431083667976,0.0,0.2,0.0,0.0,4.1824324324324325
https://doi.org/10.1080/1478422x.2017.1348089,0.015503875968992248,0.8,0.0,0.015503875968992248,0.3171670162089734,0.0,0.0,0.0,0.2,5.713178294573644
https://doi.org/10.1080/1478422x.2017.1370876,0.006666666666666667,0.2857142857142857,0.04666666666666667,0.0,0.436959189551305,0.14285714285714285,0.14285714285714285,0.0,0.0,5.866666666666666
https://doi.org/10.1080/1478422x.2018.1523290,0.02877697841726619,1.0,0.014388489208633094,0.0,0.2686065424833737,0.0,0.2,0.0,0.2,6.863309352517986
https://doi.org/10.1080/1478422x.2018.1548410,0.032,0.0,0.0,0.0,0.17708754896942924,0.0,0.0,0.0,0.0,5.832
https://doi.org/10.1080/1478422x.2017.1393245,0.026455026455026454,0.42857142857142855,0.047619047619047616,0.005291005291005291,0.28483108642740257,0.0,0.14285714285714285,0.0,0.14285714285714285,5.592592592592593
https://doi.org/10.1080/1478422x.2018.1509812,0.02857142857142857,0.0,0.06857142857142857,0.0,0.28364968333693386,0.0,0.0,0.0,0.0,5.462857142857143
https://doi.org/10.1080/1478422x.2018.1527820,0.056451612903225805,0.0,0.0,0.008064516129032258,0.3716683426388036,0.14285714285714285,0.0,0.0,0.14285714285714285,6.17741935483871
https://doi.org/10.1080/1478422x.2017.1386018,0.029585798816568046,0.5,0.011834319526627219,0.0,0.4341356849355062,0.0,0.125,0.0,0.0,5.201183431952662
https://doi.org/10.1080/1478422x.2018.1433106,0.026143790849673203,0.7142857142857143,0.0784313725490196,0.0,0.2616012561593399,0.0,0.0,0.0,0.14285714285714285,5.4183006535947715
https://doi.org/10.1080/1478422x.2017.1370853,0.02127659574468085,0.8,0.014184397163120567,0.0,0.5194278985418597,0.0,0.2,0.0,0.0,5.460992907801418
https://doi.org/10.1080/1478422x.2017.1377990,0.006060606060606061,0.2857142857142857,0.048484848484848485,0.0,0.23220901891718806,0.0,0.0,0.0,0.0,5.545454545454546
https://doi.org/10.1080/1478422x.2018.1542550,0.05333333333333334,0.375,0.02666666666666667,0.0,0.12995725793078616,0.0,0.0,0.0,0.0,5.573333333333333
https://doi.org/10.1080/1478422x.2017.1421447,0.056074766355140186,0.3333333333333333,0.0,0.0,0.39174377411466704,0.16666666666666666,0.0,0.0,0.0,6.046728971962617
https://doi.org/10.1080/1478422x.2018.1425602,0.016483516483516484,0.1111111111111111,0.01098901098901099,0.0,0.3160176669131518,0.0,0.0,0.0,0.0,5.6098901098901095
https://doi.org/10.1080/1478422x.2018.1510086,0.0,0.0,0.0,0.0,0.0,1.0,0.0,0.0,0.0,5.25
https://doi.org/10.1080/1478422x.2018.1511314,0.010752688172043012,0.4,0.0,0.0,0.30145904879303626,0.0,0.0,0.0,0.0,5.806451612903226
https://doi.org/10.1080/1478422x.2018.1456634,0.006756756756756757,0.42857142857142855,0.0,0.0,0.2363899416829176,0.0,0.0,0.0,0.0,4.966216216216216
https://doi.org/10.1080/1478422x.2018.1448217,0.07142857142857142,0.0,0.0,0.0,0.0,0.0,0.0,0.0,1.0,7.071428571428571
https://doi.org/10.1016/j.corsci.2018.08.005,0.01,0.0,0.0,0.0,0.1854723699099141,0.0,0.0,0.0,0.25,6.53
https://doi.org/10.1016/j.corsci.2018.03.002,0.010416666666666666,0.6666666666666666,0.0,0.0,0.36174490321219455,0.0,0.6666666666666666,0.0,0.0,5.895833333333333
https://doi.org/10.1016/j.corsci.2018.06.024,0.03,0.2,0.04,0.0,0.4427188724235731,0.0,0.2,0.0,0.2,6.21
https://doi.org/10.1016/j.corsci.2018.04.003,0.030303030303030304,0.25,0.0,0.010101010101010102,0.3299491509305268,0.0,0.25,0.0,0.0,6.444444444444445
https://doi.org/10.1016/j.corsci.2018.02.044,0.019801980198019802,0.4,0.009900990099009901,0.009900990099009901,0.3801258182267815,0.0,0.0,0.0,0.0,5.96039603960396
https://doi.org/10.1016/j.corsci.2018.08.047,0.027972027972027972,0.2222222222222222,0.0,0.013986013986013986,0.37109088563417064,0.0,0.0,0.0,0.1111111111111111,6.685314685314685
https://doi.org/10.1016/j.corsci.2018.02.047,0.030303030303030304,0.75,0.020202020202020204,0.0,0.2027763626250983,0.0,0.0,0.0,0.0,5.6767676767676765
https://doi.org/10.1016/j.corsci.2018.02.025,0.030927835051546393,0.3333333333333333,0.030927835051546393,0.0,0.3769588721398396,0.0,0.0,0.0,0.0,5.835051546391752
https://doi.org/10.1016/j.corsci.2018.12.020,0.04040404040404041,0.2,0.030303030303030304,0.0,0.39042723414318564,0.2,0.0,0.0,0.0,5.777777777777778
https://doi.org/10.1016/j.corsci.2018.04.034,0.010416666666666666,0.6666666666666666,0.020833333333333332,0.0,0.2551551815399144,0.0,0.0,0.0,0.0,5.208333333333333
https://doi.org/10.1016/j.corsci.2018.09.004,0.030612244897959183,1.0,0.02040816326530612,0.01020408163265306,0.43746839000461263,0.0,0.3333333333333333,0.0,0.3333333333333333,5.030612244897959
https://doi.org/10.1016/j.corsci.2018.02.008,0.01,0.5,0.0,0.01,0.39293765408777,0.0,0.0,0.0,0.0,6.15
https://doi.org/10.1016/j.corsci.2018.03.019,0.0,0.0,0.0,0.0,0.24645636680909816,0.0,0.0,0.0,0.0,5.866666666666666
https://doi.org/10.1016/j.corsci.2018.05.033,0.03529411764705882,0.0,0.0,0.0,0.2314390067400706,0.0,0.0,0.0,0.0,5.811764705882353
https://doi.org/10.1016/j.corsci.2018.07.009,0.027777777777777776,0.2,0.0,0.0,0.4126348139843925,0.0,0.2,0.0,0.0,5.194444444444445
https://doi.org/10.1016/j.corsci.2018.01.027,0.03,0.6666666666666666,0.08,0.0,0.12569805089976535,0.0,0.3333333333333333,0.0,0.0,6.14
https://doi.org/10.1016/j.corsci.2018.11.019,0.0425531914893617,0.0,0.0425531914893617,0.010638297872340425,0.07671385692476572,0.0,0.0,0.0,0.0,5.595744680851064
https://doi.org/10.1016/j.corsci.2018.02.030,0.02702702702702703,0.5,0.04504504504504504,0.0,0.26800855460618944,0.0,0.0,0.0,0.0,5.2792792792792795
https://doi.org/10.3390/cmd1010004,0.023255813953488372,0.0,0.0,0.0,0.4857348505629168,0.16666666666666666,0.3333333333333333,0.0,0.0,5.5813953488372094
https://doi.org/10.3390/cmd1010005,0.02617801047120419,0.14285714285714285,0.03664921465968586,0.0,0.2004627195714832,0.0,0.0,0.0,0.0,5.272251308900524
https://doi.org/10.3390/cmd1010002,0.009316770186335404,0.0,0.024844720496894408,0.0,0.43251404617524686,0.11764705882352941,0.0,0.0,0.0,5.726708074534161
https://doi.org/10.3390/cmd1010003,0.005208333333333333,0.0,0.06770833333333333,0.0,0.4502723905531456,0.0,0.2857142857142857,0.0,0.0,5.822916666666667
https://doi.org/10.3390/cmd1010001,0.043478260869565216,0.0,0.0,0.0,0.0,0.0,0.0,0.0,1.0,5.434782608695652
https://doi.org/10.1002/maco.201810377,0.02830188679245283,0.1,0.04245283018867924,0.0,0.3354035629175694,0.0,0.1,0.0,0.1,5.797169811320755
https://doi.org/10.1002/maco.201810501,0.0457516339869281,0.5,0.006535947712418301,0.006535947712418301,0.3010085997299204,0.0,0.16666666666666666,0.0,0.16666666666666666,5.470588235294118
https://doi.org/10.1002/maco.201810252,0.024,0.5,0.144,0.0,0.29252008478051555,0.0,0.0,0.0,0.0,6.288
https://doi.org/10.1002/maco.201810263,0.021739130434782608,0.125,0.03260869565217391,0.005434782608695652,0.38027947140295437,0.0,0.125,0.0,0.125,6.603260869565218
https://doi.org/10.1002/maco.201810442,0.026881720430107527,0.23076923076923078,0.016129032258064516,0.0,0.27466752203107103,0.07692307692307693,0.0,0.0,0.07692307692307693,5.596774193548387
https://doi.org/10.1002/maco.201709942,0.011627906976744186,0.5714285714285714,0.023255813953488372,0.005813953488372093,0.25909627854833944,0.0,0.14285714285714285,0.0,0.14285714285714285,5.8023255813953485
https://doi.org/10.1002/maco.201810293,0.02127659574468085,1.0,0.05319148936170213,0.010638297872340425,0.2774128683064957,0.0,0.3333333333333333,0.0,0.16666666666666666,5.2712765957446805
https://doi.org/10.1002/maco.201810221,0.01639344262295082,0.18181818181818182,0.1366120218579235,0.00546448087431694,0.3989445300206334,0.0,0.0,0.0,0.0,5.852459016393443
https://doi.org/10.1002/maco.201810161,0.036458333333333336,0.08333333333333333,0.010416666666666666,0.0,0.27834144199765387,0.0,0.0,0.0,0.08333333333333333,5.802083333333333
https://doi.org/10.1002/maco.201709840,0.022388059701492536,0.4,0.022388059701492536,0.007462686567164179,0.2168035678557306,0.0,0.2,0.0,0.2,6.902985074626866
https://doi.org/10.1002/maco.201810479,0.024,0.0,0.056,0.016,0.39646437418764374,0.0,0.0,0.0,0.0,5.984
https://doi.org/10.1002/maco.201810312,0.038834951456310676,0.2,0.038834951456310676,0.0,0.2986127475578582,0.0,0.0,0.0,0.0,5.553398058252427
https://doi.org/10.1002/maco.201810366,0.013513513513513514,0.5,0.0,0.013513513513513514,0.24324324324324326,0.0,0.5,0.0,0.0,5.77027027027027
https://doi.org/10.1002/maco.201810169,0.0196078431372549,0.6,0.0,0.006535947712418301,0.40162853583626706,0.0,0.4,0.0,0.2,5.333333333333333
https://doi.org/10.1002/maco.201810635,0.04195804195804196,0.0,0.06993006993006994,0.006993006993006993,0.3060988619334167,0.0,0.0,0.0,0.0,6.118881118881119
https://doi.org/10.1002/maco.201810203,0.02631578947368421,0.4,0.09649122807017543,0.017543859649122806,0.4327682941594389,0.0,0.2,0.0,0.2,5.368421052631579
https://doi.org/10.1002/maco.201810171,0.0196078431372549,0.2,0.00980392156862745,0.00980392156862745,0.519330299535256,0.0,0.2,0.0,0.2,5.421568627450981
https://doi.org/10.1002/maco.201810232,0.05,0.5,0.0,0.0,0.11902380714238084,0.0,0.0,0.0,0.0,6.216666666666667
https://doi.org/10.1002/maco.201810327,0.025806451612903226,0.6,0.03870967741935484,0.0064516129032258064,0.43134231355991687,0.0,0.2,0.0,0.2,5.619354838709677
https://doi.org/10.1002/maco.201810542,0.029239766081871343,0.1111111111111111,0.0,0.0,0.21343026422099012,0.0,0.0,0.0,0.0,5.614035087719298
https://doi.org/10.1002/maco.201709908,0.02577319587628866,0.2,0.030927835051546393,0.0,0.39134542053819193,0.0,0.1,0.0,0.0,5.128865979381444
https://doi.org/10.1002/maco.201810159,0.08045977011494253,0.6666666666666666,0.040229885057471264,0.0,0.31478307902595754,0.0,0.3333333333333333,0.0,0.16666666666666666,5.7011494252873565
https://doi.org/10.1002/maco.201810310,0.010362694300518135,0.3333333333333333,0.0,0.010362694300518135,0.17986067313688894,0.0,0.16666666666666666,0.0,0.16666666666666666,5.953367875647668
https://doi.org/10.1002/maco.201810622,0.03125,0.25,0.05,0.0125,0.31819805153394637,0.0,0.0,0.0,0.125,5.6625
https://doi.org/10.1002/maco.201810450,0.006578947368421052,0.25,0.0,0.006578947368421052,0.2882750302658769,0.0,0.0,0.0,0.375,6.092105263157895
https://doi.org/10.1002/maco.201709972,0.010256410256410256,0.125,0.03076923076923077,0.005128205128205128,0.26819091005113604,0.0,0.0,0.0,0.0,6.225641025641026
https://doi.org/10.1002/maco.201810289,0.07092198581560284,0.8,0.0,0.0,0.1921449245977882,0.0,0.2,0.0,0.2,5.531914893617022
https://doi.org/10.1002/maco.201709709,0.01652892561983471,0.6,0.0,0.008264462809917356,0.40940383723969703,0.0,0.2,0.0,0.0,5.462809917355372
https://doi.org/10.1002/maco.201810397,0.039603960396039604,0.75,0.009900990099009901,0.0,0.337651344653068,0.0,0.25,0.0,0.0,6.188118811881188
https://doi.org/10.1002/maco.201810047,0.028901734104046242,0.6666666666666666,0.046242774566473986,0.0,0.3986763491449799,0.0,0.5,0.0,0.0,5.595375722543353
https://doi.org/10.1002/maco.201810053,0.028368794326241134,0.25,0.0,0.0070921985815602835,0.27348680120083463,0.0,0.0,0.0,0.0,5.815602836879433
https://doi.org/10.1002/maco.201709960,0.017142857142857144,0.375,0.005714285714285714,0.011428571428571429,0.1834810783771694,0.0,0.0,0.0,0.0,5.382857142857143
https://doi.org/10.1002/maco.201810156,0.017045454545454544,0.875,0.0,0.0,0.5167644091319125,0.0,0.125,0.0,0.0,4.9375
https://doi.org/10.1002/maco.201810568,0.04294478527607362,0.2857142857142857,0.0,0.0,0.4193376071321488,0.0,0.14285714285714285,0.0,0.14285714285714285,5.49079754601227
https://doi.org/10.1002/maco.201810342,0.05333333333333334,0.3333333333333333,0.02666666666666667,0.006666666666666667,0.407267315981367,0.0,0.16666666666666666,0.0,0.0,4.8133333333333335
https://doi.org/10.1002/maco.201810383,0.02127659574468085,1.0,0.0,0.0,0.3440630133786432,0.0,0.3333333333333333,0.0,0.0,6.202127659574468
https://doi.org/10.1002/maco.201810401,0.02127659574468085,1.0,0.0,0.0070921985815602835,0.20234528535726393,0.0,0.2,0.0,0.0,5.297872340425532
https://doi.org/10.1002/maco.201810209,0.03571428571428571,0.0,0.015306122448979591,0.0,0.2918438703280631,0.0,0.1111111111111111,0.0,0.1111111111111111,5.877551020408164
https://doi.org/10.1002/maco.201709896,0.017045454545454544,0.2222222222222222,0.0,0.0,0.36487714450005276,0.0,0.0,0.0,0.0,5.386363636363637
https://doi.org/10.1002/maco.201810116,0.014925373134328358,0.4444444444444444,0.029850746268656716,0.004975124378109453,0.3734327165133375,0.0,0.0,0.0,0.0,5.034825870646766
https://doi.org/10.1002/maco.201709963,0.030927835051546393,0.6666666666666666,0.04639175257731959,0.0,0.4033155183921351,0.0,0.0,0.0,0.0,5.603092783505154
https://doi.org/10.1002/maco.201810362,0.02158273381294964,0.5,0.014388489208633094,0.0,0.30361076037423296,0.0,0.16666666666666666,0.0,0.16666666666666666,5.870503597122302
https://doi.org/10.1002/maco.201709827,0.04950495049504951,0.4,0.0594059405940594,0.009900990099009901,0.46587288538687494,0.0,0.2,0.0,0.2,5.841584158415841
https://doi.org/10.1002/maco.201810391,0.01762114537444934,0.2,0.004405286343612335,0.00881057268722467,0.4666485535372286,0.0,0.1,0.0,0.0,5.392070484581498
https://doi.org/10.1002/maco.201810039,0.0,0.2,0.02040816326530612,0.006802721088435374,0.4651788026470411,0.0,0.2,0.0,0.0,5.659863945578231
https://doi.org/10.1002/maco.201810380,0.016042780748663103,0.7142857142857143,0.0,0.0053475935828877,0.35439661017713137,0.0,0.14285714285714285,0.0,0.14285714285714285,6.213903743315508
https://doi.org/10.1002/maco.201810070,0.010309278350515464,0.5,0.05154639175257732,0.0,0.32617096947538915,0.0,0.0,0.0,0.0,5.835051546391752
https://doi.org/10.1002/maco.201810148,0.018867924528301886,0.0,0.0,0.0,0.36744041687076306,0.0,0.1111111111111111,0.0,0.0,5.584905660377358
https://doi.org/10.1002/maco.201810307,0.0213903743315508,0.14285714285714285,0.03208556149732621,0.0106951871657754,0.4463879519723894,0.0,0.14285714285714285,0.0,0.0,5.55614973262032
https://doi.org/10.1002/maco.201810454,0.046153846153846156,0.5714285714285714,0.06666666666666667,0.010256410256410256,0.239986850395848,0.0,0.14285714285714285,0.0,0.0,5.4512820512820515
https://doi.org/10.1002/maco.201810036,0.0,0.14285714285714285,0.0,0.013333333333333334,0.3490940656422946,0.0,0.0,0.0,0.14285714285714285,5.58
https://doi.org/10.1002/maco.201709802,0.03468208092485549,0.2857142857142857,0.03468208092485549,0.0,0.2592793236070035,0.0,0.14285714285714285,0.0,0.0,5.618497109826589
https://doi.org/10.1002/maco.201709894,0.07766990291262135,0.4,0.0,0.009708737864077669,0.2790312206446585,0.0,0.0,0.0,0.2,5.844660194174757
https://doi.org/10.1002/maco.201710005,0.01834862385321101,0.6666666666666666,0.01834862385321101,0.0,0.20390927312745752,0.0,0.6666666666666666,0.0,0.0,4.376146788990826
https://doi.org/10.1002/maco.201810108,0.04040404040404041,0.3333333333333333,0.030303030303030304,0.020202020202020204,0.04285495643554834,0.0,0.0,0.0,0.3333333333333333,5.151515151515151
https://doi.org/10.1002/maco.201810170,0.058823529411764705,0.3333333333333333,0.023529411764705882,0.0,0.06655122646461624,0.0,0.0,0.0,0.0,6.517647058823529
https://doi.org/10.1002/maco.201810125,0.03488372093023256,0.3333333333333333,0.0,0.011627906976744186,0.26920550936721455,0.0,0.0,0.0,0.16666666666666666,6.104651162790698
https://doi.org/10.1002/maco.201810306,0.02654867256637168,0.2,0.0,0.0,0.3098609097347185,0.0,0.0,0.0,0.0,6.176991150442478
https://doi.org/10.1002/maco.201810485,0.00641025641025641,0.5714285714285714,0.07051282051282051,0.0,0.5236830324487206,0.0,0.14285714285714285,0.0,0.0,5.141025641025641
https://doi.org/10.1002/maco.201810201,0.03184713375796178,0.6,0.08280254777070063,0.0,0.2991597086832453,0.0,0.6,0.0,0.0,5.719745222929936
https://doi.org/10.1002/maco.201810438,0.0546875,1.0,0.1015625,0.0078125,0.19263793759278053,0.0,0.0,0.0,0.0,5.7578125
https://doi.org/10.1002/maco.201810536,0.03592814371257485,0.25,0.005988023952095809,0.0,0.39679413789291773,0.0,0.125,0.0,0.0,6.221556886227545
https://doi.org/10.1002/maco.201709872,0.016666666666666666,0.0,0.0,0.008333333333333333,0.223606797749979,0.0,0.0,0.0,0.0,6.525
https://doi.org/10.1002/maco.201709957,0.019867549668874173,0.75,0.009933774834437087,0.0,0.47677520013659125,0.0,0.375,0.0,0.0,5.251655629139073
https://doi.org/10.1002/maco.201810222,0.03592814371257485,0.8,0.08383233532934131,0.017964071856287425,0.3211278485698664,0.0,0.2,0.0,0.2,4.491017964071856
https://doi.org/10.1002/maco.201810119,0.034482758620689655,0.16666666666666666,0.04827586206896552,0.006896551724137931,0.18415213686646467,0.0,0.0,0.0,0.0,5.779310344827586
https://doi.org/10.1002/maco.201810457,0.017341040462427744,0.5,0.011560693641618497,0.005780346820809248,0.4030937195748241,0.0,0.125,0.0,0.25,5.531791907514451
https://doi.org/10.1002/maco.201810566,0.020202020202020204,1.0,0.030303030303030304,0.0,0.09896928253669407,0.0,0.3333333333333333,0.0,0.3333333333333333,5.242424242424242
https://doi.org/10.1002/maco.201709945,0.030303030303030304,0.16666666666666666,0.05454545454545454,0.006060606060606061,0.3448159967654406,0.0,0.16666666666666666,0.0,0.16666666666666666,5.8545454545454545
https://doi.org/10.1002/maco.201709995,0.03571428571428571,0.5,0.023809523809523808,0.0,0.48795003647426655,0.0,0.0,0.0,0.0,4.964285714285714
https://doi.org/10.1002/maco.201810477,0.025423728813559324,0.5,0.1271186440677966,0.00847457627118644,0.6321374982702209,0.0,0.16666666666666666,0.0,0.0,5.5508474576271185
https://doi.org/10.1002/maco.201810302,0.009708737864077669,0.75,0.019417475728155338,0.0,0.4186031288798077,0.0,0.25,0.0,0.0,5.0
https://doi.org/10.1002/maco.201810300,0.02531645569620253,0.25,0.006329113924050633,0.0,0.21444397906452425,0.0,0.0,0.0,0.125,6.139240506329114
https://doi.org/10.1002/maco.201810423,0.04878048780487805,0.5,0.024390243902439025,0.012195121951219513,0.48597216695539697,0.25,0.0,0.0,0.25,4.475609756097561
https://doi.org/10.1002/maco.201810208,0.016216216216216217,0.5714285714285714,0.10270270270270271,0.0,0.43324248453002984,0.0,0.2857142857142857,0.0,0.14285714285714285,5.345945945945946
https://doi.org/10.1002/maco.201810206,0.027932960893854747,0.375,0.0335195530726257,0.0,0.3511563157501167,0.0,0.0,0.0,0.125,5.93854748603352
https://doi.org/10.1002/maco.201810456,0.009433962264150943,0.875,0.07075471698113207,0.0,0.42020863115698276,0.0,0.25,0.0,0.0,5.919811320754717
https://doi.org/10.1002/maco.201710014,0.07692307692307693,0.0,0.0,0.0,0.39906384717705135,0.0,0.0,0.0,0.14285714285714285,5.615384615384615
https://doi.org/10.1002/maco.201810173,0.061855670103092786,0.25,0.010309278350515464,0.0,0.34914833447167215,0.0,0.25,0.0,0.0,5.793814432989691
https://doi.org/10.1002/maco.201810358,0.024096385542168676,0.4,0.07228915662650602,0.0,0.2304954996350481,0.0,0.2,0.0,0.0,5.879518072289157
https://doi.org/10.1002/maco.201810436,0.0223463687150838,0.8333333333333334,0.1005586592178771,0.00558659217877095,0.4134455667503551,0.0,0.5,0.0,0.16666666666666666,5.4972067039106145
https://doi.org/10.1002/maco.201810582,0.022900763358778626,0.0,0.0,0.007633587786259542,0.26043850548445774,0.0,0.2,0.0,0.0,5.595419847328245
https://doi.org/10.1002/maco.201709925,0.05343511450381679,0.6666666666666666,0.061068702290076333,0.0,0.5284847001731596,0.16666666666666666,0.16666666666666666,0.0,0.0,5.916030534351145
https://doi.org/10.1002/maco.201810072,0.009009009009009009,0.625,0.0,0.009009009009009009,0.2824579352538898,0.0,0.25,0.0,0.25,5.058558558558558
https://doi.org/10.1002/maco.201810237,0.029197080291970802,0.5714285714285714,0.06569343065693431,0.0,0.476860816673316,0.0,0.14285714285714285,0.0,0.0,5.328467153284672
https://doi.org/10.1002/maco.201810299,0.04128440366972477,0.3333333333333333,0.03669724770642202,0.0045871559633027525,0.264548089088004,0.0,0.1111111111111111,0.0,0.1111111111111111,5.568807339449541
https://doi.org/10.1002/maco.201810356,0.0440251572327044,0.6666666666666666,0.0440251572327044,0.0,0.3309514997968018,0.0,0.16666666666666666,0.0,0.0,4.553459119496855
https://doi.org/10.1002/maco.201810552,0.0297029702970297,0.4,0.009900990099009901,0.0,0.4605823108757627,0.0,0.0,0.0,0.2,5.9504950495049505
https://doi.org/10.1002/maco.201709984,0.043859649122807015,0.25,0.06140350877192982,0.0,0.18976585660336787,0.0,0.25,0.0,0.0,5.7105263157894735
https://doi.org/10.1002/maco.201810660,0.02,0.6666666666666666,0.055,0.0,0.5746303159423457,0.0,0.1111111111111111,0.0,0.0,4.67
https://doi.org/10.1002/maco.201810215,0.0423728813559322,0.2,0.01694915254237288,0.00847457627118644,0.32558258834404313,0.0,0.2,0.0,0.0,6.059322033898305
https://doi.org/10.1002/maco.201810121,0.025,0.6,0.029166666666666667,0.0,0.2404423007708918,0.0,0.8,0.0,0.0,4.9875
https://doi.org/10.1002/maco.201810395,0.011363636363636364,0.3,0.08522727272727272,0.0,0.3206076359014974,0.1,0.0,0.0,0.0,5.653409090909091
https://doi.org/10.1002/maco.201810174,0.02666666666666667,0.16666666666666666,0.013333333333333334,0.006666666666666667,0.6079473661428265,0.0,0.3333333333333333,0.0,0.0,5.253333333333333
https://doi.org/10.1002/maco.201710016,0.025252525252525252,0.42857142857142855,0.0,0.005050505050505051,0.3493255851674865,0.0,0.2857142857142857,0.0,0.0,5.651515151515151
https://doi.org/10.1002/maco.201810337,0.02027027027027027,1.0,0.0,0.006756756756756757,0.1552584499064332,0.0,0.75,0.0,0.0,4.277027027027027
https://doi.org/10.1002/maco.201810147,0.006211180124223602,0.0,0.043478260869565216,0.0,0.55516277067227,0.3,0.0,0.0,0.0,5.894409937888199
https://doi.org/10.1002/maco.201810367,0.03164556962025317,0.16666666666666666,0.0189873417721519,0.0,0.41464150263694177,0.0,0.16666666666666666,0.0,0.0,5.620253164556962
https://doi.org/10.1002/maco.201709947,0.061855670103092786,0.0,0.0,0.0,0.27392433516673037,0.0,0.0,0.0,0.0,6.237113402061856
https://doi.org/10.1002/maco.201709674,0.01764705882352941,0.125,0.07058823529411765,0.0058823529411764705,0.46032935403562,0.0,0.125,0.0,0.0,5.458823529411765
https://doi.org/10.1002/maco.201709892,0.024752475247524754,0.375,0.009900990099009901,0.009900990099009901,0.26400577477175013,0.0,0.0,0.0,0.125,5.3861386138613865
https://doi.org/10.1002/maco.201810318,0.02564102564102564,0.6,0.1452991452991453,0.008547008547008548,0.3360615940399573,0.0,0.0,0.0,0.0,5.478632478632479
https://doi.org/10.1002/maco.201810094,0.043795620437956206,0.25,0.021897810218978103,0.0,0.2581713749463853,0.0,0.75,0.0,0.25,5.795620437956204
https://doi.org/10.1002/maco.201709876,0.02459016393442623,0.2,0.08196721311475409,0.00819672131147541,0.36985292369437633,0.0,0.2,0.0,0.0,6.262295081967213
https://doi.org/10.1002/maco.201810487,0.020134228187919462,0.0,0.020134228187919462,0.0,0.3267980892332846,0.0,0.5,0.0,0.0,5.268456375838926
https://doi.org/10.1002/maco.201709770,0.022556390977443608,0.3333333333333333,0.045112781954887216,0.0,0.21543682378788573,0.0,0.0,0.0,0.0,5.503759398496241
https://doi.org/10.1002/maco.201709992,0.026737967914438502,0.4166666666666667,0.03208556149732621,0.0,0.43480243947280295,0.16666666666666666,0.0,0.0,0.08333333333333333,5.090909090909091
https://doi.org/10.1002/maco.201709969,0.03488372093023256,0.2,0.0,0.0,0.2736884254869726,0.0,0.0,0.0,0.0,6.093023255813954
https://doi.org/10.1002/maco.201810462,0.034482758620689655,0.0,0.011494252873563218,0.011494252873563218,0.08828903158469664,0.0,0.0,0.0,0.25,6.540229885057471
https://doi.org/10.1002/maco.201709949,0.015267175572519083,0.4,0.10687022900763359,0.0,0.3857795043814741,0.0,0.2,0.0,0.0,7.0
https://doi.org/10.1002/maco.201810123,0.04712041884816754,0.5714285714285714,0.02617801047120419,0.005235602094240838,0.4112531285163452,0.0,0.14285714285714285,0.0,0.2857142857142857,5.31413612565445
https://doi.org/10.1002/maco.201810317,0.01282051282051282,0.6666666666666666,0.03205128205128205,0.0,0.3297390038361971,0.0,0.0,0.0,0.0,5.858974358974359
https://doi.org/10.1002/maco.201810580,0.02564102564102564,0.0,0.0,0.01282051282051282,0.3277390520811338,0.0,0.14285714285714285,0.0,0.14285714285714285,5.512820512820513
https://doi.org/10.1002/maco.201810109,0.03592814371257485,0.42857142857142855,0.029940119760479042,0.0,0.22341027672069014,0.0,0.0,0.0,0.14285714285714285,5.161676646706587
https://doi.org/10.1002/maco.201810182,0.03167420814479638,0.1,0.027149321266968326,0.004524886877828055,0.33888351752674717,0.0,0.1,0.0,0.0,5.153846153846154
https://doi.org/10.1002/maco.201810150,0.025157232704402517,0.0,0.07547169811320754,0.006289308176100629,0.30656748696739466,0.0,0.14285714285714285,0.0,0.0,6.169811320754717
https://doi.org/10.1002/maco.201810557,0.018633540372670808,0.3333333333333333,0.043478260869565216,0.006211180124223602,0.21453311849901296,0.0,0.0,0.0,0.0,5.559006211180124
https://doi.org/10.1002/maco.201810385,0.035211267605633804,0.2857142857142857,0.07746478873239436,0.0,0.19490637328307112,0.0,0.0,0.0,0.0,5.21830985915493
https://doi.org/10.1002/maco.201870011,0.017241379310344827,0.14285714285714285,0.0,0.0,0.8624137241655033,0.5714285714285714,0.0,0.0,0.0,5.637931034482759
https://doi.org/10.1002/maco.201810407,0.024630541871921183,0.5,0.019704433497536946,0.0049261083743842365,0.30688508624970484,0.0,0.5,0.0,0.16666666666666666,5.655172413793103
https://doi.org/10.1002/maco.201810636,0.026490066225165563,0.0,0.0,0.0,0.39701972946547986,0.2,0.4,0.0,0.0,5.562913907284768
https://doi.org/10.1002/maco.201810049,0.02912621359223301,0.25,0.06796116504854369,0.009708737864077669,0.24923296413579488,0.0,0.0,0.0,0.25,6.145631067961165
https://doi.org/10.1002/maco.201810086,0.016042780748663103,0.0,0.0213903743315508,0.0,1.0102565327129054,0.7037037037037037,0.0,0.0,0.037037037037037035,4.39572192513369
https://doi.org/10.1002/maco.201810424,0.016853932584269662,0.1111111111111111,0.028089887640449437,0.0056179775280898875,0.23081616386712514,0.0,0.0,0.0,0.1111111111111111,5.865168539325842
https://doi.org/10.1002/maco.201810326,0.025477707006369428,0.125,0.0,0.0,0.33793995910528174,0.0,0.0,0.0,0.125,5.318471337579618
https://doi.org/10.1002/maco.201810493,0.021897810218978103,1.0,0.058394160583941604,0.0,0.5474939151123847,0.0,0.2,0.0,0.0,5.299270072992701
https://doi.org/10.1002/maco.201810420,0.041237113402061855,0.75,0.041237113402061855,0.010309278350515464,0.3916169054272696,0.0,0.25,0.0,0.0,5.865979381443299
https://doi.org/10.1002/maco.201810386,0.03571428571428571,0.2857142857142857,0.007142857142857143,0.007142857142857143,0.4432026302139591,0.0,0.14285714285714285,0.0,0.2857142857142857,5.885714285714286
https://doi.org/10.1002/maco.201810098,0.034482758620689655,0.0,0.034482758620689655,0.008620689655172414,0.32255667127361565,0.0,0.0,0.0,0.16666666666666666,5.456896551724138
https://doi.org/10.1002/maco.201810113,0.012658227848101266,0.2,0.0,0.0,0.38164084637167933,0.0,0.0,0.0,0.0,4.89873417721519
https://doi.org/10.1002/maco.201810278,0.06976744186046512,0.6,0.0,0.011627906976744186,0.14429853076733554,0.0,0.0,0.0,0.2,6.0
https://doi.org/10.1002/maco.201810218,0.02127659574468085,0.7142857142857143,0.026595744680851064,0.005319148936170213,0.193400627262743,0.0,0.0,0.0,0.0,4.691489361702128
https://doi.org/10.1002/maco.201709836,0.019230769230769232,0.5714285714285714,0.02564102564102564,0.0,0.32773905208113374,0.0,0.0,0.0,0.14285714285714285,5.403846153846154
https://doi.org/10.1002/maco.201810085,0.022598870056497175,0.125,0.06779661016949153,0.005649717514124294,0.4932756681645847,0.0,0.125,0.0,0.125,5.598870056497175
https://doi.org/10.1002/maco.201810132,0.04040404040404041,0.0,0.030303030303030304,0.0,0.322442216151765,0.0,0.0,0.0,0.0,5.818181818181818
https://doi.org/10.1002/maco.201810153,0.05,0.2,0.04,0.0,0.303315017762062,0.0,0.0,0.0,0.0,5.53
https://doi.org/10.1002/maco.201810419,0.038834951456310676,0.4,0.0,0.0,0.405681211956819,0.0,0.0,0.0,0.0,5.660194174757281
https://doi.org/10.1002/maco.201810514,0.026041666666666668,0.7777777777777778,0.0,0.015625,0.3528621809573817,0.0,0.0,0.0,0.1111111111111111,4.703125
https://doi.org/10.1002/maco.201810554,0.02976190476190476,0.0,0.023809523809523808,0.005952380952380952,0.35565164872118227,0.0,0.14285714285714285,0.0,0.0,5.988095238095238
https://doi.org/10.1002/maco.201709722,0.012422360248447204,0.8571428571428571,0.037267080745341616,0.006211180124223602,0.317803697030212,0.0,0.0,0.0,0.14285714285714285,5.745341614906832
https://doi.org/10.1002/maco.201810134,0.010101010101010102,0.0,0.010101010101010102,0.0,0.20872705373506895,0.0,0.0,0.0,0.0,6.151515151515151
https://doi.org/10.1002/maco.201810480,0.03056768558951965,0.5,0.06986899563318777,0.0,0.43770622062006054,0.0,0.25,0.0,0.0,4.7685589519650655
https://doi.org/10.1002/maco.201810425,0.0053475935828877,0.8333333333333334,0.0481283422459893,0.0053475935828877,0.4270380781658808,0.0,0.3333333333333333,0.0,0.0,5.2994652406417115
https://doi.org/10.1002/maco.201810486,0.023952095808383235,0.16666666666666666,0.05389221556886228,0.005988023952095809,0.4176619878436362,0.0,0.16666666666666666,0.0,0.0,5.251497005988024
https://doi.org/10.1002/maco.201810382,0.014705882352941176,0.42857142857142855,0.0,0.0,0.3241971718389501,0.0,0.0,0.0,0.14285714285714285,5.588235294117647
https://doi.org/10.1002/maco.201810165,0.07216494845360824,0.25,0.0,0.0,0.3007412813570066,0.0,0.0,0.0,0.0,6.824742268041237
https://doi.org/10.1002/maco.201810136,0.03529411764705882,0.14285714285714285,0.023529411764705882,0.011764705882352941,0.440587842613506,0.0,0.14285714285714285,0.0,0.14285714285714285,5.476470588235294
https://doi.org/10.1002/maco.201709878,0.05027932960893855,0.36363636363636365,0.0446927374301676,0.00558659217877095,0.46586953607574044,0.09090909090909091,0.0,0.0,0.09090909090909091,5.35754189944134
https://doi.org/10.1002/maco.201810160,0.036585365853658534,0.2222222222222222,0.012195121951219513,0.006097560975609756,0.3025521031720799,0.0,0.0,0.0,0.1111111111111111,6.201219512195122
https://doi.org/10.1002/maco.201810259,0.016129032258064516,0.2857142857142857,0.0,0.0,0.4885674113047884,0.0,0.2857142857142857,0.0,0.0,5.317204301075269
https://doi.org/10.1002/maco.201810277,0.02142857142857143,0.0,0.05714285714285714,0.007142857142857143,0.2470230923684369,0.0,0.0,0.0,0.0,5.571428571428571
https://doi.org/10.1002/maco.201709820,0.024,0.5714285714285714,0.0,0.0,0.40095885075653337,0.0,0.0,0.0,0.0,5.48
https://doi.org/10.1002/maco.201710017,0.029411764705882353,0.6666666666666666,0.029411764705882353,0.0058823529411764705,0.44535278189994587,0.0,0.16666666666666666,0.0,0.0,5.552941176470588
https://doi.org/10.1002/maco.201709950,0.03804347826086957,0.3333333333333333,0.07608695652173914,0.0,0.44299312765901805,0.0,0.5,0.0,0.0,5.429347826086956
https://doi.org/10.1002/maco.201810495,0.0196078431372549,0.2857142857142857,0.013071895424836602,0.0,0.3339095365867922,0.0,0.0,0.0,0.0,5.117647058823529
https://doi.org/10.1002/maco.201810502,0.01773049645390071,0.0,0.0,0.0,0.29095307087611366,0.0,0.2222222222222222,0.0,0.0,5.361702127659575
https://doi.org/10.1002/maco.201810565,0.03428571428571429,0.42857142857142855,0.04,0.005714285714285714,0.49315312023751806,0.14285714285714285,0.2857142857142857,0.0,0.0,5.611428571428571
https://doi.org/10.1002/maco.201709980,0.031446540880503145,0.14285714285714285,0.06918238993710692,0.006289308176100629,0.3527623562862932,0.0,0.0,0.0,0.0,5.754716981132075
https://doi.org/10.1002/maco.201810155,0.03048780487804878,0.2222222222222222,0.012195121951219513,0.006097560975609756,0.25711181271107336,0.0,0.0,0.0,0.2222222222222222,5.7317073170731705
https://doi.org/10.1002/maco.201810151,0.022099447513812154,0.14285714285714285,0.0055248618784530384,0.011049723756906077,0.4243726932524093,0.0,0.2857142857142857,0.0,0.14285714285714285,5.9779005524861875
https://doi.org/10.1002/maco.201810199,0.020618556701030927,0.4444444444444444,0.1134020618556701,0.010309278350515464,0.40093683469340324,0.0,0.1111111111111111,0.0,0.0,5.365979381443299
https://doi.org/10.1002/maco.201810413,0.03680981595092025,0.6,0.06748466257668712,0.006134969325153374,0.2496563183972491,0.0,0.4,0.0,0.0,4.932515337423313
https://doi.org/10.1002/maco.201810441,0.016483516483516484,0.5714285714285714,0.07142857142857142,0.005494505494505495,0.38844249762931066,0.0,0.14285714285714285,0.0,0.0,5.148351648351649
https://doi.org/10.1002/maco.201709996,0.04504504504504504,0.5,0.036036036036036036,0.0,0.14215976430684235,0.0,0.0,0.0,0.0,5.738738738738738
https://doi.org/10.1002/maco.201810248,0.021739130434782608,0.0,0.0,0.0,0.11084825029549532,0.0,0.0,0.0,0.0,6.25
https://doi.org/10.1002/maco.201810042,0.017543859649122806,0.3333333333333333,0.07017543859649122,0.0,0.27178830499701173,0.0,0.0,0.0,0.0,5.842105263157895
https://doi.org/10.1002/maco.201810543,0.02702702702702703,0.14285714285714285,0.0,0.0,0.4064176551843937,0.0,0.0,0.0,0.14285714285714285,5.405405405405405
https://doi.org/10.1002/maco.201870074,0.0,1.0,0.01910828025477707,0.0,0.0,0.0,1.0,0.0,0.0,6.063694267515924
https://doi.org/10.1002/maco.201870111,0.02912621359223301,0.6,0.019417475728155338,0.0,0.6589079417847438,0.4,0.2,0.0,0.0,4.941747572815534
https://doi.org/10.1002/maco.201870041,0.03614457831325301,0.5,0.024096385542168676,0.0,0.3292927799690711,0.0,0.0,0.0,0.0,5.096385542168675
https://doi.org/10.1002/maco.201870071,0.012195121951219513,0.8333333333333334,0.03048780487804878,0.0,0.4558105266105063,0.0,0.3333333333333333,0.0,0.0,5.5060975609756095
https://doi.org/10.1002/maco.201870021,0.009708737864077669,0.07142857142857142,0.009708737864077669,0.0,0.705538730059191,0.5,0.0,0.0,0.07142857142857142,5.184466019417476
https://doi.org/10.1002/maco.201870101,0.024390243902439025,0.36363636363636365,0.012195121951219513,0.0,0.9361692419078662,0.36363636363636365,0.09090909090909091,0.0,0.0,4.585365853658536
https://doi.org/10.1002/maco.201870091,0.0058823529411764705,0.3333333333333333,0.0,0.0,0.35771284224731226,0.1111111111111111,0.0,0.0,0.1111111111111111,5.541176470588235
https://doi.org/10.1002/maco.201870031,0.0196078431372549,0.07692307692307693,0.0,0.0,1.3431014736897025,0.6923076923076923,0.0,0.0,0.0,5.421568627450981
https://doi.org/10.1002/maco.201870121,0.061224489795918366,0.4444444444444444,0.0,0.0,0.6505052020616011,0.2222222222222222,0.0,0.0,0.0,5.8231292517006805
https://doi.org/10.1002/maco.201870051,0.04,0.6,0.0,0.0,1.0052661339167852,0.2,0.2,0.0,0.0,6.272
https://doi.org/10.1002/maco.201870081,0.012195121951219513,0.8333333333333334,0.03048780487804878,0.0,0.4558105266105063,0.0,0.3333333333333333,0.0,0.0,5.5060975609756095
https://doi.org/10.1002/maco.201870061,0.039473684210526314,0.3333333333333333,0.0,0.0,0.38180574022491864,0.0,0.3333333333333333,0.0,0.0,5.894736842105263
https://doi.org/10.1108/acmm-12-2018-2042,0.015384615384615385,0.25,0.03076923076923077,0.005128205128205128,0.32103547130029825,0.0,0.125,0.0,0.0,5.328205128205128
https://doi.org/10.1108/acmm-07-2018-1964,0.014925373134328358,0.1,0.014925373134328358,0.004975124378109453,0.24519843841495734,0.0,0.0,0.0,0.1,6.522388059701493
https://doi.org/10.1108/acmm-10-2018-2016,0.04433497536945813,0.125,0.04433497536945813,0.0049261083743842365,0.2028097423668857,0.0,0.0,0.0,0.125,6.004926108374384
https://doi.org/10.1108/acmm-10-2018-2018,0.01020408163265306,0.4444444444444444,0.10204081632653061,0.00510204081632653,0.4001769704311751,0.1111111111111111,0.1111111111111111,0.0,0.0,6.6020408163265305
https://doi.org/10.1108/acmm-06-2019-2131,0.01466275659824047,0.35714285714285715,0.03225806451612903,0.005865102639296188,0.3121342382674595,0.0,0.07142857142857142,0.0,0.0,6.020527859237537
https://doi.org/10.1108/acmm-10-2018-2009,0.021834061135371178,0.5454545454545454,0.004366812227074236,0.004366812227074236,0.38363383634231263,0.0,0.0,0.0,0.0,5.567685589519651
https://doi.org/10.1108/acmm-02-2018-1906,0.027777777777777776,0.6,0.015432098765432098,0.006172839506172839,0.38972084241147154,0.0,0.3,0.0,0.0,5.7407407407407405
https://doi.org/10.1108/acmm-01-2019-2056,0.025735294117647058,0.0,0.0,0.007352941176470588,0.34870310886409933,0.1111111111111111,0.3333333333333333,0.0,0.0,5.838235294117647
https://doi.org/10.1108/acmm-06-2019-2146,0.045454545454545456,0.5,0.0,0.007575757575757576,0.4723774929733302,0.125,0.0,0.0,0.0,6.583333333333333
https://doi.org/10.1108/acmm-12-2018-2045,0.03139013452914798,0.2727272727272727,0.008968609865470852,0.008968609865470852,0.48151496665636295,0.0,0.09090909090909091,0.0,0.09090909090909091,5.856502242152466
https://doi.org/10.1108/acmm-08-2018-1986,0.012345679012345678,0.6666666666666666,0.053497942386831275,0.00411522633744856,0.3362923079475614,0.0,0.2222222222222222,0.0,0.1111111111111111,5.493827160493828
https://doi.org/10.1108/acmm-01-2019-2065,0.008746355685131196,0.5625,0.014577259475218658,0.0029154518950437317,0.3628185882560157,0.0,0.0,0.0,0.0625,6.005830903790088
https://doi.org/10.1108/acmm-01-2019-2070,0.039473684210526314,0.8571428571428571,0.017543859649122806,0.0,0.3256855827322276,0.0,0.42857142857142855,0.0,0.0,5.631578947368421
https://doi.org/10.1108/acmm-11-2017-1858,0.016304347826086956,0.2857142857142857,0.02717391304347826,0.02717391304347826,0.29797282960593036,0.0,0.14285714285714285,0.0,0.14285714285714285,5.326086956521739
https://doi.org/10.1108/acmm-02-2019-2082,0.02617801047120419,0.625,0.005235602094240838,0.010471204188481676,0.2867179386406925,0.0,0.125,0.0,0.0,5.890052356020942
https://doi.org/10.1108/acmm-05-2019-2128,0.0311284046692607,0.25,0.07392996108949416,0.007782101167315175,0.674028353454047,0.0,0.25,0.0,0.0,5.400778210116732
https://doi.org/10.1108/acmm-08-2018-1992,0.03888888888888889,0.75,0.03888888888888889,0.011111111111111112,0.4740162001711454,0.0,0.125,0.0,0.25,5.794444444444444
https://doi.org/10.1108/acmm-10-2018-2013,0.01984126984126984,0.36363636363636365,0.03571428571428571,0.011904761904761904,0.412202082497552,0.0,0.18181818181818182,0.0,0.09090909090909091,5.567460317460317
https://doi.org/10.1108/acmm-04-2018-1921,0.0189873417721519,0.3333333333333333,0.0379746835443038,0.006329113924050633,0.43279293663996854,0.0,0.3333333333333333,0.0,0.0,5.556962025316456
https://doi.org/10.1108/acmm-06-2018-1953,0.04072398190045249,0.1,0.0,0.004524886877828055,0.5048646462668408,0.0,0.1,0.0,0.0,5.6923076923076925
https://doi.org/10.1108/acmm-10-2017-1856,0.012605042016806723,0.16666666666666666,0.04201680672268908,0.004201680672268907,0.39851783870182783,0.0,0.5,0.0,0.16666666666666666,5.676470588235294
https://doi.org/10.1108/acmm-07-2017-1816,0.021660649819494584,0.18181818181818182,0.018050541516245487,0.007220216606498195,0.30187068534825806,0.0,0.18181818181818182,0.0,0.0,5.675090252707581
https://doi.org/10.1108/acmm-03-2019-2086,0.008583690987124463,1.0,0.012875536480686695,0.008583690987124463,0.5286989268135158,0.0,0.25,0.0,0.0,5.1931330472103
https://doi.org/10.1108/acmm-04-2019-2107,0.02564102564102564,0.16666666666666666,0.0,0.017094017094017096,0.29122606901539866,0.0,0.0,0.0,0.0,6.102564102564102
https://doi.org/10.1108/acmm-09-2018-1996,0.01775147928994083,0.0,0.04142011834319527,0.01775147928994083,0.2758945142455566,0.0,0.0,0.0,0.0,6.076923076923077
https://doi.org/10.1108/acmm-01-2019-2074,0.015706806282722512,0.75,0.03664921465968586,0.005235602094240838,0.279749738374713,0.0,0.125,0.0,0.0,5.968586387434555
https://doi.org/10.1108/acmm-01-2019-2054,0.0055248618784530384,0.5,0.03867403314917127,0.011049723756906077,0.20590768125507428,0.0,0.0,0.0,0.0,5.856353591160221
https://doi.org/10.1108/acmm-07-2018-1976,0.0125,0.09090909090909091,0.0,0.004166666666666667,0.3045374452436934,0.0,0.09090909090909091,0.0,0.0,6.083333333333333
https://doi.org/10.1108/acmm-09-2019-2176,0.01488095238095238,0.25,0.026785714285714284,0.011904761904761904,0.5749519352877739,0.0,0.08333333333333333,0.0,0.08333333333333333,5.4375
https://doi.org/10.1108/acmm-03-2019-2100,0.02717391304347826,0.7142857142857143,0.03804347826086957,0.010869565217391304,0.3027910495040026,0.0,0.14285714285714285,0.0,0.0,5.798913043478261
https://doi.org/10.1108/acmm-03-2019-2092,0.040697674418604654,0.3333333333333333,0.0,0.005813953488372093,0.23844298435360323,0.0,0.0,0.0,0.0,5.9186046511627906
https://doi.org/10.1108/acmm-10-2018-2005,0.008064516129032258,1.0,0.03225806451612903,0.004032258064516129,0.31565138372227297,0.0,0.375,0.0,0.0,5.399193548387097
https://doi.org/10.1108/acmm-03-2019-2095,0.04,0.0,0.06666666666666667,0.008888888888888889,0.2789397917246792,0.0,0.0,0.0,0.08333333333333333,6.097777777777778
https://doi.org/10.1108/acmm-09-2018-1993,0.021660649819494584,0.3,0.021660649819494584,0.007220216606498195,0.4748493348531878,0.2,0.3,0.0,0.0,5.166064981949458
https://doi.org/10.1108/acmm-01-2019-2053,0.02643171806167401,0.6666666666666666,0.07488986784140969,0.004405286343612335,0.3109395777096263,0.0,0.1111111111111111,0.0,0.0,5.378854625550661
https://doi.org/10.1108/acmm-05-2019-2119,0.015151515151515152,0.625,0.020202020202020204,0.010101010101010102,0.4947433089397356,0.125,0.125,0.0,0.0,5.858585858585859
https://doi.org/10.1108/acmm-10-2018-2023,0.027472527472527472,0.5714285714285714,0.0989010989010989,0.005494505494505495,0.45647404583656304,0.0,0.14285714285714285,0.0,0.0,5.406593406593407
https://doi.org/10.1108/acmm-01-2019-2066,0.014218009478672985,0.4,0.037914691943127965,0.009478672985781991,0.3420540393510167,0.0,0.1,0.0,0.0,5.872037914691943
https://doi.org/10.1108/acmm-09-2017-1836,0.005263157894736842,0.3333333333333333,0.09473684210526316,0.010526315789473684,0.318757977467931,0.08333333333333333,0.0,0.0,0.0,5.515789473684211
https://doi.org/10.1108/acmm-03-2019-2090,0.03048780487804878,0.14285714285714285,0.03048780487804878,0.012195121951219513,0.32654702046331424,0.0,0.0,0.0,0.0,6.121951219512195
https://doi.org/10.1108/acmm-06-2018-1960,0.056074766355140186,0.4,0.0,0.009345794392523364,0.3149962532028545,0.0,0.0,0.0,0.0,5.990654205607477
https://doi.org/10.1108/acmm-12-2018-2051,0.02702702702702703,1.0,0.11351351351351352,0.005405405405405406,0.18170525744834173,0.0,0.8,0.0,0.0,5.827027027027027
https://doi.org/10.1108/acmm-01-2019-2061,0.013071895424836602,0.375,0.05228758169934641,0.006535947712418301,0.2580664970248318,0.0,0.0,0.0,0.0,5.607843137254902
https://doi.org/10.1108/acmm-09-2017-1846,0.01639344262295082,0.3076923076923077,0.04590163934426229,0.006557377049180328,0.38035613235852506,0.0,0.23076923076923078,0.0,0.07692307692307693,5.508196721311475
https://doi.org/10.1108/acmm-08-2018-1981,0.05106382978723404,0.5833333333333334,0.11914893617021277,0.00425531914893617,0.6396439706859965,0.08333333333333333,0.08333333333333333,0.0,0.08333333333333333,5.0638297872340425
https://doi.org/10.1108/acmm-09-2018-2003,0.02734375,0.5384615384615384,0.01171875,0.00390625,0.3822939728018544,0.0,0.07692307692307693,0.0,0.0,5.60546875
https://doi.org/10.1108/acmm-08-2018-1988,0.005263157894736842,0.25,0.0,0.005263157894736842,0.48728997890958764,0.125,0.25,0.0,0.0,5.226315789473684
https://doi.org/10.1108/acmm-02-2019-2083,0.009900990099009901,0.75,0.0,0.019801980198019802,0.2447367741447183,0.0,0.0,0.0,0.0,5.772277227722772
https://doi.org/10.1108/acmm-04-2019-2113,0.010033444816053512,0.5833333333333334,0.06354515050167224,0.006688963210702341,0.3694554839432217,0.0,0.16666666666666666,0.0,0.0,5.88628762541806
https://doi.org/10.1108/acmm-01-2019-2055,0.011049723756906077,0.2857142857142857,0.055248618784530384,0.011049723756906077,0.33679006970449,0.0,0.14285714285714285,0.0,0.0,6.502762430939226
https://doi.org/10.1108/acmm-08-2017-1826,0.00816326530612245,0.08333333333333333,0.0163265306122449,0.0,0.3145506437049954,0.0,0.0,0.0,0.0,5.83265306122449
https://doi.org/10.1108/acmm-03-2019-2087,0.038461538461538464,0.0,0.038461538461538464,0.00641025641025641,0.35471372646812627,0.0,0.14285714285714285,0.0,0.0,6.506410256410256
https://doi.org/10.1108/acmm-03-2019-2094,0.02702702702702703,0.0,0.0,0.0,0.3254485021295214,0.0,0.1111111111111111,0.0,0.0,5.9324324324324325
https://doi.org/10.1108/acmm-09-2018-2002,0.014925373134328358,0.23076923076923078,0.0,0.0029850746268656717,0.46321587441840767,0.0,0.15384615384615385,0.0,0.0,5.2477611940298505
https://doi.org/10.1108/acmm-05-2018-1947,0.009259259259259259,0.0,0.0,0.018518518518518517,0.4044505494044732,0.0,0.0,0.0,0.16666666666666666,5.476851851851852
https://doi.org/10.1108/acmm-10-2018-2007,0.01702127659574468,0.6666666666666666,0.06808510638297872,0.00425531914893617,0.28216969617192184,0.0,0.6666666666666666,0.0,0.0,5.74468085106383
https://doi.org/10.1108/acmm-03-2019-2102,0.041916167664670656,0.16666666666666666,0.0,0.005988023952095809,0.26190332609136574,0.0,0.16666666666666666,0.0,0.0,5.640718562874252
https://doi.org/10.1108/acmm-10-2018-2015,0.008298755186721992,0.8571428571428571,0.03734439834024896,0.008298755186721992,0.392417939171349,0.0,0.42857142857142855,0.0,0.0,5.049792531120332
https://doi.org/10.1108/acmm-11-2018-2034,0.05755395683453238,0.25,0.0,0.007194244604316547,0.35119410784054456,0.125,0.0,0.0,0.0,6.410071942446043
https://doi.org/10.1108/acmm-02-2019-2081,0.03206997084548105,0.7692307692307693,0.014577259475218658,0.0058309037900874635,0.33753832392784383,0.0,0.23076923076923078,0.0,0.0,5.685131195335277
https://doi.org/10.1108/acmm-11-2018-2026,0.02834008097165992,0.3,0.044534412955465584,0.008097165991902834,0.5521679477670398,0.0,0.2,0.0,0.0,5.7368421052631575
https://doi.org/10.1108/acmm-12-2018-2046,0.011111111111111112,0.0,0.014814814814814815,0.007407407407407408,0.26262367261090125,0.0,0.08333333333333333,0.0,0.0,6.066666666666666
https://doi.org/10.1108/acmm-07-2018-1974,0.011799410029498525,0.11764705882352941,0.0058997050147492625,0.008849557522123894,0.40429124953420215,0.058823529411764705,0.0,0.0,0.0,5.368731563421829
https://doi.org/10.1108/acmm-10-2018-2011,0.024752475247524754,0.0,0.0297029702970297,0.009900990099009901,0.36740545178771233,0.0,0.2857142857142857,0.0,0.0,6.648514851485149
https://doi.org/10.1108/acmm-08-2018-1982,0.03755868544600939,1.0,0.06572769953051644,0.004694835680751174,0.4712876136839117,0.0,0.16666666666666666,0.0,0.0,5.511737089201878
https://doi.org/10.1108/acmm-02-2019-2079,0.018633540372670808,0.8333333333333334,0.0,0.018633540372670808,0.17134303384017044,0.0,0.16666666666666666,0.0,0.0,5.726708074534161
https://doi.org/10.1108/acmm-09-2018-2001,0.012605042016806723,0.7272727272727273,0.02100840336134454,0.012605042016806723,0.3592375546184715,0.0,0.0,0.0,0.09090909090909091,6.03781512605042
https://doi.org/10.1108/acmm-01-2019-2057,0.024509803921568627,0.3333333333333333,0.029411764705882353,0.00980392156862745,0.41542490858310394,0.0,0.1111111111111111,0.0,0.1111111111111111,6.627450980392157
https://doi.org/10.1108/acmm-02-2019-2075,0.011857707509881422,0.45454545454545453,0.003952569169960474,0.011857707509881422,0.3473316644081457,0.0,0.09090909090909091,0.0,0.09090909090909091,5.620553359683795
https://doi.org/10.1108/acmm-11-2018-2035,0.04,0.375,0.022857142857142857,0.011428571428571429,0.5254347082683645,0.0,0.125,0.0,0.0,6.44
https://doi.org/10.1108/acmm-04-2019-2111,0.022222222222222223,0.09090909090909091,0.03111111111111111,0.0,0.3016334133503494,0.0,0.0,0.0,0.0,5.875555555555556
https://doi.org/10.1108/acmm-04-2019-2105,0.015625,0.0,0.0703125,0.0078125,0.35626199267094855,0.0,0.3333333333333333,0.0,0.0,6.1953125
https://doi.org/10.1108/acmm-05-2019-2125,0.043689320388349516,0.875,0.02912621359223301,0.0048543689320388345,0.5927102962950367,0.125,0.25,0.0,0.0,5.830097087378641
https://doi.org/10.1108/acmm-07-2018-1972,0.059782608695652176,0.8571428571428571,0.02717391304347826,0.005434782608695652,0.19367967044788548,0.0,0.14285714285714285,0.0,0.0,5.201086956521739
https://doi.org/10.1108/acmm-12-2018-2043,0.013333333333333334,0.7272727272727273,0.048,0.0026666666666666666,0.24203581002267685,0.0,0.45454545454545453,0.0,0.0,4.712
https://doi.org/10.1108/acmm-03-2017-1771,0.018867924528301886,0.5714285714285714,0.012578616352201259,0.0,0.2617440509016957,0.0,0.0,0.0,0.0,5.408805031446541
https://doi.org/10.1108/acmm-12-2018-2040,0.02,0.0,0.03333333333333333,0.006666666666666667,0.44840457922133964,0.0,0.16666666666666666,0.0,0.0,5.9
https://doi.org/10.1108/acmm-11-2018-2037,0.017241379310344827,0.5714285714285714,0.0,0.006896551724137931,0.3405947096514688,0.0,0.0,0.0,0.0,5.086206896551724
https://doi.org/10.1108/acmm-08-2018-1984,0.023166023166023165,0.4166666666666667,0.05019305019305019,0.003861003861003861,0.2926987275886327,0.0,0.0,0.0,0.0,5.984555984555985
https://doi.org/10.1108/acmm-11-2018-2029,0.006825938566552901,0.6,0.023890784982935155,0.0034129692832764505,0.43894818789258433,0.0,0.2,0.0,0.0,5.187713310580205
https://doi.org/10.1108/acmm-12-2017-1879,0.038910505836575876,0.25,0.03501945525291829,0.0038910505836575876,0.4068893009634251,0.0,0.375,0.0,0.0,5.754863813229572
https://doi.org/10.5006/3355,0.020202020202020204,0.0,0.027777777777777776,0.007575757575757576,0.4358091314101944,0.06666666666666667,0.2,0.0,0.06666666666666667,5.848484848484849
https://doi.org/10.5006/3336,0.02877697841726619,0.0,0.050359712230215826,0.007194244604316547,0.2268184571285532,0.0,0.2,0.0,0.2,6.482014388489208
https://doi.org/10.5006/3282,0.006289308176100629,0.0,0.03773584905660377,0.0,0.2721170773935086,0.0,0.0,0.0,0.14285714285714285,5.748427672955975
https://doi.org/10.5006/3050,0.021505376344086023,0.0,0.043010752688172046,0.0,0.2968209406847798,0.0,0.6666666666666666,0.0,0.0,5.354838709677419
https://doi.org/10.5006/3111,0.010067114093959731,0.9230769230769231,0.0,0.003355704697986577,0.3651709861227972,0.07692307692307693,0.07692307692307693,0.0,0.07692307692307693,4.989932885906041
https://doi.org/10.5006/3110,0.020512820512820513,0.5,0.010256410256410256,0.005128205128205128,0.27063127798889763,0.0,0.0,0.0,0.2,5.543589743589743
https://doi.org/10.5006/3308,0.015037593984962405,0.16666666666666666,0.0037593984962406013,0.0037593984962406013,0.33091249751376517,0.0,0.08333333333333333,0.0,0.0,5.56390977443609
https://doi.org/10.5006/3397,0.006172839506172839,0.0,0.012345679012345678,0.0,0.38608631533609605,0.0,0.14285714285714285,0.0,0.0,5.685185185185185
https://doi.org/10.5006/3233,0.04,0.5714285714285714,0.0,0.008,0.3215960198758685,0.0,0.0,0.0,0.0,6.264
https://doi.org/10.5006/3369,0.020942408376963352,0.0,0.04712041884816754,0.0,0.25141795190665905,0.0,0.14285714285714285,0.0,0.14285714285714285,6.4136125654450264
https://doi.org/10.5006/3118,0.01646090534979424,0.8,0.00823045267489712,0.00411522633744856,0.46341541676848047,0.0,0.1,0.0,0.1,5.8559670781893
https://doi.org/10.5006/3211,0.02727272727272727,0.14285714285714285,0.03636363636363636,0.004545454545454545,0.48816573530304946,0.0,0.5714285714285714,0.0,0.14285714285714285,5.4409090909090905
https://doi.org/10.5006/3290,0.016736401673640166,0.8,0.0041841004184100415,0.0,0.3625710724835135,0.0,0.1,0.0,0.0,5.853556485355648
https://doi.org/10.5006/3195,0.05102040816326531,0.5,0.01020408163265306,0.01020408163265306,0.22448979591836735,0.0,0.0,0.0,0.0,5.826530612244898
https://doi.org/10.5006/3223,0.038834951456310676,0.4,0.009708737864077669,0.0,0.35353672730161406,0.0,0.0,0.0,0.0,6.339805825242719
https://doi.org/10.5006/3097,0.01749271137026239,0.14285714285714285,0.008746355685131196,0.0029154518950437317,0.3231420385173965,0.0,0.14285714285714285,0.0,0.07142857142857142,5.78134110787172
https://doi.org/10.5006/3119,0.037383177570093455,0.25,0.04672897196261682,0.018691588785046728,0.32843520356645944,0.0,0.25,0.0,0.25,5.785046728971962
https://doi.org/10.5006/3139,0.013888888888888888,0.09090909090909091,0.06944444444444445,0.009259259259259259,0.4957812418602798,0.09090909090909091,0.18181818181818182,0.0,0.09090909090909091,5.3842592592592595
https://doi.org/10.5006/2765,0.014084507042253521,0.7,0.0,0.004694835680751174,0.4755708648693891,0.0,0.1,0.0,0.0,5.511737089201878
https://doi.org/10.5006/3054,0.02531645569620253,0.5454545454545454,0.08860759493670886,0.008438818565400843,0.360259480272347,0.0,0.09090909090909091,0.0,0.09090909090909091,5.375527426160337
https://doi.org/10.5006/3168,0.05747126436781609,0.0,0.10344827586206896,0.0,0.43405074916090136,0.0,0.0,0.0,0.4,5.758620689655173
https://doi.org/10.5006/3318,0.017167381974248927,0.5,0.030042918454935622,0.004291845493562232,0.31947593809350094,0.0,0.0,0.0,0.0,5.377682403433476
https://doi.org/10.5006/3192,0.012096774193548387,0.2,0.004032258064516129,0.004032258064516129,0.3448936254894048,0.0,0.1,0.0,0.1,5.895161290322581
https://doi.org/10.5006/3085,0.029239766081871343,0.3333333333333333,0.0,0.005847953216374269,0.33943325990482925,0.0,0.16666666666666666,0.0,0.16666666666666666,5.690058479532164
https://doi.org/10.5006/3060,0.019736842105263157,0.6,0.0,0.0,0.3152407513344984,0.0,0.2,0.0,0.0,6.0394736842105265
https://doi.org/10.5006/3028,0.0136986301369863,0.5,0.043835616438356165,0.0027397260273972603,0.32029026055117676,0.0,0.25,0.0,0.08333333333333333,5.8712328767123285
https://doi.org/10.5006/3104,0.00904977375565611,0.25,0.0,0.0,0.4091208443444598,0.0,0.25,0.0,0.0,5.610859728506787
https://doi.org/10.5006/3310,0.021897810218978103,0.6666666666666666,0.0,0.0,0.3017522132641517,0.0,0.16666666666666666,0.0,0.0,5.45985401459854
https://doi.org/10.5006/3403,0.025974025974025976,0.16666666666666666,0.0,0.006493506493506494,0.34968602643730545,0.0,0.3333333333333333,0.0,0.5,5.4935064935064934
https://doi.org/10.5006/3000,0.040229885057471264,0.125,0.04597701149425287,0.0,0.27273127626907295,0.0,0.0,0.0,0.0,6.408045977011494
https://doi.org/10.5006/2991,0.04,0.2,0.024,0.0,0.30463092423455634,0.0,0.2,0.0,0.0,5.92
https://doi.org/10.5006/3362,0.01,0.0,0.05,0.01,0.303315017762062,0.0,0.0,0.0,0.2,5.67
https://doi.org/10.5006/3432,0.007171314741035857,0.3870967741935484,0.015139442231075698,0.0,0.8912299839388698,0.06451612903225806,0.45161290322580644,0.03225806451612903,0.0,5.837450199203187
https://doi.org/10.5006/3120,0.013953488372093023,0.4,0.0,0.004651162790697674,0.28520390170708637,0.0,0.6,0.0,0.0,5.334883720930232
https://doi.org/10.5006/3396,0.021621621621621623,0.2,0.0,0.0,0.5863058633308957,0.0,0.1,0.0,0.2,5.318918918918919
https://doi.org/10.5006/3185,0.03636363636363636,0.5714285714285714,0.045454545454545456,0.0,0.47250869072422086,0.0,0.42857142857142855,0.0,0.0,5.368181818181818
https://doi.org/10.5006/3257,0.04265402843601896,0.2222222222222222,0.023696682464454975,0.0,0.2983147863858998,0.0,0.0,0.0,0.0,6.023696682464455
https://doi.org/10.5006/3164,0.0125,0.4,0.0,0.00625,0.30809393859665596,0.0,0.2,0.0,0.2,5.325
https://doi.org/10.5006/3176,0.04678362573099415,0.5454545454545454,0.023391812865497075,0.011695906432748537,0.5433248958754121,0.18181818181818182,0.0,0.0,0.0,5.3274853801169595
https://doi.org/10.5006/3091,0.03571428571428571,0.3333333333333333,0.0,0.0,0.24484480715718016,0.0,0.0,0.0,0.16666666666666666,6.107142857142857
https://doi.org/10.5006/3278,0.028368794326241134,0.25,0.014184397163120567,0.0,0.18206379649636079,0.0,0.5,0.0,0.0,5.01418439716312
https://doi.org/10.5006/3090,0.06280193236714976,0.42857142857142855,0.057971014492753624,0.0,0.22493616863425728,0.0,0.14285714285714285,0.0,0.0,5.980676328502415
https://doi.org/10.5006/3134,0.0625,0.3333333333333333,0.0375,0.0,0.08838834764831845,0.0,0.0,0.0,0.6666666666666666,6.0875
https://doi.org/10.5006/3374,0.013605442176870748,0.16666666666666666,0.013605442176870748,0.0,0.23653521973760153,0.0,0.0,0.0,0.0,6.0272108843537415
https://doi.org/10.5006/2709,0.022727272727272728,0.125,0.05113636363636364,0.005681818181818182,0.15745916432444337,0.0,0.0,0.0,0.125,5.704545454545454
https://doi.org/10.5006/3113,0.03278688524590164,0.0,0.0,0.0,0.28140750141166626,0.0,0.14285714285714285,0.0,0.14285714285714285,5.66120218579235
https://doi.org/10.5006/3335,0.05185185185185185,0.8333333333333334,0.05925925925925926,0.007407407407407408,0.19668026736817415,0.0,0.0,0.0,0.0,5.488888888888889
https://doi.org/10.5006/3334,0.05343511450381679,0.4,0.04580152671755725,0.015267175572519083,0.38045605479014083,0.0,0.2,0.0,0.4,5.190839694656488
https://doi.org/10.5006/3066,0.02843601895734597,0.375,0.04265402843601896,0.004739336492890996,0.34746157105723174,0.0,0.25,0.0,0.0,5.137440758293839
https://doi.org/10.5006/2960,0.015503875968992248,0.2,0.0,0.007751937984496124,0.21286093360846484,0.0,0.0,0.0,0.2,6.6976744186046515
https://doi.org/10.5006/3242,0.027237354085603113,0.4444444444444444,0.023346303501945526,0.0,0.6321011373748037,0.0,0.1111111111111111,0.0,0.0,5.4591439688715955
https://doi.org/10.5006/3051,0.041237113402061855,0.5714285714285714,0.015463917525773196,0.0,0.3668133376217979,0.0,0.2857142857142857,0.0,0.0,6.216494845360825
https://doi.org/10.5006/2952,0.05365853658536585,0.125,0.0975609756097561,0.0,0.2299936631049031,0.0,0.0,0.0,0.0,5.980487804878049
https://doi.org/10.5006/3081,0.018072289156626505,0.875,0.13253012048192772,0.0,0.35882584606832363,0.0,0.0,0.0,0.0,4.897590361445783
https://doi.org/10.5006/3303,0.012195121951219513,0.4444444444444444,0.036585365853658534,0.0,0.41615574465247696,0.0,0.1111111111111111,0.0,0.1111111111111111,6.359756097560975
https://doi.org/10.5006/3343,0.03968253968253968,0.6,0.0,0.0,0.45133546692422,0.0,0.2,0.0,0.0,5.9523809523809526
https://doi.org/10.5006/3262,0.03333333333333333,0.0,0.0,0.0,0.20245407953654,0.0,0.0,0.0,0.0,5.8
https://doi.org/10.5006/3253,0.007042253521126761,0.4,0.014084507042253521,0.0,0.17898964826956104,0.0,0.2,0.0,0.2,5.880281690140845
https://doi.org/10.5006/2992,0.03428571428571429,0.14285714285714285,0.0,0.005714285714285714,0.2884441020371191,0.0,0.0,0.0,0.14285714285714285,5.251428571428572
https://doi.org/10.5006/3309,0.03684210526315789,0.0,0.0,0.0,0.3106600960710254,0.0,0.125,0.0,0.125,5.657894736842105
https://doi.org/10.5006/3106,0.0041841004184100415,0.0625,0.03347280334728033,0.0041841004184100415,0.5707425849409578,0.25,0.0,0.0,0.0,5.7531380753138075
https://doi.org/10.5006/3227,0.04568527918781726,0.5,0.03553299492385787,0.0,0.36902540850103227,0.0,0.3333333333333333,0.0,0.0,5.5126903553299496
https://doi.org/10.5006/3197,0.02054794520547945,0.2857142857142857,0.04794520547945205,0.0,0.3813537234815083,0.0,0.0,0.0,0.0,5.609589041095891
https://doi.org/10.5006/3080,0.029850746268656716,0.16666666666666666,0.022388059701492536,0.007462686567164179,0.4929893899974253,0.0,0.16666666666666666,0.0,0.16666666666666666,6.276119402985074
https://doi.org/10.5006/3124,0.04201680672268908,0.0,0.025210084033613446,0.01680672268907563,0.2554400698079103,0.0,0.0,0.0,0.0,6.2100840336134455
https://doi.org/10.5006/2971,0.018433179723502304,0.18181818181818182,0.004608294930875576,0.004608294930875576,0.3731865408484396,0.0,0.09090909090909091,0.0,0.0,5.691244239631336
https://doi.org/10.5006/2916,0.03888888888888889,0.0,0.06666666666666667,0.005555555555555556,0.46851485871795595,0.0,0.0,0.0,0.0,5.938888888888889
https://doi.org/10.5006/3360,0.022556390977443608,0.3333333333333333,0.015037593984962405,0.015037593984962405,0.25969798555143675,0.0,0.0,0.0,0.3333333333333333,5.511278195488722
https://doi.org/10.5006/3341,0.1,1.0,0.03,0.0,0.12083045973594574,0.0,0.3333333333333333,0.0,0.0,5.84
https://doi.org/10.5006/2858,0.039285714285714285,0.6363636363636364,0.014285714285714285,0.0,0.4056363104143053,0.09090909090909091,0.18181818181818182,0.0,0.0,5.835714285714285
https://doi.org/10.5006/3171,0.009950248756218905,0.375,0.04477611940298507,0.0,0.4260926096603044,0.0,0.125,0.0,0.125,5.895522388059701
https://doi.org/10.5006/3101,0.006369426751592357,0.18181818181818182,0.0,0.012738853503184714,0.315945396821297,0.0,0.2727272727272727,0.0,0.0,5.595541401273885
https://doi.org/10.5006/2864,0.012658227848101266,0.16666666666666666,0.0,0.006329113924050633,0.3090267244489545,0.0,0.16666666666666666,0.0,0.16666666666666666,5.69620253164557
https://doi.org/10.5006/3128,0.013392857142857142,0.5,0.0,0.013392857142857142,0.3854827347307661,0.0,0.375,0.0,0.0,5.46875
https://doi.org/10.5006/3284,0.023952095808383235,0.42857142857142855,0.005988023952095809,0.005988023952095809,0.2916358242367885,0.0,0.0,0.0,0.2857142857142857,5.491017964071856
https://doi.org/10.5006/3067,0.008771929824561403,0.5555555555555556,0.08333333333333333,0.0,0.2809757434745082,0.0,0.1111111111111111,0.0,0.0,5.43859649122807
https://doi.org/10.5006/3131,0.031007751937984496,0.0,0.0,0.007751937984496124,0.21101794711342944,0.0,0.0,0.0,0.0,5.534883720930233
https://doi.org/10.5006/3063,0.012121212121212121,0.16666666666666666,0.06666666666666667,0.006060606060606061,0.10013764631429277,0.0,0.0,0.0,0.16666666666666666,6.157575757575757
https://doi.org/10.5006/3319,0.05555555555555555,0.16666666666666666,0.009259259259259259,0.0,0.20786985482077452,0.0,0.0,0.0,0.3333333333333333,6.657407407407407
https://doi.org/10.5006/3254,0.0273224043715847,0.14285714285714285,0.0,0.0,0.44204914570834286,0.0,0.42857142857142855,0.0,0.0,6.213114754098361
https://doi.org/10.5006/3025,0.03608247422680412,0.5714285714285714,0.041237113402061855,0.0,0.3190884028977765,0.0,0.14285714285714285,0.0,0.0,5.350515463917525
https://doi.org/10.5006/3047,0.013043478260869565,0.5714285714285714,0.013043478260869565,0.0,0.1762881298496808,0.0,0.42857142857142855,0.0,0.0,5.582608695652174
https://doi.org/10.5006/3100,0.009324009324009324,0.3333333333333333,0.016317016317016316,0.002331002331002331,0.30872363712788975,0.0,0.05555555555555555,0.0,0.0,5.417249417249417
https://doi.org/10.5006/3380,0.02564102564102564,0.3333333333333333,0.05128205128205128,0.0,0.27616229780176943,0.0,0.1111111111111111,0.0,0.0,5.645299145299146
https://doi.org/10.5006/3366,0.012448132780082987,0.8888888888888888,0.029045643153526972,0.0,0.4146472011735891,0.0,0.1111111111111111,0.0,0.0,5.356846473029045
https://doi.org/10.5006/3225,0.00847457627118644,0.16666666666666666,0.0847457627118644,0.00847457627118644,0.33299801193878814,0.0,0.0,0.0,0.0,5.686440677966102
https://doi.org/10.5006/2915,0.04,0.2,0.0,0.0,0.41952353926806063,0.0,0.0,0.0,0.4,7.12
https://doi.org/10.5006/3218,0.05217391304347826,0.2,0.008695652173913044,0.0,0.2397225869928734,0.0,0.0,0.0,0.0,6.052173913043478
https://doi.org/10.5006/3086,0.038461538461538464,0.0,0.0,0.0,0.07692307692307693,0.0,0.0,0.0,0.0,6.538461538461538
https://doi.org/10.5006/3393,0.028,0.45454545454545453,0.028,0.004,0.24967178454923572,0.0,0.0,0.0,0.09090909090909091,5.784
https://doi.org/10.5006/2990,0.07446808510638298,0.0,0.031914893617021274,0.0,0.25264557631995566,0.0,0.0,0.0,0.0,5.904255319148936
https://doi.org/10.5006/3273,0.015625,1.0,0.041666666666666664,0.010416666666666666,0.3321920566479578,0.0,0.5,0.0,0.0,5.635416666666667
https://doi.org/10.5006/3402,0.019704433497536946,0.7142857142857143,0.0049261083743842365,0.0049261083743842365,0.46446697798317904,0.0,0.2857142857142857,0.0,0.2857142857142857,5.3399014778325125
https://doi.org/10.5006/3167,0.035211267605633804,0.7142857142857143,0.014084507042253521,0.0,0.47918382637194373,0.14285714285714285,0.0,0.0,0.0,5.028169014084507
https://doi.org/10.5006/3224,0.0375,0.14285714285714285,0.00625,0.0,0.4289339984193372,0.14285714285714285,0.14285714285714285,0.0,0.0,6.06875
https://doi.org/10.5006/3087,0.03870967741935484,0.5,0.0064516129032258064,0.0,0.3063667114989359,0.0,0.0,0.0,0.125,5.15483870967742
https://doi.org/10.5006/3140,0.028409090909090908,0.0,0.07954545454545454,0.0,0.31980107453341566,0.0,0.0,0.0,0.0,5.994318181818182
https://doi.org/10.5006/3234,0.04132231404958678,0.2857142857142857,0.008264462809917356,0.008264462809917356,0.390796377439236,0.0,0.0,0.0,0.0,6.487603305785124
https://doi.org/10.5006/3152,0.027649769585253458,0.6666666666666666,0.009216589861751152,0.0,0.3094084853750142,0.0,0.1111111111111111,0.0,0.1111111111111111,5.686635944700461
https://doi.org/10.5006/3121,0.009433962264150943,0.7777777777777778,0.014150943396226415,0.0,0.2708056621586287,0.0,0.1111111111111111,0.0,0.2222222222222222,5.882075471698113
https://doi.org/10.5006/2930,0.021621621621621623,0.16666666666666666,0.043243243243243246,0.0,0.44129433106780164,0.0,0.3333333333333333,0.0,0.0,6.0864864864864865
https://doi.org/10.5006/3294,0.014705882352941176,0.2857142857142857,0.024509803921568627,0.00980392156862745,0.2647966438445001,0.0,0.14285714285714285,0.0,0.14285714285714285,5.848039215686274
https://doi.org/10.5006/3327,0.0375,0.4444444444444444,0.00625,0.0,0.4552643462868578,0.0,0.1111111111111111,0.0,0.0,6.15
https://doi.org/10.5006/3042,0.011764705882352941,0.5,0.047058823529411764,0.011764705882352941,0.27515330737709415,0.0,0.0,0.0,0.25,5.670588235294118
https://doi.org/10.5006/3199,0.007462686567164179,0.3333333333333333,0.0,0.0,0.4035374875998739,0.0,0.0,0.0,0.0,5.701492537313433
https://doi.org/10.5006/3020,0.026143790849673203,0.16666666666666666,0.026143790849673203,0.0,0.42282075789897694,0.0,0.16666666666666666,0.0,0.16666666666666666,5.712418300653595
https://doi.org/10.5006/3145,0.01098901098901099,0.6666666666666666,0.08791208791208792,0.0,0.24424297550431726,0.0,0.3333333333333333,0.0,0.0,5.153846153846154
https://doi.org/10.5006/3033,0.025,0.3333333333333333,0.0,0.0125,0.39960918407864443,0.0,0.3333333333333333,0.0,0.0,5.9625
https://doi.org/10.5006/3173,0.01639344262295082,0.0,0.01639344262295082,0.0,0.3770491803278688,0.0,0.5,0.0,0.0,6.229508196721311
https://doi.org/10.5006/3412,0.022727272727272728,0.5,0.022727272727272728,0.0,0.18181818181818182,0.0,0.0,0.0,0.0,4.7727272727272725
https://doi.org/10.5006/3347,0.013888888888888888,0.25,0.0,0.009259259259259259,0.2962962962962963,0.0,0.125,0.0,0.125,5.476851851851852
https://doi.org/10.1080/1478422x.2019.1583436,0.02,0.0,0.02,0.0,0.30623157540948936,0.0,0.2,0.0,0.0,5.7
https://doi.org/10.1080/1478422x.2019.1613780,0.025210084033613446,0.3333333333333333,0.04201680672268908,0.0,0.12827174388633403,0.0,0.0,0.0,0.16666666666666666,5.957983193277311
https://doi.org/10.1080/1478422x.2019.1637077,0.009523809523809525,0.6666666666666666,0.0,0.0,0.3108032166110613,0.0,0.0,0.0,0.0,6.038095238095238
https://doi.org/10.1080/1478422x.2019.1613779,0.006802721088435374,0.2857142857142857,0.0,0.006802721088435374,0.26329255075324665,0.0,0.0,0.0,0.2857142857142857,6.537414965986395
https://doi.org/10.1080/1478422x.2019.1605472,0.03875968992248062,0.5,0.03875968992248062,0.007751937984496124,0.225872903633077,0.0,0.0,0.0,0.16666666666666666,6.007751937984496
https://doi.org/10.1080/1478422x.2019.1700642,0.027777777777777776,0.0,0.034722222222222224,0.0,0.2202604378771348,0.0,0.0,0.0,0.0,6.159722222222222
https://doi.org/10.1080/1478422x.2019.1619979,0.031578947368421054,0.0,0.010526315789473684,0.0,0.23395906074624073,0.0,0.3333333333333333,0.0,0.0,5.8
https://doi.org/10.1080/1478422x.2019.1575553,0.019867549668874173,0.3333333333333333,0.039735099337748346,0.006622516556291391,0.41574426796607966,0.0,0.16666666666666666,0.0,0.0,5.509933774834437
https://doi.org/10.1080/1478422x.2019.1619290,0.031446540880503145,1.0,0.012578616352201259,0.0,0.3110506419843582,0.0,0.0,0.0,0.14285714285714285,5.616352201257862
https://doi.org/10.1080/1478422x.2019.1661569,0.027210884353741496,0.5,0.02040816326530612,0.006802721088435374,0.32631795796493757,0.0,0.16666666666666666,0.0,0.16666666666666666,5.836734693877551
https://doi.org/10.1080/1478422x.2019.1652428,0.013333333333333334,0.1111111111111111,0.0,0.013333333333333334,0.32249030993194194,0.0,0.0,0.0,0.1111111111111111,5.64
https://doi.org/10.1080/1478422x.2019.1591737,0.013793103448275862,0.8333333333333334,0.041379310344827586,0.0,0.5109502466756264,0.0,0.16666666666666666,0.0,0.16666666666666666,5.289655172413793
https://doi.org/10.1080/1478422x.2019.1661132,0.014084507042253521,0.16666666666666666,0.0,0.0,0.2065194126565518,0.0,0.0,0.0,0.16666666666666666,6.295774647887324
https://doi.org/10.1080/1478422x.2019.1658437,0.014285714285714285,0.125,0.007142857142857143,0.007142857142857143,0.42378277069118075,0.125,0.0,0.625,0.125,5.5285714285714285
https://doi.org/10.1080/1478422x.2019.1695390,0.015503875968992248,0.0,0.031007751937984496,0.023255813953488372,0.09651084959681189,0.0,0.0,0.0,0.25,6.10077519379845
https://doi.org/10.1080/1478422x.2019.1671644,0.034782608695652174,0.6666666666666666,0.11304347826086956,0.0,0.1721651293323768,0.0,0.6666666666666666,0.0,0.0,5.608695652173913
https://doi.org/10.1080/1478422x.2019.1619289,0.028368794326241134,0.8333333333333334,0.0,0.0070921985815602835,0.21802022906297017,0.0,0.0,0.0,0.0,5.652482269503546
https://doi.org/10.1080/1478422x.2019.1636484,0.029411764705882353,0.75,0.058823529411764705,0.007352941176470588,0.373772500798201,0.0,0.5,0.0,0.0,5.772058823529412
https://doi.org/10.1080/1478422x.2019.1654218,0.0196078431372549,0.8,0.0,0.006535947712418301,0.1582185416589569,0.0,0.2,0.0,0.0,5.627450980392157
https://doi.org/10.1080/1478422x.2019.1669762,0.04964539007092199,0.6666666666666666,0.014184397163120567,0.0070921985815602835,0.44205509339709,0.0,0.16666666666666666,0.0,0.3333333333333333,5.680851063829787
https://doi.org/10.1080/1478422x.2019.1702616,0.03355704697986577,0.625,0.0,0.0,0.4672510020764954,0.125,0.0,0.0,0.0,5.449664429530201
https://doi.org/10.1080/1478422x.2019.1666458,0.06474820143884892,0.8,0.0,0.007194244604316547,0.3556606358074324,0.0,0.2,0.0,0.2,5.661870503597123
https://doi.org/10.1080/1478422x.2019.1638564,0.02027027027027027,0.42857142857142855,0.0,0.006756756756756757,0.4759558450096304,0.0,0.14285714285714285,0.0,0.0,5.378378378378378
https://doi.org/10.1080/1478422x.2019.1574955,0.028985507246376812,0.0,0.0,0.0,0.28912952671391307,0.0,0.0,0.0,0.0,5.594202898550725
https://doi.org/10.1080/1478422x.2019.1681152,0.025423728813559324,0.8,0.05084745762711865,0.0,0.170757980335677,0.0,0.0,0.0,0.0,5.584745762711864
https://doi.org/10.1080/1478422x.2019.1600836,0.020134228187919462,0.3333333333333333,0.0,0.0,0.17616650669002262,0.0,0.0,0.0,0.0,5.557046979865772
https://doi.org/10.1080/1478422x.2019.1595296,0.0196078431372549,1.0,0.0784313725490196,0.0,0.6505156227330059,0.0,0.6666666666666666,0.0,0.0,5.483660130718954
https://doi.org/10.1080/1478422x.2019.1578067,0.00684931506849315,0.0,0.0,0.00684931506849315,0.29475938070342483,0.0,0.0,0.0,0.125,6.157534246575342
https://doi.org/10.1080/1478422x.2019.1645802,0.024193548387096774,0.6666666666666666,0.016129032258064516,0.0,0.4131047895117967,0.0,0.0,0.0,0.0,5.548387096774194
https://doi.org/10.1080/1478422x.2019.1658427,0.017699115044247787,0.2,0.0,0.0,0.3085946154719061,0.0,0.2,0.0,0.0,5.221238938053097
https://doi.org/10.1080/1478422x.2019.1567028,0.037037037037037035,0.5,0.022222222222222223,0.0,0.5034312988902576,0.0,0.25,0.0,0.0,6.4
https://doi.org/10.1080/1478422x.2019.1590959,0.01935483870967742,0.42857142857142855,0.12258064516129032,0.0064516129032258064,0.35348716211103803,0.0,0.14285714285714285,0.0,0.0,5.2064516129032254
https://doi.org/10.1080/1478422x.2019.1657703,0.047619047619047616,0.16666666666666666,0.01904761904761905,0.009523809523809525,0.3360434050357591,0.0,0.0,0.0,0.16666666666666666,5.885714285714286
https://doi.org/10.1080/1478422x.2019.1665873,0.04032258064516129,0.75,0.008064516129032258,0.0,0.11852369723144411,0.0,0.0,0.0,0.0,5.419354838709677
https://doi.org/10.1080/1478422x.2019.1593651,0.023809523809523808,0.5,0.07142857142857142,0.0,0.15058465048420855,0.0,0.0,0.0,0.0,6.273809523809524
https://doi.org/10.1080/1478422x.2019.1663027,0.02631578947368421,1.0,0.02631578947368421,0.013157894736842105,0.21620627269940768,0.0,0.5,0.0,0.0,5.2105263157894735
https://doi.org/10.1080/1478422x.2019.1594526,0.007142857142857143,0.14285714285714285,0.07857142857142857,0.0,0.4358898943540674,0.0,0.14285714285714285,0.0,0.0,6.207142857142857
https://doi.org/10.1080/1478422x.2019.1672008,0.02112676056338028,0.2857142857142857,0.0,0.007042253521126761,0.3092182873253542,0.0,0.0,0.0,0.0,5.408450704225352
https://doi.org/10.1080/1478422x.2019.1684020,0.0078125,0.4,0.0234375,0.0,0.4093928908304344,0.0,0.0,0.0,0.0,5.5546875
https://doi.org/10.1080/1478422x.2019.1599177,0.0273972602739726,0.3333333333333333,0.08904109589041095,0.0,0.2595519907054304,0.0,0.0,0.0,0.0,6.027397260273973
https://doi.org/10.1080/1478422x.2019.1631515,0.026490066225165563,0.16666666666666666,0.039735099337748346,0.0,0.28042271999655793,0.0,0.16666666666666666,0.0,0.16666666666666666,6.013245033112582
https://doi.org/10.1080/1478422x.2019.1700654,0.022900763358778626,0.3333333333333333,0.0,0.007633587786259542,0.362976898563931,0.0,0.0,0.0,0.16666666666666666,5.66412213740458
https://doi.org/10.1080/1478422x.2019.1621456,0.026845637583892617,0.75,0.0,0.0,0.34162326423152783,0.125,0.0,0.0,0.125,5.865771812080537
https://doi.org/10.1080/1478422x.2019.1646007,0.04081632653061224,0.14285714285714285,0.034013605442176874,0.0,0.22043335708870274,0.0,0.0,0.0,0.0,5.64625850340136
https://doi.org/10.1080/1478422x.2018.1564984,0.005494505494505495,0.625,0.03296703296703297,0.0,0.37668431870335406,0.0,0.125,0.0,0.125,5.972527472527473
https://doi.org/10.1080/1478422x.2019.1608411,0.0136986301369863,0.16666666666666666,0.0,0.00684931506849315,0.47552205363588446,0.0,0.3333333333333333,0.0,0.16666666666666666,6.972602739726027
https://doi.org/10.1080/1478422x.2019.1589675,0.014619883040935672,0.26666666666666666,0.05263157894736842,0.005847953216374269,0.2997040364928366,0.0,0.06666666666666667,0.0,0.06666666666666667,5.757309941520468
https://doi.org/10.1080/1478422x.2019.1589979,0.025423728813559324,0.6666666666666666,0.0,0.00847457627118644,0.2841195697328849,0.0,0.0,0.0,0.0,5.305084745762712
https://doi.org/10.1080/1478422x.2019.1576351,0.020202020202020204,0.0,0.0,0.010101010101010102,0.2386062992124791,0.0,0.3333333333333333,0.0,0.0,6.090909090909091
https://doi.org/10.1080/1478422x.2019.1615741,0.03,0.0,0.0,0.01,0.2039607805437114,0.0,0.0,0.0,0.16666666666666666,6.02
https://doi.org/10.1080/1478422x.2019.1637052,0.010101010101010102,0.75,0.04040404040404041,0.010101010101010102,0.322442216151765,0.0,0.0,0.0,0.25,5.161616161616162
https://doi.org/10.1080/1478422x.2019.1622881,0.020134228187919462,0.2857142857142857,0.10738255033557047,0.0,0.33002123095689256,0.0,0.0,0.0,0.0,5.530201342281879
https://doi.org/10.1080/1478422x.2019.1655199,0.006802721088435374,0.5714285714285714,0.0,0.006802721088435374,0.3480707157949941,0.0,0.0,0.0,0.14285714285714285,5.64625850340136
https://doi.org/10.1080/1478422x.2019.1654219,0.02158273381294964,0.6666666666666666,0.05755395683453238,0.0,0.49556806041135315,0.0,0.16666666666666666,0.0,0.0,6.0071942446043165
https://doi.org/10.1080/1478422x.2019.1573498,0.007042253521126761,0.8,0.04225352112676056,0.007042253521126761,0.23943661971830987,0.0,0.0,0.0,0.2,4.71830985915493
https://doi.org/10.1080/1478422x.2019.1663007,0.03333333333333333,0.2,0.016666666666666666,0.0,0.16457014715109583,0.0,0.0,0.0,0.0,5.05
https://doi.org/10.1080/1478422x.2019.1586328,0.028169014084507043,0.14285714285714285,0.0,0.014084507042253521,0.4197088570634181,0.14285714285714285,0.0,0.0,0.42857142857142855,6.316901408450704
https://doi.org/10.1080/1478422x.2019.1703499,0.024096385542168676,0.5,0.03614457831325301,0.0,0.08433734939759036,0.0,1.0,0.0,0.0,5.771084337349397
https://doi.org/10.1080/1478422x.2019.1699261,0.006711409395973154,0.3333333333333333,0.0,0.006711409395973154,0.19230266821334766,0.0,0.0,0.0,0.16666666666666666,4.97986577181208
https://doi.org/10.1080/1478422x.2019.1611248,0.015748031496062992,0.625,0.03937007874015748,0.0,0.5879206505144913,0.125,0.125,0.0,0.0,5.47244094488189
https://doi.org/10.1080/1478422x.2019.1636176,0.028368794326241134,0.42857142857142855,0.10638297872340426,0.0,0.2578675030169907,0.0,0.0,0.0,0.0,5.581560283687943
https://doi.org/10.1080/1478422x.2019.1655285,0.04794520547945205,0.1111111111111111,0.0410958904109589,0.0,0.2783890607246791,0.0,0.0,0.0,0.0,5.958904109589041
https://doi.org/10.1080/1478422x.2019.1590512,0.02666666666666667,0.42857142857142855,0.03333333333333333,0.0,0.3418901707988823,0.0,0.0,0.0,0.0,6.253333333333333
https://doi.org/10.1080/1478422x.2019.1656368,0.04065040650406504,0.0,0.024390243902439025,0.0,0.28824549432903795,0.0,0.0,0.0,0.0,6.065040650406504
https://doi.org/10.1080/1478422x.2019.1669761,0.04,0.3333333333333333,0.0,0.006666666666666667,0.35552777669262353,0.0,0.0,0.0,0.16666666666666666,5.966666666666667
https://doi.org/10.1080/1478422x.2019.1579436,0.0,0.3333333333333333,0.06060606060606061,0.0,0.5938156952201644,0.3333333333333333,0.0,0.0,0.0,4.818181818181818
https://doi.org/10.1080/1478422x.2019.1602502,0.0,0.3333333333333333,0.0625,0.0,0.4980430453284134,0.3333333333333333,0.0,0.0,0.0,5.0
https://doi.org/10.1016/j.corsci.2019.02.029,0.03225806451612903,1.0,0.053763440860215055,0.0,0.2201020375318142,0.0,0.0,0.0,0.25,5.053763440860215
https://doi.org/10.1016/j.corsci.2019.03.024,0.01904761904761905,1.0,0.13333333333333333,0.0,0.3713064512308176,0.0,0.0,0.0,0.0,5.466666666666667
https://doi.org/10.1016/j.corsci.2019.108390,0.03,0.5,0.04,0.0,0.42661458015403075,0.16666666666666666,0.0,0.0,0.0,5.97
https://doi.org/10.1016/j.corsci.2019.01.030,0.03,0.5,0.04,0.01,0.3111269837220809,0.0,0.25,0.0,0.0,6.02
https://doi.org/10.1016/j.corsci.2019.04.036,0.03,0.75,0.0,0.01,0.2683281572999748,0.0,0.25,0.0,0.25,6.16
https://doi.org/10.1016/j.corsci.2019.05.025,0.019230769230769232,0.4,0.019230769230769232,0.0,0.3046726830337473,0.0,0.0,0.0,0.0,5.480769230769231
https://doi.org/10.1016/j.corsci.2019.01.002,0.05,0.6666666666666666,0.0,0.0,0.2328089345364563,0.0,0.3333333333333333,0.0,0.0,5.99
https://doi.org/10.1016/j.corsci.2019.108251,0.020833333333333332,0.2,0.010416666666666666,0.0,0.24517921449874627,0.0,0.0,0.0,0.0,5.583333333333333
https://doi.org/10.1016/j.corsci.2019.03.036,0.04,0.5,0.01,0.01,0.22090722034374521,0.0,0.0,0.0,0.0,5.55
https://doi.org/10.1016/j.corsci.2018.12.040,0.05263157894736842,1.0,0.0,0.0,0.30707267675399624,0.0,0.0,0.0,0.0,4.747368421052632
https://doi.org/10.1016/j.corsci.2019.108113,0.0297029702970297,0.5,0.039603960396039604,0.009900990099009901,0.22815284399609728,0.0,0.0,0.0,0.0,5.693069306930693
https://doi.org/10.1016/j.corsci.2019.108245,0.01020408163265306,0.0,0.0,0.0,0.2907715683423471,0.0,0.0,0.0,0.0,6.836734693877551
https://doi.org/10.1016/j.corsci.2019.108198,0.07608695652173914,0.2,0.10869565217391304,0.0,0.22955121828198777,0.0,0.0,0.0,0.0,6.163043478260869
https://doi.org/10.1016/j.corsci.2019.108406,0.06315789473684211,0.4,0.0,0.0,0.14509525002200233,0.0,0.0,0.0,0.0,6.157894736842105
https://doi.org/10.1016/j.corsci.2019.06.028,0.03,0.16666666666666666,0.08,0.01,0.4237924020083418,0.0,0.0,0.0,0.3333333333333333,5.61
https://doi.org/10.1016/j.corsci.2019.05.030,0.030927835051546393,0.25,0.15463917525773196,0.010309278350515464,0.2208689204703974,0.0,0.0,0.0,0.0,5.649484536082475
https://doi.org/10.1016/j.corsci.2019.07.014,0.03,0.25,0.03,0.01,0.1979898987322333,0.0,0.0,0.0,0.0,5.5
https://doi.org/10.1016/j.corsci.2019.07.003,0.0196078431372549,0.2,0.029411764705882353,0.0,0.20235066118186565,0.0,0.0,0.0,0.2,5.029411764705882
https://doi.org/10.1016/j.corsci.2019.06.012,0.06930693069306931,0.4,0.0594059405940594,0.0,0.4014482164893722,0.0,0.0,0.0,0.2,5.693069306930693
https://doi.org/10.1016/j.corsci.2019.108335,0.028037383177570093,0.8,0.0,0.0,0.41858309675810645,0.2,0.0,0.0,0.0,4.869158878504673
https://doi.org/10.1016/j.corsci.2019.06.008,0.01020408163265306,0.0,0.0,0.01020408163265306,0.23402744777917786,0.0,0.0,0.0,0.0,6.561224489795919
https://doi.org/10.1016/j.corsci.2019.04.037,0.061946902654867256,0.0,0.07964601769911504,0.0,0.28207747700016333,0.0,0.0,0.0,0.0,6.513274336283186
https://doi.org/10.1016/j.corsci.2019.108234,0.047619047619047616,0.16666666666666666,0.05714285714285714,0.01904761904761905,0.3376590076425873,0.0,0.0,0.0,0.16666666666666666,5.761904761904762
https://doi.org/10.1016/j.corsci.2019.01.029,0.03125,0.2857142857142857,0.0,0.0125,0.32100915095990645,0.0,0.0,0.0,0.2857142857142857,5.85
https://doi.org/10.1016/j.corsci.2019.02.016,0.03,0.42857142857142855,0.03,0.0,0.4469899327725402,0.14285714285714285,0.0,0.0,0.0,6.12
https://doi.org/10.1016/j.corsci.2019.02.017,0.010638297872340425,0.3333333333333333,0.031914893617021274,0.02127659574468085,0.3141451714943277,0.0,0.0,0.0,0.0,5.776595744680851
https://doi.org/10.1016/j.corsci.2019.108293,0.03773584905660377,0.25,0.04716981132075472,0.0,0.3094569710727684,0.0,0.25,0.0,0.0,5.481132075471698
https://doi.org/10.1016/j.corsci.2019.01.038,0.031914893617021274,1.0,0.05319148936170213,0.010638297872340425,0.5420314554407233,0.0,0.25,0.0,0.0,5.127659574468085
https://doi.org/10.1016/j.corsci.2019.108332,0.0,1.0,0.0,0.0,0.20566945714701035,0.0,0.6666666666666666,0.0,0.0,5.824742268041237
https://doi.org/10.1002/maco.201910792,0.03614457831325301,0.2857142857142857,0.05421686746987952,0.0,0.24455160397812575,0.0,0.0,0.0,0.0,5.759036144578313
https://doi.org/10.1002/maco.201911150,0.047337278106508875,0.0,0.023668639053254437,0.005917159763313609,0.26836782178576485,0.0,0.3333333333333333,0.0,0.0,5.621301775147929
https://doi.org/10.1002/maco.201810652,0.006666666666666667,0.8,0.02,0.0,0.26666666666666666,0.0,0.4,0.0,0.0,5.506666666666667
https://doi.org/10.1002/maco.201911357,0.053763440860215055,0.5,0.0,0.0,0.2879231793332448,0.16666666666666666,0.0,0.0,0.0,5.989247311827957
https://doi.org/10.1002/maco.201910847,0.02666666666666667,0.14285714285714285,0.013333333333333334,0.006666666666666667,0.2505105897074125,0.0,0.0,0.0,0.0,6.226666666666667
https://doi.org/10.1002/maco.201911010,0.02054794520547945,1.0,0.00684931506849315,0.00684931506849315,0.29602990116403166,0.0,0.0,0.0,0.0,4.787671232876712
https://doi.org/10.1002/maco.201910777,0.034482758620689655,0.4,0.022988505747126436,0.0,0.3991667897513871,0.2,0.0,0.0,0.0,5.551724137931035
https://doi.org/10.1002/maco.201911340,0.026490066225165563,0.16666666666666666,0.0,0.013245033112582781,0.08710560554944308,0.0,0.0,0.0,0.16666666666666666,5.781456953642384
https://doi.org/10.1002/maco.201810648,0.03007518796992481,0.4,0.0,0.007518796992481203,0.27379160084260334,0.0,0.2,0.0,0.2,6.2556390977443606
https://doi.org/10.1002/maco.201910890,0.0297029702970297,0.75,0.0,0.0,0.28883073556068956,0.0,0.25,0.0,0.0,6.445544554455446
https://doi.org/10.1002/maco.201911171,0.04819277108433735,0.75,0.07228915662650602,0.012048192771084338,0.18152432738938992,0.0,0.0,0.0,0.0,6.421686746987952
https://doi.org/10.1002/maco.201810360,0.019230769230769232,0.7142857142857143,0.07692307692307693,0.00641025641025641,0.3355449314949334,0.0,0.0,0.0,0.0,5.461538461538462
https://doi.org/10.1002/maco.201810638,0.013888888888888888,0.5,0.013888888888888888,0.006944444444444444,0.39381796885438397,0.0,0.16666666666666666,0.0,0.16666666666666666,5.590277777777778
https://doi.org/10.1002/maco.201810655,0.011834319526627219,0.5714285714285714,0.0,0.005917159763313609,0.5800627660663891,0.0,0.14285714285714285,0.0,0.0,5.739644970414201
https://doi.org/10.1002/maco.201910845,0.019801980198019802,1.0,0.019801980198019802,0.0,0.24533686521512613,0.0,0.6666666666666666,0.0,0.0,4.891089108910891
https://doi.org/10.1002/maco.201810667,0.022222222222222223,0.5,0.05925925925925926,0.0,0.3981438414926426,0.0,0.16666666666666666,0.0,0.0,6.051851851851852
https://doi.org/10.1002/maco.201810715,0.018018018018018018,0.6,0.036036036036036036,0.009009009009009009,0.329044727346841,0.0,0.0,0.0,0.0,5.6891891891891895
https://doi.org/10.1002/maco.201911049,0.029411764705882353,0.2,0.029411764705882353,0.007352941176470588,0.5645028740490952,0.0,0.2,0.0,0.0,5.492647058823529
https://doi.org/10.1002/maco.201911022,0.02824858757062147,0.8571428571428571,0.01694915254237288,0.0,0.3484552303979497,0.0,0.14285714285714285,0.0,0.0,5.72316384180791
https://doi.org/10.1002/maco.201911065,0.02,0.4,0.02,0.0,0.4593473631142341,0.0,0.0,0.0,0.2,6.18
https://doi.org/10.1002/maco.201911224,0.011976047904191617,0.0,0.011976047904191617,0.011976047904191617,0.388299229625712,0.0,0.3333333333333333,0.0,0.0,6.11377245508982
https://doi.org/10.1002/maco.201911335,0.050955414012738856,0.125,0.0,0.006369426751592357,0.2521359925208852,0.0,0.0,0.0,0.0,5.732484076433121
https://doi.org/10.1002/maco.201810570,0.04807692307692308,0.16666666666666666,0.0,0.009615384615384616,0.32236643488923483,0.0,0.0,0.0,0.0,6.240384615384615
https://doi.org/10.1002/maco.201810666,0.023255813953488372,0.6666666666666666,0.007751937984496124,0.007751937984496124,0.26685138725672103,0.0,0.0,0.0,0.3333333333333333,5.465116279069767
https://doi.org/10.1002/maco.201810620,0.02,0.5714285714285714,0.015,0.005,0.7281483365359013,0.0,0.2857142857142857,0.0,0.14285714285714285,4.945
https://doi.org/10.1002/maco.201810751,0.016304347826086956,0.6666666666666666,0.02717391304347826,0.0,0.45483643375886257,0.0,0.1111111111111111,0.0,0.0,5.320652173913044
https://doi.org/10.1002/maco.201911353,0.04739336492890995,1.0,0.023696682464454975,0.009478672985781991,0.4012233936170022,0.0,0.25,0.0,0.0,4.7156398104265405
https://doi.org/10.1002/maco.201810700,0.02857142857142857,0.4,0.06666666666666667,0.0,0.320147358361364,0.0,0.0,0.0,0.0,6.247619047619048
https://doi.org/10.1002/maco.201911270,0.027932960893854747,0.5714285714285714,0.01675977653631285,0.00558659217877095,0.4132568046683112,0.0,0.14285714285714285,0.0,0.0,5.41340782122905
https://doi.org/10.1002/maco.201911323,0.015873015873015872,0.8,0.0,0.015873015873015872,0.27193399522240974,0.0,0.2,0.0,0.0,5.634920634920635
https://doi.org/10.1002/maco.201810653,0.0297029702970297,0.5,0.0891089108910891,0.0,0.32971932287815275,0.0,0.0,0.0,0.0,6.148514851485149
https://doi.org/10.1002/maco.201911101,0.027932960893854747,0.0,0.0,0.0,0.3143916483439443,0.0,0.125,0.0,0.0,5.899441340782123
https://doi.org/10.1002/maco.201910887,0.01694915254237288,0.5,0.0847457627118644,0.005649717514124294,0.2571087062820961,0.0,0.0,0.0,0.125,5.6158192090395485
https://doi.org/10.1002/maco.201911336,0.03389830508474576,0.3333333333333333,0.0,0.011299435028248588,0.2992217554093867,0.0,0.3333333333333333,0.0,0.16666666666666666,5.531073446327683
https://doi.org/10.1002/maco.201911250,0.013513513513513514,0.8,0.05405405405405406,0.006756756756756757,0.41021916855839297,0.0,0.4,0.0,0.0,5.783783783783784
https://doi.org/10.1002/maco.201810618,0.01675977653631285,0.25,0.0,0.0111731843575419,0.2938674934041879,0.0,0.0,0.0,0.0,5.804469273743017
https://doi.org/10.1002/maco.201911100,0.05240174672489083,0.6363636363636364,0.034934497816593885,0.004366812227074236,0.40955018646963687,0.0,0.09090909090909091,0.0,0.09090909090909091,6.048034934497816
https://doi.org/10.1002/maco.201911338,0.047619047619047616,0.16666666666666666,0.006802721088435374,0.006802721088435374,0.26002061025328427,0.0,0.0,0.0,0.0,5.73469387755102
https://doi.org/10.1002/maco.201910937,0.03048780487804878,0.5,0.0,0.006097560975609756,0.36585365853658536,0.0,0.0,0.0,0.0,5.859756097560975
https://doi.org/10.1002/maco.201911000,0.03896103896103896,0.5,0.06493506493506493,0.0,0.32931746319755756,0.0,0.0,0.0,0.0,5.974025974025974
https://doi.org/10.1002/maco.201911196,0.03418803418803419,0.25,0.017094017094017096,0.017094017094017096,0.3621148746036728,0.0,0.25,0.0,0.0,5.495726495726496
https://doi.org/10.1002/maco.201911329,0.035175879396984924,0.2,0.005025125628140704,0.005025125628140704,0.27196098749215697,0.0,0.0,0.0,0.0,5.296482412060302
https://doi.org/10.1002/maco.201910962,0.029239766081871343,0.125,0.0,0.005847953216374269,0.35854201300513056,0.0,0.125,0.0,0.0,6.116959064327485
https://doi.org/10.1002/maco.201911057,0.02617801047120419,0.6666666666666666,0.020942408376963352,0.005235602094240838,0.24293419388733362,0.0,0.16666666666666666,0.0,0.0,5.68586387434555
https://doi.org/10.1002/maco.201911185,0.04838709677419355,0.25,0.0,0.005376344086021506,0.1944423797852164,0.0,0.0,0.0,0.0,6.043010752688172
https://doi.org/10.1002/maco.201911154,0.04065040650406504,0.42857142857142855,0.024390243902439025,0.008130081300813009,0.3661245609495188,0.0,0.0,0.0,0.0,5.821138211382114
https://doi.org/10.1002/maco.201911135,0.04716981132075472,0.2,0.0,0.009433962264150943,0.10920600851688893,0.0,0.0,0.0,0.0,5.59433962264151
https://doi.org/10.1002/maco.201810576,0.023809523809523808,0.14285714285714285,0.0,0.017857142857142856,0.4776762535175923,0.0,0.2857142857142857,0.0,0.14285714285714285,6.0
https://doi.org/10.1002/maco.201910816,0.045454545454545456,0.2,0.0,0.03409090909090909,0.2655300328533618,0.0,0.0,0.0,0.2,5.068181818181818
https://doi.org/10.1002/maco.201910883,0.034482758620689655,0.7142857142857143,0.0,0.0,0.21256600010237847,0.0,0.14285714285714285,0.0,0.0,5.812807881773399
https://doi.org/10.1002/maco.201911155,0.04145077720207254,0.42857142857142855,0.02072538860103627,0.0,0.3214106200885144,0.0,0.2857142857142857,0.0,0.0,5.082901554404145
https://doi.org/10.1002/maco.201911223,0.018867924528301886,0.25,0.018867924528301886,0.009433962264150943,0.03268020391639391,0.0,0.0,0.0,0.0,5.433962264150943
https://doi.org/10.1002/maco.201810451,0.02142857142857143,0.6666666666666666,0.007142857142857143,0.0,0.3469987943283177,0.0,0.0,0.0,0.0,4.928571428571429
https://doi.org/10.1002/maco.201910797,0.031446540880503145,0.6,0.012578616352201259,0.006289308176100629,0.3587663068415512,0.0,0.2,0.0,0.0,5.283018867924528
https://doi.org/10.1002/maco.201911369,0.05194805194805195,0.5714285714285714,0.05194805194805195,0.006493506493506494,0.27380738496503915,0.0,0.0,0.0,0.0,5.077922077922078
https://doi.org/10.1002/maco.201810701,0.005376344086021506,0.0,0.010752688172043012,0.005376344086021506,0.31219851916038655,0.0,0.14285714285714285,0.0,0.0,5.381720430107527
https://doi.org/10.1002/maco.201911017,0.026845637583892617,0.6,0.006711409395973154,0.0,0.3172161690764154,0.0,0.2,0.0,0.0,5.0
https://doi.org/10.1002/maco.201911068,0.010256410256410256,0.3333333333333333,0.010256410256410256,0.010256410256410256,0.34743353201957583,0.0,0.0,0.0,0.1111111111111111,5.256410256410256
https://doi.org/10.1002/maco.201810210,0.03571428571428571,0.0,0.0,0.005952380952380952,0.15011333586807726,0.0,0.0,0.0,0.1,5.886904761904762
https://doi.org/10.1002/maco.201810764,0.02564102564102564,0.0,0.041025641025641026,0.005128205128205128,0.28699627855657894,0.0,0.0,0.0,0.1111111111111111,5.707692307692308
https://doi.org/10.1002/maco.201810675,0.029556650246305417,0.5714285714285714,0.059113300492610835,0.0,0.36771345037480835,0.0,0.2857142857142857,0.0,0.0,4.852216748768473
https://doi.org/10.1002/maco.201910801,0.022388059701492536,0.8333333333333334,0.03731343283582089,0.007462686567164179,0.41577278439355575,0.0,0.16666666666666666,0.0,0.16666666666666666,6.313432835820896
https://doi.org/10.1002/maco.201910940,0.018518518518518517,0.375,0.06944444444444445,0.004629629629629629,0.2393119996911127,0.0,0.0,0.0,0.125,5.111111111111111
https://doi.org/10.1002/maco.201810549,0.04424778761061947,0.6666666666666666,0.09734513274336283,0.008849557522123894,0.1849959731005918,0.0,0.0,0.0,0.0,6.407079646017699
https://doi.org/10.1002/maco.201910963,0.045714285714285714,0.5714285714285714,0.06285714285714286,0.0,0.4982254223025672,0.0,0.14285714285714285,0.0,0.0,5.531428571428571
https://doi.org/10.1002/maco.201911193,0.04395604395604396,0.625,0.005494505494505495,0.005494505494505495,0.3098433446125645,0.0,0.0,0.0,0.0,5.631868131868132
https://doi.org/10.1002/maco.201911337,0.01764705882352941,0.8571428571428571,0.023529411764705882,0.0058823529411764705,0.3713810380626964,0.0,0.14285714285714285,0.0,0.0,5.652941176470589
https://doi.org/10.1002/maco.201911384,0.023121387283236993,0.6666666666666666,0.04046242774566474,0.005780346820809248,0.21697484831356598,0.0,0.16666666666666666,0.0,0.0,5.69364161849711
https://doi.org/10.1002/maco.201911375,0.02727272727272727,0.4,0.03636363636363636,0.0,0.44905778309921707,0.2,0.0,0.0,0.2,5.090909090909091
https://doi.org/10.1002/maco.201911123,0.03125,0.5,0.0625,0.010416666666666666,0.12842529172852032,0.0,0.0,0.0,0.0,6.854166666666667
https://doi.org/10.1002/maco.201911108,0.03825136612021858,0.625,0.11475409836065574,0.00546448087431694,0.38511992669612355,0.0,0.125,0.0,0.0,5.442622950819672
https://doi.org/10.1002/maco.201911137,0.03333333333333333,0.5714285714285714,0.0,0.008333333333333333,0.5089477161534157,0.14285714285714285,0.0,0.0,0.14285714285714285,6.158333333333333
https://doi.org/10.1002/maco.201910807,0.04,0.6666666666666666,0.01,0.01,0.196468827043885,0.0,0.3333333333333333,0.0,0.0,5.23
https://doi.org/10.1002/maco.201910872,0.043010752688172046,0.3333333333333333,0.053763440860215055,0.010752688172043012,0.3220425619757406,0.0,0.0,0.0,0.16666666666666666,5.602150537634409
https://doi.org/10.1002/maco.201910995,0.030120481927710843,0.0,0.07228915662650602,0.006024096385542169,0.4285161263561142,0.0,0.16666666666666666,0.0,0.16666666666666666,6.349397590361446
https://doi.org/10.1002/maco.201910896,0.023952095808383235,0.2857142857142857,0.029940119760479042,0.011976047904191617,0.4152080436732866,0.14285714285714285,0.14285714285714285,0.0,0.0,5.622754491017964
https://doi.org/10.1002/maco.201810753,0.0446927374301676,0.125,0.0,0.0,0.2188775198230138,0.0,0.0,0.0,0.0,5.636871508379889
https://doi.org/10.1002/maco.201910893,0.020833333333333332,1.0,0.0,0.0,0.33693081863078345,0.0,0.2,0.0,0.0,5.111111111111111
https://doi.org/10.1002/maco.201910810,0.042682926829268296,0.5714285714285714,0.0,0.0,0.22569214052831402,0.0,0.0,0.0,0.14285714285714285,6.189024390243903
https://doi.org/10.1002/maco.201911104,0.019736842105263157,0.0,0.006578947368421052,0.006578947368421052,0.2781891383140259,0.0,0.0,0.0,0.0,5.526315789473684
https://doi.org/10.1002/maco.201810663,0.016483516483516484,0.42857142857142855,0.03296703296703297,0.005494505494505495,0.3873528952091113,0.0,0.2857142857142857,0.0,0.0,5.456043956043956
https://doi.org/10.1002/maco.201810695,0.016574585635359115,0.6666666666666666,0.0055248618784530384,0.0,0.33501807592918303,0.0,0.3333333333333333,0.0,0.0,5.6353591160221
https://doi.org/10.1002/maco.201911084,0.06338028169014084,0.8,0.028169014084507043,0.007042253521126761,0.3663325860180268,0.0,0.2,0.0,0.0,5.71830985915493
https://doi.org/10.1002/maco.201910869,0.031746031746031744,0.8,0.031746031746031744,0.015873015873015872,0.4328126414106661,0.0,0.2,0.0,0.2,6.103174603174603
https://doi.org/10.1002/maco.201810744,0.027777777777777776,0.16666666666666666,0.020833333333333332,0.006944444444444444,0.2646188733785785,0.0,0.0,0.0,0.0,5.340277777777778
https://doi.org/10.1002/maco.201911219,0.04716981132075472,0.625,0.0,0.0,0.2661648298050167,0.0,0.0,0.0,0.0,5.339622641509434
https://doi.org/10.1002/maco.201911346,0.018072289156626505,0.5714285714285714,0.012048192771084338,0.012048192771084338,0.3708613005209972,0.0,0.14285714285714285,0.0,0.14285714285714285,4.4879518072289155
https://doi.org/10.1002/maco.201810696,0.034722222222222224,0.0,0.0,0.013888888888888888,0.2613178850309275,0.0,0.0,0.0,0.16666666666666666,6.159722222222222
https://doi.org/10.1002/maco.201810645,0.011235955056179775,0.8,0.0449438202247191,0.02247191011235955,0.11458470817062436,0.0,0.0,0.0,0.2,5.51685393258427
https://doi.org/10.1002/maco.201810524,0.031446540880503145,0.14285714285714285,0.0880503144654088,0.0,0.3970740658531974,0.0,0.14285714285714285,0.0,0.0,6.182389937106918
https://doi.org/10.1002/maco.201910928,0.007352941176470588,0.25,0.0,0.0,0.20693010705103365,0.0,0.25,0.0,0.0,6.286764705882353
https://doi.org/10.1002/maco.201910892,0.05263157894736842,0.42857142857142855,0.011695906432748537,0.0,0.20274778740771598,0.0,0.0,0.0,0.0,5.830409356725146
https://doi.org/10.1002/maco.201911235,0.015625,1.0,0.036458333333333336,0.005208333333333333,0.27302796712669075,0.0,0.16666666666666666,0.0,0.16666666666666666,5.265625
https://doi.org/10.1002/maco.201911304,0.050505050505050504,0.0,0.0,0.020202020202020204,0.21828467459570008,0.0,0.0,0.0,0.0,5.696969696969697
https://doi.org/10.1002/maco.201911362,0.01652892561983471,0.8571428571428571,0.004132231404958678,0.004132231404958678,0.3365676478396238,0.0,0.2857142857142857,0.0,0.14285714285714285,4.355371900826446
https://doi.org/10.1002/maco.201810577,0.03664921465968586,0.0,0.07329842931937172,0.0,0.30366492146596863,0.0,0.0,0.0,0.0,5.560209424083769
https://doi.org/10.1002/maco.201910955,0.016,0.6666666666666666,0.056,0.008,0.2275434024532463,0.0,0.0,0.0,0.16666666666666666,5.312
https://doi.org/10.1002/maco.201910932,0.11290322580645161,0.0,0.0,0.0,0.12700012700019048,0.0,0.0,0.0,0.0,5.82258064516129
https://doi.org/10.1002/maco.201810762,0.025477707006369428,0.14285714285714285,0.07643312101910828,0.0,0.3557768164017565,0.0,0.0,0.0,0.0,5.980891719745223
https://doi.org/10.1002/maco.201810247,0.015503875968992248,0.8333333333333334,0.0,0.0,0.28640237522342893,0.0,0.0,0.0,0.0,4.937984496124031
https://doi.org/10.1002/maco.201810509,0.025,0.2857142857142857,0.0375,0.0,0.291547594742265,0.0,0.14285714285714285,0.0,0.0,5.85625
https://doi.org/10.1002/maco.201910834,0.03333333333333333,0.7142857142857143,0.06,0.006666666666666667,0.2719477073916152,0.0,0.0,0.0,0.0,5.6466666666666665
https://doi.org/10.1002/maco.201910874,0.03424657534246575,0.14285714285714285,0.02054794520547945,0.0,0.41198502032390594,0.0,0.0,0.0,0.0,6.157534246575342
https://doi.org/10.1002/maco.201910842,0.014184397163120567,0.14285714285714285,0.0,0.0,0.32762580035322264,0.0,0.0,0.0,0.0,6.659574468085107
https://doi.org/10.1002/maco.201911166,0.015957446808510637,0.0,0.0,0.005319148936170213,0.2557620272376874,0.08333333333333333,0.0,0.0,0.08333333333333333,5.377659574468085
https://doi.org/10.1002/maco.201911225,0.03067484662576687,0.25,0.03680981595092025,0.006134969325153374,0.11493861346745517,0.0,0.0,0.0,0.125,5.754601226993865
https://doi.org/10.1002/maco.201810768,0.03260869565217391,0.2857142857142857,0.0,0.005434782608695652,0.46358408939426354,0.0,0.2857142857142857,0.0,0.2857142857142857,5.505434782608695
https://doi.org/10.1002/maco.201810626,0.04,0.5,0.0,0.02,0.39698866482558415,0.0,0.25,0.0,0.25,5.42
https://doi.org/10.1002/maco.201910873,0.034482758620689655,0.125,0.059113300492610835,0.0,0.43167440183144373,0.0,0.125,0.0,0.0,5.945812807881773
https://doi.org/10.1002/maco.201910906,0.004524886877828055,0.2857142857142857,0.0,0.00904977375565611,0.23572880140508784,0.0,0.2857142857142857,0.0,0.14285714285714285,5.597285067873303
https://doi.org/10.1002/maco.201911091,0.029411764705882353,0.4,0.0,0.007352941176470588,0.5196194042369044,0.0,0.2,0.0,0.0,5.220588235294118
https://doi.org/10.1002/maco.201810593,0.01694915254237288,0.6,0.011299435028248588,0.005649717514124294,0.18272273026888394,0.0,0.6,0.0,0.0,4.237288135593221
https://doi.org/10.1002/maco.201910802,0.05,0.3333333333333333,0.10833333333333334,0.0,0.21984843263788195,0.0,0.0,0.0,0.0,6.116666666666666
https://doi.org/10.1002/maco.201911174,0.02040816326530612,0.7777777777777778,0.03571428571428571,0.0,0.32090173864319155,0.0,0.1111111111111111,0.0,0.0,5.464285714285714
https://doi.org/10.1002/maco.201911116,0.005263157894736842,0.5,0.005263157894736842,0.005263157894736842,0.30779350562554625,0.0,0.125,0.0,0.125,5.1947368421052635
https://doi.org/10.1002/maco.201911053,0.010471204188481676,0.5,0.04712041884816754,0.015706806282722512,0.2250090989208827,0.0,0.0,0.0,0.125,5.198952879581152
https://doi.org/10.1002/maco.201911191,0.029069767441860465,0.6,0.01744186046511628,0.0,0.41787727502480027,0.0,0.2,0.0,0.0,5.883720930232558
https://doi.org/10.1002/maco.201810392,0.005917159763313609,0.125,0.029585798816568046,0.005917159763313609,0.09883605377804773,0.0,0.0,0.0,0.0,5.781065088757397
https://doi.org/10.1002/maco.201810599,0.03305785123966942,0.5714285714285714,0.01652892561983471,0.008264462809917356,0.26186743004553487,0.0,0.0,0.0,0.14285714285714285,5.082644628099174
https://doi.org/10.1002/maco.201911078,0.022598870056497175,0.42857142857142855,0.07344632768361582,0.005649717514124294,0.3126290470566536,0.0,0.0,0.0,0.0,5.548022598870056
https://doi.org/10.1002/maco.201910975,0.038834951456310676,0.8,0.0,0.0,0.23900065291439165,0.0,0.0,0.0,0.0,5.436893203883495
https://doi.org/10.1002/maco.201910826,0.013888888888888888,0.2,0.020833333333333332,0.006944444444444444,0.387522400786214,0.0,0.2,0.0,0.0,6.159722222222222
https://doi.org/10.1002/maco.201910884,0.025974025974025976,0.4,0.025974025974025976,0.0,0.5155696945786807,0.0,0.0,0.0,0.0,5.9480519480519485
https://doi.org/10.1002/maco.201911192,0.03125,0.0,0.0,0.0,0.20937240877335186,0.0,0.0,0.0,0.0,5.895833333333333
https://doi.org/10.1002/maco.201910809,0.024844720496894408,0.2857142857142857,0.018633540372670808,0.012422360248447204,0.2769378485665584,0.0,0.14285714285714285,0.0,0.0,5.975155279503106
https://doi.org/10.1002/maco.201911265,0.010471204188481676,0.8571428571428571,0.031413612565445025,0.005235602094240838,0.2836904122333836,0.0,0.2857142857142857,0.0,0.0,5.151832460732984
https://doi.org/10.1002/maco.201910961,0.029850746268656716,0.3333333333333333,0.01990049751243781,0.0,0.3109353232238755,0.0,0.0,0.0,0.2222222222222222,5.91542288557214
https://doi.org/10.1002/maco.201911035,0.016216216216216217,0.5,0.05945945945945946,0.005405405405405406,0.20561866596335387,0.0,0.0,0.0,0.0,5.4324324324324325
https://doi.org/10.1002/maco.201911048,0.01775147928994083,0.2857142857142857,0.01775147928994083,0.005917159763313609,0.47300281400500216,0.0,0.14285714285714285,0.0,0.0,5.769230769230769
https://doi.org/10.1002/maco.201911018,0.04504504504504504,0.4,0.0,0.009009009009009009,0.1544723261214617,0.0,0.0,0.0,0.2,5.675675675675675
https://doi.org/10.1002/maco.201810720,0.020833333333333332,0.2857142857142857,0.006944444444444444,0.006944444444444444,0.1660869547652972,0.0,0.0,0.0,0.14285714285714285,5.75
https://doi.org/10.1002/maco.201810766,0.013245033112582781,0.1,0.033112582781456956,0.006622516556291391,0.3168443367922036,0.0,0.0,0.0,0.0,5.801324503311259
https://doi.org/10.1002/maco.201810640,0.02830188679245283,0.5,0.0330188679245283,0.0,0.4880195153350024,0.0,0.25,0.0,0.0,4.537735849056604
https://doi.org/10.1002/maco.201910950,0.021621621621621623,0.16666666666666666,0.043243243243243246,0.0,0.4048284182346548,0.0,0.3333333333333333,0.0,0.0,6.081081081081081
https://doi.org/10.1002/maco.201910959,0.01744186046511628,0.42857142857142855,0.09883720930232558,0.005813953488372093,0.28184185217536795,0.0,0.14285714285714285,0.0,0.0,5.686046511627907
https://doi.org/10.1002/maco.201911146,0.022900763358778626,0.3333333333333333,0.06870229007633588,0.0,0.3370036649563987,0.0,0.0,0.0,0.0,6.213740458015267
https://doi.org/10.1002/maco.201810417,0.03508771929824561,0.42857142857142855,0.03508771929824561,0.011695906432748537,0.3395843541744556,0.0,0.0,0.0,0.14285714285714285,5.842105263157895
https://doi.org/10.1002/maco.201911109,0.015706806282722512,0.125,0.005235602094240838,0.005235602094240838,0.3475666980272827,0.0,0.125,0.0,0.0,5.628272251308901
https://doi.org/10.1002/maco.201911274,0.021621621621621623,0.5,0.0,0.005405405405405406,0.3671301053359336,0.0,0.3333333333333333,0.0,0.0,5.605405405405405
https://doi.org/10.1002/maco.201911052,0.0374331550802139,0.8571428571428571,0.06951871657754011,0.0053475935828877,0.2931925168315037,0.0,0.14285714285714285,0.0,0.14285714285714285,4.823529411764706
https://doi.org/10.1002/maco.201810658,0.024242424242424242,0.7142857142857143,0.0,0.0,0.3308447045807559,0.0,0.14285714285714285,0.0,0.0,5.266666666666667
https://doi.org/10.1002/maco.201911051,0.025,0.5714285714285714,0.0,0.0,0.6166948191772004,0.14285714285714285,0.14285714285714285,0.0,0.0,5.50625
https://doi.org/10.1002/maco.201910974,0.021739130434782608,0.6,0.0,0.007246376811594203,0.32130143880283135,0.0,0.2,0.0,0.0,5.297101449275362
https://doi.org/10.1002/maco.201810717,0.023255813953488372,0.375,0.023255813953488372,0.011627906976744186,0.35574554745996173,0.0,0.0,0.0,0.125,5.883720930232558
https://doi.org/10.1002/maco.201810567,0.01282051282051282,0.4444444444444444,0.019230769230769232,0.0,0.2650778606171197,0.0,0.0,0.0,0.0,5.1923076923076925
https://doi.org/10.1002/maco.201910934,0.03355704697986577,0.14285714285714285,0.03355704697986577,0.013422818791946308,0.2096711322391048,0.0,0.0,0.0,0.14285714285714285,5.684563758389261
https://doi.org/10.1002/maco.201911183,0.04878048780487805,0.6,0.0,0.006097560975609756,0.22519738186121208,0.0,0.4,0.0,0.0,5.463414634146342
https://doi.org/10.1002/maco.201911121,0.02040816326530612,0.375,0.030612244897959183,0.00510204081632653,0.26214760364622713,0.0,0.125,0.0,0.125,5.198979591836735
https://doi.org/10.1002/maco.201810579,0.009259259259259259,0.5,0.0,0.009259259259259259,0.36288736930121157,0.0,0.0,0.0,0.0,5.2407407407407405
https://doi.org/10.1002/maco.201810643,0.00975609756097561,0.8333333333333334,0.05853658536585366,0.004878048780487805,0.3300172151333238,0.0,0.6666666666666666,0.0,0.0,4.765853658536585
https://doi.org/10.1002/maco.201810644,0.029069767441860465,0.3333333333333333,0.023255813953488372,0.005813953488372093,0.3078651696482262,0.0,0.16666666666666666,0.0,0.16666666666666666,5.965116279069767
https://doi.org/10.1002/maco.201911044,0.011764705882352941,0.5,0.052941176470588235,0.0058823529411764705,0.4006914439041506,0.0,0.3333333333333333,0.0,0.0,6.011764705882353
https://doi.org/10.1002/maco.201911257,0.007662835249042145,0.3333333333333333,0.02681992337164751,0.007662835249042145,0.5040462517076023,0.0,0.16666666666666666,0.0,0.08333333333333333,4.992337164750958
https://doi.org/10.1002/maco.201810685,0.03125,0.8333333333333334,0.025,0.0,0.2484325864293974,0.0,0.16666666666666666,0.0,0.0,4.975
https://doi.org/10.1002/maco.201910799,0.005952380952380952,0.125,0.03571428571428571,0.011904761904761904,0.280710145775038,0.0,0.0,0.0,0.125,5.869047619047619
https://doi.org/10.1002/maco.201910808,0.017341040462427744,0.1,0.03468208092485549,0.011560693641618497,0.24936016890315596,0.0,0.0,0.0,0.1,5.421965317919075
https://doi.org/10.1002/maco.201910971,0.02880658436213992,0.5,0.01646090534979424,0.00823045267489712,0.6175719492768907,0.0,0.2,0.0,0.0,5.423868312757202
https://doi.org/10.1002/maco.201910773,0.047619047619047616,0.25,0.08333333333333333,0.005952380952380952,0.27868333120761013,0.0,0.0,0.0,0.0,5.226190476190476
https://doi.org/10.1002/maco.201810650,0.014354066985645933,0.75,0.0,0.004784688995215311,0.0821797322359697,0.0,0.0,0.0,0.0,4.564593301435407
https://doi.org/10.1002/maco.201910794,0.007936507936507936,0.8,0.0,0.007936507936507936,0.3801247623754936,0.0,0.2,0.0,0.2,4.682539682539683
https://doi.org/10.1002/maco.201910941,0.050724637681159424,0.5,0.08695652173913043,0.0,0.13043478260869565,0.0,0.75,0.0,0.0,5.86231884057971
https://doi.org/10.1002/maco.201911072,0.027522935779816515,0.0,0.05504587155963303,0.0,0.23407983159950593,0.0,0.25,0.0,0.0,6.192660550458716
https://doi.org/10.1002/maco.201911339,0.02564102564102564,0.0,0.08547008547008547,0.0,0.2890860602613292,0.0,0.0,0.0,0.14285714285714285,5.948717948717949
https://doi.org/10.1002/maco.201810601,0.04807692307692308,0.16666666666666666,0.028846153846153848,0.009615384615384616,0.22010621427422303,0.0,0.0,0.0,0.0,6.163461538461538
https://doi.org/10.1002/maco.201810730,0.024691358024691357,0.8333333333333334,0.06172839506172839,0.012345679012345678,0.22324865827191512,0.0,0.16666666666666666,0.0,0.16666666666666666,4.932098765432099
https://doi.org/10.1002/maco.201910789,0.0,0.14285714285714285,0.0,0.0,0.2934591844795605,0.0,0.14285714285714285,0.0,0.0,5.672316384180791
https://doi.org/10.1002/maco.201910960,0.019138755980861243,1.0,0.06220095693779904,0.004784688995215311,0.6998415280756871,0.0,0.4,0.0,0.2,5.253588516746412
https://doi.org/10.1002/maco.201970011,0.09090909090909091,0.5,0.12121212121212122,0.0,0.8787878787878788,0.5,0.0,0.0,0.0,5.212121212121212
https://doi.org/10.1002/maco.201910964,0.007936507936507936,0.2,0.07142857142857142,0.0,0.2576616362023481,0.0,0.2,0.0,0.0,6.134920634920635
https://doi.org/10.1002/maco.201911388,0.043010752688172046,0.25,0.0,0.005376344086021506,0.5366657941276465,0.0,0.25,0.0,0.0,5.543010752688172
https://doi.org/10.1002/maco.201810453,0.015267175572519083,0.16666666666666666,0.022900763358778626,0.007633587786259542,0.31334924811868387,0.0,0.0,0.0,0.0,5.793893129770993
https://doi.org/10.1002/maco.201910856,0.015151515151515152,0.75,0.022727272727272728,0.007575757575757576,0.19045159227237174,0.0,0.25,0.0,0.0,5.606060606060606
https://doi.org/10.1002/maco.201810706,0.016304347826086956,0.4444444444444444,0.043478260869565216,0.0,0.25583918034651787,0.0,0.0,0.0,0.0,5.619565217391305
https://doi.org/10.1002/maco.201810532,0.033707865168539325,0.125,0.011235955056179775,0.0,0.4886025821384022,0.0,0.125,0.0,0.0,5.359550561797753
https://doi.org/10.1002/maco.201810632,0.03225806451612903,0.6666666666666666,0.04608294930875576,0.0,0.7342244625342871,0.0,0.16666666666666666,0.0,0.0,5.3963133640553
https://doi.org/10.1002/maco.201810574,0.05128205128205128,0.0,0.0,0.0,0.3192281948202239,0.0,0.0,0.0,0.25,5.769230769230769
https://doi.org/10.1002/maco.201910916,0.013793103448275862,0.375,0.08275862068965517,0.0,0.24431709770921864,0.0,0.0,0.0,0.0,5.882758620689655
https://doi.org/10.1002/maco.201910821,0.014423076923076924,0.36363636363636365,0.014423076923076924,0.009615384615384616,0.2847517864415547,0.0,0.0,0.0,0.18181818181818182,5.706730769230769
https://doi.org/10.1002/maco.201911144,0.012903225806451613,0.42857142857142855,0.025806451612903226,0.0,0.376632761789069,0.0,0.14285714285714285,0.0,0.0,6.193548387096774
https://doi.org/10.1002/maco.201911309,0.03773584905660377,1.0,0.0,0.018867924528301886,0.13386035631316204,0.0,0.0,0.0,0.0,5.509433962264151
https://doi.org/10.1002/maco.201970067,0.012345679012345678,0.0,0.037037037037037035,0.0,0.6790123456790124,0.0,0.5,0.0,0.0,5.419753086419753
https://doi.org/10.1002/maco.201970021,0.05172413793103448,0.1,0.0,0.0,0.9708902224345578,0.5,0.0,0.0,0.0,5.060344827586207
https://doi.org/10.1002/maco.201810630,0.009900990099009901,0.4,0.0049504950495049506,0.0,0.44926935859558137,0.1,0.1,0.0,0.0,5.405940594059406
https://doi.org/10.1002/maco.201911082,0.008264462809917356,0.4,0.0,0.01652892561983471,0.3215715117081607,0.0,0.0,0.0,0.2,5.56198347107438
https://doi.org/10.1002/maco.201970034,0.0,0.2,0.0,0.0,0.3653376256743064,0.0,0.0,0.0,0.0,5.689320388349515
https://doi.org/10.1002/maco.201970084,0.0,0.5,0.025,0.0,0.575,0.0,0.5,0.0,0.0,6.6
https://doi.org/10.1002/maco.201970041,0.061224489795918366,0.0,0.02040816326530612,0.0,0.49106977206187613,0.25,0.0,0.0,0.0,5.571428571428571
https://doi.org/10.1002/maco.201970031,0.03508771929824561,0.4,0.008771929824561403,0.0,0.4972995713353813,0.0,0.2,0.0,0.0,6.184210526315789
https://doi.org/10.1002/maco.201970061,0.01,0.375,0.02,0.0,1.0055844071981228,0.5,0.0,0.0,0.0,4.84
https://doi.org/10.1002/maco.201970081,0.029411764705882353,0.6666666666666666,0.029411764705882353,0.0,0.34236608020067105,0.0,0.0,0.0,0.0,5.014705882352941
https://doi.org/10.1002/maco.201970101,0.0449438202247191,1.0,0.0,0.0,0.011235955056179775,0.0,1.0,0.0,0.0,4.786516853932584
https://doi.org/10.1002/maco.201970111,0.16,0.0,0.04,0.0,0.0,0.0,0.0,0.0,0.0,5.76
https://doi.org/10.1002/maco.201970091,0.022222222222222223,0.6666666666666666,0.011111111111111112,0.0,0.5792715732327589,0.0,0.3333333333333333,0.0,0.0,5.4
https://doi.org/10.1002/maco.201970051,0.01,0.375,0.02,0.0,1.0055844071981228,0.5,0.0,0.0,0.0,4.84
https://doi.org/10.1002/maco.201970121,0.05660377358490566,0.3333333333333333,0.0,0.0,0.3529865459220699,0.0,0.0,0.0,0.0,5.981132075471698
https://doi.org/10.1002/maco.201970071,0.04918032786885246,0.2,0.03278688524590164,0.0,0.4318668810596555,0.2,0.0,0.0,0.0,4.704918032786885
https://doi.org/10.1002/maco.201970128,0.0,0.0,0.07407407407407407,0.0,0.0,0.0,0.0,0.0,0.0,5.037037037037037
https://doi.org/10.1002/maco.201970035,0.0,1.0,0.0,0.0,0.0,1.0,0.0,0.0,0.0,2.0
https://doi.org/10.1108/acmm-11-2019-2215,0.01694915254237288,0.5714285714285714,0.03389830508474576,0.002824858757062147,0.3904849987712423,0.0,0.21428571428571427,0.0,0.0,5.38135593220339
https://doi.org/10.1108/acmm-11-2019-2204,0.02127659574468085,0.2857142857142857,0.03723404255319149,0.005319148936170213,0.3512249791323229,0.0,0.42857142857142855,0.0,0.0,6.090425531914893
https://doi.org/10.1108/acmm-02-2020-2260,0.015306122448979591,0.25,0.0,0.01020408163265306,0.42515646236734,0.0,0.125,0.0,0.0,6.505102040816326
https://doi.org/10.1108/acmm-06-2019-2136,0.03278688524590164,0.3333333333333333,0.013114754098360656,0.003278688524590164,0.45617386841672913,0.0,0.4444444444444444,0.0,0.0,5.5147540983606556
https://doi.org/10.1108/acmm-07-2019-2157,0.048507462686567165,0.08333333333333333,0.033582089552238806,0.007462686567164179,0.4133546992276486,0.0,0.08333333333333333,0.0,0.0,5.641791044776119
https://doi.org/10.1108/acmm-10-2019-2190,0.0034602076124567475,0.09090909090909091,0.020761245674740483,0.0034602076124567475,0.4896163204325824,0.0,0.2727272727272727,0.0,0.09090909090909091,5.595155709342561
https://doi.org/10.1108/acmm-10-2019-2200,0.005319148936170213,0.3333333333333333,0.0,0.005319148936170213,0.292891487190132,0.0,0.16666666666666666,0.0,0.0,6.6861702127659575
https://doi.org/10.1108/acmm-01-2020-2247,0.03553299492385787,0.0,0.050761421319796954,0.005076142131979695,0.3380878336111008,0.0,0.0,0.0,0.0,6.025380710659898
https://doi.org/10.1108/acmm-12-2019-2234,0.023166023166023165,0.2727272727272727,0.003861003861003861,0.003861003861003861,0.3461578915010488,0.0,0.09090909090909091,0.0,0.0,5.683397683397684
https://doi.org/10.1108/acmm-02-2020-2263,0.01607717041800643,0.15384615384615385,0.00964630225080386,0.006430868167202572,0.3895322886407153,0.0,0.15384615384615385,0.0,0.07692307692307693,6.115755627009646
https://doi.org/10.1108/acmm-10-2018-2025,0.0457516339869281,0.42857142857142855,0.0,0.006535947712418301,0.3815560658647431,0.0,0.0,0.0,0.0,5.810457516339869
https://doi.org/10.1108/acmm-10-2019-2197,0.012048192771084338,0.06666666666666667,0.03614457831325301,0.004016064257028112,0.4803185988024435,0.0,0.06666666666666667,0.0,0.06666666666666667,5.626506024096385
https://doi.org/10.1108/acmm-08-2019-2163,0.014652014652014652,0.5,0.03663003663003663,0.003663003663003663,0.31397305075603965,0.0,0.08333333333333333,0.0,0.08333333333333333,5.4212454212454215
https://doi.org/10.1108/acmm-02-2020-2262,0.03056768558951965,0.38461538461538464,0.021834061135371178,0.004366812227074236,0.3648836805109236,0.0,0.0,0.0,0.0,5.8384279475982535
https://doi.org/10.1108/acmm-12-2019-2222,0.005917159763313609,0.0,0.0,0.005917159763313609,0.18721055644445414,0.0,0.0,0.0,0.0,5.644970414201183
https://doi.org/10.1108/acmm-05-2020-2312,0.03278688524590164,0.5,0.036885245901639344,0.004098360655737705,0.3592558524723135,0.0,0.2,0.0,0.0,5.286885245901639
https://doi.org/10.1108/acmm-09-2019-2178,0.02717391304347826,0.25,0.021739130434782608,0.010869565217391304,0.3888813873912678,0.0,0.125,0.0,0.0,5.739130434782608
https://doi.org/10.1108/acmm-12-2019-2228,0.019230769230769232,0.6666666666666666,0.0,0.0,0.24851630737154012,0.0,0.0,0.0,0.0,6.403846153846154
https://doi.org/10.1108/acmm-06-2020-2318,0.005952380952380952,0.35714285714285715,0.017857142857142856,0.01488095238095238,0.21764887260455024,0.0,0.0,0.0,0.07142857142857142,5.366071428571429
https://doi.org/10.1108/acmm-05-2020-2305,0.030864197530864196,0.375,0.06172839506172839,0.006172839506172839,0.1496834031232363,0.0,0.0,0.0,0.0,6.345679012345679
https://doi.org/10.1108/acmm-02-2020-2258,0.020512820512820513,0.375,0.0,0.005128205128205128,0.33702102155174885,0.0,0.125,0.0,0.0,5.676923076923077
https://doi.org/10.1108/acmm-07-2019-2161,0.04897959183673469,0.2222222222222222,0.0,0.02040816326530612,0.6173123619934139,0.0,0.2222222222222222,0.0,0.0,6.412244897959184
https://doi.org/10.1108/acmm-05-2020-2306,0.043478260869565216,0.2,0.06956521739130435,0.004347826086956522,0.32709987606615704,0.0,0.1,0.0,0.0,5.678260869565217
https://doi.org/10.1108/acmm-02-2020-2261,0.022813688212927757,0.2727272727272727,0.022813688212927757,0.0038022813688212928,0.3172570349049909,0.0,0.09090909090909091,0.0,0.0,5.935361216730038
https://doi.org/10.1108/acmm-06-2019-2149,0.010101010101010102,0.5,0.04040404040404041,0.0,0.22290986354256476,0.0,0.125,0.0,0.0,6.505050505050505
https://doi.org/10.1108/acmm-10-2018-2021,0.031141868512110725,0.3333333333333333,0.05536332179930796,0.006920415224913495,0.498690230241377,0.08333333333333333,0.16666666666666666,0.0,0.0,5.508650519031142
https://doi.org/10.1108/acmm-10-2019-2189,0.008849557522123894,0.6666666666666666,0.030973451327433628,0.004424778761061947,0.48933332038758415,0.0,0.2222222222222222,0.0,0.0,5.632743362831858
https://doi.org/10.1108/acmm-05-2019-2120,0.023529411764705882,0.375,0.058823529411764705,0.011764705882352941,0.21661120752378785,0.0,0.0,0.0,0.0,5.823529411764706
https://doi.org/10.1108/acmm-01-2020-2254,0.005649717514124294,1.0,0.062146892655367235,0.005649717514124294,0.3624195805642853,0.0,0.75,0.0,0.0,4.440677966101695
https://doi.org/10.1108/acmm-12-2019-2235,0.0,0.5555555555555556,0.0,0.01680672268907563,0.4962965734532236,0.2222222222222222,0.0,0.0,0.0,6.848739495798319
https://doi.org/10.1108/acmm-11-2019-2216,0.022988505747126436,0.5,0.06321839080459771,0.011494252873563218,0.3116193496948496,0.0,0.0,0.0,0.0,6.166666666666667
https://doi.org/10.1108/acmm-11-2019-2210,0.0297951582867784,0.7083333333333334,0.0931098696461825,0.00558659217877095,0.3122666830810182,0.041666666666666664,0.041666666666666664,0.0,0.041666666666666664,4.945996275605214
https://doi.org/10.1108/acmm-05-2019-2122,0.018779342723004695,0.3333333333333333,0.028169014084507043,0.004694835680751174,0.39986111455150386,0.0,0.1111111111111111,0.0,0.0,6.215962441314554
https://doi.org/10.1108/acmm-06-2020-2324,0.027472527472527472,0.16666666666666666,0.005494505494505495,0.0,0.39636678674442716,0.0,0.0,0.0,0.0,5.928571428571429
https://doi.org/10.1108/acmm-03-2020-2285,0.01652892561983471,0.8,0.03305785123966942,0.004132231404958678,0.3473533170854134,0.0,0.8,0.0,0.0,5.12396694214876
https://doi.org/10.1108/acmm-11-2019-2220,0.03146853146853147,0.3076923076923077,0.017482517482517484,0.006993006993006993,0.33968311024337877,0.0,0.0,0.0,0.0,5.758741258741258
https://doi.org/10.1108/acmm-12-2019-2223,0.02097902097902098,0.16666666666666666,0.05244755244755245,0.017482517482517484,0.4511980021521269,0.0,0.16666666666666666,0.0,0.0,5.804195804195804
https://doi.org/10.1108/acmm-03-2020-2269,0.017421602787456445,0.1,0.003484320557491289,0.006968641114982578,0.24982845672813037,0.0,0.2,0.0,0.0,5.456445993031359
https://doi.org/10.1108/acmm-12-2019-2237,0.020833333333333332,0.0,0.034722222222222224,0.013888888888888888,0.1789458156489601,0.0,0.2,0.0,0.0,6.284722222222222
https://doi.org/10.1108/acmm-04-2020-2296,0.024390243902439025,0.2857142857142857,0.04065040650406504,0.008130081300813009,0.2769005913158764,0.0,0.0,0.0,0.0,5.5772357723577235
https://doi.org/10.1108/acmm-09-2019-2175,0.02857142857142857,0.75,0.017857142857142856,0.0035714285714285713,0.4292851200376206,0.0,0.375,0.0,0.0,5.139285714285714
https://doi.org/10.1108/acmm-04-2017-1787,0.024390243902439025,0.16666666666666666,0.024390243902439025,0.008130081300813009,0.4739914096633629,0.08333333333333333,0.16666666666666666,0.0,0.08333333333333333,5.845528455284553
https://doi.org/10.1108/acmm-10-2019-2201,0.029914529914529916,0.75,0.004273504273504274,0.004273504273504274,0.43067086110578195,0.0,0.25,0.0,0.0,5.773504273504273
https://doi.org/10.1108/acmm-04-2020-2291,0.013761467889908258,0.625,0.0,0.0045871559633027525,0.5123670460713101,0.0,0.25,0.0,0.0,5.605504587155964
https://doi.org/10.1108/acmm-11-2019-2211,0.020761245674740483,0.0,0.0,0.0034602076124567475,0.4972114864134549,0.07692307692307693,0.15384615384615385,0.0,0.0,5.8719723183391
https://doi.org/10.1108/acmm-04-2020-2298,0.0,0.6,0.0,0.011857707509881422,0.33354157232869225,0.0,0.1,0.0,0.0,5.0395256916996045
https://doi.org/10.1108/acmm-07-2020-2343,0.034013605442176874,0.8571428571428571,0.034013605442176874,0.013605442176870748,0.13226001425322162,0.0,0.0,0.0,0.0,5.836734693877551
https://doi.org/10.1108/acmm-11-2019-2217,0.011764705882352941,0.4,0.043137254901960784,0.00784313725490196,0.3774700784575103,0.0,0.2,0.0,0.0,5.921568627450981
https://doi.org/10.1108/acmm-11-2019-2203,0.015789473684210527,0.0,0.0,0.010526315789473684,0.37792259096876296,0.0,0.16666666666666666,0.0,0.0,5.531578947368421
https://doi.org/10.1108/acmm-06-2019-2147,0.015625,0.46153846153846156,0.0,0.0078125,0.28683687110446593,0.0,0.0,0.0,0.0,5.4609375
https://doi.org/10.1108/acmm-11-2019-2209,0.021052631578947368,0.2857142857142857,0.015789473684210527,0.010526315789473684,0.5079969899795223,0.0,0.14285714285714285,0.0,0.0,6.089473684210526
https://doi.org/10.1108/acmm-10-2020-2383,0.024291497975708502,0.18181818181818182,0.0,0.008097165991902834,0.6754948806396888,0.09090909090909091,0.18181818181818182,0.0,0.0,6.125506072874494
https://doi.org/10.1108/acmm-09-2019-2184,0.006825938566552901,0.875,0.023890784982935155,0.006825938566552901,0.31218876101214876,0.0,0.375,0.0,0.0,5.399317406143345
https://doi.org/10.1108/acmm-07-2019-2159,0.008928571428571428,0.0,0.125,0.0,0.16846394878672505,0.0,0.0,0.0,0.0,5.919642857142857
https://doi.org/10.1108/acmm-10-2019-2202,0.0136986301369863,0.0,0.0,0.0045662100456621,0.5212084250140468,0.0,0.3,0.0,0.0,5.835616438356165
https://doi.org/10.1108/acmm-10-2019-2194,0.0273224043715847,0.16666666666666666,0.0,0.00546448087431694,0.3342279493633449,0.0,0.3333333333333333,0.0,0.0,5.879781420765028
https://doi.org/10.5006/3457,0.010256410256410256,1.0,0.015384615384615385,0.005128205128205128,0.3861507814772656,0.0,0.1111111111111111,0.0,0.1111111111111111,5.01025641025641
https://doi.org/10.5006/3678,0.011673151750972763,0.36363636363636365,0.0038910505836575876,0.0038910505836575876,0.300594675732731,0.0,0.0,0.0,0.0,5.591439688715953
https://doi.org/10.5006/3571,0.03636363636363636,0.8,0.12727272727272726,0.0,0.2845904698636096,0.0,0.0,0.0,0.0,6.0636363636363635
https://doi.org/10.5006/3379,0.007142857142857143,0.16666666666666666,0.07857142857142857,0.0,0.1862629258629328,0.0,0.0,0.0,0.16666666666666666,5.378571428571429
https://doi.org/10.5006/3474,0.011695906432748537,0.0,0.0,0.005847953216374269,0.346018998654667,0.0,0.3333333333333333,0.0,0.0,5.614035087719298
https://doi.org/10.5006/3513,0.007692307692307693,0.0,0.0,0.0,0.33451467194462425,0.0,0.0625,0.0,0.0,6.151282051282052
https://doi.org/10.5006/3430,0.017142857142857144,0.0,0.0,0.005714285714285714,0.42332020977033447,0.0,0.0,0.0,0.18181818181818182,6.537142857142857
https://doi.org/10.5006/3418,0.02,0.6,0.08,0.0,0.303315017762062,0.0,0.0,0.0,0.0,5.21
https://doi.org/10.5006/3679,0.018292682926829267,0.0,0.024390243902439025,0.006097560975609756,0.38641413457938684,0.0,0.3333333333333333,0.0,0.16666666666666666,5.798780487804878
https://doi.org/10.5006/3371,0.03816793893129771,0.8,0.0,0.007633587786259542,0.29107902236545985,0.0,0.2,0.0,0.0,5.99236641221374
https://doi.org/10.5006/3723,0.023809523809523808,0.0,0.047619047619047616,0.0,0.2041241452319315,0.0,0.3333333333333333,0.0,0.0,5.630952380952381
https://doi.org/10.5006/3348,0.037037037037037035,0.375,0.021164021164021163,0.005291005291005291,0.38267540970356584,0.0,0.0,0.0,0.0,5.518518518518518
https://doi.org/10.5006/3438,0.019011406844106463,0.4166666666666667,0.0,0.0038022813688212928,0.3575559949473132,0.0,0.08333333333333333,0.0,0.08333333333333333,5.277566539923955
https://doi.org/10.5006/3569,0.018072289156626505,0.3,0.012048192771084338,0.0,0.3187082907568987,0.0,0.6,0.0,0.0,5.768072289156627
https://doi.org/10.5006/3610,0.013422818791946308,0.4,0.04697986577181208,0.006711409395973154,0.22299661376961277,0.0,0.2,0.0,0.2,5.530201342281879
https://doi.org/10.5006/3417,0.04032258064516129,0.6,0.07258064516129033,0.0,0.7745294970027723,0.0,0.2,0.0,0.0,5.661290322580645
https://doi.org/10.5006/3501,0.027210884353741496,0.2,0.0,0.0,0.24771621028616497,0.0,0.2,0.0,0.2,5.387755102040816
https://doi.org/10.5006/3642,0.01282051282051282,0.2857142857142857,0.09615384615384616,0.0,0.3286155286660589,0.0,0.0,0.0,0.0,5.532051282051282
https://doi.org/10.5006/3421,0.010869565217391304,0.2857142857142857,0.03804347826086957,0.010869565217391304,0.3872830815504319,0.0,0.2857142857142857,0.0,0.14285714285714285,5.543478260869565
https://doi.org/10.5006/3651,0.0375,0.25,0.03125,0.00625,0.2806243040080456,0.0,0.0,0.0,0.0,5.7625
https://doi.org/10.5006/3510,0.02074688796680498,0.2727272727272727,0.016597510373443983,0.0,0.32476667102654766,0.0,0.0,0.0,0.09090909090909091,5.721991701244813
https://doi.org/10.5006/3289,0.06593406593406594,0.0,0.0,0.01098901098901099,0.23129192505328777,0.0,0.0,0.0,0.0,6.395604395604396
https://doi.org/10.5006/3478,0.03208556149732621,0.2857142857142857,0.0,0.0053475935828877,0.4171808527238949,0.0,0.14285714285714285,0.0,0.0,6.0855614973262036
https://doi.org/10.5006/3384,0.008547008547008548,0.125,0.042735042735042736,0.004273504273504274,0.3477067625095383,0.0,0.25,0.0,0.125,5.717948717948718
https://doi.org/10.5006/3485,0.030534351145038167,0.42857142857142855,0.04580152671755725,0.0,0.34240704567947783,0.0,0.0,0.0,0.14285714285714285,5.938931297709924
https://doi.org/10.5006/3583,0.03508771929824561,0.6363636363636364,0.0,0.010526315789473684,0.4736972057996485,0.0,0.2727272727272727,0.0,0.18181818181818182,5.866666666666666
https://doi.org/10.5006/3588,0.018518518518518517,0.14285714285714285,0.06790123456790123,0.006172839506172839,0.35813110381136515,0.0,0.14285714285714285,0.0,0.2857142857142857,6.339506172839506
https://doi.org/10.5006/3472,0.01932367149758454,0.3333333333333333,0.00966183574879227,0.004830917874396135,0.21398294290193332,0.0,0.0,0.0,0.0,5.666666666666667
https://doi.org/10.5006/3328,0.04,0.3333333333333333,0.0,0.005714285714285714,0.2689966239071959,0.0,0.0,0.0,0.1111111111111111,5.451428571428571
https://doi.org/10.5006/3597,0.008695652173913044,0.0,0.0,0.0,0.38761546240039424,0.0,0.25,0.0,0.0,6.008695652173913
https://doi.org/10.5006/3377,0.0380952380952381,0.25,0.0,0.01904761904761905,0.23541346846301475,0.0,0.0,0.0,0.0,5.8
https://doi.org/10.5006/3520,0.010416666666666666,0.0,0.0,0.010416666666666666,0.2783414419976539,0.0,0.0,0.0,0.0,5.604166666666667
https://doi.org/10.5006/3558,0.05747126436781609,0.5,0.0,0.0,0.2091196022834512,0.0,0.0,0.0,0.0,6.160919540229885
https://doi.org/10.5006/3552,0.03187250996015936,0.5555555555555556,0.0,0.00398406374501992,0.7306386222373005,0.0,0.1111111111111111,0.0,0.1111111111111111,5.46613545816733
https://doi.org/10.5006/3508,0.01764705882352941,0.3333333333333333,0.07058823529411765,0.0,0.3258207629206171,0.0,0.3333333333333333,0.0,0.0,5.594117647058823
https://doi.org/10.5006/2813,0.05084745762711865,0.6666666666666666,0.07627118644067797,0.0,0.4250825831859136,0.0,0.0,0.0,0.0,5.4491525423728815
https://doi.org/10.5006/3632,0.02631578947368421,0.5,0.03289473684210526,0.0,0.18184572317217437,0.0,0.0,0.0,0.0,5.822368421052632
https://doi.org/10.5006/3622,0.016666666666666666,0.14285714285714285,0.03888888888888889,0.0,0.29814239699997197,0.0,0.14285714285714285,0.0,0.0,5.983333333333333
https://doi.org/10.5006/3564,0.02054794520547945,1.0,0.0,0.00684931506849315,0.1738161306910893,0.0,0.0,0.0,0.16666666666666666,5.171232876712328
https://doi.org/10.5006/3659,0.012295081967213115,0.8888888888888888,0.012295081967213115,0.0,0.3282784326967342,0.0,0.2222222222222222,0.0,0.1111111111111111,5.340163934426229
https://doi.org/10.5006/3638,0.024844720496894408,0.0,0.06832298136645963,0.006211180124223602,0.4555382993368671,0.0,0.5,0.0,0.0,5.490683229813665
https://doi.org/10.5006/3707,0.032467532467532464,0.14285714285714285,0.032467532467532464,0.0,0.3668687504370269,0.0,0.0,0.0,0.0,5.8441558441558445
https://doi.org/10.5006/2771,0.02097902097902098,0.75,0.04195804195804196,0.0,0.14718577048845585,0.0,0.75,0.0,0.0,5.643356643356643
https://doi.org/10.5006/3532,0.02,0.3333333333333333,0.03,0.0,0.11313708498984759,0.0,0.6666666666666666,0.0,0.0,6.24
https://doi.org/10.5006/3524,0.01818181818181818,0.5,0.0,0.0,0.3143930266507379,0.0,0.0,0.0,0.16666666666666666,5.590909090909091
https://doi.org/10.5006/3601,0.039301310043668124,0.2857142857142857,0.013100436681222707,0.004366812227074236,0.2314822407108921,0.0,0.42857142857142855,0.0,0.0,6.314410480349345
https://doi.org/10.5006/3426,0.03007518796992481,0.6,0.03007518796992481,0.007518796992481203,0.32216970354328645,0.0,0.2,0.0,0.0,5.293233082706767
https://doi.org/10.5006/3523,0.02666666666666667,0.5714285714285714,0.02,0.006666666666666667,0.23247461032216926,0.0,0.0,0.0,0.2857142857142857,5.24
https://doi.org/10.5006/3230,0.045454545454545456,0.8,0.03409090909090909,0.005681818181818182,0.3909322139038539,0.0,0.4,0.0,0.0,5.323863636363637
https://doi.org/10.5006/3607,0.016666666666666666,0.3333333333333333,0.027777777777777776,0.005555555555555556,0.7503085784948503,0.0,0.16666666666666666,0.0,0.16666666666666666,5.533333333333333
https://doi.org/10.5006/3582,0.02608695652173913,0.42857142857142855,0.021739130434782608,0.004347826086956522,0.32957554188256055,0.0,0.2857142857142857,0.0,0.14285714285714285,5.256521739130434
https://doi.org/10.5006/3423,0.0228310502283105,0.0,0.0319634703196347,0.0,0.38258191900736827,0.0,0.1111111111111111,0.0,0.0,5.45662100456621
https://doi.org/10.5006/3504,0.014018691588785047,0.0,0.028037383177570093,0.014018691588785047,0.42139066607833625,0.0,0.0,0.0,0.08333333333333333,5.635514018691588
https://doi.org/10.5006/3408,0.040268456375838924,0.2857142857142857,0.0,0.006711409395973154,0.20044542983984,0.0,0.0,0.0,0.0,5.0
https://doi.org/10.5006/3353,0.025078369905956112,0.3,0.009404388714733543,0.006269592476489028,0.3136206579296354,0.0,0.4,0.0,0.1,6.137931034482759
https://doi.org/10.5006/3373,0.026905829596412557,0.45454545454545453,0.03139013452914798,0.0,0.3867436787433244,0.0,0.0,0.0,0.0,6.165919282511211
https://doi.org/10.5006/3467,0.03015075376884422,0.16666666666666666,0.06532663316582915,0.0,0.38862776484392575,0.0,0.3333333333333333,0.0,0.0,5.316582914572864
https://doi.org/10.5006/3560,0.010309278350515464,0.0,0.0,0.0,0.23912192793284953,0.0,0.0,0.0,0.0,6.103092783505154
https://doi.org/10.5006/3516,0.04568527918781726,0.7142857142857143,0.005076142131979695,0.005076142131979695,0.3781640717195771,0.0,0.2857142857142857,0.0,0.14285714285714285,6.177664974619289
https://doi.org/10.5006/3625,0.04294478527607362,0.6666666666666666,0.0,0.012269938650306749,0.23223918074537053,0.0,0.0,0.0,0.16666666666666666,5.883435582822086
https://doi.org/10.5006/3672,0.031088082901554404,0.6,0.0,0.0,0.38078495392068656,0.0,0.0,0.0,0.0,4.974093264248705
https://doi.org/10.5006/3606,0.017543859649122806,0.0,0.0,0.008771929824561403,0.36632654417230004,0.0,0.2,0.0,0.2,5.9035087719298245
https://doi.org/10.5006/3624,0.029411764705882353,0.8571428571428571,0.03431372549019608,0.0,0.3283216088164775,0.0,0.42857142857142855,0.0,0.0,5.681372549019608
https://doi.org/10.5006/3414,0.028985507246376812,0.42857142857142855,0.06521739130434782,0.007246376811594203,0.27478964095447156,0.0,0.0,0.0,0.14285714285714285,5.818840579710145
https://doi.org/10.5006/3551,0.01904761904761905,0.2,0.01904761904761905,0.0,0.36885555678165877,0.0,0.0,0.0,0.0,5.742857142857143
https://doi.org/10.5006/3633,0.011627906976744186,0.3333333333333333,0.040697674418604654,0.005813953488372093,0.2084932683376873,0.0,0.0,0.0,0.1111111111111111,5.255813953488372
https://doi.org/10.5006/3534,0.0072992700729927005,0.6,0.0,0.0072992700729927005,0.23831865280751108,0.0,0.2,0.0,0.0,5.328467153284672
https://doi.org/10.5006/3515,0.0223463687150838,0.5555555555555556,0.0335195530726257,0.002793296089385475,0.40705522306026526,0.05555555555555555,0.0,0.0,0.05555555555555555,5.0307262569832405
https://doi.org/10.5006/3492,0.024630541871921183,0.0,0.0,0.014778325123152709,0.40922294435350015,0.0,0.1,0.0,0.1,5.9655172413793105
https://doi.org/10.5006/3653,0.05442176870748299,0.8,0.0,0.006802721088435374,0.4180215372989719,0.0,0.2,0.0,0.0,6.149659863945578
https://doi.org/10.5006/3634,0.0078125,0.75,0.0546875,0.0,0.20610790559801437,0.0,0.5,0.0,0.0,6.0390625
https://doi.org/10.5006/3400,0.0,0.0,0.0,0.0,0.5875970807333888,0.0,0.16666666666666666,0.0,0.0,6.168224299065421
https://doi.org/10.5006/3464,0.03636363636363636,0.0,0.0,0.0,0.5403804393977881,0.0,0.14285714285714285,0.0,0.0,5.278787878787878
https://doi.org/10.5006/3604,0.015625,0.7142857142857143,0.046875,0.0,0.427337322849292,0.0,0.2857142857142857,0.0,0.0,5.817708333333333
https://doi.org/10.5006/3592,0.025510204081632654,0.1111111111111111,0.04591836734693878,0.00510204081632653,0.4223922864452898,0.0,0.1111111111111111,0.0,0.1111111111111111,6.255102040816326
https://doi.org/10.5006/3682,0.03333333333333333,0.4444444444444444,0.029166666666666667,0.004166666666666667,0.2579970930068787,0.0,0.1111111111111111,0.0,0.1111111111111111,5.433333333333334
https://doi.org/10.5006/3240,0.025477707006369428,0.45454545454545453,0.006369426751592357,0.0,0.19324677014366962,0.0,0.0,0.0,0.0,4.872611464968153
https://doi.org/10.5006/3550,0.02830188679245283,0.8,0.0660377358490566,0.0,0.3287028564185726,0.0,0.0,0.0,0.0,6.150943396226415
https://doi.org/10.5006/3345,0.03731343283582089,0.0,0.0,0.0,0.17309572395139108,0.0,0.0,0.0,0.14285714285714285,6.059701492537314
https://doi.org/10.5006/3404,0.019138755980861243,0.3333333333333333,0.04784688995215311,0.004784688995215311,0.37610820812286755,0.0,0.0,0.0,0.0,5.909090909090909
https://doi.org/10.5006/3431,0.02717391304347826,0.6,0.05434782608695652,0.005434782608695652,0.5093641092982601,0.0,0.2,0.0,0.0,5.385869565217392
https://doi.org/10.5006/3428,0.056451612903225805,0.8571428571428571,0.0,0.0,0.25907061942272597,0.0,0.0,0.0,0.0,6.57258064516129
https://doi.org/10.5006/3468,0.02912621359223301,1.0,0.07766990291262135,0.009708737864077669,0.1262135922330097,0.0,1.0,0.0,0.0,5.330097087378641
https://doi.org/10.5006/3498,0.015625,0.25,0.015625,0.015625,0.37209523123941146,0.0,0.125,0.0,0.125,5.25
https://doi.org/10.5006/3487,0.017777777777777778,0.6666666666666666,0.10222222222222223,0.0044444444444444444,0.1837873166945363,0.0,0.0,0.0,0.0,5.573333333333333
https://doi.org/10.5006/3641,0.017543859649122806,0.0,0.0,0.0,0.2666435816415906,0.0,0.0,0.0,0.0,5.842105263157895
https://doi.org/10.5006/3324,0.0375,0.8571428571428571,0.075,0.00625,0.26809513236909016,0.0,0.0,0.0,0.0,5.6125
https://doi.org/10.5006/3429,0.0273972602739726,0.3,0.0,0.00684931506849315,0.2492247314884966,0.0,0.2,0.0,0.1,5.715753424657534
https://doi.org/10.5006/2896,0.015384615384615385,0.16666666666666666,0.0,0.0,0.2673561107228118,0.0,0.0,0.0,0.0,5.592307692307692
https://doi.org/10.5006/3559,0.02830188679245283,0.2,0.0660377358490566,0.0,0.44289413563416985,0.0,0.2,0.0,0.2,5.849056603773585
https://doi.org/10.5006/3562,0.01652892561983471,0.45454545454545453,0.0371900826446281,0.0,0.4466252116029377,0.0,0.09090909090909091,0.0,0.0,5.595041322314049
https://doi.org/10.5006/3574,0.03125,0.09090909090909091,0.0,0.0,0.36483126490454715,0.0,0.18181818181818182,0.0,0.0,5.722222222222222
https://doi.org/10.5006/3567,0.031746031746031744,0.5,0.0873015873015873,0.0,0.39745981033488614,0.0,0.0,0.0,0.16666666666666666,5.992063492063492
https://doi.org/10.5006/3545,0.05263157894736842,0.4,0.015037593984962405,0.007518796992481203,0.3105545327528328,0.0,0.0,0.0,0.2,5.947368421052632
https://doi.org/10.5006/3655,0.03076923076923077,1.0,0.0,0.007692307692307693,0.13760418323075627,0.0,0.0,0.0,0.0,6.015384615384615
https://doi.org/10.5006/3596,0.0163265306122449,0.5555555555555556,0.02857142857142857,0.004081632653061225,0.1446534297687294,0.0,0.0,0.0,0.1111111111111111,5.424489795918367
https://doi.org/10.5006/3590,0.02,0.5714285714285714,0.045,0.005,0.25980762113533157,0.0,0.2857142857142857,0.0,0.14285714285714285,5.735
https://doi.org/10.5006/3614,0.019417475728155338,0.0,0.05825242718446602,0.0,0.34530911152968424,0.16666666666666666,0.0,0.0,0.0,5.281553398058253
https://doi.org/10.5006/3493,0.004524886877828055,0.09090909090909091,0.04524886877828054,0.0,0.4134271051764858,0.0,0.09090909090909091,0.0,0.09090909090909091,5.855203619909502
https://doi.org/10.5006/3476,0.020512820512820513,0.4,0.07692307692307693,0.0,0.29302655645459796,0.0,0.0,0.0,0.0,5.892307692307693
https://doi.org/10.5006/3668,0.050505050505050504,0.5714285714285714,0.0,0.0,0.25752623806024166,0.0,0.0,0.0,0.0,5.222222222222222
https://doi.org/10.5006/3295,0.03333333333333333,0.6666666666666666,0.0,0.013333333333333334,0.332264954516723,0.0,0.16666666666666666,0.0,0.0,5.3133333333333335
https://doi.org/10.5006/3557,0.015384615384615385,0.6666666666666666,0.0,0.005128205128205128,0.2673561107228118,0.0,0.0,0.0,0.1111111111111111,5.333333333333333
https://doi.org/10.5006/3443,0.03428571428571429,0.7777777777777778,0.005714285714285714,0.005714285714285714,0.22101805263787105,0.0,0.0,0.0,0.1111111111111111,5.16
https://doi.org/10.5006/3690,0.0364963503649635,0.0,0.029197080291970802,0.0072992700729927005,0.44116826967187084,0.0,0.3333333333333333,0.0,0.3333333333333333,5.817518248175182
https://doi.org/10.5006/3203,0.0106951871657754,0.5,0.058823529411764705,0.0,0.46252820462392963,0.0,0.5,0.0,0.0,5.598930481283422
https://doi.org/10.5006/3441,0.041176470588235294,0.14285714285714285,0.0,0.0,0.2934109156079983,0.0,0.0,0.0,0.14285714285714285,5.747058823529412
https://doi.org/10.5006/3603,0.022988505747126436,0.4444444444444444,0.005747126436781609,0.0,0.4320677271083334,0.0,0.0,0.0,0.1111111111111111,5.873563218390805
https://doi.org/10.5006/3629,0.0223463687150838,0.42857142857142855,0.0,0.00558659217877095,0.22206264708772946,0.0,0.14285714285714285,0.0,0.0,5.865921787709497
https://doi.org/10.5006/3541,0.010296010296010296,0.22727272727272727,0.009009009009009009,0.0,0.6372164193726682,0.045454545454545456,0.45454545454545453,0.0,0.0,5.782496782496782
https://doi.org/10.5006/3593,0.038461538461538464,0.0,0.0,0.0,0.22754153011921602,0.0,0.0,0.0,0.0,5.235576923076923
https://doi.org/10.5006/3628,0.013157894736842105,0.0,0.0,0.0,0.21459876881973802,0.0,0.0,0.0,0.0,5.578947368421052
https://doi.org/10.1080/1478422x.2020.1746039,0.058333333333333334,0.0,0.0,0.0,0.73824115301167,0.3333333333333333,0.6666666666666666,0.0,0.3333333333333333,7.025
https://doi.org/10.1080/1478422x.2020.1765476,0.027586206896551724,0.8,0.034482758620689655,0.0,0.38087451783404347,0.0,0.2,0.0,0.0,5.255172413793104
https://doi.org/10.1080/1478422x.2020.1754600,0.020134228187919462,0.6666666666666666,0.0,0.006711409395973154,0.3597340478726818,0.0,0.16666666666666666,0.0,0.3333333333333333,5.919463087248322
https://doi.org/10.1080/1478422x.2020.1753929,0.014184397163120567,1.0,0.14184397163120568,0.0070921985815602835,0.3667427935843375,0.0,0.2,0.0,0.0,6.099290780141844
https://doi.org/10.1080/1478422x.2020.1769273,0.02027027027027027,0.16666666666666666,0.0,0.006756756756756757,0.40518011758283645,0.0,0.3333333333333333,0.0,0.0,4.993243243243243
https://doi.org/10.1080/1478422x.2020.1745355,0.014705882352941176,0.6666666666666666,0.051470588235294115,0.0,0.3395116582533881,0.0,0.0,0.0,0.0,5.220588235294118
https://doi.org/10.1080/1478422x.2019.1701237,0.013333333333333334,0.0,0.02,0.0,0.29574764017091776,0.0,0.0,0.0,0.0,6.02
https://doi.org/10.1080/1478422x.2020.1766863,0.02142857142857143,0.3333333333333333,0.06428571428571428,0.014285714285714285,0.232992949004287,0.0,0.0,0.0,0.0,6.671428571428572
https://doi.org/10.1080/1478422x.2020.1807163,0.011976047904191617,0.5555555555555556,0.017964071856287425,0.0,0.583271648473577,0.1111111111111111,0.1111111111111111,0.0,0.1111111111111111,5.6467065868263475
https://doi.org/10.1080/1478422x.2020.1827348,0.033783783783783786,0.2222222222222222,0.02027027027027027,0.006756756756756757,0.5924408166698101,0.1111111111111111,0.1111111111111111,0.0,0.1111111111111111,6.216216216216216
https://doi.org/10.1080/1478422x.2020.1834675,0.030303030303030304,0.4,0.020202020202020204,0.010101010101010102,0.30537811025921163,0.0,0.0,0.0,0.2,6.212121212121212
https://doi.org/10.1080/1478422x.2020.1735716,0.034482758620689655,0.6,0.0,0.0,0.3642789695515657,0.0,0.4,0.0,0.0,5.7379310344827585
https://doi.org/10.1080/1478422x.2020.1737384,0.017543859649122806,0.6,0.0,0.0,0.299275826477754,0.0,0.0,0.0,0.0,5.912280701754386
https://doi.org/10.1080/1478422x.2020.1759484,0.0390625,0.6,0.0234375,0.0078125,0.5828564829248277,0.0,0.2,0.0,0.0,5.453125
https://doi.org/10.1080/1478422x.2020.1768643,0.041666666666666664,0.25,0.0,0.006944444444444444,0.26571008985706934,0.0,0.5,0.0,0.25,5.673611111111111
https://doi.org/10.1080/1478422x.2020.1772527,0.015625,0.7142857142857143,0.03125,0.0078125,0.24926650208662213,0.0,0.0,0.0,0.2857142857142857,6.890625
https://doi.org/10.1080/1478422x.2020.1772587,0.013071895424836602,0.42857142857142855,0.0196078431372549,0.006535947712418301,0.22337264693640604,0.0,0.0,0.0,0.14285714285714285,5.660130718954249
https://doi.org/10.1080/1478422x.2020.1806606,0.04794520547945205,0.3333333333333333,0.07534246575342465,0.02054794520547945,0.2902687684988643,0.0,0.16666666666666666,0.0,0.0,5.993150684931507
https://doi.org/10.1080/1478422x.2020.1836880,0.013888888888888888,0.3333333333333333,0.125,0.0,0.17840600803701567,0.0,0.0,0.0,0.0,5.25
https://doi.org/10.1080/1478422x.2020.1750162,0.033112582781456956,0.875,0.046357615894039736,0.006622516556291391,0.28950321846879995,0.0,0.0,0.0,0.0,5.403973509933775
https://doi.org/10.1080/1478422x.2020.1804094,0.02027027027027027,0.7,0.0,0.006756756756756757,0.44079747108919165,0.1,0.0,0.0,0.0,5.925675675675675
https://doi.org/10.1080/1478422x.2020.1843819,0.030534351145038167,0.4,0.06870229007633588,0.007633587786259542,0.2960415180101575,0.0,0.2,0.0,0.0,5.519083969465649
https://doi.org/10.1080/1478422x.2020.1791446,0.02,0.75,0.02,0.0,0.6401388738217495,0.0,0.25,0.0,0.0,5.726666666666667
https://doi.org/10.1080/1478422x.2020.1777363,0.016260162601626018,0.375,0.024390243902439025,0.008130081300813009,0.6805514244041445,0.125,0.0,0.0,0.0,5.6016260162601625
https://doi.org/10.1080/1478422x.2020.1789371,0.04032258064516129,0.0,0.024193548387096774,0.008064516129032258,0.2555319277057235,0.0,0.0,0.0,0.0,5.370967741935484
https://doi.org/10.1080/1478422x.2020.1721945,0.023076923076923078,0.6666666666666666,0.0,0.007692307692307693,0.18779316331898002,0.0,0.0,0.0,0.0,5.707692307692308
https://doi.org/10.1080/1478422x.2020.1735715,0.03389830508474576,0.0,0.0,0.0,0.19620062547102077,0.0,0.0,0.0,0.0,5.711864406779661
https://doi.org/10.1080/1478422x.2020.1747759,0.0070921985815602835,0.25,0.0,0.0,0.5158812792600945,0.0,0.5,0.0,0.0,5.609929078014185
https://doi.org/10.1080/1478422x.2020.1850401,0.013422818791946308,0.5,0.053691275167785234,0.0,0.296291812814015,0.0,0.16666666666666666,0.0,0.16666666666666666,5.7114093959731544
https://doi.org/10.1080/1478422x.2020.1734739,0.029850746268656716,0.25,0.0,0.007462686567164179,0.21160368475757949,0.0,0.5,0.0,0.25,5.544776119402985
https://doi.org/10.1080/1478422x.2020.1862447,0.023622047244094488,0.2,0.0,0.007874015748031496,0.2931418971493904,0.0,0.2,0.0,0.0,5.417322834645669
https://doi.org/10.1080/1478422x.2020.1774106,0.04040404040404041,0.16666666666666666,0.0,0.010101010101010102,0.5103759635014052,0.0,0.0,0.0,0.16666666666666666,5.575757575757576
https://doi.org/10.1080/1478422x.2020.1836301,0.02158273381294964,0.5,0.07913669064748201,0.0,0.3815663483791688,0.0,0.16666666666666666,0.0,0.0,5.913669064748201
https://doi.org/10.1080/1478422x.2020.1734738,0.03816793893129771,0.8,0.04580152671755725,0.0,0.21779149034636805,0.0,0.0,0.0,0.2,5.099236641221374
https://doi.org/10.1080/1478422x.2020.1777022,0.020618556701030927,0.25,0.010309278350515464,0.0,0.2227853895358176,0.0,0.0,0.0,0.0,6.216494845360825
https://doi.org/10.1080/1478422x.2020.1742410,0.05442176870748299,0.8333333333333334,0.0,0.006802721088435374,0.23535842029940401,0.0,0.0,0.0,0.0,5.442176870748299
https://doi.org/10.1080/1478422x.2020.1785650,0.051094890510948905,0.6,0.0364963503649635,0.0072992700729927005,0.20850885922752846,0.0,0.0,0.0,0.2,5.525547445255475
https://doi.org/10.1080/1478422x.2020.1734737,0.03821656050955414,0.0,0.03821656050955414,0.006369426751592357,0.3427674916451901,0.0,0.14285714285714285,0.0,0.2857142857142857,5.3949044585987265
https://doi.org/10.1080/1478422x.2020.1815460,0.013605442176870748,0.25,0.04081632653061224,0.0,0.11281036701889116,0.0,0.5,0.0,0.0,5.496598639455782
https://doi.org/10.1080/1478422x.2020.1742997,0.03389830508474576,0.0,0.05084745762711865,0.0,0.275391132360541,0.0,0.0,0.0,0.2,6.161016949152542
https://doi.org/10.1080/1478422x.2020.1772535,0.006802721088435374,0.5,0.04081632653061224,0.02040816326530612,0.45067706326671797,0.0,0.16666666666666666,0.0,0.3333333333333333,5.428571428571429
https://doi.org/10.1080/1478422x.2020.1767322,0.023076923076923078,0.2857142857142857,0.046153846153846156,0.007692307692307693,0.12825640000410052,0.0,0.0,0.0,0.14285714285714285,5.846153846153846
https://doi.org/10.1080/1478422x.2020.1713533,0.02127659574468085,0.6666666666666666,0.028368794326241134,0.0070921985815602835,0.07267340968765672,0.0,0.0,0.0,0.0,5.23404255319149
https://doi.org/10.1080/1478422x.2020.1732113,0.023622047244094488,0.16666666666666666,0.0,0.0,0.32665304744396123,0.0,0.0,0.0,0.0,5.3858267716535435
https://doi.org/10.1080/1478422x.2020.1762385,0.007462686567164179,0.3333333333333333,0.0,0.0,0.49366672861317096,0.0,0.16666666666666666,0.0,0.0,5.597014925373134
https://doi.org/10.1080/1478422x.2020.1862390,0.026490066225165563,0.6666666666666666,0.039735099337748346,0.0,0.2959457347219116,0.0,0.16666666666666666,0.0,0.0,5.410596026490066
https://doi.org/10.1080/1478422x.2020.1812818,0.056338028169014086,0.14285714285714285,0.06338028169014084,0.0,0.4453912197420252,0.0,0.0,0.0,0.0,5.683098591549296
https://doi.org/10.1080/1478422x.2020.1721808,0.021739130434782608,0.25,0.0,0.007246376811594203,0.43016875593205306,0.0,0.25,0.0,0.25,5.434782608695652
https://doi.org/10.1080/1478422x.2020.1740856,0.008264462809917356,0.2857142857142857,0.008264462809917356,0.0,0.31794023242431974,0.0,0.0,0.0,0.14285714285714285,5.917355371900826
https://doi.org/10.1080/1478422x.2020.1824441,0.014285714285714285,0.2857142857142857,0.0,0.0,0.5035587637718447,0.14285714285714285,0.14285714285714285,0.0,0.14285714285714285,6.2
https://doi.org/10.1080/1478422x.2020.1793468,0.026845637583892617,0.6,0.03355704697986577,0.006711409395973154,0.17031647705301367,0.0,0.2,0.0,0.0,5.563758389261745
https://doi.org/10.1080/1478422x.2020.1815950,0.026143790849673203,0.4444444444444444,0.05228758169934641,0.0,0.2921502828578694,0.0,0.0,0.0,0.0,5.045751633986928
https://doi.org/10.1080/1478422x.2020.1820157,0.02040816326530612,0.2857142857142857,0.0,0.013605442176870748,0.3608649580918325,0.0,0.0,0.0,0.14285714285714285,5.006802721088436
https://doi.org/10.1080/1478422x.2020.1750161,0.013422818791946308,0.0,0.0,0.013422818791946308,0.3224970141405091,0.0,0.16666666666666666,0.0,0.0,5.322147651006712
https://doi.org/10.1080/1478422x.2020.1807087,0.0,0.6666666666666666,0.0064516129032258064,0.0064516129032258064,0.5122840653188468,0.0,0.3333333333333333,0.0,0.0,5.670967741935484
https://doi.org/10.1080/1478422x.2020.1765088,0.061224489795918366,0.5,0.01020408163265306,0.0,0.45221468992163955,0.0,0.25,0.0,0.0,5.857142857142857
https://doi.org/10.1080/1478422x.2020.1827746,0.0136986301369863,0.8333333333333334,0.0,0.0136986301369863,0.28040396562272224,0.0,0.0,0.0,0.16666666666666666,5.089041095890411
https://doi.org/10.1080/1478422x.2020.1859708,0.03076923076923077,0.6,0.0,0.0,0.38844249762931066,0.0,0.2,0.0,0.0,5.846153846153846
https://doi.org/10.1080/1478422x.2019.1710660,0.018404907975460124,0.0,0.0,0.0,0.4491953989689688,0.1,0.0,0.0,0.0,5.895705521472393
https://doi.org/10.1080/1478422x.2019.1710665,0.014705882352941176,0.6666666666666666,0.029411764705882353,0.007352941176470588,0.40246859362952964,0.0,0.16666666666666666,0.0,0.16666666666666666,4.5
https://doi.org/10.1080/1478422x.2020.1721806,0.013422818791946308,0.5,0.020134228187919462,0.006711409395973154,0.4799948200252006,0.0,0.25,0.0,0.25,5.906040268456376
https://doi.org/10.1080/1478422x.2020.1770414,0.02040816326530612,0.2857142857142857,0.013605442176870748,0.006802721088435374,0.39922178914615536,0.0,0.0,0.0,0.0,5.591836734693878
https://doi.org/10.1080/1478422x.2019.1710663,0.027777777777777776,0.2857142857142857,0.0,0.0,0.39820197741198465,0.0,0.14285714285714285,0.0,0.14285714285714285,5.722222222222222
https://doi.org/10.1080/1478422x.2020.1721807,0.028846153846153848,0.6,0.07692307692307693,0.0,0.24962990357206094,0.0,0.0,0.0,0.0,5.903846153846154
https://doi.org/10.1080/1478422x.2020.1860730,0.034482758620689655,0.5714285714285714,0.013793103448275862,0.006896551724137931,0.2332625451763829,0.0,0.0,0.0,0.14285714285714285,5.772413793103448
https://doi.org/10.1080/1478422x.2020.1732122,0.02,0.5,0.02666666666666667,0.006666666666666667,0.3354598833442433,0.0,0.16666666666666666,0.0,0.16666666666666666,5.8133333333333335
https://doi.org/10.1080/1478422x.2020.1826138,0.007042253521126761,0.0,0.18309859154929578,0.007042253521126761,0.16605388905002247,0.0,0.0,0.0,0.125,6.640845070422535
https://doi.org/10.1080/1478422x.2020.1741869,0.027777777777777776,0.7142857142857143,0.027777777777777776,0.006944444444444444,0.32334574241174485,0.0,0.0,0.0,0.0,5.388888888888889
https://doi.org/10.1080/1478422x.2020.1774961,0.01680672268907563,0.0,0.03361344537815126,0.0,0.28546702103299204,0.0,0.0,0.0,0.0,6.73109243697479
https://doi.org/10.1080/1478422x.2020.1824442,0.0,0.0,0.0,0.0,0.22838522855266521,0.0,0.0,0.0,0.0,5.308724832214765
https://doi.org/10.1080/1478422x.2020.1745407,0.0,0.8,0.07482993197278912,0.0,0.1781741612749496,0.0,0.2,0.0,0.0,5.619047619047619
https://doi.org/10.1080/1478422x.2020.1763685,0.03205128205128205,0.5,0.02564102564102564,0.00641025641025641,0.3746574152872425,0.0,0.5,0.0,0.5,5.878205128205129
https://doi.org/10.1080/1478422x.2020.1850070,0.013245033112582781,0.16666666666666666,0.06622516556291391,0.0,0.43310448176801203,0.0,0.16666666666666666,0.0,0.0,5.7947019867549665
https://doi.org/10.1080/1478422x.2020.1849995,0.024,0.75,0.0,0.0,0.2387969849055888,0.0,0.25,0.0,0.0,5.936
https://doi.org/10.1080/1478422x.2020.1836879,0.0091324200913242,0.14285714285714285,0.0136986301369863,0.0045662100456621,0.8475210590534514,0.0,0.2857142857142857,0.0,0.14285714285714285,6.7214611872146115
https://doi.org/10.1080/1478422x.2020.1844408,0.03787878787878788,0.6,0.08333333333333333,0.0,0.3661529082907446,0.0,0.2,0.0,0.0,5.371212121212121
https://doi.org/10.1080/1478422x.2020.1733310,0.04854368932038835,1.0,0.02912621359223301,0.0,0.2815533980582524,0.0,1.0,0.0,0.0,6.067961165048544
https://doi.org/10.1080/1478422x.2020.1739191,0.019867549668874173,0.6666666666666666,0.006622516556291391,0.0,0.22642809267918884,0.0,0.0,0.0,0.16666666666666666,6.264900662251655
https://doi.org/10.1080/1478422x.2020.1798677,0.02702702702702703,0.6,0.13513513513513514,0.0,0.42485859901086837,0.0,0.2,0.0,0.2,5.756756756756757
https://doi.org/10.1080/1478422x.2020.1785651,0.02857142857142857,0.4,0.0,0.0,0.12975644374703535,0.0,0.0,0.0,0.0,5.828571428571428
https://doi.org/10.1080/1478422x.2020.1843226,0.040268456375838924,0.2,0.053691275167785234,0.0,0.19954454694387255,0.0,0.4,0.0,0.0,5.375838926174497
https://doi.org/10.1080/1478422x.2020.1742408,0.02702702702702703,0.4,0.0,0.006756756756756757,0.3202160975965618,0.0,0.4,0.0,0.2,6.094594594594595
https://doi.org/10.1080/1478422x.2020.1713534,0.02962962962962963,0.5,0.05925925925925926,0.007407407407407408,0.43678586630535016,0.0,0.16666666666666666,0.0,0.0,5.718518518518518
https://doi.org/10.1080/1478422x.2019.1710662,0.013333333333333334,0.6666666666666666,0.03333333333333333,0.0,0.5828664798505172,0.0,0.16666666666666666,0.0,0.0,6.14
https://doi.org/10.1080/1478422x.2020.1742409,0.02564102564102564,0.75,0.0,0.01282051282051282,0.23076923076923078,0.0,0.0,0.0,0.25,5.551282051282051
https://doi.org/10.1080/1478422x.2020.1741867,0.006711409395973154,0.375,0.020134228187919462,0.0,0.6938117272364114,0.0,0.125,0.0,0.0,5.12751677852349
https://doi.org/10.1080/1478422x.2020.1745356,0.020134228187919462,0.7142857142857143,0.03355704697986577,0.0,0.2066416687025591,0.0,0.0,0.0,0.0,5.885906040268456
https://doi.org/10.1080/1478422x.2020.1721944,0.0,0.75,0.0,0.0,0.32799965586939406,0.125,0.0,0.0,0.0,5.396825396825397
https://doi.org/10.1080/1478422x.2020.1747722,0.020202020202020204,0.5,0.030303030303030304,0.0,0.29292929292929293,0.0,0.5,0.0,0.0,6.08080808080808
https://doi.org/10.1080/1478422x.2020.1759725,0.0625,0.5,0.0,0.0,0.4375,0.0,0.0,0.0,0.0,5.15625
https://doi.org/10.1080/1478422x.2020.1762349,0.038834951456310676,0.5,0.038834951456310676,0.0,0.2815533980582524,0.0,1.0,0.0,0.0,5.941747572815534
https://doi.org/10.1080/1478422x.2020.1788772,0.05405405405405406,0.125,0.0,0.006756756756756757,0.371560191482906,0.0,0.0,0.0,0.25,5.22972972972973
https://doi.org/10.1016/j.corsci.2020.108641,0.010752688172043012,0.0,0.07526881720430108,0.0,0.2897245932324189,0.0,0.0,0.0,0.0,5.860215053763441
https://doi.org/10.1016/j.corsci.2020.108722,0.02,0.0,0.0,0.0,0.32341923257592453,0.14285714285714285,0.0,0.0,0.14285714285714285,6.38
https://doi.org/10.1016/j.corsci.2020.108697,0.07,0.25,0.07,0.0,0.3286335345030997,0.0,0.25,0.0,0.0,5.84
https://doi.org/10.1016/j.corsci.2020.108856,0.014814814814814815,0.25,0.014814814814814815,0.007407407407407408,0.14721931047667994,0.0,0.5,0.0,0.0,6.177777777777778
https://doi.org/10.1016/j.corsci.2020.108947,0.02727272727272727,0.25,0.00909090909090909,0.0,0.15954480704349314,0.0,0.0,0.0,0.0,6.654545454545454
https://doi.org/10.1016/j.corsci.2020.109189,0.05102040816326531,0.3333333333333333,0.05102040816326531,0.02040816326530612,0.038180177416060626,0.0,0.0,0.0,0.0,6.030612244897959
https://doi.org/10.1016/j.corsci.2020.108912,0.02127659574468085,0.0,0.014184397163120567,0.0,0.3613543036271489,0.0,0.0,0.0,0.0,7.113475177304965
https://doi.org/10.1016/j.corsci.2020.108506,0.043478260869565216,0.2,0.0,0.0,0.3161530341793258,0.0,0.0,0.0,0.0,5.489130434782608
https://doi.org/10.1016/j.corsci.2020.108585,0.04081632653061224,0.16666666666666666,0.05102040816326531,0.01020408163265306,0.36335701662785425,0.16666666666666666,0.0,0.0,0.0,6.173469387755102
https://doi.org/10.1016/j.corsci.2020.108488,0.009900990099009901,0.5,0.0,0.009900990099009901,0.29686464060524653,0.0,0.0,0.0,0.25,5.732673267326732
https://doi.org/10.1016/j.corsci.2020.108658,0.019801980198019802,0.42857142857142855,0.039603960396039604,0.0,0.1883791840637668,0.0,0.0,0.0,0.14285714285714285,6.584158415841584
https://doi.org/10.1016/j.corsci.2020.109156,0.019801980198019802,0.2,0.039603960396039604,0.0,0.5224121171593236,0.2,0.0,0.0,0.0,5.821782178217822
https://doi.org/10.1016/j.corsci.2020.108701,0.02459016393442623,0.625,0.020491803278688523,0.0,0.2987027402998131,0.0,0.375,0.0,0.0,5.340163934426229
https://doi.org/10.1016/j.corsci.2020.109083,0.01775147928994083,0.42857142857142855,0.023668639053254437,0.0,0.35797593993501003,0.0,0.14285714285714285,0.0,0.14285714285714285,5.479289940828402
https://doi.org/10.1016/j.corsci.2020.109112,0.05263157894736842,0.5,0.010526315789473684,0.021052631578947368,0.1745591994923895,0.0,0.0,0.0,0.25,4.989473684210527
https://doi.org/10.1016/j.corsci.2020.108477,0.030612244897959183,0.25,0.02040816326530612,0.0,0.2605539864245654,0.0,0.0,0.0,0.0,6.408163265306122
https://doi.org/10.1016/j.corsci.2020.109053,0.030612244897959183,0.5,0.09183673469387756,0.01020408163265306,0.2790774353301499,0.0,0.0,0.0,0.25,5.73469387755102
https://doi.org/10.1016/j.corsci.2020.108640,0.039603960396039604,1.0,0.019801980198019802,0.0,0.3209814866821253,0.0,0.25,0.0,0.0,5.366336633663367
https://doi.org/10.1016/j.corsci.2020.108780,0.023952095808383235,0.0,0.0718562874251497,0.005988023952095809,0.33746114499653584,0.0,0.4,0.0,0.2,6.706586826347305
https://doi.org/10.1016/j.corsci.2020.108859,0.02,0.5,0.0,0.0,0.1854723699099141,0.0,0.0,0.0,0.0,5.39
https://doi.org/10.1016/j.corsci.2020.109060,0.058823529411764705,0.25,0.0,0.0,0.2549019607843137,0.0,0.0,0.0,0.0,5.892156862745098
https://doi.org/10.1016/j.corsci.2020.109179,0.030303030303030304,0.2,0.1111111111111111,0.0,0.49628761602174737,0.2,0.0,0.0,0.2,6.898989898989899
https://doi.org/10.1016/j.corsci.2020.109228,0.03,0.3333333333333333,0.07,0.0,0.35099857549568486,0.16666666666666666,0.0,0.0,0.0,6.6
https://doi.org/10.1016/j.corsci.2020.108961,0.03,0.0,0.0,0.01,0.5263078946776307,0.0,0.2,0.0,0.2,6.16
https://doi.org/10.1016/j.corsci.2019.108414,0.061855670103092786,0.0,0.061855670103092786,0.0,0.36492515506036816,0.0,0.0,0.0,0.0,6.381443298969073
https://doi.org/10.1016/j.corsci.2020.108841,0.04950495049504951,0.6666666666666666,0.0,0.0,0.469540819856609,0.16666666666666666,0.0,0.0,0.0,5.069306930693069
https://doi.org/10.1016/j.corsci.2020.109042,0.04854368932038835,0.6666666666666666,0.0,0.009708737864077669,0.47731062342842145,0.0,0.0,0.0,0.16666666666666666,5.504854368932039
https://doi.org/10.1016/j.corsci.2020.108850,0.06451612903225806,0.6,0.010752688172043012,0.0,0.3164287950443475,0.0,0.0,0.0,0.0,5.89247311827957
https://doi.org/10.1016/j.corsci.2020.108849,0.0297029702970297,0.3333333333333333,0.039603960396039604,0.0,0.15872494595922176,0.0,0.0,0.0,0.0,5.584158415841584
https://doi.org/10.1016/j.corsci.2020.108956,0.0,0.75,0.01,0.0,0.5506359959174482,0.0,0.5,0.0,0.0,4.73
https://doi.org/10.1016/j.corsci.2020.108855,0.08080808080808081,0.25,0.10101010101010101,0.0,0.4124132457089617,0.0,0.25,0.0,0.0,5.838383838383838
https://doi.org/10.1016/j.corsci.2020.108584,0.038461538461538464,0.3333333333333333,0.019230769230769232,0.009615384615384616,0.35433703409015926,0.0,0.3333333333333333,0.0,0.3333333333333333,5.144230769230769
https://doi.org/10.1016/j.corsci.2020.109155,0.04950495049504951,0.6666666666666666,0.0,0.009900990099009901,0.18363600981179612,0.0,0.6666666666666666,0.0,0.3333333333333333,4.910891089108911
https://doi.org/10.1016/j.corsci.2020.108588,0.025,0.3333333333333333,0.0,0.0,0.2675116819879087,0.0,0.0,0.0,0.0,6.0125
https://doi.org/10.1016/j.corsci.2020.109153,0.02040816326530612,0.3333333333333333,0.02040816326530612,0.0,0.3384311010566735,0.0,0.0,0.0,0.0,5.836734693877551
https://doi.org/10.1016/j.corsci.2020.109134,0.03,0.4,0.0,0.0,0.3178049716414141,0.0,0.0,0.0,0.0,6.25
https://doi.org/10.1016/j.corsci.2020.109021,0.02127659574468085,0.0,0.0,0.010638297872340425,0.18548506142726268,0.0,0.0,0.0,0.2,6.138297872340425
https://doi.org/10.1016/j.corsci.2020.108566,0.03,0.6,0.05,0.0,0.3674234614174767,0.0,0.0,0.0,0.0,5.22
https://doi.org/10.1016/j.corsci.2020.108834,0.02,0.4,0.07,0.0,0.21908902300206642,0.0,0.0,0.0,0.0,5.64
https://doi.org/10.1016/j.corsci.2020.108899,0.02,0.25,0.0,0.0,0.12328828005937952,0.0,0.0,0.0,0.0,5.92
https://doi.org/10.1016/j.corsci.2020.108822,0.0,0.6,0.0,0.0,0.30537811025921163,0.0,0.0,0.0,0.0,5.838383838383838
https://doi.org/10.1016/j.corsci.2020.108809,0.04040404040404041,0.6,0.04040404040404041,0.0,0.45330920550135106,0.0,0.2,0.0,0.0,5.363636363636363
https://doi.org/10.1016/j.corsci.2020.108514,0.05,0.75,0.0,0.0,0.6066300355241241,0.25,0.5,0.0,0.0,6.51
https://doi.org/10.1016/j.corsci.2020.108634,0.021052631578947368,0.6,0.010526315789473684,0.0,0.21052631578947367,0.0,0.0,0.0,0.0,5.7894736842105265
https://doi.org/10.1016/j.corsci.2020.108699,0.05504587155963303,0.5,0.01834862385321101,0.0,0.20493860462099703,0.0,0.0,0.0,0.0,5.926605504587156
https://doi.org/10.3390/cmd1010010,0.019138755980861243,0.0,0.0,0.0,0.48455459908792964,0.1111111111111111,0.2222222222222222,0.0,0.1111111111111111,5.684210526315789
https://doi.org/10.3390/cmd1010007,0.023809523809523808,0.0,0.0,0.0,0.32471861183299655,0.0,0.0,0.0,0.0,6.440476190476191
https://doi.org/10.3390/cmd2010001,0.010582010582010581,0.0,0.05291005291005291,0.005291005291005291,0.42736128055679723,0.0,0.14285714285714285,0.0,0.0,5.761904761904762
https://doi.org/10.3390/cmd1030017,0.014492753623188406,0.0,0.057971014492753624,0.0,0.058869843511854786,0.0,0.0,0.0,0.0,6.543478260869565
https://doi.org/10.3390/cmd1030015,0.0213903743315508,0.14285714285714285,0.03208556149732621,0.0,0.3538313195652036,0.0,0.14285714285714285,0.0,0.14285714285714285,5.898395721925134
https://doi.org/10.3390/cmd1030019,0.0125,0.0,0.0,0.0,0.4743416490252569,0.0,0.125,0.0,0.0,6.44375
https://doi.org/10.3390/cmd1020007,0.023809523809523808,0.0,0.0,0.0,0.32471861183299655,0.0,0.0,0.0,0.0,6.440476190476191
https://doi.org/10.3390/cmd1020011,0.012578616352201259,0.0,0.0,0.006289308176100629,0.20982172726556325,0.0,0.0,0.0,0.0,6.113207547169812
https://doi.org/10.3390/cmd1010009,0.033707865168539325,0.1111111111111111,0.02247191011235955,0.011235955056179775,0.17150941036487355,0.0,0.0,0.0,0.0,6.033707865168539
https://doi.org/10.3390/cmd1020014,0.006493506493506494,0.4,0.0,0.012987012987012988,0.55343573383539,0.0,0.4,0.0,0.2,5.6688311688311686
https://doi.org/10.3390/cmd1010006,0.06741573033707865,0.0,0.0,0.011235955056179775,0.37836984810073565,0.2,0.0,0.0,0.2,5.955056179775281
https://doi.org/10.3390/cmd1020013,0.025906735751295335,0.0,0.0,0.0,0.4408410004436432,0.0,0.125,0.0,0.125,5.362694300518135
https://doi.org/10.3390/cmd1020012,0.03571428571428571,0.6666666666666666,0.014285714285714285,0.0,0.282842712474619,0.0,0.16666666666666666,0.0,0.0,5.392857142857143
https://doi.org/10.3390/cmd1030016,0.014760147601476014,0.1,0.014760147601476014,0.0036900369003690036,0.6675704081671328,0.0,0.3,0.0,0.1,6.22140221402214
https://doi.org/10.3390/cmd1010008,0.01020408163265306,0.3333333333333333,0.01020408163265306,0.01020408163265306,0.43171828165930975,0.1111111111111111,0.0,0.0,0.1111111111111111,5.551020408163265
https://doi.org/10.3390/cmd1030018,0.013071895424836602,0.0,0.016339869281045753,0.0032679738562091504,0.34763623913652814,0.0,0.16666666666666666,0.0,0.08333333333333333,5.65359477124183
https://doi.org/10.1002/maco.202011722,0.02040816326530612,0.8333333333333334,0.0,0.0,0.17436742337382716,0.0,0.0,0.0,0.0,5.35374149659864
https://doi.org/10.1002/maco.202011676,0.024844720496894408,0.5,0.0,0.006211180124223602,0.3796956947969671,0.0,0.3333333333333333,0.0,0.16666666666666666,5.204968944099379
https://doi.org/10.1002/maco.201911347,0.006493506493506494,0.5,0.012987012987012988,0.006493506493506494,0.5457636724532648,0.0,0.3333333333333333,0.0,0.0,6.162337662337662
https://doi.org/10.1002/maco.201911487,0.05511811023622047,0.4,0.0,0.007874015748031496,0.3706646392421991,0.0,0.2,0.0,0.0,5.417322834645669
https://doi.org/10.1002/maco.202011650,0.01098901098901099,0.5454545454545454,0.02197802197802198,0.01098901098901099,0.3283857757688777,0.0,0.0,0.0,0.0,5.521978021978022
https://doi.org/10.1002/maco.202011763,0.00819672131147541,0.6666666666666666,0.02459016393442623,0.0,0.2542305314634561,0.0,0.6666666666666666,0.0,0.0,5.663934426229508
https://doi.org/10.1002/maco.202011807,0.023952095808383235,0.2857142857142857,0.0,0.0,0.21772046661913583,0.0,0.0,0.0,0.0,5.724550898203593
https://doi.org/10.1002/maco.201911433,0.04090909090909091,0.36363636363636365,0.0,0.004545454545454545,0.45676729703029706,0.0,0.09090909090909091,0.0,0.0,5.6454545454545455
https://doi.org/10.1002/maco.202011775,0.0078125,0.5,0.0703125,0.0,0.40564859330459907,0.0,0.5,0.0,0.0,6.75
https://doi.org/10.1002/maco.202011695,0.023255813953488372,0.3,0.013953488372093023,0.0,0.2753629788951755,0.0,0.0,0.0,0.0,5.67906976744186
https://doi.org/10.1002/maco.202011799,0.023809523809523808,0.42857142857142855,0.047619047619047616,0.005952380952380952,0.4021272798584414,0.0,0.14285714285714285,0.0,0.0,6.136904761904762
https://doi.org/10.1002/maco.202011709,0.01775147928994083,0.3333333333333333,0.01775147928994083,0.005917159763313609,0.3158344649723673,0.0,0.16666666666666666,0.0,0.0,5.615384615384615
https://doi.org/10.1002/maco.202011839,0.015,0.6,0.055,0.005,0.27386127875258304,0.0,0.0,0.0,0.0,5.645
https://doi.org/10.1002/maco.202011963,0.008695652173913044,0.2,0.034782608695652174,0.0,0.44082754280475045,0.0,0.2,0.0,0.0,5.3478260869565215
https://doi.org/10.1002/maco.202011587,0.01652892561983471,0.5,0.01652892561983471,0.008264462809917356,0.4058011139567246,0.0,0.25,0.0,0.0,5.12396694214876
https://doi.org/10.1002/maco.202012111,0.019801980198019802,0.6666666666666666,0.04455445544554455,0.009900990099009901,0.34752334207493557,0.0,0.5,0.0,0.16666666666666666,5.391089108910891
https://doi.org/10.1002/maco.202011557,0.027777777777777776,0.2857142857142857,0.07222222222222222,0.0,0.3808697000222802,0.0,0.14285714285714285,0.0,0.2857142857142857,5.644444444444445
https://doi.org/10.1002/maco.202011710,0.021739130434782608,0.2,0.010869565217391304,0.005434782608695652,0.5090740881454998,0.0,0.4,0.0,0.0,5.429347826086956
https://doi.org/10.1002/maco.202011597,0.03398058252427184,0.2222222222222222,0.014563106796116505,0.0,0.3816781337155977,0.0,0.1111111111111111,0.0,0.0,5.995145631067961
https://doi.org/10.1002/maco.202011805,0.006578947368421052,0.5,0.02631578947368421,0.006578947368421052,0.09579091959579629,0.0,0.0,0.0,0.16666666666666666,5.730263157894737
https://doi.org/10.1002/maco.202011977,0.02702702702702703,0.0,0.0,0.0,0.1552584499064332,0.0,0.0,0.0,0.0,5.905405405405405
https://doi.org/10.1002/maco.201911449,0.011235955056179775,0.75,0.0,0.0,0.29706301272814123,0.0,0.0,0.0,0.0,5.533707865168539
https://doi.org/10.1002/maco.202011707,0.022727272727272728,0.0,0.022727272727272728,0.0,0.24714276330604032,0.0,0.16666666666666666,0.0,0.16666666666666666,5.761363636363637
https://doi.org/10.1002/maco.201911467,0.027472527472527472,0.2222222222222222,0.0,0.01098901098901099,0.33439833087259213,0.0,0.0,0.0,0.2222222222222222,5.5989010989010985
https://doi.org/10.1002/maco.202011883,0.033112582781456956,0.3333333333333333,0.026490066225165563,0.0,0.3113287224779644,0.1111111111111111,0.0,0.0,0.0,5.178807947019868
https://doi.org/10.1002/maco.202011978,0.025,0.0,0.016666666666666666,0.008333333333333333,0.30934518655450977,0.0,0.0,0.0,0.14285714285714285,5.733333333333333
https://doi.org/10.1002/maco.202011778,0.03529411764705882,0.3333333333333333,0.011764705882352941,0.0058823529411764705,0.4694102904296471,0.0,0.5,0.0,0.0,5.729411764705882
https://doi.org/10.1002/maco.202011715,0.0392156862745098,0.3,0.04411764705882353,0.004901960784313725,0.2332426912425553,0.0,0.0,0.0,0.1,5.7745098039215685
https://doi.org/10.1002/maco.201911407,0.017699115044247787,0.25,0.04424778761061947,0.0,0.34716894240589435,0.0,0.25,0.0,0.0,5.778761061946903
https://doi.org/10.1002/maco.201911322,0.00847457627118644,0.3333333333333333,0.0,0.01694915254237288,0.28411956973288494,0.0,0.0,0.0,0.0,5.47457627118644
https://doi.org/10.1002/maco.202011542,0.04285714285714286,0.6666666666666666,0.0,0.014285714285714285,0.3925323332581168,0.0,0.16666666666666666,0.0,0.0,5.685714285714286
https://doi.org/10.1002/maco.202011533,0.023076923076923078,0.8,0.05384615384615385,0.015384615384615385,0.5032439148860346,0.0,0.2,0.0,0.0,5.492307692307692
https://doi.org/10.1002/maco.202011699,0.05092592592592592,0.8571428571428571,0.0,0.004629629629629629,0.35980294866158236,0.0,0.2857142857142857,0.0,0.0,5.430555555555555
https://doi.org/10.1002/maco.201911462,0.01098901098901099,0.5,0.1043956043956044,0.005494505494505495,0.22893040281318308,0.0,0.16666666666666666,0.0,0.0,5.461538461538462
https://doi.org/10.1002/maco.201911464,0.02054794520547945,0.5,0.06164383561643835,0.0,0.29220176722878827,0.0,0.16666666666666666,0.0,0.0,5.9520547945205475
https://doi.org/10.1002/maco.202011682,0.04597701149425287,0.1,0.022988505747126436,0.0,0.4340507491609013,0.0,0.0,0.0,0.0,5.810344827586207
https://doi.org/10.1002/maco.202011674,0.01098901098901099,0.625,0.02197802197802198,0.005494505494505495,0.2795186229005913,0.0,0.0,0.0,0.0,5.5
https://doi.org/10.1002/maco.201911390,0.01282051282051282,0.4166666666666667,0.004273504273504274,0.008547008547008548,0.34623297607742043,0.0,0.08333333333333333,0.0,0.0,5.17948717948718
https://doi.org/10.1002/maco.202070086,0.0,0.0,0.02,0.0,0.3644173431657719,0.0,0.0,0.0,0.0,6.54
https://doi.org/10.1002/maco.202011505,0.0379746835443038,0.8,0.0,0.012658227848101266,0.4413469838769968,0.0,0.1,0.0,0.1,5.506329113924051
https://doi.org/10.1002/maco.202011830,0.02,0.7142857142857143,0.0,0.02,0.31538336460039657,0.0,0.0,0.0,0.0,5.033333333333333
https://doi.org/10.1002/maco.202012169,0.03787878787878788,0.0,0.022727272727272728,0.0,0.28386354538174535,0.0,0.0,0.0,0.0,7.090909090909091
https://doi.org/10.1002/maco.202012134,0.00546448087431694,0.0,0.01639344262295082,0.0,0.3028722723617709,0.0,0.14285714285714285,0.0,0.0,5.699453551912568
https://doi.org/10.1002/maco.202011659,0.011111111111111112,0.4,0.011111111111111112,0.005555555555555556,0.2551929795079078,0.0,0.6,0.0,0.0,5.033333333333333
https://doi.org/10.1002/maco.202011770,0.013986013986013986,0.0,0.03496503496503497,0.0,0.1476833012723278,0.0,0.2,0.0,0.0,5.713286713286713
https://doi.org/10.1002/maco.202011666,0.03468208092485549,0.5,0.03468208092485549,0.0,0.32621852160745574,0.0,0.16666666666666666,0.0,0.0,5.8497109826589595
https://doi.org/10.1002/maco.201911469,0.011494252873563218,0.6666666666666666,0.0,0.005747126436781609,0.10721125348377948,0.0,0.0,0.0,0.0,5.160919540229885
https://doi.org/10.1002/maco.201911472,0.03424657534246575,0.2857142857142857,0.0,0.00684931506849315,0.4686653532755069,0.14285714285714285,0.14285714285714285,0.0,0.14285714285714285,5.97945205479452
https://doi.org/10.1002/maco.202011516,0.04819277108433735,0.8,0.04819277108433735,0.006024096385542169,0.09409939368562233,0.0,0.2,0.0,0.0,5.216867469879518
https://doi.org/10.1002/maco.202011875,0.03076923076923077,0.375,0.015384615384615385,0.0,0.32944477428408253,0.0,0.125,0.0,0.0,5.312820512820513
https://doi.org/10.1002/maco.202011785,0.018604651162790697,0.2857142857142857,0.004651162790697674,0.0,0.5208471694574667,0.0,0.2857142857142857,0.0,0.14285714285714285,5.5488372093023255
https://doi.org/10.1002/maco.202011541,0.019417475728155338,0.6,0.0048543689320388345,0.0,0.4340251057719827,0.0,0.8,0.0,0.0,5.548543689320389
https://doi.org/10.1002/maco.202011784,0.0335195530726257,0.25,0.0,0.0,0.4280583855752072,0.125,0.125,0.0,0.0,5.675977653631285
https://doi.org/10.1002/maco.202011847,0.029197080291970802,0.6,0.021897810218978103,0.0072992700729927005,0.20722729294275025,0.0,0.0,0.0,0.0,5.372262773722627
https://doi.org/10.1002/maco.201911221,0.019417475728155338,0.42857142857142855,0.0,0.0,0.16026770892445805,0.0,0.14285714285714285,0.0,0.14285714285714285,5.179611650485437
https://doi.org/10.1002/maco.202011894,0.013333333333333334,0.2,0.02,0.0,0.3011090610836324,0.0,0.2,0.0,0.0,5.933333333333334
https://doi.org/10.1002/maco.202012064,0.041666666666666664,0.4,0.0,0.005952380952380952,0.2585006041739103,0.0,0.6,0.0,0.0,5.5773809523809526
https://doi.org/10.1002/maco.201911398,0.047619047619047616,0.0,0.0,0.0,0.3056534578263088,0.0,0.0,0.0,0.0,6.6571428571428575
https://doi.org/10.1002/maco.201911425,0.041237113402061855,0.75,0.0,0.0,0.3634660322433855,0.0,0.125,0.0,0.125,5.144329896907217
https://doi.org/10.1002/maco.202011588,0.03608247422680412,0.6666666666666666,0.05670103092783505,0.005154639175257732,0.28718326344709516,0.0,0.16666666666666666,0.0,0.0,5.850515463917525
https://doi.org/10.1002/maco.202011686,0.0213903743315508,0.5,0.0,0.0053475935828877,0.390886778151326,0.0,0.125,0.0,0.0,5.181818181818182
https://doi.org/10.1002/maco.202011780,0.011494252873563218,0.2857142857142857,0.0,0.0,0.21763328998576426,0.0,0.0,0.0,0.0,5.747126436781609
https://doi.org/10.1002/maco.202012198,0.017543859649122806,0.6666666666666666,0.0,0.0,0.3947693293973724,0.0,0.16666666666666666,0.0,0.0,5.783625730994152
https://doi.org/10.1002/maco.202011598,0.015625,1.0,0.0390625,0.0078125,0.14740595518838442,0.0,0.0,0.0,0.2,5.890625
https://doi.org/10.1002/maco.202011798,0.0223463687150838,0.5,0.0,0.0,0.4808040766853984,0.0,0.125,0.0,0.0,5.391061452513966
https://doi.org/10.1002/maco.202012139,0.01680672268907563,0.8,0.06722689075630252,0.0,0.3743034865768082,0.0,0.2,0.0,0.0,4.4033613445378155
https://doi.org/10.1002/maco.202012123,0.027472527472527472,0.5,0.0,0.005494505494505495,0.33276931713685104,0.0,0.3333333333333333,0.0,0.0,5.362637362637362
https://doi.org/10.1002/maco.202011667,0.017241379310344827,1.0,0.0,0.0,0.5014841231809996,0.0,0.25,0.0,0.0,4.543103448275862
https://doi.org/10.1002/maco.202011696,0.031496062992125984,0.5,0.0,0.0,0.26480585387086986,0.0,0.25,0.0,0.0,5.6141732283464565
https://doi.org/10.1002/maco.202011779,0.011494252873563218,0.25,0.022988505747126436,0.0,0.2598311392059153,0.0,0.0,0.0,0.0,5.752873563218391
https://doi.org/10.1002/maco.202012144,0.00641025641025641,0.0,0.0,0.01282051282051282,0.2149109565928232,0.0,0.0,0.0,0.2,6.698717948717949
https://doi.org/10.1002/maco.202012124,0.023952095808383235,0.3333333333333333,0.017964071856287425,0.005988023952095809,0.32162991621546794,0.0,0.16666666666666666,0.0,0.0,6.131736526946108
https://doi.org/10.1002/maco.202011507,0.024539877300613498,0.8571428571428571,0.0,0.006134969325153374,0.2511593802510273,0.0,0.0,0.0,0.14285714285714285,6.294478527607362
https://doi.org/10.1002/maco.202011687,0.011363636363636364,0.125,0.011363636363636364,0.005681818181818182,0.38769822975527224,0.0,0.125,0.0,0.0,5.7272727272727275
https://doi.org/10.1002/maco.202012130,0.031055900621118012,0.6666666666666666,0.037267080745341616,0.0,0.28252336436134556,0.0,0.16666666666666666,0.0,0.0,5.3105590062111805
https://doi.org/10.1002/maco.201911488,0.03409090909090909,0.42857142857142855,0.005681818181818182,0.005681818181818182,0.428063822769031,0.0,0.2857142857142857,0.0,0.0,5.505681818181818
https://doi.org/10.1002/maco.202011543,0.03125,0.4444444444444444,0.017857142857142856,0.0,0.337459842660076,0.0,0.1111111111111111,0.0,0.0,5.223214285714286
https://doi.org/10.1002/maco.202011565,0.024096385542168676,0.2857142857142857,0.012048192771084338,0.006024096385542169,0.38629444679232283,0.0,0.14285714285714285,0.0,0.14285714285714285,5.506024096385542
https://doi.org/10.1002/maco.201911373,0.015748031496062992,0.8,0.06299212598425197,0.007874015748031496,0.31159620373873037,0.0,0.0,0.0,0.0,5.149606299212598
https://doi.org/10.1002/maco.202011679,0.02185792349726776,0.6666666666666666,0.0546448087431694,0.00546448087431694,0.1625625659086723,0.0,0.16666666666666666,0.0,0.16666666666666666,5.672131147540983
https://doi.org/10.1002/maco.202011658,0.022222222222222223,0.4444444444444444,0.0,0.007407407407407408,0.40368671387966554,0.1111111111111111,0.0,0.0,0.1111111111111111,5.881481481481481
https://doi.org/10.1002/maco.202011783,0.01282051282051282,0.3333333333333333,0.0,0.004273504273504274,0.26336716133556587,0.0,0.0,0.0,0.1111111111111111,5.777777777777778
https://doi.org/10.1002/maco.202011948,0.02962962962962963,0.6,0.06666666666666667,0.0,0.2670778722565918,0.0,0.2,0.0,0.0,6.266666666666667
https://doi.org/10.1002/maco.202012020,0.0223463687150838,0.375,0.0335195530726257,0.0,0.2861186151352375,0.0,0.0,0.0,0.0,5.391061452513966
https://doi.org/10.1002/maco.202011500,0.011494252873563218,0.25,0.04597701149425287,0.005747126436781609,0.41871277241579274,0.0,0.125,0.0,0.0,6.011494252873563
https://doi.org/10.1002/maco.202011771,0.022556390977443608,0.3333333333333333,0.0,0.007518796992481203,0.441565319098527,0.0,0.16666666666666666,0.0,0.0,5.548872180451128
https://doi.org/10.1002/maco.202011826,0.061068702290076333,0.8,0.11450381679389313,0.0,0.27246669156602665,0.0,0.2,0.0,0.0,5.641221374045801
https://doi.org/10.1002/maco.202011725,0.03067484662576687,0.4,0.03680981595092025,0.006134969325153374,0.405372479427774,0.0,0.4,0.0,0.0,5.840490797546012
https://doi.org/10.1002/maco.202011855,0.005434782608695652,0.25,0.0,0.005434782608695652,0.41816052307981183,0.0,0.125,0.0,0.125,5.891304347826087
https://doi.org/10.1002/maco.202011985,0.029850746268656716,0.16666666666666666,0.0,0.0,0.28864297919124954,0.0,0.0,0.0,0.0,5.6940298507462686
https://doi.org/10.1002/maco.202011782,0.017361111111111112,0.3076923076923077,0.010416666666666666,0.0,0.33115608382128797,0.0,0.07692307692307693,0.0,0.0,5.75
https://doi.org/10.1002/maco.202011544,0.02564102564102564,0.0,0.0,0.008547008547008548,0.25166550195445225,0.0,0.25,0.0,0.25,6.3076923076923075
https://doi.org/10.1002/maco.202011584,0.057692307692307696,0.5,0.009615384615384616,0.019230769230769232,0.5195867725425498,0.0,0.5,0.0,0.0,6.0576923076923075
https://doi.org/10.1002/maco.202011887,0.03870967741935484,0.2857142857142857,0.05161290322580645,0.0064516129032258064,0.24311540234086157,0.0,0.0,0.0,0.0,5.896774193548387
https://doi.org/10.1002/maco.202012067,0.055944055944055944,0.6,0.02097902097902098,0.0,0.2045977459905985,0.0,0.2,0.0,0.0,5.734265734265734
https://doi.org/10.1002/maco.202011979,0.03296703296703297,1.0,0.03296703296703297,0.0,0.2607430883012016,0.0,0.0,0.0,0.25,5.637362637362638
https://doi.org/10.1002/maco.202012191,0.04918032786885246,0.4,0.02185792349726776,0.0,0.29558750461854694,0.0,0.6,0.0,0.0,5.890710382513661
https://doi.org/10.1002/maco.201911293,0.037383177570093455,0.0,0.04672897196261682,0.0,0.39826683649836486,0.0,0.0,0.0,0.0,6.08411214953271
https://doi.org/10.1002/maco.202011846,0.005128205128205128,0.125,0.0,0.005128205128205128,0.31105005505888716,0.0,0.125,0.0,0.0,5.030769230769231
https://doi.org/10.1002/maco.202011731,0.04032258064516129,0.5,0.0,0.0,0.09942603230595122,0.0,0.0,0.0,0.0,6.008064516129032
https://doi.org/10.1002/maco.202011736,0.015306122448979591,0.2,0.030612244897959183,0.00510204081632653,0.37506073366304293,0.0,0.0,0.0,0.0,6.392857142857143
https://doi.org/10.1002/maco.202011937,0.00684931506849315,0.0,0.0,0.0,0.3419173691602379,0.0,0.0,0.0,0.0,6.678082191780822
https://doi.org/10.1002/maco.201911427,0.017167381974248927,0.75,0.04291845493562232,0.004291845493562232,0.3186099133556646,0.0,0.25,0.0,0.125,4.313304721030043
https://doi.org/10.1002/maco.201911402,0.03731343283582089,0.0,0.0,0.007462686567164179,0.4878793769755568,0.2222222222222222,0.0,0.0,0.1111111111111111,5.865671641791045
https://doi.org/10.1002/maco.202011952,0.01764705882352941,0.3333333333333333,0.0,0.0058823529411764705,0.3788527573671675,0.0,0.16666666666666666,0.0,0.16666666666666666,5.682352941176471
https://doi.org/10.1002/maco.201911468,0.017857142857142856,0.0,0.0,0.0,0.1406072834644966,0.0,0.0,0.0,0.0,6.392857142857143
https://doi.org/10.1002/maco.202011872,0.0106951871657754,0.5714285714285714,0.0481283422459893,0.0053475935828877,0.3555244949432013,0.0,0.14285714285714285,0.0,0.2857142857142857,5.278074866310161
https://doi.org/10.1002/maco.202012136,0.015544041450777202,0.0,0.0,0.010362694300518135,0.35297868041971187,0.0,0.0,0.0,0.2,6.455958549222798
https://doi.org/10.1002/maco.202012046,0.01694915254237288,0.5,0.0,0.005649717514124294,0.3898305084745763,0.1,0.0,0.0,0.0,5.706214689265536
https://doi.org/10.1002/maco.201911489,0.013422818791946308,0.0,0.0,0.0,0.3338209426965339,0.0,0.0,0.0,0.0,5.489932885906041
https://doi.org/10.1002/maco.202011954,0.03508771929824561,0.5,0.043859649122807015,0.008771929824561403,0.3272764580031163,0.0,0.0,0.0,0.0,5.87719298245614
https://doi.org/10.1002/maco.201911401,0.02631578947368421,0.0,0.0,0.02631578947368421,0.21052631578947367,0.0,0.0,0.0,0.0,6.7631578947368425
https://doi.org/10.1002/maco.202011490,0.024630541871921183,0.5,0.0,0.009852216748768473,0.3568284670241271,0.0,0.125,0.0,0.125,5.842364532019705
https://doi.org/10.1002/maco.201911444,0.006622516556291391,0.8,0.006622516556291391,0.0,0.49220938214733895,0.0,0.2,0.0,0.0,4.490066225165563
https://doi.org/10.1002/maco.202011793,0.020202020202020204,0.2857142857142857,0.025252525252525252,0.0,0.34157249331133166,0.0,0.14285714285714285,0.0,0.14285714285714285,5.53030303030303
https://doi.org/10.1002/maco.202011867,0.02962962962962963,0.5,0.02962962962962963,0.007407407407407408,0.4096905721192543,0.0,0.5,0.0,0.0,5.45925925925926
https://doi.org/10.1002/maco.202011794,0.040229885057471264,0.3333333333333333,0.0,0.005747126436781609,0.3649312153192539,0.0,0.3333333333333333,0.0,0.16666666666666666,5.649425287356322
https://doi.org/10.1002/maco.201911376,0.021505376344086023,0.3,0.026881720430107527,0.0,0.3401998283775564,0.0,0.0,0.0,0.0,4.967741935483871
https://doi.org/10.1002/maco.202011692,0.018072289156626505,0.16666666666666666,0.0,0.012048192771084338,0.293392666551468,0.0,0.0,0.0,0.3333333333333333,5.421686746987952
https://doi.org/10.1002/maco.201911386,0.028735632183908046,0.14285714285714285,0.0,0.0,0.34232810601920527,0.0,0.14285714285714285,0.0,0.0,5.683908045977011
https://doi.org/10.1002/maco.202011620,0.03571428571428571,0.0,0.047619047619047616,0.0,0.2876915707998708,0.0,0.0,0.0,0.2,5.964285714285714
https://doi.org/10.1002/maco.202011596,0.028089887640449437,0.0,0.02247191011235955,0.0,0.5135458373944466,0.0,0.1,0.0,0.2,5.668539325842697
https://doi.org/10.1002/maco.202011787,0.014925373134328358,0.4,0.0,0.0,0.19800745017047164,0.0,0.0,0.0,0.0,7.574626865671642
https://doi.org/10.1002/maco.202011865,0.033112582781456956,0.0,0.0,0.0,0.19623221708647753,0.0,0.0,0.0,0.0,6.9801324503311255
https://doi.org/10.1002/maco.202011723,0.017094017094017096,1.0,0.042735042735042736,0.008547008547008548,0.42452054489530405,0.0,0.5,0.0,0.0,4.358974358974359
https://doi.org/10.1002/maco.202012166,0.005681818181818182,1.0,0.022727272727272728,0.005681818181818182,0.15160981891052652,0.0,0.75,0.0,0.0,4.795454545454546
https://doi.org/10.1002/maco.202012010,0.015463917525773196,0.2,0.061855670103092786,0.0,0.28251937332050975,0.0,0.0,0.0,0.0,5.994845360824742
https://doi.org/10.1002/maco.202011548,0.023255813953488372,0.0,0.06201550387596899,0.0,0.19687480773953944,0.0,0.0,0.0,0.0,5.821705426356589
https://doi.org/10.1002/maco.202011530,0.02857142857142857,0.14285714285714285,0.0,0.011428571428571429,0.16422980415085614,0.0,0.0,0.0,0.14285714285714285,5.914285714285715
https://doi.org/10.1002/maco.202011772,0.009615384615384616,0.0,0.0,0.009615384615384616,0.4944215435454785,0.0,0.2,0.0,0.0,6.153846153846154
https://doi.org/10.1002/maco.202011767,0.022388059701492536,0.14285714285714285,0.007462686567164179,0.014925373134328358,0.16383954029925485,0.0,0.0,0.0,0.14285714285714285,6.462686567164179
https://doi.org/10.1002/maco.202011774,0.020202020202020204,0.2222222222222222,0.010101010101010102,0.010101010101010102,0.3540400438044825,0.0,0.1111111111111111,0.0,0.0,5.2272727272727275
https://doi.org/10.1002/maco.201911424,0.01809954751131222,0.25,0.058823529411764705,0.013574660633484163,0.38520051312335674,0.0,0.375,0.0,0.125,5.343891402714932
https://doi.org/10.1002/maco.202011635,0.03184713375796178,0.7142857142857143,0.050955414012738856,0.006369426751592357,0.16658212523085378,0.0,0.0,0.0,0.0,5.515923566878981
https://doi.org/10.1002/maco.202011766,0.017045454545454544,0.5,0.05113636363636364,0.0,0.3353716946221297,0.0,0.0,0.0,0.0,5.9602272727272725
https://doi.org/10.1002/maco.202012192,0.04597701149425287,0.16666666666666666,0.011494252873563218,0.011494252873563218,0.31478307902595754,0.0,0.5,0.0,0.0,5.839080459770115
https://doi.org/10.1002/maco.202012051,0.014354066985645933,0.0,0.014354066985645933,0.014354066985645933,0.4271524233620219,0.0,0.1111111111111111,0.0,0.1111111111111111,5.741626794258373
https://doi.org/10.1002/maco.202011540,0.004694835680751174,0.0,0.009389671361502348,0.004694835680751174,0.34310866461208384,0.0,0.1,0.0,0.1,5.427230046948357
https://doi.org/10.1002/maco.202011728,0.011049723756906077,0.42857142857142855,0.0,0.0,0.3138004822356448,0.0,0.0,0.0,0.0,5.602209944751381
https://doi.org/10.1002/maco.202011661,0.008,0.0,0.0,0.016,0.1750885490259143,0.0,0.0,0.0,0.0,6.008
https://doi.org/10.1002/maco.202011993,0.013422818791946308,0.5714285714285714,0.0,0.0,0.2213747986908811,0.0,0.0,0.0,0.0,6.10738255033557
https://doi.org/10.1002/maco.201911325,0.017241379310344827,0.0,0.005747126436781609,0.005747126436781609,0.32622220566249144,0.0,0.0,0.0,0.1111111111111111,5.787356321839081
https://doi.org/10.1002/maco.202011663,0.03816793893129771,0.6,0.0,0.0,0.2382364356385837,0.0,0.0,0.0,0.0,5.786259541984733
https://doi.org/10.1002/maco.201911327,0.016304347826086956,0.625,0.0,0.0,0.5743410788531699,0.0,0.125,0.0,0.0,5.695652173913044
https://doi.org/10.1002/maco.202011554,0.024154589371980676,0.5714285714285714,0.00966183574879227,0.0,0.22782272700582795,0.0,0.2857142857142857,0.0,0.14285714285714285,5.458937198067633
https://doi.org/10.1002/maco.202011882,0.027472527472527472,0.5714285714285714,0.027472527472527472,0.0,0.332769317136851,0.0,0.14285714285714285,0.0,0.0,5.565934065934066
https://doi.org/10.1002/maco.202012056,0.025252525252525252,0.1111111111111111,0.0,0.005050505050505051,0.27855721683106416,0.0,0.0,0.0,0.0,5.8232323232323235
https://doi.org/10.1002/maco.202012039,0.05825242718446602,0.3333333333333333,0.009708737864077669,0.0,0.4481295107900688,0.0,0.1111111111111111,0.0,0.0,5.20873786407767
https://doi.org/10.1002/maco.202011546,0.030303030303030304,0.2857142857142857,0.0,0.012121212121212121,0.19222729123822674,0.0,0.0,0.0,0.0,5.442424242424242
https://doi.org/10.1002/maco.202011578,0.0223463687150838,0.0,0.0335195530726257,0.00558659217877095,0.39904070231125294,0.0,0.0,0.0,0.1111111111111111,5.58659217877095
https://doi.org/10.1002/maco.202012183,0.03763440860215054,0.36363636363636365,0.0,0.010752688172043012,0.5244071800686686,0.18181818181818182,0.0,0.0,0.2727272727272727,5.344086021505376
https://doi.org/10.1002/maco.202011567,0.02127659574468085,0.0,0.0,0.005319148936170213,0.1947128214651396,0.0,0.0,0.0,0.1111111111111111,6.4361702127659575
https://doi.org/10.1002/maco.202011558,0.016129032258064516,0.6666666666666666,0.012096774193548387,0.012096774193548387,0.2270272300041814,0.0,0.2222222222222222,0.0,0.0,5.818548387096774
https://doi.org/10.1002/maco.202011980,0.05555555555555555,0.0,0.0,0.013888888888888888,0.46147910349544863,0.25,0.0,0.0,0.0,5.305555555555555
https://doi.org/10.1002/maco.202011886,0.007874015748031496,0.2,0.031496062992125984,0.0,0.5565542377030643,0.0,0.2,0.0,0.0,5.7637795275590555
https://doi.org/10.1002/maco.202011653,0.059602649006622516,0.5,0.046357615894039736,0.006622516556291391,0.36157970052234956,0.0,0.16666666666666666,0.0,0.16666666666666666,6.377483443708609
https://doi.org/10.1002/maco.202011938,0.022388059701492536,0.6,0.04477611940298507,0.014925373134328358,0.27862917466558906,0.0,0.2,0.0,0.0,4.813432835820896
https://doi.org/10.1002/maco.202011878,0.038461538461538464,0.5714285714285714,0.08461538461538462,0.0,0.3216083840056442,0.0,0.0,0.0,0.0,4.861538461538461
https://doi.org/10.1002/maco.202011539,0.010810810810810811,0.14285714285714285,0.005405405405405406,0.005405405405405406,0.426102317297651,0.0,0.2857142857142857,0.0,0.0,5.621621621621622
https://doi.org/10.1002/maco.202011665,0.01744186046511628,0.0,0.023255813953488372,0.0,0.25262280212093524,0.0,0.0,0.0,0.0,5.930232558139535
https://doi.org/10.1002/maco.202011669,0.018691588785046728,0.2,0.009345794392523364,0.0,0.2874496541912093,0.0,0.0,0.0,0.0,5.616822429906542
https://doi.org/10.1002/maco.202011689,0.01775147928994083,0.2,0.0,0.005917159763313609,0.29072469814291707,0.0,0.2,0.0,0.0,5.42603550295858
https://doi.org/10.1002/maco.202011842,0.041379310344827586,0.6,0.020689655172413793,0.0,0.0872352457977484,0.0,0.0,0.0,0.0,5.86896551724138
https://doi.org/10.1002/maco.202070011,0.02631578947368421,0.6666666666666666,0.09210526315789473,0.0,0.36010347851063185,0.0,0.3333333333333333,0.0,0.0,4.809210526315789
https://doi.org/10.1002/maco.202011777,0.018691588785046728,0.25,0.0,0.0,0.09667364890456637,0.0,0.0,0.0,0.25,6.271028037383178
https://doi.org/10.1002/maco.201911389,0.020618556701030927,1.0,0.020618556701030927,0.005154639175257732,0.33942428109596556,0.0,0.2857142857142857,0.0,0.0,5.139175257731959
https://doi.org/10.1002/maco.202011721,0.022598870056497175,0.1,0.022598870056497175,0.005649717514124294,0.351056189444203,0.0,0.0,0.0,0.1,5.6440677966101696
https://doi.org/10.1002/maco.202011579,0.024390243902439025,0.625,0.012195121951219513,0.0,0.504589289404322,0.0,0.125,0.0,0.0,5.402439024390244
https://doi.org/10.1002/maco.202011781,0.035175879396984924,0.375,0.02512562814070352,0.0,0.23905024909077982,0.0,0.0,0.0,0.0,5.432160804020101
https://doi.org/10.1002/maco.202070074,0.008064516129032258,0.25,0.0,0.0,0.4934535013154308,0.0,0.25,0.0,0.0,6.346774193548387
https://doi.org/10.1002/maco.202011850,0.013986013986013986,1.0,0.0,0.0,0.3787215290643638,0.0,0.16666666666666666,0.0,0.0,5.489510489510489
https://doi.org/10.1002/maco.202012194,0.017241379310344827,0.625,0.05747126436781609,0.011494252873563218,0.3953421499291917,0.0,0.125,0.0,0.0,5.637931034482759
https://doi.org/10.1002/maco.201911378,0.04697986577181208,0.3333333333333333,0.0,0.006711409395973154,0.3686390911371667,0.0,0.3333333333333333,0.0,0.0,5.973154362416107
https://doi.org/10.1002/maco.201911167,0.03592814371257485,0.8333333333333334,0.0,0.005988023952095809,0.22667656563769703,0.0,0.16666666666666666,0.0,0.0,5.155688622754491
https://doi.org/10.1002/maco.202011527,0.017699115044247787,0.0,0.02654867256637168,0.0,0.14965959756891822,0.0,0.0,0.0,0.0,5.929203539823009
https://doi.org/10.1002/maco.202011902,0.03684210526315789,0.2222222222222222,0.02631578947368421,0.0,0.349118398984779,0.0,0.0,0.0,0.0,5.905263157894737
https://doi.org/10.1002/maco.201911421,0.017857142857142856,0.4,0.017857142857142856,0.008928571428571428,0.46101180869377095,0.0,0.2,0.0,0.0,5.357142857142857
https://doi.org/10.1002/maco.202011545,0.023255813953488372,0.0,0.005813953488372093,0.0,0.305771948658249,0.0,0.4,0.0,0.0,5.77906976744186
https://doi.org/10.1002/maco.201911387,0.041666666666666664,0.8333333333333334,0.0,0.013888888888888888,0.15957118462605635,0.0,0.0,0.0,0.0,5.333333333333333
https://doi.org/10.1002/maco.202011662,0.0234375,0.6,0.0,0.0078125,0.23773631335473341,0.0,0.0,0.0,0.2,5.046875
https://doi.org/10.1002/maco.202011827,0.028901734104046242,0.0,0.0,0.005780346820809248,0.5457455607825281,0.14285714285714285,0.2857142857142857,0.0,0.14285714285714285,5.826589595375722
https://doi.org/10.1002/maco.202012197,0.037267080745341616,0.5,0.006211180124223602,0.006211180124223602,0.2848352667775926,0.0,0.0,0.0,0.0,5.695652173913044
https://doi.org/10.1002/maco.202011657,0.028985507246376812,0.0,0.0,0.0,0.2112663730016413,0.0,0.0,0.0,0.0,6.173913043478261
https://doi.org/10.1002/maco.202011940,0.04807692307692308,0.2,0.04807692307692308,0.0,0.3076923076923077,0.0,0.0,0.0,0.0,5.423076923076923
https://doi.org/10.1002/maco.202012188,0.019230769230769232,0.5,0.0,0.0,0.3679062782636345,0.0,0.25,0.0,0.0,5.884615384615385
https://doi.org/10.1002/maco.202012120,0.013422818791946308,0.25,0.053691275167785234,0.0,0.5225856929683427,0.0,0.125,0.0,0.0,5.852348993288591
https://doi.org/10.1002/maco.202011604,0.06015037593984962,0.8333333333333334,0.06766917293233082,0.015037593984962405,0.29515468310361687,0.0,0.0,0.0,0.16666666666666666,4.992481203007519
https://doi.org/10.1002/maco.202070024,0.0,0.0,0.014925373134328358,0.0,0.07462686567164178,0.0,0.5,0.0,0.0,6.104477611940299
https://doi.org/10.1002/maco.202070036,0.0,0.16666666666666666,0.0,0.0,0.21382714087491256,0.0,0.0,0.0,0.0,6.567375886524823
https://doi.org/10.1002/maco.202070034,0.0,0.6,0.0,0.0,0.5303019030767706,0.0,0.2,0.0,0.0,5.835051546391752
https://doi.org/10.1002/maco.202011654,0.025477707006369428,0.0,0.025477707006369428,0.012738853503184714,0.35210891620599377,0.0,0.4,0.0,0.2,5.8789808917197455
https://doi.org/10.1002/maco.202070054,0.01282051282051282,0.3333333333333333,0.0,0.0,0.1884222879063983,0.0,0.0,0.0,0.0,5.910256410256411
https://doi.org/10.1002/maco.202070066,0.0,0.18181818181818182,0.0,0.0,0.304491759803249,0.09090909090909091,0.0,0.0,0.0,6.589403973509934
https://doi.org/10.1002/maco.202070076,0.0,0.6666666666666666,0.0,0.0,0.2675116819879087,0.0,0.0,0.0,0.0,6.8625
https://doi.org/10.1002/maco.202070104,0.009900990099009901,0.3333333333333333,0.0,0.0,0.3943031237968293,0.0,0.6666666666666666,0.0,0.3333333333333333,5.435643564356436
https://doi.org/10.1002/maco.202070106,0.0,0.6666666666666666,0.0,0.0,0.7391223203783387,0.3333333333333333,0.3333333333333333,0.0,0.0,6.7560975609756095
https://doi.org/10.1002/maco.202070126,0.0,0.0,0.0,0.0,0.6632891055748739,0.25,0.0,0.0,0.0,7.120689655172414
https://doi.org/10.1002/maco.202070041,0.010309278350515464,0.6666666666666666,0.061855670103092786,0.0,0.3447062576762987,0.0,0.3333333333333333,0.0,0.0,4.546391752577319
https://doi.org/10.1002/maco.202070031,0.00819672131147541,0.3333333333333333,0.0,0.0,0.8740949171651333,0.16666666666666666,0.16666666666666666,0.0,0.0,5.663934426229508
https://doi.org/10.1002/maco.202070021,0.008333333333333333,0.75,0.008333333333333333,0.0,0.3009245014211298,0.0,0.25,0.0,0.0,5.175
https://doi.org/10.1002/maco.202070071,0.027777777777777776,1.0,0.05555555555555555,0.0,0.16666666666666666,0.0,0.5,0.0,0.0,6.236111111111111
https://doi.org/10.1002/maco.202070121,0.01818181818181818,1.0,0.0,0.0,0.45107768109291924,0.0,0.6666666666666666,0.0,0.0,4.8545454545454545
https://doi.org/10.1002/maco.202070091,0.021052631578947368,0.3333333333333333,0.08421052631578947,0.0,0.2757010706043957,0.0,0.3333333333333333,0.0,0.0,5.431578947368421
https://doi.org/10.1002/maco.202070061,0.06363636363636363,0.16666666666666666,0.0,0.0,0.35721604917070005,0.0,0.0,0.0,0.0,5.509090909090909
https://doi.org/10.1002/maco.202070051,0.06896551724137931,0.16666666666666666,0.0,0.0,0.6380086936265709,0.3333333333333333,0.0,0.0,0.0,5.724137931034483
https://doi.org/10.1002/maco.202070114,0.0,1.0,0.018433179723502304,0.0,0.0,0.0,1.0,0.0,0.0,6.359447004608295
https://doi.org/10.1002/maco.202070101,0.030303030303030304,0.1111111111111111,0.0,0.0,0.8878193174829367,0.3333333333333333,0.1111111111111111,0.0,0.0,5.295454545454546
https://doi.org/10.1002/maco.202070081,0.02040816326530612,0.16666666666666666,0.02040816326530612,0.0,1.3247502443003003,0.6666666666666666,0.16666666666666666,0.0,0.0,5.27891156462585
https://doi.org/10.1002/maco.202070111,0.009009009009009009,0.5,0.04504504504504504,0.0,0.3153153153153153,0.0,1.0,0.0,0.0,4.693693693693693
https://doi.org/10.1108/acmm-01-2021-2422,0.01020408163265306,0.6,0.04081632653061224,0.01020408163265306,0.7870053003467283,0.0,0.2,0.0,0.0,5.607142857142857
https://doi.org/10.1108/acmm-07-2021-2522,0.037267080745341616,0.16666666666666666,0.012422360248447204,0.006211180124223602,0.28980330800716037,0.0,0.16666666666666666,0.0,0.0,5.658385093167702
https://doi.org/10.1108/acmm-05-2021-2487,0.018518518518518517,0.6666666666666666,0.0,0.004629629629629629,0.3173238794109962,0.0,0.1111111111111111,0.0,0.0,5.768518518518518
https://doi.org/10.1108/acmm-01-2021-2426,0.023809523809523808,0.5,0.0,0.006802721088435374,0.5304814072076708,0.0,0.08333333333333333,0.0,0.0,5.799319727891157
https://doi.org/10.1108/acmm-07-2021-2518,0.013888888888888888,0.75,0.03125,0.003472222222222222,0.3627101349222388,0.0,0.5,0.0,0.0,4.729166666666667
https://doi.org/10.1108/acmm-03-2020-2286,0.012539184952978056,0.42857142857142855,0.05329153605015674,0.006269592476489028,0.28882686327303975,0.0,0.07142857142857142,0.0,0.0,5.667711598746082
https://doi.org/10.1108/acmm-07-2020-2342,0.0273972602739726,0.16666666666666666,0.00684931506849315,0.00684931506849315,0.3619135565376139,0.0,0.3333333333333333,0.0,0.0,5.787671232876712
https://doi.org/10.1108/acmm-06-2020-2338,0.02622950819672131,0.6363636363636364,0.09836065573770492,0.003278688524590164,0.27855348705258287,0.0,0.09090909090909091,0.0,0.0,6.324590163934427
https://doi.org/10.1108/acmm-03-2021-2459,0.020942408376963352,0.0,0.0,0.005235602094240838,0.3864782310777084,0.0,0.0,0.0,0.1,6.172774869109948
https://doi.org/10.1108/acmm-11-2020-2407,0.026845637583892617,0.5,0.0,0.006711409395973154,0.3656948382771887,0.0,0.3333333333333333,0.0,0.0,5.906040268456376
https://doi.org/10.1108/acmm-09-2020-2367,0.041025641025641026,0.3333333333333333,0.010256410256410256,0.005128205128205128,0.2861703882728965,0.0,0.0,0.0,0.0,5.835897435897436
https://doi.org/10.1108/acmm-03-2021-2453,0.022222222222222223,0.1,0.0,0.007407407407407408,0.3094310899882285,0.0,0.1,0.0,0.0,5.311111111111111
https://doi.org/10.1108/acmm-05-2021-2488,0.012345679012345678,0.2222222222222222,0.0,0.00411522633744856,0.3416877161258777,0.1111111111111111,0.0,0.0,0.0,6.181069958847736
https://doi.org/10.1108/acmm-04-2021-2470,0.009345794392523364,0.625,0.0514018691588785,0.004672897196261682,0.1903883064248912,0.0,0.0,0.0,0.0,5.565420560747664
https://doi.org/10.1108/acmm-03-2021-2462,0.03125,0.5555555555555556,0.026785714285714284,0.008928571428571428,0.30093392047058426,0.0,0.1111111111111111,0.0,0.0,6.049107142857143
https://doi.org/10.1108/acmm-12-2020-2414,0.018957345971563982,0.5,0.014218009478672985,0.004739336492890996,0.42992339227209864,0.0,0.1,0.0,0.0,5.753554502369668
https://doi.org/10.1108/acmm-01-2021-2429,0.02734375,0.4444444444444444,0.0,0.0078125,0.3943184760404654,0.0,0.3333333333333333,0.0,0.0,5.78125
https://doi.org/10.1108/acmm-09-2020-2377,0.0594059405940594,0.0,0.06930693069306931,0.0049504950495049506,0.33297369744158883,0.0,0.125,0.0,0.125,6.153465346534653
https://doi.org/10.1108/acmm-04-2021-2478,0.008547008547008548,1.0,0.09401709401709402,0.017094017094017096,0.4113233988210586,0.0,0.2,0.0,0.0,5.64957264957265
https://doi.org/10.1108/acmm-05-2021-2486,0.017241379310344827,0.2,0.0,0.004310344827586207,0.30709505397511855,0.0,0.0,0.0,0.0,5.775862068965517
https://doi.org/10.1108/acmm-03-2021-2447,0.01694915254237288,0.07692307692307693,0.00423728813559322,0.00847457627118644,0.31373105695614867,0.07692307692307693,0.0,0.0,0.0,6.4576271186440675
https://doi.org/10.1108/acmm-09-2020-2378,0.015873015873015872,0.25,0.0,0.010582010582010581,0.3405615881852719,0.0,0.125,0.0,0.0,5.507936507936508
https://doi.org/10.1108/acmm-08-2020-2357,0.01968503937007874,0.5454545454545454,0.003937007874015748,0.003937007874015748,0.4792165056599352,0.0,0.18181818181818182,0.0,0.18181818181818182,5.2362204724409445
https://doi.org/10.1108/acmm-02-2020-2265,0.028391167192429023,0.07142857142857142,0.0,0.00946372239747634,0.4459121928435878,0.0,0.21428571428571427,0.0,0.0,6.091482649842272
https://doi.org/10.1108/acmm-11-2020-2402,0.02531645569620253,0.3333333333333333,0.05063291139240506,0.016877637130801686,0.3934245637448115,0.0,0.1111111111111111,0.0,0.1111111111111111,5.531645569620253
https://doi.org/10.1108/acmm-12-2020-2417,0.021739130434782608,0.07692307692307693,0.036231884057971016,0.007246376811594203,0.21949465551972408,0.0,0.0,0.0,0.23076923076923078,5.978260869565218
https://doi.org/10.1108/acmm-05-2021-2483,0.004166666666666667,0.0,0.0,0.004166666666666667,0.35997685110758626,0.0,0.08333333333333333,0.0,0.0,6.229166666666667
https://doi.org/10.1108/acmm-06-2020-2336,0.012345679012345678,0.16666666666666666,0.03292181069958848,0.00411522633744856,0.20987654320987653,0.0,0.8333333333333334,0.0,0.0,5.962962962962963
https://doi.org/10.1108/acmm-08-2021-2524,0.019801980198019802,0.5,0.054455445544554455,0.0049504950495049506,0.3655329691480145,0.0,0.125,0.0,0.0,5.881188118811881
https://doi.org/10.1108/acmm-12-2020-2412,0.01293103448275862,0.3,0.02586206896551724,0.008620689655172414,0.39401361662160134,0.0,0.1,0.0,0.1,5.556034482758621
https://doi.org/10.1108/acmm-10-2020-2385,0.035555555555555556,0.7142857142857143,0.044444444444444446,0.0044444444444444444,0.3095197394929804,0.0,0.42857142857142855,0.0,0.0,5.306666666666667
https://doi.org/10.1108/acmm-11-2020-2403,0.03864734299516908,0.6666666666666666,0.024154589371980676,0.00966183574879227,0.3375079898494409,0.0,0.5,0.0,0.0,5.642512077294686
https://doi.org/10.1108/acmm-06-2021-2496,0.02027027027027027,0.3333333333333333,0.0,0.02027027027027027,0.2695937478818919,0.0,0.0,0.0,0.0,5.6824324324324325
https://doi.org/10.1108/acmm-08-2020-2356,0.007662835249042145,0.1,0.038314176245210725,0.007662835249042145,0.351343294176,0.0,0.3,0.0,0.0,5.260536398467433
https://doi.org/10.1108/acmm-03-2021-2463,0.04198473282442748,0.5,0.03816793893129771,0.011450381679389313,0.3301912786852239,0.0,0.5,0.0,0.25,5.480916030534351
https://doi.org/10.1108/acmm-04-2021-2467,0.014285714285714285,0.625,0.0,0.009523809523809525,0.6333870367492497,0.0,0.125,0.0,0.0,6.052380952380952
https://doi.org/10.1108/acmm-12-2020-2408,0.028985507246376812,0.16666666666666666,0.0,0.021739130434782608,0.35410990501074247,0.0,0.0,0.0,0.16666666666666666,6.043478260869565
https://doi.org/10.1108/acmm-04-2021-2473,0.003676470588235294,0.35294117647058826,0.014705882352941176,0.003676470588235294,0.44762444868307133,0.058823529411764705,0.0,0.0,0.0,5.544117647058823
https://doi.org/10.1108/acmm-04-2021-2471,0.03937007874015748,1.0,0.031496062992125984,0.015748031496062992,0.2790558290814071,0.0,0.2,0.0,0.0,6.21259842519685
https://doi.org/10.1108/acmm-10-2020-2388,0.041884816753926704,0.2222222222222222,0.05759162303664921,0.005235602094240838,0.33450539989451916,0.0,0.1111111111111111,0.0,0.0,5.570680628272251
https://doi.org/10.1108/acmm-10-2020-2397,0.01020408163265306,0.875,0.05102040816326531,0.01020408163265306,0.2573371472024182,0.0,0.0,0.0,0.0,5.066326530612245
https://doi.org/10.1108/acmm-12-2020-2413,0.029239766081871343,0.3333333333333333,0.04678362573099415,0.011695906432748537,0.31757132122539095,0.0,0.16666666666666666,0.0,0.0,5.7251461988304095
https://doi.org/10.1108/acmm-12-2020-2420,0.02702702702702703,0.375,0.018018018018018018,0.009009009009009009,0.49006027996249174,0.0,0.125,0.0,0.125,5.873873873873874
https://doi.org/10.1108/acmm-09-2020-2376,0.020833333333333332,0.3333333333333333,0.05,0.0,0.3013856886670854,0.0,0.0,0.0,0.0,5.904166666666667
https://doi.org/10.1108/acmm-09-2020-2374,0.006993006993006993,0.42857142857142855,0.027972027972027972,0.006993006993006993,0.2900201587878003,0.0,0.0,0.0,0.0,6.160839160839161
https://doi.org/10.1108/acmm-07-2020-2346,0.01694915254237288,0.0,0.06779661016949153,0.00423728813559322,0.4755589100541763,0.1111111111111111,0.1111111111111111,0.0,0.1111111111111111,5.661016949152542
https://doi.org/10.1108/acmm-02-2021-2440,0.016736401673640166,0.375,0.0,0.0,0.22913441958314756,0.0,0.25,0.0,0.0,6.100418410041841
https://doi.org/10.1108/acmm-06-2020-2334,0.014084507042253521,0.0625,0.0,0.01056338028169014,0.46307837247249567,0.0625,0.0625,0.0,0.0625,5.549295774647887
https://doi.org/10.1108/acmm-08-2020-2359,0.016853932584269662,0.0,0.033707865168539325,0.0056179775280898875,0.42755724922338084,0.0,0.1111111111111111,0.0,0.0,5.601123595505618
https://doi.org/10.1108/acmm-03-2020-2270,0.013888888888888888,0.7272727272727273,0.018518518518518517,0.004629629629629629,0.43983918061161553,0.09090909090909091,0.0,0.0,0.0,5.0092592592592595
https://doi.org/10.1108/acmm-03-2021-2449,0.024390243902439025,0.4444444444444444,0.14634146341463414,0.006097560975609756,0.5294003431987375,0.0,0.1111111111111111,0.0,0.0,6.878048780487805
https://doi.org/10.1108/acmm-11-2020-2405,0.027472527472527472,0.3157894736842105,0.027472527472527472,0.0027472527472527475,0.4433218187680068,0.05263157894736842,0.05263157894736842,0.0,0.05263157894736842,5.6098901098901095
https://doi.org/10.1108/acmm-06-2021-2503,0.014814814814814815,0.16666666666666666,0.02962962962962963,0.014814814814814815,0.2334215000976108,0.0,0.0,0.0,0.0,6.014814814814815
https://doi.org/10.1108/acmm-03-2021-2460,0.013157894736842105,0.1111111111111111,0.046052631578947366,0.013157894736842105,0.1796907932072061,0.0,0.0,0.0,0.0,6.2105263157894735
https://doi.org/10.1108/acmm-08-2021-2527,0.036458333333333336,0.18181818181818182,0.057291666666666664,0.005208333333333333,0.285272165367274,0.0,0.0,0.0,0.18181818181818182,6.182291666666667
https://doi.org/10.1108/acmm-07-2020-2339,0.03333333333333333,0.7,0.03333333333333333,0.013333333333333334,0.25516878945339516,0.0,0.3,0.0,0.2,5.666666666666667
https://doi.org/10.1108/acmm-10-2020-2384,0.01092896174863388,0.0,0.01639344262295082,0.0,0.343132851069718,0.0,0.125,0.0,0.0,6.306010928961749
https://doi.org/10.1108/acmm-10-2021-2555,0.05185185185185185,0.5,0.022222222222222223,0.007407407407407408,0.12765694770084507,0.0,0.0,0.0,0.0,6.237037037037037
https://doi.org/10.1108/acmm-12-2020-2411,0.01282051282051282,0.08333333333333333,0.03418803418803419,0.004273504273504274,0.3411316588628223,0.0,0.0,0.0,0.08333333333333333,5.965811965811966
https://doi.org/10.1108/acmm-06-2020-2328,0.017985611510791366,0.36363636363636365,0.01079136690647482,0.007194244604316547,0.19898297389840763,0.0,0.0,0.0,0.0,5.615107913669065
https://doi.org/10.1108/acmm-02-2020-2257,0.0196078431372549,0.42857142857142855,0.014705882352941176,0.004901960784313725,0.40866009805228104,0.0,0.42857142857142855,0.0,0.0,5.681372549019608
https://doi.org/10.1108/acmm-07-2021-2505,0.042328042328042326,0.5,0.07407407407407407,0.005291005291005291,0.2317798530561853,0.0,0.125,0.0,0.0,5.8201058201058204
https://doi.org/10.1108/acmm-07-2021-2521,0.033112582781456956,0.25,0.033112582781456956,0.006622516556291391,0.3655605144368896,0.0,0.0,0.0,0.0,5.900662251655629
https://doi.org/10.1108/acmm-03-2021-2454,0.07236842105263158,0.0,0.02631578947368421,0.006578947368421052,0.2664270622541656,0.0,0.0,0.0,0.0,5.618421052631579
https://doi.org/10.1108/acmm-04-2020-2295,0.02459016393442623,0.4,0.0,0.01639344262295082,0.17694289463051557,0.0,0.0,0.0,0.0,6.377049180327869
https://doi.org/10.1108/acmm-10-2020-2389,0.02262443438914027,0.4444444444444444,0.09954751131221719,0.00904977375565611,0.45352821767695295,0.0,0.1111111111111111,0.0,0.0,5.031674208144796
https://doi.org/10.1108/acmm-03-2021-2456,0.00980392156862745,0.2,0.0392156862745098,0.00980392156862745,0.598240081985455,0.0,0.4,0.0,0.0,6.519607843137255
https://doi.org/10.1108/acmm-04-2021-2472,0.02510460251046025,0.14285714285714285,0.0794979079497908,0.0041841004184100415,0.47869107785618614,0.07142857142857142,0.07142857142857142,0.0,0.14285714285714285,6.092050209205021
https://doi.org/10.1108/acmm-12-2020-2409,0.03007518796992481,0.1111111111111111,0.011278195488721804,0.0037593984962406013,0.3946115089247406,0.0,0.3333333333333333,0.0,0.1111111111111111,6.2180451127819545
https://doi.org/10.1108/acmm-06-2020-2335,0.02702702702702703,0.7142857142857143,0.04954954954954955,0.009009009009009009,0.5166648994212493,0.0,0.42857142857142855,0.0,0.0,5.058558558558558
https://doi.org/10.1108/acmm-02-2021-2439,0.009433962264150943,0.7142857142857143,0.0,0.009433962264150943,0.3804706571712412,0.0,0.2857142857142857,0.0,0.0,5.85377358490566
https://doi.org/10.1108/acmm-03-2021-2464,0.016666666666666666,0.5,0.05,0.008333333333333333,0.5436502143433363,0.0,0.25,0.0,0.0,5.616666666666666
https://doi.org/10.1108/acmm-04-2021-2468,0.039735099337748346,0.0,0.046357615894039736,0.006622516556291391,0.39330166281592693,0.0,0.125,0.0,0.0,5.966887417218543
https://doi.org/10.5006/3741,0.04,0.0,0.14,0.0,0.2280350850198276,0.0,0.0,0.0,0.0,5.94
https://doi.org/10.5006/3749,0.015306122448979591,0.0,0.030612244897959183,0.0,0.33658005107082944,0.0,0.0,0.0,0.2222222222222222,6.0561224489795915
https://doi.org/10.5006/3906,0.03587443946188341,0.5,0.0,0.0,0.38572843090632986,0.0,0.25,0.0,0.0,5.946188340807175
https://doi.org/10.5006/3675,0.047619047619047616,0.0,0.0,0.0,0.38397730045360773,0.0,0.4,0.0,0.0,5.727891156462585
https://doi.org/10.5006/3844,0.01834862385321101,0.1111111111111111,0.0,0.009174311926605505,0.4271723569476263,0.0,0.1111111111111111,0.0,0.0,6.146788990825688
https://doi.org/10.5006/3894,0.02857142857142857,0.5714285714285714,0.06285714285714286,0.0,0.2978014679038945,0.0,0.14285714285714285,0.0,0.0,5.622857142857143
https://doi.org/10.5006/3685,0.03205128205128205,0.25,0.0,0.0,0.4351426345763369,0.0,0.0,0.0,0.0,5.5576923076923075
https://doi.org/10.5006/3833,0.034653465346534656,0.3333333333333333,0.0594059405940594,0.0,0.14002114478941535,0.0,0.3333333333333333,0.0,0.0,6.03960396039604
https://doi.org/10.5006/3872,0.03954802259887006,0.625,0.011299435028248588,0.0,0.1454733693738275,0.0,0.0,0.0,0.0,5.655367231638418
https://doi.org/10.5006/3490,0.03431372549019608,0.875,0.0,0.014705882352941176,0.335058970404609,0.0,0.125,0.0,0.0,5.970588235294118
https://doi.org/10.5006/3902,0.04411764705882353,0.2,0.0661764705882353,0.014705882352941176,0.266537778829292,0.0,0.2,0.0,0.2,5.713235294117647
https://doi.org/10.5006/3667,0.022988505747126436,0.25,0.04597701149425287,0.005747126436781609,0.38243229332446266,0.0,0.0,0.0,0.0,5.620689655172414
https://doi.org/10.5006/3879,0.010471204188481676,0.0,0.0,0.0,0.3847009834046355,0.0,0.25,0.0,0.125,6.0
https://doi.org/10.5006/3699,0.045454545454545456,0.7777777777777778,0.125,0.0,0.42518833940612966,0.1111111111111111,0.1111111111111111,0.0,0.0,5.125
https://doi.org/10.5006/3797,0.02564102564102564,0.6,0.0,0.008547008547008548,0.39778038558017426,0.0,0.2,0.0,0.0,6.487179487179487
https://doi.org/10.5006/3812,0.013986013986013986,0.6666666666666666,0.06293706293706294,0.0,0.20273690929124788,0.0,0.3333333333333333,0.0,0.0,5.3321678321678325
https://doi.org/10.5006/3561,0.0213903743315508,0.0,0.11229946524064172,0.0,0.3418279532512703,0.0,0.6,0.0,0.0,5.780748663101604
https://doi.org/10.5006/3939,0.026845637583892617,0.6,0.006711409395973154,0.0,0.5264928498645688,0.0,0.2,0.0,0.0,5.1879194630872485
https://doi.org/10.5006/3643,0.0297029702970297,0.0,0.0,0.0,0.30724991384520595,0.0,0.25,0.0,0.0,5.881188118811881
https://doi.org/10.5006/3858,0.021739130434782608,0.5,0.0,0.010869565217391304,0.36376522892785895,0.0,0.25,0.0,0.25,5.641304347826087
https://doi.org/10.5006/3744,0.034934497816593885,0.875,0.008733624454148471,0.0,0.49618594496565993,0.125,0.375,0.0,0.0,5.043668122270742
https://doi.org/10.5006/3799,0.02531645569620253,0.5714285714285714,0.006329113924050633,0.006329113924050633,0.3364565534177725,0.0,0.0,0.0,0.14285714285714285,6.6455696202531644
https://doi.org/10.5006/3730,0.027624309392265192,0.125,0.07734806629834254,0.011049723756906077,0.2130477291122524,0.0,0.0,0.0,0.125,5.994475138121547
https://doi.org/10.5006/3967,0.03067484662576687,0.6666666666666666,0.0,0.0,0.36896625653386245,0.0,0.16666666666666666,0.0,0.0,5.877300613496932
https://doi.org/10.5006/3711,0.01,0.5,0.01,0.0075,0.3757658845611187,0.0,0.125,0.0,0.0625,5.2825
https://doi.org/10.5006/3714,0.005319148936170213,0.42857142857142855,0.031914893617021274,0.015957446808510637,0.4707371678688848,0.0,0.14285714285714285,0.0,0.14285714285714285,5.680851063829787
https://doi.org/10.5006/3811,0.012448132780082987,0.0,0.04149377593360996,0.004149377593360996,0.2999055767567245,0.0,0.09090909090909091,0.0,0.0,5.448132780082988
https://doi.org/10.5006/3689,0.006493506493506494,0.25,0.1038961038961039,0.006493506493506494,0.2721081407760645,0.0,0.0,0.0,0.125,5.454545454545454
https://doi.org/10.5006/3868,0.0,0.8888888888888888,0.048034934497816595,0.0,0.414318210240364,0.0,0.2222222222222222,0.0,0.0,5.8034934497816595
https://doi.org/10.5006/3842,0.010948905109489052,0.2222222222222222,0.0,0.0036496350364963502,0.2586867904623263,0.0,0.2222222222222222,0.0,0.0,5.824817518248175
https://doi.org/10.5006/3802,0.03015075376884422,0.7777777777777778,0.05527638190954774,0.005025125628140704,0.2758789393228302,0.0,0.0,0.0,0.1111111111111111,6.407035175879397
https://doi.org/10.5006/3697,0.014005602240896359,0.6428571428571429,0.0392156862745098,0.0028011204481792717,0.379848871324387,0.0,0.14285714285714285,0.0,0.07142857142857142,5.775910364145658
https://doi.org/10.5006/3514,0.01875,0.4375,0.0,0.0,0.3968626966596886,0.0,0.0,0.0,0.0625,5.103125
https://doi.org/10.5006/3820,0.01818181818181818,0.5,0.004545454545454545,0.0,0.36949820787093773,0.0,0.375,0.0,0.25,5.0590909090909095
https://doi.org/10.5006/3908,0.026785714285714284,0.0,0.0,0.004464285714285714,0.3453407072466735,0.0,0.1111111111111111,0.0,0.3333333333333333,5.879464285714286
https://doi.org/10.5006/3746,0.058823529411764705,0.5,0.008403361344537815,0.0,0.34739540518646034,0.0,0.0,0.0,0.0,5.428571428571429
https://doi.org/10.5006/3732,0.031578947368421054,0.2857142857142857,0.0,0.0,0.3452888308811942,0.14285714285714285,0.0,0.0,0.0,5.831578947368421
https://doi.org/10.5006/3779,0.034653465346534656,0.3333333333333333,0.024752475247524754,0.0,0.2564719573661113,0.0,0.0,0.0,0.0,5.841584158415841
https://doi.org/10.5006/3871,0.018867924528301886,0.3333333333333333,0.0,0.0,0.20292158245159345,0.0,0.0,0.0,0.16666666666666666,5.779874213836478
https://doi.org/10.5006/3548,0.024875621890547265,0.3333333333333333,0.0,0.004975124378109453,0.2123043611278793,0.0,0.16666666666666666,0.0,0.16666666666666666,5.791044776119403
https://doi.org/10.5006/3840,0.0,0.0,0.0,0.0,0.4850538312289554,0.0,0.0,0.0,0.0,5.52542372881356
https://doi.org/10.5006/3786,0.013043478260869565,0.0,0.11739130434782609,0.004347826086956522,0.4500787580733055,0.0,0.25,0.0,0.125,5.621739130434783
https://doi.org/10.5006/3674,0.011627906976744186,0.25,0.007751937984496124,0.0,0.5491852791956128,0.0,0.125,0.0,0.0,5.550387596899225
https://doi.org/10.5006/3778,0.032,0.4,0.0,0.008,0.27422618401604176,0.0,0.1,0.0,0.0,5.872
https://doi.org/10.5006/4019,0.03535353535353535,0.16666666666666666,0.0,0.0,0.5148543409040266,0.0,0.3333333333333333,0.0,0.0,6.101010101010101
https://doi.org/10.5006/3860,0.027777777777777776,0.5454545454545454,0.051587301587301584,0.003968253968253968,0.288620580094733,0.0,0.09090909090909091,0.0,0.0,4.976190476190476
https://doi.org/10.5006/3736,0.07339449541284404,0.25,0.01834862385321101,0.0,0.1767097273785158,0.0,0.0,0.0,0.0,5.990825688073395
https://doi.org/10.5006/3618,0.027777777777777776,0.4444444444444444,0.07222222222222222,0.005555555555555556,0.39440531887330776,0.1111111111111111,0.0,0.0,0.1111111111111111,5.027777777777778
https://doi.org/10.5006/3721,0.04093567251461988,0.0,0.005847953216374269,0.005847953216374269,0.1969293361459969,0.0,0.6,0.0,0.2,5.719298245614035
https://doi.org/10.5006/3718,0.03428571428571429,0.125,0.08571428571428572,0.0,0.5143809435642428,0.0,0.125,0.0,0.0,5.782857142857143
https://doi.org/10.5006/3787,0.016666666666666666,0.4444444444444444,0.0,0.0,0.14719601443879743,0.0,0.0,0.0,0.2222222222222222,5.227777777777778
https://doi.org/10.5006/3805,0.015822784810126583,0.6666666666666666,0.02531645569620253,0.0,0.4738177758695965,0.0,0.3333333333333333,0.0,0.2222222222222222,5.60126582278481
https://doi.org/10.5006/3793,0.029585798816568046,0.42857142857142855,0.03550295857988166,0.0,0.23265802664304736,0.0,0.0,0.0,0.0,5.544378698224852
https://doi.org/10.5006/3763,0.02962962962962963,0.6,0.022222222222222223,0.0,0.2962962962962963,0.0,0.2,0.0,0.0,5.866666666666666
https://doi.org/10.5006/3663,0.02586206896551724,0.6,0.02586206896551724,0.017241379310344827,0.429652958426797,0.0,0.2,0.0,0.4,5.913793103448276
https://doi.org/10.5006/3885,0.06086956521739131,0.2,0.017391304347826087,0.0,0.3445497870636339,0.0,0.0,0.0,0.4,6.234782608695652
https://doi.org/10.5006/3963,0.01092896174863388,0.0,0.0,0.00546448087431694,0.2754011621498175,0.0,0.14285714285714285,0.0,0.14285714285714285,5.5683060109289615
https://doi.org/10.5006/3717,0.00980392156862745,0.8181818181818182,0.016339869281045753,0.00980392156862745,0.26049667167816515,0.0,0.09090909090909091,0.0,0.09090909090909091,5.375816993464053
https://doi.org/10.5006/3572,0.01764705882352941,0.25,0.0058823529411764705,0.0,0.14263947827037812,0.0,0.0,0.0,0.0,5.1647058823529415
https://doi.org/10.5006/4000,0.05238095238095238,0.0,0.0,0.004761904761904762,0.3356382892705923,0.0,0.1111111111111111,0.0,0.2222222222222222,6.180952380952381
https://doi.org/10.5006/3790,0.006172839506172839,0.25,0.037037037037037035,0.012345679012345678,0.33287577191883366,0.0,0.0,0.0,0.25,5.987654320987654
https://doi.org/10.5006/3949,0.02,0.5384615384615384,0.023333333333333334,0.0033333333333333335,0.3713937712635113,0.0,0.15384615384615385,0.0,0.15384615384615385,5.743333333333333
https://doi.org/10.5006/3813,0.01680672268907563,0.2222222222222222,0.029411764705882353,0.004201680672268907,0.40340510967053633,0.0,0.1111111111111111,0.0,0.1111111111111111,5.617647058823529
https://doi.org/10.5006/3942,0.0047169811320754715,0.5555555555555556,0.02358490566037736,0.009433962264150943,0.5047390226186957,0.0,0.1111111111111111,0.0,0.0,5.386792452830188
https://doi.org/10.5006/3854,0.06569343065693431,0.6666666666666666,0.029197080291970802,0.0,0.25837766453179356,0.0,0.0,0.0,0.0,5.386861313868613
https://doi.org/10.5006/3867,0.015544041450777202,1.0,0.05699481865284974,0.0,0.4427854498544505,0.0,0.125,0.0,0.125,5.430051813471502
https://doi.org/10.5006/3839,0.034482758620689655,0.5714285714285714,0.034482758620689655,0.0,0.3383630494792985,0.0,0.2857142857142857,0.0,0.0,5.955665024630542
https://doi.org/10.5006/3916,0.024875621890547265,0.09090909090909091,0.03980099502487562,0.0,0.3645785265783335,0.0,0.0,0.0,0.0,6.1940298507462686
https://doi.org/10.5006/3725,0.043689320388349516,0.375,0.014563106796116505,0.0,0.3141493143177366,0.0,0.125,0.0,0.0,5.830097087378641
https://doi.org/10.5006/3759,0.0425531914893617,1.0,0.0,0.0,0.41855990580651065,0.0,0.25,0.0,0.0,4.9361702127659575
https://doi.org/10.5006/3822,0.04807692307692308,0.25,0.125,0.0,0.24777112936009857,0.0,0.25,0.0,0.0,5.903846153846154
https://doi.org/10.5006/3925,0.06451612903225806,0.5,0.0,0.010752688172043012,0.19797798537120395,0.0,0.0,0.0,0.25,5.849462365591398
https://doi.org/10.5006/3965,0.017467248908296942,0.42857142857142855,0.013100436681222707,0.004366812227074236,0.44318303777695284,0.0,0.42857142857142855,0.0,0.0,5.406113537117904
https://doi.org/10.5006/3705,0.02830188679245283,0.5,0.009433962264150943,0.009433962264150943,0.4536156709498606,0.0,0.5,0.0,0.3333333333333333,5.85377358490566
https://doi.org/10.5006/3774,0.05056179775280899,1.0,0.0,0.0,0.4838641123625725,0.0,0.2857142857142857,0.0,0.0,5.168539325842697
https://doi.org/10.5006/3556,0.016736401673640166,0.5,0.0,0.008368200836820083,0.33459725478702523,0.0,0.0,0.0,0.16666666666666666,5.481171548117155
https://doi.org/10.5006/3814,0.0189873417721519,0.14285714285714285,0.11392405063291139,0.0,0.17053409601655037,0.0,0.0,0.0,0.0,6.132911392405063
https://doi.org/10.5006/3454,0.022058823529411766,0.6,0.01838235294117647,0.0,0.313169697633042,0.0,0.1,0.0,0.1,5.625
https://doi.org/10.5006/3852,0.05454545454545454,0.6,0.048484848484848485,0.0,0.6117910900991461,0.0,0.2,0.0,0.0,5.442424242424242
https://doi.org/10.5006/3703,0.006535947712418301,0.3333333333333333,0.013071895424836602,0.0,0.2538944392098697,0.0,0.16666666666666666,0.0,0.0,6.078431372549019
https://doi.org/10.5006/3866,0.02185792349726776,0.14285714285714285,0.04371584699453552,0.00546448087431694,0.2079376785840486,0.0,0.0,0.0,0.14285714285714285,5.7103825136612025
https://doi.org/10.5006/3831,0.022598870056497175,0.6666666666666666,0.01694915254237288,0.0,0.4576271186440678,0.0,0.5,0.0,0.16666666666666666,5.694915254237288
https://doi.org/10.5006/3576,0.04580152671755725,0.6,0.05343511450381679,0.007633587786259542,0.44274809160305345,0.0,0.2,0.0,0.0,5.145038167938932
https://doi.org/10.5006/3760,0.022727272727272728,0.375,0.0,0.0,0.3830068078716527,0.0,0.125,0.0,0.0,5.875
https://doi.org/10.5006/3688,0.012903225806451613,0.2,0.04516129032258064,0.0064516129032258064,0.3046637149191637,0.0,0.4,0.0,0.0,5.393548387096774
https://doi.org/10.5006/3748,0.029411764705882353,0.375,0.025735294117647058,0.003676470588235294,0.3769413417051852,0.0,0.5,0.0,0.125,5.797794117647059
https://doi.org/10.5006/3782,0.012589928057553957,0.35714285714285715,0.00539568345323741,0.0,0.5472475130943596,0.0,0.5,0.0,0.0,5.600719424460432
https://doi.org/10.5006/3686,0.020833333333333332,0.5384615384615384,0.0,0.006944444444444444,0.38499413776200686,0.0,0.07692307692307693,0.0,0.07692307692307693,5.222222222222222
https://doi.org/10.5006/3788,0.058823529411764705,0.5,0.0,0.0,0.37307517446089267,0.0,0.5,0.0,0.0,5.65546218487395
https://doi.org/10.5006/3881,0.019417475728155338,0.3333333333333333,0.0,0.0,0.4229712798212032,0.0,0.6666666666666666,0.0,0.3333333333333333,5.757281553398058
https://doi.org/10.5006/3917,0.012578616352201259,0.36363636363636365,0.0031446540880503146,0.009433962264150943,0.47071175698744955,0.09090909090909091,0.5454545454545454,0.0,0.0,5.267295597484277
https://doi.org/10.5006/3768,0.027972027972027972,1.0,0.0,0.0,0.0,0.0,1.0,0.0,0.0,5.559440559440559
https://doi.org/10.5006/3728,0.010256410256410256,0.0,0.015384615384615385,0.005128205128205128,0.3000328713089246,0.0,0.125,0.0,0.125,5.871794871794871
https://doi.org/10.5006/3742,0.02242152466367713,0.25,0.013452914798206279,0.004484304932735426,0.4696118624281398,0.125,0.25,0.0,0.0,6.309417040358745
https://doi.org/10.5006/3895,0.0,1.0,0.0,0.0,0.0,1.0,0.0,0.0,0.0,7.0
https://doi.org/10.5006/3914,0.008695652173913044,0.3333333333333333,0.017391304347826087,0.0,0.6278357219542504,0.25,0.0,0.0,0.0,5.886956521739131
https://doi.org/10.5006/3824,0.013824884792626729,0.0,0.018433179723502304,0.004608294930875576,0.3599488402797882,0.1,0.0,0.0,0.1,5.649769585253456
https://doi.org/10.5006/3912,0.014925373134328358,0.0,0.04477611940298507,0.0,0.34955338592926477,0.0,0.2,0.0,0.4,5.940298507462686
https://doi.org/10.5006/3855,0.030534351145038167,0.6,0.0,0.007633587786259542,0.37660752316164914,0.0,0.4,0.0,0.2,5.458015267175573
https://doi.org/10.5006/3810,0.01834862385321101,0.25,0.009174311926605505,0.0,0.10816354240873023,0.0,0.0,0.0,0.0,6.247706422018348
https://doi.org/10.5006/3936,0.027149321266968326,0.0,0.02262443438914027,0.0,0.13536900725476553,0.0,0.0,0.0,0.0,6.3122171945701355
https://doi.org/10.5006/3957,0.0223463687150838,0.7142857142857143,0.0446927374301676,0.0,0.3063979709676444,0.0,0.14285714285714285,0.0,0.0,6.988826815642458
https://doi.org/10.1080/1478422x.2021.1921336,0.036231884057971016,0.5,0.028985507246376812,0.0,0.2783967059753412,0.0,0.5,0.0,0.0,6.065217391304348
https://doi.org/10.1080/1478422x.2021.1916236,0.04,0.0,0.0,0.006666666666666667,0.44402202147591235,0.0,0.14285714285714285,0.0,0.2857142857142857,6.12
https://doi.org/10.1080/1478422x.2021.1879427,0.014084507042253521,0.16666666666666666,0.02112676056338028,0.0,0.22447010493674968,0.0,0.0,0.0,0.0,5.901408450704225
https://doi.org/10.1080/1478422x.2020.1866844,0.04,0.8,0.04,0.008,0.3365709434874021,0.0,0.2,0.0,0.0,5.312
https://doi.org/10.1080/1478422x.2021.1919840,0.03424657534246575,0.6,0.13013698630136986,0.00684931506849315,0.33652379442570535,0.0,0.4,0.0,0.2,5.376712328767123
https://doi.org/10.1080/1478422x.2021.1961664,0.006535947712418301,1.0,0.0784313725490196,0.0,0.25790091054835107,0.0,0.16666666666666666,0.0,0.0,5.61437908496732
https://doi.org/10.1080/1478422x.2021.2005227,0.006802721088435374,0.1111111111111111,0.0,0.0,0.22168939777959623,0.0,0.0,0.0,0.0,5.571428571428571
https://doi.org/10.1080/1478422x.2021.1954137,0.007462686567164179,0.0,0.022388059701492536,0.0,0.4480098811881682,0.0,0.5,0.0,0.25,5.552238805970149
https://doi.org/10.1080/1478422x.2021.1976086,0.013513513513513514,0.7142857142857143,0.08108108108108109,0.006756756756756757,0.4072032209005233,0.0,0.0,0.0,0.0,5.695945945945946
https://doi.org/10.1080/1478422x.2021.1994107,0.006896551724137931,0.5,0.0,0.013793103448275862,0.11925252735027989,0.0,0.5,0.0,0.25,5.9655172413793105
https://doi.org/10.1080/1478422x.2021.1992132,0.06766917293233082,0.75,0.03007518796992481,0.015037593984962405,0.2590441079240935,0.0,0.5,0.0,0.0,5.962406015037594
https://doi.org/10.1080/1478422x.2021.2019881,0.04,0.125,0.0,0.0,0.2178684618449092,0.0,0.0,0.0,0.0,5.366666666666666
https://doi.org/10.1080/1478422x.2021.1920171,0.02142857142857143,0.5714285714285714,0.007142857142857143,0.0,0.249284690951645,0.0,0.0,0.0,0.0,5.785714285714286
https://doi.org/10.1080/1478422x.2021.1931737,0.02,0.0,0.05,0.01,0.3591656999213594,0.0,0.0,0.0,0.0,5.84
https://doi.org/10.1080/1478422x.2021.1987376,0.027777777777777776,0.16666666666666666,0.027777777777777776,0.006944444444444444,0.4262780348117446,0.0,0.16666666666666666,0.0,0.0,6.013888888888889
https://doi.org/10.1080/1478422x.2021.1982113,0.013422818791946308,0.6666666666666666,0.0,0.0,0.34122748507076944,0.0,0.0,0.0,0.16666666666666666,5.355704697986577
https://doi.org/10.1080/1478422x.2020.1861732,0.03048780487804878,0.625,0.0,0.006097560975609756,0.41175470771058864,0.0,0.125,0.0,0.0,5.079268292682927
https://doi.org/10.1080/1478422x.2021.1922811,0.04,0.75,0.0,0.02,0.20976176963403032,0.0,0.0,0.0,0.25,5.82
https://doi.org/10.1080/1478422x.2021.1917864,0.02608695652173913,0.75,0.02608695652173913,0.008695652173913044,0.13776503928482486,0.0,0.0,0.0,0.0,5.3478260869565215
https://doi.org/10.1080/1478422x.2021.1923178,0.03571428571428571,0.3333333333333333,0.0,0.007142857142857143,0.244532039551767,0.0,0.0,0.0,0.16666666666666666,5.642857142857143
https://doi.org/10.1080/1478422x.2021.1931646,0.04054054054054054,0.16666666666666666,0.14189189189189189,0.006756756756756757,0.16159811815001887,0.0,0.0,0.0,0.0,6.324324324324325
https://doi.org/10.1080/1478422x.2021.1976085,0.024793388429752067,0.6,0.008264462809917356,0.0,0.3194404642989701,0.0,0.0,0.0,0.4,5.768595041322314
https://doi.org/10.1080/1478422x.2021.1980647,0.03333333333333333,0.8571428571428571,0.0,0.006666666666666667,0.2554299208089069,0.0,0.0,0.0,0.14285714285714285,4.886666666666667
https://doi.org/10.1080/1478422x.2021.1937452,0.02,0.4,0.03333333333333333,0.013333333333333334,0.26915505650915134,0.0,0.2,0.0,0.0,5.406666666666666
https://doi.org/10.1080/1478422x.2021.2015823,0.013986013986013986,0.14285714285714285,0.02097902097902098,0.006993006993006993,0.3072151417690741,0.0,0.0,0.0,0.14285714285714285,5.6923076923076925
https://doi.org/10.1080/1478422x.2021.2010873,0.020833333333333332,0.0,0.0,0.0,0.20925721074054668,0.0,0.0,0.0,0.14285714285714285,6.513888888888889
https://doi.org/10.1080/1478422x.2021.1879426,0.015037593984962405,0.2,0.0,0.007518796992481203,0.12491163703636202,0.0,0.0,0.0,0.2,5.924812030075188
https://doi.org/10.1080/1478422x.2021.1961663,0.030303030303030304,0.25,0.010101010101010102,0.0,0.1945591947904871,0.0,0.0,0.0,0.0,5.626262626262626
https://doi.org/10.1080/1478422x.2021.1901043,0.027586206896551724,0.25,0.027586206896551724,0.0,0.6084228456397031,0.125,0.125,0.0,0.0,5.7379310344827585
https://doi.org/10.1080/1478422x.2021.2019880,0.0,0.625,0.0,0.0,0.3839158639560285,0.0,0.0,0.0,0.0,5.535211267605634
https://doi.org/10.1080/1478422x.2021.1904096,0.012738853503184714,0.0,0.0,0.0,0.2651548827579445,0.0,0.16666666666666666,0.0,0.3333333333333333,6.2993630573248405
https://doi.org/10.1080/1478422x.2021.1931645,0.025423728813559324,0.5,0.05084745762711865,0.0,0.23424194849297036,0.0,0.0,0.0,0.0,6.11864406779661
https://doi.org/10.1080/1478422x.2021.1916237,0.02666666666666667,0.7142857142857143,0.04666666666666667,0.013333333333333334,0.3863216851853446,0.0,0.14285714285714285,0.0,0.14285714285714285,5.113333333333333
https://doi.org/10.1080/1478422x.2021.1943818,0.04054054054054054,0.0,0.02027027027027027,0.0,0.41464691871800696,0.0,0.2,0.0,0.0,5.702702702702703
https://doi.org/10.1080/1478422x.2021.1893942,0.029850746268656716,0.7142857142857143,0.05223880597014925,0.007462686567164179,0.3645276042334273,0.0,0.0,0.0,0.14285714285714285,6.08955223880597
https://doi.org/10.1080/1478422x.2021.1916689,0.026845637583892617,1.0,0.0,0.006711409395973154,0.42292530883726576,0.0,0.5,0.0,0.25,5.422818791946309
https://doi.org/10.1080/1478422x.2021.2005228,0.02564102564102564,0.0,0.017094017094017096,0.008547008547008548,0.19245008972987523,0.0,0.0,0.0,0.0,5.495726495726496
https://doi.org/10.1080/1478422x.2021.1927496,0.006535947712418301,0.25,0.032679738562091505,0.006535947712418301,0.5398787762858035,0.0,0.125,0.0,0.0,6.4640522875816995
https://doi.org/10.1080/1478422x.2021.1941542,0.011560693641618497,0.42857142857142855,0.05202312138728324,0.0,0.3056486489341569,0.0,0.14285714285714285,0.0,0.0,5.988439306358382
https://doi.org/10.1080/1478422x.2021.1998956,0.026143790849673203,0.8333333333333334,0.0392156862745098,0.006535947712418301,0.5318269769003491,0.0,0.16666666666666666,0.0,0.0,5.882352941176471
https://doi.org/10.1080/1478422x.2021.1947942,0.03597122302158273,0.4,0.0,0.0,0.25066548762855173,0.0,0.2,0.0,0.0,5.798561151079137
https://doi.org/10.1080/1478422x.2021.1886739,0.036231884057971016,0.5714285714285714,0.043478260869565216,0.007246376811594203,0.4614980674808886,0.14285714285714285,0.0,0.0,0.0,4.77536231884058
https://doi.org/10.1080/1478422x.2021.1918839,0.013333333333333334,0.6666666666666666,0.013333333333333334,0.0,0.16329931618554522,0.0,0.0,0.0,0.0,4.946666666666666
https://doi.org/10.1080/1478422x.2021.2002794,0.020833333333333332,0.75,0.0,0.006944444444444444,0.08098544298396251,0.0,0.75,0.0,0.0,5.493055555555555
https://doi.org/10.1080/1478422x.2020.1864097,0.029585798816568046,1.0,0.011834319526627219,0.0,0.46625566906726407,0.0,0.3333333333333333,0.0,0.0,4.928994082840236
https://doi.org/10.1080/1478422x.2021.1946250,0.039735099337748346,0.5,0.019867549668874173,0.006622516556291391,0.3223336032751776,0.0,0.16666666666666666,0.0,0.0,5.920529801324503
https://doi.org/10.1080/1478422x.2021.1916235,0.03773584905660377,0.5,0.0,0.009433962264150943,0.3998041528380583,0.0,0.25,0.0,0.0,5.188679245283019
https://doi.org/10.1080/1478422x.2021.1937451,0.033783783783783786,0.16666666666666666,0.06756756756756757,0.0,0.4857351555570656,0.0,0.16666666666666666,0.0,0.0,5.95945945945946
https://doi.org/10.1080/1478422x.2021.1944552,0.014184397163120567,0.14285714285714285,0.0,0.0,0.38218988894489303,0.0,0.0,0.0,0.14285714285714285,5.319148936170213
https://doi.org/10.1080/1478422x.2021.1979298,0.04697986577181208,0.7142857142857143,0.04697986577181208,0.006711409395973154,0.23652362666719592,0.0,0.0,0.0,0.14285714285714285,6.402684563758389
https://doi.org/10.1080/1478422x.2021.1973175,0.019736842105263157,0.625,0.013157894736842105,0.006578947368421052,0.2809757434745082,0.0,0.0,0.0,0.125,5.184210526315789
https://doi.org/10.1080/1478422x.2021.1986248,0.04081632653061224,0.6666666666666666,0.027210884353741496,0.013605442176870748,0.22324951131186313,0.0,0.16666666666666666,0.0,0.16666666666666666,5.5646258503401365
https://doi.org/10.1080/1478422x.2021.1935088,0.03361344537815126,0.2,0.03361344537815126,0.0,0.32262779530172214,0.0,0.0,0.0,0.0,5.756302521008403
https://doi.org/10.1080/1478422x.2021.1972249,0.014925373134328358,0.6,0.0,0.007462686567164179,0.18790564644797272,0.0,0.0,0.0,0.0,5.2611940298507465
https://doi.org/10.1080/1478422x.2021.1998952,0.061068702290076333,0.8,0.007633587786259542,0.007633587786259542,0.4824282537198462,0.2,0.4,0.0,0.2,4.984732824427481
https://doi.org/10.1080/1478422x.2020.1862967,0.020833333333333332,0.25,0.027777777777777776,0.0,0.3557291243018249,0.0,0.0,0.0,0.0,5.604166666666667
https://doi.org/10.1080/1478422x.2021.2010875,0.023809523809523808,0.5,0.047619047619047616,0.015873015873015872,0.1937548510433921,0.0,0.25,0.0,0.25,4.976190476190476
https://doi.org/10.1080/1478422x.2020.1870094,0.026785714285714284,0.3333333333333333,0.03571428571428571,0.0,0.7982961766877539,0.0,0.3333333333333333,0.0,0.0,5.776785714285714
https://doi.org/10.1080/1478422x.2021.1935086,0.013333333333333334,0.16666666666666666,0.0,0.0,0.28,0.0,0.16666666666666666,0.0,0.0,6.206666666666667
https://doi.org/10.1080/1478422x.2021.1886740,0.04697986577181208,0.5714285714285714,0.020134228187919462,0.006711409395973154,0.36365683715823,0.0,0.0,0.0,0.14285714285714285,5.832214765100671
https://doi.org/10.1080/1478422x.2021.1916688,0.019230769230769232,0.5,0.0,0.0,0.3088918923886348,0.0,0.0,0.0,0.25,5.9423076923076925
https://doi.org/10.1080/1478422x.2021.1961665,0.022556390977443608,0.0,0.06015037593984962,0.0,0.26218941013778485,0.0,0.0,0.0,0.0,5.932330827067669
https://doi.org/10.1080/1478422x.2021.1933309,0.06896551724137931,0.5,0.006896551724137931,0.0,0.35868699652264396,0.0,0.16666666666666666,0.0,0.0,6.0
https://doi.org/10.1080/1478422x.2021.1980648,0.020833333333333332,0.2857142857142857,0.006944444444444444,0.006944444444444444,0.2490336260700154,0.0,0.0,0.0,0.14285714285714285,5.791666666666667
https://doi.org/10.1080/1478422x.2021.1988386,0.020689655172413793,0.4,0.06206896551724138,0.006896551724137931,0.3021917558649192,0.0,0.2,0.0,0.0,5.3517241379310345
https://doi.org/10.1080/1478422x.2021.1995582,0.013422818791946308,0.2,0.0,0.0,0.2993168204158088,0.0,0.0,0.0,0.0,5.214765100671141
https://doi.org/10.1080/1478422x.2021.2016090,0.010582010582010581,0.16666666666666666,0.010582010582010581,0.0,0.7245586951814742,0.0,0.3333333333333333,0.0,0.0,5.915343915343915
https://doi.org/10.1080/1478422x.2021.1960781,0.030927835051546393,0.3333333333333333,0.041237113402061855,0.0,0.6513636700590232,0.0,0.3333333333333333,0.0,0.0,5.628865979381444
https://doi.org/10.1080/1478422x.2021.2016089,0.03125,0.16666666666666666,0.0078125,0.0,0.3881169483866944,0.0,0.0,0.0,0.0,6.46875
https://doi.org/10.1080/1478422x.2021.1910193,0.021505376344086023,0.3333333333333333,0.043010752688172046,0.0,0.6968538385384796,0.0,0.3333333333333333,0.0,0.0,6.10752688172043
https://doi.org/10.1016/j.corsci.2021.109939,0.009009009009009009,0.2,0.0,0.0,0.3574204400878806,0.0,0.2,0.0,0.0,6.1891891891891895
https://doi.org/10.1016/j.corsci.2021.109650,0.011049723756906077,0.25,0.016574585635359115,0.0055248618784530384,0.47843517504579586,0.0,0.75,0.0,0.25,6.447513812154696
https://doi.org/10.1016/j.corsci.2021.109664,0.030612244897959183,0.6666666666666666,0.02040816326530612,0.0,0.07636035483212127,0.0,0.0,0.0,0.16666666666666666,6.173469387755102
https://doi.org/10.1016/j.corsci.2021.110023,0.061224489795918366,0.5,0.0,0.01020408163265306,0.3384311010566735,0.0,0.0,0.0,0.0,5.448979591836735
https://doi.org/10.1016/j.corsci.2021.109343,0.0211864406779661,0.2727272727272727,0.0211864406779661,0.0,0.40554190216967456,0.0,0.09090909090909091,0.0,0.0,6.059322033898305
https://doi.org/10.1016/j.corsci.2021.109925,0.08080808080808081,0.25,0.030303030303030304,0.0,0.4114224617053798,0.0,0.25,0.0,0.0,6.292929292929293
https://doi.org/10.1016/j.corsci.2021.110007,0.04040404040404041,0.16666666666666666,0.06060606060606061,0.0,0.22336711502521192,0.0,0.0,0.0,0.0,6.909090909090909
https://doi.org/10.1016/j.corsci.2021.109744,0.0,0.5,0.02040816326530612,0.0,0.3074799831289666,0.0,0.0,0.0,0.0,5.816326530612245
https://doi.org/10.1016/j.corsci.2021.109836,0.018018018018018018,0.2,0.036036036036036036,0.0,0.3696988203366341,0.0,0.0,0.0,0.0,5.711711711711712
https://doi.org/10.1016/j.corsci.2021.109946,0.04081632653061224,0.0,0.0,0.01020408163265306,0.4604291499052439,0.2,0.0,0.0,0.2,6.13265306122449
https://doi.org/10.1016/j.corsci.2021.109589,0.019801980198019802,1.0,0.0,0.0,0.10524896844291733,0.0,0.0,0.0,0.16666666666666666,4.801980198019802
https://doi.org/10.1016/j.corsci.2021.109657,0.02,0.4,0.05,0.01,0.2607680962081059,0.0,0.0,0.0,0.0,6.03
https://doi.org/10.1016/j.corsci.2021.109453,0.011904761904761904,0.5,0.11904761904761904,0.011904761904761904,0.16835875742536846,0.0,0.0,0.0,0.0,6.023809523809524
https://doi.org/10.1016/j.corsci.2021.109674,0.0,0.4,0.0,0.01,0.3794733192202055,0.0,0.0,0.0,0.2,6.23
https://doi.org/10.1016/j.corsci.2021.109514,0.05,0.25,0.09,0.0,0.2,0.0,0.0,0.0,0.0,6.15
https://doi.org/10.1016/j.corsci.2021.109963,0.04395604395604396,0.4,0.0,0.0,0.4628448283220371,0.2,0.0,0.0,0.0,5.912087912087912
https://doi.org/10.1016/j.corsci.2021.109271,0.038834951456310676,0.5,0.0970873786407767,0.0,0.35843524159174234,0.0,0.25,0.0,0.0,6.310679611650485
https://doi.org/10.1016/j.corsci.2021.109356,0.03,0.16666666666666666,0.0,0.01,0.17204650534085253,0.0,0.0,0.0,0.16666666666666666,6.59
https://doi.org/10.1016/j.corsci.2021.110050,0.01098901098901099,0.6,0.06593406593406594,0.0,0.55426462474367,0.0,0.2,0.0,0.0,5.362637362637362
https://doi.org/10.1016/j.corsci.2021.109995,0.010101010101010102,0.5,0.18181818181818182,0.0,0.4003620440930589,0.0,0.25,0.0,0.25,5.848484848484849
https://doi.org/10.1016/j.corsci.2021.109460,0.027777777777777776,0.2,0.12037037037037036,0.0,0.2740490479064582,0.0,0.0,0.0,0.2,4.037037037037037
https://doi.org/10.1016/j.corsci.2021.109600,0.0392156862745098,0.5,0.06862745098039216,0.00980392156862745,0.39264675283334877,0.0,0.25,0.0,0.0,6.264705882352941
https://doi.org/10.1016/j.corsci.2021.109315,0.049019607843137254,0.3333333333333333,0.049019607843137254,0.0,0.6046723115729128,0.16666666666666666,0.16666666666666666,0.0,0.16666666666666666,5.617647058823529
https://doi.org/10.1016/j.corsci.2021.109525,0.02,0.2,0.0,0.0,0.3781534080237808,0.0,0.0,0.0,0.0,6.12
https://doi.org/10.1016/j.corsci.2021.109553,0.030612244897959183,0.75,0.02040816326530612,0.0,0.45679651603264065,0.0,0.25,0.0,0.0,5.3979591836734695
https://doi.org/10.1016/j.corsci.2021.109272,0.0,0.2,0.0,0.0,0.3643241483757248,0.0,0.0,0.0,0.0,6.00990099009901
https://doi.org/10.1016/j.corsci.2021.109438,0.041666666666666664,0.0,0.09375,0.0,0.3758670531805982,0.0,0.3333333333333333,0.0,0.0,6.208333333333333
https://doi.org/10.1016/j.corsci.2021.109661,0.030303030303030304,0.0,0.0,0.0,0.3087011472714369,0.0,0.0,0.0,0.0,5.636363636363637
https://doi.org/10.1016/j.corsci.2021.109798,0.044444444444444446,0.5,0.03333333333333333,0.011111111111111112,0.19499920860871384,0.0,0.0,0.0,0.0,5.644444444444445
https://doi.org/10.1016/j.corsci.2021.109390,0.010101010101010102,0.0,0.04040404040404041,0.0,0.2934512938653323,0.0,0.0,0.0,0.0,6.91919191919192
https://doi.org/10.1016/j.corsci.2021.109444,0.039603960396039604,0.5,0.0,0.0,0.09020231266479505,0.0,0.0,0.0,0.0,5.742574257425742
https://doi.org/10.1016/j.corsci.2021.109671,0.02,0.8,0.07,0.0,0.3492849839314596,0.0,0.0,0.0,0.0,5.21
https://doi.org/10.1016/j.corsci.2021.110037,0.06,0.25,0.05,0.0,0.15748015748023622,0.0,0.0,0.0,0.0,6.54
https://doi.org/10.1016/j.corsci.2021.109555,0.030927835051546393,0.2,0.07216494845360824,0.0,0.5782393262837179,0.0,0.2,0.0,0.0,6.731958762886598
https://doi.org/10.1016/j.corsci.2021.109829,0.03,0.25,0.01,0.0,0.1854723699099141,0.0,0.0,0.0,0.25,5.49
https://doi.org/10.1016/j.corsci.2021.109999,0.02912621359223301,1.0,0.009708737864077669,0.0,0.12087281163095857,0.0,0.0,0.0,0.0,6.135922330097087
https://doi.org/10.1016/j.corsci.2021.109441,0.008620689655172414,0.0,0.0,0.008620689655172414,0.1626548471044242,0.0,0.0,0.0,0.16666666666666666,6.0
https://doi.org/10.1016/j.corsci.2021.109466,0.0297029702970297,0.2,0.0,0.0,0.249300560633944,0.0,0.0,0.0,0.0,5.574257425742574
https://doi.org/10.1016/j.corsci.2021.109584,0.021739130434782608,1.0,0.021739130434782608,0.010869565217391304,0.2264420288695615,0.0,0.3333333333333333,0.0,0.0,5.565217391304348
https://doi.org/10.1016/j.corsci.2021.110072,0.030927835051546393,0.2,0.1134020618556701,0.010309278350515464,0.18033871839727736,0.0,0.0,0.0,0.0,5.608247422680412
https://doi.org/10.1016/j.corsci.2021.109433,0.04081632653061224,0.75,0.0,0.0,0.1645358724142561,0.0,0.0,0.0,0.0,6.295918367346939
https://doi.org/10.1016/j.corsci.2021.109313,0.010101010101010102,0.6666666666666666,0.010101010101010102,0.0,0.2156985505460871,0.0,0.3333333333333333,0.0,0.3333333333333333,6.404040404040404
https://doi.org/10.1016/j.corsci.2021.109503,0.03225806451612903,0.0,0.0,0.005376344086021506,0.2951608006733506,0.0,0.4,0.0,0.2,5.682795698924731
https://doi.org/10.1016/j.corsci.2021.109462,0.030612244897959183,0.25,0.01020408163265306,0.0,0.2111036823018082,0.0,0.0,0.0,0.0,6.316326530612245
https://doi.org/10.1016/j.corsci.2021.109787,0.020202020202020204,0.25,0.0,0.010101010101010102,0.24804099308704394,0.0,0.0,0.0,0.0,5.333333333333333
https://doi.org/10.1016/j.corsci.2021.109651,0.03139013452914798,0.3333333333333333,0.013452914798206279,0.004484304932735426,0.24123726737780743,0.0,0.0,0.0,0.0,6.143497757847534
https://doi.org/10.1016/j.corsci.2021.109777,0.024193548387096774,0.2,0.04838709677419355,0.0,0.29674789504796933,0.0,0.2,0.0,0.0,6.225806451612903
https://doi.org/10.1016/j.corsci.2021.109557,0.019801980198019802,0.5,0.0,0.009900990099009901,0.3874058920101752,0.0,0.25,0.0,0.25,5.435643564356436
https://doi.org/10.1016/j.corsci.2021.109702,0.09,0.5,0.08,0.0,0.2135415650406262,0.0,0.0,0.0,0.0,5.67
https://doi.org/10.1016/j.corsci.2021.109779,0.0392156862745098,0.0,0.029411764705882353,0.0,0.699590697055344,0.0,0.25,0.0,0.25,5.450980392156863
https://doi.org/10.1016/j.corsci.2021.109630,0.01,0.25,0.05,0.01,0.2315167380558045,0.0,0.0,0.0,0.25,5.36
https://doi.org/10.1016/j.corsci.2021.109629,0.026490066225165563,0.0,0.039735099337748346,0.0,0.2858442629789038,0.0,0.0,0.0,0.0,6.172185430463577
https://doi.org/10.1016/j.corsci.2021.109864,0.01948051948051948,0.16666666666666666,0.03896103896103896,0.012987012987012988,0.20327890704543541,0.0,0.0,0.0,0.0,6.688311688311688
https://doi.org/10.1016/j.corsci.2021.109542,0.04,0.0,0.0,0.0,0.37013511046643494,0.0,0.0,0.0,0.0,6.06
https://doi.org/10.1016/j.corsci.2021.109327,0.0,0.75,0.1346153846153846,0.0,0.3064880278944082,0.0,0.0,0.0,0.0,5.846153846153846
https://doi.org/10.1016/j.corsci.2021.109332,0.02,0.75,0.0,0.0,0.29120439557122074,0.0,0.0,0.0,0.0,5.56
https://doi.org/10.1016/j.corsci.2021.109857,0.02040816326530612,0.8333333333333334,0.0,0.01020408163265306,0.27304261551550313,0.0,0.0,0.0,0.16666666666666666,5.36734693877551
https://doi.org/10.1016/j.corsci.2021.109502,0.03,0.0,0.0,0.01,0.17888543819998315,0.0,0.0,0.0,0.16666666666666666,6.63
https://doi.org/10.1016/j.corsci.2021.109426,0.05,0.2,0.0,0.0,0.37013511046643494,0.0,0.0,0.0,0.0,6.19
https://doi.org/10.1016/j.corsci.2021.109920,0.00980392156862745,0.75,0.06862745098039216,0.0,0.29930073573477933,0.0,0.0,0.0,0.0,5.3431372549019605
https://doi.org/10.1016/j.corsci.2021.109552,0.010101010101010102,0.16666666666666666,0.0,0.0,0.5440498185654639,0.16666666666666666,0.0,0.0,0.0,5.525252525252525
https://doi.org/10.3390/cmd2020010,0.01092896174863388,0.0,0.0,0.0,0.17732219387527817,0.0,0.16666666666666666,0.0,0.16666666666666666,6.081967213114754
https://doi.org/10.3390/cmd2040033,0.028169014084507043,0.5555555555555556,0.046948356807511735,0.004694835680751174,0.3362629967975584,0.0,0.0,0.0,0.0,5.065727699530516
https://doi.org/10.3390/cmd2030021,0.0625,0.14285714285714285,0.0,0.006944444444444444,0.4212708580028639,0.0,0.14285714285714285,0.0,0.0,5.694444444444445
https://doi.org/10.3390/cmd2020013,0.027972027972027972,0.3333333333333333,0.03496503496503497,0.0,0.37872152906436385,0.0,0.16666666666666666,0.0,0.08333333333333333,6.181818181818182
https://doi.org/10.3390/cmd2010002,0.0,0.14285714285714285,0.056768558951965066,0.004366812227074236,0.5255799122856979,0.0,0.2857142857142857,0.0,0.0,6.069868995633188
https://doi.org/10.3390/cmd2040028,0.005847953216374269,0.0,0.0,0.0,0.23030840546801423,0.0,0.0,0.0,0.125,6.643274853801169
https://doi.org/10.3390/cmd2040037,0.0078125,0.4,0.0,0.0,0.22453293536249866,0.0,0.0,0.0,0.0,5.484375
https://doi.org/10.3390/cmd2040030,0.025252525252525252,0.3333333333333333,0.015151515151515152,0.0,0.36321524437101416,0.0,0.5,0.0,0.16666666666666666,5.656565656565657
https://doi.org/10.3390/cmd2020016,0.018779342723004695,0.125,0.0,0.004694835680751174,0.4498965768284557,0.0,0.25,0.0,0.0,6.272300469483568
https://doi.org/10.3390/cmd2030023,0.03076923076923077,0.0,0.015384615384615385,0.007692307692307693,0.16992863103365016,0.0,0.0,0.0,0.16666666666666666,6.1692307692307695
https://doi.org/10.3390/cmd2020011,0.024539877300613498,0.14285714285714285,0.0,0.0,0.37064558201210346,0.0,0.14285714285714285,0.0,0.14285714285714285,5.196319018404908
https://doi.org/10.3390/cmd2010005,0.007518796992481203,0.5,0.045112781954887216,0.007518796992481203,0.14598863036802706,0.0,0.0,0.0,0.16666666666666666,5.616541353383458
https://doi.org/10.3390/cmd2040034,0.01775147928994083,0.0,0.029585798816568046,0.005917159763313609,0.32630332967957953,0.0,0.16666666666666666,0.0,0.16666666666666666,5.994082840236686
https://doi.org/10.3390/cmd2020008,0.030864197530864196,0.0,0.030864197530864196,0.006172839506172839,0.4955217837133204,0.1111111111111111,0.0,0.0,0.1111111111111111,6.1234567901234565
https://doi.org/10.3390/cmd2030026,0.030303030303030304,0.0,0.020202020202020204,0.005050505050505051,0.5339222337940408,0.0,0.1,0.0,0.4,5.9646464646464645
https://doi.org/10.3390/cmd2040029,0.0,0.0,0.03164556962025317,0.0,0.2567780098114024,0.0,0.2,0.0,0.0,5.968354430379747
https://doi.org/10.3390/cmd2040032,0.023391812865497075,0.25,0.029239766081871343,0.005847953216374269,0.44193659953003694,0.0,0.125,0.0,0.25,5.8654970760233915
https://doi.org/10.3390/cmd2020017,0.00980392156862745,0.14285714285714285,0.09313725490196079,0.0,0.2603121185755246,0.0,0.14285714285714285,0.0,0.0,6.186274509803922
https://doi.org/10.3390/cmd2010006,0.011764705882352941,0.125,0.0,0.0,0.3658426307168521,0.0,0.0,0.0,0.0,5.647058823529412
https://doi.org/10.3390/cmd2020009,0.00816326530612245,0.5,0.0,0.004081632653061225,0.48681063028067606,0.1,0.2,0.0,0.1,5.497959183673469
https://doi.org/10.3390/cmd2030019,0.014814814814814815,0.5,0.02962962962962963,0.0,0.17069212773041353,0.0,0.5,0.0,0.0,5.644444444444445
https://doi.org/10.3390/cmd2030027,0.010416666666666666,0.25,0.057291666666666664,0.005208333333333333,0.3620447332704743,0.0,0.125,0.0,0.125,5.776041666666667
https://doi.org/10.3390/cmd2010003,0.019157088122605363,0.6923076923076923,0.13026819923371646,0.007662835249042145,0.42733619903750764,0.0,0.07692307692307693,0.0,0.0,5.2988505747126435
https://doi.org/10.3390/cmd2030022,0.01818181818181818,0.0,0.05454545454545454,0.0,0.38483655433666775,0.0,0.0,0.0,0.1111111111111111,6.315151515151515
https://doi.org/10.3390/cmd2030024,0.018867924528301886,0.0,0.018867924528301886,0.0,0.15615986186081934,0.0,0.0,0.0,0.0,5.622641509433962
https://doi.org/10.3390/cmd2040040,0.01639344262295082,0.6666666666666666,0.0273224043715847,0.0,0.2668659114114706,0.0,0.3333333333333333,0.0,0.3333333333333333,5.612021857923497
https://doi.org/10.3390/cmd3010001,0.035897435897435895,0.5,0.05128205128205128,0.005128205128205128,0.2848347502974116,0.0,0.0,0.0,0.1,5.4
https://doi.org/10.3390/cmd2040035,0.004807692307692308,0.0,0.0,0.004807692307692308,0.23434726167219114,0.0,0.14285714285714285,0.0,0.14285714285714285,5.408653846153846
https://doi.org/10.3390/cmd2040031,0.0375,0.0,0.01875,0.0,0.19059938352471134,0.0,0.2,0.0,0.0,5.79375
https://doi.org/10.3390/cmd2040039,0.017191977077363897,0.42857142857142855,0.045845272206303724,0.0028653295128939827,0.283030165640996,0.0,0.07142857142857142,0.0,0.0,5.564469914040115
https://doi.org/10.3390/cmd2040041,0.0297029702970297,0.0,0.06930693069306931,0.0,0.037046112740336055,0.0,0.0,0.0,0.3333333333333333,6.00990099009901
https://doi.org/10.3390/cmd2010004,0.023529411764705882,0.6666666666666666,0.0058823529411764705,0.0058823529411764705,0.25423744452910957,0.0,0.16666666666666666,0.0,0.16666666666666666,5.8882352941176475
https://doi.org/10.3390/cmd2030025,0.009345794392523364,0.2222222222222222,0.03271028037383177,0.009345794392523364,0.2932405885932193,0.0,0.1111111111111111,0.0,0.0,5.757009345794392
https://doi.org/10.3390/cmd2040038,0.011904761904761904,0.2857142857142857,0.08928571428571429,0.0,0.2672612419124244,0.0,0.14285714285714285,0.0,0.14285714285714285,6.630952380952381
https://doi.org/10.3390/cmd2010007,0.0,0.0,0.046875,0.0,0.3018138165510504,0.0,0.14285714285714285,0.0,0.0,5.302083333333333
https://doi.org/10.3390/cmd2030018,0.018867924528301886,0.16666666666666666,0.08490566037735849,0.009433962264150943,0.16556536579985134,0.0,0.0,0.0,0.0,5.3584905660377355
https://doi.org/10.3390/cmd2030020,0.015306122448979591,0.5,0.04591836734693878,0.0,0.3805725754892146,0.0,0.0,0.0,0.0,5.107142857142857
https://doi.org/10.3390/cmd2020012,0.005376344086021506,0.375,0.016129032258064516,0.010752688172043012,0.4525080733871143,0.0,0.125,0.0,0.125,5.935483870967742
https://doi.org/10.3390/cmd2020014,0.020202020202020204,0.2,0.020202020202020204,0.010101010101010102,0.441911976853078,0.2,0.0,0.0,0.2,5.565656565656566
https://doi.org/10.3390/cmd2040036,0.025,1.0,0.13125,0.00625,0.271713313991052,0.0,0.4,0.0,0.2,6.0875
https://doi.org/10.3390/cmd2020015,0.035,0.14285714285714285,0.0,0.0,0.24454038521274965,0.0,0.2857142857142857,0.0,0.0,6.025
https://doi.org/10.1002/maco.202112569,0.04639175257731959,0.18181818181818182,0.005154639175257732,0.010309278350515464,0.23722543296915152,0.0,0.0,0.0,0.09090909090909091,6.06701030927835
https://doi.org/10.1002/maco.202112485,0.034482758620689655,0.3333333333333333,0.034482758620689655,0.0,0.30110774476849966,0.0,0.0,0.0,0.0,5.620689655172414
https://doi.org/10.1002/maco.202112530,0.017241379310344827,0.3333333333333333,0.04597701149425287,0.011494252873563218,0.4147498517854877,0.0,0.16666666666666666,0.0,0.0,5.091954022988506
https://doi.org/10.1002/maco.202112442,0.05504587155963303,0.8,0.009174311926605505,0.0,0.0889482542645198,0.0,0.0,0.0,0.0,5.853211009174312
https://doi.org/10.1002/maco.202112302,0.021621621621621623,0.1111111111111111,0.03783783783783784,0.005405405405405406,0.18362473244824895,0.0,0.0,0.0,0.0,5.52972972972973
https://doi.org/10.1002/maco.202112294,0.023391812865497075,1.0,0.011695906432748537,0.005847953216374269,0.20333729416039428,0.0,0.16666666666666666,0.0,0.0,5.111111111111111
https://doi.org/10.1002/maco.202112505,0.03333333333333333,0.5,0.05,0.008333333333333333,0.3763863263545405,0.0,0.25,0.0,0.0,5.083333333333333
https://doi.org/10.1002/maco.202112392,0.03508771929824561,0.375,0.005847953216374269,0.011695906432748537,0.37858440490384826,0.0,0.0,0.0,0.25,5.409356725146199
https://doi.org/10.1002/maco.202112347,0.02666666666666667,0.2,0.03333333333333333,0.0,0.1646545204697129,0.0,0.0,0.0,0.0,5.406666666666666
https://doi.org/10.1002/maco.202012082,0.012096774193548387,0.2857142857142857,0.008064516129032258,0.004032258064516129,0.38814542100351224,0.0,0.42857142857142855,0.0,0.0,5.5
https://doi.org/10.1002/maco.202112493,0.03076923076923077,0.16666666666666666,0.007692307692307693,0.007692307692307693,0.3419401657060441,0.0,0.16666666666666666,0.0,0.0,6.092307692307692
https://doi.org/10.1002/maco.202112511,0.01639344262295082,0.5,0.04918032786885246,0.0,0.23164500977296876,0.0,0.3333333333333333,0.0,0.0,5.245901639344262
https://doi.org/10.1002/maco.202012174,0.01904761904761905,0.25,0.0,0.009523809523809525,0.38415321962092774,0.0,0.25,0.0,0.0,5.561904761904762
https://doi.org/10.1002/maco.202011822,0.018518518518518517,0.625,0.012345679012345678,0.006172839506172839,0.39176868278080074,0.0,0.0,0.0,0.0,5.018518518518518
https://doi.org/10.1002/maco.202012274,0.008771929824561403,0.16666666666666666,0.0,0.0,0.33287133264930313,0.0,0.0,0.0,0.0,6.394736842105263
https://doi.org/10.1002/maco.202112552,0.022222222222222223,0.3333333333333333,0.07407407407407407,0.007407407407407408,0.38809442659051063,0.0,0.16666666666666666,0.0,0.0,5.851851851851852
https://doi.org/10.1002/maco.202112568,0.019417475728155338,0.5714285714285714,0.09223300970873786,0.0048543689320388345,0.43624547453710627,0.0,0.42857142857142855,0.0,0.14285714285714285,5.029126213592233
https://doi.org/10.1002/maco.202012133,0.034013605442176874,0.4,0.0,0.006802721088435374,0.29227960624409305,0.0,0.2,0.0,0.0,6.01360544217687
https://doi.org/10.1002/maco.202112280,0.03409090909090909,0.6,0.0,0.0,0.2556186790727725,0.0,0.0,0.0,0.0,5.875
https://doi.org/10.1002/maco.202112483,0.03468208092485549,0.125,0.005780346820809248,0.005780346820809248,0.34831086462850475,0.0,0.0,0.0,0.125,5.901734104046243
https://doi.org/10.1002/maco.202112289,0.014184397163120567,0.3333333333333333,0.02127659574468085,0.0,0.25737939449112135,0.0,0.0,0.0,0.16666666666666666,5.787234042553192
https://doi.org/10.1002/maco.202112602,0.030303030303030304,0.75,0.015151515151515152,0.0,0.3991496931005907,0.0,0.75,0.0,0.0,5.2272727272727275
https://doi.org/10.1002/maco.202112557,0.03164556962025317,0.0,0.012658227848101266,0.006329113924050633,0.25910746190454076,0.0,0.0,0.0,0.0,6.481012658227848
https://doi.org/10.1002/maco.202012132,0.011428571428571429,0.42857142857142855,0.022857142857142857,0.0,0.2601098668969381,0.0,0.0,0.0,0.0,5.8742857142857146
https://doi.org/10.1002/maco.202112523,0.02654867256637168,0.5,0.0,0.0,0.3321827323738666,0.0,0.0,0.0,0.0,4.619469026548672
https://doi.org/10.1002/maco.202112586,0.011194029850746268,0.9,0.026119402985074626,0.0,0.2102836239344085,0.0,0.0,0.0,0.0,4.552238805970149
https://doi.org/10.1002/maco.202112402,0.006024096385542169,0.5,0.060240963855421686,0.012048192771084338,0.43955268305914935,0.0,0.16666666666666666,0.0,0.0,5.734939759036145
https://doi.org/10.1002/maco.202112775,0.057971014492753624,0.3333333333333333,0.0,0.028985507246376812,0.1774992567234187,0.0,0.0,0.0,0.0,6.144927536231884
https://doi.org/10.1002/maco.202112636,0.02631578947368421,0.0,0.0,0.0,0.22637698071164808,0.0,0.0,0.0,0.0,6.217105263157895
https://doi.org/10.1002/maco.202112551,0.01694915254237288,0.0,0.0,0.00847457627118644,0.3686197147615516,0.0,0.0,0.0,0.16666666666666666,6.0508474576271185
https://doi.org/10.1002/maco.202112637,0.0070921985815602835,0.0,0.0,0.0,0.3687943262411348,0.0,0.2,0.0,0.0,5.74468085106383
https://doi.org/10.1002/maco.202112595,0.024793388429752067,0.8333333333333334,0.0,0.0,0.24023870832642366,0.0,0.0,0.0,0.0,4.925619834710743
https://doi.org/10.1002/maco.202112791,0.010471204188481676,0.6666666666666666,0.010471204188481676,0.005235602094240838,0.3633749256431546,0.0,0.5,0.0,0.0,5.198952879581152
https://doi.org/10.1002/maco.202112640,0.027210884353741496,0.0,0.047619047619047616,0.013605442176870748,0.4004370789867058,0.0,0.3333333333333333,0.0,0.0,6.0
https://doi.org/10.1002/maco.202112744,0.03225806451612903,0.25,0.0967741935483871,0.0,0.5164649444525947,0.125,0.25,0.0,0.125,5.435483870967742
https://doi.org/10.1002/maco.202112363,0.01020408163265306,0.5,0.0,0.01020408163265306,0.06768622021133469,0.0,0.0,0.0,0.0,5.642857142857143
https://doi.org/10.1002/maco.202012146,0.015,0.8333333333333334,0.0,0.0,0.2932575659723035,0.0,0.5,0.0,0.0,4.785
https://doi.org/10.1002/maco.202012118,0.023076923076923078,0.4,0.015384615384615385,0.0,0.17541160386140586,0.0,0.0,0.0,0.0,5.892307692307693
https://doi.org/10.1002/maco.202112490,0.013157894736842105,0.6666666666666666,0.05921052631578947,0.0,0.4735014267222785,0.0,0.16666666666666666,0.0,0.0,5.223684210526316
https://doi.org/10.1002/maco.202012201,0.0410958904109589,0.2,0.0821917808219178,0.0,0.213760089511332,0.0,0.2,0.0,0.0,5.821917808219178
https://doi.org/10.1002/maco.202112789,0.013071895424836602,0.8333333333333334,0.0,0.006535947712418301,0.3143376380761059,0.0,0.16666666666666666,0.0,0.0,5.196078431372549
https://doi.org/10.1002/maco.202112516,0.056451612903225805,0.3333333333333333,0.016129032258064516,0.0,0.408354480682973,0.0,0.16666666666666666,0.0,0.0,5.25
https://doi.org/10.1002/maco.202112769,0.01675977653631285,0.3,0.0223463687150838,0.0,0.3054287582756793,0.0,0.0,0.0,0.0,5.843575418994414
https://doi.org/10.1002/maco.202012241,0.0427807486631016,0.25,0.0374331550802139,0.0,0.26625431624608775,0.0,0.0,0.0,0.125,6.037433155080214
https://doi.org/10.1002/maco.202112328,0.010362694300518135,0.125,0.02072538860103627,0.0,0.23396522082643806,0.0,0.0,0.0,0.0,5.036269430051814
https://doi.org/10.1002/maco.202112371,0.016304347826086956,0.0,0.0,0.010869565217391304,0.3582012402887844,0.0,0.0,0.0,0.1,5.5271739130434785
https://doi.org/10.1002/maco.202112494,0.023952095808383235,0.6666666666666666,0.023952095808383235,0.005988023952095809,0.25524720342451634,0.0,0.16666666666666666,0.0,0.0,5.395209580838324
https://doi.org/10.1002/maco.202012095,0.027777777777777776,0.0,0.0,0.0,0.5173531878587918,0.0,0.125,0.0,0.0,6.061111111111111
https://doi.org/10.1002/maco.202112298,0.016666666666666666,0.5,0.0,0.011111111111111112,0.25337231668869736,0.1,0.0,0.0,0.1,5.372222222222222
https://doi.org/10.1002/maco.202012075,0.015267175572519083,0.14285714285714285,0.0,0.007633587786259542,0.3363979318554305,0.0,0.0,0.0,0.2857142857142857,5.396946564885496
https://doi.org/10.1002/maco.202112470,0.04040404040404041,0.5,0.0,0.0,0.32621727801929584,0.0,0.25,0.0,0.0,5.595959595959596
https://doi.org/10.1002/maco.202112756,0.017142857142857144,0.5,0.05142857142857143,0.011428571428571429,0.2451821480334278,0.0,0.16666666666666666,0.0,0.0,5.582857142857143
https://doi.org/10.1002/maco.202112751,0.0125,0.16666666666666666,0.00625,0.00625,0.5038911092686593,0.0,0.3333333333333333,0.0,0.0,6.36875
https://doi.org/10.1002/maco.202112866,0.03937007874015748,0.0,0.031496062992125984,0.015748031496062992,0.48442798158337086,0.0,0.16666666666666666,0.0,0.16666666666666666,6.3700787401574805
https://doi.org/10.1002/maco.202012190,0.021505376344086023,0.3333333333333333,0.005376344086021506,0.005376344086021506,0.3352356401746214,0.0,0.0,0.0,0.2222222222222222,5.913978494623656
https://doi.org/10.1002/maco.202112415,0.009523809523809525,0.2,0.0,0.009523809523809525,0.24281045302822785,0.0,0.0,0.0,0.0,5.933333333333334
https://doi.org/10.1002/maco.202112426,0.032432432432432434,0.7142857142857143,0.043243243243243246,0.010810810810810811,0.28735208345950297,0.0,0.14285714285714285,0.0,0.0,5.302702702702702
https://doi.org/10.1002/maco.202112722,0.010869565217391304,0.2222222222222222,0.005434782608695652,0.0,0.2599621900674217,0.0,0.0,0.0,0.1111111111111111,5.6521739130434785
https://doi.org/10.1002/maco.202112662,0.015037593984962405,0.2,0.022556390977443608,0.0,0.16230851988663833,0.0,0.0,0.0,0.0,5.887218045112782
https://doi.org/10.1002/maco.202112752,0.025806451612903226,0.5,0.0,0.0064516129032258064,0.32122294927753814,0.0,0.0,0.0,0.0,5.787096774193548
https://doi.org/10.1002/maco.202012205,0.05454545454545454,0.6666666666666666,0.0,0.0,0.4041111049253249,0.0,0.0,0.0,0.0,5.509090909090909
https://doi.org/10.1002/maco.202012159,0.042328042328042326,0.7777777777777778,0.031746031746031744,0.005291005291005291,0.16947743257192557,0.0,0.0,0.0,0.0,4.9523809523809526
https://doi.org/10.1002/maco.202112365,0.041666666666666664,0.16666666666666666,0.010416666666666666,0.0,0.2818281095514309,0.0,0.0,0.0,0.0,6.520833333333333
https://doi.org/10.1002/maco.202112450,0.03867403314917127,0.42857142857142855,0.0,0.0,0.11214244823306321,0.0,0.0,0.0,0.0,6.524861878453039
https://doi.org/10.1002/maco.202112826,0.03125,0.25,0.0,0.010416666666666666,0.12842529172852032,0.0,0.0,0.0,0.25,5.958333333333333
https://doi.org/10.1002/maco.202112465,0.05223880597014925,0.5,0.022388059701492536,0.0,0.2168035678557306,0.0,0.75,0.0,0.0,5.373134328358209
https://doi.org/10.1002/maco.202112615,0.018633540372670808,0.0,0.0,0.006211180124223602,0.2603514523619216,0.0,0.16666666666666666,0.0,0.0,6.049689440993789
https://doi.org/10.1002/maco.202112360,0.04741379310344827,0.7777777777777778,0.04741379310344827,0.004310344827586207,0.2692499601162313,0.0,0.1111111111111111,0.0,0.1111111111111111,4.202586206896552
https://doi.org/10.1002/maco.202112373,0.005813953488372093,0.2857142857142857,0.0,0.005813953488372093,0.3128749778389235,0.0,0.0,0.0,0.0,5.3604651162790695
https://doi.org/10.1002/maco.202112382,0.03870967741935484,0.8,0.0064516129032258064,0.012903225806451613,0.4018686839328371,0.0,0.4,0.0,0.0,6.15483870967742
https://doi.org/10.1002/maco.202112448,0.09900990099009901,0.25,0.009900990099009901,0.009900990099009901,0.35353606081895295,0.0,0.25,0.0,0.0,6.227722772277228
https://doi.org/10.1002/maco.202112660,0.02702702702702703,0.5,0.0945945945945946,0.0045045045045045045,0.190471842449243,0.0,0.125,0.0,0.0,5.666666666666667
https://doi.org/10.1002/maco.202112864,0.02040816326530612,0.25,0.0,0.0,0.3799184219168218,0.0,0.0,0.0,0.0,6.0
https://doi.org/10.1002/maco.202112701,0.016042780748663103,0.4444444444444444,0.026737967914438502,0.0053475935828877,0.26339273488822995,0.0,0.0,0.0,0.1111111111111111,6.39572192513369
https://doi.org/10.1002/maco.202112514,0.034013605442176874,0.4,0.04081632653061224,0.0,0.22928298702520702,0.0,0.2,0.0,0.0,4.598639455782313
https://doi.org/10.1002/maco.202112742,0.015384615384615385,0.2857142857142857,0.06153846153846154,0.0,0.4857739508875982,0.0,0.14285714285714285,0.0,0.0,6.569230769230769
https://doi.org/10.1002/maco.202112759,0.03205128205128205,0.16666666666666666,0.03205128205128205,0.01282051282051282,0.30608554836700824,0.0,0.16666666666666666,0.0,0.0,5.576923076923077
https://doi.org/10.1002/maco.202112755,0.023121387283236993,0.2857142857142857,0.03468208092485549,0.005780346820809248,0.4766596098979954,0.0,0.14285714285714285,0.0,0.0,5.445086705202312
https://doi.org/10.1002/maco.202112297,0.02654867256637168,0.0,0.0,0.0,0.2567897013902108,0.0,0.6666666666666666,0.0,0.0,6.292035398230088
https://doi.org/10.1002/maco.202112520,0.017543859649122806,0.3,0.0,0.005847953216374269,0.3077268331443946,0.0,0.0,0.0,0.0,5.871345029239766
https://doi.org/10.1002/maco.202112753,0.013333333333333334,0.2857142857142857,0.02,0.02,0.3982182539484821,0.0,0.14285714285714285,0.0,0.0,4.92
https://doi.org/10.1002/maco.202112796,0.04310344827586207,1.0,0.0,0.008620689655172414,0.24746034645529869,0.0,0.25,0.0,0.0,5.939655172413793
https://doi.org/10.1002/maco.202112795,0.035398230088495575,0.25,0.0,0.0,0.41081396065257203,0.0,0.5,0.0,0.0,5.707964601769912
https://doi.org/10.1002/maco.202112527,0.020512820512820513,0.5714285714285714,0.03076923076923077,0.005128205128205128,0.254867151585419,0.0,0.2857142857142857,0.0,0.0,5.466666666666667
https://doi.org/10.1002/maco.202112708,0.01639344262295082,0.5,0.01639344262295082,0.01639344262295082,0.37847201247918677,0.0,0.0,0.0,0.0,6.032786885245901
https://doi.org/10.1002/maco.202112504,0.017241379310344827,1.0,0.0,0.0,0.2566334892157024,0.0,0.14285714285714285,0.0,0.0,6.103448275862069
https://doi.org/10.1002/maco.202112433,0.036585365853658534,0.3333333333333333,0.03048780487804878,0.006097560975609756,0.2693990491996893,0.0,0.16666666666666666,0.0,0.0,4.9817073170731705
https://doi.org/10.1002/maco.202112453,0.035398230088495575,0.5,0.03982300884955752,0.0,0.39606095576283623,0.0,0.125,0.0,0.0,4.893805309734513
https://doi.org/10.1002/maco.202112745,0.041666666666666664,0.25,0.020833333333333332,0.010416666666666666,0.3359274061791062,0.0,0.0,0.0,0.0,6.0625
https://doi.org/10.1002/maco.202112359,0.038461538461538464,0.6666666666666666,0.0,0.0,0.5039293335136806,0.0,0.16666666666666666,0.0,0.0,5.891025641025641
https://doi.org/10.1002/maco.202112803,0.03592814371257485,0.0,0.0,0.011976047904191617,0.19968062276087506,0.0,0.0,0.0,0.0,5.431137724550898
https://doi.org/10.1002/maco.202112612,0.02142857142857143,0.3333333333333333,0.0,0.007142857142857143,0.30270885857738705,0.0,0.0,0.0,0.0,6.1571428571428575
https://doi.org/10.1002/maco.202112311,0.019138755980861243,0.7142857142857143,0.06220095693779904,0.009569377990430622,0.24180437834436896,0.0,0.14285714285714285,0.0,0.0,5.2105263157894735
https://doi.org/10.1002/maco.202012213,0.011299435028248588,0.5,0.062146892655367235,0.005649717514124294,0.24385584016844336,0.0,0.0,0.0,0.0,6.033898305084746
https://doi.org/10.1002/maco.202112652,0.03333333333333333,0.5,0.03333333333333333,0.013333333333333334,0.26766479866512977,0.0,0.0,0.0,0.0,5.273333333333333
https://doi.org/10.1002/maco.202112385,0.0392156862745098,0.14285714285714285,0.0,0.013071895424836602,0.20812657945216545,0.0,0.0,0.0,0.14285714285714285,5.69281045751634
https://doi.org/10.1002/maco.202112508,0.01990049751243781,0.6666666666666666,0.03980099502487562,0.004975124378109453,0.22137905931628843,0.0,0.0,0.0,0.1111111111111111,5.034825870646766
https://doi.org/10.1002/maco.202112451,0.006711409395973154,0.25,0.006711409395973154,0.0,0.4841061997806846,0.0,0.5,0.0,0.0,5.476510067114094
https://doi.org/10.1002/maco.202112317,0.01818181818181818,0.0,0.0,0.0,0.29147671894329813,0.0,0.0,0.0,0.0,5.7
https://doi.org/10.1002/maco.202112432,0.021621621621621623,0.5714285714285714,0.010810810810810811,0.005405405405405406,0.503138433652761,0.0,0.14285714285714285,0.0,0.14285714285714285,5.454054054054054
https://doi.org/10.1002/maco.202112762,0.01775147928994083,0.6666666666666666,0.0,0.005917159763313609,0.6009049814078665,0.0,0.3333333333333333,0.0,0.0,5.704142011834319
https://doi.org/10.1002/maco.202112282,0.017543859649122806,0.0,0.0,0.008771929824561403,0.24246096422956587,0.0,0.0,0.0,0.0,5.412280701754386
https://doi.org/10.1002/maco.202112336,0.012422360248447204,0.5,0.018633540372670808,0.0,0.38634339230022324,0.0,0.0,0.0,0.1,4.950310559006211
https://doi.org/10.1002/maco.202112340,0.04,0.5,0.0,0.0,0.4936935621752965,0.0,0.0,0.0,0.0,6.04
https://doi.org/10.1002/maco.202112488,0.025,0.3333333333333333,0.0,0.0,0.30745934690622106,0.0,0.16666666666666666,0.0,0.0,6.25625
https://doi.org/10.1002/maco.202112517,0.055900621118012424,0.5714285714285714,0.006211180124223602,0.0,0.4011864661355315,0.0,0.0,0.0,0.0,5.77639751552795
https://doi.org/10.1002/maco.202112606,0.0055248618784530384,0.2857142857142857,0.016574585635359115,0.0055248618784530384,0.3842063790212975,0.0,0.14285714285714285,0.0,0.0,5.50828729281768
https://doi.org/10.1002/maco.202112703,0.007352941176470588,0.3333333333333333,0.0,0.014705882352941176,0.322860270589708,0.0,0.0,0.0,0.0,5.095588235294118
https://doi.org/10.1002/maco.202012260,0.0125,0.3333333333333333,0.0,0.0,0.36529097990506143,0.0,0.3333333333333333,0.0,0.0,5.6625
https://doi.org/10.1002/maco.202112760,0.024390243902439025,1.0,0.006097560975609756,0.006097560975609756,0.23298747773832684,0.0,0.0,0.0,0.0,4.987804878048781
https://doi.org/10.1002/maco.202112836,0.025210084033613446,0.75,0.025210084033613446,0.008403361344537815,0.2104198995890574,0.0,0.5,0.0,0.0,4.420168067226891
https://doi.org/10.1002/maco.202170091,0.021739130434782608,0.25,0.0,0.0,0.3852183727536815,0.0,0.0,0.0,0.0,5.315217391304348
https://doi.org/10.1002/maco.202011997,0.016129032258064516,0.0,0.005376344086021506,0.005376344086021506,0.385750346551658,0.0,0.125,0.0,0.125,6.516129032258065
https://doi.org/10.1002/maco.202112419,0.04242424242424243,0.2857142857142857,0.10303030303030303,0.006060606060606061,0.5130438166077165,0.0,0.14285714285714285,0.0,0.14285714285714285,6.03030303030303
https://doi.org/10.1002/maco.202112609,0.030927835051546393,0.25,0.0,0.010309278350515464,0.1348113075321858,0.0,0.0,0.0,0.25,5.855670103092783
https://doi.org/10.1002/maco.202112459,0.0,0.5,0.034482758620689655,0.0,0.2187685782836124,0.0,0.0,0.0,0.0,6.258620689655173
https://doi.org/10.1002/maco.202170011,0.0,0.0,0.07692307692307693,0.0,0.8461538461538461,0.5,0.0,0.0,0.0,7.076923076923077
https://doi.org/10.1002/maco.202012253,0.028037383177570093,0.2,0.0,0.0,0.31360676141238353,0.0,0.0,0.0,0.0,6.149532710280374
https://doi.org/10.1002/maco.202112714,0.016260162601626018,0.0,0.024390243902439025,0.008130081300813009,0.1968084298684586,0.0,0.0,0.0,0.0,5.829268292682927
https://doi.org/10.1002/maco.202112607,0.02666666666666667,0.8,0.08666666666666667,0.006666666666666667,0.33132729706104475,0.0,0.4,0.0,0.0,5.626666666666667
https://doi.org/10.1002/maco.202112648,0.023076923076923078,1.0,0.0,0.007692307692307693,0.10986812966989001,0.0,0.25,0.0,0.0,4.6692307692307695
https://doi.org/10.1002/maco.202170121,0.01507537688442211,0.3,0.01507537688442211,0.0,0.6858698227081246,0.3,0.1,0.0,0.0,5.592964824120603
https://doi.org/10.1002/maco.202170071,0.02,0.14285714285714285,0.01,0.01,0.3382306905057552,0.14285714285714285,0.0,0.0,0.14285714285714285,5.88
https://doi.org/10.1002/maco.202170101,0.00847457627118644,0.6666666666666666,0.00847457627118644,0.0,0.22001279636859608,0.0,0.6666666666666666,0.0,0.0,5.923728813559322
https://doi.org/10.1002/maco.202170111,0.0449438202247191,0.5,0.0,0.0,0.3215525398034648,0.0,0.0,0.0,0.0,6.157303370786517
https://doi.org/10.1002/maco.202170044,0.0,1.0,0.10344827586206896,0.0,0.0,0.0,1.0,0.0,0.0,5.689655172413793
https://doi.org/10.1002/maco.202170031,0.0684931506849315,1.0,0.0,0.0,0.0,0.0,1.0,0.0,0.0,5.4520547945205475
https://doi.org/10.1002/maco.202170061,0.03389830508474576,0.5,0.03954802259887006,0.0,0.5102605170592357,0.16666666666666666,0.3333333333333333,0.0,0.0,5.5141242937853105
https://doi.org/10.1002/maco.202170051,0.01098901098901099,0.5,0.0,0.0,0.35760747462138415,0.0,0.0,0.0,0.0,4.956043956043956
https://doi.org/10.1002/maco.202170081,0.012195121951219513,1.0,0.08536585365853659,0.0,0.07317073170731707,0.0,1.0,0.0,0.0,4.475609756097561
https://doi.org/10.1002/maco.202170041,0.0,0.25,0.038461538461538464,0.0,0.32522181779399545,0.0,0.0,0.0,0.0,5.461538461538462
https://doi.org/10.1108/acmm-08-2022-2686,0.024539877300613498,0.4444444444444444,0.15337423312883436,0.006134969325153374,0.30736135091718647,0.0,0.0,0.0,0.0,6.177914110429448
https://doi.org/10.1108/acmm-06-2022-2664,0.013636363636363636,0.125,0.0,0.013636363636363636,0.4486895519728388,0.125,0.375,0.0,0.0,5.9772727272727275
https://doi.org/10.1108/acmm-11-2021-2571,0.011764705882352941,0.4444444444444444,0.023529411764705882,0.00392156862745098,0.35567568136072875,0.0,0.1111111111111111,0.0,0.0,5.7254901960784315
https://doi.org/10.1108/acmm-08-2021-2529,0.0374331550802139,0.625,0.10695187165775401,0.0053475935828877,0.2796643179677622,0.0,0.125,0.0,0.0,5.101604278074866
https://doi.org/10.1108/acmm-11-2022-2722,0.0392156862745098,0.3333333333333333,0.049019607843137254,0.00980392156862745,0.26086538618921706,0.0,0.0,0.0,0.0,6.2745098039215685
https://doi.org/10.1108/acmm-03-2022-2629,0.01568627450980392,0.7272727272727273,0.011764705882352941,0.00392156862745098,0.2213516202614915,0.0,0.0,0.0,0.0,6.247058823529412
https://doi.org/10.1108/acmm-01-2022-2590,0.019736842105263157,0.2857142857142857,0.09210526315789473,0.006578947368421052,0.26707609381821634,0.0,0.0,0.0,0.0,5.947368421052632
https://doi.org/10.1108/acmm-09-2022-2701,0.06796116504854369,0.2,0.0,0.009708737864077669,0.2118196527113731,0.0,0.0,0.0,0.0,6.368932038834951
https://doi.org/10.1108/acmm-12-2021-2580,0.017699115044247787,0.5555555555555556,0.07964601769911504,0.004424778761061947,0.17148515376173543,0.0,0.0,0.0,0.0,6.4734513274336285
https://doi.org/10.1108/acmm-11-2021-2565,0.024154589371980676,0.7777777777777778,0.014492753623188406,0.004830917874396135,0.3538132062531508,0.0,0.1111111111111111,0.0,0.1111111111111111,5.429951690821256
https://doi.org/10.1108/acmm-02-2022-2609,0.01744186046511628,0.7142857142857143,0.029069767441860465,0.005813953488372093,0.43986698417157527,0.0,0.2857142857142857,0.0,0.0,5.8313953488372094
https://doi.org/10.1108/acmm-03-2022-2633,0.017142857142857144,0.0,0.09142857142857143,0.011428571428571429,0.2599843009389103,0.0,0.6,0.0,0.2,6.1257142857142854
https://doi.org/10.1108/acmm-01-2022-2597,0.011235955056179775,0.125,0.0,0.011235955056179775,0.3152080930136076,0.0,0.125,0.0,0.0,6.185393258426966
https://doi.org/10.1108/acmm-04-2022-2640,0.014234875444839857,0.5454545454545454,0.0,0.010676156583629894,0.33315387155782067,0.0,0.18181818181818182,0.0,0.09090909090909091,5.153024911032029
https://doi.org/10.1108/acmm-10-2021-2557,0.01644736842105263,0.17647058823529413,0.03289473684210526,0.003289473684210526,0.3403611919670483,0.0,0.0,0.0,0.0,5.753289473684211
https://doi.org/10.1108/acmm-07-2021-2519,0.02553191489361702,0.6363636363636364,0.0,0.00851063829787234,0.4942768883653312,0.0,0.18181818181818182,0.0,0.0,5.714893617021277
https://doi.org/10.1108/acmm-09-2021-2542,0.00684931506849315,0.2727272727272727,0.00684931506849315,0.00684931506849315,0.5032032874576267,0.0,0.18181818181818182,0.0,0.09090909090909091,5.938356164383562
https://doi.org/10.1108/acmm-08-2022-2684,0.011111111111111112,0.3333333333333333,0.1111111111111111,0.005555555555555556,0.2560381915956203,0.0,0.0,0.0,0.0,5.655555555555556
https://doi.org/10.1108/acmm-06-2021-2490,0.010416666666666666,0.125,0.0,0.005208333333333333,0.2534484387624258,0.0,0.125,0.0,0.125,5.979166666666667
https://doi.org/10.1108/acmm-07-2021-2516,0.016597510373443983,0.09090909090909091,0.0,0.008298755186721992,0.4623903748260458,0.0,0.18181818181818182,0.0,0.0,5.742738589211618
https://doi.org/10.1108/acmm-10-2021-2561,0.035175879396984924,0.375,0.010050251256281407,0.005025125628140704,0.41117075204676656,0.0,0.125,0.0,0.125,6.206030150753769
https://doi.org/10.1108/acmm-11-2021-2566,0.03684210526315789,0.125,0.021052631578947368,0.010526315789473684,0.18079541091913334,0.0,0.0,0.0,0.0,6.257894736842105
https://doi.org/10.1108/acmm-10-2022-2708,0.010101010101010102,0.7142857142857143,0.06060606060606061,0.005050505050505051,0.38990422354785426,0.0,0.42857142857142855,0.0,0.0,5.484848484848484
https://doi.org/10.1108/acmm-03-2022-2627,0.0427807486631016,0.8571428571428571,0.0,0.0053475935828877,0.34870246816900763,0.0,0.2857142857142857,0.0,0.0,5.9144385026737964
https://doi.org/10.1108/acmm-08-2021-2531,0.012,0.5714285714285714,0.104,0.008,0.3591100109994151,0.0,0.5714285714285714,0.0,0.0,6.304
https://doi.org/10.1108/acmm-03-2020-2274,0.010471204188481676,0.3333333333333333,0.07329842931937172,0.005235602094240838,0.324142548526997,0.0,0.16666666666666666,0.0,0.0,6.842931937172775
https://doi.org/10.1108/acmm-09-2021-2545,0.01327433628318584,0.25,0.01327433628318584,0.004424778761061947,0.41498669336967625,0.0,0.25,0.0,0.0,6.3628318584070795
https://doi.org/10.1108/acmm-01-2022-2589,0.0048543689320388345,1.0,0.009708737864077669,0.0048543689320388345,0.38591469736605416,0.0,0.3333333333333333,0.0,0.0,4.485436893203883
https://doi.org/10.1108/acmm-04-2022-2642,0.02702702702702703,0.5,0.0,0.013513513513513514,0.41188515281427485,0.0,0.3333333333333333,0.0,0.0,6.675675675675675
https://doi.org/10.1108/acmm-12-2021-2579,0.0,0.0,0.0,0.00980392156862745,0.47888920556156134,0.0,0.2,0.0,0.0,5.8431372549019605
https://doi.org/10.1108/acmm-03-2022-2630,0.013215859030837005,0.3,0.048458149779735685,0.004405286343612335,0.37069902178698555,0.0,0.0,0.0,0.1,6.004405286343612
https://doi.org/10.1108/acmm-04-2022-2646,0.014218009478672985,0.45454545454545453,0.014218009478672985,0.004739336492890996,0.38555019411208985,0.0,0.0,0.0,0.0,5.720379146919432
https://doi.org/10.1108/acmm-08-2021-2532,0.008875739644970414,0.14285714285714285,0.038461538461538464,0.011834319526627219,0.36475822502775007,0.0,0.07142857142857142,0.0,0.07142857142857142,5.905325443786983
https://doi.org/10.1108/acmm-08-2021-2533,0.023255813953488372,0.16666666666666666,0.015503875968992248,0.007751937984496124,0.36500022843390867,0.0,0.0,0.0,0.0,5.837209302325581
https://doi.org/10.1108/acmm-03-2022-2615,0.05263157894736842,0.375,0.031578947368421054,0.005263157894736842,0.14849195768069354,0.0,0.0,0.0,0.0,5.978947368421053
https://doi.org/10.1108/acmm-03-2022-2621,0.011834319526627219,0.6,0.0,0.011834319526627219,0.3552267696994943,0.0,0.4,0.0,0.0,5.1420118343195265
https://doi.org/10.1108/acmm-03-2022-2631,0.02158273381294964,0.3,0.0,0.0035971223021582736,0.4103873581856593,0.0,0.2,0.0,0.0,5.726618705035971
https://doi.org/10.1108/acmm-03-2022-2618,0.0319634703196347,0.25,0.0,0.0045662100456621,0.2864364308230538,0.0,0.25,0.0,0.0,5.853881278538813
https://doi.org/10.1108/acmm-05-2022-2650,0.02843601895734597,1.0,0.004739336492890996,0.009478672985781991,0.2505581021400247,0.0,0.0,0.0,0.0,5.549763033175355
https://doi.org/10.1108/acmm-08-2022-2689,0.03389830508474576,0.6,0.059322033898305086,0.00847457627118644,0.3155001774404455,0.0,0.0,0.0,0.0,6.1525423728813555
https://doi.org/10.1108/acmm-02-2022-2603,0.011811023622047244,0.16666666666666666,0.003937007874015748,0.011811023622047244,0.4216092450465372,0.0,0.6666666666666666,0.0,0.0,5.618110236220472
https://doi.org/10.1108/acmm-03-2022-2617,0.008,0.8333333333333334,0.048,0.004,0.2944825971088954,0.0,0.0,0.0,0.0,5.724
https://doi.org/10.1108/acmm-09-2021-2546,0.008968609865470852,0.4444444444444444,0.03139013452914798,0.004484304932735426,0.47820439414415356,0.0,0.1111111111111111,0.0,0.0,5.479820627802691
https://doi.org/10.1108/acmm-01-2022-2595,0.015037593984962405,0.7,0.09022556390977443,0.007518796992481203,0.24490973646469671,0.0,0.0,0.0,0.0,6.225563909774436
https://doi.org/10.1108/acmm-01-2022-2591,0.011560693641618497,0.8571428571428571,0.04046242774566474,0.005780346820809248,0.28341388837297715,0.0,0.14285714285714285,0.0,0.0,6.08092485549133
https://doi.org/10.1108/acmm-11-2021-2575,0.015151515151515152,0.42857142857142855,0.025252525252525252,0.010101010101010102,0.5083729103903685,0.0,0.14285714285714285,0.0,0.0,5.101010101010101
https://doi.org/10.1108/acmm-06-2021-2492,0.008875739644970414,0.45454545454545453,0.0,0.0029585798816568047,0.34943821926087926,0.0,0.36363636363636365,0.0,0.0,5.819526627218935
https://doi.org/10.1108/acmm-01-2022-2594,0.014925373134328358,0.2857142857142857,0.0,0.004975124378109453,0.42232916278018323,0.0,0.42857142857142855,0.0,0.0,5.875621890547263
https://doi.org/10.1108/acmm-03-2022-2626,0.0163265306122449,0.0,0.0,0.00816326530612245,0.3902177437621917,0.0,0.3333333333333333,0.0,0.0,5.791836734693877
https://doi.org/10.1108/acmm-08-2021-2528,0.0070921985815602835,0.16666666666666666,0.0,0.014184397163120567,0.3600295077020441,0.0,0.16666666666666666,0.0,0.0,5.524822695035461
https://doi.org/10.1108/acmm-11-2021-2568,0.028846153846153848,1.0,0.004807692307692308,0.004807692307692308,0.3012394268811643,0.0,0.8,0.0,0.0,4.980769230769231
https://doi.org/10.1108/acmm-02-2022-2610,0.026143790849673203,1.0,0.0,0.006535947712418301,0.5418533230578455,0.0,0.3333333333333333,0.0,0.0,5.673202614379085
https://doi.org/10.1108/acmm-02-2022-2611,0.012048192771084338,0.1,0.0,0.018072289156626505,0.23362312565861823,0.0,0.0,0.0,0.0,6.240963855421687
https://doi.org/10.1108/acmm-04-2022-2641,0.023809523809523808,0.0,0.0,0.005952380952380952,0.4219058368254607,0.0,0.0,0.0,0.0,6.380952380952381
https://doi.org/10.1108/acmm-04-2022-2648,0.02702702702702703,0.14285714285714285,0.0,0.006756756756756757,0.2716182600302943,0.0,0.0,0.0,0.0,6.094594594594595
https://doi.org/10.1108/acmm-10-2021-2553,0.025210084033613446,1.0,0.012605042016806723,0.008403361344537815,0.29025068973395873,0.0,0.2222222222222222,0.0,0.0,5.411764705882353
https://doi.org/10.1108/acmm-08-2022-2691,0.04081632653061224,0.625,0.030612244897959183,0.00510204081632653,0.3828910824345657,0.0,0.125,0.0,0.0,6.0561224489795915
https://doi.org/10.1108/acmm-03-2022-2635,0.008333333333333333,0.5833333333333334,0.016666666666666666,0.004166666666666667,0.4102844541697057,0.0,0.08333333333333333,0.0,0.0,5.579166666666667
https://doi.org/10.1108/acmm-11-2021-2572,0.025,0.25,0.016666666666666666,0.004166666666666667,0.24094720491334934,0.0,0.25,0.0,0.0,5.6875
https://doi.org/10.1108/acmm-05-2021-2481,0.049723756906077346,0.3333333333333333,0.049723756906077346,0.0055248618784530384,0.23608685767095577,0.0,0.0,0.0,0.0,6.110497237569061
https://doi.org/10.1108/acmm-12-2021-2581,0.02109704641350211,0.75,0.04219409282700422,0.008438818565400843,0.2980886491338407,0.0,0.125,0.0,0.0,5.582278481012659
https://doi.org/10.1108/acmm-01-2021-2425,0.02097902097902098,0.4,0.06293706293706294,0.006993006993006993,0.14932976576267568,0.0,0.0,0.0,0.0,6.461538461538462
https://doi.org/10.1108/acmm-05-2022-2655,0.015,0.4444444444444444,0.06,0.01,0.2975735203273302,0.0,0.0,0.0,0.0,5.76
https://doi.org/10.1108/acmm-07-2021-2507,0.032388663967611336,0.5833333333333334,0.024291497975708502,0.008097165991902834,0.2325381454376417,0.0,0.0,0.0,0.0,5.991902834008097
https://doi.org/10.1108/acmm-01-2022-2592,0.024844720496894408,0.14285714285714285,0.0,0.012422360248447204,0.4335385929593826,0.0,0.14285714285714285,0.0,0.0,5.521739130434782
https://doi.org/10.5006/4179,0.033112582781456956,0.0,0.039735099337748346,0.0,0.12977429100838028,0.0,0.0,0.0,0.0,6.125827814569536
https://doi.org/10.5006/4149,0.004329004329004329,0.75,0.04329004329004329,0.0,0.4737244291826686,0.125,0.25,0.0,0.0,6.0562770562770565
https://doi.org/10.5006/4171,0.02553191489361702,0.0,0.0,0.0,0.37109213243613526,0.0,0.1,0.0,0.0,5.927659574468085
https://doi.org/10.5006/3910,0.011834319526627219,0.0,0.04142011834319527,0.0,0.2941370064292679,0.0,0.0,0.0,0.125,5.946745562130178
https://doi.org/10.5006/4136,0.023255813953488372,0.5714285714285714,0.0872093023255814,0.0,0.3853910097482919,0.0,0.2857142857142857,0.0,0.0,6.122093023255814
https://doi.org/10.5006/4100,0.019801980198019802,0.8333333333333334,0.0,0.0,0.3411174886525191,0.0,0.5,0.0,0.0,5.5495049504950495
https://doi.org/10.5006/4061,0.024154589371980676,0.6666666666666666,0.0,0.004830917874396135,0.3969885942811934,0.0,0.5,0.0,0.3333333333333333,5.400966183574879
https://doi.org/10.5006/4064,0.024896265560165973,0.8888888888888888,0.07468879668049792,0.004149377593360996,0.26157539439791677,0.0,0.1111111111111111,0.0,0.1111111111111111,5.734439834024896
https://doi.org/10.5006/3972,0.04265402843601896,0.25,0.0,0.004739336492890996,0.3204226112584904,0.0,0.0,0.0,0.08333333333333333,6.701421800947867
https://doi.org/10.5006/4116,0.015151515151515152,0.6666666666666666,0.015151515151515152,0.0,0.19045159227237177,0.0,0.0,0.0,0.0,5.833333333333333
https://doi.org/10.5006/4153,0.02072538860103627,0.2857142857142857,0.015544041450777202,0.0051813471502590676,0.31311802963187824,0.0,0.2857142857142857,0.0,0.14285714285714285,5.823834196891192
https://doi.org/10.5006/4180,0.010676156583629894,0.125,0.010676156583629894,0.0,0.1990020822778052,0.0,0.375,0.0,0.0,5.683274021352313
https://doi.org/10.5006/4025,0.013043478260869565,0.75,0.021739130434782608,0.004347826086956522,0.2955242690081118,0.0,0.125,0.0,0.125,5.526086956521739
https://doi.org/10.5006/4086,0.012396694214876033,0.3333333333333333,0.05785123966942149,0.004132231404958678,0.4932091261607696,0.0,0.2222222222222222,0.0,0.1111111111111111,6.256198347107438
https://doi.org/10.5006/4142,0.02857142857142857,0.3333333333333333,0.02857142857142857,0.002857142857142857,0.35183484065970616,0.0,0.25,0.0,0.08333333333333333,5.811428571428571
https://doi.org/10.5006/4150,0.015384615384615385,0.6666666666666666,0.0,0.0,0.334593279552793,0.0,0.0,0.0,0.0,6.176923076923077
https://doi.org/10.5006/4177,0.018018018018018018,0.4,0.05405405405405406,0.0,0.3113000458229009,0.1,0.0,0.0,0.0,5.783783783783784
https://doi.org/10.5006/3999,0.023668639053254437,0.375,0.05917159763313609,0.011834319526627219,0.4405403927913461,0.0,0.125,0.0,0.125,5.928994082840236
https://doi.org/10.5006/4224,0.015503875968992248,0.2857142857142857,0.0,0.007751937984496124,0.3442419118011554,0.0,0.0,0.0,0.14285714285714285,6.124031007751938
https://doi.org/10.5006/4062,0.02857142857142857,0.75,0.0,0.009523809523809525,0.48102309711140534,0.0,0.375,0.0,0.0,5.29047619047619
https://doi.org/10.5006/4104,0.01680672268907563,0.2222222222222222,0.01680672268907563,0.0,0.3272998671285789,0.0,0.1111111111111111,0.0,0.4444444444444444,5.949579831932773
https://doi.org/10.5006/4168,0.01048951048951049,0.8181818181818182,0.024475524475524476,0.0034965034965034965,0.41586348982954896,0.0,0.18181818181818182,0.0,0.0,5.213286713286713
https://doi.org/10.5006/4164,0.02617801047120419,0.0,0.0,0.005235602094240838,0.4561588745540985,0.0,0.125,0.0,0.125,5.806282722513089
https://doi.org/10.5006/4034,0.005235602094240838,0.0,0.0,0.0,0.33966914310593915,0.0,0.0,0.0,0.2,5.837696335078534
https://doi.org/10.5006/4122,0.02643171806167401,0.5555555555555556,0.0,0.00881057268722467,0.3246788682412031,0.0,0.1111111111111111,0.0,0.1111111111111111,5.277533039647577
https://doi.org/10.5006/4215,0.017543859649122806,0.0,0.03508771929824561,0.0,0.2834297266912897,0.0,0.0,0.0,0.16666666666666666,5.526315789473684
https://doi.org/10.5006/4174,0.009345794392523364,0.42857142857142855,0.014018691588785047,0.0,0.29353829485120386,0.0,0.2857142857142857,0.0,0.0,6.130841121495327
https://doi.org/10.5006/3767,0.019736842105263157,0.6,0.0,0.0,0.12586267414282232,0.0,0.2,0.0,0.4,5.0855263157894735
https://doi.org/10.5006/3952,0.013157894736842105,0.1,0.013157894736842105,0.008771929824561403,0.24795252675618543,0.0,0.0,0.0,0.1,6.017543859649122
https://doi.org/10.5006/4079,0.012195121951219513,0.4,0.06097560975609756,0.0,0.29834462982256266,0.0,0.6,0.0,0.2,5.829268292682927
https://doi.org/10.5006/3954,0.005235602094240838,0.16666666666666666,0.0,0.005235602094240838,0.2791612039113776,0.0,0.0,0.0,0.16666666666666666,6.136125654450262
https://doi.org/10.5006/4002,0.03496503496503497,0.8333333333333334,0.06993006993006994,0.0,0.2669277578180743,0.0,0.0,0.0,0.0,5.356643356643357
https://doi.org/10.5006/4093,0.004694835680751174,0.8571428571428571,0.06103286384976526,0.0,0.20625241912196055,0.0,0.2857142857142857,0.0,0.0,5.338028169014085
https://doi.org/10.5006/4070,0.02197802197802198,0.5,0.0,0.005494505494505495,0.3360194472839705,0.0,0.0,0.0,0.0,4.967032967032967
https://doi.org/10.5006/4192,0.025510204081632654,0.3333333333333333,0.0,0.0,0.4262571137592943,0.1111111111111111,0.0,0.0,0.0,5.948979591836735
https://doi.org/10.5006/4200,0.032679738562091505,0.2,0.0,0.0,0.47966910148781106,0.0,0.2,0.0,0.0,5.823529411764706
https://doi.org/10.5006/4112,0.020202020202020204,0.8571428571428571,0.005050505050505051,0.005050505050505051,0.46585262858990734,0.0,0.14285714285714285,0.0,0.14285714285714285,5.055555555555555
https://doi.org/10.5006/3990,0.027522935779816515,0.6,0.10091743119266056,0.0,0.2758403005206038,0.0,0.0,0.0,0.2,5.862385321100917
https://doi.org/10.5006/4111,0.023890784982935155,0.36363636363636365,0.04778156996587031,0.006825938566552901,0.22823554262526263,0.0,0.09090909090909091,0.0,0.09090909090909091,5.4573378839590445
https://doi.org/10.5006/4193,0.018518518518518517,0.14285714285714285,0.018518518518518517,0.006172839506172839,0.20454372254050485,0.0,0.0,0.0,0.0,5.950617283950617
https://doi.org/10.5006/4078,0.033444816053511704,0.0,0.0,0.0,0.32199212686941014,0.0,0.2,0.0,0.0,5.993311036789297
https://doi.org/10.5006/3877,0.01293103448275862,0.125,0.0,0.008620689655172414,0.3347670317059931,0.0,0.125,0.0,0.125,5.25
https://doi.org/10.5006/4145,0.05142857142857143,0.0,0.045714285714285714,0.0,0.14182484166846693,0.0,0.0,0.0,0.0,5.462857142857143
https://doi.org/10.5006/4184,0.02040816326530612,0.42857142857142855,0.0,0.004081632653061225,0.3214399090970968,0.0,0.42857142857142855,0.0,0.14285714285714285,5.285714285714286
https://doi.org/10.5006/4016,0.049019607843137254,0.25,0.029411764705882353,0.0,0.2549019607843137,0.0,0.0,0.0,0.0,5.637254901960785
https://doi.org/10.5006/4123,0.06779661016949153,0.25,0.0847457627118644,0.01694915254237288,0.42440623815420053,0.0,0.0,0.0,0.25,5.6440677966101696
https://doi.org/10.5006/4094,0.003937007874015748,0.8571428571428571,0.07874015748031496,0.0,0.3512993692315625,0.0,0.42857142857142855,0.0,0.14285714285714285,5.2637795275590555
https://doi.org/10.5006/3975,0.04743083003952569,0.6,0.0,0.0,0.3852690640508301,0.0,0.1,0.0,0.0,6.217391304347826
https://doi.org/10.5006/4013,0.021645021645021644,0.375,0.06926406926406926,0.0,0.2193314725695827,0.0,0.125,0.0,0.125,5.861471861471862
https://doi.org/10.5006/4160,0.017964071856287425,0.4444444444444444,0.0,0.0,0.3400016662653506,0.0,0.0,0.0,0.3333333333333333,5.502994011976048
https://doi.org/10.5006/4148,0.012269938650306749,0.0,0.018404907975460124,0.0,0.3197843565625067,0.0,0.16666666666666666,0.0,0.0,5.901840490797546
https://doi.org/10.5006/4058,0.023474178403755867,0.3,0.046948356807511735,0.004694835680751174,0.33267143170059854,0.0,0.1,0.0,0.0,5.765258215962441
https://doi.org/10.5006/4012,0.01020408163265306,0.6666666666666666,0.1836734693877551,0.01020408163265306,0.40867315090817935,0.16666666666666666,0.0,0.0,0.0,5.153061224489796
https://doi.org/10.5006/3876,0.022388059701492536,0.5,0.03731343283582089,0.0,0.43998217829802017,0.0,0.25,0.0,0.0,5.768656716417911
https://doi.org/10.5006/4175,0.04964539007092199,0.2,0.0851063829787234,0.0070921985815602835,0.2676306704129533,0.0,0.4,0.0,0.2,5.9787234042553195
https://doi.org/10.5006/4067,0.038461538461538464,0.0,0.0,0.0,0.2650778606171197,0.0,0.0,0.0,0.0,6.865384615384615
https://doi.org/10.5006/3187,0.038461538461538464,0.6666666666666666,0.027472527472527472,0.0,0.31858657174338956,0.0,0.0,0.0,0.1111111111111111,5.164835164835165
https://doi.org/10.5006/4114,0.04938271604938271,1.0,0.08024691358024691,0.0,0.24660474512886643,0.0,0.0,0.0,0.0,5.104938271604938
https://doi.org/10.5006/4207,0.027932960893854747,0.7142857142857143,0.09497206703910614,0.00558659217877095,0.41431276464221584,0.0,0.14285714285714285,0.0,0.0,5.391061452513966
https://doi.org/10.5006/4205,0.017543859649122806,0.2727272727272727,0.0,0.0,0.2788682811126635,0.09090909090909091,0.0,0.0,0.0,6.292397660818714
https://doi.org/10.5006/4018,0.015625,0.16666666666666666,0.015625,0.0078125,0.21079277442550068,0.0,0.0,0.0,0.0,5.53125
https://doi.org/10.5006/4128,0.01282051282051282,0.3333333333333333,0.0641025641025641,0.0,0.26461240308397815,0.0,0.0,0.0,0.0,5.7756410256410255
https://doi.org/10.5006/4206,0.013888888888888888,0.42857142857142855,0.0,0.0,0.18711379979593723,0.0,0.0,0.0,0.0,6.222222222222222
https://doi.org/10.5006/4213,0.029411764705882353,0.2,0.0,0.0,0.4625539651798216,0.0,0.2,0.0,0.2,5.7254901960784315
https://doi.org/10.5006/3960,0.02702702702702703,0.75,0.0472972972972973,0.0,0.5678892267419107,0.25,0.75,0.0,0.25,5.97972972972973
https://doi.org/10.5006/4003,0.013559322033898305,0.8,0.03389830508474576,0.0,0.3427753968840116,0.0,0.2,0.0,0.0,5.877966101694915
https://doi.org/10.5006/3862,0.022388059701492536,0.8,0.022388059701492536,0.0,0.4602729535853515,0.0,0.2,0.0,0.2,5.529850746268656
https://doi.org/10.5006/4050,0.03731343283582089,0.3333333333333333,0.0,0.0,0.13597662058424326,0.0,0.0,0.0,0.0,6.104477611940299
https://doi.org/10.5006/4065,0.030927835051546393,1.0,0.030927835051546393,0.0,0.0843850801223964,0.0,0.0,0.0,0.0,6.43298969072165
https://doi.org/10.5006/4129,0.033783783783783786,0.42857142857142855,0.02027027027027027,0.006756756756756757,0.23091902014371707,0.0,0.0,0.0,0.2857142857142857,5.95945945945946
https://doi.org/10.5006/4063,0.02727272727272727,0.6666666666666666,0.12727272727272726,0.0,0.41679612313991454,0.0,0.1111111111111111,0.0,0.0,5.536363636363636
https://doi.org/10.5006/4109,0.019867549668874173,0.5,0.08278145695364239,0.0033112582781456954,0.7230077666883228,0.0,0.1,0.0,0.1,5.268211920529802
https://doi.org/10.5006/3964,0.0196078431372549,0.2857142857142857,0.00980392156862745,0.029411764705882353,0.17537788058821882,0.0,0.0,0.0,0.2857142857142857,6.833333333333333
https://doi.org/10.5006/4176,0.035555555555555556,0.25,0.044444444444444446,0.0,0.2733604322610094,0.0,0.125,0.0,0.125,5.231111111111111
https://doi.org/10.5006/3933,0.047619047619047616,0.5714285714285714,0.0,0.0,0.27914526311954124,0.0,0.2857142857142857,0.0,0.0,6.212121212121212
https://doi.org/10.5006/4143,0.056,0.5,0.048,0.0,0.37820629291433006,0.0,0.25,0.0,0.0,6.456
https://doi.org/10.5006/3961,0.020942408376963352,0.6666666666666666,0.03664921465968586,0.0,0.5635268998154415,0.16666666666666666,0.3333333333333333,0.0,0.16666666666666666,5.790575916230367
https://doi.org/10.5006/4165,0.010238907849829351,0.2857142857142857,0.0,0.0034129692832764505,0.3618552296328797,0.0,0.07142857142857142,0.0,0.07142857142857142,6.034129692832765
https://doi.org/10.5006/4069,0.010416666666666666,0.14285714285714285,0.057291666666666664,0.010416666666666666,0.21775567667048826,0.0,0.14285714285714285,0.0,0.2857142857142857,5.973958333333333
https://doi.org/10.5006/4118,0.019704433497536946,0.375,0.07881773399014778,0.0049261083743842365,0.4023457631572958,0.0,0.125,0.0,0.125,5.694581280788177
https://doi.org/10.5006/4023,0.04242424242424243,0.5,0.024242424242424242,0.012121212121212121,0.21487391395437375,0.0,0.0,0.0,0.16666666666666666,5.709090909090909
https://doi.org/10.5006/3977,0.02358490566037736,0.5,0.014150943396226415,0.0,0.24217920099987614,0.0,0.5,0.0,0.0,5.566037735849057
https://doi.org/10.5006/4083,0.04375,0.0,0.01875,0.0,0.2348536778506992,0.0,0.16666666666666666,0.0,0.0,5.91875
https://doi.org/10.5006/4188,0.011428571428571429,0.75,0.017142857142857144,0.005714285714285714,0.5087640084818605,0.0,0.125,0.0,0.125,6.148571428571429
https://doi.org/10.5006/4157,0.05454545454545454,0.0,0.024242424242424242,0.0,0.5259125612101003,0.0,0.4,0.0,0.2,5.721212121212122
https://doi.org/10.5006/4181,0.0,0.0,0.008849557522123894,0.0,0.5089072687550398,0.0,0.25,0.0,0.0,5.247787610619469
https://doi.org/10.5006/3962,0.06629834254143646,1.0,0.03867403314917127,0.011049723756906077,0.29726632159811284,0.0,0.125,0.0,0.125,5.54696132596685
https://doi.org/10.5006/4057,0.02127659574468085,0.0,0.0,0.0,0.35379338613438066,0.0,0.3333333333333333,0.0,0.0,5.627659574468085
https://doi.org/10.5006/4085,0.008064516129032258,0.125,0.020161290322580645,0.004032258064516129,0.5788502724169794,0.0,0.25,0.0,0.125,5.633064516129032
https://doi.org/10.5006/4075,0.032679738562091505,0.16666666666666666,0.026143790849673203,0.006535947712418301,0.31758249969297625,0.0,0.16666666666666666,0.0,0.0,6.052287581699346
https://doi.org/10.5006/4189,0.050359712230215826,0.25,0.0,0.0,0.22092305802567033,0.0,0.0,0.0,0.125,5.618705035971223
https://doi.org/10.5006/4275,0.0057251908396946565,0.5714285714285714,0.03435114503816794,0.0019083969465648854,0.7101339670448564,0.0,0.8571428571428571,0.0,0.0,5.797709923664122
https://doi.org/10.5006/3901,0.008438818565400843,0.25,0.05907172995780591,0.008438818565400843,0.41955018899871427,0.0,0.375,0.0,0.125,5.654008438818566
https://doi.org/10.5006/4005,0.05223880597014925,0.6,0.014925373134328358,0.0,0.39657702255481864,0.0,0.2,0.0,0.0,5.82089552238806
https://doi.org/10.5006/4097,0.019230769230769232,0.25,0.0,0.0,0.21586484923695817,0.0,0.0,0.0,0.25,5.259615384615385
https://doi.org/10.5006/3875,0.022857142857142857,0.0,0.0,0.0,0.31261895695062697,0.0,0.3333333333333333,0.0,0.0,5.72
https://doi.org/10.5006/3848,0.009708737864077669,0.3333333333333333,0.0,0.0,0.3910103022447042,0.0,0.3333333333333333,0.0,0.0,5.330097087378641
https://doi.org/10.5006/4186,0.04132231404958678,1.0,0.01652892561983471,0.01652892561983471,0.5513703736899481,0.0,0.25,0.0,0.25,5.595041322314049
https://doi.org/10.5006/4183,0.03553299492385787,0.3333333333333333,0.015228426395939087,0.005076142131979695,0.23289481719704488,0.0,0.5,0.0,0.16666666666666666,5.9238578680203045
https://doi.org/10.5006/4225,0.023529411764705882,0.42857142857142855,0.052941176470588235,0.01764705882352941,0.5792848472522438,0.0,0.2857142857142857,0.0,0.14285714285714285,5.352941176470588
https://doi.org/10.5006/3934,0.02158273381294964,0.0,0.0,0.007194244604316547,0.34838273418138854,0.0,0.16666666666666666,0.0,0.0,5.798561151079137
https://doi.org/10.5006/3982,0.021505376344086023,0.75,0.053763440860215055,0.0,0.19324947049044547,0.0,0.0,0.0,0.0,5.32258064516129
https://doi.org/10.5006/3987,0.015228426395939087,0.1,0.0,0.005076142131979695,0.4349220094089742,0.1,0.1,0.0,0.1,5.893401015228426
https://doi.org/10.5006/4010,0.010471204188481676,0.25,0.0,0.010471204188481676,0.26025735123846216,0.0,0.0,0.0,0.125,5.706806282722513
https://doi.org/10.5006/4014,0.015,0.4,0.025,0.005,0.6300793600809346,0.2,0.2,0.0,0.0,5.54
https://doi.org/10.5006/4021,0.02,0.5,0.0,0.0,0.132664991614216,0.0,0.0,0.0,0.0,5.05
https://doi.org/10.5006/3918,0.021739130434782608,0.42857142857142855,0.050724637681159424,0.007246376811594203,0.31818113623333544,0.0,0.0,0.0,0.14285714285714285,5.36231884057971
https://doi.org/10.5006/4042,0.03773584905660377,0.3333333333333333,0.0037735849056603774,0.0,0.2782747028616849,0.0,0.3333333333333333,0.0,0.1111111111111111,5.592452830188679
https://doi.org/10.5006/4120,0.03418803418803419,0.42857142857142855,0.02564102564102564,0.008547008547008548,0.29084956456706934,0.0,0.0,0.0,0.2857142857142857,5.6239316239316235
https://doi.org/10.5006/4033,0.03910614525139665,0.8,0.0,0.0,0.26405144800215585,0.0,0.4,0.0,0.0,6.0
https://doi.org/10.5006/4028,0.02880658436213992,0.9,0.0411522633744856,0.0,0.18223530720563397,0.0,0.0,0.0,0.0,5.448559670781893
https://doi.org/10.5006/4134,0.029411764705882353,0.14285714285714285,0.05042016806722689,0.008403361344537815,0.39240188423900985,0.0,0.42857142857142855,0.0,0.14285714285714285,5.869747899159663
https://doi.org/10.5006/3923,0.026041666666666668,0.5,0.0625,0.005208333333333333,0.343276188610085,0.0,0.3333333333333333,0.0,0.0,5.28125
https://doi.org/10.5006/4073,0.028169014084507043,0.16666666666666666,0.0,0.0,0.2231405565880966,0.0,0.0,0.0,0.0,5.626760563380282
https://doi.org/10.1080/1478422x.2022.2161122,0.015503875968992248,0.0,0.0,0.0,0.290154531352138,0.0,0.0,0.0,0.3333333333333333,6.488372093023256
https://doi.org/10.1080/1478422x.2022.2120945,0.03260869565217391,0.6666666666666666,0.02717391304347826,0.005434782608695652,0.39341219719247517,0.0,0.5,0.0,0.0,5.456521739130435
https://doi.org/10.1080/1478422x.2022.2154735,0.06329113924050633,0.16666666666666666,0.006329113924050633,0.006329113924050633,0.20173895506973707,0.0,0.0,0.0,0.0,6.082278481012659
https://doi.org/10.1080/1478422x.2022.2053036,0.013333333333333334,0.0,0.12666666666666668,0.006666666666666667,0.41429994502104933,0.0,0.14285714285714285,0.0,0.0,5.68
https://doi.org/10.1080/1478422x.2022.2162662,0.02631578947368421,0.25,0.07894736842105263,0.008771929824561403,0.22941573387056177,0.0,0.25,0.0,0.0,5.271929824561403
https://doi.org/10.1080/1478422x.2022.2056286,0.027777777777777776,0.375,0.006944444444444444,0.006944444444444444,0.3298428357510532,0.0,0.0,0.0,0.125,6.055555555555555
https://doi.org/10.1080/1478422x.2022.2112931,0.0410958904109589,0.5714285714285714,0.0273972602739726,0.00684931506849315,0.2680874765860401,0.0,0.0,0.0,0.14285714285714285,5.383561643835616
https://doi.org/10.1080/1478422x.2022.2125621,0.02027027027027027,0.0,0.04054054054054054,0.0,0.39996347532293897,0.0,0.0,0.0,0.0,6.02027027027027
https://doi.org/10.1080/1478422x.2022.2119706,0.009523809523809525,0.6666666666666666,0.08571428571428572,0.004761904761904762,0.7499659856232394,0.0,0.3333333333333333,0.0,0.16666666666666666,5.880952380952381
https://doi.org/10.1080/1478422x.2022.2057273,0.026845637583892617,0.6666666666666666,0.06711409395973154,0.0,0.4658027570325002,0.0,0.16666666666666666,0.0,0.0,4.825503355704698
https://doi.org/10.1080/1478422x.2022.2116185,0.007462686567164179,0.0,0.014925373134328358,0.0,0.23646238086201285,0.0,0.0,0.0,0.0,5.925373134328358
https://doi.org/10.1080/1478422x.2022.2071666,0.0,0.8571428571428571,0.0,0.014084507042253521,0.4748171220010584,0.0,0.14285714285714285,0.0,0.14285714285714285,5.204225352112676
https://doi.org/10.1080/1478422x.2022.2096322,0.04,0.0,0.02,0.006666666666666667,0.4319464987446684,0.0,0.14285714285714285,0.0,0.14285714285714285,5.566666666666666
https://doi.org/10.1080/1478422x.2022.2148855,0.02702702702702703,0.8,0.0,0.0,0.5232985849173912,0.0,0.2,0.0,0.0,5.153153153153153
https://doi.org/10.1080/1478422x.2022.2028345,0.013422818791946308,0.6,0.06040268456375839,0.0,0.35092393187654686,0.0,0.4,0.0,0.0,4.751677852348993
https://doi.org/10.1080/1478422x.2022.2115436,0.020833333333333332,0.2,0.020833333333333332,0.006944444444444444,0.04606423319938055,0.0,0.0,0.0,0.0,5.965277777777778
https://doi.org/10.1080/1478422x.2022.2060788,0.012987012987012988,0.375,0.08441558441558442,0.0,0.22305927321191776,0.0,0.0,0.0,0.0,5.720779220779221
https://doi.org/10.1080/1478422x.2022.2126084,0.03225806451612903,0.6,0.0064516129032258064,0.0,0.3480284892712562,0.0,0.4,0.0,0.0,4.95483870967742
https://doi.org/10.1080/1478422x.2022.2149426,0.020618556701030927,0.3333333333333333,0.1134020618556701,0.0,0.2184496917568772,0.0,0.0,0.0,0.16666666666666666,5.453608247422681
https://doi.org/10.1080/1478422x.2022.2074115,0.005813953488372093,0.375,0.03488372093023256,0.0,0.19869776151901233,0.0,0.0,0.0,0.0,5.348837209302325
https://doi.org/10.1080/1478422x.2022.2157534,0.057692307692307696,0.42857142857142855,0.0,0.009615384615384616,0.5280588545286915,0.2857142857142857,0.0,0.0,0.14285714285714285,5.759615384615385
https://doi.org/10.1080/1478422x.2022.2060789,0.0457516339869281,0.7142857142857143,0.0457516339869281,0.006535947712418301,0.22470736519831483,0.0,0.0,0.0,0.0,5.73202614379085
https://doi.org/10.1080/1478422x.2022.2099334,0.045454545454545456,0.125,0.05194805194805195,0.0,0.37347542453372484,0.0,0.0,0.0,0.0,5.623376623376624
https://doi.org/10.1080/1478422x.2022.2161336,0.006329113924050633,0.8333333333333334,0.0759493670886076,0.0,0.399286336597152,0.0,0.3333333333333333,0.0,0.0,4.7405063291139244
https://doi.org/10.1080/1478422x.2022.2077554,0.037037037037037035,0.2,0.027777777777777776,0.0,0.22028476395130217,0.0,0.0,0.0,0.0,5.481481481481482
https://doi.org/10.1080/1478422x.2022.2140247,0.03289473684210526,0.6666666666666666,0.06578947368421052,0.006578947368421052,0.17750970477936895,0.0,0.0,0.0,0.3333333333333333,4.967105263157895
https://doi.org/10.1080/1478422x.2022.2132616,0.0072992700729927005,0.5,0.1386861313868613,0.0,0.09765757781211425,0.0,0.5,0.0,0.0,5.116788321167883
https://doi.org/10.1080/1478422x.2022.2093690,0.006578947368421052,0.0,0.006578947368421052,0.0,0.23092011545768742,0.0,0.0,0.0,0.0,6.980263157894737
https://doi.org/10.1080/1478422x.2022.2125647,0.017543859649122806,0.0,0.0,0.0,0.2893407456573797,0.0,0.0,0.0,0.0,5.947368421052632
https://doi.org/10.1080/1478422x.2022.2100601,0.014084507042253521,0.6666666666666666,0.007042253521126761,0.0,0.35659123665273695,0.0,0.0,0.0,0.0,5.415492957746479
https://doi.org/10.1080/1478422x.2022.2071667,0.020134228187919462,0.5,0.053691275167785234,0.0,0.22946739593662763,0.0,0.0,0.0,0.3333333333333333,5.899328859060403
https://doi.org/10.1080/1478422x.2022.2119006,0.05405405405405406,0.5,0.0,0.006756756756756757,0.34532249565353074,0.0,0.16666666666666666,0.0,0.0,5.662162162162162
https://doi.org/10.1080/1478422x.2022.2096323,0.01935483870967742,0.6666666666666666,0.07096774193548387,0.0,0.2638859527253879,0.0,0.0,0.0,0.0,4.812903225806451
https://doi.org/10.1080/1478422x.2022.2077553,0.03870967741935484,0.2222222222222222,0.01935483870967742,0.0064516129032258064,0.26222453461808487,0.0,0.0,0.0,0.0,6.264516129032258
https://doi.org/10.1080/1478422x.2022.2118438,0.027586206896551724,0.8571428571428571,0.0,0.013793103448275862,0.3061012554644434,0.0,0.0,0.0,0.14285714285714285,5.6
https://doi.org/10.1080/1478422x.2022.2140248,0.03636363636363636,0.5,0.14545454545454545,0.0,0.4352257892213027,0.0,0.25,0.0,0.0,5.963636363636364
https://doi.org/10.1080/1478422x.2022.2075521,0.014285714285714285,0.8571428571428571,0.02857142857142857,0.007142857142857143,0.34641016151377546,0.0,0.0,0.0,0.0,5.421428571428572
https://doi.org/10.1080/1478422x.2022.2100456,0.02702702702702703,0.0,0.006756756756756757,0.006756756756756757,0.26806533006591043,0.0,0.0,0.0,0.0,5.824324324324325
https://doi.org/10.1080/1478422x.2022.2106285,0.03205128205128205,0.5714285714285714,0.0,0.01282051282051282,0.4472503472439079,0.0,0.14285714285714285,0.0,0.14285714285714285,5.301282051282051
https://doi.org/10.1080/1478422x.2022.2101179,0.03355704697986577,0.75,0.0,0.0,0.18441116327562532,0.0,0.5,0.0,0.0,5.610738255033557
https://doi.org/10.1080/1478422x.2022.2128376,0.006944444444444444,0.5714285714285714,0.125,0.0,0.44693313638066895,0.0,0.14285714285714285,0.0,0.0,5.833333333333333
https://doi.org/10.1080/1478422x.2022.2083746,0.013333333333333334,0.16666666666666666,0.05333333333333334,0.0,0.3487119154832539,0.0,0.16666666666666666,0.0,0.0,5.733333333333333
https://doi.org/10.1080/1478422x.2022.2127637,0.012422360248447204,0.2857142857142857,0.037267080745341616,0.006211180124223602,0.29488391230979427,0.0,0.0,0.0,0.0,4.875776397515528
https://doi.org/10.1080/1478422x.2022.2152172,0.007462686567164179,1.0,0.08208955223880597,0.007462686567164179,0.1257634294503934,0.0,0.0,0.0,0.16666666666666666,5.731343283582089
https://doi.org/10.1080/1478422x.2022.2105682,0.041666666666666664,0.6666666666666666,0.0763888888888889,0.0,0.20126912147485332,0.0,0.0,0.0,0.0,5.486111111111111
https://doi.org/10.1080/1478422x.2022.2128708,0.03968253968253968,0.0,0.05555555555555555,0.007936507936507936,0.3323871681170147,0.0,0.2,0.0,0.2,5.5
https://doi.org/10.1080/1478422x.2022.2130509,0.0189873417721519,0.75,0.0189873417721519,0.012658227848101266,0.22959945755970954,0.0,0.75,0.0,0.0,5.632911392405063
https://doi.org/10.1080/1478422x.2022.2153197,0.04081632653061224,1.0,0.04081632653061224,0.006802721088435374,0.27641155991714345,0.0,0.5,0.0,0.0,5.210884353741497
https://doi.org/10.1080/1478422x.2022.2088328,0.027972027972027972,0.625,0.1258741258741259,0.0,0.2952838088212225,0.0,0.0,0.0,0.0,6.398601398601398
https://doi.org/10.1080/1478422x.2022.2065419,0.05405405405405406,0.16666666666666666,0.0,0.0,0.4789201390991716,0.0,0.16666666666666666,0.0,0.0,6.148648648648648
https://doi.org/10.1080/1478422x.2022.2111039,0.020689655172413793,0.16666666666666666,0.04827586206896552,0.0,0.3862684679983571,0.0,0.16666666666666666,0.0,0.3333333333333333,6.172413793103448
https://doi.org/10.1080/1478422x.2022.2071000,0.0472972972972973,0.7142857142857143,0.013513513513513514,0.0,0.32712752532189737,0.0,0.0,0.0,0.0,5.472972972972973
https://doi.org/10.1080/1478422x.2022.2120090,0.02702702702702703,0.0,0.07432432432432433,0.0,0.2790794111900457,0.0,0.4,0.0,0.0,5.601351351351352
https://doi.org/10.1080/1478422x.2022.2075076,0.02666666666666667,0.125,0.04666666666666667,0.006666666666666667,0.43553287922829537,0.0,0.125,0.0,0.25,5.36
https://doi.org/10.1080/1478422x.2022.2152174,0.040983606557377046,0.4,0.0,0.00819672131147541,0.29394132913182147,0.0,0.0,0.0,0.2,5.237704918032787
https://doi.org/10.1080/1478422x.2022.2126407,0.028985507246376812,0.75,0.09420289855072464,0.007246376811594203,0.6417852123328849,0.0,0.5,0.0,0.0,5.036231884057971
https://doi.org/10.1080/1478422x.2022.2149048,0.02702702702702703,0.5,0.033783783783783786,0.006756756756756757,0.4649905549752771,0.0,0.3333333333333333,0.0,0.16666666666666666,5.472972972972973
https://doi.org/10.1080/1478422x.2022.2054915,0.02631578947368421,0.8333333333333334,0.0,0.0,0.27881079079496174,0.0,0.16666666666666666,0.0,0.3333333333333333,5.7368421052631575
https://doi.org/10.1080/1478422x.2022.2060790,0.026143790849673203,0.6,0.0392156862745098,0.0,0.31044031600099126,0.0,0.6,0.0,0.0,5.921568627450981
https://doi.org/10.1080/1478422x.2022.2058779,0.02027027027027027,0.16666666666666666,0.02027027027027027,0.0,0.42626514312398656,0.0,0.16666666666666666,0.0,0.0,5.9324324324324325
https://doi.org/10.1080/1478422x.2022.2127465,0.034013605442176874,0.8571428571428571,0.04081632653061224,0.006802721088435374,0.2776643759450143,0.0,0.0,0.0,0.14285714285714285,5.551020408163265
https://doi.org/10.1080/1478422x.2022.2057272,0.03355704697986577,0.2,0.040268456375838924,0.006711409395973154,0.19265369254238018,0.0,0.2,0.0,0.0,6.026845637583893
https://doi.org/10.1080/1478422x.2022.2063780,0.04,0.2857142857142857,0.02666666666666667,0.006666666666666667,0.39032749782145193,0.0,0.0,0.0,0.14285714285714285,6.18
https://doi.org/10.1080/1478422x.2022.2075522,0.019230769230769232,0.7272727272727273,0.02564102564102564,0.00641025641025641,0.2305910993410891,0.09090909090909091,0.0,0.0,0.0,5.833333333333333
https://doi.org/10.1080/1478422x.2022.2118439,0.007246376811594203,0.4,0.09420289855072464,0.007246376811594203,0.14779766706066044,0.0,0.0,0.0,0.0,5.942028985507246
https://doi.org/10.1080/1478422x.2022.2111038,0.024793388429752067,0.4,0.08264462809917356,0.01652892561983471,0.41272697484905035,0.0,0.2,0.0,0.0,6.099173553719008
https://doi.org/10.1080/1478422x.2022.2152771,0.020134228187919462,0.8333333333333334,0.0,0.006711409395973154,0.4370668498030856,0.0,0.16666666666666666,0.0,0.16666666666666666,5.912751677852349
https://doi.org/10.1080/1478422x.2022.2086514,0.02857142857142857,0.6666666666666666,0.02857142857142857,0.014285714285714285,0.30067950256927417,0.0,0.0,0.0,0.16666666666666666,6.3428571428571425
https://doi.org/10.1080/1478422x.2022.2093691,0.013605442176870748,0.16666666666666666,0.0,0.0,0.4100297460114187,0.0,0.16666666666666666,0.0,0.0,5.904761904761905
https://doi.org/10.1016/j.corsci.2022.110666,0.04081632653061224,0.3333333333333333,0.0,0.0,0.525088993072188,0.0,0.3333333333333333,0.0,0.0,5.816326530612245
https://doi.org/10.1016/j.corsci.2022.110490,0.08,0.5,0.03,0.0,0.1649242250247064,0.0,0.0,0.0,0.0,5.65
https://doi.org/10.1016/j.corsci.2022.110382,0.011235955056179775,0.75,0.07865168539325842,0.0,0.3004436394858638,0.0,0.0,0.0,0.0,5.359550561797753
https://doi.org/10.1016/j.corsci.2022.110777,0.0625,0.6,0.010416666666666666,0.0,0.31663925319938885,0.0,0.0,0.0,0.0,6.0
https://doi.org/10.1016/j.corsci.2022.110640,0.09278350515463918,0.25,0.25773195876288657,0.010309278350515464,0.3225667597352993,0.0,0.0,0.0,0.25,6.443298969072165
https://doi.org/10.1016/j.corsci.2022.110294,0.06060606060606061,1.0,0.0,0.0,0.2377495413321176,0.0,0.0,0.0,0.0,6.070707070707071
https://doi.org/10.1016/j.corsci.2022.110237,0.041237113402061855,0.0,0.020618556701030927,0.0,0.2537841984554881,0.0,0.0,0.0,0.0,6.350515463917525
https://doi.org/10.1016/j.corsci.2022.110252,0.03225806451612903,1.0,0.010752688172043012,0.0,0.3432449397744595,0.0,0.25,0.0,0.0,5.946236559139785
https://doi.org/10.1016/j.corsci.2022.110493,0.028846153846153848,1.0,0.0,0.0,0.3582295386576377,0.0,0.0,0.0,0.0,5.701923076923077
https://doi.org/10.1016/j.corsci.2022.110922,0.008333333333333333,0.0,0.0,0.0,0.7632168761236874,0.0,0.16666666666666666,0.0,0.0,5.7
https://doi.org/10.1016/j.corsci.2022.110716,0.02,0.5,0.05,0.0,0.2727636339397171,0.0,0.0,0.0,0.0,5.25
https://doi.org/10.1016/j.corsci.2022.110681,0.05,0.0,0.0,0.01,0.17204650534085253,0.0,0.0,0.0,0.25,6.38
https://doi.org/10.1016/j.corsci.2022.110555,0.02,1.0,0.01,0.0,0.29799328851502677,0.0,0.25,0.0,0.0,5.63
https://doi.org/10.1016/j.corsci.2022.110273,0.04,0.14285714285714285,0.06,0.0,0.4516635916254486,0.14285714285714285,0.0,0.0,0.0,6.0
https://doi.org/10.1016/j.corsci.2022.110477,0.08163265306122448,0.25,0.05102040816326531,0.0,0.32203538445019386,0.0,0.25,0.0,0.0,6.081632653061225
https://doi.org/10.1016/j.corsci.2022.110758,0.021505376344086023,0.5,0.0,0.0,0.30922158805480443,0.0,0.0,0.0,0.0,5.709677419354839
https://doi.org/10.1016/j.corsci.2022.110161,0.04040404040404041,0.75,0.09090909090909091,0.0,0.36740471675703457,0.0,0.25,0.0,0.0,5.656565656565657
https://doi.org/10.1016/j.corsci.2022.110589,0.005076142131979695,0.25,0.08629441624365482,0.0,0.18822838799735186,0.0,0.0,0.0,0.125,6.030456852791878
https://doi.org/10.1016/j.corsci.2022.110569,0.07368421052631578,1.0,0.0,0.0,0.7684210526315789,0.0,0.5,0.0,0.0,5.71578947368421
https://doi.org/10.1016/j.corsci.2022.110719,0.03937007874015748,0.5714285714285714,0.023622047244094488,0.0,0.3708318689548541,0.14285714285714285,0.0,0.0,0.0,5.307086614173229
https://doi.org/10.1016/j.corsci.2022.110762,0.04,0.8,0.0,0.0,0.15811388300841897,0.0,0.0,0.0,0.2,5.51
https://doi.org/10.1016/j.corsci.2022.110765,0.01,0.6666666666666666,0.0,0.0,0.3149603149604724,0.0,0.0,0.0,0.0,4.88
https://doi.org/10.1016/j.corsci.2022.110550,0.021505376344086023,0.6,0.010752688172043012,0.0,0.3510715638132152,0.2,0.0,0.0,0.0,5.408602150537634
https://doi.org/10.1016/j.corsci.2022.110756,0.02,0.5,0.0,0.0,0.16248076809271922,0.0,0.0,0.0,0.0,5.82
https://doi.org/10.1016/j.corsci.2022.110673,0.06060606060606061,0.8,0.04040404040404041,0.0,0.205525151003796,0.0,0.0,0.0,0.0,5.505050505050505
https://doi.org/10.1016/j.corsci.2022.110763,0.0,0.5714285714285714,0.0,0.009708737864077669,0.28305591722550005,0.0,0.0,0.0,0.0,5.572815533980583
https://doi.org/10.1016/j.corsci.2022.110726,0.030612244897959183,0.5,0.05102040816326531,0.02040816326530612,0.2922004298627827,0.0,0.0,0.0,0.0,5.377551020408164
https://doi.org/10.1016/j.corsci.2022.110849,0.050505050505050504,0.25,0.0,0.0,0.24968095140016716,0.0,0.0,0.0,0.25,6.454545454545454
https://doi.org/10.1016/j.corsci.2022.110855,0.052083333333333336,0.4,0.11458333333333333,0.010416666666666666,0.361444824435364,0.2,0.0,0.0,0.2,5.958333333333333
https://doi.org/10.1016/j.corsci.2022.110331,0.033816425120772944,0.1111111111111111,0.05314009661835749,0.004830917874396135,0.25102185616940254,0.0,0.0,0.0,0.0,5.458937198067633
https://doi.org/10.1016/j.corsci.2022.110853,0.042105263157894736,0.4,0.010526315789473684,0.010526315789473684,0.39944559917916367,0.0,0.0,0.0,0.4,5.852631578947369
https://doi.org/10.1016/j.corsci.2022.110311,0.03,0.0,0.0,0.0,0.3924283374069717,0.0,0.0,0.0,0.2,5.69
https://doi.org/10.1016/j.corsci.2022.110443,0.006779661016949152,0.18181818181818182,0.01694915254237288,0.0,0.42628382230151507,0.0,0.2727272727272727,0.0,0.0,5.274576271186441
https://doi.org/10.1016/j.corsci.2022.110851,0.03361344537815126,0.25,0.0,0.008403361344537815,0.17036247842616214,0.0,0.25,0.0,0.0,6.26890756302521
https://doi.org/10.1016/j.corsci.2022.110228,0.03488372093023256,0.2857142857142857,0.03488372093023256,0.0,0.6750197801720926,0.42857142857142855,0.0,0.0,0.0,5.348837209302325
https://doi.org/10.1016/j.corsci.2022.110274,0.0072992700729927005,0.3333333333333333,0.0036496350364963502,0.0036496350364963502,0.30752371434950215,0.0,0.08333333333333333,0.0,0.16666666666666666,5.317518248175182
https://doi.org/10.1016/j.corsci.2022.110114,0.039603960396039604,0.6,0.0,0.0,0.31528085798199323,0.0,0.0,0.0,0.0,5.851485148514851
https://doi.org/10.1016/j.corsci.2022.110769,0.020202020202020204,0.6,0.010101010101010102,0.0,0.3716842321812949,0.0,0.0,0.0,0.0,6.08080808080808
https://doi.org/10.1016/j.corsci.2022.110565,0.05,0.6666666666666666,0.06,0.0,0.45321076774498636,0.0,0.3333333333333333,0.0,0.0,5.96
https://doi.org/10.1016/j.corsci.2022.110896,0.05128205128205128,0.3333333333333333,0.0,0.0,0.19102133879168384,0.0,0.0,0.0,0.0,5.769230769230769
https://doi.org/10.1016/j.corsci.2022.110635,0.030303030303030304,1.0,0.1111111111111111,0.0,0.18734582819183238,0.0,0.0,0.0,0.0,5.393939393939394
https://doi.org/10.1016/j.corsci.2022.110113,0.04950495049504951,0.2,0.009900990099009901,0.009900990099009901,0.12286805590089957,0.0,0.0,0.0,0.2,5.801980198019802
https://doi.org/10.1016/j.corsci.2022.110437,0.07526881720430108,0.0,0.043010752688172046,0.010752688172043012,0.23631463414877324,0.0,0.0,0.0,0.0,5.279569892473118
https://doi.org/10.1016/j.corsci.2022.110833,0.03,0.5,0.01,0.0,0.1833030277982336,0.0,0.0,0.0,0.0,5.96
https://doi.org/10.1016/j.corsci.2022.110680,0.0,0.625,0.028985507246376812,0.0,0.3962236262946971,0.0,0.125,0.0,0.25,5.415458937198068
https://doi.org/10.1016/j.corsci.2022.110901,0.07,0.2,0.03,0.0,0.5486346689738081,0.2,0.0,0.0,0.0,6.83
https://doi.org/10.1016/j.corsci.2022.110338,0.05434782608695652,0.6,0.010869565217391304,0.0,0.3343164456354283,0.0,0.0,0.0,0.2,5.967391304347826
https://doi.org/10.1016/j.corsci.2022.110413,0.03,1.0,0.0,0.0,0.39673668849754745,0.0,0.3333333333333333,0.0,0.0,5.34
https://doi.org/10.1016/j.corsci.2022.110526,0.01,0.4,0.0,0.01,0.170293863659264,0.0,0.0,0.0,0.0,5.38
https://doi.org/10.1016/j.corsci.2022.110214,0.00975609756097561,1.0,0.0,0.004878048780487805,0.3968345900373218,0.0,0.42857142857142855,0.0,0.14285714285714285,5.2439024390243905
https://doi.org/10.1016/j.corsci.2022.110453,0.017699115044247787,0.8,0.022123893805309734,0.0,0.30604630912903685,0.0,0.0,0.0,0.0,5.252212389380531
https://doi.org/10.1016/j.corsci.2022.110725,0.04081632653061224,0.25,0.11224489795918367,0.0,0.27456375606272876,0.0,0.0,0.0,0.0,5.908163265306122
https://doi.org/10.1016/j.corsci.2022.110674,0.020618556701030927,0.25,0.0,0.0,0.31455971757510015,0.0,0.0,0.0,0.0,5.556701030927835
https://doi.org/10.1016/j.corsci.2022.110884,0.030612244897959183,0.8,0.0,0.0,0.3616335744218234,0.0,0.0,0.0,0.0,5.326530612244898
https://doi.org/10.1016/j.corsci.2022.110461,0.0297029702970297,0.5,0.0,0.0,0.14917345716157787,0.0,0.0,0.0,0.0,6.158415841584159
https://doi.org/10.1016/j.corsci.2022.110500,0.010101010101010102,0.0,0.13131313131313133,0.020202020202020204,0.318622430213889,0.0,0.25,0.0,0.25,5.828282828282828
https://doi.org/10.1016/j.corsci.2022.110475,0.049019607843137254,0.2,0.0,0.0,0.2885086072463169,0.0,0.0,0.0,0.0,6.2254901960784315
https://doi.org/10.1016/j.corsci.2022.110859,0.030612244897959183,1.0,0.09183673469387756,0.0,0.5750613389226682,0.0,0.2,0.0,0.0,5.581632653061225
https://doi.org/10.1016/j.corsci.2022.110185,0.010752688172043012,0.0,0.0,0.0,0.3077223230377244,0.0,0.0,0.0,0.0,5.881720430107527
https://doi.org/10.1016/j.corsci.2022.110172,0.010416666666666666,0.2,0.0,0.0,0.23844839879707494,0.0,0.0,0.0,0.2,5.510416666666667
https://doi.org/10.1016/j.corsci.2022.110111,0.010101010101010102,0.3333333333333333,0.10101010101010101,0.0,0.049484641268347035,0.0,0.0,0.0,0.0,6.404040404040404
https://doi.org/10.1016/j.corsci.2022.110156,0.019801980198019802,0.2,0.04950495049504951,0.0,0.21555981244630934,0.0,0.0,0.0,0.0,5.148514851485149
https://doi.org/10.1016/j.corsci.2022.110809,0.019417475728155338,1.0,0.05825242718446602,0.0,0.2764860362310319,0.0,0.0,0.0,0.0,6.058252427184466
https://doi.org/10.1016/j.corsci.2022.110110,0.009900990099009901,0.4,0.0,0.0,0.28933939002381104,0.0,0.0,0.0,0.0,6.03960396039604
https://doi.org/10.1016/j.corsci.2022.110356,0.0,0.0,0.0,0.0,0.19863479632965914,0.0,0.0,0.0,0.0,5.580952380952381
https://doi.org/10.1016/j.corsci.2022.110723,0.0,0.6,0.038461538461538464,0.0,0.2784147857054439,0.0,0.2,0.0,0.0,4.407692307692308
https://doi.org/10.1016/j.corsci.2022.110676,0.041237113402061855,0.5,0.041237113402061855,0.0,0.33926768395679036,0.0,0.0,0.0,0.0,5.443298969072165
https://doi.org/10.1016/j.corsci.2022.110178,0.05,0.75,0.13,0.0,0.48249352327259276,0.0,0.25,0.0,0.0,5.81
https://doi.org/10.1016/j.corsci.2022.110826,0.0392156862745098,0.75,0.0392156862745098,0.0,0.3534854191631362,0.0,0.25,0.0,0.0,5.5
https://doi.org/10.3390/cmd3020015,0.016666666666666666,0.0,0.0,0.005555555555555556,0.2854496128592251,0.0,0.125,0.0,0.125,5.383333333333334
https://doi.org/10.3390/cmd3040031,0.030864197530864196,0.5,0.012345679012345678,0.0,0.9506172839506173,0.5,0.5,0.0,0.0,5.4753086419753085
https://doi.org/10.3390/cmd3020013,0.05217391304347826,0.2,0.017391304347826087,0.0,0.35107181283802347,0.0,0.0,0.0,0.2,5.460869565217391
https://doi.org/10.3390/cmd3040037,0.01092896174863388,0.0,0.02185792349726776,0.0,0.4244392836968609,0.0,0.3333333333333333,0.0,0.16666666666666666,6.163934426229508
https://doi.org/10.3390/cmd3030025,0.022026431718061675,0.75,0.048458149779735685,0.004405286343612335,0.20393192949960715,0.0,0.125,0.0,0.125,5.4449339207048455
https://doi.org/10.3390/cmd3040038,0.016845329249617153,0.5333333333333333,0.09494640122511486,0.0,0.42487823911448314,0.0,0.6,0.0,0.06666666666666667,4.856049004594181
https://doi.org/10.3390/cmd3010003,0.0053475935828877,0.25,0.0053475935828877,0.0053475935828877,0.2796643179677622,0.0,0.0,0.0,0.125,5.566844919786096
https://doi.org/10.3390/cmd3030028,0.013513513513513514,0.2,0.013513513513513514,0.0033783783783783786,0.35439173086333386,0.0,0.3,0.0,0.0,5.148648648648648
https://doi.org/10.3390/cmd3030023,0.020833333333333332,0.0,0.006944444444444444,0.0,0.4595942252159526,0.0,0.14285714285714285,0.0,0.2857142857142857,5.805555555555555
https://doi.org/10.3390/cmd3020014,0.023952095808383235,0.0,0.017964071856287425,0.0,0.3009540568414147,0.0,0.4,0.0,0.2,5.976047904191617
https://doi.org/10.3390/cmd3010006,0.025179856115107913,0.2727272727272727,0.014388489208633094,0.0,0.38403387140783457,0.09090909090909091,0.09090909090909091,0.0,0.09090909090909091,5.899280575539568
https://doi.org/10.3390/cmd3020012,0.023809523809523808,0.0,0.015873015873015872,0.0,0.1934294858246657,0.0,0.0,0.0,0.2,6.119047619047619
https://doi.org/10.3390/cmd3040032,0.024630541871921183,0.3333333333333333,0.0,0.0,0.3560796131724374,0.0,0.3333333333333333,0.0,0.0,5.0344827586206895
https://doi.org/10.3390/cmd3010005,0.02127659574468085,0.42857142857142855,0.02127659574468085,0.005319148936170213,0.5009045688082363,0.0,0.14285714285714285,0.0,0.14285714285714285,4.8936170212765955
https://doi.org/10.3390/cmd4010001,0.024875621890547265,0.18181818181818182,0.004975124378109453,0.0,0.27913950525583164,0.0,0.0,0.0,0.0,5.796019900497512
https://doi.org/10.3390/cmd3010004,0.017064846416382253,0.06666666666666667,0.006825938566552901,0.0034129692832764505,0.40864517534732464,0.0,0.0,0.0,0.06666666666666667,5.808873720136519
https://doi.org/10.3390/cmd3030022,0.004,0.2857142857142857,0.0,0.008,0.2778776709273345,0.0,0.2857142857142857,0.0,0.0,5.564
https://doi.org/10.3390/cmd3010008,0.02926829268292683,0.5,0.06341463414634146,0.0,0.2697962304199968,0.0,0.0,0.0,0.0,5.15609756097561
https://doi.org/10.3390/cmd3030019,0.0,0.0,0.0,0.011494252873563218,0.576548790987791,0.0,0.0,0.0,0.2,5.32183908045977
https://doi.org/10.3390/cmd3030030,0.010830324909747292,0.3333333333333333,0.05415162454873646,0.0,0.24993319755481552,0.0,0.0,0.0,0.0,5.664259927797834
https://doi.org/10.3390/cmd3040033,0.020242914979757085,0.3333333333333333,0.048582995951417005,0.008097165991902834,0.394357754231123,0.0,0.1111111111111111,0.0,0.1111111111111111,6.0
https://doi.org/10.3390/cmd3020017,0.02608695652173913,0.13333333333333333,0.017391304347826087,0.002898550724637681,0.4877839760686986,0.0,0.2,0.0,0.13333333333333333,5.672463768115942
https://doi.org/10.3390/cmd3020016,0.011111111111111112,0.375,0.03333333333333333,0.0,0.3392075004994166,0.125,0.0,0.0,0.0,5.527777777777778
https://doi.org/10.3390/cmd3030026,0.030612244897959183,0.45454545454545453,0.0,0.0,0.2909505597833318,0.0,0.0,0.0,0.0,5.219387755102041
https://doi.org/10.3390/cmd3030020,0.010638297872340425,0.25,0.0,0.010638297872340425,0.12222473716038358,0.0,0.0,0.0,0.125,5.952127659574468
https://doi.org/10.3390/cmd3040036,0.025974025974025976,0.46153846153846156,0.05627705627705628,0.004329004329004329,0.329004329004329,0.0,0.0,0.0,0.15384615384615385,6.32034632034632
https://doi.org/10.3390/cmd3020011,0.015625,0.0,0.015625,0.0078125,0.4598105927988176,0.0,0.0,0.0,0.16666666666666666,5.875
https://doi.org/10.3390/cmd3030021,0.01702127659574468,0.3333333333333333,0.0,0.00851063829787234,0.43980324009205873,0.0,0.2222222222222222,0.0,0.0,5.451063829787234
https://doi.org/10.3390/cmd3040039,0.0,0.2,0.006369426751592357,0.0,0.17043424407974078,0.0,0.4,0.0,0.0,5.802547770700637
https://doi.org/10.3390/cmd3040034,0.0380952380952381,0.3333333333333333,0.01904761904761905,0.004761904761904762,0.289263667590237,0.0,0.1111111111111111,0.0,0.1111111111111111,5.985714285714286
https://doi.org/10.3390/cmd3010007,0.016042780748663103,0.25,0.026737967914438502,0.0053475935828877,0.37107059378247204,0.0,0.125,0.0,0.125,5.834224598930481
https://doi.org/10.3390/cmd3010009,0.014423076923076924,0.36363636363636365,0.0625,0.0,0.26819857078810294,0.0,0.0,0.0,0.0,5.918269230769231
https://doi.org/10.3390/cmd3030018,0.004132231404958678,0.625,0.028925619834710745,0.004132231404958678,0.31783280203354397,0.0,0.25,0.0,0.125,6.078512396694215
https://doi.org/10.3390/cmd3030024,0.006896551724137931,0.14285714285714285,0.041379310344827586,0.0,0.335175251868217,0.0,0.0,0.0,0.0,5.496551724137931
https://doi.org/10.3390/cmd3040035,0.021505376344086023,0.0,0.021505376344086023,0.005376344086021506,0.25240203428613983,0.0,0.0,0.0,0.125,5.510752688172043
https://doi.org/10.3390/cmd3040040,0.02040816326530612,0.125,0.025510204081632654,0.0,0.37519951654796396,0.0,0.125,0.0,0.125,5.658163265306122
https://doi.org/10.3390/cmd4010002,0.022099447513812154,0.5,0.027624309392265192,0.0,0.4050518867020768,0.0,0.125,0.0,0.0,5.535911602209945
https://doi.org/10.3390/cmd3030027,0.03888888888888889,0.7777777777777778,0.07222222222222222,0.005555555555555556,0.31885210782848317,0.1111111111111111,0.0,0.0,0.1111111111111111,5.338888888888889
https://doi.org/10.3390/cmd3020010,0.016853932584269662,0.3333333333333333,0.0898876404494382,0.0,0.09467584014804896,0.0,0.0,0.0,0.0,5.724719101123595
https://doi.org/10.3390/cmd3030029,0.01818181818181818,0.8333333333333334,0.0,0.0,0.29373626220733656,0.0,0.16666666666666666,0.0,0.0,5.8
https://doi.org/10.1002/maco.202213140,0.00684931506849315,0.25,0.0,0.0,0.31147443838087874,0.0,0.5,0.0,0.0,5.760273972602739
https://doi.org/10.1002/maco.202213104,0.009569377990430622,0.5555555555555556,0.0,0.004784688995215311,0.31499101608866586,0.0,0.0,0.0,0.0,4.923444976076555
https://doi.org/10.1002/maco.202213174,0.0375,0.4,0.08125,0.0,0.14252192813739226,0.0,0.2,0.0,0.0,6.45625
https://doi.org/10.1002/maco.202213372,0.029069767441860465,0.8,0.05232558139534884,0.011627906976744186,0.17882042440964765,0.0,0.4,0.0,0.2,5.337209302325581
https://doi.org/10.1002/maco.202213530,0.07874015748031496,0.5,0.023622047244094488,0.007874015748031496,0.1716101946275856,0.0,0.25,0.0,0.0,5.566929133858268
https://doi.org/10.1002/maco.202112748,0.024193548387096774,1.0,0.016129032258064516,0.008064516129032258,0.44053226721766653,0.0,0.5,0.0,0.0,5.862903225806452
https://doi.org/10.1002/maco.202213324,0.0234375,0.0,0.0,0.0,0.4566137248813268,0.0,0.25,0.0,0.0,5.515625
https://doi.org/10.1002/maco.202213105,0.025157232704402517,0.2857142857142857,0.0880503144654088,0.018867924528301886,0.30293319695074955,0.0,0.0,0.0,0.14285714285714285,5.867924528301887
https://doi.org/10.1002/maco.202213116,0.027522935779816515,0.18181818181818182,0.0,0.0,0.3153482062806828,0.0,0.0,0.0,0.09090909090909091,5.541284403669724
https://doi.org/10.1002/maco.202112871,0.02027027027027027,0.2857142857142857,0.0,0.0,0.29852327073479085,0.0,0.0,0.0,0.0,5.918918918918919
https://doi.org/10.1002/maco.202112851,0.006211180124223602,1.0,0.018633540372670808,0.012422360248447204,0.3733947419922766,0.0,0.2,0.0,0.0,5.3354037267080745
https://doi.org/10.1002/maco.202213307,0.023622047244094488,0.8,0.0,0.0,0.1331616891754942,0.0,0.0,0.0,0.0,5.3858267716535435
https://doi.org/10.1002/maco.202113019,0.04827586206896552,0.0,0.04827586206896552,0.006896551724137931,0.13567114188211035,0.0,0.5,0.0,0.0,5.275862068965517
https://doi.org/10.1002/maco.202213097,0.028409090909090908,0.3333333333333333,0.056818181818181816,0.0,0.31347986873031186,0.0,0.16666666666666666,0.0,0.0,6.482954545454546
https://doi.org/10.1002/maco.202213658,0.02531645569620253,0.16666666666666666,0.006329113924050633,0.006329113924050633,0.19813260560124718,0.0,0.0,0.0,0.16666666666666666,6.544303797468355
https://doi.org/10.1002/maco.202112715,0.03773584905660377,0.5,0.031446540880503145,0.006289308176100629,0.44583166285401965,0.0,0.16666666666666666,0.0,0.0,5.081761006289308
https://doi.org/10.1002/maco.202112935,0.038461538461538464,0.4,0.016483516483516484,0.016483516483516484,0.2842311462940124,0.0,0.0,0.0,0.2,5.489010989010989
https://doi.org/10.1002/maco.202213339,0.05113636363636364,0.625,0.022727272727272728,0.005681818181818182,0.3165542790269118,0.0,0.125,0.0,0.0,5.7272727272727275
https://doi.org/10.1002/maco.202213414,0.038461538461538464,0.6666666666666666,0.057692307692307696,0.0,0.2843727309335748,0.0,0.16666666666666666,0.0,0.0,4.698717948717949
https://doi.org/10.1002/maco.202213546,0.08108108108108109,0.4,0.0,0.0,0.22862301874683819,0.0,0.0,0.0,0.0,6.162162162162162
https://doi.org/10.1002/maco.202112963,0.03875968992248062,0.8,0.05426356589147287,0.007751937984496124,0.07515782724676479,0.0,0.0,0.0,0.0,5.821705426356589
https://doi.org/10.1002/maco.202112814,0.0297029702970297,0.6,0.039603960396039604,0.0,0.36966642975434594,0.0,0.0,0.0,0.0,5.99009900990099
https://doi.org/10.1002/maco.202213326,0.017857142857142856,0.4166666666666667,0.013392857142857142,0.013392857142857142,0.37584937821159264,0.0,0.0,0.0,0.08333333333333333,4.78125
https://doi.org/10.1002/maco.202213296,0.015151515151515152,0.3333333333333333,0.0,0.005050505050505051,0.4037246240749766,0.0,0.1111111111111111,0.0,0.1111111111111111,5.515151515151516
https://doi.org/10.1002/maco.202113022,0.005847953216374269,0.8333333333333334,0.05847953216374269,0.0,0.1715953304224703,0.0,0.16666666666666666,0.0,0.0,4.95906432748538
https://doi.org/10.1002/maco.202213359,0.010050251256281407,0.0,0.020100502512562814,0.0,0.13844198305483327,0.0,0.0,0.0,0.0,5.653266331658291
https://doi.org/10.1002/maco.202213238,0.025806451612903226,0.0,0.08387096774193549,0.0,0.26577199901994814,0.0,0.16666666666666666,0.0,0.16666666666666666,6.225806451612903
https://doi.org/10.1002/maco.202213380,0.034013605442176874,0.3333333333333333,0.02040816326530612,0.013605442176870748,0.20237380653936757,0.0,0.0,0.0,0.16666666666666666,5.789115646258503
https://doi.org/10.1002/maco.202213582,0.014925373134328358,0.42857142857142855,0.0,0.007462686567164179,0.4617226357688961,0.0,0.0,0.0,0.14285714285714285,5.880597014925373
https://doi.org/10.1002/maco.202112953,0.014705882352941176,0.16666666666666666,0.08823529411764706,0.014705882352941176,0.3581116371142918,0.0,0.16666666666666666,0.0,0.0,6.360294117647059
https://doi.org/10.1002/maco.202112818,0.06015037593984962,0.3333333333333333,0.0,0.007518796992481203,0.16352303136038757,0.0,0.0,0.0,0.0,5.819548872180451
https://doi.org/10.1002/maco.202112765,0.040697674418604654,0.0,0.023255813953488372,0.0,0.272450570089767,0.0,0.0,0.0,0.0,6.296511627906977
https://doi.org/10.1002/maco.202112757,0.024793388429752067,1.0,0.0,0.008264462809917356,0.39841225762624627,0.0,0.2,0.0,0.0,5.537190082644628
https://doi.org/10.1002/maco.202112915,0.022222222222222223,0.0,0.02962962962962963,0.014814814814814815,0.307027878163892,0.0,0.0,0.0,0.14285714285714285,5.970370370370371
https://doi.org/10.1002/maco.202213271,0.017316017316017316,0.875,0.03463203463203463,0.004329004329004329,0.2729333379419587,0.0,0.25,0.0,0.0,5.307359307359308
https://doi.org/10.1002/maco.202213543,0.010869565217391304,0.42857142857142855,0.03804347826086957,0.010869565217391304,0.21968894490660584,0.0,0.14285714285714285,0.0,0.0,5.8478260869565215
https://doi.org/10.1002/maco.202213541,0.043478260869565216,0.25,0.0,0.005434782608695652,0.42821120877374363,0.0,0.125,0.0,0.0,5.766304347826087
https://doi.org/10.1002/maco.202112937,0.041176470588235294,0.6666666666666666,0.0,0.0058823529411764705,0.3108198779675978,0.0,0.3333333333333333,0.0,0.0,5.623529411764705
https://doi.org/10.1002/maco.202113005,0.02,0.6666666666666666,0.0,0.006666666666666667,0.3433171517222329,0.0,0.16666666666666666,0.0,0.0,5.233333333333333
https://doi.org/10.1002/maco.202213482,0.04838709677419355,0.0,0.024193548387096774,0.0,0.35189393918179723,0.0,0.0,0.0,0.0,5.709677419354839
https://doi.org/10.1002/maco.202213375,0.01,0.3333333333333333,0.0,0.005,0.3556683848755748,0.0,0.3333333333333333,0.0,0.16666666666666666,4.965
https://doi.org/10.1002/maco.202112957,0.01098901098901099,0.9090909090909091,0.0,0.0,0.39872093530827984,0.0,0.0,0.0,0.0,5.021978021978022
https://doi.org/10.1002/maco.202213249,0.017699115044247787,0.4,0.008849557522123894,0.017699115044247787,0.33418066528317175,0.0,0.0,0.0,0.0,5.964601769911504
https://doi.org/10.1002/maco.202213478,0.0136986301369863,0.6666666666666666,0.0,0.0,0.3524569953498249,0.0,0.0,0.0,0.0,5.561643835616438
https://doi.org/10.1002/maco.202112697,0.004608294930875576,0.0,0.0,0.0,0.3617438139500528,0.0,0.09090909090909091,0.0,0.09090909090909091,5.663594470046083
https://doi.org/10.1002/maco.202213562,0.02040816326530612,0.125,0.0,0.006802721088435374,0.43276214771616117,0.0,0.125,0.0,0.0,5.877551020408164
https://doi.org/10.1002/maco.202213076,0.030303030303030304,0.4444444444444444,0.01818181818181818,0.012121212121212121,0.378775757381812,0.0,0.0,0.0,0.0,5.624242424242424
https://doi.org/10.1002/maco.202213196,0.012738853503184714,0.5,0.044585987261146494,0.0,0.34140365052885085,0.0,0.16666666666666666,0.0,0.0,6.254777070063694
https://doi.org/10.1002/maco.202213189,0.0196078431372549,0.16666666666666666,0.0718954248366013,0.0,0.3867271161434514,0.0,0.3333333333333333,0.0,0.0,6.490196078431373
https://doi.org/10.1002/maco.202112994,0.011627906976744186,0.0,0.0,0.005813953488372093,0.3128749778389235,0.0,0.0,0.0,0.375,5.9476744186046515
https://doi.org/10.1002/maco.202213079,0.022598870056497175,0.5714285714285714,0.02824858757062147,0.0,0.6298358196326229,0.0,0.2857142857142857,0.0,0.0,5.68361581920904
https://doi.org/10.1002/maco.202213118,0.011904761904761904,0.3333333333333333,0.041666666666666664,0.011904761904761904,0.23237168209456113,0.0,0.16666666666666666,0.0,0.16666666666666666,5.815476190476191
https://doi.org/10.1002/maco.202213322,0.019230769230769232,0.8571428571428571,0.02403846153846154,0.0,0.30299906262670634,0.0,0.2857142857142857,0.0,0.0,4.850961538461538
https://doi.org/10.1002/maco.202213287,0.033707865168539325,0.25,0.0056179775280898875,0.0056179775280898875,0.6070536026624764,0.0,0.125,0.0,0.0,5.651685393258427
https://doi.org/10.1002/maco.202213538,0.037383177570093455,0.5,0.0,0.009345794392523364,0.18574398985375506,0.0,0.0,0.0,0.0,6.11214953271028
https://doi.org/10.1002/maco.202112730,0.032679738562091505,0.5714285714285714,0.0392156862745098,0.0,0.29894370264128817,0.0,0.14285714285714285,0.0,0.0,5.771241830065359
https://doi.org/10.1002/maco.202213503,0.04477611940298507,0.6666666666666666,0.014925373134328358,0.007462686567164179,0.33573796654334304,0.0,0.0,0.0,0.16666666666666666,6.17910447761194
https://doi.org/10.1002/maco.202213382,0.0056179775280898875,0.5714285714285714,0.028089887640449437,0.0056179775280898875,0.31799936400190804,0.0,0.14285714285714285,0.0,0.0,4.589887640449438
https://doi.org/10.1002/maco.202112832,0.02097902097902098,0.2,0.06993006993006994,0.006993006993006993,0.2045977459905985,0.0,0.2,0.0,0.0,6.13986013986014
https://doi.org/10.1002/maco.202213073,0.036458333333333336,0.375,0.0,0.005208333333333333,0.46770717334674267,0.0,0.125,0.0,0.0,5.145833333333333
https://doi.org/10.1002/maco.202213328,0.029411764705882353,0.14285714285714285,0.0784313725490196,0.004901960784313725,0.28909103328993585,0.0,0.14285714285714285,0.0,0.14285714285714285,5.8088235294117645
https://doi.org/10.1002/maco.202113020,0.015873015873015872,0.75,0.023809523809523808,0.015873015873015872,0.4123930494211613,0.0,0.25,0.0,0.0,6.174603174603175
https://doi.org/10.1002/maco.202213108,0.05982905982905983,0.0,0.05128205128205128,0.008547008547008548,0.20883404654479684,0.0,0.0,0.0,0.0,5.871794871794871
https://doi.org/10.1002/maco.202213236,0.07317073170731707,0.0,0.0,0.012195121951219513,0.22486693798275334,0.0,0.0,0.0,0.0,6.304878048780488
https://doi.org/10.1002/maco.202213298,0.010810810810810811,0.7142857142857143,0.0,0.005405405405405406,0.35255511046746657,0.0,0.14285714285714285,0.0,0.0,5.313513513513514
https://doi.org/10.1002/maco.202112887,0.0078125,0.42857142857142855,0.03125,0.0078125,0.3728781113681789,0.14285714285714285,0.0,0.0,0.0,5.75
https://doi.org/10.1002/maco.202112787,0.03125,0.2857142857142857,0.03125,0.0,0.21021287573552672,0.0,0.0,0.0,0.0,6.078125
https://doi.org/10.1002/maco.202213215,0.044444444444444446,0.6666666666666666,0.0,0.0,0.21602468994692867,0.0,0.3333333333333333,0.0,0.0,5.477777777777778
https://doi.org/10.1002/maco.202213297,0.036231884057971016,0.75,0.07246376811594203,0.007246376811594203,0.42128816967387345,0.0,0.5,0.0,0.0,5.195652173913044
https://doi.org/10.1002/maco.202213397,0.03804347826086957,0.1111111111111111,0.09782608695652174,0.005434782608695652,0.3505329455781978,0.0,0.0,0.0,0.1111111111111111,5.282608695652174
https://doi.org/10.1002/maco.202213325,0.04054054054054054,0.5,0.013513513513513514,0.013513513513513514,0.19952463594910003,0.0,0.0,0.0,0.16666666666666666,5.3108108108108105
https://doi.org/10.1002/maco.202213574,0.06716417910447761,0.75,0.022388059701492536,0.0,0.10865835655642564,0.0,0.25,0.0,0.0,5.507462686567164
https://doi.org/10.1002/maco.202213672,0.03529411764705882,0.4444444444444444,0.047058823529411764,0.0058823529411764705,0.36885683309625605,0.0,0.0,0.0,0.0,5.276470588235294
https://doi.org/10.1002/maco.202112790,0.00909090909090909,0.375,0.045454545454545456,0.004545454545454545,0.49660001031809686,0.0,0.25,0.0,0.0,5.581818181818182
https://doi.org/10.1002/maco.202113014,0.02072538860103627,0.8888888888888888,0.015544041450777202,0.0051813471502590676,0.31328946026592697,0.0,0.0,0.0,0.0,5.528497409326425
https://doi.org/10.1002/maco.202213110,0.03225806451612903,0.6,0.0,0.010752688172043012,0.21125680327299462,0.0,0.0,0.0,0.0,5.274193548387097
https://doi.org/10.1002/maco.202213308,0.03278688524590164,0.5,0.0,0.00819672131147541,0.5926631961483678,0.0,0.16666666666666666,0.0,0.0,4.770491803278689
https://doi.org/10.1002/maco.202213551,0.032679738562091505,0.375,0.0,0.013071895424836602,0.3521535632163188,0.0,0.0,0.0,0.0,6.078431372549019
https://doi.org/10.1002/maco.202213566,0.005555555555555556,0.125,0.0,0.005555555555555556,0.27755546659548436,0.0,0.0,0.0,0.0,5.544444444444444
https://doi.org/10.1002/maco.202213049,0.057971014492753624,0.16666666666666666,0.007246376811594203,0.0,0.6061021352558401,0.0,0.16666666666666666,0.0,0.0,6.463768115942029
https://doi.org/10.1002/maco.202112841,0.03968253968253968,0.0,0.015873015873015872,0.0,0.29095718698132317,0.0,0.0,0.0,0.0,5.976190476190476
https://doi.org/10.1002/maco.202213401,0.027972027972027972,1.0,0.027972027972027972,0.006993006993006993,0.23382172723497188,0.0,0.6666666666666666,0.0,0.0,4.461538461538462
https://doi.org/10.1002/maco.202213156,0.055248618784530384,0.5,0.049723756906077346,0.0055248618784530384,0.3651009988410338,0.0,0.125,0.0,0.0,5.762430939226519
https://doi.org/10.1002/maco.202213415,0.01,0.7142857142857143,0.01,0.01,0.31240998703626616,0.0,0.14285714285714285,0.0,0.0,5.135
https://doi.org/10.1002/maco.202213158,0.03940886699507389,1.0,0.03940886699507389,0.0,0.1666889095141737,0.0,0.5,0.0,0.0,5.310344827586207
https://doi.org/10.1002/maco.202213323,0.06,0.5,0.02666666666666667,0.0,0.35552777669262353,0.0,0.3333333333333333,0.0,0.0,5.22
https://doi.org/10.1002/maco.202213412,0.01818181818181818,0.8,0.006060606060606061,0.0,0.2703600972508541,0.0,0.4,0.0,0.0,5.593939393939394
https://doi.org/10.1002/maco.202113031,0.02030456852791878,0.6666666666666666,0.0,0.005076142131979695,0.36766129872551917,0.0,0.1111111111111111,0.0,0.0,4.8274111675126905
https://doi.org/10.1002/maco.202213063,0.011428571428571429,0.8333333333333334,0.0,0.0,0.32731436552273563,0.0,0.16666666666666666,0.0,0.0,5.085714285714285
https://doi.org/10.1002/maco.202213060,0.012048192771084338,0.8333333333333334,0.0,0.0,0.3277462773189263,0.0,0.16666666666666666,0.0,0.0,4.9156626506024095
https://doi.org/10.1002/maco.202112758,0.02358490566037736,0.625,0.0,0.0047169811320754715,0.33804665787111166,0.0,0.25,0.0,0.125,5.400943396226415
https://doi.org/10.1002/maco.202213360,0.03910614525139665,0.8,0.0893854748603352,0.0,0.3302238370085285,0.0,0.4,0.0,0.0,5.011173184357542
https://doi.org/10.1002/maco.202213523,0.022598870056497175,0.25,0.0,0.0,0.2051866643766653,0.0,0.0,0.0,0.125,5.858757062146893
https://doi.org/10.1002/maco.202213329,0.01818181818181818,0.42857142857142855,0.0,0.006060606060606061,0.4301749702743118,0.0,0.2857142857142857,0.0,0.14285714285714285,6.066666666666666
https://doi.org/10.1002/maco.202112934,0.049689440993788817,0.16666666666666666,0.0,0.0,0.14971392289681926,0.0,0.0,0.0,0.16666666666666666,6.24223602484472
https://doi.org/10.1002/maco.202213173,0.015873015873015872,0.5,0.0,0.007936507936507936,0.16873247321801033,0.0,0.5,0.0,0.0,5.4523809523809526
https://doi.org/10.1002/maco.202112948,0.029197080291970802,0.6666666666666666,0.0,0.0,0.518453747651964,0.0,0.16666666666666666,0.0,0.0,4.569343065693431
https://doi.org/10.1002/maco.202112900,0.03954802259887006,0.6666666666666666,0.011299435028248588,0.0,0.38388988653919065,0.0,0.3333333333333333,0.0,0.0,5.932203389830509
https://doi.org/10.1002/maco.202213388,0.02127659574468085,0.6666666666666666,0.0,0.0,0.3064863891678284,0.0,0.0,0.0,0.0,4.904255319148936
https://doi.org/10.1002/maco.202213252,0.020512820512820513,0.25,0.17435897435897435,0.0,0.6286393057436341,0.0,0.5,0.0,0.0,3.6205128205128205
https://doi.org/10.1002/maco.202112984,0.03910614525139665,0.3333333333333333,0.0446927374301676,0.0,0.39915800397533524,0.0,0.3333333333333333,0.0,0.0,5.910614525139665
https://doi.org/10.1002/maco.202112901,0.024390243902439025,0.2,0.0,0.0,0.4128368507270917,0.0,0.0,0.0,0.0,5.780487804878049
https://doi.org/10.1002/maco.202112902,0.008064516129032258,0.0,0.04838709677419355,0.0,0.2446088852919855,0.0,0.0,0.0,0.0,6.661290322580645
https://doi.org/10.1002/maco.202213177,0.02531645569620253,0.2857142857142857,0.0759493670886076,0.006329113924050633,0.314933045686702,0.0,0.14285714285714285,0.0,0.14285714285714285,6.170886075949367
https://doi.org/10.1002/maco.202213228,0.01092896174863388,0.6,0.12021857923497267,0.0,0.2732786830612019,0.0,0.0,0.0,0.0,5.4863387978142075
https://doi.org/10.1002/maco.202213054,0.050505050505050504,0.0,0.0,0.010101010101010102,0.3065452708180509,0.0,0.0,0.0,0.0,5.878787878787879
https://doi.org/10.1002/maco.202213330,0.02247191011235955,0.42857142857142855,0.0,0.0,0.36278391665085263,0.0,0.14285714285714285,0.0,0.0,5.634831460674158
https://doi.org/10.1002/maco.202213417,0.02,0.25,0.03,0.0,0.20976176963403032,0.0,0.0,0.0,0.25,6.13
https://doi.org/10.1002/maco.202213533,0.037037037037037035,0.4166666666666667,0.05555555555555555,0.003703703703703704,0.39063101847215437,0.0,0.08333333333333333,0.0,0.08333333333333333,5.0814814814814815
https://doi.org/10.1002/maco.202112942,0.012738853503184714,0.42857142857142855,0.0,0.0,0.30132168592394576,0.0,0.0,0.0,0.0,4.910828025477707
https://doi.org/10.1002/maco.202213122,0.03910614525139665,0.5714285714285714,0.03910614525139665,0.00558659217877095,0.21607910174093536,0.0,0.0,0.0,0.0,5.240223463687151
https://doi.org/10.1002/maco.202213065,0.045454545454545456,0.6666666666666666,0.0,0.00909090909090909,0.39792852051344163,0.16666666666666666,0.0,0.0,0.0,6.4
https://doi.org/10.1002/maco.202213053,0.01639344262295082,0.4,0.040983606557377046,0.0,0.5063424659501804,0.0,0.2,0.0,0.0,5.0
https://doi.org/10.1002/maco.202213361,0.02976190476190476,0.3333333333333333,0.0,0.0,0.329914439536929,0.0,0.16666666666666666,0.0,0.0,5.726190476190476
https://doi.org/10.1002/maco.202213300,0.011111111111111112,0.5714285714285714,0.0,0.005555555555555556,0.4752517201766493,0.0,0.14285714285714285,0.0,0.0,5.188888888888889
https://doi.org/10.1002/maco.202213154,0.025477707006369428,0.0,0.025477707006369428,0.006369426751592357,0.09141847193890017,0.0,0.2,0.0,0.0,5.67515923566879
https://doi.org/10.1002/maco.202213468,0.00684931506849315,0.16666666666666666,0.00684931506849315,0.0,0.24040998321622253,0.0,0.0,0.0,0.0,5.513698630136986
https://doi.org/10.1002/maco.202213440,0.011428571428571429,0.42857142857142855,0.0,0.0,0.2687537375155394,0.0,0.14285714285714285,0.0,0.0,5.748571428571428
https://doi.org/10.1002/maco.202213120,0.0189873417721519,0.3333333333333333,0.0,0.006329113924050633,0.268223039245786,0.0,0.0,0.0,0.0,6.158227848101266
https://doi.org/10.1002/maco.202213103,0.025252525252525252,0.4444444444444444,0.050505050505050504,0.005050505050505051,0.41714848175564256,0.0,0.1111111111111111,0.0,0.0,4.777777777777778
https://doi.org/10.1002/maco.202213129,0.015544041450777202,0.7142857142857143,0.04145077720207254,0.0,0.2404725675828454,0.0,0.14285714285714285,0.0,0.14285714285714285,5.704663212435233
https://doi.org/10.1002/maco.202213229,0.023809523809523808,0.3333333333333333,0.0,0.0,0.1406072834644966,0.0,0.0,0.0,0.0,5.761904761904762
https://doi.org/10.1002/maco.202213348,0.06930693069306931,0.5,0.009900990099009901,0.0,0.10241663794840199,0.0,0.0,0.0,0.0,6.03960396039604
https://doi.org/10.1002/maco.202213420,0.013157894736842105,0.0,0.0,0.0043859649122807015,0.11267747876022043,0.0,0.6666666666666666,0.0,0.16666666666666666,5.583333333333333
https://doi.org/10.1002/maco.202213451,0.018691588785046728,0.6666666666666666,0.02336448598130841,0.004672897196261682,0.20581977145369384,0.0,0.0,0.0,0.1111111111111111,5.929906542056075
https://doi.org/10.1002/maco.202213473,0.03278688524590164,0.16666666666666666,0.02459016393442623,0.00819672131147541,0.3157600046599709,0.0,0.0,0.0,0.0,5.942622950819672
https://doi.org/10.1002/maco.202213663,0.03125,0.0,0.0,0.00625,0.35498679552907314,0.0,0.14285714285714285,0.0,0.14285714285714285,6.31875
https://doi.org/10.1002/maco.202112931,0.0053475935828877,0.3333333333333333,0.0213903743315508,0.0053475935828877,0.3815199782189726,0.0,0.0,0.0,0.0,5.385026737967914
https://doi.org/10.1002/maco.202213142,0.023529411764705882,0.2222222222222222,0.0,0.0,0.44395205327325193,0.1111111111111111,0.0,0.0,0.0,5.452941176470588
https://doi.org/10.1002/maco.202213254,0.01020408163265306,0.8333333333333334,0.0,0.0,0.6388765649999399,0.0,0.3333333333333333,0.0,0.0,4.571428571428571
https://doi.org/10.1002/maco.202213464,0.031914893617021274,0.375,0.05319148936170213,0.005319148936170213,0.49488099360055354,0.0,0.125,0.0,0.0,5.138297872340425
https://doi.org/10.1002/maco.202213373,0.03597122302158273,0.0,0.11510791366906475,0.007194244604316547,0.16230955644141692,0.0,0.0,0.0,0.0,5.266187050359712
https://doi.org/10.1002/maco.202213413,0.03296703296703297,0.5384615384615384,0.01098901098901099,0.0,0.3029018328121322,0.0,0.0,0.0,0.07692307692307693,5.146520146520147
https://doi.org/10.1002/maco.202213338,0.032520325203252036,0.6,0.0,0.0,0.5529650755490065,0.0,0.2,0.0,0.0,5.08130081300813
https://doi.org/10.1002/maco.202112951,0.016736401673640166,0.42857142857142855,0.016736401673640166,0.0,0.17603082818378768,0.0,0.2857142857142857,0.0,0.0,4.619246861924686
https://doi.org/10.1002/maco.202112815,0.04838709677419355,0.0,0.0,0.0,0.4458153213253307,0.0,0.1111111111111111,0.0,0.0,6.661290322580645
https://doi.org/10.1002/maco.202112839,0.03389830508474576,0.0,0.0,0.011299435028248588,0.42788918031099404,0.0,0.14285714285714285,0.0,0.0,6.028248587570621
https://doi.org/10.1002/maco.202213088,0.013157894736842105,0.25,0.013157894736842105,0.0,0.35996990401198586,0.0,0.25,0.0,0.0,5.802631578947368
https://doi.org/10.1002/maco.202213347,0.049773755656108594,0.125,0.0,0.00904977375565611,0.2744559309343122,0.0,0.125,0.0,0.0,4.588235294117647
https://doi.org/10.1002/maco.202213480,0.02403846153846154,0.2222222222222222,0.019230769230769232,0.014423076923076924,0.3096392728481657,0.0,0.1111111111111111,0.0,0.0,5.514423076923077
https://doi.org/10.1002/maco.202112977,0.04945054945054945,0.16666666666666666,0.0,0.005494505494505495,0.4907057925662881,0.0,0.16666666666666666,0.0,0.16666666666666666,6.335164835164835
https://doi.org/10.1002/maco.202213341,0.024691358024691357,0.16666666666666666,0.0,0.006172839506172839,0.346779553214522,0.0,0.16666666666666666,0.0,0.0,6.018518518518518
https://doi.org/10.1002/maco.202112995,0.035175879396984924,0.6666666666666666,0.04522613065326633,0.0,0.24271928996448894,0.0,0.16666666666666666,0.0,0.0,5.010050251256281
https://doi.org/10.1002/maco.202113008,0.016216216216216217,0.2,0.0,0.005405405405405406,0.5670525333711416,0.0,0.1,0.0,0.0,5.643243243243243
https://doi.org/10.1002/maco.202112881,0.019704433497536946,0.0,0.03940886699507389,0.0049261083743842365,0.2978564819277039,0.0,0.1111111111111111,0.0,0.0,5.261083743842365
https://doi.org/10.1002/maco.202213406,0.004901960784313725,0.125,0.06862745098039216,0.004901960784313725,0.19802950859533486,0.0,0.0,0.0,0.125,5.877450980392157
https://doi.org/10.1002/maco.202213384,0.0594059405940594,0.2,0.0,0.0,0.24533686521512613,0.0,0.0,0.0,0.0,6.297029702970297
https://doi.org/10.1002/maco.202270011,0.01020408163265306,0.25,0.0,0.0,0.2864422213799632,0.0,0.25,0.0,0.0,6.408163265306122
https://doi.org/10.1002/maco.202113026,0.05172413793103448,0.6666666666666666,0.008620689655172414,0.008620689655172414,0.3055180197701612,0.0,0.0,0.0,0.0,5.232758620689655
https://doi.org/10.1002/maco.202112687,0.016216216216216217,0.4,0.005405405405405406,0.005405405405405406,0.3334307138008894,0.0,0.0,0.0,0.0,5.356756756756757
https://doi.org/10.1002/maco.202213068,0.009216589861751152,0.36363636363636365,0.0,0.0,0.3812371959437131,0.09090909090909091,0.09090909090909091,0.0,0.09090909090909091,5.442396313364055
https://doi.org/10.1002/maco.202213052,0.029411764705882353,0.3333333333333333,0.0,0.0,0.20518087780839558,0.0,0.3333333333333333,0.0,0.0,5.990196078431373
https://doi.org/10.1002/maco.202213084,0.005128205128205128,0.5454545454545454,0.005128205128205128,0.0,0.6203220728220489,0.09090909090909091,0.09090909090909091,0.0,0.0,4.712820512820513
https://doi.org/10.1002/maco.202213179,0.0,0.8333333333333334,0.012048192771084338,0.006024096385542169,0.5785642025803839,0.0,0.5,0.0,0.0,5.048192771084337
https://doi.org/10.1002/maco.202213281,0.020202020202020204,0.2222222222222222,0.025252525252525252,0.005050505050505051,0.3112520997602142,0.0,0.0,0.0,0.0,5.575757575757576
https://doi.org/10.1002/maco.202213244,0.017857142857142856,0.2,0.07738095238095238,0.005952380952380952,0.21838019437909692,0.0,0.4,0.0,0.0,5.928571428571429
https://doi.org/10.1002/maco.202213476,0.028735632183908046,0.16666666666666666,0.028735632183908046,0.011494252873563218,0.23131737698273688,0.0,0.16666666666666666,0.0,0.16666666666666666,5.67816091954023
https://doi.org/10.1002/maco.202213383,0.012658227848101266,0.38461538461538464,0.0,0.008438818565400843,0.4859470058696361,0.15384615384615385,0.0,0.0,0.07692307692307693,5.628691983122363
https://doi.org/10.1002/maco.202112843,0.00684931506849315,0.16666666666666666,0.0,0.00684931506849315,0.15130631530393507,0.0,0.0,0.0,0.16666666666666666,5.465753424657534
https://doi.org/10.1002/maco.202112930,0.041237113402061855,0.0,0.0,0.0,0.2843941077140973,0.0,0.0,0.0,0.0,5.907216494845361
https://doi.org/10.1002/maco.202270021,0.026785714285714284,0.1111111111111111,0.008928571428571428,0.0,0.794693016073451,0.4444444444444444,0.0,0.0,0.0,5.473214285714286
https://doi.org/10.1002/maco.202112770,0.0,0.3333333333333333,0.0,0.0,0.17193587674920519,0.0,0.0,0.0,0.16666666666666666,5.172131147540983
https://doi.org/10.1002/maco.202270031,0.03125,0.4,0.0,0.0,0.3972015826028671,0.0,0.0,0.0,0.0,5.96875
https://doi.org/10.1002/maco.202270051,0.017543859649122806,0.16666666666666666,0.03508771929824561,0.0,0.619772692373884,0.0,0.16666666666666666,0.0,0.16666666666666666,5.640350877192983
https://doi.org/10.1002/maco.202270041,0.031578947368421054,0.8333333333333334,0.0,0.0,0.6309646135008719,0.0,0.16666666666666666,0.0,0.0,5.431578947368421
https://doi.org/10.1002/maco.202213150,0.020100502512562814,0.8333333333333334,0.02512562814070352,0.0,0.5037422141108647,0.0,0.5,0.0,0.0,4.703517587939698
https://doi.org/10.1002/maco.202270061,0.05309734513274336,0.5,0.04424778761061947,0.0,0.34896892306425403,0.0,0.25,0.0,0.0,6.168141592920354
https://doi.org/10.1002/maco.202270071,0.018018018018018018,0.25,0.0,0.0,0.44674148714297074,0.0,0.5,0.0,0.25,6.171171171171171
https://doi.org/10.1002/maco.202213268,0.020100502512562814,0.6666666666666666,0.0,0.010050251256281407,0.2126049829277003,0.0,0.0,0.0,0.1111111111111111,5.668341708542713
https://doi.org/10.1002/maco.202270081,0.023255813953488372,0.3333333333333333,0.0,0.0,0.5254476059393025,0.0,0.3333333333333333,0.0,0.0,5.790697674418604
https://doi.org/10.1002/maco.202270091,0.02727272727272727,0.6,0.00909090909090909,0.0,0.1149919149152138,0.0,0.0,0.0,0.0,4.818181818181818
https://doi.org/10.1002/maco.202270101,0.016666666666666666,0.5,0.0,0.0,0.42491829279939874,0.0,0.5,0.0,0.0,5.283333333333333
https://doi.org/10.1002/maco.202270111,0.0,0.3333333333333333,0.024390243902439025,0.0,0.9527817065670542,0.6666666666666666,0.0,0.0,0.0,6.146341463414634
https://doi.org/10.1002/maco.202270121,0.02702702702702703,0.5,0.02702702702702703,0.0,0.2972972972972973,0.0,0.0,0.0,0.0,6.324324324324325
https://doi.org/10.1002/maco.202213499,0.009852216748768473,0.2727272727272727,0.0,0.009852216748768473,0.3749671376154693,0.0,0.0,0.0,0.09090909090909091,5.990147783251231
https://doi.org/10.1108/acmm-04-2023-2796,0.021739130434782608,0.25,0.016304347826086956,0.005434782608695652,0.3512064004652937,0.0,0.125,0.0,0.0,6.0
https://doi.org/10.1108/acmm-12-2022-2738,0.02459016393442623,0.3333333333333333,0.0,0.00819672131147541,0.20606237852420548,0.0,0.0,0.0,0.0,6.155737704918033
https://doi.org/10.1108/acmm-01-2023-2747,0.03,0.4444444444444444,0.0,0.005,0.3194526568992658,0.0,0.0,0.0,0.0,5.295
https://doi.org/10.1108/acmm-05-2023-2816,0.030120481927710843,0.625,0.03614457831325301,0.012048192771084338,0.2524376727681562,0.0,0.0,0.0,0.0,6.686746987951807
https://doi.org/10.1108/acmm-03-2023-2769,0.006896551724137931,0.0,0.04827586206896552,0.013793103448275862,0.33053122665715196,0.0,0.0,0.0,0.16666666666666666,5.951724137931034
https://doi.org/10.1108/acmm-07-2023-2858,0.027649769585253458,0.5,0.0,0.004608294930875576,0.3406711443000225,0.0,0.3333333333333333,0.0,0.0,5.8341013824884795
https://doi.org/10.1108/acmm-08-2023-2888,0.0047169811320754715,0.125,0.0,0.009433962264150943,0.2040878080451315,0.0,0.0,0.0,0.0,6.193396226415095
https://doi.org/10.1108/acmm-11-2022-2725,0.015306122448979591,0.16666666666666666,0.0,0.00510204081632653,0.30441701816686323,0.0,0.0,0.0,0.0,6.36734693877551
https://doi.org/10.1108/acmm-06-2023-2843,0.010810810810810811,0.0,0.0,0.005405405405405406,0.41159242855786965,0.0,0.1111111111111111,0.0,0.0,6.091891891891892
https://doi.org/10.1108/acmm-04-2023-2793,0.011494252873563218,0.2857142857142857,0.028735632183908046,0.005747126436781609,0.3382514705646473,0.0,0.14285714285714285,0.0,0.0,6.413793103448276
https://doi.org/10.1108/acmm-03-2023-2773,0.023121387283236993,0.7142857142857143,0.017341040462427744,0.005780346820809248,0.3855105664863136,0.0,0.2857142857142857,0.0,0.0,5.982658959537572
https://doi.org/10.1108/acmm-03-2023-2772,0.015544041450777202,0.1,0.05181347150259067,0.010362694300518135,0.35449654887248333,0.0,0.0,0.0,0.0,5.782383419689119
https://doi.org/10.1108/acmm-07-2023-2856,0.025423728813559324,0.2727272727272727,0.05508474576271186,0.00423728813559322,0.25941064177989775,0.0,0.0,0.0,0.0,6.093220338983051
https://doi.org/10.1108/acmm-02-2023-2755,0.024154589371980676,0.07692307692307693,0.0,0.004830917874396135,0.3081201684850623,0.0,0.0,0.0,0.0,5.898550724637682
https://doi.org/10.1108/acmm-02-2023-2763,0.010869565217391304,0.125,0.0,0.005434782608695652,0.20393111999232302,0.0,0.0,0.0,0.0,5.798913043478261
https://doi.org/10.1108/acmm-08-2023-2883,0.026905829596412557,0.14285714285714285,0.0,0.008968609865470852,0.39968215166201243,0.0,0.2857142857142857,0.0,0.0,6.367713004484305
https://doi.org/10.1108/acmm-07-2023-2853,0.013636363636363636,0.0,0.03636363636363636,0.00909090909090909,0.2540579747724022,0.0,0.0,0.0,0.09090909090909091,6.172727272727273
https://doi.org/10.1108/acmm-05-2023-2812,0.006097560975609756,0.6666666666666666,0.0,0.006097560975609756,0.3455762759830428,0.0,0.16666666666666666,0.0,0.0,6.762195121951219
https://doi.org/10.1108/acmm-07-2023-2861,0.011560693641618497,0.25,0.0,0.011560693641618497,0.22528526323589684,0.0,0.0,0.0,0.0,5.6473988439306355
https://doi.org/10.1108/acmm-09-2023-2899,0.01507537688442211,0.4166666666666667,0.05025125628140704,0.005025125628140704,0.4018529843924574,0.0,0.08333333333333333,0.0,0.0,5.547738693467337
https://doi.org/10.1108/acmm-04-2023-2797,0.014388489208633094,0.6,0.07553956834532374,0.007194244604316547,0.41415361049278426,0.0,0.3,0.0,0.0,5.690647482014389
https://doi.org/10.1108/acmm-05-2023-2811,0.024844720496894408,0.125,0.043478260869565216,0.006211180124223602,0.4729886053042465,0.125,0.0,0.0,0.0,5.919254658385094
https://doi.org/10.1108/acmm-03-2023-2775,0.028735632183908046,0.2857142857142857,0.011494252873563218,0.011494252873563218,0.09719272715682621,0.0,0.0,0.0,0.0,5.051724137931035
https://doi.org/10.1108/acmm-03-2023-2765,0.005025125628140704,0.3,0.02512562814070352,0.005025125628140704,0.44802595277758583,0.1,0.0,0.0,0.0,6.175879396984925
https://doi.org/10.1108/acmm-04-2023-2788,0.046357615894039736,0.0,0.0,0.006622516556291391,0.32490851846453195,0.0,0.0,0.0,0.125,6.47682119205298
https://doi.org/10.1108/acmm-06-2023-2840,0.027522935779816515,0.2,0.009174311926605505,0.009174311926605505,0.43652760562826853,0.0,0.2,0.0,0.0,5.6422018348623855
https://doi.org/10.1108/acmm-03-2023-2780,0.01953125,0.7,0.015625,0.00390625,0.421875,0.0,0.2,0.0,0.0,5.43359375
https://doi.org/10.1108/acmm-04-2023-2791,0.030612244897959183,0.5,0.0,0.00510204081632653,0.2886150127292031,0.0,0.125,0.0,0.0,5.954081632653061
https://doi.org/10.1108/acmm-09-2022-2700,0.028708133971291867,0.6153846153846154,0.0861244019138756,0.004784688995215311,0.2839542607647424,0.0,0.0,0.0,0.0,5.9330143540669855
https://doi.org/10.1108/acmm-06-2023-2826,0.007751937984496124,0.16666666666666666,0.0,0.015503875968992248,0.12232351812449226,0.0,0.0,0.0,0.0,5.953488372093023
https://doi.org/10.1108/acmm-06-2023-2829,0.033707865168539325,0.8333333333333334,0.02247191011235955,0.0056179775280898875,0.29040107827685585,0.0,0.3333333333333333,0.0,0.0,5.904494382022472
https://doi.org/10.1108/acmm-07-2023-2855,0.019801980198019802,1.0,0.04950495049504951,0.009900990099009901,0.2447367741447183,0.0,0.0,0.0,0.0,5.782178217821782
https://doi.org/10.1108/acmm-03-2023-2774,0.02027027027027027,0.5833333333333334,0.010135135135135136,0.0033783783783783786,0.4392411611660813,0.0,0.25,0.0,0.0,5.918918918918919
https://doi.org/10.1108/acmm-09-2023-2903,0.023696682464454975,0.18181818181818182,0.018957345971563982,0.014218009478672985,0.44337499766925115,0.0,0.09090909090909091,0.0,0.09090909090909091,5.568720379146919
https://doi.org/10.1108/acmm-02-2023-2762,0.026143790849673203,0.7142857142857143,0.10457516339869281,0.0,0.34012057075183494,0.0,0.0,0.0,0.0,5.281045751633987
https://doi.org/10.1108/acmm-06-2023-2819,0.010638297872340425,0.42857142857142855,0.047872340425531915,0.005319148936170213,0.6915711899210641,0.0,0.14285714285714285,0.0,0.0,6.6861702127659575
https://doi.org/10.1108/acmm-05-2023-2809,0.013761467889908258,0.9,0.0,0.009174311926605505,0.2914198197113503,0.0,0.0,0.0,0.0,5.504587155963303
https://doi.org/10.1108/acmm-09-2023-2891,0.020080321285140562,0.0,0.004016064257028112,0.008032128514056224,0.20670054991900036,0.0,0.0,0.0,0.0,5.686746987951807
https://doi.org/10.1108/acmm-11-2022-2728,0.05,0.6,0.15,0.008333333333333333,0.3476108935769035,0.0,0.2,0.0,0.0,5.666666666666667
https://doi.org/10.1108/acmm-02-2023-2754,0.01694915254237288,0.0,0.0,0.003389830508474576,0.3095529669644708,0.0,0.08333333333333333,0.0,0.16666666666666666,6.379661016949153
https://doi.org/10.1108/acmm-07-2023-2854,0.01507537688442211,0.8888888888888888,0.0,0.010050251256281407,0.3744308745768273,0.0,0.1111111111111111,0.0,0.1111111111111111,5.336683417085427
https://doi.org/10.1108/acmm-01-2023-2746,0.018867924528301886,0.6666666666666666,0.018867924528301886,0.006289308176100629,0.28964978464577246,0.0,0.16666666666666666,0.0,0.0,5.710691823899371
https://doi.org/10.1108/acmm-05-2023-2814,0.02072538860103627,0.375,0.046632124352331605,0.0051813471502590676,0.27057350029320015,0.0,0.0,0.0,0.0,5.860103626943006
https://doi.org/10.1108/acmm-06-2023-2845,0.015957446808510637,0.625,0.047872340425531915,0.005319148936170213,0.396339064046748,0.0,0.125,0.0,0.0,5.414893617021277
https://doi.org/10.1108/acmm-06-2023-2833,0.01694915254237288,0.5,0.012711864406779662,0.00423728813559322,0.2706562614012087,0.0,0.25,0.0,0.0,4.919491525423729
https://doi.org/10.1108/acmm-09-2023-2894,0.011527377521613832,0.13333333333333333,0.0,0.005763688760806916,0.45141127952049037,0.0,0.06666666666666667,0.0,0.0,5.930835734870317
https://doi.org/10.1108/acmm-11-2022-2720,0.022900763358778626,0.16666666666666666,0.04580152671755725,0.015267175572519083,0.2415159086955172,0.0,0.0,0.0,0.0,5.687022900763359
https://doi.org/10.1108/acmm-08-2023-2873,0.02112676056338028,0.42857142857142855,0.0,0.007042253521126761,0.2747381577905797,0.0,0.0,0.0,0.0,6.02112676056338
https://doi.org/10.1108/acmm-11-2022-2731,0.01762114537444934,0.3333333333333333,0.01762114537444934,0.00881057268722467,0.34804550158773007,0.0,0.1111111111111111,0.0,0.0,5.81057268722467
https://doi.org/10.1108/acmm-09-2023-2896,0.033962264150943396,0.2222222222222222,0.0,0.007547169811320755,0.5525435537425849,0.0,0.3333333333333333,0.0,0.0,6.305660377358491
https://doi.org/10.1108/acmm-02-2023-2761,0.014705882352941176,0.5,0.022058823529411766,0.014705882352941176,0.3951479071336588,0.0,0.16666666666666666,0.0,0.0,6.125
https://doi.org/10.1108/acmm-05-2023-2806,0.01762114537444934,0.08333333333333333,0.013215859030837005,0.00881057268722467,0.4745252087784469,0.0,0.08333333333333333,0.0,0.0,6.066079295154185
https://doi.org/10.1108/acmm-08-2023-2882,0.018633540372670808,0.0,0.0,0.006211180124223602,0.36365915946098004,0.0,0.0,0.0,0.1111111111111111,6.3602484472049685
https://doi.org/10.1108/acmm-04-2023-2784,0.012861736334405145,0.0,0.0,0.003215434083601286,0.5086487442645707,0.0,0.15384615384615385,0.0,0.07692307692307693,5.594855305466238
https://doi.org/10.1108/acmm-07-2023-2860,0.012875536480686695,0.875,0.03862660944206009,0.004291845493562232,0.4899287792096874,0.0,0.125,0.0,0.125,5.253218884120171
https://doi.org/10.1108/acmm-04-2023-2787,0.004694835680751174,0.0,0.004694835680751174,0.009389671361502348,0.34182143942286186,0.0,0.3333333333333333,0.0,0.0,5.455399061032864
https://doi.org/10.1108/acmm-05-2023-2799,0.01834862385321101,0.5,0.0,0.009174311926605505,0.46878848774463183,0.0,0.25,0.0,0.0,5.798165137614679
https://doi.org/10.1108/acmm-12-2022-2737,0.016597510373443983,0.625,0.02074688796680498,0.016597510373443983,0.423297530383374,0.0,0.375,0.0,0.125,5.331950207468879
https://doi.org/10.1108/acmm-04-2023-2782,0.0189873417721519,0.0,0.0379746835443038,0.006329113924050633,0.4415889504433521,0.0,0.3333333333333333,0.0,0.0,5.430379746835443
https://doi.org/10.1108/acmm-03-2023-2764,0.020161290322580645,0.4,0.0,0.008064516129032258,0.40031205309647927,0.0,0.2,0.0,0.1,5.475806451612903
https://doi.org/10.1108/acmm-03-2023-2779,0.01485148514851485,0.3333333333333333,0.0,0.0049504950495049506,0.28575979583488736,0.0,0.0,0.0,0.0,5.425742574257426
https://doi.org/10.1108/acmm-06-2023-2823,0.030612244897959183,0.0,0.0,0.01020408163265306,0.20099709799583887,0.0,0.0,0.0,0.0,5.969387755102041
https://doi.org/10.1108/acmm-06-2023-2837,0.018867924528301886,0.3333333333333333,0.018867924528301886,0.025157232704402517,0.2575546569741292,0.0,0.0,0.0,0.0,5.220125786163522
https://doi.org/10.1108/acmm-08-2023-2870,0.03723404255319149,0.4444444444444444,0.047872340425531915,0.005319148936170213,0.28045587928646953,0.0,0.0,0.0,0.1111111111111111,5.696808510638298
https://doi.org/10.1108/acmm-03-2023-2771,0.0,0.2,0.05263157894736842,0.013157894736842105,0.46127758270942376,0.0,0.2,0.0,0.0,5.4605263157894735
https://doi.org/10.1108/acmm-07-2023-2865,0.00641025641025641,0.42857142857142855,0.0,0.01282051282051282,0.24660748797014545,0.0,0.0,0.0,0.0,5.589743589743589
https://doi.org/10.1108/acmm-07-2023-2857,0.041916167664670656,0.2,0.0,0.011976047904191617,0.3018463032605643,0.0,0.0,0.0,0.0,6.311377245508982
https://doi.org/10.1108/acmm-07-2023-2851,0.010416666666666666,0.2857142857142857,0.041666666666666664,0.005208333333333333,0.30988489126340657,0.0,0.2857142857142857,0.0,0.0,6.333333333333333
https://doi.org/10.5006/4428,0.0033112582781456954,0.0,0.0,0.0,0.33862371951773473,0.0,0.2727272727272727,0.0,0.0,6.4072847682119205
https://doi.org/10.5006/4346,0.013953488372093023,0.5454545454545454,0.023255813953488372,0.004651162790697674,0.31716701620897336,0.09090909090909091,0.0,0.0,0.18181818181818182,6.330232558139535
https://doi.org/10.5006/4300,0.015306122448979591,0.875,0.0,0.01020408163265306,0.3818017741606063,0.0,0.125,0.0,0.25,6.596938775510204
https://doi.org/10.5006/4336,0.028037383177570093,0.375,0.009345794392523364,0.009345794392523364,0.3815786105157683,0.0,0.375,0.0,0.125,6.093457943925234
https://doi.org/10.5006/4272,0.03211009174311927,0.14285714285714285,0.05963302752293578,0.0,0.4124360879447527,0.14285714285714285,0.42857142857142855,0.0,0.0,5.495412844036697
https://doi.org/10.5006/4199,0.013761467889908258,0.6,0.0045871559633027525,0.0045871559633027525,0.5061693293260081,0.0,0.1,0.0,0.1,5.5504587155963305
https://doi.org/10.5006/4289,0.02717391304347826,0.7692307692307693,0.04891304347826087,0.0,0.3160829570346815,0.0,0.15384615384615385,0.0,0.0,5.913043478260869
https://doi.org/10.5006/4370,0.036,0.3333333333333333,0.048,0.004,0.4075683991675508,0.0,0.3333333333333333,0.0,0.1111111111111111,6.0
https://doi.org/10.5006/4436,0.009478672985781991,0.5,0.061611374407582936,0.014218009478672985,0.4968172097532554,0.0,0.1,0.0,0.1,4.981042654028436
https://doi.org/10.5006/4437,0.0196078431372549,0.25,0.024509803921568627,0.004901960784313725,0.2793687617406864,0.0,0.125,0.0,0.0,5.529411764705882
https://doi.org/10.5006/4236,0.005555555555555556,0.2857142857142857,0.05,0.011111111111111112,0.3808697000222802,0.0,0.2857142857142857,0.0,0.2857142857142857,5.627777777777778
https://doi.org/10.5006/4316,0.04946996466431095,0.5454545454545454,0.053003533568904596,0.0,0.5143497660191876,0.09090909090909091,0.18181818181818182,0.0,0.09090909090909091,6.310954063604241
https://doi.org/10.5006/4245,0.042105263157894736,1.0,0.1368421052631579,0.0,0.45967590654522206,0.0,0.25,0.0,0.0,6.484210526315789
https://doi.org/10.5006/4319,0.026143790849673203,0.4444444444444444,0.0,0.0,0.2659737248284419,0.0,0.0,0.0,0.1111111111111111,6.4183006535947715
https://doi.org/10.5006/4277,0.038461538461538464,0.5,0.0,0.0,0.24373814642699781,0.0,0.0,0.0,0.0,5.846153846153846
https://doi.org/10.5006/4348,0.029288702928870293,0.2222222222222222,0.02510460251046025,0.0041841004184100415,0.36686711659887816,0.0,0.1111111111111111,0.0,0.1111111111111111,6.087866108786611
https://doi.org/10.5006/4392,0.038461538461538464,0.8,0.16346153846153846,0.0,0.29542868261033106,0.0,0.0,0.0,0.0,5.403846153846154
https://doi.org/10.5006/4196,0.030405405405405407,1.0,0.0,0.0,0.4733106902405465,0.0,0.3333333333333333,0.0,0.1111111111111111,4.773648648648648
https://doi.org/10.5006/4395,0.05217391304347826,0.25,0.0,0.0,0.07922116155777652,0.0,0.0,0.0,0.25,5.991304347826087
https://doi.org/10.5006/4229,0.0365296803652968,0.375,0.0273972602739726,0.0,0.36435380567670567,0.0,0.25,0.0,0.0,5.968036529680365
https://doi.org/10.5006/4239,0.02631578947368421,0.5,0.03289473684210526,0.013157894736842105,0.3542871583641121,0.0,0.16666666666666666,0.0,0.16666666666666666,6.046052631578948
https://doi.org/10.5006/4241,0.04597701149425287,0.2222222222222222,0.14942528735632185,0.011494252873563218,0.3482587909780027,0.0,0.0,0.0,0.0,5.620689655172414
https://doi.org/10.5006/4244,0.017142857142857144,0.14285714285714285,0.08,0.005714285714285714,0.31928491530740555,0.0,0.14285714285714285,0.0,0.14285714285714285,5.937142857142857
https://doi.org/10.5006/4311,0.024193548387096774,0.45454545454545453,0.056451612903225805,0.0,0.4297713740152977,0.09090909090909091,0.09090909090909091,0.0,0.2727272727272727,6.076612903225806
https://doi.org/10.5006/4443,0.037037037037037035,0.0,0.030864197530864196,0.012345679012345678,0.40496838189769696,0.0,0.14285714285714285,0.0,0.14285714285714285,5.549382716049383
https://doi.org/10.5006/4162,0.05217391304347826,0.8,0.0,0.017391304347826087,0.07777627747825355,0.0,0.0,0.0,0.2,6.017391304347826
https://doi.org/10.5006/4240,0.033112582781456956,0.5,0.09271523178807947,0.006622516556291391,0.26990309764655407,0.0,0.0,0.0,0.16666666666666666,5.0927152317880795
https://doi.org/10.5006/4363,0.008583690987124463,0.5,0.030042918454935622,0.004291845493562232,0.5015219335662554,0.0,0.5,0.0,0.0,5.330472103004292
https://doi.org/10.5006/4237,0.03076923076923077,0.42857142857142855,0.0,0.0,0.4214498627959868,0.0,0.42857142857142855,0.0,0.0,5.774358974358974
https://doi.org/10.5006/4268,0.02766798418972332,0.36363636363636365,0.03162055335968379,0.003952569169960474,0.18446263857040368,0.0,0.0,0.0,0.09090909090909091,6.0355731225296445
https://doi.org/10.5006/4356,0.03571428571428571,0.5,0.025510204081632654,0.00510204081632653,0.297147342419613,0.0,0.125,0.0,0.0,5.331632653061225
https://doi.org/10.5006/4267,0.01532567049808429,0.4444444444444444,0.038314176245210725,0.0038314176245210726,0.24110548233796586,0.0,0.2222222222222222,0.0,0.0,6.076628352490421
https://doi.org/10.5006/4305,0.019305019305019305,0.3333333333333333,0.03474903474903475,0.003861003861003861,0.7559979648678127,0.0,0.08333333333333333,0.0,0.0,5.077220077220077
https://doi.org/10.5006/4280,0.041666666666666664,0.4,0.075,0.008333333333333333,0.29226129861250305,0.0,0.2,0.0,0.0,5.808333333333334
https://doi.org/10.5006/4234,0.009009009009009009,0.0,0.0,0.0,0.44628706581984995,0.0,0.2,0.0,0.2,5.891891891891892
https://doi.org/10.5006/4288,0.03614457831325301,0.6666666666666666,0.0,0.0,0.1625390067859282,0.0,0.0,0.0,0.0,5.301204819277109
https://doi.org/10.5006/4344,0.024096385542168676,0.09090909090909091,0.0,0.012048192771084338,0.2500947385853858,0.0,0.09090909090909091,0.0,0.09090909090909091,6.124497991967871
https://doi.org/10.5006/4355,0.0273972602739726,0.5,0.02054794520547945,0.0,0.29697922450244935,0.0,0.0,0.0,0.0,5.6506849315068495
https://doi.org/10.5006/4296,0.025423728813559324,0.1111111111111111,0.00847457627118644,0.0,0.2528209133928186,0.0,0.0,0.0,0.3333333333333333,5.826271186440678
https://doi.org/10.5006/4301,0.006622516556291391,0.14285714285714285,0.0,0.0,0.29199215476885565,0.0,0.0,0.0,0.14285714285714285,6.33112582781457
https://doi.org/10.5006/4364,0.024539877300613498,0.1111111111111111,0.024539877300613498,0.0,0.48446839318772106,0.1111111111111111,0.1111111111111111,0.0,0.1111111111111111,6.098159509202454
https://doi.org/10.5006/4238,0.00821917808219178,0.06666666666666667,0.03561643835616438,0.005479452054794521,0.3029844668701206,0.0,0.13333333333333333,0.0,0.06666666666666667,5.5479452054794525
https://doi.org/10.5006/4401,0.03669724770642202,0.25,0.10091743119266056,0.0,0.42031967665891035,0.0,0.25,0.0,0.0,6.220183486238532
https://doi.org/10.5006/4380,0.019230769230769232,0.2857142857142857,0.0,0.00641025641025641,0.12626740771533468,0.0,0.0,0.0,0.14285714285714285,6.653846153846154
https://doi.org/10.5006/4400,0.03125,0.3333333333333333,0.020833333333333332,0.0,0.2795084971874737,0.0,0.0,0.0,0.0,5.90625
https://doi.org/10.5006/4282,0.02830188679245283,0.4,0.0,0.0,0.1007271533210501,0.0,0.0,0.0,0.0,5.849056603773585
https://doi.org/10.5006/4427,0.019801980198019802,0.3333333333333333,0.034653465346534656,0.0049504950495049506,0.2941277381685733,0.0,0.0,0.0,0.1111111111111111,5.272277227722772
https://doi.org/10.5006/4204,0.03184713375796178,0.8333333333333334,0.03184713375796178,0.0,0.29554414670369883,0.0,0.0,0.0,0.16666666666666666,6.343949044585988
https://doi.org/10.5006/4386,0.02072538860103627,0.25,0.0,0.015544041450777202,0.16112240212918355,0.0,0.0,0.0,0.125,5.450777202072539
https://doi.org/10.5006/4320,0.0136986301369863,0.2,0.04794520547945205,0.0,0.2933234671967652,0.0,0.2,0.0,0.0,6.116438356164384
https://doi.org/10.5006/4382,0.020080321285140562,0.125,0.08433734939759036,0.004016064257028112,0.5365167247762004,0.0,0.375,0.0,0.125,5.550200803212851
https://doi.org/10.5006/4190,0.01910828025477707,0.375,0.0,0.012738853503184714,0.29922750691837824,0.0,0.0,0.0,0.125,5.0
https://doi.org/10.5006/4141,0.04,0.42857142857142855,0.06,0.0,0.46162755550335166,0.0,0.2857142857142857,0.0,0.0,5.98
https://doi.org/10.5006/4287,0.020689655172413793,0.0,0.034482758620689655,0.0,0.30726440565442015,0.0,0.16666666666666666,0.0,0.0,5.586206896551724
https://doi.org/10.5006/4269,0.01015228426395939,0.3333333333333333,0.06598984771573604,0.005076142131979695,0.29169051570677446,0.0,0.0,0.0,0.0,5.467005076142132
https://doi.org/10.5006/4265,0.027932960893854747,0.3333333333333333,0.027932960893854747,0.0,0.2866634996797206,0.0,0.16666666666666666,0.0,0.16666666666666666,5.4525139664804465
https://doi.org/10.5006/4322,0.020512820512820513,0.0,0.0,0.0,0.3713967806871776,0.1,0.0,0.0,0.0,5.425641025641026
https://doi.org/10.5006/4434,0.013043478260869565,0.6,0.004347826086956522,0.0,0.20760585019675343,0.0,0.0,0.0,0.1,5.48695652173913
https://doi.org/10.5006/4461,0.030612244897959183,0.6666666666666666,0.027210884353741496,0.0,0.30373216461504526,0.0,0.4444444444444444,0.0,0.1111111111111111,5.41156462585034
https://doi.org/10.5006/4284,0.03614457831325301,0.375,0.012048192771084338,0.0,0.41857717508530623,0.0,0.0,0.0,0.0,4.993975903614458
https://doi.org/10.5006/4359,0.023809523809523808,0.125,0.06190476190476191,0.004761904761904762,0.3731340576030425,0.0,0.25,0.0,0.25,5.366666666666666
https://doi.org/10.5006/4279,0.01762114537444934,0.125,0.039647577092511016,0.0,0.391624752818466,0.0,0.25,0.0,0.0,6.431718061674009
https://doi.org/10.5006/4333,0.017361111111111112,0.2727272727272727,0.010416666666666666,0.010416666666666666,0.30417142309827466,0.0,0.09090909090909091,0.0,0.2727272727272727,5.375
https://doi.org/10.5006/4368,0.03723404255319149,0.2857142857142857,0.0,0.005319148936170213,0.47283614010731023,0.0,0.14285714285714285,0.0,0.0,5.707446808510638
https://doi.org/10.5006/4384,0.021621621621621623,0.375,0.016216216216216217,0.005405405405405406,0.2177647251727966,0.0,0.0,0.0,0.0,6.135135135135135
https://doi.org/10.5006/4235,0.029940119760479042,0.16666666666666666,0.0,0.0,0.4119568997081884,0.0,0.16666666666666666,0.0,0.16666666666666666,6.413173652694611
https://doi.org/10.5006/4285,0.011299435028248588,0.0,0.0,0.005649717514124294,0.38588025574077256,0.0,0.16666666666666666,0.0,0.0,5.740112994350283
https://doi.org/10.5006/4409,0.016181229773462782,0.8,0.025889967637540454,0.0,0.3538328465656081,0.0,0.8,0.0,0.0,6.242718446601942
https://doi.org/10.5006/4378,0.006756756756756757,0.8333333333333334,0.0,0.0,0.16159811815001887,0.0,0.0,0.0,0.16666666666666666,5.736486486486487
https://doi.org/10.5006/4420,0.017391304347826087,0.25,0.017391304347826087,0.0,0.20778788078866994,0.0,0.25,0.0,0.0,5.973913043478261
https://doi.org/10.5006/4313,0.017142857142857144,0.3333333333333333,0.02857142857142857,0.0,0.36131279907513686,0.1111111111111111,0.0,0.0,0.0,5.8742857142857146
https://doi.org/10.5006/4260,0.019801980198019802,0.5,0.024752475247524754,0.0,0.3617589288404972,0.125,0.125,0.0,0.0,6.207920792079208
https://doi.org/10.5006/4329,0.010582010582010581,0.1111111111111111,0.021164021164021163,0.005291005291005291,0.2637023448545421,0.0,0.0,0.0,0.0,5.904761904761905
https://doi.org/10.5006/4314,0.023923444976076555,0.625,0.05741626794258373,0.004784688995215311,0.3993710859047894,0.0,0.25,0.0,0.125,5.55023923444976
https://doi.org/10.5006/4421,0.017045454545454544,0.3333333333333333,0.05113636363636364,0.005681818181818182,0.5157638962686463,0.0,0.16666666666666666,0.0,0.3333333333333333,5.738636363636363
https://doi.org/10.5006/4418,0.009433962264150943,0.8888888888888888,0.0,0.0,0.25243562566527644,0.0,0.0,0.0,0.1111111111111111,5.816037735849057
https://doi.org/10.5006/4324,0.012711864406779662,0.25,0.012711864406779662,0.00847457627118644,0.38575615853359463,0.0,0.25,0.0,0.125,5.576271186440678
https://doi.org/10.5006/4130,0.024390243902439025,0.8,0.024390243902439025,0.0,0.4244805685270443,0.0,0.2,0.0,0.4,5.430894308943089
https://doi.org/10.5006/4146,0.006329113924050633,0.125,0.02531645569620253,0.0,0.3657767918177187,0.0,0.0,0.0,0.0,6.031645569620253
https://doi.org/10.5006/4163,0.007380073800738007,0.15384615384615385,0.0,0.007380073800738007,0.4825913719342233,0.0,0.07692307692307693,0.0,0.15384615384615385,5.501845018450185
https://doi.org/10.5006/4248,0.027932960893854747,0.8571428571428571,0.00558659217877095,0.00558659217877095,0.21809185805523054,0.0,0.0,0.0,0.0,5.340782122905028
https://doi.org/10.5006/4167,0.011049723756906077,0.14285714285714285,0.0,0.0,0.2249643433315175,0.0,0.0,0.0,0.14285714285714285,5.629834254143646
https://doi.org/10.5006/4295,0.016666666666666666,1.0,0.0,0.0,0.1649915822768611,0.0,0.25,0.0,0.0,5.658333333333333
https://doi.org/10.5006/4439,0.0196078431372549,0.2,0.0,0.0,0.5022908773030287,0.0,0.4,0.0,0.0,5.954248366013072
https://doi.org/10.5006/4415,0.010050251256281407,0.0,0.06030150753768844,0.0,0.3156642969756665,0.0,0.14285714285714285,0.0,0.0,5.909547738693467
https://doi.org/10.5006/4203,0.023255813953488372,0.1111111111111111,0.0,0.0033222591362126247,0.3386097622921172,0.0,0.3333333333333333,0.0,0.1111111111111111,5.681063122923588
https://doi.org/10.5006/4250,0.03314917127071823,0.375,0.0,0.0055248618784530384,0.35698475092044435,0.0,0.125,0.0,0.0,5.30939226519337
https://doi.org/10.5006/4278,0.013636363636363636,0.2222222222222222,0.0,0.00909090909090909,0.23627620760667323,0.0,0.1111111111111111,0.0,0.1111111111111111,5.636363636363637
https://doi.org/10.5006/4325,0.006734006734006734,0.9090909090909091,0.03367003367003367,0.003367003367003367,0.29713685485400954,0.0,0.18181818181818182,0.0,0.09090909090909091,5.700336700336701
https://doi.org/10.5006/4252,0.0189873417721519,0.5,0.06962025316455696,0.0,0.26911761551226965,0.0,0.16666666666666666,0.0,0.16666666666666666,5.468354430379747
https://doi.org/10.5006/4292,0.03553299492385787,0.6666666666666666,0.050761421319796954,0.01015228426395939,0.33325172715065693,0.0,0.1111111111111111,0.0,0.1111111111111111,5.482233502538071
https://doi.org/10.5006/4281,0.03067484662576687,0.2857142857142857,0.018404907975460124,0.006134969325153374,0.40004516286873887,0.0,0.14285714285714285,0.0,0.0,5.975460122699387
https://doi.org/10.5006/4312,0.022099447513812154,0.42857142857142855,0.016574585635359115,0.011049723756906077,0.2792105805191884,0.0,0.14285714285714285,0.0,0.14285714285714285,5.779005524861878
https://doi.org/10.5006/4445,0.002244668911335578,0.21621621621621623,0.02244668911335578,0.0,0.6705927240761449,0.10810810810810811,0.16216216216216217,0.0,0.02702702702702703,5.011223344556678
https://doi.org/10.5006/4412,0.03333333333333333,0.14285714285714285,0.08666666666666667,0.0,0.20548046676563259,0.0,0.0,0.0,0.0,5.406666666666666
https://doi.org/10.5006/4334,0.022123893805309734,0.5,0.01327433628318584,0.0,0.29015214709300885,0.0,0.25,0.0,0.125,6.216814159292035
https://doi.org/10.5006/4290,0.020134228187919462,0.4,0.0,0.013422818791946308,0.39727915669661057,0.0,0.4,0.0,0.2,5.483221476510067
https://doi.org/10.5006/4487,0.009541984732824428,0.3076923076923077,0.013358778625954198,0.0,0.7168869697066873,0.19230769230769232,0.11538461538461539,0.0,0.038461538461538464,5.480916030534351
https://doi.org/10.5006/4438,0.054982817869415807,0.25,0.013745704467353952,0.0,0.2911648786738181,0.08333333333333333,0.08333333333333333,0.0,0.08333333333333333,6.209621993127148
https://doi.org/10.5006/4473,0.018292682926829267,0.0,0.018292682926829267,0.0,0.34233338652727313,0.0,0.0,0.0,0.0,6.128048780487805
https://doi.org/10.5006/4430,0.03888888888888889,0.75,0.0,0.005555555555555556,0.3691832827963589,0.08333333333333333,0.0,0.0,0.16666666666666666,5.777777777777778
https://doi.org/10.5006/4475,0.04081632653061224,0.5,0.006802721088435374,0.006802721088435374,0.392028014536705,0.0,0.16666666666666666,0.0,0.0,5.224489795918367
https://doi.org/10.1080/1478422x.2023.2180195,0.02666666666666667,0.0,0.0,0.0,0.35876330792196565,0.0,0.14285714285714285,0.0,0.14285714285714285,5.94
https://doi.org/10.1080/1478422x.2023.2218634,0.023622047244094488,0.14285714285714285,0.023622047244094488,0.007874015748031496,0.16516674774333095,0.0,0.0,0.0,0.14285714285714285,6.047244094488189
https://doi.org/10.1080/1478422x.2023.2204260,0.007692307692307693,0.0,0.0,0.0,0.23331924443235538,0.0,0.0,0.0,0.16666666666666666,5.907692307692308
https://doi.org/10.1080/1478422x.2023.2209961,0.04081632653061224,0.16666666666666666,0.013605442176870748,0.006802721088435374,0.2725336819593215,0.0,0.16666666666666666,0.0,0.16666666666666666,5.72108843537415
https://doi.org/10.1080/1478422x.2023.2248710,0.04697986577181208,0.16666666666666666,0.0,0.006711409395973154,0.4148606566584051,0.0,0.16666666666666666,0.0,0.0,6.167785234899329
https://doi.org/10.1080/1478422x.2023.2165634,0.006711409395973154,0.6,0.03355704697986577,0.0,0.3881028803973412,0.0,0.4,0.0,0.0,5.738255033557047
https://doi.org/10.1080/1478422x.2023.2182457,0.06716417910447761,0.5714285714285714,0.0,0.0,0.3503490923673285,0.0,0.0,0.0,0.0,5.850746268656716
https://doi.org/10.1080/1478422x.2023.2190441,0.031007751937984496,0.0,0.0,0.015503875968992248,0.17863129646206066,0.0,0.5,0.0,0.5,6.0852713178294575
https://doi.org/10.1080/1478422x.2023.2202062,0.03418803418803419,0.25,0.0,0.0,0.12415247048148675,0.0,0.0,0.0,0.0,5.6752136752136755
https://doi.org/10.1080/1478422x.2023.2244236,0.02834008097165992,0.3333333333333333,0.05263157894736842,0.0,0.5964897014532159,0.0,0.08333333333333333,0.0,0.0,5.437246963562753
https://doi.org/10.1080/1478422x.2023.2197334,0.03571428571428571,0.5,0.03571428571428571,0.007142857142857143,0.33012057166546693,0.0,0.5,0.0,0.0,4.978571428571429
https://doi.org/10.1080/1478422x.2023.2212471,0.02,0.6,0.09,0.0,0.43474130238568315,0.0,0.0,0.0,0.2,6.27
https://doi.org/10.1080/1478422x.2023.2198786,0.037383177570093455,1.0,0.04672897196261682,0.0,0.2355066012776477,0.0,0.0,0.0,0.0,5.878504672897196
https://doi.org/10.1080/1478422x.2023.2200008,0.034722222222222224,0.16666666666666666,0.034722222222222224,0.006944444444444444,0.4403018745596488,0.0,0.16666666666666666,0.0,0.16666666666666666,5.798611111111111
https://doi.org/10.1080/1478422x.2023.2190443,0.026845637583892617,1.0,0.040268456375838924,0.006711409395973154,0.2404895686868311,0.0,0.2,0.0,0.0,5.489932885906041
https://doi.org/10.1080/1478422x.2023.2250960,0.0196078431372549,0.4,0.0392156862745098,0.0196078431372549,0.5239368319955838,0.0,0.4,0.0,0.2,5.241830065359477
https://doi.org/10.1080/1478422x.2023.2241229,0.02666666666666667,0.5,0.006666666666666667,0.0,0.36733272837215764,0.0,0.16666666666666666,0.0,0.16666666666666666,5.733333333333333
https://doi.org/10.1080/1478422x.2023.2259660,0.039473684210526314,0.8,0.0,0.0,0.2475643121345629,0.0,0.4,0.0,0.0,5.7368421052631575
https://doi.org/10.1080/1478422x.2023.2262215,0.006756756756756757,0.125,0.02027027027027027,0.0,0.332113668309311,0.125,0.0,0.0,0.0,6.128378378378378
https://doi.org/10.1080/1478422x.2023.2165238,0.020833333333333332,0.2222222222222222,0.0763888888888889,0.0,0.5212498334665335,0.2222222222222222,0.0,0.0,0.0,5.861111111111111
https://doi.org/10.1080/1478422x.2023.2188637,0.027777777777777776,1.0,0.0,0.006944444444444444,0.24295632895188754,0.0,0.0,0.0,0.0,5.659722222222222
https://doi.org/10.1080/1478422x.2023.2212466,0.04697986577181208,0.5,0.0738255033557047,0.006711409395973154,0.507898959530538,0.0,0.125,0.0,0.0,5.644295302013423
https://doi.org/10.1080/1478422x.2023.2183551,0.04672897196261682,0.75,0.018691588785046728,0.0,0.4884015936618287,0.0,0.25,0.0,0.0,5.953271028037383
https://doi.org/10.1080/1478422x.2023.2245643,0.033783783783783786,0.8571428571428571,0.0,0.013513513513513514,0.5196117278305508,0.0,0.14285714285714285,0.0,0.2857142857142857,5.614864864864865
https://doi.org/10.1080/1478422x.2023.2261782,0.041666666666666664,0.5714285714285714,0.02976190476190476,0.005952380952380952,0.44765703992769446,0.0,0.2857142857142857,0.0,0.14285714285714285,5.119047619047619
https://doi.org/10.1080/1478422x.2023.2184521,0.03289473684210526,0.3333333333333333,0.013157894736842105,0.006578947368421052,0.30462728691553226,0.0,0.16666666666666666,0.0,0.0,6.276315789473684
https://doi.org/10.1080/1478422x.2023.2247666,0.023952095808383235,0.5,0.029940119760479042,0.0,0.4450918786622307,0.0,0.16666666666666666,0.0,0.0,5.029940119760479
https://doi.org/10.1080/1478422x.2022.2162661,0.023076923076923078,0.5,0.0,0.0,0.3205025639384563,0.0,0.0,0.0,0.3333333333333333,5.6923076923076925
https://doi.org/10.1080/1478422x.2023.2247883,0.03669724770642202,0.1,0.10091743119266056,0.0045871559633027525,0.39235605101546966,0.0,0.1,0.0,0.0,5.247706422018348
https://doi.org/10.1080/1478422x.2023.2242654,0.024,0.3333333333333333,0.024,0.0,0.25910615585122637,0.0,0.0,0.0,0.16666666666666666,5.888
https://doi.org/10.1080/1478422x.2023.2190442,0.0472972972972973,0.0,0.0,0.013513513513513514,0.38006381379527654,0.0,0.16666666666666666,0.0,0.16666666666666666,5.844594594594595
https://doi.org/10.1080/1478422x.2023.2245642,0.006666666666666667,0.6666666666666666,0.0,0.006666666666666667,0.36368484525295613,0.0,0.16666666666666666,0.0,0.0,5.26
https://doi.org/10.1080/1478422x.2023.2250156,0.018404907975460124,0.375,0.03680981595092025,0.006134969325153374,0.26762814860352435,0.0,0.0,0.0,0.0,5.024539877300613
https://doi.org/10.1080/1478422x.2023.2252258,0.04032258064516129,0.25,0.016129032258064516,0.008064516129032258,0.32817725724799685,0.0,0.25,0.0,0.0,5.854838709677419
https://doi.org/10.1080/1478422x.2023.2247236,0.016666666666666666,0.5,0.03333333333333333,0.0,0.36285901761795397,0.0,0.25,0.0,0.0,5.841666666666667
https://doi.org/10.1080/1478422x.2023.2262214,0.02040816326530612,0.3333333333333333,0.0,0.0,0.13014371748101353,0.0,1.0,0.0,0.3333333333333333,6.680272108843537
https://doi.org/10.1080/1478422x.2023.2264655,0.04477611940298507,0.2,0.04477611940298507,0.0,0.40422694220748784,0.0,0.4,0.0,0.0,6.1716417910447765
https://doi.org/10.1080/1478422x.2023.2243727,0.041666666666666664,0.25,0.1111111111111111,0.006944444444444444,0.4185144214810934,0.0,0.25,0.0,0.0,5.243055555555555
https://doi.org/10.1080/1478422x.2023.2243736,0.0070921985815602835,0.0,0.07092198581560284,0.0,0.3254693306548586,0.0,0.0,0.0,0.0,5.666666666666667
https://doi.org/10.1080/1478422x.2023.2185987,0.024193548387096774,0.25,0.0,0.0,0.11630810566012868,0.0,0.25,0.0,0.25,6.032258064516129
https://doi.org/10.1080/1478422x.2023.2193777,0.028985507246376812,0.5714285714285714,0.0,0.007246376811594203,0.23436176273617726,0.0,0.0,0.0,0.14285714285714285,5.478260869565218
https://doi.org/10.1080/1478422x.2023.2209962,0.007692307692307693,0.2,0.023076923076923078,0.007692307692307693,0.29492753096432023,0.0,0.2,0.0,0.0,5.876923076923077
https://doi.org/10.1080/1478422x.2023.2212456,0.013333333333333334,0.3333333333333333,0.0,0.006666666666666667,0.3002221399786054,0.0,0.0,0.0,0.0,5.1066666666666665
https://doi.org/10.1080/1478422x.2023.2238388,0.026785714285714284,1.0,0.0,0.0,0.1494035761667992,0.0,0.0,0.0,0.0,5.741071428571429
https://doi.org/10.1080/1478422x.2022.2163335,0.020833333333333332,0.6666666666666666,0.025,0.004166666666666667,0.23318447632722034,0.0,0.1111111111111111,0.0,0.0,5.045833333333333
https://doi.org/10.1080/1478422x.2023.2182458,0.02027027027027027,0.0,0.08108108108108109,0.006756756756756757,0.19110994086122907,0.0,0.0,0.0,0.3333333333333333,5.54054054054054
https://doi.org/10.1080/1478422x.2023.2247661,0.040983606557377046,0.3333333333333333,0.01639344262295082,0.0,0.12267729136963743,0.0,0.0,0.0,0.16666666666666666,6.295081967213115
https://doi.org/10.1080/1478422x.2023.2244234,0.02,0.16666666666666666,0.05333333333333334,0.006666666666666667,0.2581988897471611,0.0,0.0,0.0,0.16666666666666666,5.62
https://doi.org/10.1080/1478422x.2023.2259668,0.02877697841726619,0.8571428571428571,0.04316546762589928,0.007194244604316547,0.5103351899559193,0.0,0.14285714285714285,0.0,0.14285714285714285,5.280575539568345
https://doi.org/10.1080/1478422x.2022.2159144,0.05555555555555555,0.0,0.0,0.0,0.0,0.0,0.0,0.0,1.0,7.111111111111111
https://doi.org/10.1080/1478422x.2023.2185991,0.06140350877192982,0.0,0.07017543859649122,0.008771929824561403,0.5249983511384212,0.0,0.3333333333333333,0.0,0.3333333333333333,6.307017543859649
https://doi.org/10.1080/1478422x.2023.2238389,0.006756756756756757,0.75,0.0,0.0,0.2075985337261786,0.0,0.75,0.0,0.0,5.1891891891891895
https://doi.org/10.1080/1478422x.2023.2257948,0.02877697841726619,0.0,0.0,0.0,0.1484875355435273,0.0,0.0,0.0,0.14285714285714285,6.345323741007194
https://doi.org/10.1016/j.corsci.2023.111017,0.04807692307692308,0.2,0.019230769230769232,0.0,0.41846259898055665,0.0,0.0,0.0,0.2,5.5673076923076925
https://doi.org/10.1016/j.corsci.2023.111112,0.007633587786259542,0.6666666666666666,0.0,0.0,0.5517874921679756,0.0,0.16666666666666666,0.0,0.0,5.885496183206107
https://doi.org/10.1016/j.corsci.2023.111025,0.012987012987012988,0.25,0.0,0.012987012987012988,0.2782374712419292,0.0,0.0,0.0,0.0,6.740259740259741
https://doi.org/10.1016/j.corsci.2023.111296,0.02,0.6,0.13,0.0,0.38340579025361626,0.0,0.0,0.0,0.0,5.58
https://doi.org/10.1016/j.corsci.2023.111591,0.03125,0.5,0.010416666666666666,0.0,0.20623947784607635,0.0,0.0,0.0,0.0,6.09375
https://doi.org/10.1016/j.corsci.2023.111764,0.07,0.3333333333333333,0.18,0.0,0.34756294393965526,0.0,0.6666666666666666,0.0,0.0,5.83
https://doi.org/10.1016/j.corsci.2023.111372,0.020618556701030927,0.0,0.0,0.0,0.2719774424386169,0.0,0.0,0.0,0.0,6.350515463917525
https://doi.org/10.1016/j.corsci.2023.111453,0.04,0.0,0.04,0.01,0.3261901286060018,0.0,0.0,0.0,0.25,6.35
https://doi.org/10.1016/j.corsci.2023.111361,0.04081632653061224,0.25,0.08163265306122448,0.0,0.231792177379603,0.0,0.0,0.0,0.0,5.857142857142857
https://doi.org/10.1016/j.corsci.2023.111570,0.05,0.4,0.09,0.0,0.22135943621178655,0.0,0.0,0.0,0.0,5.81
https://doi.org/10.1016/j.corsci.2023.110965,0.02,0.2,0.11,0.0,0.6284902544988268,0.2,0.2,0.0,0.0,5.66
https://doi.org/10.1016/j.corsci.2023.111271,0.018691588785046728,0.8333333333333334,0.009345794392523364,0.009345794392523364,0.2956877013001192,0.16666666666666666,0.0,0.0,0.3333333333333333,6.757009345794392
https://doi.org/10.1016/j.corsci.2023.111809,0.06521739130434782,0.5,0.0,0.010869565217391304,0.22169650059099064,0.0,0.0,0.0,0.0,5.923913043478261
https://doi.org/10.1016/j.corsci.2023.111125,0.010101010101010102,0.6666666666666666,0.050505050505050504,0.0,0.32590435969498344,0.16666666666666666,0.0,0.0,0.0,4.898989898989899
https://doi.org/10.1016/j.corsci.2023.111030,0.02654867256637168,1.0,0.07964601769911504,0.0,0.33987370565790304,0.0,0.25,0.0,0.0,5.442477876106195
https://doi.org/10.1016/j.corsci.2023.111031,0.02830188679245283,1.0,0.0,0.009433962264150943,0.14492727826167184,0.0,0.0,0.0,0.0,5.481132075471698
https://doi.org/10.1016/j.corsci.2023.111357,0.021739130434782608,0.0,0.0,0.0,0.35754096094344623,0.0,0.3333333333333333,0.0,0.3333333333333333,5.945652173913044
https://doi.org/10.1016/j.corsci.2023.111045,0.025423728813559324,1.0,0.03389830508474576,0.0,0.2267642061060958,0.0,0.25,0.0,0.0,5.432203389830509
https://doi.org/10.1016/j.corsci.2023.111600,0.0,0.8333333333333334,0.0,0.0,0.3047014574733883,0.0,0.0,0.0,0.0,5.372093023255814
https://doi.org/10.1016/j.corsci.2023.111118,0.019801980198019802,0.2,0.0594059405940594,0.009900990099009901,0.3074093999259411,0.0,0.0,0.0,0.2,5.752475247524752
https://doi.org/10.1016/j.corsci.2023.111234,0.010416666666666666,0.75,0.07291666666666667,0.0,0.23011168785806793,0.0,0.0,0.0,0.0,5.635416666666667
https://doi.org/10.1016/j.corsci.2023.111051,0.01904761904761905,0.3333333333333333,0.05714285714285714,0.0,0.22975882060599656,0.0,0.3333333333333333,0.0,0.0,5.809523809523809
https://doi.org/10.1016/j.corsci.2023.111076,0.03759398496240601,0.6666666666666666,0.08270676691729323,0.0,0.4451991381379687,0.0,0.6666666666666666,0.0,0.0,5.390977443609023
https://doi.org/10.1016/j.corsci.2023.111230,0.04081632653061224,0.25,0.14285714285714285,0.0,0.1369021210714157,0.0,0.0,0.0,0.0,6.1938775510204085
https://doi.org/10.1016/j.corsci.2023.111238,0.0380952380952381,0.8,0.0,0.0,0.45375730474558457,0.0,0.2,0.0,0.0,6.114285714285714
https://doi.org/10.1016/j.corsci.2023.111669,0.05,0.0,0.03,0.0,0.34058772731852804,0.0,0.25,0.0,0.0,5.89
https://doi.org/10.1016/j.corsci.2023.111013,0.03508771929824561,1.0,0.0,0.0,0.1252882180446114,0.0,0.0,0.0,0.0,5.412280701754386
https://doi.org/10.1016/j.corsci.2023.111333,0.050505050505050504,0.0,0.0,0.010101010101010102,0.3515093462889962,0.0,0.25,0.0,0.25,6.484848484848484
https://doi.org/10.1016/j.corsci.2023.111513,0.0,0.3333333333333333,0.031578947368421054,0.010526315789473684,0.2875052691315298,0.0,0.6666666666666666,0.0,0.3333333333333333,5.894736842105263
https://doi.org/10.1016/j.corsci.2023.111018,0.06930693069306931,0.5,0.0,0.0,0.0649251339039802,0.0,0.0,0.0,0.0,5.712871287128713
https://doi.org/10.1016/j.corsci.2023.111022,0.04,0.4,0.06,0.01,0.322490309931942,0.0,0.0,0.0,0.0,5.47
https://doi.org/10.1016/j.corsci.2023.111358,0.0297029702970297,0.0,0.04950495049504951,0.0,0.2736688111105991,0.0,0.0,0.0,0.2,5.415841584158416
https://doi.org/10.1016/j.corsci.2023.110964,0.02,0.3333333333333333,0.08,0.0,0.4356604182158393,0.0,0.6666666666666666,0.0,0.0,5.73
https://doi.org/10.1016/j.corsci.2023.111733,0.020618556701030927,0.0,0.010309278350515464,0.0,0.3479285985708496,0.0,0.25,0.0,0.25,7.010309278350515
https://doi.org/10.1016/j.corsci.2022.110956,0.04,1.0,0.02,0.0,0.10954451150103321,0.0,0.0,0.0,0.0,6.17
https://doi.org/10.1016/j.corsci.2023.111262,0.019801980198019802,0.25,0.009900990099009901,0.0,0.22468922213683598,0.0,0.0,0.0,0.0,6.0
https://doi.org/10.1016/j.corsci.2023.111724,0.0,0.6,0.10638297872340426,0.010638297872340425,0.5772195730319378,0.0,0.2,0.0,0.2,6.297872340425532
https://doi.org/10.1016/j.corsci.2023.111415,0.04950495049504951,0.16666666666666666,0.0,0.009900990099009901,0.2918693658016569,0.16666666666666666,0.0,0.0,0.0,6.089108910891089
https://doi.org/10.1016/j.corsci.2023.111124,0.0,0.0,0.0,0.0,0.2317736142542175,0.0,0.0,0.0,0.0,6.0227272727272725
https://doi.org/10.1016/j.corsci.2023.111140,0.05,0.0,0.0,0.0,0.12649110640673517,0.0,0.0,0.0,0.2,6.65
https://doi.org/10.1016/j.corsci.2023.111139,0.01020408163265306,0.14285714285714285,0.0,0.0,0.8855826103570258,0.42857142857142855,0.14285714285714285,0.0,0.0,5.408163265306122
https://doi.org/10.1016/j.corsci.2023.111336,0.009900990099009901,1.0,0.039603960396039604,0.009900990099009901,0.25704465318311226,0.0,0.3333333333333333,0.0,0.3333333333333333,5.455445544554456
https://doi.org/10.1016/j.corsci.2023.111651,0.020202020202020204,0.0,0.0707070707070707,0.0,0.16720146825501866,0.0,0.0,0.0,0.2,6.05050505050505
https://doi.org/10.1016/j.corsci.2023.110960,0.019230769230769232,0.42857142857142855,0.057692307692307696,0.009615384615384616,0.6225543867784094,0.2857142857142857,0.0,0.0,0.2857142857142857,4.971153846153846
https://doi.org/10.1016/j.corsci.2023.111012,0.06,0.7142857142857143,0.01,0.0,0.5596427431853289,0.14285714285714285,0.0,0.0,0.14285714285714285,5.53
https://doi.org/10.1016/j.corsci.2023.111698,0.05555555555555555,0.2,0.0,0.011111111111111112,0.5317104939557955,0.0,0.0,0.0,0.2,6.355555555555555
https://doi.org/10.1016/j.corsci.2023.111093,0.024096385542168676,0.25,0.0,0.012048192771084338,0.37543220363573215,0.0,0.0,0.0,0.0,5.903614457831325
https://doi.org/10.1016/j.corsci.2023.110999,0.07216494845360824,0.6666666666666666,0.020618556701030927,0.0,0.13907976869311384,0.0,0.3333333333333333,0.0,0.0,5.257731958762887
https://doi.org/10.1016/j.corsci.2023.111210,0.01,0.75,0.0,0.0,0.354400902933387,0.0,0.25,0.0,0.0,6.13
https://doi.org/10.1016/j.corsci.2023.111309,0.0,0.0,0.0,0.0,0.26317695482665915,0.0,0.0,0.0,0.0,5.925531914893617
https://doi.org/10.1016/j.corsci.2023.111598,0.039603960396039604,0.75,0.019801980198019802,0.009900990099009901,0.21212163649137178,0.0,0.0,0.0,0.25,6.306930693069307
https://doi.org/10.1016/j.corsci.2023.111114,0.06862745098039216,0.25,0.09803921568627451,0.0,0.3578095606057776,0.0,0.25,0.0,0.0,6.284313725490196
https://doi.org/10.1016/j.corsci.2023.111155,0.0449438202247191,0.75,0.0,0.0,0.23648949640279984,0.0,0.0,0.0,0.0,5.932584269662922
https://doi.org/10.1016/j.corsci.2023.111654,0.01,0.3333333333333333,0.05,0.0,0.3717526059088221,0.0,0.6666666666666666,0.0,0.0,5.93
https://doi.org/10.1016/j.corsci.2023.111135,0.010309278350515464,0.16666666666666666,0.010309278350515464,0.010309278350515464,0.2821429316165775,0.0,0.0,0.0,0.3333333333333333,6.061855670103093
https://doi.org/10.1016/j.corsci.2023.111166,0.030303030303030304,1.0,0.020202020202020204,0.0,0.21991455613209335,0.0,0.3333333333333333,0.0,0.0,5.828282828282828
https://doi.org/10.1016/j.corsci.2023.111703,0.008928571428571428,0.75,0.0,0.017857142857142856,0.2845960259019505,0.0,0.25,0.0,0.25,4.848214285714286
https://doi.org/10.1016/j.corsci.2023.111771,0.018691588785046728,0.1111111111111111,0.056074766355140186,0.009345794392523364,0.541411153568607,0.2222222222222222,0.0,0.0,0.1111111111111111,5.271028037383178
https://doi.org/10.1016/j.corsci.2023.111047,0.010101010101010102,0.6666666666666666,0.010101010101010102,0.010101010101010102,0.3004944400130003,0.0,0.0,0.0,0.0,5.171717171717172
https://doi.org/10.1016/j.corsci.2023.111057,0.024,0.75,0.032,0.008,0.4223363588420964,0.0,0.5,0.0,0.0,4.8
https://doi.org/10.1016/j.corsci.2023.111163,0.041666666666666664,0.4,0.03125,0.0,0.2822128580030014,0.0,0.0,0.0,0.0,6.697916666666667
https://doi.org/10.1016/j.corsci.2023.111773,0.050505050505050504,1.0,0.030303030303030304,0.0,0.4157397096415491,0.0,0.2,0.0,0.0,6.525252525252525
https://doi.org/10.1016/j.corsci.2023.111008,0.04395604395604396,0.4,0.07692307692307693,0.0,0.15305921183718812,0.0,0.0,0.0,0.0,5.549450549450549
https://doi.org/10.1016/j.corsci.2023.111109,0.05813953488372093,0.5,0.0,0.0,0.3625222620492999,0.0,0.0,0.0,0.0,6.4186046511627906
https://doi.org/10.1016/j.corsci.2023.111410,0.02912621359223301,0.8571428571428571,0.0,0.0,0.4263009398077699,0.14285714285714285,0.0,0.0,0.0,5.524271844660194
https://doi.org/10.1016/j.corsci.2023.111767,0.030612244897959183,0.7142857142857143,0.12244897959183673,0.0,0.3393528397615488,0.14285714285714285,0.0,0.0,0.0,6.112244897959184
https://doi.org/10.1016/j.corsci.2023.111552,0.039603960396039604,0.25,0.019801980198019802,0.0,0.14652127313810637,0.0,0.0,0.0,0.0,5.930693069306931
https://doi.org/10.1016/j.corsci.2023.111594,0.031578947368421054,0.16666666666666666,0.0,0.0,0.40673008602866645,0.16666666666666666,0.0,0.0,0.0,5.989473684210527
https://doi.org/10.1016/j.corsci.2023.111387,0.02830188679245283,0.5,0.02830188679245283,0.009433962264150943,0.4633218550116481,0.25,0.25,0.0,0.25,6.2075471698113205
https://doi.org/10.1016/j.corsci.2023.111569,0.02127659574468085,0.5,0.031914893617021274,0.010638297872340425,0.3016478059310176,0.0,0.0,0.0,0.0,5.9787234042553195
https://doi.org/10.1016/j.corsci.2023.111046,0.038461538461538464,0.3333333333333333,0.12307692307692308,0.0,0.36698032128850966,0.16666666666666666,0.0,0.0,0.0,5.2846153846153845
https://doi.org/10.1016/j.corsci.2023.111463,0.007142857142857143,0.8333333333333334,0.05,0.007142857142857143,0.20203050891044214,0.0,0.0,0.0,0.0,5.714285714285714
https://doi.org/10.1016/j.corsci.2023.111557,0.04854368932038835,0.6666666666666666,0.04854368932038835,0.0,0.4256370915880189,0.0,0.3333333333333333,0.0,0.0,5.980582524271845
https://doi.org/10.1016/j.corsci.2023.111658,0.030303030303030304,0.0,0.0,0.0,0.32480677153158644,0.0,0.0,0.0,0.0,5.434343434343434
https://doi.org/10.1016/j.corsci.2023.111562,0.01,0.4,0.05,0.0,0.10954451150103321,0.0,0.0,0.0,0.0,6.12
https://doi.org/10.1016/j.corsci.2023.111704,0.029850746268656716,0.14285714285714285,0.05223880597014925,0.0,0.2550448879199263,0.0,0.0,0.0,0.14285714285714285,6.059701492537314
https://doi.org/10.1016/j.corsci.2023.111744,0.04040404040404041,0.5,0.0,0.0,0.3336392841396716,0.0,0.25,0.0,0.0,5.4646464646464645
https://doi.org/10.1016/j.corsci.2023.111209,0.009900990099009901,0.25,0.0,0.009900990099009901,0.3633811743267835,0.0,0.25,0.0,0.25,5.524752475247524
https://doi.org/10.1016/j.corsci.2023.111434,0.029411764705882353,1.0,0.0,0.0,0.20935447553002573,0.0,0.0,0.0,0.0,5.029411764705882
https://doi.org/10.1016/j.corsci.2023.111385,0.061224489795918366,0.3333333333333333,0.0,0.0,0.35289013195490987,0.0,0.0,0.0,0.0,5.795918367346939
https://doi.org/10.1016/j.corsci.2023.111728,0.04,0.75,0.05,0.0,0.27568097504180444,0.0,0.0,0.0,0.0,6.0
https://doi.org/10.1016/j.corsci.2023.111263,0.009433962264150943,0.5,0.0,0.0,0.24673012887966078,0.0,0.0,0.0,0.0,5.226415094339623
https://doi.org/10.1016/j.corsci.2023.111613,0.028846153846153848,0.4,0.009615384615384616,0.009615384615384616,0.3666476147103388,0.0,0.0,0.0,0.0,5.538461538461538
https://doi.org/10.1016/j.corsci.2023.111797,0.026785714285714284,0.6666666666666666,0.017857142857142856,0.017857142857142856,0.5322806628853172,0.0,0.6666666666666666,0.0,0.3333333333333333,4.794642857142857
https://doi.org/10.1016/j.corsci.2023.111722,0.0297029702970297,0.2,0.06930693069306931,0.0,0.3762376237623763,0.0,0.0,0.0,0.0,5.653465346534653
https://doi.org/10.1016/j.corsci.2023.111376,0.0707070707070707,0.75,0.0,0.0,0.17466279258374326,0.0,0.0,0.0,0.0,5.565656565656566
https://doi.org/10.1016/j.corsci.2023.111388,0.04,0.4,0.0,0.01,0.3391164991562634,0.0,0.0,0.0,0.2,5.85
https://doi.org/10.1016/j.corsci.2023.110959,0.04040404040404041,0.8,0.020202020202020204,0.0,0.09793292641245109,0.0,0.0,0.0,0.0,5.08080808080808
https://doi.org/10.1016/j.corsci.2023.111010,0.030612244897959183,0.6,0.0,0.0,0.2553060408815674,0.0,0.0,0.0,0.0,6.316326530612245
https://doi.org/10.1016/j.corsci.2023.111364,0.04,0.5,0.06,0.0,0.25768197453450253,0.0,0.0,0.0,0.0,5.36
https://doi.org/10.1016/j.corsci.2023.111675,0.020833333333333332,1.0,0.0,0.0,0.2935208917417786,0.0,0.0,0.0,0.0,6.208333333333333
https://doi.org/10.1016/j.corsci.2023.111284,0.019801980198019802,0.3333333333333333,0.04950495049504951,0.009900990099009901,0.16597083776475458,0.0,0.0,0.0,0.16666666666666666,5.643564356435643
https://doi.org/10.1016/j.corsci.2023.111805,0.010416666666666666,0.5,0.0,0.0,0.4093100563414271,0.0,0.25,0.0,0.0,4.90625
https://doi.org/10.1016/j.corsci.2023.111142,0.038461538461538464,1.0,0.0,0.009615384615384616,0.1884222879063983,0.0,0.0,0.0,0.25,5.75
https://doi.org/10.1016/j.corsci.2023.111616,0.02127659574468085,0.6,0.06382978723404255,0.010638297872340425,0.13201780474458355,0.0,0.0,0.0,0.2,4.712765957446808
https://doi.org/10.1016/j.corsci.2023.111217,0.030303030303030304,1.0,0.0,0.020202020202020204,0.35640967200762325,0.0,0.0,0.0,0.16666666666666666,6.02020202020202
https://doi.org/10.1016/j.corsci.2023.111565,0.020833333333333332,0.8,0.0,0.0,0.18458380361113907,0.0,0.0,0.0,0.0,5.635416666666667
https://doi.org/10.1016/j.corsci.2023.111153,0.016666666666666666,0.3333333333333333,0.03333333333333333,0.016666666666666666,0.1414213562373095,0.0,0.0,0.0,0.0,5.116666666666666
https://doi.org/10.1016/j.corsci.2023.111024,0.01107011070110701,0.5,0.014760147601476014,0.0,0.30444481671340673,0.0,0.375,0.0,0.125,5.782287822878229
https://doi.org/10.3390/cmd4020015,0.00975609756097561,0.0,0.0,0.0,0.2580759817836351,0.0,0.125,0.0,0.0,6.385365853658537
https://doi.org/10.3390/cmd4040031,0.01675977653631285,0.2857142857142857,0.00558659217877095,0.0,0.35155603849278816,0.0,0.2857142857142857,0.0,0.14285714285714285,5.871508379888268
https://doi.org/10.3390/cmd4040033,0.0048543689320388345,0.1111111111111111,0.0,0.0,0.3628782833209856,0.0,0.1111111111111111,0.0,0.0,5.699029126213592
https://doi.org/10.3390/cmd4040032,0.030456852791878174,0.7142857142857143,0.050761421319796954,0.005076142131979695,0.3220051071503291,0.0,0.14285714285714285,0.0,0.14285714285714285,5.913705583756345
https://doi.org/10.3390/cmd4010004,0.013986013986013986,0.0,0.0,0.0,0.20650102182144617,0.0,0.0,0.0,0.0,6.741258741258742
https://doi.org/10.3390/cmd4030024,0.0,0.14285714285714285,0.03496503496503497,0.0,0.2466460431964811,0.0,0.0,0.0,0.0,5.545454545454546
https://doi.org/10.3390/cmd4040029,0.017094017094017096,0.0,0.0,0.0,0.2739046215207191,0.0,0.375,0.0,0.0,6.363247863247863
https://doi.org/10.3390/cmd4010010,0.02185792349726776,0.0,0.04918032786885246,0.0,0.23699725073444197,0.0,0.0,0.0,0.1,6.049180327868853
https://doi.org/10.3390/cmd4030026,0.023668639053254437,0.6,0.08875739644970414,0.0,0.0961424663270528,0.0,0.2,0.0,0.0,5.579881656804734
https://doi.org/10.3390/cmd4010009,0.0410958904109589,0.14285714285714285,0.0684931506849315,0.00684931506849315,0.2463850102548623,0.0,0.0,0.0,0.14285714285714285,6.1438356164383565
https://doi.org/10.3390/cmd4030019,0.008928571428571428,0.3333333333333333,0.008928571428571428,0.008928571428571428,0.36157958448779615,0.16666666666666666,0.0,0.0,0.16666666666666666,6.232142857142857
https://doi.org/10.3390/cmd4020013,0.0,0.0,0.005405405405405406,0.0,0.45287814268922183,0.0,0.45454545454545453,0.0,0.09090909090909091,5.448648648648649
https://doi.org/10.3390/cmd4030022,0.011627906976744186,0.0,0.023255813953488372,0.0,0.38354470935978235,0.0,0.14285714285714285,0.0,0.0,6.377906976744186
https://doi.org/10.3390/cmd4010007,0.03431372549019608,0.4444444444444444,0.0196078431372549,0.004901960784313725,0.2200974933396436,0.0,0.0,0.0,0.1111111111111111,5.882352941176471
https://doi.org/10.3390/cmd4020012,0.0211864406779661,0.08333333333333333,0.025423728813559324,0.00847457627118644,0.408013664990194,0.0,0.08333333333333333,0.0,0.0,5.923728813559322
https://doi.org/10.3390/cmd4020014,0.0029154518950437317,0.16666666666666666,0.0,0.0058309037900874635,0.3806981857544208,0.0,0.25,0.0,0.16666666666666666,5.396501457725948
https://doi.org/10.3390/cmd4010011,0.00558659217877095,0.4444444444444444,0.10614525139664804,0.00558659217877095,0.27482399723461104,0.0,0.0,0.0,0.0,5.681564245810056
https://doi.org/10.3390/cmd4040034,0.019138755980861243,0.0,0.009569377990430622,0.004784688995215311,0.28160648745573513,0.0,0.14285714285714285,0.0,0.14285714285714285,6.373205741626794
https://doi.org/10.3390/cmd4030020,0.014563106796116505,0.5,0.014563106796116505,0.0,0.40995713263528955,0.0,0.375,0.0,0.0,5.752427184466019
https://doi.org/10.3390/cmd4010006,0.01764705882352941,0.5555555555555556,0.029411764705882353,0.0,0.3239035270102636,0.0,0.0,0.0,0.0,5.8882352941176475
https://doi.org/10.3390/cmd4030027,0.03669724770642202,0.25,0.0,0.009174311926605505,0.14534843594270513,0.0,0.0,0.0,0.5,5.935779816513762
https://doi.org/10.3390/cmd4030018,0.014150943396226415,0.14285714285714285,0.0,0.0047169811320754715,0.5847534798985562,0.0,0.14285714285714285,0.0,0.14285714285714285,5.533018867924528
https://doi.org/10.3390/cmd4030023,0.006711409395973154,0.2857142857142857,0.040268456375838924,0.0,0.24695797977146441,0.0,0.0,0.0,0.2857142857142857,5.697986577181208
https://doi.org/10.3390/cmd4040030,0.02,0.375,0.005,0.005,0.44317039612320674,0.0,0.125,0.0,0.0,5.505
https://doi.org/10.3390/cmd4030025,0.027777777777777776,0.375,0.041666666666666664,0.006944444444444444,0.2273709103297903,0.0,0.0,0.0,0.0,5.638888888888889
https://doi.org/10.3390/cmd4010008,0.026455026455026454,0.3,0.015873015873015872,0.0,0.22751322751322753,0.0,0.0,0.0,0.1,6.185185185185185
https://doi.org/10.3390/cmd4020016,0.017167381974248927,0.7142857142857143,0.0,0.0,0.3819501366744548,0.0,0.5714285714285714,0.0,0.0,5.227467811158799
https://doi.org/10.3390/cmd4040028,0.007575757575757576,0.2,0.0,0.0,0.5130303925253641,0.0,0.4,0.0,0.0,5.2272727272727275
https://doi.org/10.3390/cmd4010005,0.013157894736842105,0.5454545454545454,0.11842105263157894,0.0,0.3449053201989036,0.0,0.0,0.0,0.0,4.890350877192983
https://doi.org/10.3390/cmd4020017,0.010101010101010102,0.2,0.005050505050505051,0.0,0.45611401635861154,0.1,0.0,0.0,0.1,6.08080808080808
https://doi.org/10.3390/cmd4030021,0.019867549668874173,0.0,0.0,0.0,0.47714301133894166,0.0,0.0,0.0,0.0,5.271523178807947
https://doi.org/10.1002/maco.202213705,0.01834862385321101,0.0,0.0,0.0,0.2039092731274575,0.0,0.0,0.0,0.2,6.330275229357798
https://doi.org/10.1002/maco.202313743,0.018518518518518517,0.16666666666666666,0.006172839506172839,0.0,0.41573970964154905,0.0,0.3333333333333333,0.0,0.0,6.302469135802469
https://doi.org/10.1002/maco.202313931,0.017391304347826087,0.6,0.0,0.017391304347826087,0.09914568913905548,0.0,0.0,0.0,0.0,6.3304347826086955
https://doi.org/10.1002/maco.202313955,0.013986013986013986,0.0,0.08391608391608392,0.0,0.394655973692936,0.0,0.16666666666666666,0.0,0.16666666666666666,5.965034965034965
https://doi.org/10.1002/maco.202314046,0.010582010582010581,0.25,0.0,0.010582010582010581,0.4015242088868608,0.0,0.125,0.0,0.125,5.322751322751323
https://doi.org/10.1002/maco.202313907,0.012422360248447204,0.375,0.024844720496894408,0.006211180124223602,0.5148540083341745,0.0,0.125,0.0,0.0,6.043478260869565
https://doi.org/10.1002/maco.202313950,0.006369426751592357,0.0,0.025477707006369428,0.0,0.3046024764641616,0.0,0.0,0.0,0.0,5.993630573248407
https://doi.org/10.1002/maco.202313869,0.032520325203252036,0.6,0.04065040650406504,0.0,0.33382870191297254,0.0,0.2,0.0,0.2,5.382113821138211
https://doi.org/10.1002/maco.202313757,0.03783783783783784,0.6,0.016216216216216217,0.0,0.5249091194080092,0.0,0.4,0.0,0.0,4.989189189189189
https://doi.org/10.1002/maco.202213549,0.024691358024691357,0.16666666666666666,0.07407407407407407,0.0,0.3697525711573318,0.0,0.16666666666666666,0.0,0.0,6.1234567901234565
https://doi.org/10.1002/maco.202313943,0.04,0.3333333333333333,0.032,0.0,0.2749254444390333,0.0,0.0,0.0,0.0,5.872
https://doi.org/10.1002/maco.202313766,0.011494252873563218,0.4,0.011494252873563218,0.0,0.2406941562226658,0.0,0.4,0.0,0.0,5.2988505747126435
https://doi.org/10.1002/maco.202313858,0.010869565217391304,0.125,0.010869565217391304,0.005434782608695652,0.11503266569846046,0.0,0.0,0.0,0.25,6.0271739130434785
https://doi.org/10.1002/maco.202313927,0.033112582781456956,0.42857142857142855,0.013245033112582781,0.006622516556291391,0.4648044276918301,0.0,0.14285714285714285,0.0,0.0,6.403973509933775
https://doi.org/10.1002/maco.202314004,0.008928571428571428,0.3333333333333333,0.0,0.008928571428571428,0.2812145669289932,0.0,0.0,0.0,0.0,5.892857142857143
https://doi.org/10.1002/maco.202313763,0.0056179775280898875,0.3333333333333333,0.056179775280898875,0.0,0.2824675301118323,0.0,0.3333333333333333,0.0,0.3333333333333333,5.702247191011236
https://doi.org/10.1002/maco.202213719,0.03614457831325301,0.0,0.024096385542168676,0.006024096385542169,0.3701756986924631,0.0,0.0,0.0,0.0,5.77710843373494
https://doi.org/10.1002/maco.202313882,0.044585987261146494,0.42857142857142855,0.01910828025477707,0.0,0.3078483050597344,0.0,0.0,0.0,0.0,6.012738853503185
https://doi.org/10.1002/maco.202313863,0.009900990099009901,0.3333333333333333,0.0,0.009900990099009901,0.16148026168613952,0.0,0.3333333333333333,0.0,0.0,6.03960396039604
https://doi.org/10.1002/maco.202313821,0.031914893617021274,0.5,0.02127659574468085,0.0,0.33166930357701907,0.0,0.0,0.0,0.0,5.829787234042553
https://doi.org/10.1002/maco.202213438,0.04430379746835443,0.5,0.0,0.006329113924050633,0.42096934552698456,0.0,0.16666666666666666,0.0,0.16666666666666666,5.943037974683544
https://doi.org/10.1002/maco.202313759,0.02577319587628866,0.2727272727272727,0.0,0.0,0.3588310161640642,0.0,0.0,0.0,0.0,5.38659793814433
https://doi.org/10.1002/maco.202313798,0.023668639053254437,0.42857142857142855,0.0,0.005917159763313609,0.31187417640483883,0.0,0.14285714285714285,0.0,0.0,5.568047337278107
https://doi.org/10.1002/maco.202313778,0.006578947368421052,0.16666666666666666,0.0,0.006578947368421052,0.21700555924303477,0.0,0.0,0.0,0.0,5.723684210526316
https://doi.org/10.1002/maco.202313949,0.013636363636363636,0.0,0.004545454545454545,0.0,0.43598468393751993,0.0,0.25,0.0,0.0,6.1454545454545455
https://doi.org/10.1002/maco.202313895,0.015957446808510637,1.0,0.03723404255319149,0.0,0.23668718575837225,0.0,0.0,0.0,0.0,4.98404255319149
https://doi.org/10.1002/maco.202313957,0.0058823529411764705,0.42857142857142855,0.052941176470588235,0.0058823529411764705,0.31644653308971216,0.0,0.14285714285714285,0.0,0.0,5.864705882352941
https://doi.org/10.1002/maco.202313930,0.00975609756097561,0.5714285714285714,0.04390243902439024,0.0,0.3268656696146528,0.0,0.2857142857142857,0.0,0.0,4.8
https://doi.org/10.1002/maco.202313909,0.05625,0.6666666666666666,0.0,0.00625,0.2861380785564899,0.0,0.16666666666666666,0.0,0.0,5.20625
https://doi.org/10.1002/maco.202313937,0.04132231404958678,0.75,0.0,0.0,0.13705061117171075,0.0,0.25,0.0,0.0,6.1652892561983474
https://doi.org/10.1002/maco.202314054,0.023529411764705882,0.5714285714285714,0.0,0.0,0.40982737525530255,0.0,0.14285714285714285,0.0,0.0,5.276470588235294
https://doi.org/10.1002/maco.202213653,0.011764705882352941,0.8333333333333334,0.0,0.011764705882352941,0.19295552313949088,0.0,0.16666666666666666,0.0,0.16666666666666666,5.588235294117647
https://doi.org/10.1002/maco.202313990,0.03468208092485549,0.0,0.046242774566473986,0.0,0.34314039490533715,0.0,0.0,0.0,0.0,5.890173410404624
https://doi.org/10.1002/maco.202313912,0.029069767441860465,0.8333333333333334,0.005813953488372093,0.005813953488372093,0.2978197319736209,0.0,0.16666666666666666,0.0,0.0,5.761627906976744
https://doi.org/10.1002/maco.202313902,0.017937219730941704,0.625,0.08968609865470852,0.008968609865470852,0.3433642565098399,0.0,0.25,0.0,0.0,5.278026905829597
https://doi.org/10.1002/maco.202213496,0.013513513513513514,0.3333333333333333,0.0,0.0,0.2654984149241689,0.0,0.0,0.0,0.0,6.945945945945946
https://doi.org/10.1002/maco.202313755,0.013986013986013986,0.16666666666666666,0.013986013986013986,0.0,0.36930757836394107,0.0,0.16666666666666666,0.0,0.0,6.118881118881119
https://doi.org/10.1002/maco.202313770,0.020618556701030927,0.0,0.020618556701030927,0.010309278350515464,0.28773785024645077,0.0,0.0,0.0,0.0,6.041237113402062
https://doi.org/10.1002/maco.202313768,0.017341040462427744,0.375,0.017341040462427744,0.0,0.30668539641346376,0.0,0.125,0.0,0.0,5.832369942196531
https://doi.org/10.1002/maco.202313904,0.01910828025477707,0.3,0.012738853503184714,0.025477707006369428,0.2225656714605879,0.0,0.0,0.0,0.0,5.490445859872612
https://doi.org/10.1002/maco.202313841,0.0379746835443038,0.6666666666666666,0.06962025316455696,0.0189873417721519,0.25348081512026316,0.0,0.0,0.0,0.16666666666666666,5.531645569620253
https://doi.org/10.1002/maco.202213616,0.05042016806722689,0.4,0.05042016806722689,0.008403361344537815,0.12002400720240083,0.0,0.0,0.0,0.0,6.319327731092437
https://doi.org/10.1002/maco.202213718,0.028037383177570093,0.0,0.009345794392523364,0.018691588785046728,0.26615010964295593,0.0,0.25,0.0,0.0,5.700934579439252
https://doi.org/10.1002/maco.202213640,0.011695906432748537,0.5,0.0,0.005847953216374269,0.33075849689776077,0.0,0.0,0.0,0.125,5.5964912280701755
https://doi.org/10.1002/maco.202213703,0.05555555555555555,0.16666666666666666,0.024691358024691357,0.006172839506172839,0.26878445749478075,0.0,0.16666666666666666,0.0,0.0,6.092592592592593
https://doi.org/10.1002/maco.202213515,0.017857142857142856,0.75,0.007142857142857143,0.007142857142857143,0.41857386639953176,0.0,0.08333333333333333,0.0,0.0,5.692857142857143
https://doi.org/10.1002/maco.202313729,0.011111111111111112,0.0,0.027777777777777776,0.005555555555555556,0.2905932629027116,0.0,0.0,0.0,0.1111111111111111,5.6
https://doi.org/10.1002/maco.202313848,0.033112582781456956,0.14285714285714285,0.06622516556291391,0.006622516556291391,0.27128078342071577,0.0,0.0,0.0,0.0,5.854304635761589
https://doi.org/10.1002/maco.202313767,0.021505376344086023,0.16666666666666666,0.0,0.010752688172043012,0.08931853616040941,0.0,0.0,0.0,0.0,5.360215053763441
https://doi.org/10.1002/maco.202313899,0.007142857142857143,0.14285714285714285,0.02142857142857143,0.007142857142857143,0.2507132682112035,0.0,0.0,0.0,0.14285714285714285,6.585714285714285
https://doi.org/10.1002/maco.202313900,0.03529411764705882,0.625,0.029411764705882353,0.0,0.43242296351739073,0.0,0.125,0.0,0.0,5.247058823529412
https://doi.org/10.1002/maco.202213679,0.007692307692307693,0.0,0.038461538461538464,0.007692307692307693,0.4038278384125134,0.0,0.0,0.0,0.14285714285714285,6.6923076923076925
https://doi.org/10.1002/maco.202313753,0.03278688524590164,0.3333333333333333,0.0,0.00819672131147541,0.3720264169806629,0.0,0.16666666666666666,0.0,0.0,4.991803278688525
https://doi.org/10.1002/maco.202313825,0.03614457831325301,0.8333333333333334,0.0963855421686747,0.006024096385542169,0.5871562858318652,0.0,0.16666666666666666,0.0,0.0,4.620481927710843
https://doi.org/10.1002/maco.202313940,0.03278688524590164,0.16666666666666666,0.03278688524590164,0.0,0.32082599657017913,0.0,0.0,0.0,0.0,5.885245901639344
https://doi.org/10.1002/maco.202314017,0.019704433497536946,0.4,0.06896551724137931,0.0049261083743842365,0.3849305339031784,0.0,0.4,0.0,0.0,5.349753694581281
https://doi.org/10.1002/maco.202313748,0.027472527472527472,0.45454545454545453,0.038461538461538464,0.0,0.22667748730479415,0.0,0.0,0.0,0.09090909090909091,5.406593406593407
https://doi.org/10.1002/maco.202313727,0.02666666666666667,0.2857142857142857,0.04666666666666667,0.013333333333333334,0.43838085927396253,0.0,0.14285714285714285,0.0,0.0,5.473333333333334
https://doi.org/10.1002/maco.202313962,0.017543859649122806,0.0,0.0,0.0,0.5075605663680502,0.0,0.5,0.0,0.16666666666666666,5.7894736842105265
https://doi.org/10.1002/maco.202213684,0.058823529411764705,0.0,0.0,0.006535947712418301,0.35637400994027674,0.0,0.16666666666666666,0.0,0.0,5.169934640522876
https://doi.org/10.1002/maco.202213223,0.04390243902439024,0.8571428571428571,0.03414634146341464,0.0,0.2941427011059773,0.0,0.2857142857142857,0.0,0.0,4.409756097560976
https://doi.org/10.1002/maco.202213717,0.017857142857142856,0.14285714285714285,0.011904761904761904,0.005952380952380952,0.4002727244870102,0.0,0.14285714285714285,0.0,0.14285714285714285,5.714285714285714
https://doi.org/10.1002/maco.202313852,0.03571428571428571,0.5,0.0,0.0,0.293466265488202,0.0,0.16666666666666666,0.0,0.0,5.492857142857143
https://doi.org/10.1002/maco.202213699,0.018867924528301886,0.2,0.025157232704402517,0.0,0.23142603135816478,0.0,0.2,0.0,0.0,5.823899371069182
https://doi.org/10.1002/maco.202213584,0.020618556701030927,0.8571428571428571,0.010309278350515464,0.0,0.22218826868301347,0.0,0.14285714285714285,0.0,0.0,5.391752577319588
https://doi.org/10.1002/maco.202313865,0.05128205128205128,0.3333333333333333,0.0641025641025641,0.01282051282051282,0.4154320960517859,0.0,0.3333333333333333,0.0,0.0,5.461538461538462
https://doi.org/10.1002/maco.202313934,0.005813953488372093,0.625,0.011627906976744186,0.0,0.27020814043307556,0.0,0.0,0.0,0.25,5.901162790697675
https://doi.org/10.1002/maco.202314008,0.01818181818181818,0.16666666666666666,0.01818181818181818,0.006060606060606061,0.32166920023552964,0.0,0.16666666666666666,0.0,0.16666666666666666,6.0
https://doi.org/10.1002/maco.202313914,0.029411764705882353,0.0,0.0,0.011764705882352941,0.33934600239661084,0.0,0.14285714285714285,0.0,0.14285714285714285,6.0058823529411764
https://doi.org/10.1002/maco.202213721,0.010752688172043012,0.125,0.005376344086021506,0.0,0.31661143794269797,0.0,0.0,0.0,0.0,5.123655913978495
https://doi.org/10.1002/maco.202313873,0.023529411764705882,0.5555555555555556,0.0,0.0,0.3296217817911036,0.1111111111111111,0.0,0.0,0.1111111111111111,5.4411764705882355
https://doi.org/10.1002/maco.202213660,0.05194805194805195,0.25,0.01948051948051948,0.006493506493506494,0.35495195762899867,0.0,0.0,0.0,0.125,6.1688311688311686
https://doi.org/10.1002/maco.202314029,0.02,0.14285714285714285,0.0,0.0,0.4672377458116062,0.0,0.14285714285714285,0.0,0.0,6.02
https://doi.org/10.1002/maco.202314123,0.012269938650306749,0.75,0.0,0.012269938650306749,0.20559013595234404,0.0,0.75,0.0,0.0,4.705521472392638
https://doi.org/10.1002/maco.202213687,0.022727272727272728,0.42857142857142855,0.0,0.005681818181818182,0.2244138370242216,0.0,0.14285714285714285,0.0,0.0,5.392045454545454
https://doi.org/10.1002/maco.202313764,0.00684931506849315,0.0,0.02054794520547945,0.00684931506849315,0.4307995943429148,0.0,0.3333333333333333,0.0,0.0,5.239726027397261
https://doi.org/10.1002/maco.202313746,0.0,0.6,0.006622516556291391,0.0,0.3307282381240735,0.0,0.2,0.0,0.0,5.28476821192053
https://doi.org/10.1002/maco.202213680,0.0125,0.0,0.03125,0.0,0.27838821814150105,0.0,0.0,0.0,0.125,6.3375
https://doi.org/10.1002/maco.202213666,0.03571428571428571,0.375,0.10714285714285714,0.0,0.35154340619603336,0.0,0.125,0.0,0.0,5.863095238095238
https://doi.org/10.1002/maco.202313919,0.06220095693779904,0.3333333333333333,0.019138755980861243,0.0,0.41084294232934077,0.0,0.3333333333333333,0.0,0.0,5.416267942583732
https://doi.org/10.1002/maco.202213689,0.031055900621118012,0.0,0.0,0.006211180124223602,0.36302209183111694,0.0,0.14285714285714285,0.0,0.14285714285714285,5.633540372670807
https://doi.org/10.1002/maco.202313886,0.00684931506849315,0.2,0.0958904109589041,0.00684931506849315,0.4419798850657994,0.0,0.4,0.0,0.0,5.554794520547945
https://doi.org/10.1002/maco.202213671,0.04591836734693878,0.2222222222222222,0.025510204081632654,0.00510204081632653,0.3337842292611454,0.0,0.1111111111111111,0.0,0.1111111111111111,5.474489795918367
https://doi.org/10.1002/maco.202313733,0.03355704697986577,0.0,0.053691275167785234,0.006711409395973154,0.2793107657273129,0.0,0.0,0.0,0.14285714285714285,5.375838926174497
https://doi.org/10.1002/maco.202213652,0.024793388429752067,0.5,0.024793388429752067,0.0,0.5904899397651653,0.16666666666666666,0.16666666666666666,0.0,0.0,5.801652892561983
https://doi.org/10.1002/maco.202213602,0.008771929824561403,0.4,0.0,0.017543859649122806,0.20270561418054986,0.0,0.0,0.0,0.2,5.964912280701754
https://doi.org/10.1002/maco.202213620,0.045714285714285714,0.8571428571428571,0.011428571428571429,0.0,0.4222389303293981,0.0,0.2857142857142857,0.0,0.0,4.6971428571428575
https://doi.org/10.1002/maco.202213711,0.04310344827586207,0.75,0.0,0.008620689655172414,0.3132052090445681,0.0,0.5,0.0,0.0,5.991379310344827
https://doi.org/10.1002/maco.202313819,0.04854368932038835,0.5,0.0,0.0,0.2458056097314983,0.0,0.0,0.0,0.0,5.70873786407767
https://doi.org/10.1002/maco.202313826,0.0273972602739726,0.0,0.04794520547945205,0.00684931506849315,0.424878422445776,0.0,0.16666666666666666,0.0,0.16666666666666666,5.828767123287672
https://doi.org/10.1002/maco.202313762,0.02054794520547945,0.6666666666666666,0.0,0.0,0.2853789952876666,0.0,0.6666666666666666,0.0,0.0,5.534246575342466
https://doi.org/10.1002/maco.202313769,0.007142857142857143,0.0,0.0,0.0,0.29450754468697576,0.0,0.0,0.0,0.16666666666666666,6.15
https://doi.org/10.1002/maco.202213697,0.008130081300813009,0.2,0.024390243902439025,0.008130081300813009,0.21906005829768257,0.0,0.0,0.0,0.0,6.130081300813008
https://doi.org/10.1002/maco.202313835,0.006711409395973154,0.0,0.020134228187919462,0.0,0.48910475197320935,0.125,0.0,0.0,0.0,6.355704697986577
https://doi.org/10.1002/maco.202313765,0.011494252873563218,0.14285714285714285,0.0,0.005747126436781609,0.19523319254555205,0.0,0.0,0.0,0.0,5.362068965517241
https://doi.org/10.1002/maco.202370071,0.017857142857142856,0.18181818181818182,0.005952380952380952,0.0,0.716217625498584,0.36363636363636365,0.0,0.0,0.0,6.053571428571429
https://doi.org/10.1002/maco.202313954,0.033112582781456956,0.2222222222222222,0.026490066225165563,0.006622516556291391,0.31132872247796445,0.1111111111111111,0.0,0.0,0.0,5.430463576158941
https://doi.org/10.1002/maco.202314074,0.012422360248447204,0.3,0.018633540372670808,0.0,0.5034122215640281,0.0,0.0,0.0,0.0,6.248447204968944
https://doi.org/10.1002/maco.202313773,0.006060606060606061,0.5,0.04242424242424243,0.006060606060606061,0.36287799708903523,0.0,0.16666666666666666,0.0,0.0,6.006060606060606
https://doi.org/10.1002/maco.202313751,0.0,0.0,0.0,0.0,0.2589405114204258,0.0,0.0,0.0,0.0,5.915492957746479
https://doi.org/10.1002/maco.202313786,0.017241379310344827,0.1111111111111111,0.017241379310344827,0.0,0.24865870865268894,0.0,0.0,0.0,0.0,5.816091954022989
https://doi.org/10.1002/maco.202314120,0.032432432432432434,0.25,0.03783783783783784,0.005405405405405406,0.5276019040664846,0.25,0.25,0.0,0.0,5.297297297297297
https://doi.org/10.1002/maco.202314129,0.019867549668874173,0.6666666666666666,0.033112582781456956,0.006622516556291391,0.22409171279057788,0.0,0.0,0.0,0.0,5.456953642384106
https://doi.org/10.1002/maco.202370031,0.028037383177570093,0.25,0.0,0.0,0.17207432373385015,0.0,0.0,0.0,0.25,5.934579439252336
https://doi.org/10.1002/maco.202370041,0.03076923076923077,0.6,0.038461538461538464,0.007692307692307693,0.28053203890477646,0.0,0.2,0.0,0.2,5.730769230769231
https://doi.org/10.1002/maco.202370061,0.03636363636363636,0.2,0.00909090909090909,0.0,0.5166644450321026,0.0,0.2,0.0,0.0,5.681818181818182
https://doi.org/10.1002/maco.202313771,0.017045454545454544,0.0,0.0,0.0,0.20327890704543544,0.0,0.0,0.0,0.0,5.738636363636363
https://doi.org/10.1002/maco.202313894,0.019867549668874173,0.0,0.0,0.006622516556291391,0.2635728310216212,0.0,0.4,0.0,0.2,5.940397350993377
https://doi.org/10.1002/maco.202314140,0.0,0.25,0.025477707006369428,0.006369426751592357,0.5499512221168139,0.125,0.125,0.0,0.125,5.7006369426751595
https://doi.org/10.1002/maco.202314115,0.013422818791946308,0.0,0.0,0.0,0.3920290433962479,0.0,0.14285714285714285,0.0,0.0,6.583892617449664
https://doi.org/10.1002/maco.202313813,0.007042253521126761,0.5,0.028169014084507043,0.0,0.5598480820944166,0.0,0.16666666666666666,0.0,0.0,4.859154929577465
https://doi.org/10.1002/maco.202313792,0.025906735751295335,0.7142857142857143,0.05699481865284974,0.0,0.40101083048475333,0.0,0.42857142857142855,0.0,0.0,5.181347150259067
https://doi.org/10.1002/maco.202313925,0.015384615384615385,0.0,0.0,0.0,0.23204774044612855,0.0,0.2,0.0,0.0,5.5
https://doi.org/10.1002/maco.202313872,0.02830188679245283,1.0,0.0,0.018867924528301886,0.1703346234459225,0.0,0.6666666666666666,0.0,0.0,5.481132075471698
https://doi.org/10.1002/maco.202313918,0.02857142857142857,0.75,0.009523809523809525,0.0,0.21612963272209937,0.0,0.0,0.0,0.0,5.228571428571429
https://doi.org/10.1002/maco.202370011,0.017094017094017096,0.5,0.0,0.0,0.402617631224406,0.0,0.25,0.0,0.0,5.769230769230769
https://doi.org/10.1002/maco.202213405,0.04081632653061224,0.0,0.061224489795918366,0.0,0.2787040874234216,0.0,0.0,0.0,0.0,5.3979591836734695
https://doi.org/10.1002/maco.202370021,0.0380952380952381,0.75,0.009523809523809525,0.0,0.25890051845844164,0.0,0.0,0.0,0.0,5.123809523809523
https://doi.org/10.1002/maco.202213545,0.012121212121212121,0.125,0.07878787878787878,0.0,0.3027271210604164,0.0,0.0,0.0,0.0,5.096969696969697
https://doi.org/10.1002/maco.202213604,0.021505376344086023,0.375,0.021505376344086023,0.005376344086021506,0.3748048399555564,0.0,0.125,0.0,0.0,5.150537634408602
https://doi.org/10.1002/maco.202213366,0.004739336492890996,0.6666666666666666,0.0,0.004739336492890996,0.7709984303140512,0.0,0.16666666666666666,0.0,0.0,4.767772511848341
https://doi.org/10.1002/maco.202213560,0.015463917525773196,1.0,0.02577319587628866,0.005154639175257732,0.26883308887433605,0.0,0.5,0.0,0.16666666666666666,4.304123711340206
https://doi.org/10.1002/maco.202313772,0.013513513513513514,0.2,0.0,0.006756756756756757,0.4051801175828365,0.0,0.2,0.0,0.2,5.398648648648648
https://doi.org/10.1002/maco.202370051,0.037037037037037035,0.5,0.009259259259259259,0.0,0.3875638803047472,0.0,0.25,0.0,0.0,4.675925925925926
https://doi.org/10.1002/maco.202313961,0.033783783783783786,0.2857142857142857,0.013513513513513514,0.0,0.3069680186919067,0.0,0.0,0.0,0.14285714285714285,5.641891891891892
https://doi.org/10.1002/maco.202370081,0.010526315789473684,1.0,0.031578947368421054,0.0,0.15789473684210525,0.0,1.0,0.0,0.0,4.852631578947369
https://doi.org/10.1002/maco.202370091,0.010869565217391304,0.5,0.0,0.0,0.5208325456830842,0.0,0.25,0.0,0.0,5.641304347826087
https://doi.org/10.1002/maco.202370101,0.008333333333333333,0.6,0.008333333333333333,0.0,0.5020790110464023,0.0,0.2,0.0,0.0,5.033333333333333
https://doi.org/10.1002/maco.202370111,0.0,0.0,0.0,0.0,0.0,0.0,0.0,0.0,0.0,5.241379310344827
https://doi.org/10.1108/acmm-12-2023-2935,0.0056657223796034,0.3125,0.036827195467422094,0.0113314447592068,0.4001360023669208,0.0625,0.0625,0.0,0.0,5.705382436260623
https://doi.org/10.1108/acmm-03-2024-2976,0.024896265560165973,0.36363636363636365,0.012448132780082987,0.004149377593360996,0.46606211060909447,0.0,0.09090909090909091,0.0,0.0,5.842323651452282
https://doi.org/10.1108/acmm-06-2023-2832,0.01910828025477707,0.0,0.025477707006369428,0.006369426751592357,0.35008677920156167,0.0,0.3,0.0,0.1,6.159235668789809
https://doi.org/10.1108/acmm-03-2024-2988,0.014563106796116505,0.2,0.06310679611650485,0.0048543689320388345,0.31624266941557927,0.0,0.0,0.0,0.0,6.344660194174757
https://doi.org/10.1108/acmm-09-2024-3100,0.0064516129032258064,0.5,0.041935483870967745,0.0032258064516129032,0.29529787074440794,0.0,0.2,0.0,0.1,6.580645161290323
https://doi.org/10.1108/acmm-08-2023-2889,0.015625,0.2222222222222222,0.046875,0.005208333333333333,0.3486861500690844,0.0,0.0,0.0,0.1111111111111111,5.630208333333333
https://doi.org/10.1108/acmm-06-2024-3040,0.023809523809523808,0.0,0.06746031746031746,0.003968253968253968,0.31770823652774755,0.0,0.0,0.0,0.0,5.940476190476191
https://doi.org/10.1108/acmm-04-2024-2999,0.015748031496062992,0.0,0.0,0.007874015748031496,0.2624540679133694,0.0,0.0,0.0,0.125,6.196850393700787
https://doi.org/10.1108/acmm-11-2023-2917,0.013157894736842105,0.1,0.02631578947368421,0.008771929824561403,0.40947157954329144,0.0,0.1,0.0,0.0,5.728070175438597
https://doi.org/10.1108/acmm-12-2023-2937,0.017605633802816902,0.6363636363636364,0.02112676056338028,0.007042253521126761,0.4409429311352561,0.0,0.2727272727272727,0.0,0.0,5.042253521126761
https://doi.org/10.1108/acmm-08-2023-2877,0.0,0.0,0.0,0.015384615384615385,0.0670599837467796,0.0,0.0,0.0,0.0,7.446153846153846
https://doi.org/10.1108/acmm-02-2024-2968,0.017045454545454544,0.375,0.0,0.005681818181818182,0.28020063649858984,0.0,0.0,0.0,0.0,6.1022727272727275
https://doi.org/10.1108/acmm-03-2024-2989,0.017857142857142856,0.6666666666666666,0.07589285714285714,0.0,0.42030722485499356,0.0,0.2222222222222222,0.0,0.0,5.78125
https://doi.org/10.1108/acmm-11-2023-2924,0.014234875444839857,0.08333333333333333,0.08185053380782918,0.0035587188612099642,0.4119976025946778,0.0,0.16666666666666666,0.0,0.0,5.601423487544484
https://doi.org/10.1108/acmm-01-2024-2950,0.02681992337164751,0.6,0.1111111111111111,0.011494252873563218,0.4871930375396708,0.0,0.2,0.0,0.0,5.084291187739463
https://doi.org/10.1108/acmm-02-2024-2963,0.0223463687150838,0.1111111111111111,0.0,0.00558659217877095,0.26334131283559054,0.0,0.0,0.0,0.0,6.5251396648044695
https://doi.org/10.1108/acmm-03-2024-2982,0.005376344086021506,0.6,0.005376344086021506,0.005376344086021506,0.40782325308629847,0.0,0.6,0.0,0.2,6.086021505376344
https://doi.org/10.1108/acmm-05-2024-3016,0.015723270440251572,0.2,0.031446540880503145,0.0031446540880503146,0.5331649490922563,0.13333333333333333,0.13333333333333333,0.0,0.13333333333333333,5.6257861635220126
https://doi.org/10.1108/acmm-10-2024-3106,0.014563106796116505,0.5714285714285714,0.0970873786407767,0.0048543689320388345,0.36771644396904124,0.0,0.2857142857142857,0.0,0.0,5.932038834951456
https://doi.org/10.1108/acmm-10-2023-2907,0.02252252252252252,0.0,0.05405405405405406,0.0045045045045045045,0.2948988703303227,0.0,0.0,0.0,0.0,6.3108108108108105
https://doi.org/10.1108/acmm-08-2024-3073,0.022935779816513763,0.0,0.027522935779816515,0.0045871559633027525,0.3362106826019944,0.0,0.25,0.0,0.0,5.839449541284404
https://doi.org/10.1108/acmm-08-2024-3071,0.02112676056338028,0.35714285714285715,0.03169014084507042,0.007042253521126761,0.47151555569466763,0.0,0.07142857142857142,0.0,0.14285714285714285,5.894366197183099
https://doi.org/10.1108/acmm-03-2024-2991,0.009852216748768473,0.25,0.034482758620689655,0.009852216748768473,0.348014826821282,0.0,0.125,0.0,0.0,5.4926108374384235
https://doi.org/10.1108/acmm-04-2024-3008,0.040268456375838924,0.8,0.04697986577181208,0.013422818791946308,0.2309349064977886,0.0,0.2,0.0,0.0,5.899328859060403
https://doi.org/10.1108/acmm-09-2024-3094,0.014534883720930232,0.35294117647058826,0.07267441860465117,0.0029069767441860465,0.3641503294137116,0.058823529411764705,0.0,0.0,0.0,6.290697674418604
https://doi.org/10.1108/acmm-01-2024-2954,0.017241379310344827,0.3333333333333333,0.022988505747126436,0.005747126436781609,0.2956280724048663,0.0,0.0,0.0,0.0,5.7988505747126435
https://doi.org/10.1108/acmm-06-2023-2835,0.016574585635359115,0.5,0.0,0.0055248618784530384,0.23485537355615782,0.0,0.0,0.0,0.0,6.132596685082873
https://doi.org/10.1108/acmm-08-2023-2878,0.020491803278688523,0.4444444444444444,0.10655737704918032,0.004098360655737705,0.27185449101273773,0.0,0.1111111111111111,0.0,0.0,5.889344262295082
https://doi.org/10.1108/acmm-11-2023-2919,0.045454545454545456,0.5,0.0,0.007575757575757576,0.3221256306889288,0.0,0.5,0.0,0.0,5.712121212121212
https://doi.org/10.1108/acmm-02-2024-2972,0.034653465346534656,0.4,0.07425742574257425,0.009900990099009901,0.35616050987336534,0.1,0.1,0.0,0.0,6.217821782178218
https://doi.org/10.1108/acmm-12-2023-2939,0.017241379310344827,0.5555555555555556,0.03879310344827586,0.004310344827586207,0.43382716000297006,0.0,0.2222222222222222,0.0,0.0,6.056034482758621
https://doi.org/10.1108/acmm-06-2023-2818,0.0481283422459893,0.1,0.0,0.0053475935828877,0.2880263745346574,0.0,0.0,0.0,0.0,6.005347593582887
https://doi.org/10.1108/acmm-08-2023-2874,0.00909090909090909,0.5,0.02727272727272727,0.004545454545454545,0.44905778309921707,0.0,0.2,0.0,0.0,5.463636363636364
https://doi.org/10.1108/acmm-08-2023-2869,0.04819277108433735,0.3333333333333333,0.0,0.012048192771084338,0.64578762810879,0.16666666666666666,0.16666666666666666,0.0,0.0,5.927710843373494
https://doi.org/10.1108/acmm-02-2024-2969,0.009389671361502348,0.375,0.046948356807511735,0.014084507042253521,0.3056694987917,0.0,0.25,0.0,0.0,5.708920187793427
https://doi.org/10.1108/acmm-04-2023-2794,0.023255813953488372,0.8,0.046511627906976744,0.007751937984496124,0.22917434882317028,0.0,0.2,0.0,0.0,5.782945736434108
https://doi.org/10.1108/acmm-03-2023-2766,0.050505050505050504,0.8888888888888888,0.0,0.020202020202020204,0.4264014327112209,0.0,0.1111111111111111,0.0,0.0,5.434343434343434
https://doi.org/10.1108/acmm-11-2023-2918,0.005263157894736842,0.42857142857142855,0.02631578947368421,0.010526315789473684,0.33618356679308026,0.0,0.14285714285714285,0.0,0.0,5.257894736842105
https://doi.org/10.1108/acmm-06-2023-2839,0.0036900369003690036,0.5454545454545454,0.0,0.0036900369003690036,0.34366904654981695,0.0,0.2727272727272727,0.0,0.0,5.7011070110701105
https://doi.org/10.1108/acmm-01-2024-2956,0.012578616352201259,0.5,0.0440251572327044,0.018867924528301886,0.34807783904457135,0.0,0.0,0.0,0.125,5.849056603773585
https://doi.org/10.1108/acmm-01-2024-2948,0.024793388429752067,0.25,0.0,0.008264462809917356,0.2932428925489285,0.0,0.25,0.0,0.0,7.074380165289257
https://doi.org/10.1108/acmm-07-2024-3060,0.01646090534979424,0.15384615384615385,0.024691358024691357,0.00411522633744856,0.265742951291571,0.0,0.0,0.0,0.07692307692307693,6.230452674897119
https://doi.org/10.1108/acmm-09-2024-3091,0.018604651162790697,0.14285714285714285,0.03255813953488372,0.004651162790697674,0.3377781889370289,0.0,0.2857142857142857,0.0,0.0,6.195348837209302
https://doi.org/10.1108/acmm-10-2024-3108,0.009966777408637873,0.16666666666666666,0.019933554817275746,0.0033222591362126247,0.3261064313626894,0.0,0.08333333333333333,0.0,0.0,6.411960132890365
https://doi.org/10.1108/acmm-09-2024-3101,0.013157894736842105,0.2857142857142857,0.0,0.013157894736842105,0.27600232846582934,0.0,0.0,0.0,0.0,6.230263157894737
https://doi.org/10.1108/acmm-12-2023-2930,0.043478260869565216,0.5555555555555556,0.01932367149758454,0.00966183574879227,0.3441838286097947,0.0,0.1111111111111111,0.0,0.0,5.671497584541063
https://doi.org/10.1108/acmm-04-2024-3006,0.011976047904191617,0.2857142857142857,0.020958083832335328,0.0029940119760479044,0.48128218676431417,0.07142857142857142,0.14285714285714285,0.07142857142857142,0.0,5.904191616766467
https://doi.org/10.1108/acmm-04-2024-3007,0.028089887640449437,0.25,0.0898876404494382,0.0056179775280898875,0.3871108579090386,0.125,0.0,0.0,0.0,6.022471910112359
https://doi.org/10.1108/acmm-03-2024-2987,0.005988023952095809,1.0,0.0,0.005988023952095809,0.24492408785889294,0.0,0.16666666666666666,0.0,0.0,4.844311377245509
https://doi.org/10.1108/acmm-02-2024-2961,0.024875621890547265,0.375,0.04975124378109453,0.004975124378109453,0.22988089656015764,0.0,0.0,0.0,0.0,6.288557213930348
https://doi.org/10.1108/acmm-11-2023-2916,0.00964630225080386,0.0,0.03858520900321544,0.003215434083601286,0.375862101510031,0.0,0.09090909090909091,0.0,0.09090909090909091,5.67524115755627
https://doi.org/10.1108/acmm-07-2023-2849,0.01639344262295082,0.125,0.0,0.01092896174863388,0.27163472178440584,0.0,0.0,0.0,0.0,6.114754098360656
https://doi.org/10.1108/acmm-04-2024-3000,0.016042780748663103,0.0,0.0855614973262032,0.0053475935828877,0.44006503981691936,0.0,0.2857142857142857,0.0,0.14285714285714285,5.331550802139038
https://doi.org/10.1108/acmm-07-2024-3057,0.010309278350515464,0.875,0.10309278350515463,0.010309278350515464,0.36811486745066235,0.0,0.125,0.0,0.0,5.943298969072165
https://doi.org/10.1108/acmm-06-2024-3033,0.016260162601626018,0.4444444444444444,0.044715447154471545,0.008130081300813009,0.43664667780410144,0.0,0.2222222222222222,0.0,0.0,5.2560975609756095
https://doi.org/10.1108/acmm-04-2024-2998,0.0234375,1.0,0.0,0.0078125,0.38321088963846006,0.0,0.2,0.0,0.0,6.0234375
https://doi.org/10.1108/acmm-07-2024-3050,0.012944983818770227,0.6666666666666666,0.0,0.006472491909385114,0.29623585053189044,0.0,0.16666666666666666,0.0,0.0,5.647249190938512
https://doi.org/10.1108/acmm-08-2024-3064,0.024896265560165973,0.3333333333333333,0.008298755186721992,0.004149377593360996,0.27259863411878577,0.0,0.2222222222222222,0.0,0.0,6.215767634854772
https://doi.org/10.1108/acmm-11-2023-2923,0.009302325581395349,1.0,0.018604651162790697,0.009302325581395349,0.3700233135478847,0.0,0.5,0.0,0.0,5.706976744186046
https://doi.org/10.1108/acmm-01-2024-2953,0.005847953216374269,0.0,0.07602339181286549,0.005847953216374269,0.33761485435932304,0.0,0.16666666666666666,0.0,0.0,6.842105263157895
https://doi.org/10.1108/acmm-02-2024-2965,0.029850746268656716,0.4444444444444444,0.009950248756218905,0.004975124378109453,0.43616833421499873,0.0,0.1111111111111111,0.0,0.1111111111111111,6.1940298507462686
https://doi.org/10.1108/acmm-12-2023-2941,0.024489795918367346,0.3076923076923077,0.0326530612244898,0.012244897959183673,0.3014887397978676,0.0,0.0,0.0,0.0,6.183673469387755
https://doi.org/10.1108/acmm-12-2023-2932,0.03571428571428571,0.5,0.09693877551020408,0.00510204081632653,0.4626850632144749,0.0,0.125,0.0,0.0,5.872448979591836
https://doi.org/10.1108/acmm-10-2023-2910,0.041884816753926704,0.5,0.015706806282722512,0.005235602094240838,0.2949182639896892,0.0,0.5,0.0,0.0,6.492146596858639
https://doi.org/10.1108/acmm-02-2024-2967,0.024096385542168676,0.25,0.0,0.012048192771084338,0.2828119179350724,0.0,0.0,0.0,0.0,6.716867469879518
https://doi.org/10.1108/acmm-11-2023-2920,0.03289473684210526,0.6923076923076923,0.039473684210526314,0.006578947368421052,0.3447832933751021,0.0,0.15384615384615385,0.0,0.0,6.401315789473684
https://doi.org/10.1108/acmm-05-2023-2803,0.004807692307692308,0.5,0.04326923076923077,0.014423076923076924,0.3822039791221498,0.0,0.25,0.0,0.0,5.350961538461538
https://doi.org/10.1108/acmm-01-2024-2959,0.016216216216216217,0.0,0.03783783783783784,0.016216216216216217,0.4361328163014985,0.0,0.6,0.0,0.0,5.9837837837837835
https://doi.org/10.1108/acmm-06-2024-3031,0.02262443438914027,0.7777777777777778,0.04072398190045249,0.004524886877828055,0.3925453465031008,0.0,0.2222222222222222,0.0,0.1111111111111111,5.004524886877828
https://doi.org/10.1108/acmm-06-2024-3037,0.007462686567164179,0.4,0.07462686567164178,0.007462686567164179,0.41510250702010093,0.0,0.4,0.0,0.0,6.335820895522388
https://doi.org/10.1108/acmm-04-2024-3005,0.015544041450777202,0.1111111111111111,0.0051813471502590676,0.0051813471502590676,0.28417221141558735,0.0,0.1111111111111111,0.0,0.0,5.963730569948186
https://doi.org/10.1108/acmm-08-2024-3078,0.020942408376963352,0.7142857142857143,0.1099476439790576,0.010471204188481676,0.14490421469212617,0.0,0.0,0.0,0.0,6.178010471204188
https://doi.org/10.1108/acmm-05-2024-3027,0.020242914979757085,0.4,0.0,0.004048582995951417,0.3780821639580579,0.1,0.2,0.0,0.0,6.174089068825911
https://doi.org/10.1108/acmm-11-2023-2915,0.0136986301369863,0.1,0.0593607305936073,0.0045662100456621,0.39830859423822584,0.0,0.1,0.0,0.0,6.050228310502283
https://doi.org/10.1108/acmm-01-2024-2949,0.015544041450777202,0.7142857142857143,0.0,0.0051813471502590676,0.36980447419804097,0.0,0.2857142857142857,0.0,0.0,5.699481865284974
https://doi.org/10.1108/acmm-12-2023-2933,0.005076142131979695,0.1111111111111111,0.04568527918781726,0.01015228426395939,0.4596081601792974,0.1111111111111111,0.1111111111111111,0.0,0.0,5.741116751269035
https://doi.org/10.1108/acmm-04-2024-3009,0.025089605734767026,0.07692307692307693,0.03942652329749104,0.010752688172043012,0.3870967741935484,0.0,0.07692307692307693,0.0,0.07692307692307693,6.003584229390681
https://doi.org/10.1108/acmm-05-2024-3023,0.008695652173913044,0.5555555555555556,0.013043478260869565,0.004347826086956522,0.2692845663861221,0.0,0.1111111111111111,0.0,0.0,5.8
https://doi.org/10.1108/acmm-08-2024-3074,0.019801980198019802,0.3076923076923077,0.019801980198019802,0.006600660066006601,0.3104766950862505,0.0,0.0,0.0,0.0,6.118811881188119
https://doi.org/10.1108/acmm-01-2024-2955,0.015873015873015872,0.25,0.0,0.007936507936507936,0.32471861183299655,0.0,0.08333333333333333,0.0,0.0,5.996031746031746
https://doi.org/10.1108/acmm-09-2024-3095,0.03676470588235294,0.5714285714285714,0.0,0.007352941176470588,0.29613280243532747,0.0,0.0,0.0,0.0,5.713235294117647
https://doi.org/10.1108/acmm-12-2023-2929,0.02830188679245283,0.0,0.014150943396226415,0.009433962264150943,0.4331411427641131,0.0,0.25,0.0,0.0,5.773584905660377
https://doi.org/10.1108/acmm-03-2024-2984,0.020100502512562814,0.2,0.005025125628140704,0.005025125628140704,0.23591345918202014,0.0,0.6,0.0,0.0,6.110552763819095
https://doi.org/10.1108/acmm-07-2024-3053,0.0449438202247191,0.0,0.0449438202247191,0.0056179775280898875,0.40698360171404124,0.0,0.14285714285714285,0.0,0.0,6.123595505617978
https://doi.org/10.1108/acmm-05-2024-3029,0.033112582781456956,0.3333333333333333,0.019867549668874173,0.013245033112582781,0.1676687271678432,0.0,0.0,0.0,0.0,6.304635761589404
https://doi.org/10.1108/acmm-06-2024-3035,0.03056768558951965,0.6666666666666666,0.039301310043668124,0.004366812227074236,0.32878935343373045,0.0,0.6666666666666666,0.0,0.0,4.729257641921397
https://doi.org/10.1108/acmm-09-2024-3090,0.027131782945736434,0.0,0.0,0.0,0.22062402280244509,0.0,0.2222222222222222,0.0,0.0,6.042635658914729
https://doi.org/10.5006/4507,0.019230769230769232,0.1111111111111111,0.004807692307692308,0.0,0.26785362071507923,0.0,0.1111111111111111,0.0,0.1111111111111111,5.793269230769231
https://doi.org/10.5006/4459,0.031413612565445025,0.75,0.05235602094240838,0.0,0.37017595129452424,0.0,0.125,0.0,0.125,6.2408376963350785
https://doi.org/10.5006/4529,0.030303030303030304,0.4,0.0,0.010101010101010102,0.205525151003796,0.0,0.0,0.0,0.0,5.94949494949495
https://doi.org/10.5006/4457,0.0034129692832764505,0.2,0.023890784982935155,0.006825938566552901,0.5225410902708462,0.0,0.2,0.0,0.0,5.914675767918089
https://doi.org/10.5006/4512,0.014814814814814815,0.75,0.014814814814814815,0.0,0.2308212807538205,0.0,0.5,0.0,0.0,6.2444444444444445
https://doi.org/10.5006/4491,0.03125,0.7058823529411765,0.014423076923076924,0.002403846153846154,0.3682202719012809,0.058823529411764705,0.17647058823529413,0.0,0.058823529411764705,5.391826923076923
https://doi.org/10.5006/4505,0.005714285714285714,0.42857142857142855,0.011428571428571429,0.0,0.30009522298287733,0.0,0.14285714285714285,0.0,0.0,6.2457142857142856
https://doi.org/10.5006/4622,0.04195804195804196,0.6,0.04195804195804196,0.0,0.21394487469620074,0.0,0.2,0.0,0.0,5.20979020979021
https://doi.org/10.5006/4377,0.010810810810810811,0.875,0.032432432432432434,0.0,0.280612915727944,0.0,0.0,0.0,0.125,5.837837837837838
https://doi.org/10.5006/4537,0.028037383177570093,0.6363636363636364,0.06542056074766354,0.0,0.3701794586296062,0.0,0.36363636363636365,0.0,0.0,5.809968847352025
https://doi.org/10.5006/4532,0.022857142857142857,0.16666666666666666,0.0,0.0,0.2731524206335342,0.0,0.16666666666666666,0.0,0.16666666666666666,5.622857142857143
https://doi.org/10.5006/4398,0.01652892561983471,0.4,0.06611570247933884,0.01652892561983471,0.21928097787473722,0.0,0.0,0.0,0.2,5.859504132231405
https://doi.org/10.5006/4645,0.03389830508474576,0.8888888888888888,0.005649717514124294,0.005649717514124294,0.24678338607730568,0.0,0.0,0.0,0.2222222222222222,5.033898305084746
https://doi.org/10.5006/4630,0.02247191011235955,0.4,0.033707865168539325,0.02247191011235955,0.4026173678015487,0.0,0.0,0.0,0.2,5.932584269662922
https://doi.org/10.5006/4669,0.00625,0.0,0.0375,0.0,0.521266486549826,0.0,0.3333333333333333,0.0,0.16666666666666666,6.69375
https://doi.org/10.5006/4519,0.018633540372670808,0.42857142857142855,0.024844720496894408,0.012422360248447204,0.4131251962314507,0.0,0.14285714285714285,0.0,0.14285714285714285,6.105590062111801
https://doi.org/10.5006/4480,0.029069767441860465,0.5714285714285714,0.10465116279069768,0.005813953488372093,0.28434928513110425,0.0,0.0,0.0,0.0,5.017441860465116
https://doi.org/10.5006/4451,0.018072289156626505,0.0,0.012048192771084338,0.0,0.304678761841007,0.0,0.0,0.0,0.0,6.602409638554217
https://doi.org/10.5006/4424,0.03691275167785235,0.9,0.026845637583892617,0.0,0.25854174878198954,0.0,0.3,0.0,0.0,5.889261744966443
https://doi.org/10.5006/4490,0.028169014084507043,1.0,0.1056338028169014,0.0,0.2967789789535983,0.0,0.2,0.0,0.0,5.274647887323944
https://doi.org/10.5006/4493,0.012552301255230125,0.38461538461538464,0.029288702928870293,0.0041841004184100415,0.386706865586142,0.0,0.0,0.0,0.0,6.297071129707113
https://doi.org/10.5006/4608,0.005555555555555556,0.7647058823529411,0.019444444444444445,0.005555555555555556,0.43256698617770656,0.11764705882352941,0.0,0.0,0.11764705882352941,5.3805555555555555
https://doi.org/10.5006/4520,0.03680981595092025,0.0,0.0,0.006134969325153374,0.2087693193518228,0.0,0.0,0.0,0.14285714285714285,6.171779141104294
https://doi.org/10.5006/4506,0.002412060301507538,0.19047619047619047,0.0026130653266331657,0.00020100502512562814,1.7501696029383893,0.047619047619047616,0.42857142857142855,0.0,0.0,3.943115577889447
https://doi.org/10.5006/4558,0.03164556962025317,0.14285714285714285,0.0,0.0,0.41483467362465665,0.0,0.14285714285714285,0.0,0.14285714285714285,5.993670886075949
https://doi.org/10.5006/4591,0.03508771929824561,0.6,0.05847953216374269,0.0,0.35734774543747805,0.0,0.6,0.0,0.0,5.12280701754386
https://doi.org/10.5006/4553,0.034013605442176874,0.5714285714285714,0.013605442176870748,0.006802721088435374,0.29243789469666226,0.0,0.0,0.0,0.0,5.782312925170068
https://doi.org/10.5006/4634,0.022099447513812154,0.5714285714285714,0.027624309392265192,0.0055248618784530384,0.1552869538403889,0.0,0.0,0.0,0.0,5.87292817679558
https://doi.org/10.5006/4631,0.018867924528301886,0.75,0.0,0.0047169811320754715,0.2836471014787341,0.0,0.125,0.0,0.0,5.0
https://doi.org/10.5006/4467,0.019083969465648856,0.18181818181818182,0.05343511450381679,0.003816793893129771,0.29623828873179014,0.0,0.09090909090909091,0.0,0.0,5.988549618320611
https://doi.org/10.5006/4448,0.03870967741935484,0.6,0.0,0.0064516129032258064,0.11719936854570935,0.0,0.2,0.0,0.0,5.916129032258064
https://doi.org/10.5006/4108,0.013440860215053764,0.3333333333333333,0.021505376344086023,0.0,0.4133670949477843,0.06666666666666667,0.13333333333333333,0.0,0.06666666666666667,5.741935483870968
https://doi.org/10.5006/4446,0.02112676056338028,0.25,0.0,0.014084507042253521,0.3095388869836044,0.0,0.0,0.0,0.125,5.570422535211268
https://doi.org/10.5006/4498,0.0106951871657754,0.375,0.0,0.0053475935828877,0.21702271537650294,0.0,0.0,0.0,0.125,4.882352941176471
https://doi.org/10.5006/4517,0.00784313725490196,0.18181818181818182,0.01568627450980392,0.0,0.3570566161596874,0.0,0.18181818181818182,0.0,0.09090909090909091,5.6156862745098035
https://doi.org/10.5006/4513,0.03323262839879154,0.3333333333333333,0.01812688821752266,0.0030211480362537764,0.27662895812107785,0.0,0.4444444444444444,0.0,0.0,5.20845921450151
https://doi.org/10.5006/4615,0.0410958904109589,1.0,0.0136986301369863,0.0,0.19372788525658835,0.0,1.0,0.0,0.0,5.328767123287672
https://doi.org/10.5006/4643,0.021505376344086023,0.7142857142857143,0.0,0.005376344086021506,0.3255242043703355,0.0,0.14285714285714285,0.0,0.14285714285714285,5.440860215053763
https://doi.org/10.5006/4627,0.024390243902439025,0.0,0.03048780487804878,0.012195121951219513,0.24021604394624643,0.0,0.0,0.0,0.25,6.073170731707317
https://doi.org/10.5006/4655,0.02459016393442623,1.0,0.040983606557377046,0.0,0.12592042209620669,0.0,0.0,0.0,0.0,5.319672131147541
https://doi.org/10.5006/4504,0.032407407407407406,0.2,0.09722222222222222,0.0,0.417796821210314,0.1,0.0,0.0,0.1,6.217592592592593
https://doi.org/10.5006/4548,0.025,0.14285714285714285,0.0,0.0,0.45321076774498636,0.0,0.42857142857142855,0.0,0.0,5.595
https://doi.org/10.5006/4482,0.01020408163265306,0.0,0.0,0.0,0.21909092401616215,0.0,0.6,0.0,0.0,5.423469387755102
https://doi.org/10.5006/4509,0.010416666666666666,0.2,0.0,0.0,0.6095307849303248,0.0,0.2,0.0,0.0,5.489583333333333
https://doi.org/10.5006/4534,0.011764705882352941,0.0,0.0,0.011764705882352941,0.33647881520176687,0.0,0.14285714285714285,0.0,0.0,5.841176470588235
https://doi.org/10.5006/4433,0.011494252873563218,0.18181818181818182,0.0028735632183908046,0.0028735632183908046,0.35102194950866095,0.0,0.45454545454545453,0.0,0.0,5.646551724137931
https://doi.org/10.5006/4388,0.02040816326530612,0.3333333333333333,0.02040816326530612,0.0,0.3139940337455821,0.0,0.2222222222222222,0.0,0.0,5.853061224489796
https://doi.org/10.5006/4435,0.021052631578947368,0.0,0.0,0.005263157894736842,0.31841017815271944,0.0,0.0,0.0,0.125,5.21578947368421
https://doi.org/10.5006/4511,0.013888888888888888,0.7,0.013888888888888888,0.003472222222222222,0.295771381097873,0.0,0.3,0.0,0.1,5.708333333333333
https://doi.org/10.5006/4391,0.02631578947368421,0.38461538461538464,0.045112781954887216,0.0037593984962406013,0.448173282430864,0.0,0.07692307692307693,0.0,0.0,5.62781954887218
https://doi.org/10.5006/4564,0.04591836734693878,0.42857142857142855,0.01020408163265306,0.00510204081632653,0.3430909067031516,0.0,0.14285714285714285,0.0,0.0,5.377551020408164
https://doi.org/10.5006/4580,0.011363636363636364,0.0,0.022727272727272728,0.005681818181818182,0.3858619737806737,0.0,0.14285714285714285,0.0,0.2857142857142857,5.653409090909091
https://doi.org/10.5006/4673,0.012861736334405145,0.3076923076923077,0.022508038585209004,0.006430868167202572,0.36970501226507546,0.0,0.07692307692307693,0.0,0.0,5.684887459807074
https://doi.org/10.5006/4531,0.008097165991902834,0.0,0.044534412955465584,0.008097165991902834,0.2541594512667127,0.0,0.0,0.0,0.1,6.004048582995951
https://doi.org/10.5006/4593,0.03317535545023697,0.5,0.03317535545023697,0.004739336492890996,0.3003034485770784,0.0,0.25,0.0,0.25,5.834123222748815
https://doi.org/10.5006/4610,0.016129032258064516,0.7142857142857143,0.06451612903225806,0.0,0.39821256316432696,0.0,0.2857142857142857,0.0,0.2857142857142857,5.559139784946237
https://doi.org/10.5006/4661,0.011560693641618497,0.0,0.05202312138728324,0.005780346820809248,0.392084806522812,0.0,0.3333333333333333,0.0,0.16666666666666666,5.901734104046243
https://doi.org/10.5006/4640,0.03937007874015748,0.6666666666666666,0.03937007874015748,0.0,0.21721439723045227,0.0,0.0,0.0,0.0,5.937007874015748
https://doi.org/10.5006/4597,0.013574660633484163,0.5555555555555556,0.00904977375565611,0.004524886877828055,0.30782536383158277,0.0,0.1111111111111111,0.0,0.1111111111111111,5.3122171945701355
https://doi.org/10.5006/4543,0.011834319526627219,0.0,0.03550295857988166,0.005917159763313609,0.585320466939173,0.0,0.16666666666666666,0.0,0.16666666666666666,6.071005917159764
https://doi.org/10.5006/4460,0.022388059701492536,0.5,0.1044776119402985,0.007462686567164179,0.4430096143180845,0.0,0.16666666666666666,0.0,0.0,5.514925373134329
https://doi.org/10.5006/4514,0.03787878787878788,0.0,0.0,0.007575757575757576,0.2706147136286629,0.0,0.2,0.0,0.4,6.03030303030303
https://doi.org/10.5006/4667,0.016666666666666666,0.5555555555555556,0.020833333333333332,0.0,0.4468640732929869,0.0,0.1111111111111111,0.0,0.1111111111111111,6.120833333333334
https://doi.org/10.5006/4431,0.03816793893129771,0.625,0.026717557251908396,0.0,0.466274139055739,0.0,0.25,0.0,0.125,5.809160305343512
https://doi.org/10.5006/4341,0.01675977653631285,0.1,0.0,0.00558659217877095,0.3667205236262862,0.0,0.0,0.0,0.1,5.592178770949721
https://doi.org/10.5006/4508,0.026455026455026454,0.375,0.0582010582010582,0.0,0.252142911268653,0.0,0.0,0.0,0.125,6.190476190476191
https://doi.org/10.5006/4582,0.016129032258064516,0.09090909090909091,0.06451612903225806,0.004032258064516129,0.3299560087980448,0.0,0.0,0.0,0.18181818181818182,6.532258064516129
https://doi.org/10.5006/4642,0.03225806451612903,0.4,0.04032258064516129,0.0,0.347242744219532,0.0,0.2,0.0,0.0,5.774193548387097
https://doi.org/10.5006/4274,0.028846153846153848,0.75,0.02403846153846154,0.004807692307692308,0.3200637880210238,0.0,0.25,0.0,0.125,5.9423076923076925
https://doi.org/10.5006/4478,0.04519774011299435,0.0,0.0,0.0,0.3196961435207934,0.0,0.14285714285714285,0.0,0.14285714285714285,4.830508474576271
https://doi.org/10.5006/4609,0.016304347826086956,0.5714285714285714,0.06793478260869565,0.0,0.3829883245097363,0.0,0.21428571428571427,0.0,0.07142857142857142,5.394021739130435
https://doi.org/10.5006/4453,0.0136986301369863,0.5714285714285714,0.0136986301369863,0.003424657534246575,0.3568880950715898,0.0,0.5714285714285714,0.0,0.0,5.657534246575342
https://doi.org/10.5006/4365,0.045454545454545456,0.5,0.03409090909090909,0.005681818181818182,0.3600677163126104,0.0,0.125,0.0,0.0,5.590909090909091
https://doi.org/10.5006/4535,0.021739130434782608,0.2222222222222222,0.010869565217391304,0.005434782608695652,0.3397499914801692,0.0,0.0,0.0,0.2222222222222222,5.809782608695652
https://doi.org/10.5006/4541,0.020080321285140562,0.36363636363636365,0.0,0.0,0.31196315640061767,0.0,0.09090909090909091,0.0,0.09090909090909091,5.859437751004016
https://doi.org/10.5006/4590,0.015873015873015872,0.0,0.0,0.0,0.2438458967577336,0.0,0.0,0.0,0.2,5.7936507936507935
https://doi.org/10.5006/4624,0.007352941176470588,1.0,0.014705882352941176,0.007352941176470588,0.5410285923278575,0.0,0.4,0.0,0.2,4.757352941176471
https://doi.org/10.5006/4550,0.014598540145985401,0.3076923076923077,0.01824817518248175,0.0,0.3273704318480158,0.0,0.07692307692307693,0.0,0.15384615384615385,5.8321167883211675
https://doi.org/10.5006/4638,0.023346303501945526,0.8181818181818182,0.019455252918287938,0.007782101167315175,0.2950022011054454,0.0,0.0,0.0,0.09090909090909091,5.470817120622568
https://doi.org/10.5006/4625,0.013071895424836602,1.0,0.026143790849673203,0.006535947712418301,0.13725490196078433,0.0,0.0,0.0,0.0,5.980392156862745
https://doi.org/10.5006/4611,0.010471204188481676,1.0,0.0,0.005235602094240838,0.3185983254161549,0.0,0.0,0.0,0.0,5.56544502617801
https://doi.org/10.5006/4680,0.0064516129032258064,0.0625,0.024516129032258065,0.0,0.5887251434115173,0.125,0.15625,0.03125,0.0625,5.459354838709677
https://doi.org/10.5006/4524,0.0056179775280898875,0.1,0.0,0.0,0.25964539344474924,0.0,0.0,0.0,0.1,6.01123595505618
https://doi.org/10.5006/4479,0.015625,0.7142857142857143,0.0,0.005208333333333333,0.464798156610898,0.0,0.2857142857142857,0.0,0.14285714285714285,5.145833333333333
https://doi.org/10.5006/4503,0.02617801047120419,0.3333333333333333,0.015706806282722512,0.005235602094240838,0.22519176091734625,0.0,0.0,0.0,0.0,5.827225130890052
https://doi.org/10.5006/4497,0.0030211480362537764,0.4444444444444444,0.013595166163141994,0.0,0.5526884617377877,0.05555555555555555,0.5555555555555556,0.05555555555555555,0.1111111111111111,5.685800604229607
https://doi.org/10.5006/4477,0.038461538461538464,0.3333333333333333,0.0,0.015384615384615385,0.48382108287742726,0.0,0.16666666666666666,0.0,0.16666666666666666,5.953846153846154
https://doi.org/10.5006/4466,0.01935483870967742,0.0,0.0,0.0064516129032258064,0.31282007541679113,0.0,0.0,0.0,0.125,5.883870967741935
https://doi.org/10.5006/4575,0.019801980198019802,0.2857142857142857,0.0,0.0,0.3531198910916239,0.14285714285714285,0.0,0.0,0.2857142857142857,6.415841584158416
https://doi.org/10.5006/4549,0.042105263157894736,0.2,0.0,0.0,0.2844053912864483,0.0,0.0,0.0,0.2,6.589473684210526
https://doi.org/10.5006/4546,0.021052631578947368,0.0,0.04736842105263158,0.010526315789473684,0.2843079754962001,0.0,0.14285714285714285,0.0,0.14285714285714285,5.815789473684211
https://doi.org/10.5006/4489,0.016666666666666666,0.0,0.0,0.0,0.20816659994661327,0.0,0.0,0.0,0.16666666666666666,5.583333333333333
https://doi.org/10.5006/4602,0.03571428571428571,0.6,0.04365079365079365,0.007936507936507936,0.39634892029154833,0.0,0.2,0.0,0.1,5.150793650793651
https://doi.org/10.5006/4604,0.05389221556886228,0.0,0.041916167664670656,0.005988023952095809,0.17560333291754707,0.0,0.0,0.0,0.14285714285714285,5.736526946107785
https://doi.org/10.5006/4592,0.03184713375796178,0.8,0.0,0.006369426751592357,0.2552543300575016,0.0,0.4,0.0,0.0,5.038216560509555
https://doi.org/10.5006/4621,0.028985507246376812,0.0,0.10628019323671498,0.004830917874396135,0.5358618212120598,0.0,0.14285714285714285,0.0,0.14285714285714285,6.178743961352657
https://doi.org/10.5006/4619,0.016042780748663103,0.4444444444444444,0.0,0.0,0.2137700116717292,0.0,0.0,0.0,0.1111111111111111,5.6310160427807485
https://doi.org/10.5006/4600,0.010869565217391304,0.0,0.02717391304347826,0.005434782608695652,0.21901567043054224,0.0,0.6,0.0,0.0,5.375
https://doi.org/10.5006/4577,0.019417475728155338,0.42857142857142855,0.0048543689320388345,0.0048543689320388345,0.15503611089972147,0.0,0.14285714285714285,0.0,0.14285714285714285,5.247572815533981
https://doi.org/10.5006/4601,0.020491803278688523,0.09090909090909091,0.01639344262295082,0.0,0.41887571716889294,0.0,0.09090909090909091,0.0,0.0,5.766393442622951
https://doi.org/10.1177/1478422x241229621,0.006369426751592357,0.0,0.01910828025477707,0.0,0.15153346819580024,0.0,0.2,0.0,0.2,6.101910828025478
https://doi.org/10.1177/1478422x241278895,0.0,0.0,0.0,0.0,0.32141217326661253,0.0,0.0,0.0,0.25,5.840909090909091
https://doi.org/10.1177/1478422x241241390,0.010050251256281407,0.2222222222222222,0.035175879396984924,0.0,0.4058858393227874,0.0,0.1111111111111111,0.0,0.0,5.788944723618091
https://doi.org/10.1177/1478422x241286297,0.0457516339869281,0.4,0.06535947712418301,0.0,0.24244754236590074,0.0,0.2,0.0,0.0,6.392156862745098
https://doi.org/10.1177/1478422x241227829,0.05263157894736842,0.2857142857142857,0.0,0.006578947368421052,0.37309070733573224,0.0,0.0,0.0,0.14285714285714285,5.9144736842105265
https://doi.org/10.1177/1478422x241277631,0.020161290322580645,0.8181818181818182,0.004032258064516129,0.004032258064516129,0.3703097249651244,0.0,0.09090909090909091,0.0,0.0,5.318548387096774
https://doi.org/10.1177/1478422x241257318,0.0297029702970297,0.5,0.0,0.0,0.3411174886525191,0.0,0.125,0.0,0.0,5.326732673267327
https://doi.org/10.1177/1478422x241293953,0.020202020202020204,0.4,0.05555555555555555,0.0,0.3555498162989503,0.0,0.1,0.0,0.0,5.808080808080808
https://doi.org/10.1177/1478422x241298112,0.04878048780487805,0.25,0.13008130081300814,0.0,0.2791591010307219,0.0,0.5,0.0,0.0,6.048780487804878
https://doi.org/10.1177/1478422x241241389,0.024096385542168676,0.0,0.0,0.004016064257028112,0.1729240975229798,0.0,0.0,0.0,0.18181818181818182,5.78714859437751
https://doi.org/10.1177/1478422x241231661,0.031088082901554404,0.16666666666666666,0.07253886010362694,0.0051813471502590676,0.42071135023415374,0.0,0.3333333333333333,0.0,0.0,5.248704663212435
https://doi.org/10.1177/1478422x241240369,0.01809954751131222,0.6666666666666666,0.04524886877828054,0.0,0.3920756384151035,0.0,0.2222222222222222,0.0,0.2222222222222222,5.678733031674208
https://doi.org/10.1177/1478422x241264926,0.0,0.3333333333333333,0.006211180124223602,0.012422360248447204,0.31229329416090773,0.0,0.6666666666666666,0.0,0.3333333333333333,4.6645962732919255
https://doi.org/10.1177/1478422x241302144,0.04,0.2,0.0,0.0,0.31304951684997057,0.0,0.0,0.0,0.2,5.81
https://doi.org/10.1177/1478422x231212960,0.011363636363636364,0.8,0.03977272727272727,0.005681818181818182,0.14530354377891389,0.0,0.6,0.0,0.0,4.8125
https://doi.org/10.1177/1478422x241272082,0.031496062992125984,0.7777777777777778,0.023622047244094488,0.003937007874015748,0.5252328547788148,0.0,0.2222222222222222,0.0,0.1111111111111111,5.535433070866142
https://doi.org/10.1177/1478422x241266735,0.01507537688442211,0.0,0.02512562814070352,0.005025125628140704,0.5809184328288814,0.09090909090909091,0.09090909090909091,0.0,0.0,5.9798994974874375
https://doi.org/10.1177/1478422x241270134,0.0,0.0,0.03773584905660377,0.02830188679245283,0.16230802390646465,0.0,0.0,0.0,0.16666666666666666,5.60377358490566
https://doi.org/10.1177/1478422x241301973,0.006802721088435374,0.8,0.0,0.006802721088435374,0.3472720821251761,0.0,0.2,0.0,0.0,6.0476190476190474
https://doi.org/10.1177/1478422x241246677,0.0821917808219178,0.7142857142857143,0.0136986301369863,0.0,0.4644421509086215,0.0,0.14285714285714285,0.0,0.14285714285714285,5.1506849315068495
https://doi.org/10.1177/1478422x241261787,0.030612244897959183,0.3333333333333333,0.02040816326530612,0.00510204081632653,0.5283507537142702,0.0,0.3333333333333333,0.0,0.16666666666666666,5.423469387755102
https://doi.org/10.1177/1478422x241276727,0.00909090909090909,0.0,0.08636363636363636,0.0,0.3391164991562634,0.0,0.0,0.0,0.0,6.8545454545454545
https://doi.org/10.1177/1478422x241270136,0.013888888888888888,0.4166666666666667,0.013888888888888888,0.003472222222222222,0.3218508396182352,0.0,0.16666666666666666,0.0,0.0,6.034722222222222
https://doi.org/10.1177/1478422x241247943,0.012195121951219513,1.0,0.10365853658536585,0.012195121951219513,0.15759570711365958,0.0,0.0,0.0,0.16666666666666666,5.463414634146342
https://doi.org/10.1177/1478422x241254043,0.005154639175257732,0.0,0.0,0.005154639175257732,0.4861237423856632,0.0,0.6,0.0,0.2,6.536082474226804
https://doi.org/10.1177/1478422x241264925,0.061855670103092786,0.5,0.05154639175257732,0.0,0.25315524036718917,0.0,0.0,0.0,0.0,6.185567010309279
https://doi.org/10.1177/1478422x241297611,0.01775147928994083,0.42857142857142855,0.04142011834319527,0.011834319526627219,0.3196361854691007,0.0,0.14285714285714285,0.0,0.14285714285714285,6.230769230769231
https://doi.org/10.1177/1478422x241233075,0.022123893805309734,0.5555555555555556,0.07964601769911504,0.008849557522123894,0.2916999951123807,0.0,0.1111111111111111,0.0,0.1111111111111111,5.619469026548672
https://doi.org/10.1177/1478422x241246345,0.005025125628140704,0.2,0.020100502512562814,0.005025125628140704,0.42843432496570344,0.1,0.0,0.0,0.0,6.165829145728643
https://doi.org/10.1177/1478422x241258321,0.05185185185185185,0.5,0.022222222222222223,0.007407407407407408,0.20647940540394596,0.0,0.0,0.0,0.0,5.8
https://doi.org/10.1177/1478422x241267363,0.015,0.07142857142857142,0.02,0.005,0.918585869693193,0.5714285714285714,0.0,0.0,0.03571428571428571,5.745
https://doi.org/10.1177/1478422x241298181,0.0,0.2,0.0,0.005988023952095809,0.5061917174948039,0.0,0.4,0.0,0.0,5.544910179640719
https://doi.org/10.1177/1478422x241304209,0.01818181818181818,0.8571428571428571,0.045454545454545456,0.004545454545454545,0.31029178483410935,0.0,0.42857142857142855,0.0,0.0,5.222727272727273
https://doi.org/10.1177/1478422x231221061,0.025477707006369428,0.6666666666666666,0.03821656050955414,0.0,0.43034894093271003,0.0,0.16666666666666666,0.0,0.16666666666666666,4.904458598726115
https://doi.org/10.1177/1478422x241239191,0.025,0.8571428571428571,0.08,0.005,0.3548943504763072,0.0,0.2857142857142857,0.0,0.14285714285714285,4.895
https://doi.org/10.1177/1478422x241271499,0.016129032258064516,0.2857142857142857,0.05913978494623656,0.0,0.26752376999192967,0.0,0.14285714285714285,0.0,0.0,5.860215053763441
https://doi.org/10.1177/1478422x241270113,0.023121387283236993,0.5714285714285714,0.0,0.0,0.16852462123830347,0.0,0.0,0.0,0.14285714285714285,6.15606936416185
https://doi.org/10.1177/1478422x241280434,0.017241379310344827,0.7142857142857143,0.04597701149425287,0.0,0.37703952797371787,0.0,0.14285714285714285,0.0,0.14285714285714285,5.816091954022989
https://doi.org/10.1177/1478422x241304217,0.060810810810810814,0.125,0.0,0.013513513513513514,0.3482188845060845,0.0,0.0,0.0,0.125,6.094594594594595
https://doi.org/10.1177/1478422x241257033,0.01646090534979424,0.46153846153846156,0.0,0.00823045267489712,0.3708730014170225,0.0,0.07692307692307693,0.0,0.15384615384615385,6.037037037037037
https://doi.org/10.1177/1478422x241261786,0.00684931506849315,0.5,0.00684931506849315,0.0,0.3860000768111061,0.0,0.16666666666666666,0.0,0.0,5.136986301369863
https://doi.org/10.1177/1478422x241233074,0.02097902097902098,0.8571428571428571,0.013986013986013986,0.0,0.23960617760855688,0.0,0.0,0.0,0.14285714285714285,4.909090909090909
https://doi.org/10.1177/1478422x241272080,0.013043478260869565,0.3,0.008695652173913044,0.0,0.32244341248242014,0.0,0.2,0.0,0.1,5.626086956521739
https://doi.org/10.1177/1478422x241272083,0.012578616352201259,0.42857142857142855,0.08176100628930817,0.006289308176100629,0.3198284813859401,0.0,0.14285714285714285,0.0,0.14285714285714285,5.60377358490566
https://doi.org/10.1177/1478422x241238071,0.01845018450184502,0.3333333333333333,0.01845018450184502,0.007380073800738007,0.26100327727329914,0.0,0.08333333333333333,0.0,0.0,5.398523985239852
https://doi.org/10.1177/1478422x241250151,0.007462686567164179,0.4,0.08208955223880597,0.014925373134328358,0.3221945245510881,0.0,0.4,0.0,0.2,5.455223880597015
https://doi.org/10.1177/1478422x241249306,0.015625,0.42857142857142855,0.0625,0.0,0.20518453753741886,0.0,0.14285714285714285,0.0,0.0,5.1875
https://doi.org/10.1177/1478422x241236031,0.01694915254237288,0.25,0.05084745762711865,0.0,0.22421621280208395,0.0,0.0,0.0,0.125,5.6440677966101696
https://doi.org/10.1177/1478422x241235804,0.012269938650306749,0.2,0.03067484662576687,0.006134969325153374,0.22757346001216452,0.0,0.2,0.0,0.2,5.478527607361963
https://doi.org/10.1177/1478422x231218072,0.015384615384615385,0.2,0.0,0.0,0.34828404377451605,0.0,0.2,0.0,0.2,5.707692307692308
https://doi.org/10.1177/1478422x241261785,0.01818181818181818,0.42857142857142855,0.0,0.00909090909090909,0.3055952057085748,0.0,0.0,0.0,0.0,5.718181818181818
https://doi.org/10.1177/1478422x241231658,0.026490066225165563,0.4444444444444444,0.026490066225165563,0.006622516556291391,0.6623840927178801,0.1111111111111111,0.1111111111111111,0.0,0.0,5.7947019867549665
https://doi.org/10.1177/1478422x241249305,0.02843601895734597,1.0,0.0,0.004739336492890996,0.2924212862730303,0.0,0.125,0.0,0.0,5.402843601895735
https://doi.org/10.1177/1478422x241252509,0.00546448087431694,0.5,0.04918032786885246,0.00546448087431694,0.10149822743719514,0.0,0.0,0.0,0.0,5.754098360655738
https://doi.org/10.1177/1478422x241262625,0.012048192771084338,0.4444444444444444,0.0321285140562249,0.008032128514056224,0.4703426818299551,0.0,0.2222222222222222,0.0,0.1111111111111111,5.662650602409639
https://doi.org/10.1177/1478422x241275298,0.01694915254237288,0.3,0.01694915254237288,0.0,0.4288206307151622,0.0,0.0,0.0,0.0,5.19774011299435
https://doi.org/10.1177/1478422x241276909,0.0273972602739726,0.14285714285714285,0.04794520547945205,0.0,0.38563529480162323,0.0,0.0,0.0,0.0,5.404109589041096
https://doi.org/10.1177/1478422x241285290,0.02027027027027027,0.4,0.013513513513513514,0.006756756756756757,0.29343311825146573,0.0,0.4,0.0,0.2,5.533783783783784
https://doi.org/10.1177/1478422x241297610,0.01675977653631285,0.5,0.0782122905027933,0.00558659217877095,0.3446977173386,0.0,0.0,0.0,0.0,5.692737430167598
https://doi.org/10.1177/1478422x241242575,0.0457516339869281,0.6666666666666666,0.0,0.0,0.7443236429844042,0.0,0.16666666666666666,0.0,0.0,5.196078431372549
https://doi.org/10.1177/1478422x241236261,0.01910828025477707,0.6666666666666666,0.0,0.0,0.6339099776074935,0.16666666666666666,0.3333333333333333,0.0,0.0,4.1528662420382165
https://doi.org/10.1177/1478422x241246611,0.017857142857142856,0.7142857142857143,0.0,0.0,0.3265682553415525,0.0,0.0,0.0,0.0,6.303571428571429
https://doi.org/10.1177/1478422x241264084,0.02702702702702703,0.0,0.0,0.0,0.38190123232840795,0.0,0.0,0.0,0.16666666666666666,6.126126126126126
https://doi.org/10.1177/1478422x241275299,0.024875621890547265,0.09090909090909091,0.05970149253731343,0.0,0.47370917885244346,0.09090909090909091,0.0,0.0,0.09090909090909091,5.900497512437811
https://doi.org/10.1177/1478422x241286329,0.04242424242424243,0.125,0.030303030303030304,0.0,0.30369623797254663,0.125,0.0,0.0,0.125,6.4363636363636365
https://doi.org/10.1177/1478422x241287104,0.02654867256637168,0.6666666666666666,0.035398230088495575,0.0,0.34603919992950716,0.0,0.0,0.0,0.16666666666666666,5.672566371681416
https://doi.org/10.1177/1478422x241286328,0.029239766081871343,0.25,0.0,0.0,0.21935671735100645,0.0,0.0,0.0,0.0,6.654970760233918
https://doi.org/10.1177/1478422x241292157,0.0335195530726257,0.5,0.05027932960893855,0.0,0.3850698220176692,0.125,0.0,0.0,0.0,5.692737430167598
https://doi.org/10.1177/1478422x241288800,0.023391812865497075,0.4444444444444444,0.011695906432748537,0.011695906432748537,0.3803418138364702,0.0,0.0,0.0,0.4444444444444444,6.508771929824562
https://doi.org/10.1177/1478422x241288625,0.022900763358778626,0.0,0.0,0.0,0.2850099954594576,0.0,0.2,0.0,0.2,6.259541984732825
https://doi.org/10.1177/1478422x241302148,0.02185792349726776,0.0,0.01639344262295082,0.00546448087431694,0.37740539125315864,0.1111111111111111,0.0,0.0,0.2222222222222222,6.021857923497268
https://doi.org/10.1177/1478422x241306374,0.03468208092485549,0.875,0.046242774566473986,0.005780346820809248,0.22528526323589684,0.0,0.0,0.0,0.0,5.4393063583815024
https://doi.org/10.1016/j.corsci.2024.112636,0.07692307692307693,0.25,0.042735042735042736,0.0,0.21673029629240967,0.0,0.0,0.0,0.0,6.427350427350428
https://doi.org/10.1016/j.corsci.2024.111988,0.06306306306306306,0.3333333333333333,0.04504504504504504,0.0,0.33864767800382883,0.0,0.0,0.0,0.0,6.5225225225225225
https://doi.org/10.1016/j.corsci.2024.112399,0.04040404040404041,0.75,0.0707070707070707,0.005050505050505051,0.3042064716439515,0.0,0.125,0.0,0.125,5.813131313131313
https://doi.org/10.1016/j.corsci.2024.111889,0.03,0.3333333333333333,0.1,0.0,0.27422618401604176,0.0,0.0,0.0,0.3333333333333333,6.19
https://doi.org/10.1016/j.corsci.2024.112066,0.06,0.6,0.09,0.01,0.3146426544510455,0.0,0.0,0.0,0.2,5.43
https://doi.org/10.1016/j.corsci.2024.111846,0.03,0.0,0.04,0.0,0.48166378315169184,0.0,0.2,0.0,0.2,7.07
https://doi.org/10.1016/j.corsci.2024.111854,0.02127659574468085,0.0,0.0,0.0,0.5663332618811134,0.0,0.3333333333333333,0.0,0.0,6.074468085106383
https://doi.org/10.1016/j.corsci.2024.111939,0.02040816326530612,0.6,0.07142857142857142,0.0,0.23179217737960298,0.0,0.0,0.0,0.0,5.938775510204081
https://doi.org/10.1016/j.corsci.2024.112064,0.05263157894736842,0.5,0.010526315789473684,0.0,0.20920638857212412,0.0,0.0,0.0,0.0,6.6947368421052635
https://doi.org/10.1016/j.corsci.2024.111959,0.05,0.0,0.02,0.0,0.36441734316577196,0.16666666666666666,0.0,0.0,0.0,6.65
https://doi.org/10.1016/j.corsci.2024.112227,0.04,0.5,0.0,0.01,0.19183326093250874,0.0,0.0,0.0,0.0,6.04
https://doi.org/10.1016/j.corsci.2024.112542,0.03468208092485549,0.375,0.03468208092485549,0.0,0.3625987187875652,0.0,0.125,0.0,0.25,5.745664739884393
https://doi.org/10.1016/j.corsci.2024.112004,0.03,0.0,0.1,0.0,0.5966573556070519,0.0,0.25,0.0,0.0,6.34
https://doi.org/10.1016/j.corsci.2024.112031,0.061855670103092786,0.0,0.0,0.010309278350515464,0.2815773254380961,0.0,0.0,0.0,0.0,7.020618556701031
https://doi.org/10.1016/j.corsci.2024.112235,0.02,0.75,0.0,0.0,0.24657656011875903,0.0,0.0,0.0,0.0,5.57
https://doi.org/10.1016/j.corsci.2024.111904,0.029411764705882353,0.5,0.049019607843137254,0.00980392156862745,0.26956327617387293,0.0,0.0,0.0,0.25,5.607843137254902
https://doi.org/10.1016/j.corsci.2024.111919,0.02,0.8,0.02,0.0,0.18439088914585774,0.0,0.0,0.0,0.4,6.37
https://doi.org/10.1016/j.corsci.2024.111872,0.0196078431372549,0.4,0.0,0.0,0.1657993580910565,0.0,0.0,0.0,0.0,5.862745098039215
https://doi.org/10.1016/j.corsci.2024.112202,0.050505050505050504,1.0,0.0,0.010101010101010102,0.24472810989062055,0.0,0.0,0.0,0.25,5.888888888888889
https://doi.org/10.1016/j.corsci.2024.112067,0.0,0.8,0.08,0.0,0.3346640106136302,0.0,0.0,0.0,0.0,6.27
https://doi.org/10.1016/j.corsci.2024.112322,0.02,0.2,0.09,0.0,0.36193922141707713,0.0,0.0,0.0,0.0,5.23
https://doi.org/10.1016/j.corsci.2024.112628,0.03164556962025317,0.42857142857142855,0.0759493670886076,0.0,0.7103848895038373,0.0,0.2857142857142857,0.0,0.0,5.360759493670886
https://doi.org/10.1016/j.corsci.2024.111867,0.03,1.0,0.09,0.01,0.20099751242241778,0.0,0.0,0.0,0.0,5.73
https://doi.org/10.1016/j.corsci.2024.112453,0.03048780487804878,0.125,0.0,0.006097560975609756,0.4822858520313461,0.0,0.125,0.0,0.0,5.75
https://doi.org/10.1016/j.corsci.2024.112053,0.05102040816326531,0.25,0.030612244897959183,0.01020408163265306,0.581184933301965,0.375,0.0,0.0,0.125,6.183673469387755
https://doi.org/10.1016/j.corsci.2024.112088,0.03164556962025317,0.0,0.08860759493670886,0.0,0.4148346736246567,0.0,0.0,0.0,0.0,5.6835443037974684
https://doi.org/10.1016/j.corsci.2024.112204,0.0,0.4,0.0,0.01,0.3271085446759225,0.0,0.0,0.0,0.2,5.36
https://doi.org/10.1016/j.corsci.2024.112328,0.019417475728155338,0.2,0.019417475728155338,0.0,0.2954393020330668,0.0,0.0,0.0,0.0,5.864077669902913
https://doi.org/10.1016/j.corsci.2024.112629,0.04854368932038835,0.5,0.04854368932038835,0.0,0.3778932127384187,0.0,0.25,0.0,0.0,4.990291262135922
https://doi.org/10.1016/j.corsci.2024.112174,0.0,0.6,0.0,0.0,0.27018512172212594,0.0,0.0,0.0,0.0,5.67
https://doi.org/10.1016/j.corsci.2024.112171,0.05714285714285714,0.5,0.0,0.0,0.2979902447078479,0.0,0.25,0.0,0.0,6.019047619047619
https://doi.org/10.1016/j.corsci.2024.112253,0.020202020202020204,0.2,0.0,0.0,0.08689217441457198,0.0,0.0,0.0,0.0,6.0
https://doi.org/10.1016/j.corsci.2024.111880,0.0392156862745098,0.5,0.0,0.00980392156862745,0.17970885078258197,0.0,0.0,0.0,0.16666666666666666,5.784313725490196
https://doi.org/10.1016/j.corsci.2024.112150,0.03125,0.25,0.03125,0.010416666666666666,0.3397813839645852,0.0,0.0,0.0,0.25,5.53125
https://doi.org/10.1016/j.corsci.2024.112648,0.017341040462427744,0.7777777777777778,0.005780346820809248,0.005780346820809248,0.25459786757855773,0.0,0.0,0.0,0.1111111111111111,4.618497109826589
https://doi.org/10.1016/j.corsci.2024.112274,0.01092896174863388,0.2222222222222222,0.07650273224043716,0.00546448087431694,0.2772382709063568,0.0,0.0,0.0,0.1111111111111111,5.967213114754099
https://doi.org/10.1016/j.corsci.2024.112271,0.036458333333333336,0.0,0.03125,0.005208333333333333,0.23222392510008286,0.0,0.0,0.0,0.18181818181818182,6.098958333333333
https://doi.org/10.1016/j.corsci.2024.112329,0.010101010101010102,0.25,0.09090909090909091,0.0,0.3042064716439515,0.0,0.0,0.0,0.0,4.8686868686868685
https://doi.org/10.1016/j.corsci.2024.112396,0.04081632653061224,0.0,0.0,0.01020408163265306,0.4045760735020206,0.0,0.25,0.0,0.0,5.561224489795919
https://doi.org/10.1016/j.corsci.2024.112468,0.0,0.4,0.0,0.0,0.21812564001405724,0.0,0.0,0.0,0.0,6.043956043956044
https://doi.org/10.1016/j.corsci.2024.112354,0.043478260869565216,0.75,0.09782608695652174,0.0,0.2834435828348978,0.0,0.0,0.0,0.25,6.630434782608695
https://doi.org/10.1016/j.corsci.2024.112524,0.011494252873563218,0.2727272727272727,0.02681992337164751,0.0,0.486906706020645,0.0,0.18181818181818182,0.0,0.0,5.942528735632184
https://doi.org/10.1016/j.corsci.2024.112000,0.02,0.0,0.05,0.0,0.13038404810405296,0.0,0.0,0.0,0.0,6.44
https://doi.org/10.1016/j.corsci.2024.112219,0.04216867469879518,0.6666666666666666,0.0,0.0,0.41849046826405795,0.0,0.0,0.0,0.0,5.5843373493975905
https://doi.org/10.1016/j.corsci.2024.112523,0.047619047619047616,0.1111111111111111,0.006802721088435374,0.0,0.36507232285710856,0.0,0.0,0.0,0.1111111111111111,6.292517006802721
https://doi.org/10.1016/j.corsci.2024.112439,0.019801980198019802,0.2,0.0,0.0,0.33488187178787654,0.0,0.0,0.0,0.0,6.188118811881188
https://doi.org/10.1016/j.corsci.2024.112551,0.013071895424836602,0.2,0.058823529411764705,0.0,0.45592627520510554,0.0,0.4,0.0,0.0,5.823529411764706
https://doi.org/10.1016/j.corsci.2024.112669,0.02857142857142857,0.8,0.0380952380952381,0.009523809523809525,0.24093544077473367,0.0,0.0,0.0,0.0,5.276190476190476
https://doi.org/10.1016/j.corsci.2024.112627,0.02074688796680498,0.08333333333333333,0.04149377593360996,0.004149377593360996,0.2738274846787787,0.0,0.0,0.0,0.0,5.858921161825726
https://doi.org/10.1016/j.corsci.2024.112091,0.04,0.5,0.08,0.0,0.17888543819998315,0.0,0.0,0.0,0.0,6.69
https://doi.org/10.1016/j.corsci.2024.111896,0.05102040816326531,0.16666666666666666,0.061224489795918366,0.01020408163265306,0.21404262207554114,0.0,0.0,0.0,0.16666666666666666,6.357142857142857
https://doi.org/10.1016/j.corsci.2024.112133,0.010101010101010102,0.5,0.0,0.0,0.3028619060720192,0.0,0.25,0.0,0.0,5.494949494949495
https://doi.org/10.1016/j.corsci.2024.112519,0.02127659574468085,0.2,0.047872340425531915,0.005319148936170213,0.309974516687946,0.0,0.0,0.0,0.0,5.074468085106383
https://doi.org/10.1016/j.corsci.2024.112651,0.05,0.5,0.0,0.0,0.2244994432064365,0.0,0.0,0.0,0.25,5.46
https://doi.org/10.1016/j.corsci.2024.112455,0.017543859649122806,0.5,0.005847953216374269,0.0,0.4961808244518067,0.0,0.25,0.0,0.0,5.707602339181286
https://doi.org/10.1016/j.corsci.2024.112585,0.017857142857142856,1.0,0.02976190476190476,0.005952380952380952,0.2550510153051018,0.0,0.0,0.0,0.0,4.779761904761905
https://doi.org/10.1016/j.corsci.2024.112637,0.03773584905660377,0.75,0.0,0.0,0.4155229348216083,0.0,0.25,0.0,0.0,5.943396226415095
https://doi.org/10.1016/j.corsci.2024.112248,0.04,0.75,0.03,0.0,0.132664991614216,0.0,0.0,0.0,0.0,5.93
https://doi.org/10.1016/j.corsci.2024.112092,0.014705882352941176,0.0,0.022058823529411766,0.0,0.5170116420954984,0.0,0.125,0.0,0.0,6.823529411764706
https://doi.org/10.1016/j.corsci.2024.112123,0.010416666666666666,0.75,0.020833333333333332,0.020833333333333332,0.19320038532282716,0.0,0.0,0.0,0.25,4.770833333333333
https://doi.org/10.1016/j.corsci.2024.112118,0.05154639175257732,0.4,0.061855670103092786,0.0,0.5014592374026933,0.2,0.0,0.0,0.0,5.969072164948454
https://doi.org/10.1016/j.corsci.2024.111945,0.02857142857142857,0.75,0.05714285714285714,0.009523809523809525,0.3004154342016668,0.0,0.25,0.0,0.25,5.742857142857143
https://doi.org/10.1016/j.corsci.2024.112043,0.03,0.0,0.0,0.0,0.20976176963403032,0.0,0.0,0.0,0.0,5.98
https://doi.org/10.1016/j.corsci.2024.112580,0.014925373134328358,0.5,0.0,0.0,0.5040122673452642,0.0,0.25,0.0,0.0,4.706467661691542
https://doi.org/10.1016/j.corsci.2024.112584,0.005780346820809248,0.25,0.023121387283236993,0.005780346820809248,0.2264686476781472,0.0,0.0,0.0,0.125,5.606936416184971
https://doi.org/10.1016/j.corsci.2024.111989,0.03773584905660377,0.25,0.04716981132075472,0.0,0.6163201121155123,0.0,0.25,0.0,0.0,5.537735849056604
https://doi.org/10.1016/j.corsci.2024.111910,0.02027027027027027,0.42857142857142855,0.013513513513513514,0.0,0.21366740947083646,0.0,0.0,0.0,0.0,6.121621621621622
https://doi.org/10.1016/j.corsci.2024.112417,0.02247191011235955,0.5,0.0,0.011235955056179775,0.22778803295183475,0.0,0.0,0.0,0.25,6.629213483146067
https://doi.org/10.1016/j.corsci.2024.112459,0.0392156862745098,0.75,0.049019607843137254,0.0,0.3379154497963546,0.0,0.25,0.0,0.0,5.009803921568627
https://doi.org/10.1016/j.corsci.2024.111868,0.025210084033613446,1.0,0.03361344537815126,0.008403361344537815,0.20203050891044216,0.0,0.3333333333333333,0.0,0.0,4.26890756302521
https://doi.org/10.1016/j.corsci.2024.111902,0.04854368932038835,0.6,0.06796116504854369,0.0,0.31249469785303075,0.0,0.0,0.0,0.0,4.844660194174757
https://doi.org/10.1016/j.corsci.2024.111940,0.020618556701030927,0.5,0.0,0.0,0.4444961059239195,0.0,0.25,0.0,0.0,5.845360824742268
https://doi.org/10.1016/j.corsci.2024.112409,0.024390243902439025,0.5,0.0,0.0,0.346745822961563,0.0,0.25,0.0,0.0,5.373983739837398
https://doi.org/10.1016/j.corsci.2024.112556,0.020833333333333332,0.15384615384615385,0.06666666666666667,0.0,0.5034947312976021,0.0,0.07692307692307693,0.0,0.07692307692307693,6.0875
https://doi.org/10.1016/j.corsci.2024.112018,0.030612244897959183,0.6666666666666666,0.0,0.0,0.13766058737991882,0.0,0.3333333333333333,0.0,0.0,6.030612244897959
https://doi.org/10.1016/j.corsci.2024.112135,0.010101010101010102,0.25,0.0,0.010101010101010102,0.13514230464908739,0.0,0.0,0.0,0.25,6.171717171717172
https://doi.org/10.1016/j.corsci.2024.112160,0.019305019305019305,0.1,0.0,0.0,0.35236816674541666,0.0,0.2,0.0,0.0,5.586872586872587
https://doi.org/10.1016/j.corsci.2024.112428,0.045871559633027525,0.5,0.05504587155963303,0.0,0.25074587832507245,0.0,0.0,0.0,0.0,6.284403669724771
https://doi.org/10.1016/j.corsci.2024.112151,0.010101010101010102,0.5714285714285714,0.0,0.0,0.5048484444282748,0.14285714285714285,0.0,0.0,0.0,5.414141414141414
https://doi.org/10.1016/j.corsci.2024.112177,0.02040816326530612,0.25,0.04081632653061224,0.0,0.18592721590090405,0.0,0.0,0.0,0.0,6.346938775510204
https://doi.org/10.1016/j.corsci.2024.112194,0.02857142857142857,0.0,0.0,0.007142857142857143,0.29242127843512455,0.0,0.16666666666666666,0.0,0.16666666666666666,6.207142857142857
https://doi.org/10.1016/j.corsci.2024.112501,0.0,0.6666666666666666,0.035398230088495575,0.0,0.3367486299193,0.0,0.3333333333333333,0.0,0.0,4.619469026548672
https://doi.org/10.1016/j.corsci.2024.112558,0.02097902097902098,0.5,0.11188811188811189,0.0,0.5019888071284787,0.0,0.3333333333333333,0.0,0.0,5.153846153846154
https://doi.org/10.1016/j.corsci.2024.112047,0.02,0.2,0.0,0.0,0.28809720581775866,0.0,0.0,0.0,0.0,6.24
https://doi.org/10.1016/j.corsci.2024.112050,0.019801980198019802,0.3333333333333333,0.0297029702970297,0.0,0.040822827976412485,0.0,0.0,0.0,0.0,5.306930693069307
https://doi.org/10.1016/j.corsci.2024.112265,0.04,0.8,0.0,0.0,0.223606797749979,0.0,0.0,0.0,0.0,5.05
https://doi.org/10.1016/j.corsci.2024.111845,0.04,0.0,0.05,0.0,0.2449489742783178,0.0,0.0,0.0,0.25,5.83
https://doi.org/10.1016/j.corsci.2024.111998,0.009174311926605505,0.0,0.01834862385321101,0.0,0.3926776983308752,0.14285714285714285,0.0,0.0,0.14285714285714285,6.18348623853211
https://doi.org/10.1016/j.corsci.2024.112179,0.021929824561403508,0.75,0.021929824561403508,0.0043859649122807015,0.2443576890734056,0.0,0.125,0.0,0.125,5.434210526315789
https://doi.org/10.1016/j.corsci.2024.112333,0.0196078431372549,0.5,0.0392156862745098,0.0,0.35995215197423175,0.0,0.25,0.0,0.0,5.235294117647059
https://doi.org/10.1016/j.corsci.2024.112429,0.011235955056179775,0.6,0.05056179775280899,0.0056179775280898875,0.4164888313000144,0.1,0.0,0.0,0.0,5.292134831460674
https://doi.org/10.1016/j.corsci.2024.112462,0.02,0.6666666666666666,0.06,0.013333333333333334,0.39597979746446654,0.0,0.0,0.0,0.1111111111111111,5.8133333333333335
https://doi.org/10.1016/j.corsci.2024.112513,0.021164021164021163,0.875,0.021164021164021163,0.0,0.5179513148644965,0.125,0.25,0.0,0.125,5.169312169312169
https://doi.org/10.1016/j.corsci.2024.112565,0.04950495049504951,0.25,0.0,0.0,0.2193912852095083,0.0,0.0,0.0,0.25,5.673267326732673
https://doi.org/10.1016/j.corsci.2024.112485,0.011494252873563218,0.2222222222222222,0.011494252873563218,0.0,0.4375371565672248,0.0,0.0,0.0,0.1111111111111111,4.850574712643678
https://doi.org/10.1016/j.corsci.2024.112472,0.02459016393442623,0.14285714285714285,0.02459016393442623,0.0,0.5075352649315648,0.0,0.0,0.0,0.0,5.508196721311475
https://doi.org/10.1016/j.corsci.2024.111955,0.030303030303030304,0.4,0.020202020202020204,0.0,0.35911896635618534,0.0,0.0,0.0,0.0,5.434343434343434
https://doi.org/10.1016/j.corsci.2024.111937,0.0392156862745098,0.75,0.00980392156862745,0.00980392156862745,0.3578095606057776,0.0,0.25,0.0,0.0,5.480392156862745
https://doi.org/10.1016/j.corsci.2024.111954,0.02727272727272727,0.42857142857142855,0.00909090909090909,0.0,0.3828989034300489,0.0,0.0,0.0,0.14285714285714285,6.3
https://doi.org/10.1016/j.corsci.2024.112027,0.03,0.6666666666666666,0.0,0.01,0.23916521486202794,0.0,0.0,0.0,0.0,6.23
https://doi.org/10.1016/j.corsci.2024.112061,0.0273972602739726,0.6,0.0,0.00684931506849315,0.12886909398785468,0.0,0.0,0.0,0.2,5.719178082191781
https://doi.org/10.1016/j.corsci.2024.112261,0.04081632653061224,0.2,0.0,0.0,0.3347187646297291,0.0,0.0,0.0,0.0,6.5
https://doi.org/10.1016/j.corsci.2024.112451,0.006666666666666667,0.5555555555555556,0.0,0.0,0.3752332607858744,0.0,0.0,0.0,0.0,5.8
https://doi.org/10.1016/j.corsci.2024.112605,0.011834319526627219,0.75,0.023668639053254437,0.0,0.35694748241078517,0.0,0.125,0.0,0.0,5.242603550295858
https://doi.org/10.1016/j.corsci.2024.112284,0.014285714285714285,0.0,0.0,0.014285714285714285,0.2813959371941744,0.0,0.0,0.0,0.25,6.042857142857143
https://doi.org/10.1016/j.corsci.2024.112045,0.05102040816326531,0.0,0.0,0.0,0.27982263675106306,0.0,0.0,0.0,0.0,6.653061224489796
https://doi.org/10.1016/j.corsci.2024.112115,0.03,0.6,0.01,0.01,0.5029910535983717,0.2,0.2,0.0,0.2,5.06
https://doi.org/10.1016/j.corsci.2024.112212,0.019417475728155338,0.2,0.009708737864077669,0.0,0.07887415926831029,0.0,0.0,0.0,0.4,6.475728155339806
https://doi.org/10.1016/j.corsci.2024.112270,0.06,0.3333333333333333,0.0,0.0,0.34756294393965526,0.0,0.0,0.0,0.0,6.31
https://doi.org/10.1016/j.corsci.2024.112318,0.022727272727272728,0.25,0.056818181818181816,0.0,0.16388869433927222,0.0,0.0,0.0,0.0,6.625
https://doi.org/10.1016/j.corsci.2024.112410,0.04316546762589928,0.375,0.05755395683453238,0.0,0.3673294219056041,0.0,0.0,0.0,0.0,6.0215827338129495
https://doi.org/10.1016/j.corsci.2024.112604,0.012345679012345678,0.6666666666666666,0.0,0.0,0.36477251117763354,0.0,0.0,0.0,0.0,5.320987654320987
https://doi.org/10.1016/j.corsci.2024.111909,0.030927835051546393,0.3333333333333333,0.020618556701030927,0.010309278350515464,0.3447062576762987,0.0,0.3333333333333333,0.0,0.0,5.969072164948454
https://doi.org/10.1016/j.corsci.2024.112090,0.036585365853658534,0.0,0.024390243902439025,0.0,0.07317073170731707,0.0,0.0,0.0,0.25,6.2560975609756095
https://doi.org/10.1016/j.corsci.2024.112056,0.01675977653631285,0.7142857142857143,0.01675977653631285,0.0,0.2626292575093443,0.0,0.2857142857142857,0.0,0.0,5.17877094972067
https://doi.org/10.1016/j.corsci.2024.112149,0.010101010101010102,0.16666666666666666,0.0,0.0,0.3615258619832986,0.0,0.0,0.0,0.0,5.747474747474747
https://doi.org/10.1016/j.corsci.2024.112518,0.013333333333333334,0.2,0.02,0.0,0.32249030993194194,0.0,0.0,0.0,0.0,5.826666666666667
https://doi.org/10.1016/j.corsci.2024.112423,0.0213903743315508,0.875,0.053475935828877004,0.0,0.32786462151806056,0.0,0.125,0.0,0.125,4.828877005347594
https://doi.org/10.1016/j.corsci.2024.112122,0.011834319526627219,0.5,0.005917159763313609,0.005917159763313609,0.26296433187324225,0.0,0.0,0.0,0.0,5.461538461538462
https://doi.org/10.1016/j.corsci.2024.111843,0.0297029702970297,0.8,0.0,0.0,0.31528085798199323,0.0,0.0,0.0,0.0,4.9405940594059405
https://doi.org/10.1016/j.corsci.2024.112668,0.012048192771084338,0.7777777777777778,0.0,0.0,0.6086424549549441,0.0,0.1111111111111111,0.0,0.0,5.271084337349397
https://doi.org/10.1016/j.corsci.2024.112175,0.02,0.2,0.02,0.0,0.38340579025361626,0.0,0.0,0.0,0.2,6.05
https://doi.org/10.1016/j.corsci.2024.112361,0.0375,0.1111111111111111,0.0375,0.00625,0.40716243687255826,0.0,0.0,0.0,0.1111111111111111,5.24375
https://doi.org/10.1016/j.corsci.2024.112420,0.009900990099009901,0.2,0.009900990099009901,0.009900990099009901,0.24533686521512607,0.0,0.0,0.0,0.2,5.603960396039604
https://doi.org/10.1016/j.corsci.2024.112496,0.0,0.7142857142857143,0.08029197080291971,0.0,0.3870678418558497,0.0,0.0,0.0,0.0,5.328467153284672
https://doi.org/10.1016/j.corsci.2024.112476,0.012448132780082987,0.2222222222222222,0.008298755186721992,0.004149377593360996,0.5086331358445041,0.0,0.1111111111111111,0.0,0.0,6.020746887966805
https://doi.org/10.1016/j.corsci.2024.112473,0.025,0.1111111111111111,0.0125,0.0,0.337268439080801,0.0,0.0,0.0,0.1111111111111111,5.75
https://doi.org/10.1016/j.corsci.2024.112545,0.011494252873563218,0.2727272727272727,0.040229885057471264,0.0,0.15442561887982073,0.0,0.0,0.0,0.09090909090909091,5.316091954022989
https://doi.org/10.3390/cmd5020013,0.012295081967213115,0.25,0.045081967213114756,0.0,0.3542652915569559,0.0,0.25,0.0,0.0,5.848360655737705
https://doi.org/10.3390/cmd5020007,0.012422360248447204,0.3333333333333333,0.037267080745341616,0.0,0.4358903368825528,0.0,0.3333333333333333,0.0,0.0,6.229813664596273
https://doi.org/10.3390/cmd5020008,0.020242914979757085,0.75,0.012145748987854251,0.004048582995951417,0.3255775698464448,0.0,0.0,0.0,0.08333333333333333,5.506072874493927
https://doi.org/10.3390/cmd5040031,0.029940119760479042,0.5,0.03592814371257485,0.0,0.17031691800392684,0.0,0.0,0.0,0.3333333333333333,6.8982035928143715
https://doi.org/10.3390/cmd5040023,0.005050505050505051,0.25,0.025252525252525252,0.0,0.4158624010149273,0.0,0.25,0.0,0.125,5.373737373737374
https://doi.org/10.3390/cmd5010002,0.024875621890547265,0.625,0.1044776119402985,0.004975124378109453,0.32907354615231227,0.0,0.125,0.0,0.125,6.149253731343284
https://doi.org/10.3390/cmd5040024,0.02247191011235955,0.0,0.0,0.0,0.23940759272654513,0.0,0.0,0.0,0.0,5.977528089887641
https://doi.org/10.3390/cmd5020012,0.017241379310344827,0.25,0.0,0.0,0.15885373518488796,0.0,0.0,0.0,0.125,6.304597701149425
https://doi.org/10.3390/cmd5030015,0.04891304347826087,0.125,0.06521739130434782,0.0,0.332544750886486,0.0,0.125,0.0,0.0,5.891304347826087
https://doi.org/10.3390/cmd5020009,0.016129032258064516,0.2222222222222222,0.08602150537634409,0.010752688172043012,0.3168852049094919,0.0,0.0,0.0,0.1111111111111111,5.860215053763441
https://doi.org/10.3390/cmd5030019,0.02976190476190476,0.2857142857142857,0.03571428571428571,0.005952380952380952,0.2834733547569204,0.0,0.14285714285714285,0.0,0.0,5.386904761904762
https://doi.org/10.3390/cmd5040022,0.0,0.5,0.004784688995215311,0.0,0.3501987060505309,0.0,0.5,0.0,0.0,5.291866028708134
https://doi.org/10.3390/cmd5040026,0.05223880597014925,0.3333333333333333,0.014925373134328358,0.0,0.28042230191128265,0.0,0.0,0.0,0.0,6.059701492537314
https://doi.org/10.3390/cmd5030017,0.03292181069958848,0.3333333333333333,0.01646090534979424,0.0,0.3392254731860268,0.0,0.08333333333333333,0.0,0.0,5.604938271604938
https://doi.org/10.3390/cmd5040025,0.030927835051546393,0.2,0.0,0.010309278350515464,0.3365943859240105,0.0,0.0,0.0,0.2,6.505154639175258
https://doi.org/10.3390/cmd5010006,0.015625,0.3333333333333333,0.0,0.0,0.299739470207045,0.0,0.0,0.0,0.0,4.875
https://doi.org/10.3390/cmd5010003,0.0319634703196347,0.0,0.0,0.0,0.4677635912044896,0.1111111111111111,0.1111111111111111,0.0,0.1111111111111111,5.71689497716895
https://doi.org/10.3390/cmd5010004,0.005681818181818182,0.42857142857142855,0.03977272727272727,0.0,0.2607453160359947,0.0,0.0,0.0,0.0,5.869318181818182
https://doi.org/10.3390/cmd5040029,0.015625,0.16666666666666666,0.0,0.015625,0.0924387466109315,0.0,0.0,0.0,0.0,6.375
https://doi.org/10.3390/cmd5010005,0.032679738562091505,0.5714285714285714,0.006535947712418301,0.0,0.20812657945216545,0.0,0.0,0.0,0.0,5.777777777777778
https://doi.org/10.3390/cmd5020011,0.008333333333333333,0.0,0.0,0.004166666666666667,0.37080992435478316,0.1,0.1,0.0,0.1,6.058333333333334
https://doi.org/10.3390/cmd5030016,0.02512562814070352,0.5555555555555556,0.10050251256281408,0.0,0.40363991212106937,0.0,0.1111111111111111,0.0,0.1111111111111111,6.296482412060302
https://doi.org/10.3390/cmd5040020,0.0,0.125,0.07518796992481203,0.0,0.2930402296226327,0.0,0.0,0.0,0.125,6.30827067669173
https://doi.org/10.3390/cmd5030014,0.026143790849673203,0.625,0.006535947712418301,0.0,0.26070157745332195,0.0,0.0,0.0,0.0,5.248366013071895
https://doi.org/10.3390/cmd5010001,0.025252525252525252,0.2727272727272727,0.005050505050505051,0.005050505050505051,0.30521100868157836,0.09090909090909091,0.0,0.0,0.09090909090909091,6.358585858585859
https://doi.org/10.3390/cmd5020010,0.020942408376963352,0.42857142857142855,0.0,0.005235602094240838,0.3600023756580332,0.0,0.14285714285714285,0.0,0.0,5.649214659685864
https://doi.org/10.3390/cmd5030018,0.024752475247524754,0.0,0.0297029702970297,0.0,0.39789170885960634,0.0,0.125,0.0,0.125,6.361386138613861
https://doi.org/10.3390/cmd5040021,0.022058823529411766,0.3333333333333333,0.0661764705882353,0.0,0.31161206030025135,0.0,0.0,0.0,0.0,5.544117647058823
https://doi.org/10.3390/cmd5040027,0.038461538461538464,0.0,0.0,0.0,0.46153846153846156,0.0,0.5,0.0,0.0,6.166666666666667
https://doi.org/10.3390/cmd5040028,0.006493506493506494,0.0,0.0,0.0,0.33841075898169826,0.0,0.14285714285714285,0.0,0.14285714285714285,5.266233766233766
https://doi.org/10.3390/cmd5040030,0.011049723756906077,0.14285714285714285,0.06077348066298342,0.016574585635359115,0.3264814740926886,0.0,0.14285714285714285,0.0,0.0,5.45303867403315
https://doi.org/10.3390/cmd6010001,0.009259259259259259,0.0,0.0,0.004629629629629629,0.23350963357256468,0.0,0.0,0.0,0.0,6.222222222222222
https://doi.org/10.3390/cmd6010002,0.022222222222222223,0.2222222222222222,0.022222222222222223,0.0,0.17638342073763938,0.0,0.0,0.0,0.2222222222222222,5.688888888888889
https://doi.org/10.1002/maco.202314050,0.008547008547008548,0.0,0.0,0.0,0.028347220430388034,0.0,0.0,0.0,0.0,6.777777777777778
https://doi.org/10.1002/maco.202313975,0.017094017094017096,0.0,0.0,0.0,0.23344444929483182,0.0,0.0,0.0,0.0,6.3931623931623935
https://doi.org/10.1002/maco.202314201,0.028089887640449437,0.0,0.0,0.0,0.2857999402691439,0.0,0.0,0.0,0.0,5.674157303370786
https://doi.org/10.1002/maco.202414625,0.006024096385542169,0.0,0.04819277108433735,0.0,0.19613036862770733,0.0,0.0,0.0,0.0,6.5
https://doi.org/10.1002/maco.202414557,0.016,0.0,0.008,0.0,0.4890480548984936,0.0,0.16666666666666666,0.0,0.16666666666666666,6.76
https://doi.org/10.1002/maco.202313977,0.05714285714285714,0.25,0.0,0.01904761904761905,0.2791304931381494,0.0,0.25,0.0,0.0,5.552380952380952
https://doi.org/10.1002/maco.202414320,0.02054794520547945,0.6,0.06164383561643835,0.0136986301369863,0.2366733225091917,0.0,0.2,0.0,0.2,5.273972602739726
https://doi.org/10.1002/maco.202314162,0.01948051948051948,0.0,0.03896103896103896,0.0,0.27334500233570375,0.0,0.16666666666666666,0.0,0.0,5.837662337662338
https://doi.org/10.1002/maco.202314187,0.027932960893854747,0.5714285714285714,0.05027932960893855,0.00558659217877095,0.4090057031893436,0.0,0.2857142857142857,0.0,0.0,5.41340782122905
https://doi.org/10.1002/maco.202414308,0.020833333333333332,0.0,0.14583333333333334,0.020833333333333332,0.3757708127352412,0.0,0.16666666666666666,0.0,0.16666666666666666,6.145833333333333
https://doi.org/10.1002/maco.202414664,0.034013605442176874,0.125,0.02040816326530612,0.006802721088435374,0.36803915631901984,0.0,0.0,0.0,0.125,6.292517006802721
https://doi.org/10.1002/maco.202314209,0.022058823529411766,0.8333333333333334,0.014705882352941176,0.0,0.1917412472118426,0.0,0.0,0.0,0.0,5.720588235294118
https://doi.org/10.1002/maco.202313970,0.018292682926829267,0.3333333333333333,0.012195121951219513,0.0,0.3478283096817479,0.0,0.0,0.0,0.0,5.579268292682927
https://doi.org/10.1002/maco.202314244,0.009900990099009901,0.4,0.0,0.009900990099009901,0.3506124992005104,0.0,0.0,0.0,0.0,5.9405940594059405
https://doi.org/10.1002/maco.202414607,0.018292682926829267,0.16666666666666666,0.09146341463414634,0.006097560975609756,0.20551584812625265,0.0,0.0,0.0,0.0,5.701219512195122
https://doi.org/10.1002/maco.202414705,0.048484848484848485,0.5,0.06666666666666667,0.0,0.49262699788480474,0.0,0.125,0.0,0.0,5.266666666666667
https://doi.org/10.1002/maco.202314253,0.026143790849673203,0.6,0.0,0.0,0.24767706302609696,0.0,0.2,0.0,0.0,6.477124183006536
https://doi.org/10.1002/maco.202414334,0.023809523809523808,0.6,0.0,0.0,0.3453977007458563,0.0,0.2,0.0,0.0,5.658730158730159
https://doi.org/10.1002/maco.202414510,0.011235955056179775,0.2222222222222222,0.11797752808988764,0.011235955056179775,0.41815267563884034,0.0,0.0,0.0,0.1111111111111111,5.022471910112359
https://doi.org/10.1002/maco.202314240,0.019736842105263157,0.0,0.02631578947368421,0.0,0.30420073741307607,0.0,0.0,0.0,0.0,6.0394736842105265
https://doi.org/10.1002/maco.202414378,0.017964071856287425,0.14285714285714285,0.04790419161676647,0.011976047904191617,0.3378858917285241,0.0,0.14285714285714285,0.0,0.14285714285714285,5.994011976047904
https://doi.org/10.1002/maco.202414278,0.022222222222222223,1.0,0.011111111111111112,0.0,0.44927925820346065,0.0,0.3333333333333333,0.0,0.16666666666666666,5.427777777777778
https://doi.org/10.1002/maco.202414624,0.02054794520547945,1.0,0.03424657534246575,0.0,0.26385425046929073,0.0,0.16666666666666666,0.0,0.0,5.424657534246576
https://doi.org/10.1002/maco.202414272,0.024691358024691357,0.0,0.024691358024691357,0.0,0.41408666249996107,0.0,0.1111111111111111,0.0,0.1111111111111111,6.265432098765432
https://doi.org/10.1002/maco.202314030,0.011904761904761904,0.2857142857142857,0.0,0.0,0.35425419086586935,0.0,0.14285714285714285,0.0,0.0,6.220238095238095
https://doi.org/10.1002/maco.202414369,0.011111111111111112,0.0,0.044444444444444446,0.005555555555555556,0.13743685418725535,0.0,0.0,0.0,0.0,5.522222222222222
https://doi.org/10.1002/maco.202414430,0.006622516556291391,0.2,0.019867549668874173,0.0,0.32739621441876227,0.0,0.4,0.0,0.2,5.28476821192053
https://doi.org/10.1002/maco.202414474,0.010416666666666666,0.3333333333333333,0.06770833333333333,0.010416666666666666,0.427337322849292,0.0,0.1111111111111111,0.0,0.1111111111111111,5.244791666666667
https://doi.org/10.1002/maco.202314032,0.02962962962962963,0.45454545454545453,0.014814814814814815,0.0,0.34802992476543726,0.0,0.18181818181818182,0.0,0.09090909090909091,5.32962962962963
https://doi.org/10.1002/maco.202414362,0.018867924528301886,1.0,0.012578616352201259,0.0,0.22448513581855026,0.0,0.4,0.0,0.0,4.50314465408805
https://doi.org/10.1002/maco.202414492,0.033112582781456956,0.5714285714285714,0.019867549668874173,0.0,0.4396872231178234,0.0,0.14285714285714285,0.0,0.14285714285714285,5.443708609271523
https://doi.org/10.1002/maco.202314077,0.0,1.0,0.0,0.0,0.5218442570072306,0.0,0.2857142857142857,0.0,0.0,4.665178571428571
https://doi.org/10.1002/maco.202314111,0.030927835051546393,0.75,0.0,0.010309278350515464,0.20489285478713187,0.0,0.0,0.0,0.0,5.43298969072165
https://doi.org/10.1002/maco.202414391,0.02824858757062147,0.1,0.0,0.011299435028248588,0.34184292672103606,0.1,0.0,0.0,0.1,5.570621468926554
https://doi.org/10.1002/maco.202414601,0.036036036036036036,0.3333333333333333,0.02702702702702703,0.0,0.15913082642032156,0.0,0.3333333333333333,0.0,0.0,5.5225225225225225
https://doi.org/10.1002/maco.202414513,0.010526315789473684,0.14285714285714285,0.07368421052631578,0.0,0.4298424629283246,0.0,0.2857142857142857,0.0,0.0,5.336842105263158
https://doi.org/10.1002/maco.202414681,0.018404907975460124,0.4,0.04294478527607362,0.006134969325153374,0.7656677674514206,0.0,0.4,0.0,0.2,5.4969325153374236
https://doi.org/10.1002/maco.202414279,0.02564102564102564,0.3,0.035897435897435895,0.010256410256410256,0.4059064255447157,0.0,0.1,0.0,0.1,4.661538461538462
https://doi.org/10.1002/maco.202414622,0.011834319526627219,0.125,0.011834319526627219,0.005917159763313609,0.34334826216340847,0.0,0.0,0.0,0.125,5.923076923076923
https://doi.org/10.1002/maco.202314026,0.045,0.8,0.015,0.005,0.32825295124339704,0.0,0.6,0.0,0.0,4.93
https://doi.org/10.1002/maco.202414529,0.02247191011235955,0.1111111111111111,0.0,0.0,0.3620872594229667,0.1111111111111111,0.0,0.0,0.0,6.646067415730337
https://doi.org/10.1002/maco.202314229,0.02158273381294964,0.42857142857142855,0.014388489208633094,0.0,0.2601890837413687,0.0,0.0,0.0,0.0,5.2086330935251794
https://doi.org/10.1002/maco.202414562,0.03592814371257485,0.7142857142857143,0.041916167664670656,0.011976047904191617,0.32268727150437077,0.0,0.0,0.0,0.0,6.017964071856287
https://doi.org/10.1002/maco.202314135,0.02631578947368421,0.3333333333333333,0.046052631578947366,0.006578947368421052,0.35865824132734236,0.0,0.16666666666666666,0.0,0.0,5.8881578947368425
https://doi.org/10.1002/maco.202414280,0.043478260869565216,0.6,0.034782608695652174,0.008695652173913044,0.16950946686624285,0.0,0.0,0.0,0.0,5.3304347826086955
https://doi.org/10.1002/maco.202414336,0.03932584269662921,0.25,0.011235955056179775,0.016853932584269662,0.2781891775986505,0.0,0.75,0.0,0.0,5.595505617977528
https://doi.org/10.1002/maco.202314174,0.0,0.7142857142857143,0.0,0.0,0.4618802153517006,0.0,0.14285714285714285,0.0,0.0,5.338888888888889
https://doi.org/10.1002/maco.202414357,0.0196078431372549,0.16666666666666666,0.006535947712418301,0.006535947712418301,0.3135211752996459,0.0,0.0,0.0,0.0,5.705882352941177
https://doi.org/10.1002/maco.202414392,0.034482758620689655,1.0,0.041379310344827586,0.013793103448275862,0.3068771787763723,0.0,0.2,0.0,0.0,5.475862068965517
https://doi.org/10.1002/maco.202314125,0.028735632183908046,0.2222222222222222,0.05172413793103448,0.0,0.24504604144054992,0.0,0.0,0.0,0.1111111111111111,5.804597701149425
https://doi.org/10.1002/maco.202314081,0.0410958904109589,0.16666666666666666,0.0,0.0,0.2271660815311918,0.0,0.0,0.0,0.0,5.97945205479452
https://doi.org/10.1002/maco.202313999,0.03488372093023256,0.25,0.08139534883720931,0.0,0.4319575725815514,0.0,0.0,0.0,0.0,5.703488372093023
https://doi.org/10.1002/maco.202414361,0.03205128205128205,0.5,0.0,0.00641025641025641,0.3404081550603014,0.0,0.16666666666666666,0.0,0.16666666666666666,5.487179487179487
https://doi.org/10.1002/maco.202414420,0.046052631578947366,0.375,0.0,0.006578947368421052,0.2882750302658769,0.0,0.0,0.0,0.0,6.434210526315789
https://doi.org/10.1002/maco.202414451,0.018518518518518517,0.2,0.037037037037037035,0.009259259259259259,0.19333900942426943,0.0,0.0,0.0,0.0,6.25
https://doi.org/10.1002/maco.202414456,0.02097902097902098,0.3333333333333333,0.08391608391608392,0.013986013986013986,0.21037215323764089,0.0,0.0,0.0,0.16666666666666666,5.636363636363637
https://doi.org/10.1002/maco.202314097,0.019736842105263157,0.6666666666666666,0.019736842105263157,0.006578947368421052,0.3228380038522447,0.0,0.16666666666666666,0.0,0.0,5.381578947368421
https://doi.org/10.1002/maco.202414322,0.023121387283236993,0.2857142857142857,0.0,0.011560693641618497,0.29474101234640376,0.0,0.14285714285714285,0.0,0.14285714285714285,5.855491329479769
https://doi.org/10.1002/maco.202314245,0.02097902097902098,0.5714285714285714,0.17482517482517482,0.006993006993006993,0.25077511995861695,0.0,0.0,0.0,0.0,7.216783216783217
https://doi.org/10.1002/maco.202414491,0.021739130434782608,0.2857142857142857,0.0,0.0,0.29541763928463055,0.0,0.0,0.0,0.0,5.666666666666667
https://doi.org/10.1002/maco.202414621,0.030303030303030304,0.8,0.07272727272727272,0.006060606060606061,0.06639061303092922,0.0,0.2,0.0,0.0,5.163636363636364
https://doi.org/10.1002/maco.202414499,0.024844720496894408,0.2857142857142857,0.018633540372670808,0.006211180124223602,0.16433237956922922,0.0,0.0,0.0,0.14285714285714285,6.062111801242236
https://doi.org/10.1002/maco.202314107,0.02666666666666667,0.5714285714285714,0.02,0.0,0.34641016151377546,0.0,0.0,0.0,0.0,4.78
https://doi.org/10.1002/maco.202314006,0.03910614525139665,0.0,0.0,0.00558659217877095,0.5208429953433146,0.0,0.14285714285714285,0.0,0.14285714285714285,5.5418994413407825
https://doi.org/10.1002/maco.202314185,0.0,0.4444444444444444,0.08450704225352113,0.004694835680751174,0.3731729943518809,0.0,0.1111111111111111,0.0,0.1111111111111111,4.610328638497653
https://doi.org/10.1002/maco.202313993,0.02702702702702703,0.16666666666666666,0.02702702702702703,0.006756756756756757,0.5067117097095317,0.0,0.16666666666666666,0.0,0.16666666666666666,5.851351351351352
https://doi.org/10.1002/maco.202314227,0.04487179487179487,0.3333333333333333,0.0,0.0,0.21182963643408084,0.0,0.16666666666666666,0.0,0.0,6.551282051282051
https://doi.org/10.1002/maco.202414389,0.02608695652173913,0.0,0.0,0.0,0.05702120455914783,0.0,0.0,0.0,0.0,5.660869565217391
https://doi.org/10.1002/maco.202414521,0.02702702702702703,0.5,0.0,0.0,0.3636114607317219,0.0,0.0,0.0,0.16666666666666666,5.72972972972973
https://doi.org/10.1002/maco.202414438,0.01818181818181818,0.6,0.08181818181818182,0.0,0.2931730090290382,0.0,0.0,0.0,0.0,5.554545454545455
https://doi.org/10.1002/maco.202414516,0.014925373134328358,0.16666666666666666,0.0,0.007462686567164179,0.3173177854547657,0.0,0.0,0.0,0.0,5.708955223880597
https://doi.org/10.1002/maco.202414546,0.01834862385321101,0.25,0.05504587155963303,0.009174311926605505,0.231185379235856,0.0,0.0,0.0,0.0,6.247706422018348
https://doi.org/10.1002/maco.202414559,0.011627906976744186,0.0,0.011627906976744186,0.011627906976744186,0.4515462288127349,0.0,0.25,0.0,0.25,6.523255813953488
https://doi.org/10.1002/maco.202414543,0.013422818791946308,0.6,0.013422818791946308,0.0,0.3837259693670552,0.0,0.2,0.0,0.0,4.550335570469799
https://doi.org/10.1002/maco.202414581,0.012738853503184714,0.0,0.006369426751592357,0.0,0.1612610051104734,0.0,0.0,0.0,0.16666666666666666,5.484076433121019
https://doi.org/10.1002/maco.202414399,0.013986013986013986,1.0,0.0,0.0,0.37437087592515167,0.0,0.4,0.0,0.0,4.643356643356643
https://doi.org/10.1002/maco.202414355,0.03067484662576687,1.0,0.012269938650306749,0.006134969325153374,0.27614177754421837,0.0,0.4,0.0,0.2,5.245398773006135
https://doi.org/10.1002/maco.202314256,0.03773584905660377,0.0,0.009433962264150943,0.0,0.4606247402163661,0.16666666666666666,0.0,0.0,0.0,6.30188679245283
https://doi.org/10.1002/maco.202414580,0.03773584905660377,0.5,0.05660377358490566,0.006289308176100629,0.319271450226341,0.0,0.16666666666666666,0.0,0.0,6.339622641509434
https://doi.org/10.1002/maco.202314214,0.01935483870967742,0.16666666666666666,0.0064516129032258064,0.0,0.2619863290870575,0.0,0.0,0.0,0.0,5.245161290322581
https://doi.org/10.1002/maco.202414292,0.01910828025477707,0.125,0.0,0.006369426751592357,0.26469547458828213,0.0,0.0,0.0,0.125,5.649681528662421
https://doi.org/10.1002/maco.202414346,0.05063291139240506,0.375,0.0,0.0,0.46111406582498693,0.0,0.0,0.0,0.0,5.556962025316456
https://doi.org/10.1002/maco.202414367,0.024752475247524754,0.5,0.0,0.0049504950495049506,0.3931827653795007,0.0,0.5,0.0,0.16666666666666666,4.658415841584159
https://doi.org/10.1002/maco.202414351,0.018072289156626505,0.5,0.012048192771084338,0.006024096385542169,0.5375978678873038,0.1,0.0,0.0,0.1,4.789156626506024
https://doi.org/10.1002/maco.202314178,0.017857142857142856,0.0,0.008928571428571428,0.017857142857142856,0.23145502494313788,0.0,0.25,0.0,0.0,5.607142857142857
https://doi.org/10.1002/maco.202414302,0.03676470588235294,0.3333333333333333,0.022058823529411766,0.007352941176470588,0.25808718786447415,0.0,0.0,0.0,0.0,6.485294117647059
https://doi.org/10.1002/maco.202313948,0.043795620437956206,0.3333333333333333,0.0072992700729927005,0.0,0.24438932909172567,0.0,0.0,0.0,0.16666666666666666,6.007299270072993
https://doi.org/10.1002/maco.202414388,0.0234375,0.3333333333333333,0.0,0.0078125,0.4110295761864346,0.0,0.16666666666666666,0.0,0.16666666666666666,5.8515625
https://doi.org/10.1002/maco.202414545,0.025974025974025976,0.14285714285714285,0.05194805194805195,0.006493506493506494,0.10590588591103955,0.0,0.0,0.0,0.0,6.662337662337662
https://doi.org/10.1002/maco.202314266,0.013422818791946308,0.5,0.03355704697986577,0.006711409395973154,0.3243076356603911,0.0,0.0,0.0,0.0,5.25503355704698
https://doi.org/10.1002/maco.202414415,0.008771929824561403,0.6,0.008771929824561403,0.008771929824561403,0.14252698955501683,0.0,0.0,0.0,0.0,5.7105263157894735
https://doi.org/10.1002/maco.202314224,0.027777777777777776,0.2,0.0,0.0,0.2832788618662658,0.0,0.0,0.0,0.0,6.152777777777778
https://doi.org/10.1002/maco.202414503,0.016666666666666666,0.4,0.0,0.008333333333333333,0.16457014715109583,0.0,0.0,0.0,0.2,5.558333333333334
https://doi.org/10.1002/maco.202414469,0.07352941176470588,0.42857142857142855,0.058823529411764705,0.007352941176470588,0.24891633646780528,0.0,0.0,0.0,0.0,6.154411764705882
https://doi.org/10.1002/maco.202414598,0.01652892561983471,0.4,0.008264462809917356,0.008264462809917356,0.2879545684327991,0.0,0.2,0.0,0.2,6.3884297520661155
https://doi.org/10.1002/maco.202314252,0.018867924528301886,0.4,0.0,0.0,0.28521163127982974,0.0,0.0,0.0,0.2,5.745283018867925
https://doi.org/10.1002/maco.202314124,0.032679738562091505,0.6666666666666666,0.0196078431372549,0.006535947712418301,0.26573269738896893,0.0,0.16666666666666666,0.0,0.0,5.300653594771242
https://doi.org/10.1002/maco.202314166,0.011834319526627219,0.3333333333333333,0.0,0.005917159763313609,0.2730241892321734,0.0,0.16666666666666666,0.0,0.16666666666666666,5.201183431952662
https://doi.org/10.1002/maco.202314257,0.022857142857142857,0.14285714285714285,0.0,0.0,0.26273288988737487,0.0,0.0,0.0,0.0,5.588571428571429
https://doi.org/10.1002/maco.202414347,0.02564102564102564,0.3333333333333333,0.008547008547008548,0.0,0.29122606901539866,0.0,0.0,0.0,0.0,5.82051282051282
https://doi.org/10.1002/maco.202414418,0.03333333333333333,0.5,0.09333333333333334,0.006666666666666667,0.2768071932270226,0.0,0.0,0.0,0.125,5.36
https://doi.org/10.1002/maco.202414299,0.028037383177570093,0.7142857142857143,0.08411214953271028,0.0,0.6991253910005623,0.14285714285714285,0.14285714285714285,0.0,0.0,4.383177570093458
https://doi.org/10.1002/maco.202414414,0.015873015873015872,0.7142857142857143,0.042328042328042326,0.0,0.37822361906161944,0.14285714285714285,0.14285714285714285,0.0,0.0,5.481481481481482
https://doi.org/10.1002/maco.202414525,0.016042780748663103,0.5555555555555556,0.03208556149732621,0.0106951871657754,0.365675315449813,0.0,0.0,0.0,0.1111111111111111,5.331550802139038
https://doi.org/10.1002/maco.202314212,0.029850746268656716,0.5,0.1044776119402985,0.007462686567164179,0.6011053900179781,0.0,0.16666666666666666,0.0,0.0,5.373134328358209
https://doi.org/10.1002/maco.202314159,0.03614457831325301,0.25,0.0,0.012048192771084338,0.5283376373320651,0.0,0.125,0.0,0.125,5.728915662650603
https://doi.org/10.1002/maco.202414354,0.024096385542168676,0.25,0.030120481927710843,0.006024096385542169,0.3950264171266265,0.125,0.0,0.0,0.0,6.066265060240964
https://doi.org/10.1002/maco.202414447,0.01875,0.2,0.00625,0.00625,0.1926379375927805,0.0,0.2,0.0,0.0,5.26875
https://doi.org/10.1002/maco.202414331,0.02054794520547945,0.5714285714285714,0.00684931506849315,0.00684931506849315,0.19921972016779432,0.0,0.0,0.0,0.0,5.609589041095891
https://doi.org/10.1002/maco.202414506,0.027777777777777776,1.0,0.022222222222222223,0.005555555555555556,0.17916128329552333,0.0,0.6,0.0,0.0,5.372222222222222
https://doi.org/10.1002/maco.202414432,0.022727272727272728,0.5555555555555556,0.045454545454545456,0.004545454545454545,0.5073427778286353,0.0,0.2222222222222222,0.0,0.0,4.972727272727273
https://doi.org/10.1002/maco.202414461,0.013605442176870748,0.14285714285714285,0.006802721088435374,0.0,0.3740878118331298,0.0,0.14285714285714285,0.0,0.0,6.523809523809524
https://doi.org/10.1002/maco.202414674,0.026455026455026454,0.0,0.005291005291005291,0.0,0.2531401844212844,0.0,0.5,0.0,0.0,5.714285714285714
https://doi.org/10.1002/maco.202314215,0.013157894736842105,0.0,0.03289473684210526,0.019736842105263157,0.4036279381625781,0.0,0.16666666666666666,0.0,0.0,5.546052631578948
https://doi.org/10.1002/maco.202470011,0.0375,1.0,0.025,0.0,0.15,0.0,0.5,0.0,0.0,4.6375
https://doi.org/10.1002/maco.202470021,0.04838709677419355,0.3333333333333333,0.03225806451612903,0.0,0.436974747875615,0.0,0.0,0.0,0.0,5.741935483870968
https://doi.org/10.1002/maco.202314203,0.03278688524590164,0.5555555555555556,0.03825136612021858,0.0,0.456079598139133,0.1111111111111111,0.1111111111111111,0.0,0.0,5.704918032786885
https://doi.org/10.1002/maco.202314271,0.010582010582010581,0.75,0.005291005291005291,0.0,0.49314326541819187,0.0,0.25,0.0,0.0,5.238095238095238
https://doi.org/10.1002/maco.202470031,0.03773584905660377,0.4,0.04716981132075472,0.0,0.5772474921048436,0.2,0.2,0.0,0.0,5.367924528301887
https://doi.org/10.1002/maco.202314218,0.012269938650306749,0.16666666666666666,0.0,0.0,0.5708159558984832,0.0,0.3333333333333333,0.0,0.0,6.159509202453988
https://doi.org/10.1002/maco.202414291,0.02,1.0,0.0,0.0,0.5127702539474509,0.0,0.16666666666666666,0.0,0.0,4.873333333333333
https://doi.org/10.1002/maco.202470041,0.02631578947368421,0.75,0.0,0.013157894736842105,0.5557555811037599,0.25,0.0,0.0,0.0,5.407894736842105
https://doi.org/10.1002/maco.202470051,0.04,0.42857142857142855,0.013333333333333334,0.0,0.7511768544535081,0.42857142857142855,0.0,0.0,0.0,4.906666666666666
https://doi.org/10.1002/maco.202414314,0.0213903743315508,0.2222222222222222,0.016042780748663103,0.0,0.6432245969520811,0.1111111111111111,0.1111111111111111,0.0,0.0,5.13903743315508
https://doi.org/10.1002/maco.202470061,0.06818181818181818,1.0,0.045454545454545456,0.0,0.3181818181818182,0.0,0.0,0.0,0.0,5.340909090909091
https://doi.org/10.1002/maco.202414483,0.034482758620689655,0.0,0.0,0.005747126436781609,0.33530924473137524,0.0,0.125,0.0,0.0,5.626436781609195
https://doi.org/10.1002/maco.202414380,0.033783783783783786,0.3,0.006756756756756757,0.0,0.3843638554953484,0.0,0.0,0.0,0.1,5.222972972972973
https://doi.org/10.1002/maco.202414453,0.013245033112582781,0.0,0.0,0.006622516556291391,0.2841514960652309,0.0,0.0,0.0,0.0,5.708609271523179
https://doi.org/10.1002/maco.202470071,0.04411764705882353,1.0,0.014705882352941176,0.0,0.20588235294117646,0.0,0.5,0.0,0.0,5.426470588235294
https://doi.org/10.1002/maco.202414312,0.02247191011235955,0.75,0.06179775280898876,0.0056179775280898875,0.2549843981552858,0.0,0.0,0.0,0.125,5.140449438202247
https://doi.org/10.1002/maco.202470081,0.0273972602739726,0.5,0.0547945205479452,0.0,0.7304080814667552,0.25,0.25,0.0,0.0,4.931506849315069
https://doi.org/10.1002/maco.202470091,0.02127659574468085,0.3333333333333333,0.02127659574468085,0.0,0.6516337374941938,0.3333333333333333,0.0,0.0,0.0,6.23404255319149
https://doi.org/10.1002/maco.202414564,0.007194244604316547,0.125,0.02877697841726619,0.0,0.27442059169439786,0.0,0.0,0.0,0.0,4.748201438848921
https://doi.org/10.1002/maco.202470101,0.023255813953488372,0.5,0.011627906976744186,0.0,0.4491443701355341,0.0,0.0,0.0,0.0,5.604651162790698
https://doi.org/10.1002/maco.202470111,0.02702702702702703,0.75,0.013513513513513514,0.0,0.520577304979952,0.0,0.0,0.0,0.0,5.1891891891891895
https://doi.org/10.1002/maco.202414502,0.023809523809523808,0.16666666666666666,0.011904761904761904,0.0,0.3240632759241952,0.0,0.16666666666666666,0.0,0.0,5.720238095238095
https://doi.org/10.1002/maco.202414612,0.019867549668874173,0.0,0.006622516556291391,0.006622516556291391,0.2849221823085954,0.0,0.5,0.0,0.0,5.71523178807947
https://doi.org/10.1002/maco.202414477,0.021505376344086023,0.625,0.04838709677419355,0.005376344086021506,0.4061898229575076,0.0,0.125,0.0,0.0,6.188172043010753
https://doi.org/10.1002/maco.202470115,0.04918032786885246,0.6666666666666666,0.01639344262295082,0.0,0.324573604479071,0.0,0.0,0.0,0.0,5.19672131147541
https://doi.org/10.1002/maco.202414575,0.03763440860215054,0.875,0.043010752688172046,0.0,0.5195896528322395,0.25,0.125,0.0,0.25,4.983870967741935
https://doi.org/10.1002/maco.202414634,0.012345679012345678,0.7142857142857143,0.05555555555555555,0.006172839506172839,0.35136418446315326,0.0,0.0,0.0,0.0,5.771604938271605
https://doi.org/10.1108/acmm-09-2024-3085,0.008547008547008548,0.0,0.004273504273504274,0.004273504273504274,0.3087588353536486,0.0,0.0,0.0,0.0,6.410256410256411
https://doi.org/10.1108/acmm-05-2025-3252,0.0,0.0,0.03723404255319149,0.005319148936170213,0.4260634977553359,0.0,0.125,0.0,0.0,7.2712765957446805
https://doi.org/10.1108/acmm-10-2024-3114,0.013574660633484163,0.75,0.0,0.013574660633484163,0.30872199282200335,0.0,0.25,0.0,0.0,6.004524886877828
https://doi.org/10.1108/acmm-11-2024-3133,0.0472972972972973,0.6,0.0,0.02027027027027027,0.18454730113172518,0.0,0.2,0.0,0.0,6.337837837837838
https://doi.org/10.1108/acmm-10-2024-3107,0.05,0.2222222222222222,0.01818181818181818,0.004545454545454545,0.34557414197724023,0.0,0.1111111111111111,0.0,0.0,6.831818181818182
https://doi.org/10.1108/acmm-07-2024-3043,0.02127659574468085,0.3333333333333333,0.05851063829787234,0.010638297872340425,0.3499337064552878,0.0,0.1111111111111111,0.0,0.0,7.420212765957447
https://doi.org/10.1108/acmm-08-2024-3079,0.013011152416356878,0.42857142857142855,0.024163568773234202,0.0055762081784386614,0.3069898289442953,0.0,0.09523809523809523,0.0,0.047619047619047616,5.977695167286245
https://doi.org/10.1108/acmm-01-2025-3158,0.03723404255319149,0.8571428571428571,0.0,0.005319148936170213,0.26881444188283565,0.0,0.14285714285714285,0.0,0.0,5.941489361702128
https://doi.org/10.1108/acmm-04-2025-3227,0.013452914798206279,0.2222222222222222,0.008968609865470852,0.004484304932735426,0.4701895831289007,0.1111111111111111,0.2222222222222222,0.0,0.0,5.977578475336323
https://doi.org/10.1108/acmm-08-2024-3072,0.03418803418803419,0.6666666666666666,0.04700854700854701,0.004273504273504274,0.3212811304138889,0.0,0.1111111111111111,0.0,0.1111111111111111,5.589743589743589
https://doi.org/10.1108/acmm-10-2024-3118,0.026595744680851064,0.42857142857142855,0.03723404255319149,0.010638297872340425,0.41910033199132357,0.0,0.2857142857142857,0.0,0.0,6.351063829787234
https://doi.org/10.1108/acmm-07-2024-3049,0.018292682926829267,0.8888888888888888,0.07317073170731707,0.012195121951219513,0.2969706258996566,0.0,0.0,0.0,0.1111111111111111,6.536585365853658
https://doi.org/10.1108/acmm-06-2025-3302,0.042105263157894736,0.375,0.015789473684210527,0.005263157894736842,0.3540036151747418,0.0,0.125,0.0,0.125,6.621052631578947
https://doi.org/10.1108/acmm-12-2024-3142,0.011904761904761904,0.14285714285714285,0.011904761904761904,0.011904761904761904,0.3984095364447979,0.0,0.14285714285714285,0.0,0.0,6.255952380952381
https://doi.org/10.1108/acmm-12-2024-3155,0.006993006993006993,1.0,0.04195804195804196,0.006993006993006993,0.3000480832576914,0.0,0.0,0.0,0.0,5.748251748251748
https://doi.org/10.1108/acmm-12-2024-3144,0.020080321285140562,0.5,0.09236947791164658,0.004016064257028112,0.38459975179547873,0.08333333333333333,0.0,0.0,0.0,5.9879518072289155
https://doi.org/10.1108/acmm-08-2024-3065,0.0035587188612099642,0.26666666666666666,0.028469750889679714,0.0071174377224199285,0.28678063513033136,0.0,0.0,0.0,0.0,5.850533807829182
https://doi.org/10.1108/acmm-02-2025-3192,0.029166666666666667,0.5,0.041666666666666664,0.004166666666666667,0.40008679613859344,0.0,0.1,0.0,0.0,6.058333333333334
https://doi.org/10.1108/acmm-03-2024-2979,0.004962779156327543,0.3076923076923077,0.08436724565756824,0.01488833746898263,0.5421481326858498,0.0,0.38461538461538464,0.0,0.0,5.538461538461538
https://doi.org/10.1108/acmm-07-2024-3061,0.029585798816568046,0.5,0.023668639053254437,0.011834319526627219,0.3359258681002901,0.0,0.0,0.0,0.0,6.023668639053255
https://doi.org/10.1108/acmm-04-2025-3224,0.022641509433962263,0.0,0.011320754716981131,0.0037735849056603774,0.27448777500254085,0.0,0.08333333333333333,0.0,0.0,6.452830188679245
https://doi.org/10.1108/acmm-12-2024-3149,0.030821917808219176,0.7692307692307693,0.0547945205479452,0.00684931506849315,0.33933500475109796,0.0,0.07692307692307693,0.0,0.07692307692307693,6.164383561643835
https://doi.org/10.1108/acmm-11-2024-3127,0.014652014652014652,0.6363636363636364,0.02564102564102564,0.003663003663003663,0.29699709597984597,0.0,0.0,0.0,0.0,6.428571428571429
https://doi.org/10.1108/acmm-08-2024-3082,0.023668639053254437,0.25,0.023668639053254437,0.005917159763313609,0.30535067094534124,0.0,0.0,0.0,0.0,6.514792899408284
https://doi.org/10.1108/acmm-05-2025-3253,0.020833333333333332,0.4444444444444444,0.05416666666666667,0.004166666666666667,0.3724916106437835,0.0,0.1111111111111111,0.0,0.0,5.875
https://doi.org/10.1108/acmm-07-2024-3056,0.02247191011235955,0.2,0.0299625468164794,0.00749063670411985,0.4200938462447186,0.0,0.3,0.0,0.1,5.644194756554307
https://doi.org/10.1108/acmm-01-2025-3166,0.039735099337748346,1.0,0.0,0.013245033112582781,0.21500242491056853,0.0,0.2,0.0,0.0,6.125827814569536
https://doi.org/10.1108/acmm-09-2024-3097,0.03225806451612903,0.14285714285714285,0.0,0.008064516129032258,0.35022662500981394,0.0,0.0,0.0,0.14285714285714285,6.338709677419355
https://doi.org/10.1108/acmm-03-2025-3209,0.005319148936170213,0.36363636363636365,0.13829787234042554,0.005319148936170213,0.2783292649351304,0.09090909090909091,0.0,0.0,0.0,7.388297872340425
https://doi.org/10.1108/acmm-09-2024-3093,0.025830258302583026,0.2727272727272727,0.0,0.0036900369003690036,0.2521675212290759,0.0,0.09090909090909091,0.0,0.0,6.295202952029521
https://doi.org/10.1108/acmm-04-2024-3012,0.015384615384615385,0.2857142857142857,0.03076923076923077,0.010256410256410256,0.27300167495807515,0.0,0.2857142857142857,0.0,0.0,6.133333333333334
https://doi.org/10.1108/acmm-08-2024-3063,0.0,0.8,0.0,0.005747126436781609,0.5856431817405516,0.0,0.4,0.0,0.0,5.160919540229885
https://doi.org/10.1108/acmm-03-2025-3214,0.022988505747126436,0.6,0.06321839080459771,0.005747126436781609,0.30432648953732705,0.0,0.0,0.0,0.1,6.689655172413793
https://doi.org/10.1108/acmm-03-2025-3210,0.009478672985781991,0.3,0.03317535545023697,0.009478672985781991,0.46890699230827443,0.1,0.1,0.0,0.0,6.298578199052133
https://doi.org/10.1108/acmm-12-2024-3150,0.015151515151515152,0.7777777777777778,0.020202020202020204,0.010101010101010102,0.2526262424323192,0.0,0.0,0.0,0.3333333333333333,6.7272727272727275
https://doi.org/10.1108/acmm-05-2025-3275,0.02830188679245283,0.16666666666666666,0.0,0.009433962264150943,0.40113757783904336,0.08333333333333333,0.0,0.0,0.08333333333333333,6.622641509433962
https://doi.org/10.1108/acmm-08-2025-3349,0.022727272727272728,0.6,0.06060606060606061,0.003787878787878788,0.2614459685869303,0.0,0.0,0.0,0.0,6.6022727272727275
https://doi.org/10.1108/acmm-06-2025-3306,0.037037037037037035,0.3333333333333333,0.0,0.014814814814814815,0.3635671464239415,0.0,0.16666666666666666,0.0,0.0,5.992592592592593
https://doi.org/10.1108/acmm-06-2025-3312,0.017777777777777778,0.8888888888888888,0.035555555555555556,0.008888888888888889,0.49315312023751806,0.0,0.2222222222222222,0.0,0.0,5.408888888888889
https://doi.org/10.1108/acmm-03-2025-3203,0.03896103896103896,0.2,0.006493506493506494,0.006493506493506494,0.2719531375502847,0.0,0.4,0.0,0.0,6.038961038961039
https://doi.org/10.1108/acmm-06-2024-3038,0.012987012987012988,0.8,0.003246753246753247,0.006493506493506494,0.5102260072873557,0.0,0.2,0.0,0.1,5.694805194805195
https://doi.org/10.1108/acmm-02-2024-2973,0.023255813953488372,0.2,0.12790697674418605,0.011627906976744186,0.27245057008976703,0.0,0.0,0.0,0.0,5.569767441860465
https://doi.org/10.1108/acmm-03-2025-3206,0.016666666666666666,0.625,0.029166666666666667,0.004166666666666667,0.4521553322083512,0.0,0.375,0.0,0.0,7.258333333333334
https://doi.org/10.1108/acmm-02-2025-3181,0.016891891891891893,0.15384615384615385,0.08108108108108109,0.0033783783783783786,0.36832072083530665,0.0,0.07692307692307693,0.0,0.0,5.885135135135135
https://doi.org/10.1108/acmm-04-2025-3229,0.02252252252252252,0.75,0.013513513513513514,0.0045045045045045045,0.314542166668398,0.0,0.375,0.0,0.0,6.441441441441442
https://doi.org/10.1108/acmm-04-2025-3233,0.01834862385321101,0.18181818181818182,0.0,0.0045871559633027525,0.28771379413883896,0.0,0.0,0.0,0.0,6.821100917431193
https://doi.org/10.1108/acmm-03-2025-3212,0.020618556701030927,0.36363636363636365,0.013745704467353952,0.006872852233676976,0.46697478048984387,0.0,0.2727272727272727,0.0,0.09090909090909091,5.714776632302406
https://doi.org/10.1108/acmm-03-2025-3216,0.021052631578947368,0.0,0.010526315789473684,0.0,0.18201701542937457,0.0,0.0,0.0,0.0,6.557894736842106
https://doi.org/10.1108/acmm-03-2025-3219,0.007905138339920948,0.36363636363636365,0.015810276679841896,0.003952569169960474,0.2768491858946634,0.0,0.0,0.0,0.09090909090909091,6.24505928853755
https://doi.org/10.1108/acmm-02-2025-3183,0.008298755186721992,0.7,0.0,0.008298755186721992,0.2942549485724713,0.0,0.1,0.0,0.0,6.481327800829876
https://doi.org/10.1108/acmm-03-2025-3205,0.03783783783783784,0.0,0.07027027027027027,0.005405405405405406,0.2772082465936883,0.0,0.0,0.0,0.0,6.886486486486486
https://doi.org/10.1108/acmm-10-2024-3121,0.021551724137931036,0.125,0.0,0.008620689655172414,0.29310344827586204,0.0,0.25,0.0,0.0,6.228448275862069
https://doi.org/10.1108/acmm-02-2025-3193,0.025157232704402517,0.4444444444444444,0.05660377358490566,0.006289308176100629,0.3417126467221666,0.0,0.0,0.0,0.0,5.572327044025157
https://doi.org/10.1108/acmm-10-2024-3102,0.010101010101010102,0.75,0.0,0.005050505050505051,0.16381085596188744,0.0,0.0,0.0,0.0,5.404040404040404
https://doi.org/10.1108/acmm-01-2025-3167,0.013513513513513514,0.375,0.13063063063063063,0.0045045045045045045,0.16489193889840653,0.0,0.125,0.0,0.0,6.261261261261262
https://doi.org/10.1108/acmm-01-2025-3165,0.022388059701492536,0.5,0.0,0.011194029850746268,0.6097521855467312,0.0,0.375,0.0,0.125,5.503731343283582
https://doi.org/10.1108/acmm-04-2025-3231,0.009174311926605505,0.2727272727272727,0.0,0.0045871559633027525,0.3345794959414765,0.0,0.0,0.0,0.0,6.6422018348623855
https://doi.org/10.1108/acmm-08-2025-3345,0.009216589861751152,0.5384615384615384,0.05069124423963134,0.009216589861751152,0.43032691354576036,0.0,0.0,0.0,0.0,6.617511520737327
https://doi.org/10.1108/acmm-10-2025-3426,0.02857142857142857,0.2222222222222222,0.045714285714285714,0.005714285714285714,0.2532402263561182,0.0,0.0,0.0,0.2222222222222222,6.885714285714286
https://doi.org/10.1108/acmm-06-2025-3296,0.01443298969072165,0.6,0.06391752577319587,0.004123711340206186,0.43762856240806436,0.0,0.3333333333333333,0.0,0.06666666666666667,5.65979381443299
https://doi.org/10.1108/acmm-09-2025-3395,0.008771929824561403,0.25,0.039473684210526314,0.008771929824561403,0.38316367838318516,0.0,0.375,0.0,0.0,6.5701754385964914
https://doi.org/10.1108/acmm-02-2025-3187,0.016666666666666666,0.5,0.10833333333333334,0.008333333333333333,0.4281744192888376,0.0,0.16666666666666666,0.0,0.0,6.541666666666667
https://doi.org/10.1108/acmm-01-2025-3163,0.024489795918367346,0.4,0.00816326530612245,0.012244897959183673,0.23393844703521796,0.0,0.0,0.0,0.0,6.061224489795919
https://doi.org/10.1108/acmm-02-2025-3177,0.020942408376963352,0.7142857142857143,0.06282722513089005,0.005235602094240838,0.3955565815188294,0.0,0.2857142857142857,0.0,0.0,6.178010471204188
https://doi.org/10.1108/acmm-11-2024-3137,0.0136986301369863,0.5,0.0547945205479452,0.0091324200913242,0.37070764374054416,0.0,0.25,0.0,0.0,5.6438356164383565
https://doi.org/10.1108/acmm-10-2024-3125,0.01951219512195122,0.625,0.00975609756097561,0.004878048780487805,0.4012769623039768,0.0,0.125,0.0,0.0,6.458536585365854
https://doi.org/10.1108/acmm-12-2024-3153,0.008264462809917356,0.0,0.004132231404958678,0.004132231404958678,0.3452330342843872,0.0,0.08333333333333333,0.0,0.08333333333333333,6.06198347107438
https://doi.org/10.1108/acmm-02-2025-3180,0.02857142857142857,0.2222222222222222,0.0,0.004761904761904762,0.2602981022612657,0.0,0.1111111111111111,0.0,0.1111111111111111,6.442857142857143
https://doi.org/10.1108/acmm-07-2024-3046,0.008130081300813009,0.4,0.028455284552845527,0.0040650406504065045,0.3887165231831519,0.0,0.0,0.0,0.0,6.695121951219512
https://doi.org/10.1108/acmm-12-2024-3139,0.004901960784313725,0.1111111111111111,0.0,0.004901960784313725,0.17149858514250882,0.0,0.0,0.0,0.1111111111111111,6.529411764705882
https://doi.org/10.1108/acmm-10-2024-3104,0.02512562814070352,0.125,0.04522613065326633,0.005025125628140704,0.2432389208096673,0.0,0.0,0.0,0.0,5.899497487437186
https://doi.org/10.1108/acmm-11-2024-3135,0.015228426395939087,0.75,0.015228426395939087,0.01015228426395939,0.1463303076690312,0.0,0.0,0.0,0.0,5.756345177664975
https://doi.org/10.1108/acmm-07-2025-010,0.0,0.0,0.0,0.0,0.0,0.0,0.0,0.0,0.0,6.352941176470588
https://doi.org/10.1108/acmm-02-2025-3173,0.02553191489361702,0.3333333333333333,0.01702127659574468,0.00425531914893617,0.2752504107029145,0.0,0.1111111111111111,0.0,0.0,6.314893617021276
https://doi.org/10.1108/acmm-01-2025-3170,0.023255813953488372,0.6153846153846154,0.01937984496124031,0.003875968992248062,0.3872091083330907,0.0,0.07692307692307693,0.0,0.07692307692307693,5.945736434108527
https://doi.org/10.1108/acmm-04-2025-3230,0.005494505494505495,0.25,0.04395604395604396,0.01098901098901099,0.28295369647436774,0.0,0.0,0.0,0.125,6.131868131868132
https://doi.org/10.1108/acmm-02-2025-3178,0.036585365853658534,0.125,0.0,0.006097560975609756,0.27701991930733044,0.0,0.0,0.0,0.0,6.103658536585366
https://doi.org/10.1108/acmm-04-2025-3225,0.03910614525139665,0.8571428571428571,0.01675977653631285,0.00558659217877095,0.08057097822265899,0.0,0.0,0.0,0.0,6.720670391061453
https://doi.org/10.1108/acmm-04-2025-3236,0.04591836734693878,0.625,0.0,0.01020408163265306,0.3909641645034289,0.125,0.0,0.0,0.0,6.316326530612245
https://doi.org/10.1108/acmm-03-2025-3204,0.02066115702479339,0.35714285714285715,0.0,0.004132231404958678,0.41396627392952706,0.0,0.07142857142857142,0.0,0.07142857142857142,5.859504132231405
https://doi.org/10.1108/acmm-02-2025-3174,0.039735099337748346,0.0,0.0,0.006622516556291391,0.19645558906213675,0.0,0.0,0.0,0.0,7.251655629139073
https://doi.org/10.1108/acmm-12-2024-3157,0.00966183574879227,0.4444444444444444,0.01932367149758454,0.004830917874396135,0.39049836479152117,0.0,0.2222222222222222,0.0,0.1111111111111111,5.961352657004831
https://doi.org/10.1108/acmm-03-2025-3220,0.014814814814814815,0.23076923076923078,0.06296296296296296,0.003703703703703704,0.36773133868159735,0.0,0.0,0.0,0.0,6.229629629629629
https://doi.org/10.1108/acmm-05-2025-3249,0.020618556701030927,0.4444444444444444,0.015463917525773196,0.005154639175257732,0.26070450755467606,0.0,0.0,0.0,0.0,6.278350515463917
https://doi.org/10.1108/acmm-06-2025-3288,0.016260162601626018,0.75,0.07317073170731707,0.008130081300813009,0.28893261209620913,0.0,0.25,0.0,0.0,5.865853658536586
https://doi.org/10.1108/acmm-07-2025-3317,0.02564102564102564,0.2857142857142857,0.029914529914529916,0.004273504273504274,0.358567127579539,0.07142857142857142,0.0,0.0,0.0,6.683760683760684
https://doi.org/10.1108/acmm-02-2025-3189,0.006944444444444444,0.21052631578947367,0.020833333333333332,0.0,0.34397789864043077,0.05263157894736842,0.0,0.0,0.15789473684210525,6.871527777777778
https://doi.org/10.1108/acmm-06-2025-3297,0.03571428571428571,0.7142857142857143,0.00510204081632653,0.01020408163265306,0.24669831436197107,0.0,0.0,0.0,0.0,6.454081632653061
https://doi.org/10.1108/acmm-06-2025-3303,0.019305019305019305,0.9090909090909091,0.05405405405405406,0.003861003861003861,0.19024996130895624,0.0,0.0,0.0,0.0,5.710424710424711
https://doi.org/10.1108/acmm-06-2025-3298,0.026905829596412557,0.875,0.008968609865470852,0.004484304932735426,0.2832931026383334,0.0,0.125,0.0,0.0,5.802690582959642
https://doi.org/10.1108/acmm-03-2025-3221,0.006024096385542169,0.7142857142857143,0.018072289156626505,0.006024096385542169,0.36394716787935455,0.0,0.14285714285714285,0.0,0.0,6.765060240963855
https://doi.org/10.1108/acmm-04-2025-3243,0.015228426395939087,0.2,0.02030456852791878,0.005076142131979695,0.3096446700507614,0.0,0.0,0.0,0.0,7.040609137055838
https://doi.org/10.1108/acmm-05-2025-3266,0.03571428571428571,0.5714285714285714,0.023809523809523808,0.011904761904761904,0.21707836343821987,0.0,0.0,0.0,0.0,5.809523809523809
https://doi.org/10.1108/acmm-07-2025-3334,0.017316017316017316,0.625,0.0,0.004329004329004329,0.23000827409151917,0.0,0.125,0.0,0.0,6.467532467532467
https://doi.org/10.1108/acmm-06-2025-3283,0.03896103896103896,0.16666666666666666,0.032467532467532464,0.006493506493506494,0.27241788264159783,0.0,0.16666666666666666,0.0,0.0,7.454545454545454
https://doi.org/10.1108/acmm-07-2025-3318,0.014634146341463415,0.0,0.05853658536585366,0.004878048780487805,0.2912566875810376,0.0,0.0,0.0,0.0,6.458536585365854
https://doi.org/10.1108/acmm-09-2025-3401,0.020161290322580645,0.1111111111111111,0.03225806451612903,0.004032258064516129,0.33133288038990544,0.0,0.2222222222222222,0.0,0.0,6.721774193548387
https://doi.org/10.1108/acmm-06-2025-3299,0.04375,0.2,0.00625,0.00625,0.521790786618545,0.0,0.4,0.0,0.0,5.59375
https://doi.org/10.1108/acmm-06-2025-3310,0.026041666666666668,0.5555555555555556,0.0,0.010416666666666666,0.3408972535823661,0.0,0.0,0.0,0.0,6.255208333333333
https://doi.org/10.1108/acmm-08-2025-3344,0.020512820512820513,0.09090909090909091,0.0,0.010256410256410256,0.36007158321111715,0.09090909090909091,0.0,0.0,0.09090909090909091,6.5025641025641026
https://doi.org/10.1108/acmm-04-2025-3242,0.046052631578947366,0.3333333333333333,0.05921052631578947,0.013157894736842105,0.36440480063490077,0.1111111111111111,0.0,0.0,0.0,6.407894736842105
https://doi.org/10.1108/acmm-08-2025-3343,0.022388059701492536,0.7,0.09328358208955224,0.0037313432835820895,0.3273389880516613,0.0,0.2,0.0,0.0,6.496268656716418
https://doi.org/10.1108/acmm-09-2025-3383,0.004310344827586207,0.5,0.0,0.004310344827586207,0.4446136882147458,0.0,0.25,0.0,0.0,5.887931034482759
https://doi.org/10.1108/acmm-10-2024-3105,0.014367816091954023,0.42857142857142855,0.0,0.005747126436781609,0.24464134084819267,0.0,0.0,0.0,0.07142857142857142,5.959770114942529
https://doi.org/10.1108/acmm-07-2025-3319,0.00641025641025641,0.16666666666666666,0.04487179487179487,0.00641025641025641,0.2296983700919092,0.0,0.16666666666666666,0.0,0.0,6.487179487179487
https://doi.org/10.1108/acmm-07-2025-3324,0.003205128205128205,0.14285714285714285,0.009615384615384616,0.003205128205128205,0.28401125534456056,0.0,0.07142857142857142,0.0,0.0,6.458333333333333
https://doi.org/10.1108/acmm-07-2025-3320,0.03488372093023256,0.5,0.007751937984496124,0.003875968992248062,0.38031927355150635,0.0,0.375,0.0,0.0,6.131782945736434
https://doi.org/10.1108/acmm-10-2025-3413,0.03111111111111111,0.7777777777777778,0.017777777777777778,0.008888888888888889,0.3287687468250121,0.0,0.2222222222222222,0.0,0.1111111111111111,6.564444444444445
https://doi.org/10.1108/acmm-07-2025-3327,0.0,0.5,0.06711409395973154,0.006711409395973154,0.291695487410748,0.1,0.0,0.0,0.0,7.604026845637584
https://doi.org/10.1108/acmm-05-2025-3276,0.014492753623188406,0.3,0.0,0.004830917874396135,0.3647582933529019,0.0,0.1,0.0,0.0,6.48792270531401
https://doi.org/10.1108/acmm-08-2025-3352,0.014150943396226415,0.1,0.12264150943396226,0.0047169811320754715,0.31698674747946115,0.0,0.1,0.0,0.0,6.60377358490566
https://doi.org/10.1108/acmm-06-2025-3290,0.012219959266802444,0.5,0.08961303462321792,0.002036659877800407,0.6027102548658937,0.0,0.25,0.0,0.0,6.303462321792261
https://doi.org/10.5006/4620,0.02358490566037736,0.5454545454545454,0.0,0.0047169811320754715,0.3152976408880831,0.0,0.0,0.0,0.09090909090909091,5.6415094339622645
https://doi.org/10.5006/4674,0.05154639175257732,0.625,0.0,0.010309278350515464,0.4714170459865433,0.0,0.25,0.0,0.0,5.778350515463917
https://doi.org/10.5006/4685,0.02252252252252252,0.7142857142857143,0.04954954954954955,0.0045045045045045045,0.5491802037523665,0.0,0.42857142857142855,0.0,0.14285714285714285,4.716216216216216
https://doi.org/10.5006/4755,0.005813953488372093,0.14285714285714285,0.005813953488372093,0.01744186046511628,0.29895256121354513,0.0,0.14285714285714285,0.0,0.14285714285714285,6.104651162790698
https://doi.org/10.5006/4651,0.007782101167315175,0.7777777777777778,0.0,0.011673151750972763,0.4186452188735491,0.0,0.2222222222222222,0.0,0.1111111111111111,5.21011673151751
https://doi.org/10.5006/4675,0.0297029702970297,0.6666666666666666,0.019801980198019802,0.0,0.21533230862308464,0.0,0.0,0.0,0.0,5.910891089108911
https://doi.org/10.5006/4771,0.020202020202020204,0.6666666666666666,0.05555555555555555,0.0,0.28907248527786233,0.0,0.16666666666666666,0.0,0.0,5.7727272727272725
https://doi.org/10.5006/4649,0.008403361344537815,0.5555555555555556,0.01680672268907563,0.0,0.2668646135832003,0.0,0.1111111111111111,0.0,0.0,5.5210084033613445
https://doi.org/10.5006/4695,0.005847953216374269,0.2857142857142857,0.0,0.0,0.35204484077876985,0.0,0.14285714285714285,0.0,0.0,6.298245614035087
https://doi.org/10.5006/4756,0.012345679012345678,0.0,0.0,0.0,0.4329797016481526,0.0,0.16666666666666666,0.0,0.0,6.592592592592593
https://doi.org/10.5006/4808,0.011428571428571429,0.0,0.06857142857142857,0.005714285714285714,0.2952135166420454,0.0,0.3333333333333333,0.0,0.16666666666666666,5.411428571428571
https://doi.org/10.5006/4731,0.06542056074766354,0.5555555555555556,0.028037383177570093,0.0,0.31892309403273933,0.0,0.0,0.0,0.2222222222222222,5.9766355140186915
https://doi.org/10.5006/4569,0.020134228187919462,0.2857142857142857,0.0,0.0,0.19727434170065863,0.0,0.0,0.0,0.2857142857142857,6.067114093959732
https://doi.org/10.5006/4734,0.013793103448275862,0.3333333333333333,0.041379310344827586,0.006896551724137931,0.3950345790791637,0.0,0.3333333333333333,0.0,0.16666666666666666,5.337931034482758
https://doi.org/10.5006/4629,0.017316017316017316,0.4444444444444444,0.09523809523809523,0.0,0.4789373744048253,0.0,0.1111111111111111,0.0,0.0,5.662337662337662
https://doi.org/10.5006/4665,0.0374331550802139,0.8333333333333334,0.0,0.0053475935828877,0.24674378599057387,0.0,0.3333333333333333,0.0,0.0,5.74331550802139
https://doi.org/10.5006/4679,0.015625,0.2857142857142857,0.0234375,0.0078125,0.4478409577489536,0.14285714285714285,0.0,0.0,0.0,5.984375
https://doi.org/10.5006/4773,0.05240174672489083,0.5,0.017467248908296942,0.0,0.24990225201440172,0.0,0.0,0.0,0.08333333333333333,5.82532751091703
https://doi.org/10.5006/4612,0.03333333333333333,0.25,0.025,0.008333333333333333,0.23333333333333334,0.0,0.25,0.0,0.0,5.841666666666667
https://doi.org/10.5006/4571,0.023529411764705882,0.0,0.047058823529411764,0.0058823529411764705,0.2839416090858158,0.0,0.4,0.0,0.2,5.723529411764706
https://doi.org/10.5006/4711,0.008583690987124463,0.5,0.012875536480686695,0.0,0.330917708604313,0.0,0.5,0.0,0.16666666666666666,5.23175965665236
https://doi.org/10.5006/4708,0.009615384615384616,0.38461538461538464,0.0,0.0,0.41215506168406435,0.0,0.15384615384615385,0.0,0.07692307692307693,5.55448717948718
https://doi.org/10.5006/4656,0.011406844106463879,0.2,0.03802281368821293,0.011406844106463879,0.3710099304449597,0.0,0.2,0.0,0.1,5.326996197718631
https://doi.org/10.5006/4726,0.04411764705882353,0.0,0.0784313725490196,0.0,0.4543247690483729,0.23076923076923078,0.0,0.0,0.07692307692307693,5.965686274509804
https://doi.org/10.5006/4819,0.02926829268292683,0.875,0.014634146341463415,0.0,0.10127092435134973,0.0,0.0,0.0,0.0,6.336585365853659
https://doi.org/10.5006/4837,0.031496062992125984,0.0,0.023622047244094488,0.007874015748031496,0.5468332451974698,0.0,0.0,0.0,0.125,5.5984251968503935
https://doi.org/10.5006/4753,0.04583333333333333,0.375,0.004166666666666667,0.004166666666666667,0.3013856886670854,0.0,0.25,0.0,0.0,5.504166666666666
https://doi.org/10.5006/4749,0.044897959183673466,0.2,0.09387755102040816,0.004081632653061225,0.3488542560463934,0.0,0.2,0.0,0.1,6.412244897959184
https://doi.org/10.5006/4752,0.011406844106463879,0.5,0.03802281368821293,0.0038022813688212928,0.3755414582878597,0.0,0.08333333333333333,0.0,0.25,5.722433460076045
https://doi.org/10.5006/4801,0.010869565217391304,0.42857142857142855,0.03260869565217391,0.005434782608695652,0.11630942695126466,0.0,0.0,0.0,0.0,6.663043478260869
https://doi.org/10.5006/4833,0.03125,0.75,0.0,0.0,0.3359274061791062,0.0,0.0,0.0,0.0,5.947916666666667
https://doi.org/10.5006/4342,0.011049723756906077,0.5,0.0718232044198895,0.0,0.4120006229282244,0.0,0.3333333333333333,0.0,0.0,4.823204419889502
https://doi.org/10.5006/4510,0.016877637130801686,0.8,0.046413502109704644,0.004219409282700422,0.4299037659152994,0.0,0.2,0.0,0.0,6.151898734177215
https://doi.org/10.5006/4666,0.038461538461538464,0.6666666666666666,0.0,0.0,0.1185464231340188,0.0,0.3333333333333333,0.0,0.3333333333333333,5.1923076923076925
https://doi.org/10.5006/4688,0.02654867256637168,0.75,0.004424778761061947,0.0,0.5052004593342331,0.0,0.375,0.0,0.0,6.106194690265487
https://doi.org/10.5006/4888,0.01507537688442211,0.2857142857142857,0.02512562814070352,0.010050251256281407,0.26111318707068504,0.0,0.14285714285714285,0.0,0.14285714285714285,6.28643216080402
https://doi.org/10.5006/4710,0.004545454545454545,0.3333333333333333,0.031818181818181815,0.004545454545454545,0.3544288852657806,0.0,0.5,0.0,0.16666666666666666,5.368181818181818
https://doi.org/10.5006/4816,0.022857142857142857,0.5,0.011428571428571429,0.005714285714285714,0.33617293897331946,0.0,0.16666666666666666,0.0,0.16666666666666666,6.091428571428572
https://doi.org/10.5006/4829,0.03980099502487562,0.3333333333333333,0.0,0.0,0.15098498413426387,0.0,0.5,0.0,0.0,5.875621890547263
https://doi.org/10.5006/4750,0.02857142857142857,0.8333333333333334,0.05,0.0,0.26029810226126565,0.0,0.0,0.0,0.0,6.464285714285714
https://doi.org/10.5006/4754,0.01875,0.4,0.025,0.0,0.28777161083053343,0.0,0.0,0.0,0.1,6.59375
https://doi.org/10.5006/4658,0.005405405405405406,0.3333333333333333,0.0,0.008108108108108109,0.39435386955613017,0.0,0.13333333333333333,0.0,0.06666666666666667,5.302702702702702
https://doi.org/10.5006/4706,0.031818181818181815,0.25,0.09545454545454546,0.0,0.4319856134733353,0.0,0.08333333333333333,0.0,0.0,5.368181818181818
https://doi.org/10.5006/4686,0.03482587064676617,0.25,0.0,0.004975124378109453,0.19744412769138736,0.0,0.125,0.0,0.0,5.686567164179104
https://doi.org/10.5006/4742,0.012396694214876033,0.75,0.03305785123966942,0.0,0.21407989829733254,0.0,0.125,0.0,0.0,5.425619834710743
https://doi.org/10.5006/4765,0.01818181818181818,0.7777777777777778,0.12727272727272726,0.004545454545454545,0.2795362156640327,0.0,0.0,0.0,0.1111111111111111,6.372727272727273
https://doi.org/10.5006/4748,0.022388059701492536,0.4,0.0,0.0,0.19800745017047164,0.0,0.0,0.0,0.2,6.597014925373134
https://doi.org/10.5006/4728,0.05339805825242718,0.75,0.009708737864077669,0.0,0.36365671456947657,0.0,0.125,0.0,0.125,5.587378640776699
https://doi.org/10.5006/4745,0.03773584905660377,0.7777777777777778,0.0,0.006289308176100629,0.3030637434756417,0.0,0.0,0.0,0.0,5.333333333333333
https://doi.org/10.5006/4766,0.004424778761061947,0.2727272727272727,0.02654867256637168,0.004424778761061947,0.2476295323828889,0.0,0.0,0.0,0.09090909090909091,6.022123893805309
https://doi.org/10.5006/4636,0.005988023952095809,0.5,0.03592814371257485,0.005988023952095809,0.2816918200320737,0.0,0.3333333333333333,0.0,0.0,4.766467065868263
https://doi.org/10.5006/4568,0.027649769585253458,0.18181818181818182,0.004608294930875576,0.0,0.23883241511244127,0.0,0.0,0.0,0.09090909090909091,6.635944700460829
https://doi.org/10.5006/4641,0.041237113402061855,0.2,0.0,0.010309278350515464,0.14059981130913254,0.0,0.0,0.0,0.0,6.061855670103093
https://doi.org/10.5006/4664,0.03608247422680412,0.375,0.0,0.005154639175257732,0.29358826527625037,0.0,0.0,0.0,0.125,5.747422680412371
https://doi.org/10.5006/4662,0.02857142857142857,0.5,0.0761904761904762,0.009523809523809525,0.459813626840888,0.0,0.25,0.0,0.25,5.523809523809524
https://doi.org/10.5006/4646,0.034482758620689655,0.6666666666666666,0.0,0.0,0.24014462546869175,0.0,0.0,0.0,0.0,6.241379310344827
https://doi.org/10.5006/4682,0.006289308176100629,0.375,0.0,0.0,0.3675345995896096,0.0,0.0,0.0,0.0,5.547169811320755
https://doi.org/10.5006/4692,0.02976190476190476,0.4444444444444444,0.011904761904761904,0.0,0.39849845722181065,0.0,0.0,0.0,0.0,5.994047619047619
https://doi.org/10.5006/4677,0.047619047619047616,0.8,0.027210884353741496,0.0,0.21789955616390433,0.0,0.2,0.0,0.2,5.6938775510204085
https://doi.org/10.5006/4736,0.034482758620689655,0.0,0.06896551724137931,0.0,0.0,0.0,0.0,0.0,0.0,5.0
https://doi.org/10.5006/4698,0.01764705882352941,0.42857142857142855,0.052941176470588235,0.011764705882352941,0.28925390242692345,0.0,0.0,0.0,0.0,5.723529411764706
https://doi.org/10.5006/4691,0.026490066225165563,0.3333333333333333,0.059602649006622516,0.006622516556291391,0.4035390128895926,0.0,0.16666666666666666,0.0,0.3333333333333333,6.0
https://doi.org/10.5006/4721,0.03398058252427184,0.1111111111111111,0.0,0.0048543689320388345,0.2616860577076418,0.0,0.0,0.0,0.2222222222222222,5.907766990291262
https://doi.org/10.5006/4739,0.031578947368421054,0.5714285714285714,0.0,0.0,0.2178972794156258,0.0,0.0,0.0,0.14285714285714285,5.936842105263158
https://doi.org/10.5006/4737,0.05,0.5,0.0,0.0,0.4019950248448356,0.0,0.25,0.0,0.0,5.7
https://doi.org/10.5006/4740,0.018867924528301886,0.5714285714285714,0.0,0.009433962264150943,0.19945636331949032,0.0,0.2857142857142857,0.0,0.14285714285714285,5.679245283018868
https://doi.org/10.5006/4705,0.02032520325203252,0.0,0.0,0.0,0.19931139304278472,0.0,0.0,0.0,0.0,5.975609756097561
https://doi.org/10.5006/4654,0.008016032064128256,0.7857142857142857,0.012024048096192385,0.0,0.3061675674579773,0.0,0.7142857142857143,0.0,0.0,5.657314629258517
https://doi.org/10.5006/4723,0.050505050505050504,0.5,0.0,0.0,0.41438770700537403,0.0,0.25,0.0,0.0,5.616161616161616
https://doi.org/10.5006/4684,0.018292682926829267,0.8,0.0,0.006097560975609756,0.2958416944075172,0.0,0.2,0.0,0.2,5.987804878048781
https://doi.org/10.5006/4760,0.054878048780487805,0.42857142857142855,0.018292682926829267,0.006097560975609756,0.3768667595210352,0.0,0.14285714285714285,0.0,0.0,5.573170731707317
https://doi.org/10.5006/4696,0.014150943396226415,0.3333333333333333,0.04716981132075472,0.009433962264150943,0.3901716174511361,0.0,0.1111111111111111,0.0,0.1111111111111111,5.037735849056604
https://doi.org/10.5006/4802,0.021739130434782608,0.625,0.0,0.0,0.16122170624121007,0.0,0.0,0.0,0.125,7.0
https://doi.org/10.5006/4796,0.01845018450184502,0.8,0.02214022140221402,0.007380073800738007,0.15607591131038082,0.0,0.0,0.0,0.0,5.645756457564576
https://doi.org/10.5006/4786,0.021052631578947368,1.0,0.0,0.005263157894736842,0.5351366097883177,0.0,0.14285714285714285,0.0,0.14285714285714285,5.678947368421053
https://doi.org/10.5006/4764,0.03954802259887006,0.3333333333333333,0.0,0.005649717514124294,0.3879838353308338,0.0,0.1111111111111111,0.0,0.0,6.5423728813559325
https://doi.org/10.5006/4762,0.03125,0.0,0.03571428571428571,0.0,0.40700969000148146,0.0,0.08333333333333333,0.0,0.08333333333333333,6.263392857142857
https://doi.org/10.5006/4787,0.023255813953488372,0.6,0.0,0.007751937984496124,0.2621943337253917,0.0,0.0,0.0,0.0,5.961240310077519
https://doi.org/10.5006/4743,0.025547445255474453,0.16666666666666666,0.0036496350364963502,0.0072992700729927005,0.3719764177004645,0.0,0.08333333333333333,0.0,0.08333333333333333,5.934306569343065
https://doi.org/10.5006/4780,0.036036036036036036,0.625,0.013513513513513514,0.0045045045045045045,0.25337587586351773,0.0,0.25,0.0,0.0,5.04954954954955
https://doi.org/10.5006/4751,0.028708133971291867,0.5,0.014354066985645933,0.0,0.3232764771599783,0.0,0.3333333333333333,0.0,0.0,6.354066985645933
https://doi.org/10.5006/4741,0.03723404255319149,0.0,0.0,0.0,0.3016478059310176,0.0,0.0,0.0,0.2,5.845744680851064
https://doi.org/10.5006/4637,0.021505376344086023,0.5714285714285714,0.043010752688172046,0.0,0.2822452634065954,0.0,0.14285714285714285,0.0,0.0,5.838709677419355
https://doi.org/10.5006/4782,0.01744186046511628,0.125,0.0,0.005813953488372093,0.31631326764501033,0.0,0.0,0.0,0.0,5.337209302325581
https://doi.org/10.5006/4730,0.03717472118959108,0.5714285714285714,0.07063197026022305,0.0037174721189591076,0.4660945135660216,0.0,0.42857142857142855,0.0,0.0,5.4944237918215615
https://doi.org/10.5006/4858,0.018518518518518517,0.2,0.0,0.018518518518518517,0.18885257457751056,0.0,0.0,0.0,0.0,5.453703703703703
https://doi.org/10.5006/4761,0.024193548387096774,0.5,0.0,0.0,0.5258658189322937,0.0,0.375,0.0,0.125,5.411290322580645
https://doi.org/10.5006/4758,0.02197802197802198,0.75,0.01098901098901099,0.005494505494505495,0.2880295037820034,0.0,0.0,0.0,0.0,5.5054945054945055
https://doi.org/10.5006/4831,0.016483516483516484,0.42857142857142855,0.02197802197802198,0.01098901098901099,0.22893040281318305,0.0,0.14285714285714285,0.0,0.14285714285714285,5.752747252747253
https://doi.org/10.5006/4792,0.01639344262295082,0.8571428571428571,0.0273224043715847,0.00546448087431694,0.2326097994950029,0.0,0.0,0.0,0.14285714285714285,5.775956284153006
https://doi.org/10.5006/4876,0.041666666666666664,0.3333333333333333,0.010416666666666666,0.0,0.31040967553648624,0.0,0.6666666666666666,0.0,0.0,5.15625
https://doi.org/10.5006/4799,0.022556390977443608,0.4,0.0,0.0,0.23965981128585304,0.0,0.2,0.0,0.0,5.774436090225564
https://doi.org/10.1177/1478422x251351692,0.010471204188481676,0.2727272727272727,0.0,0.0,0.4169459422421895,0.09090909090909091,0.0,0.0,0.0,6.361256544502618
https://doi.org/10.1177/1478422x251314174,0.02834008097165992,0.625,0.0728744939271255,0.004048582995951417,0.25163172847385157,0.0,0.25,0.0,0.0,5.412955465587045
https://doi.org/10.1177/1478422x251316979,0.014285714285714285,0.15384615384615385,0.0035714285714285713,0.0035714285714285713,0.6416854401352992,0.07692307692307693,0.15384615384615385,0.0,0.15384615384615385,5.571428571428571
https://doi.org/10.1177/1478422x251358291,0.01507537688442211,0.0,0.0,0.005025125628140704,0.4443756978780733,0.1111111111111111,0.1111111111111111,0.0,0.0,6.190954773869347
https://doi.org/10.1177/1478422x251358466,0.01,0.3,0.015,0.0,0.48579831205964474,0.1,0.1,0.0,0.0,6.215
https://doi.org/10.1177/1478422x251321923,0.03314917127071823,0.6666666666666666,0.06077348066298342,0.0,0.31833945394227475,0.0,0.0,0.0,0.1111111111111111,6.121546961325967
https://doi.org/10.1177/1478422x251348976,0.03296703296703297,0.36363636363636365,0.027472527472527472,0.0,0.45620942317905644,0.0,0.0,0.0,0.0,6.214285714285714
https://doi.org/10.1177/1478422x251360180,0.009259259259259259,0.5,0.05555555555555555,0.0,0.6316009444945596,0.0,0.5,0.0,0.16666666666666666,5.324074074074074
https://doi.org/10.1177/1478422x241313050,0.016877637130801686,0.6,0.05907172995780591,0.004219409282700422,0.4599156118143459,0.1,0.2,0.0,0.1,6.194092827004219
https://doi.org/10.1177/1478422x251370053,0.01932367149758454,0.2857142857142857,0.00966183574879227,0.0,0.2574475863666517,0.0,0.2857142857142857,0.0,0.0,5.169082125603865
https://doi.org/10.1177/1478422x241307122,0.03529411764705882,1.0,0.029411764705882353,0.0058823529411764705,0.17310516434779016,0.0,1.0,0.0,0.0,5.270588235294118
https://doi.org/10.1177/1478422x251314175,0.02197802197802198,0.625,0.02197802197802198,0.01098901098901099,0.24645781859347038,0.0,0.0,0.0,0.0,6.565934065934066
https://doi.org/10.1177/1478422x251338607,0.03361344537815126,0.8888888888888888,0.0,0.008403361344537815,0.2913434592161297,0.0,0.2222222222222222,0.0,0.1111111111111111,5.218487394957983
https://doi.org/10.1177/1478422x241307512,0.02564102564102564,0.25,0.015384615384615385,0.0,0.21409872559126258,0.0,0.0,0.0,0.0,6.174358974358975
https://doi.org/10.1177/1478422x251331408,0.06040268456375839,0.8333333333333334,0.0,0.006711409395973154,0.18803927149156913,0.0,0.0,0.0,0.16666666666666666,6.067114093959732
https://doi.org/10.1177/1478422x251335822,0.006578947368421052,0.8571428571428571,0.006578947368421052,0.006578947368421052,0.12959023423415927,0.0,0.0,0.0,0.0,5.052631578947368
https://doi.org/10.1177/1478422x251342577,0.038461538461538464,0.4,0.10576923076923077,0.009615384615384616,0.2906964703429033,0.0,0.0,0.0,0.2,7.1923076923076925
https://doi.org/10.1177/1478422x251330033,0.04,1.0,0.07333333333333333,0.0,0.26915505650915134,0.0,0.2,0.0,0.2,5.493333333333333
https://doi.org/10.1177/1478422x251347338,0.045454545454545456,0.375,0.030303030303030304,0.0,0.30886636063476075,0.0,0.125,0.0,0.25,6.257575757575758
https://doi.org/10.1177/1478422x251358002,0.017045454545454544,0.0,0.011363636363636364,0.017045454545454544,0.1520350927302233,0.0,0.16666666666666666,0.0,0.16666666666666666,5.3352272727272725
https://doi.org/10.1177/1478422x251365370,0.015789473684210527,0.7142857142857143,0.0,0.005263157894736842,0.3764537840473193,0.0,0.2857142857142857,0.0,0.14285714285714285,5.0473684210526315
https://doi.org/10.1177/1478422x251380402,0.009345794392523364,0.5,0.014018691588785047,0.0,0.44093929390973646,0.1,0.0,0.0,0.1,5.705607476635514
https://doi.org/10.1177/1478422x251386990,0.039603960396039604,0.875,0.034653465346534656,0.0049504950495049506,0.32822939513367877,0.0,0.125,0.0,0.125,5.767326732673268
https://doi.org/10.1177/1478422x251387524,0.004166666666666667,0.1,0.020833333333333332,0.0,0.39747466725706065,0.0,0.1,0.0,0.2,7.125
https://doi.org/10.1177/1478422x251398913,0.023255813953488372,0.4444444444444444,0.046511627906976744,0.0,0.5252314125950922,0.0,0.1111111111111111,0.0,0.0,6.3023255813953485
https://doi.org/10.1177/1478422x251396203,0.00980392156862745,0.375,0.08333333333333333,0.0,0.23283023700074346,0.0,0.125,0.0,0.0,5.892156862745098
https://doi.org/10.1177/1478422x251396197,0.014925373134328358,0.4,0.04477611940298507,0.007462686567164179,0.20491836145889525,0.0,0.2,0.0,0.0,5.686567164179104
https://doi.org/10.1177/1478422x251350823,0.01507537688442211,0.75,0.07537688442211055,0.005025125628140704,0.5485218687518094,0.25,0.0,0.0,0.08333333333333333,6.809045226130653
https://doi.org/10.1177/1478422x241310067,0.03076923076923077,1.0,0.09230769230769231,0.0,0.1076923076923077,0.0,1.0,0.0,0.0,5.246153846153846
https://doi.org/10.1177/1478422x251338444,0.015151515151515152,0.1,0.03535353535353535,0.0,0.2651394898668018,0.0,0.0,0.0,0.0,6.01010101010101
https://doi.org/10.1177/1478422x251345985,0.016042780748663103,0.0,0.026737967914438502,0.0,0.323076095550657,0.0,0.2857142857142857,0.0,0.14285714285714285,6.1550802139037435
https://doi.org/10.1177/1478422x251358463,0.02617801047120419,0.5,0.020942408376963352,0.005235602094240838,0.21196107308897552,0.0,0.0,0.0,0.125,6.052356020942408
https://doi.org/10.1177/1478422x251319152,0.006993006993006993,0.8,0.09090909090909091,0.013986013986013986,0.28628656630012195,0.0,0.2,0.0,0.0,6.888111888111888
https://doi.org/10.1177/1478422x251337561,0.019801980198019802,0.375,0.0,0.0,0.37085783763025826,0.0,0.125,0.0,0.125,5.435643564356436
https://doi.org/10.1177/1478422x251321938,0.02564102564102564,0.5,0.0,0.0,0.39660790508353894,0.0,0.16666666666666666,0.0,0.0,5.461538461538462
https://doi.org/10.1177/1478422x251321934,0.02631578947368421,0.25,0.0,0.008771929824561403,0.18316327208615002,0.0,0.0,0.0,0.25,5.7368421052631575
https://doi.org/10.1177/1478422x251344224,0.008264462809917356,0.0,0.0,0.0,0.26900794708693876,0.0,0.1111111111111111,0.0,0.2222222222222222,6.483471074380165
https://doi.org/10.1177/1478422x251352962,0.026041666666666668,0.2222222222222222,0.052083333333333336,0.005208333333333333,0.33145630368119416,0.0,0.0,0.0,0.3333333333333333,5.71875
https://doi.org/10.1177/1478422x251356120,0.015789473684210527,0.5714285714285714,0.021052631578947368,0.005263157894736842,0.34416384682677503,0.0,0.14285714285714285,0.0,0.0,6.1
https://doi.org/10.1177/1478422x251379228,0.016129032258064516,0.8333333333333334,0.021505376344086023,0.005376344086021506,0.3611366800805734,0.0,0.3333333333333333,0.0,0.16666666666666666,6.376344086021505
https://doi.org/10.1177/1478422x241310412,0.025,0.3,0.065,0.0,0.38535697735995383,0.1,0.0,0.0,0.0,5.57
https://doi.org/10.1177/1478422x241311671,0.045454545454545456,0.0,0.0,0.007575757575757576,0.28020063649858984,0.0,0.0,0.0,0.16666666666666666,6.151515151515151
https://doi.org/10.1177/1478422x251317806,0.03508771929824561,0.3333333333333333,0.04678362573099415,0.0,0.2935649215909037,0.0,0.0,0.0,0.0,6.146198830409356
https://doi.org/10.1177/1478422x251317314,0.014285714285714285,0.42857142857142855,0.06666666666666667,0.0,0.3177300441449958,0.0,0.14285714285714285,0.0,0.14285714285714285,5.395238095238096
https://doi.org/10.1177/1478422x251321548,0.04,0.2,0.006666666666666667,0.006666666666666667,0.2412928142780514,0.0,0.4,0.0,0.2,5.733333333333333
https://doi.org/10.1177/1478422x251321942,0.041666666666666664,0.0,0.006944444444444444,0.006944444444444444,0.20126912147485332,0.0,0.0,0.0,0.16666666666666666,6.611111111111111
https://doi.org/10.1177/1478422x251335438,0.020833333333333332,0.4,0.07291666666666667,0.0,0.3797442944491288,0.1,0.0,0.0,0.3,5.869791666666667
https://doi.org/10.1177/1478422x251335439,0.029850746268656716,0.5,0.03980099502487562,0.0,0.33481515141077095,0.0,0.1,0.0,0.2,5.8059701492537314
https://doi.org/10.1177/1478422x251340712,0.014492753623188406,0.23076923076923078,0.06884057971014493,0.0,0.386714900409459,0.0,0.07692307692307693,0.0,0.0,5.634057971014493
https://doi.org/10.1177/1478422x251342407,0.023809523809523808,0.0,0.007936507936507936,0.0,0.4303314829119352,0.125,0.0,0.0,0.25,6.0476190476190474
https://doi.org/10.1177/1478422x251345243,0.02702702702702703,0.0,0.021621621621621623,0.0,0.30328130030498457,0.0,0.2857142857142857,0.0,0.2857142857142857,6.3621621621621625
https://doi.org/10.1177/1478422x251321928,0.02654867256637168,0.5,0.008849557522123894,0.008849557522123894,0.168141592920354,0.0,1.0,0.0,0.0,5.557522123893805
https://doi.org/10.1177/1478422x251345215,0.05357142857142857,0.3333333333333333,0.0,0.0,0.09888837932045327,0.0,0.0,0.0,0.3333333333333333,6.458333333333333
https://doi.org/10.1177/1478422x251330789,0.022099447513812154,0.5714285714285714,0.0,0.0055248618784530384,0.3089973802013163,0.0,0.14285714285714285,0.0,0.14285714285714285,5.237569060773481
https://doi.org/10.1177/1478422x251345919,0.04926108374384237,0.6666666666666666,0.019704433497536946,0.0049261083743842365,0.32170919935479203,0.0,0.3333333333333333,0.0,0.16666666666666666,6.600985221674877
https://doi.org/10.1177/1478422x251347357,0.010752688172043012,0.25,0.053763440860215055,0.005376344086021506,0.4118433978968937,0.0,0.125,0.0,0.0,6.026881720430108
https://doi.org/10.1177/1478422x251348756,0.028409090909090908,0.5714285714285714,0.056818181818181816,0.0,0.3289571551393211,0.0,0.2857142857142857,0.0,0.14285714285714285,6.198863636363637
https://doi.org/10.1177/1478422x251356535,0.006472491909385114,0.15384615384615385,0.042071197411003236,0.0,0.4001968493750346,0.0,0.07692307692307693,0.0,0.15384615384615385,5.980582524271845
https://doi.org/10.1177/1478422x251358647,0.055944055944055944,1.0,0.013986013986013986,0.0,0.3420860086331471,0.0,0.16666666666666666,0.0,0.0,6.083916083916084
https://doi.org/10.1177/1478422x251358467,0.04216867469879518,0.6666666666666666,0.07228915662650602,0.0,0.3489818881436202,0.0,0.3333333333333333,0.0,0.0,5.813253012048193
https://doi.org/10.1177/1478422x251356126,0.019138755980861243,0.25,0.023923444976076555,0.0,0.40211318821911374,0.0,0.125,0.0,0.0,6.07177033492823
https://doi.org/10.1177/1478422x251367599,0.017543859649122806,0.625,0.07017543859649122,0.005847953216374269,0.3484810974371832,0.125,0.0,0.0,0.0,5.181286549707602
https://doi.org/10.1177/1478422x251367484,0.019801980198019802,0.0,0.04950495049504951,0.0,0.07796047400011694,0.0,0.3333333333333333,0.0,0.3333333333333333,6.178217821782178
https://doi.org/10.1177/1478422x251379226,0.0273224043715847,0.0,0.00546448087431694,0.0,0.26692185228021453,0.0,0.14285714285714285,0.0,0.0,6.065573770491803
https://doi.org/10.1177/1478422x251378305,0.021739130434782608,0.0,0.0,0.0,0.42166192828916393,0.0,0.2,0.0,0.0,6.036231884057971
https://doi.org/10.1177/1478422x251378549,0.02962962962962963,0.0,0.0,0.007407407407407408,0.27367338076905434,0.0,0.0,0.0,0.16666666666666666,6.059259259259259
https://doi.org/10.1177/1478422x251380319,0.026455026455026454,0.2727272727272727,0.0,0.0,0.23256360820990377,0.0,0.0,0.0,0.18181818181818182,6.5396825396825395
https://doi.org/10.1177/1478422x251382724,0.005076142131979695,0.5,0.06091370558375635,0.0,0.1925591547044737,0.0,0.0,0.0,0.125,6.654822335025381
https://doi.org/10.1177/1478422x251376903,0.030120481927710843,0.14285714285714285,0.024096385542168676,0.0,0.18410490108356775,0.0,0.0,0.0,0.14285714285714285,6.4156626506024095
https://doi.org/10.1177/1478422x251376907,0.019305019305019305,0.25,0.03474903474903475,0.003861003861003861,0.21769351905807643,0.0,0.0,0.0,0.08333333333333333,6.347490347490347
https://doi.org/10.1177/1478422x251389038,0.015267175572519083,0.25,0.007633587786259542,0.0,0.3453723977362937,0.0,0.0,0.0,0.125,6.419847328244275
https://doi.org/10.1177/1478422x251389033,0.029315960912052116,0.46153846153846156,0.009771986970684038,0.006514657980456026,0.43645777558832716,0.0,0.15384615384615385,0.0,0.07692307692307693,5.592833876221499
https://doi.org/10.1177/1478422x251391237,0.0374331550802139,0.25,0.016042780748663103,0.0053475935828877,0.35596661477310415,0.0,0.0,0.0,0.125,6.25668449197861
https://doi.org/10.1177/1478422x251396206,0.018433179723502304,0.5,0.041474654377880185,0.004608294930875576,0.21422376588330796,0.0,0.0,0.0,0.2,6.8986175115207375
https://doi.org/10.1177/1478422x251396201,0.022598870056497175,0.0,0.0,0.0,0.23607437757939184,0.0,0.0,0.0,0.0,6.598870056497175
https://doi.org/10.1177/1478422x251399710,0.050761421319796954,0.375,0.005076142131979695,0.005076142131979695,0.2990618948559479,0.0,0.125,0.0,0.125,6.568527918781726
https://doi.org/10.1177/1478422x251401012,0.025,0.25,0.0,0.0,0.20949675149960892,0.0,0.25,0.0,0.0,5.716666666666667
https://doi.org/10.1177/1478422x251405120,0.030612244897959183,0.7142857142857143,0.0,0.00510204081632653,0.18898223650461363,0.0,0.0,0.0,0.14285714285714285,5.505102040816326
https://doi.org/10.1177/1478422x251406725,0.015444015444015444,0.7,0.03088803088803089,0.0,0.34896726036288256,0.0,0.2,0.0,0.0,4.787644787644788
https://doi.org/10.1177/1478422x251396700,0.03431372549019608,0.7777777777777778,0.05392156862745098,0.004901960784313725,0.33727485121116807,0.0,0.1111111111111111,0.0,0.0,6.004901960784314
https://doi.org/10.1016/j.corsci.2025.112827,0.01,0.0,0.02,0.0,0.09899494936611665,0.0,0.3333333333333333,0.0,0.0,5.19
https://doi.org/10.1016/j.corsci.2025.112971,0.022556390977443608,0.6,0.03759398496240601,0.0,0.3830899008378044,0.0,0.2,0.0,0.0,4.684210526315789
https://doi.org/10.1016/j.corsci.2025.112974,0.029411764705882353,0.1,0.058823529411764705,0.004901960784313725,0.41141441683053503,0.0,0.0,0.0,0.1,6.465686274509804
https://doi.org/10.1016/j.corsci.2025.112707,0.02702702702702703,0.2222222222222222,0.04054054054054054,0.0,0.5826503010083811,0.1111111111111111,0.1111111111111111,0.0,0.1111111111111111,5.77027027027027
https://doi.org/10.1016/j.corsci.2025.112796,0.021739130434782608,0.2777777777777778,0.062111801242236024,0.0,0.38227782741438804,0.0,0.05555555555555555,0.0,0.05555555555555555,5.854037267080745
https://doi.org/10.1016/j.corsci.2025.112947,0.034334763948497854,0.7777777777777778,0.034334763948497854,0.004291845493562232,0.3579512353990222,0.0,0.1111111111111111,0.0,0.2222222222222222,5.939914163090129
https://doi.org/10.1016/j.corsci.2025.112812,0.023952095808383235,0.3333333333333333,0.08982035928143713,0.0,0.4041805276811066,0.0,0.0,0.0,0.0,6.473053892215569
https://doi.org/10.1016/j.corsci.2025.112943,0.03508771929824561,0.375,0.023391812865497075,0.0,0.392074626710216,0.0,0.125,0.0,0.125,6.269005847953216
https://doi.org/10.1016/j.corsci.2025.113039,0.07575757575757576,0.5714285714285714,0.05555555555555555,0.005050505050505051,0.3336392841396716,0.0,0.14285714285714285,0.0,0.14285714285714285,5.696969696969697
https://doi.org/10.1016/j.corsci.2025.112719,0.0273972602739726,0.375,0.06164383561643835,0.00684931506849315,0.3764008675077832,0.0,0.0,0.0,0.125,5.616438356164384
https://doi.org/10.1016/j.corsci.2025.112769,0.029069767441860465,0.5,0.046511627906976744,0.005813953488372093,0.6402744138574978,0.0,0.16666666666666666,0.0,0.0,5.040697674418604
https://doi.org/10.1016/j.corsci.2025.112799,0.058823529411764705,0.625,0.06862745098039216,0.0,0.27660266626795854,0.0,0.0,0.0,0.125,6.1568627450980395
https://doi.org/10.1016/j.corsci.2025.112950,0.03669724770642202,0.25,0.0,0.0,0.3192607824092718,0.0,0.25,0.0,0.5,6.174311926605505
https://doi.org/10.1016/j.corsci.2025.112987,0.021739130434782608,0.5454545454545454,0.08695652173913043,0.0,0.3909176833563308,0.0,0.09090909090909091,0.0,0.0,5.517391304347826
https://doi.org/10.1016/j.corsci.2025.112824,0.011976047904191617,0.5555555555555556,0.029940119760479042,0.0,0.5329677712588414,0.0,0.1111111111111111,0.0,0.2222222222222222,5.844311377245509
https://doi.org/10.1016/j.corsci.2025.112928,0.006535947712418301,0.375,0.026143790849673203,0.006535947712418301,0.25271392064289155,0.0,0.0,0.0,0.125,6.3202614379084965
https://doi.org/10.1016/j.corsci.2025.112938,0.015748031496062992,0.6666666666666666,0.047244094488188976,0.0,0.3851834585396853,0.0,0.16666666666666666,0.0,0.16666666666666666,6.307086614173229
https://doi.org/10.1016/j.corsci.2025.113063,0.022099447513812154,0.1111111111111111,0.0055248618784530384,0.0,0.26253269327108775,0.0,0.0,0.0,0.0,5.801104972375691
https://doi.org/10.1016/j.corsci.2025.113171,0.024896265560165973,0.5454545454545454,0.0,0.004149377593360996,0.25260134863443023,0.0,0.0,0.0,0.0,5.842323651452282
https://doi.org/10.1016/j.corsci.2025.112849,0.03260869565217391,0.8333333333333334,0.018115942028985508,0.0,0.4665901458552246,0.0,0.16666666666666666,0.0,0.08333333333333333,4.942028985507246
https://doi.org/10.1016/j.corsci.2025.112911,0.011538461538461539,0.46153846153846156,0.13846153846153847,0.0,0.38380684244511887,0.0,0.0,0.0,0.0,5.907692307692308
https://doi.org/10.1016/j.corsci.2025.113167,0.018957345971563982,0.8333333333333334,0.037914691943127965,0.0,0.23758213951647927,0.0,0.3333333333333333,0.0,0.16666666666666666,5.265402843601896
https://doi.org/10.1016/j.corsci.2025.112759,0.027522935779816515,1.0,0.07339449541284404,0.009174311926605505,0.159432543091585,0.0,0.3333333333333333,0.0,0.3333333333333333,4.8807339449541285
https://doi.org/10.1016/j.corsci.2025.113201,0.06451612903225806,0.25,0.12903225806451613,0.0,0.4841098573974378,0.0,0.25,0.0,0.25,5.89247311827957
https://doi.org/10.1016/j.corsci.2025.113355,0.008658008658008658,0.75,0.0,0.004329004329004329,0.2789101933825907,0.0,0.125,0.0,0.0,6.225108225108225
https://doi.org/10.1016/j.corsci.2025.112695,0.018633540372670808,0.25,0.0,0.0,0.21145396932359256,0.0,0.0,0.0,0.25,5.813664596273292
https://doi.org/10.1016/j.corsci.2025.112939,0.03773584905660377,0.6923076923076923,0.01509433962264151,0.0,0.6788048886798712,0.07692307692307693,0.15384615384615385,0.0,0.0,5.430188679245283
https://doi.org/10.1016/j.corsci.2025.112985,0.025,0.75,0.05714285714285714,0.0,0.38225966172170434,0.0625,0.0,0.0,0.0625,4.953571428571428
https://doi.org/10.1016/j.corsci.2025.112800,0.025547445255474453,0.46153846153846156,0.032846715328467155,0.0036496350364963502,0.5148702497467409,0.0,0.15384615384615385,0.0,0.0,5.481751824817518
https://doi.org/10.1016/j.corsci.2025.112960,0.028846153846153848,0.6,0.028846153846153848,0.0,0.6580745627795643,0.0,0.2,0.0,0.0,5.288461538461538
https://doi.org/10.1016/j.corsci.2025.113012,0.008333333333333333,0.08333333333333333,0.0,0.004166666666666667,0.2806243040080456,0.0,0.0,0.0,0.25,6.7625
https://doi.org/10.1016/j.corsci.2025.113095,0.04854368932038835,0.75,0.04854368932038835,0.0,0.06933425658779467,0.0,0.0,0.0,0.25,4.796116504854369
https://doi.org/10.1016/j.corsci.2025.112846,0.013157894736842105,0.2222222222222222,0.013157894736842105,0.0,0.3272323714591023,0.0,0.0,0.0,0.0,5.434210526315789
https://doi.org/10.1016/j.corsci.2025.113080,0.005681818181818182,0.25,0.005681818181818182,0.011363636363636364,0.35135510985773427,0.125,0.0,0.0,0.125,5.943181818181818
https://doi.org/10.1016/j.corsci.2025.113142,0.02097902097902098,0.6666666666666666,0.0,0.006993006993006993,0.17370269018705203,0.0,0.0,0.0,0.16666666666666666,5.503496503496503
https://doi.org/10.1016/j.corsci.2025.113321,0.015625,0.09090909090909091,0.0,0.00390625,0.4480793975227772,0.0,0.09090909090909091,0.0,0.0,5.89453125
https://doi.org/10.1016/j.corsci.2025.113015,0.01893939393939394,0.5454545454545454,0.015151515151515152,0.003787878787878788,0.31180478223116176,0.0,0.09090909090909091,0.0,0.09090909090909091,5.299242424242424
https://doi.org/10.1016/j.corsci.2025.112913,0.03484320557491289,0.21428571428571427,0.04529616724738676,0.003484320557491289,0.4187132819025137,0.0,0.07142857142857142,0.0,0.07142857142857142,5.630662020905923
https://doi.org/10.1016/j.corsci.2025.113183,0.018292682926829267,0.0,0.0,0.0,0.12072554800745935,0.0,0.0,0.0,0.0,6.579268292682927
https://doi.org/10.1016/j.corsci.2025.112782,0.02857142857142857,0.4,0.01904761904761905,0.0,0.526831111845308,0.2,0.2,0.0,0.0,5.542857142857143
https://doi.org/10.1016/j.corsci.2025.112844,0.02054794520547945,0.375,0.0273972602739726,0.00684931506849315,0.35378552246972483,0.0,0.0,0.0,0.0,5.164383561643835
https://doi.org/10.1016/j.corsci.2025.112929,0.025477707006369428,0.2,0.025477707006369428,0.0,0.3133990980928037,0.0,0.0,0.0,0.1,6.420382165605096
https://doi.org/10.1016/j.corsci.2025.112803,0.027559055118110236,0.5,0.0,0.0,0.4633642513324251,0.125,0.375,0.0,0.0,5.082677165354331
https://doi.org/10.1016/j.corsci.2025.113129,0.03205128205128205,0.5,0.00641025641025641,0.0,0.19736928613257246,0.0,0.0,0.0,0.16666666666666666,6.57051282051282
https://doi.org/10.1016/j.corsci.2025.112851,0.013333333333333334,0.35714285714285715,0.08,0.0044444444444444444,0.3097430237160164,0.07142857142857142,0.0,0.0,0.07142857142857142,5.697777777777778
https://doi.org/10.1016/j.corsci.2025.112847,0.006622516556291391,0.3333333333333333,0.0,0.0,0.2943855731244089,0.0,0.0,0.0,0.0,5.337748344370861
https://doi.org/10.1016/j.corsci.2025.112924,0.02702702702702703,0.5,0.04504504504504504,0.0,0.17352576832665068,0.0,0.0,0.0,0.0,5.045045045045045
https://doi.org/10.1016/j.corsci.2025.113027,0.05,0.5,0.05,0.0,0.3720215047547655,0.0,0.25,0.0,0.0,5.34
https://doi.org/10.1016/j.corsci.2025.113154,0.07142857142857142,0.0,0.061224489795918366,0.0,0.15939285052870722,0.0,0.0,0.0,0.25,6.989795918367347
https://doi.org/10.1016/j.corsci.2025.112677,0.039603960396039604,0.2,0.0,0.009900990099009901,0.25704465318311226,0.0,0.0,0.0,0.2,6.01980198019802
https://doi.org/10.1016/j.corsci.2025.112801,0.021164021164021163,0.3,0.010582010582010581,0.0,0.26713027643099135,0.0,0.0,0.0,0.0,5.4338624338624335
https://doi.org/10.1016/j.corsci.2025.112853,0.01568627450980392,0.2857142857142857,0.06666666666666667,0.00392156862745098,0.3348753261209285,0.0,0.42857142857142855,0.0,0.0,5.490196078431373
https://doi.org/10.1016/j.corsci.2025.112861,0.05,0.4,0.02,0.0,0.21908902300206642,0.0,0.0,0.0,0.0,5.94
https://doi.org/10.1016/j.corsci.2025.112896,0.03550295857988166,1.0,0.0,0.0,0.5890769552916056,0.0,0.125,0.0,0.125,5.2485207100591715
https://doi.org/10.1016/j.corsci.2025.112932,0.030303030303030304,0.6363636363636364,0.006060606060606061,0.006060606060606061,0.4148749355181777,0.0,0.0,0.0,0.09090909090909091,4.793939393939394
https://doi.org/10.1016/j.corsci.2025.112967,0.023411371237458192,0.7142857142857143,0.020066889632107024,0.0,0.3203203338438994,0.0,0.0,0.0,0.07142857142857142,5.070234113712375
https://doi.org/10.1016/j.corsci.2025.113052,0.024054982817869417,0.6153846153846154,0.07216494845360824,0.0,0.4867124722022052,0.0,0.07692307692307693,0.0,0.07692307692307693,5.130584192439863
https://doi.org/10.1016/j.corsci.2025.113081,0.005649717514124294,0.42857142857142855,0.0,0.011299435028248588,0.22343186365294,0.0,0.0,0.0,0.14285714285714285,6.016949152542373
https://doi.org/10.1016/j.corsci.2025.113260,0.014423076923076924,0.5,0.019230769230769232,0.0,0.47184015947635766,0.08333333333333333,0.0,0.0,0.0,5.288461538461538
https://doi.org/10.1016/j.corsci.2025.113241,0.017543859649122806,0.25,0.023391812865497075,0.0,0.5353033790313108,0.0,0.25,0.0,0.0,6.052631578947368
https://doi.org/10.1016/j.corsci.2025.112992,0.02040816326530612,0.8,0.0,0.0,0.4769672964070233,0.0,0.2,0.0,0.0,5.272108843537415
https://doi.org/10.1016/j.corsci.2025.112995,0.018633540372670808,0.3333333333333333,0.018633540372670808,0.006211180124223602,0.37106278338494025,0.0,0.3333333333333333,0.0,0.3333333333333333,5.9813664596273295
https://doi.org/10.1016/j.corsci.2025.113184,0.037037037037037035,0.125,0.07407407407407407,0.006172839506172839,0.4936728153859804,0.125,0.125,0.0,0.125,6.592592592592593
https://doi.org/10.1016/j.corsci.2025.113301,0.018691588785046728,0.4,0.09345794392523364,0.0,0.21837984010369946,0.0,0.0,0.0,0.2,5.822429906542056
https://doi.org/10.1016/j.corsci.2025.113523,0.014285714285714285,0.7272727272727273,0.125,0.0,0.3131065542043384,0.0,0.18181818181818182,0.0,0.09090909090909091,5.328571428571428
https://doi.org/10.1016/j.corsci.2025.112741,0.018867924528301886,0.1111111111111111,0.03773584905660377,0.0,0.6549643380267842,0.0,0.2222222222222222,0.0,0.0,5.839622641509434
https://doi.org/10.1016/j.corsci.2025.112860,0.012048192771084338,0.3333333333333333,0.012048192771084338,0.0,0.6396898290341342,0.0,0.16666666666666666,0.0,0.0,6.0
https://doi.org/10.1016/j.corsci.2025.112878,0.018018018018018018,0.8,0.02702702702702703,0.0,0.2924807762296924,0.0,0.0,0.0,0.0,5.2792792792792795
https://doi.org/10.1016/j.corsci.2025.112909,0.028985507246376812,1.0,0.0,0.0,0.10649955403405122,0.0,0.0,0.0,0.0,5.782608695652174
https://doi.org/10.1016/j.corsci.2025.112903,0.026845637583892617,0.2222222222222222,0.0,0.006711409395973154,0.4156741628779066,0.0,0.0,0.0,0.0,6.241610738255034
https://doi.org/10.1016/j.corsci.2025.112965,0.011764705882352941,0.21428571428571427,0.047058823529411764,0.00392156862745098,0.35104063454956264,0.0,0.0,0.0,0.07142857142857142,5.792156862745098
https://doi.org/10.1016/j.corsci.2025.112999,0.012,0.2222222222222222,0.016,0.004,0.3542654372077525,0.0,0.2222222222222222,0.0,0.1111111111111111,6.044
https://doi.org/10.1016/j.corsci.2025.113098,0.00390625,0.5384615384615384,0.0,0.00390625,0.36094257301629706,0.07692307692307693,0.07692307692307693,0.0,0.07692307692307693,5.2890625
https://doi.org/10.1016/j.corsci.2025.113121,0.011695906432748537,0.6,0.017543859649122806,0.0,0.3505846733876459,0.0,0.4,0.0,0.0,5.204678362573099
https://doi.org/10.1016/j.corsci.2025.113251,0.02717391304347826,0.25,0.02717391304347826,0.0,0.2599621900674217,0.0,0.0,0.0,0.125,6.0271739130434785
https://doi.org/10.1016/j.corsci.2025.113319,0.02142857142857143,0.5555555555555556,0.017857142857142856,0.0,0.537093462774499,0.0,0.2222222222222222,0.0,0.1111111111111111,5.5321428571428575
https://doi.org/10.1016/j.corsci.2025.113394,0.024509803921568627,0.625,0.04411764705882353,0.00980392156862745,0.4505539330618062,0.0,0.25,0.0,0.0,5.622549019607843
https://doi.org/10.1016/j.corsci.2025.112745,0.015209125475285171,0.3076923076923077,0.0076045627376425855,0.0038022813688212928,0.3892837983987514,0.0,0.0,0.0,0.15384615384615385,6.144486692015209
https://doi.org/10.1016/j.corsci.2025.113023,0.00819672131147541,0.5555555555555556,0.040983606557377046,0.0,0.2932548167212839,0.0,0.2222222222222222,0.0,0.0,5.176229508196721
https://doi.org/10.1016/j.corsci.2025.113145,0.06060606060606061,0.0,0.0,0.010101010101010102,0.31685630588602265,0.0,0.0,0.0,0.2,7.070707070707071
https://doi.org/10.1016/j.corsci.2025.113410,0.023529411764705882,0.14285714285714285,0.027450980392156862,0.0,0.36781303443027813,0.0,0.07142857142857142,0.0,0.07142857142857142,6.580392156862745
https://doi.org/10.1016/j.corsci.2025.113539,0.01875,0.5,0.05,0.0125,0.28034576865007255,0.0,0.0,0.0,0.3333333333333333,6.0125
https://doi.org/10.1016/j.corsci.2025.113561,0.01,0.2,0.09,0.0,0.4012480529547776,0.0,0.0,0.0,0.0,7.01
https://doi.org/10.1016/j.corsci.2025.113495,0.026515151515151516,0.2,0.011363636363636364,0.0,0.3002715330697942,0.0,0.2,0.0,0.0,5.856060606060606
https://doi.org/10.1016/j.corsci.2025.113282,0.03488372093023256,0.2857142857142857,0.0,0.005813953488372093,0.2129844079536535,0.0,0.0,0.0,0.14285714285714285,6.488372093023256
https://doi.org/10.1016/j.corsci.2025.113311,0.009478672985781991,0.36363636363636365,0.004739336492890996,0.004739336492890996,0.35064684953732533,0.0,0.0,0.0,0.09090909090909091,4.909952606635071
https://doi.org/10.1016/j.corsci.2025.113423,0.015267175572519083,0.18181818181818182,0.04198473282442748,0.0,0.5078774596438936,0.0,0.2727272727272727,0.0,0.0,5.751908396946565
https://doi.org/10.1016/j.corsci.2025.113505,0.018433179723502304,0.7142857142857143,0.0,0.0,0.2413972507596091,0.0,0.14285714285714285,0.0,0.14285714285714285,5.179723502304148
https://doi.org/10.1016/j.corsci.2025.112951,0.028735632183908046,0.4444444444444444,0.011494252873563218,0.0,0.2833047711233618,0.0,0.0,0.0,0.1111111111111111,5.32183908045977
https://doi.org/10.1016/j.corsci.2025.112930,0.03225806451612903,0.16666666666666666,0.08870967741935484,0.008064516129032258,0.28580717978498954,0.0,0.0,0.0,0.0,5.75
https://doi.org/10.1016/j.corsci.2025.113029,0.021551724137931036,0.0,0.03017241379310345,0.004310344827586207,0.4010242534349313,0.0,0.2,0.0,0.2,6.586206896551724
https://doi.org/10.1016/j.corsci.2025.113076,0.03409090909090909,0.3333333333333333,0.011363636363636364,0.0,0.3939758141672663,0.0,0.6666666666666666,0.0,0.0,6.318181818181818
https://doi.org/10.1016/j.corsci.2025.113146,0.042735042735042736,0.3333333333333333,0.07692307692307693,0.0,0.3115850621121057,0.0,0.0,0.0,0.0,6.222222222222222
https://doi.org/10.1016/j.corsci.2025.112843,0.02112676056338028,0.75,0.028169014084507043,0.0,0.44427634635457763,0.0,0.0,0.0,0.0,5.443661971830986
https://doi.org/10.1016/j.corsci.2025.112870,0.013986013986013986,0.3076923076923077,0.0,0.006993006993006993,0.4010475792710396,0.0,0.0,0.0,0.15384615384615385,5.454545454545454
https://doi.org/10.1016/j.corsci.2025.113267,0.021052631578947368,0.3333333333333333,0.06315789473684211,0.021052631578947368,0.2633683369094064,0.0,0.6666666666666666,0.0,0.3333333333333333,5.631578947368421
https://doi.org/10.1016/j.corsci.2025.112691,0.027210884353741496,0.4,0.05442176870748299,0.0,0.610958588280754,0.0,0.4,0.0,0.0,5.448979591836735
https://doi.org/10.1016/j.corsci.2025.112897,0.05357142857142857,0.4,0.0,0.0,0.3804870670118307,0.0,0.2,0.0,0.0,5.553571428571429
https://doi.org/10.1016/j.corsci.2025.112979,0.00851063829787234,0.9,0.0425531914893617,0.0,0.30876731801994445,0.0,0.1,0.0,0.1,5.008510638297873
https://doi.org/10.1016/j.corsci.2025.113071,0.034482758620689655,0.375,0.022988505747126436,0.005747126436781609,0.27753325212987673,0.0,0.0,0.0,0.125,5.925287356321839
https://doi.org/10.1016/j.corsci.2025.113149,0.01910828025477707,0.7142857142857143,0.09554140127388536,0.0,0.2808332189178166,0.0,0.0,0.0,0.0,5.872611464968153
https://doi.org/10.1016/j.corsci.2025.113186,0.03428571428571429,0.42857142857142855,0.03428571428571429,0.005714285714285714,0.32355171810039013,0.0,0.14285714285714285,0.0,0.14285714285714285,6.102857142857143
https://doi.org/10.1016/j.corsci.2025.113212,0.013452914798206279,0.36363636363636365,0.10762331838565023,0.004484304932735426,0.5592990790195109,0.0,0.09090909090909091,0.0,0.18181818181818182,6.192825112107624
https://doi.org/10.1016/j.corsci.2025.113398,0.04225352112676056,0.1111111111111111,0.018779342723004695,0.0,0.37104055978364764,0.0,0.1111111111111111,0.0,0.1111111111111111,6.450704225352113
https://doi.org/10.1016/j.corsci.2025.113496,0.03414634146341464,0.5555555555555556,0.0,0.0,0.5336059188399795,0.0,0.1111111111111111,0.0,0.0,5.31219512195122
https://doi.org/10.1016/j.corsci.2025.113552,0.012422360248447204,0.9166666666666666,0.07763975155279502,0.0,0.5775061623392711,0.0,0.3333333333333333,0.0,0.16666666666666666,5.782608695652174
https://doi.org/10.1016/j.corsci.2025.113582,0.010416666666666666,0.8333333333333334,0.08333333333333333,0.010416666666666666,0.2303473373697498,0.0,0.3333333333333333,0.0,0.0,5.71875
https://doi.org/10.1016/j.corsci.2025.113587,0.024691358024691357,0.46153846153846156,0.024691358024691357,0.0030864197530864196,0.46298353863742314,0.0,0.15384615384615385,0.0,0.07692307692307693,5.3734567901234565
https://doi.org/10.1016/j.corsci.2025.113104,0.00821917808219178,0.05555555555555555,0.043835616438356165,0.0027397260273972603,0.5105970292977048,0.0,0.1111111111111111,0.0,0.0,5.926027397260274
https://doi.org/10.1016/j.corsci.2025.113409,0.026455026455026454,0.7272727272727273,0.010582010582010581,0.0,0.4628344492831542,0.0,0.0,0.0,0.09090909090909091,6.211640211640212
https://doi.org/10.1016/j.corsci.2025.113443,0.009569377990430622,0.2222222222222222,0.05263157894736842,0.0,0.43574832803932906,0.0,0.1111111111111111,0.0,0.1111111111111111,5.942583732057416
https://doi.org/10.1016/j.corsci.2025.113486,0.04950495049504951,0.4,0.0,0.0,0.1414144243275812,0.0,0.0,0.0,0.0,6.4950495049504955
https://doi.org/10.1016/j.corsci.2025.112899,0.008368200836820083,0.3,0.0,0.0,0.26885897617434884,0.0,0.0,0.0,0.0,5.7698744769874475
https://doi.org/10.1016/j.corsci.2025.113290,0.0034602076124567475,0.5555555555555556,0.0034602076124567475,0.0,0.4935862145614341,0.0,0.3333333333333333,0.0,0.1111111111111111,5.041522491349481
https://doi.org/10.1016/j.corsci.2025.113323,0.006006006006006006,0.0,0.0,0.003003003003003003,0.5312260536146151,0.2222222222222222,0.05555555555555555,0.0,0.0,4.852852852852853
https://doi.org/10.1016/j.corsci.2025.113417,0.018072289156626505,0.3333333333333333,0.0,0.0,0.2757957383677011,0.0,0.16666666666666666,0.0,0.16666666666666666,5.981927710843373
https://doi.org/10.1016/j.corsci.2025.113444,0.015,0.1,0.015,0.0,0.2179449471770337,0.0,0.0,0.0,0.0,5.685
https://doi.org/10.1016/j.corsci.2025.113457,0.06666666666666667,0.2,0.1037037037037037,0.0,0.2741741559010629,0.0,0.0,0.0,0.2,6.533333333333333
https://doi.org/10.1016/j.corsci.2025.113588,0.008333333333333333,0.45454545454545453,0.09166666666666666,0.0,0.21303038385273695,0.0,0.0,0.0,0.0,4.958333333333333
https://doi.org/10.1016/j.corsci.2025.112933,0.009009009009009009,0.46153846153846156,0.042042042042042045,0.0,0.6340391227777799,0.0,0.15384615384615385,0.0,0.0,4.774774774774775
https://doi.org/10.1016/j.corsci.2025.113386,0.014492753623188406,0.09090909090909091,0.0,0.004830917874396135,0.39169182223428967,0.0,0.0,0.0,0.0,6.106280193236715
https://doi.org/10.1016/j.corsci.2025.112869,0.013114754098360656,0.6666666666666666,0.06229508196721312,0.0,0.4641631829002794,0.0,0.3333333333333333,0.0,0.0,3.822950819672131
https://doi.org/10.1016/j.corsci.2025.112948,0.02577319587628866,0.6,0.0,0.005154639175257732,0.36681333762179785,0.0,0.0,0.0,0.0,5.577319587628866
https://doi.org/10.1016/j.corsci.2025.112990,0.016891891891891893,0.5,0.0,0.0033783783783783786,0.5396952850734015,0.0,0.08333333333333333,0.0,0.0,5.594594594594595
https://doi.org/10.1016/j.corsci.2025.112829,0.03260869565217391,0.42857142857142855,0.06521739130434782,0.0,0.47937124067825976,0.0,0.14285714285714285,0.0,0.14285714285714285,5.478260869565218
https://doi.org/10.1016/j.corsci.2025.113175,0.011560693641618497,1.0,0.057803468208092484,0.0,0.20485601325629307,0.0,0.0,0.0,0.0,4.283236994219653
https://doi.org/10.1016/j.corsci.2025.113476,0.024390243902439025,0.6666666666666666,0.0,0.0,0.21609811154474817,0.0,0.0,0.0,0.0,5.432926829268292
https://doi.org/10.1016/j.corsci.2025.113521,0.0,0.7142857142857143,0.00625,0.00625,0.4263764475202635,0.14285714285714285,0.14285714285714285,0.0,0.0,5.3875
https://doi.org/10.1016/j.corsci.2025.113538,0.04329004329004329,0.16666666666666666,0.008658008658008658,0.0,0.33068039696047985,0.08333333333333333,0.0,0.0,0.0,5.463203463203463
https://doi.org/10.1016/j.corsci.2025.113554,0.014285714285714285,0.25,0.02857142857142857,0.0,0.23733211036908786,0.0,0.0,0.0,0.125,6.75
https://doi.org/10.1016/j.corsci.2025.113575,0.006289308176100629,0.21428571428571427,0.03459119496855346,0.0031446540880503146,0.5124532006927087,0.07142857142857142,0.14285714285714285,0.0,0.07142857142857142,5.468553459119497
https://doi.org/10.1016/j.corsci.2025.113577,0.023121387283236993,0.4,0.011560693641618497,0.0,0.4701664602927804,0.0,0.4,0.0,0.0,5.416184971098266
https://doi.org/10.3390/cmd6030038,0.006802721088435374,0.14285714285714285,0.027210884353741496,0.0,0.37495275590532434,0.0,0.0,0.0,0.14285714285714285,6.816326530612245
https://doi.org/10.3390/cmd6030041,0.02643171806167401,0.0,0.0,0.004405286343612335,0.29620432553329057,0.0,0.0,0.0,0.0,6.110132158590308
https://doi.org/10.3390/cmd6010006,0.012605042016806723,0.2,0.0,0.008403361344537815,0.35344102260190063,0.0,0.2,0.0,0.0,5.588235294117647
https://doi.org/10.3390/cmd6020018,0.0072992700729927005,0.0,0.0364963503649635,0.0,0.2865370281224894,0.0,0.16666666666666666,0.0,0.3333333333333333,6.751824817518248
https://doi.org/10.3390/cmd6020020,0.014598540145985401,0.5,0.021897810218978103,0.0072992700729927005,0.29532742079042207,0.0,0.0,0.0,0.16666666666666666,5.686131386861314
https://doi.org/10.3390/cmd6020014,0.004672897196261682,0.3333333333333333,0.014018691588785047,0.0,0.28714563543434046,0.0,0.0,0.0,0.0,5.803738317757009
https://doi.org/10.3390/cmd6030037,0.013333333333333334,0.0,0.0,0.0,0.1616580753730952,0.0,0.0,0.0,0.25,7.026666666666666
https://doi.org/10.3390/cmd6010009,0.0038022813688212928,0.3333333333333333,0.0,0.0,0.34218419875652506,0.0,0.08333333333333333,0.0,0.08333333333333333,6.281368821292776
https://doi.org/10.3390/cmd6020015,0.04522613065326633,0.375,0.0,0.005025125628140704,0.5239401395836385,0.0,0.125,0.0,0.0,6.080402010050252
https://doi.org/10.3390/cmd6020026,0.023148148148148147,0.3,0.08333333333333333,0.004629629629629629,0.2511974067824173,0.0,0.0,0.0,0.1,5.523148148148148
https://doi.org/10.3390/cmd6040046,0.023255813953488372,0.16666666666666666,0.046511627906976744,0.007751937984496124,0.5000450673758182,0.16666666666666666,0.16666666666666666,0.0,0.0,5.961240310077519
https://doi.org/10.3390/cmd6040051,0.009216589861751152,0.4,0.018433179723502304,0.0,0.2907611346423476,0.0,0.0,0.0,0.0,5.847926267281106
https://doi.org/10.3390/cmd6040056,0.015873015873015872,0.0,0.010582010582010581,0.0,0.25904320983901896,0.0,0.16666666666666666,0.0,0.0,6.35978835978836
https://doi.org/10.3390/cmd6010004,0.024752475247524754,0.2222222222222222,0.01485148514851485,0.0049504950495049506,0.4002254045823315,0.0,0.1111111111111111,0.0,0.1111111111111111,6.014851485148514
https://doi.org/10.3390/cmd6020021,0.006688963210702341,0.3333333333333333,0.006688963210702341,0.0,0.363965045053297,0.0,0.16666666666666666,0.0,0.25,5.565217391304348
https://doi.org/10.3390/cmd6030029,0.018018018018018018,0.36363636363636365,0.07207207207207207,0.0,0.31889855892662805,0.0,0.0,0.0,0.0,6.914414414414415
https://doi.org/10.3390/cmd6030039,0.01507537688442211,0.2222222222222222,0.010050251256281407,0.0,0.19002683820290486,0.0,0.0,0.0,0.1111111111111111,6.522613065326633
https://doi.org/10.3390/cmd6030044,0.005235602094240838,0.375,0.0,0.0,0.31022875323613713,0.0,0.0,0.0,0.0,5.827225130890052
https://doi.org/10.3390/cmd6040050,0.03355704697986577,0.6666666666666666,0.040268456375838924,0.006711409395973154,0.37445815394800863,0.0,0.16666666666666666,0.0,0.0,5.9865771812080535
https://doi.org/10.3390/cmd6040064,0.031914893617021274,0.375,0.031914893617021274,0.0,0.2251703243459226,0.0,0.0,0.0,0.25,6.617021276595745
https://doi.org/10.3390/cmd6030035,0.00796812749003984,0.5,0.00796812749003984,0.00398406374501992,0.37815040684198503,0.0,0.1,0.0,0.1,5.760956175298805
https://doi.org/10.3390/cmd6010005,0.005208333333333333,0.0,0.041666666666666664,0.010416666666666666,0.33071891388307384,0.0,0.3333333333333333,0.0,0.0,6.182291666666667
https://doi.org/10.3390/cmd6010013,0.00749063670411985,0.8571428571428571,0.06741573033707865,0.0,0.4072247976215952,0.0,0.5714285714285714,0.0,0.0,5.681647940074907
https://doi.org/10.3390/cmd6030027,0.008902077151335312,0.2777777777777778,0.0,0.002967359050445104,0.3004661677050381,0.0,0.0,0.0,0.05555555555555555,5.6083086053412465
https://doi.org/10.3390/cmd6030042,0.01507537688442211,0.45454545454545453,0.0,0.0,0.29949074222615757,0.0,0.0,0.0,0.0,5.989949748743719
https://doi.org/10.3390/cmd6040047,0.028368794326241134,0.16666666666666666,0.0425531914893617,0.0,0.3812015503652961,0.0,0.16666666666666666,0.0,0.16666666666666666,6.0638297872340425
https://doi.org/10.3390/cmd6030043,0.0047169811320754715,0.125,0.04245283018867924,0.0047169811320754715,0.3145911698213786,0.0,0.25,0.0,0.25,5.900943396226415
https://doi.org/10.3390/cmd6040049,0.030973451327433628,0.625,0.048672566371681415,0.004424778761061947,0.2824936230002189,0.0,0.25,0.0,0.25,6.172566371681416
https://doi.org/10.3390/cmd6040059,0.030120481927710843,1.0,0.04216867469879518,0.0,0.24662035530673154,0.0,0.0,0.0,0.14285714285714285,5.710843373493976
https://doi.org/10.3390/cmd6010007,0.024822695035460994,0.3333333333333333,0.08156028368794327,0.0035460992907801418,0.35961013713722606,0.0,0.08333333333333333,0.0,0.0,5.932624113475177
https://doi.org/10.3390/cmd6010011,0.0044444444444444444,0.1111111111111111,0.022222222222222223,0.0044444444444444444,0.22390474164995552,0.0,0.0,0.0,0.2222222222222222,5.622222222222222
https://doi.org/10.3390/cmd6020017,0.021621621621621623,0.25,0.0,0.0,0.32893124407830043,0.0,0.0,0.0,0.0,6.297297297297297
https://doi.org/10.3390/cmd6020019,0.02512562814070352,0.1,0.0,0.005025125628140704,0.4780212659482001,0.0,0.1,0.0,0.0,5.698492462311558
https://doi.org/10.3390/cmd6030028,0.02717391304347826,1.0,0.03804347826086957,0.0,0.1466384517742613,0.0,0.16666666666666666,0.0,0.16666666666666666,6.010869565217392
https://doi.org/10.3390/cmd6030034,0.03821656050955414,0.0,0.06369426751592357,0.0,0.3111254711291672,0.0,0.2,0.0,0.0,6.082802547770701
https://doi.org/10.3390/cmd6030040,0.004149377593360996,0.625,0.08298755186721991,0.004149377593360996,0.22783823922476923,0.0,0.25,0.0,0.25,6.219917012448133
https://doi.org/10.3390/cmd6040061,0.028169014084507043,0.3333333333333333,0.08450704225352113,0.0,0.2305733175175338,0.0,0.0,0.0,0.1111111111111111,6.084507042253521
https://doi.org/10.3390/cmd6040066,0.01834862385321101,0.0,0.03669724770642202,0.009174311926605505,0.2940077130084783,0.0,0.25,0.0,0.25,6.63302752293578
https://doi.org/10.3390/cmd7010004,0.03529411764705882,0.5,0.0,0.0058823529411764705,0.3161183257069271,0.0,0.3333333333333333,0.0,0.16666666666666666,7.2823529411764705
https://doi.org/10.3390/cmd6020025,0.034482758620689655,0.1111111111111111,0.022988505747126436,0.005747126436781609,0.23259892350400072,0.0,0.0,0.0,0.1111111111111111,5.942528735632184
https://doi.org/10.3390/cmd6020016,0.018292682926829267,1.0,0.0975609756097561,0.0,0.4408835971347614,0.0,0.3333333333333333,0.0,0.0,4.987804878048781
https://doi.org/10.3390/cmd6020023,0.027210884353741496,0.35714285714285715,0.08163265306122448,0.0,0.45031752825674465,0.0,0.07142857142857142,0.0,0.14285714285714285,5.72108843537415
https://doi.org/10.3390/cmd6030032,0.016853932584269662,0.0,0.0,0.0056179775280898875,0.2422905466612115,0.0,0.14285714285714285,0.0,0.2857142857142857,6.280898876404494
https://doi.org/10.3390/cmd6040063,0.026041666666666668,0.16666666666666666,0.0,0.010416666666666666,0.3237556305816678,0.0,0.16666666666666666,0.0,0.16666666666666666,5.375
https://doi.org/10.3390/cmd6040067,0.04017857142857143,0.25,0.05357142857142857,0.0,0.30146326814525237,0.0,0.125,0.0,0.125,6.973214285714286
https://doi.org/10.3390/cmd6010010,0.04054054054054054,0.0,0.033783783783783786,0.013513513513513514,0.33156335530771075,0.0,0.0,0.0,0.16666666666666666,5.472972972972973
https://doi.org/10.3390/cmd6010012,0.029556650246305417,0.2222222222222222,0.029556650246305417,0.0049261083743842365,0.5893239971916524,0.0,0.2222222222222222,0.0,0.1111111111111111,5.8817733990147785
https://doi.org/10.3390/cmd6030033,0.041666666666666664,0.0,0.0,0.0,0.08333333333333333,0.0,0.0,0.0,0.0,6.458333333333333
https://doi.org/10.3390/cmd6010003,0.027777777777777776,0.125,0.03888888888888889,0.005555555555555556,0.3250830852961732,0.0,0.125,0.0,0.25,5.438888888888889
https://doi.org/10.3390/cmd6010008,0.012875536480686695,0.0,0.017167381974248927,0.0,0.3828893893509175,0.0,0.25,0.0,0.0,5.510729613733906
https://doi.org/10.3390/cmd6020022,0.035211267605633804,0.4,0.035211267605633804,0.007042253521126761,0.2288461522432665,0.0,0.2,0.0,0.2,6.450704225352113
https://doi.org/10.3390/cmd6020024,0.005154639175257732,0.125,0.04639175257731959,0.0,0.3159083184751456,0.0,0.125,0.0,0.25,6.185567010309279
https://doi.org/10.3390/cmd6030030,0.023529411764705882,0.625,0.01764705882352941,0.0058823529411764705,0.34720834266761663,0.0,0.0,0.0,0.125,5.829411764705882
https://doi.org/10.3390/cmd6030031,0.007352941176470588,0.16666666666666666,0.014705882352941176,0.0,0.31471962586812785,0.0,0.0,0.0,0.16666666666666666,6.727941176470588
https://doi.org/10.3390/cmd6030036,0.014563106796116505,0.6666666666666666,0.024271844660194174,0.0048543689320388345,0.39425127192712534,0.0,0.1111111111111111,0.0,0.1111111111111111,5.432038834951456
https://doi.org/10.3390/cmd6030045,0.02072538860103627,0.0,0.0051813471502590676,0.0,0.2772868012489047,0.0,0.0,0.0,0.0,6.564766839378239
https://doi.org/10.3390/cmd6040048,0.014634146341463415,0.125,0.004878048780487805,0.00975609756097561,0.3701857340469107,0.0,0.125,0.0,0.125,5.146341463414634
https://doi.org/10.3390/cmd6040052,0.021875,0.7272727272727273,0.059375,0.003125,0.3766889051326041,0.0,0.2727272727272727,0.0,0.09090909090909091,5.7625
https://doi.org/10.3390/cmd6040053,0.05194805194805195,0.16666666666666666,0.025974025974025976,0.0,0.3178503441693615,0.0,0.0,0.0,0.0,6.2727272727272725
https://doi.org/10.3390/cmd6040054,0.02,0.3333333333333333,0.01,0.0,0.35227829907617075,0.0,0.0,0.0,0.2222222222222222,5.445
https://doi.org/10.3390/cmd6040055,0.022026431718061675,0.0,0.0,0.00881057268722467,0.3975267519107824,0.0,0.25,0.0,0.375,5.361233480176211
https://doi.org/10.3390/cmd6040057,0.014634146341463415,0.42857142857142855,0.04390243902439024,0.0,0.375704771004287,0.0,0.14285714285714285,0.0,0.0,6.146341463414634
https://doi.org/10.3390/cmd6040058,0.017964071856287425,0.0,0.059880239520958084,0.0,0.2304416934717827,0.0,0.16666666666666666,0.0,0.16666666666666666,7.119760479041916
https://doi.org/10.3390/cmd6040060,0.043478260869565216,0.5,0.036231884057971016,0.0,0.5655888782924017,0.25,0.0,0.0,0.0,6.079710144927536
https://doi.org/10.3390/cmd6040062,0.008547008547008548,0.0,0.021367521367521368,0.004273504273504274,0.2943448779097875,0.0,0.0,0.0,0.1,6.645299145299146
https://doi.org/10.3390/cmd6040065,0.022813688212927757,0.2222222222222222,0.019011406844106463,0.0076045627376425855,0.3164357151568545,0.0,0.2222222222222222,0.0,0.2222222222222222,5.619771863117871
https://doi.org/10.3390/cmd7010001,0.0091324200913242,0.1111111111111111,0.0410958904109589,0.0045662100456621,0.21485461837476882,0.0,0.0,0.0,0.1111111111111111,5.420091324200913
https://doi.org/10.3390/cmd7010002,0.033783783783783786,0.14285714285714285,0.013513513513513514,0.0,0.3710683842634049,0.0,0.0,0.0,0.14285714285714285,5.986486486486487
https://doi.org/10.3390/cmd7010003,0.02127659574468085,0.5454545454545454,0.05319148936170213,0.0035460992907801418,0.35450353013705493,0.0,0.09090909090909091,0.0,0.09090909090909091,5.5638297872340425
https://doi.org/10.1002/maco.202414606,0.04950495049504951,0.0,0.009900990099009901,0.0,0.22006050268210758,0.0,0.0,0.0,0.0,5.792079207920792
https://doi.org/10.1002/maco.202414745,0.054945054945054944,0.8,0.01098901098901099,0.005494505494505495,0.49894224548336225,0.0,0.6,0.0,0.0,5.3791208791208796
https://doi.org/10.1002/maco.12009,0.005847953216374269,0.0,0.005847953216374269,0.005847953216374269,0.19377826345942561,0.0,0.0,0.0,0.1111111111111111,6.456140350877193
https://doi.org/10.1002/maco.70045,0.03048780487804878,0.8333333333333334,0.09146341463414634,0.012195121951219513,0.18971157544029324,0.0,0.16666666666666666,0.0,0.0,6.2073170731707314
https://doi.org/10.1002/maco.70051,0.02702702702702703,0.7142857142857143,0.05405405405405406,0.0,0.2785882179471392,0.0,0.0,0.0,0.0,5.851351351351352
https://doi.org/10.1002/maco.202414781,0.007518796992481203,0.25,0.007518796992481203,0.0,0.9513878214569838,0.0,0.25,0.0,0.25,6.548872180451128
https://doi.org/10.1002/maco.202414742,0.03389830508474576,0.5,0.00847457627118644,0.0,0.2974564199115973,0.0,0.0,0.0,0.16666666666666666,6.1440677966101696
https://doi.org/10.1002/maco.70047,0.0189873417721519,0.75,0.08860759493670886,0.006329113924050633,0.16649299288564437,0.0,0.5,0.0,0.0,6.253164556962025
https://doi.org/10.1002/maco.202514816,0.03496503496503497,0.0,0.006993006993006993,0.006993006993006993,0.3509068332949476,0.14285714285714285,0.0,0.0,0.0,6.216783216783217
https://doi.org/10.1002/maco.202414728,0.015706806282722512,0.6,0.05235602094240838,0.0,0.2916939953336988,0.0,0.6,0.0,0.0,5.193717277486911
https://doi.org/10.1002/maco.12005,0.03896103896103896,0.5,0.032467532467532464,0.012987012987012988,0.45787279386504404,0.0,0.125,0.0,0.0,5.181818181818182
https://doi.org/10.1002/maco.12012,0.02127659574468085,0.0,0.0851063829787234,0.0,0.3984275717783869,0.14285714285714285,0.0,0.0,0.0,5.6879432624113475
https://doi.org/10.1002/maco.70035,0.005813953488372093,0.0,0.005813953488372093,0.005813953488372093,0.4783014837489101,0.0,0.125,0.0,0.0,5.622093023255814
https://doi.org/10.1002/maco.202414673,0.0189873417721519,0.14285714285714285,0.08227848101265822,0.0,0.34550238136597927,0.0,0.14285714285714285,0.0,0.0,6.037974683544304
https://doi.org/10.1002/maco.202514840,0.012658227848101266,0.6,0.08227848101265822,0.012658227848101266,0.2704539318888797,0.0,0.4,0.0,0.0,5.8544303797468356
https://doi.org/10.1002/maco.202414726,0.025974025974025976,0.6,0.05844155844155844,0.012987012987012988,0.13212331135958313,0.0,0.2,0.0,0.0,5.746753246753247
https://doi.org/10.1002/maco.202414776,0.007042253521126761,0.0,0.08450704225352113,0.007042253521126761,0.34814667871290916,0.0,0.0,0.0,0.125,6.147887323943662
https://doi.org/10.1002/maco.202414727,0.013043478260869565,0.75,0.10434782608695652,0.004347826086956522,0.37045927659375294,0.0,0.25,0.0,0.125,5.417391304347826
https://doi.org/10.1002/maco.202414671,0.034013605442176874,0.0,0.027210884353741496,0.0,0.3452674160666536,0.0,0.14285714285714285,0.0,0.0,6.700680272108843
https://doi.org/10.1002/maco.202514934,0.028985507246376812,0.2857142857142857,0.06521739130434782,0.0,0.37639330183247977,0.0,0.0,0.0,0.0,5.8768115942028984
https://doi.org/10.1002/maco.12003,0.021621621621621623,0.8,0.043243243243243246,0.0,0.11466596451673743,0.0,0.8,0.0,0.0,5.4324324324324325
https://doi.org/10.1002/maco.70036,0.05660377358490566,0.16666666666666666,0.03773584905660377,0.009433962264150943,0.43559986341944135,0.0,0.0,0.0,0.16666666666666666,5.943396226415095
https://doi.org/10.1002/maco.70062,0.033112582781456956,0.2857142857142857,0.046357615894039736,0.006622516556291391,0.24260475607965826,0.0,0.0,0.0,0.14285714285714285,6.781456953642384
https://doi.org/10.1002/maco.70084,0.046357615894039736,0.3333333333333333,0.019867549668874173,0.006622516556291391,0.22173071579845305,0.0,0.0,0.0,0.16666666666666666,5.768211920529802
https://doi.org/10.1002/maco.70029,0.05161290322580645,0.7142857142857143,0.03225806451612903,0.0,0.2746296342424873,0.0,0.0,0.0,0.0,5.864516129032258
https://doi.org/10.1002/maco.202414703,0.04242424242424243,0.7142857142857143,0.05454545454545454,0.0,0.33700457635049313,0.0,0.14285714285714285,0.0,0.14285714285714285,5.951515151515151
https://doi.org/10.1002/maco.202414746,0.022222222222222223,0.7142857142857143,0.007407407407407408,0.007407407407407408,0.27537230067320156,0.0,0.0,0.0,0.14285714285714285,5.451851851851852
https://doi.org/10.1002/maco.202414640,0.025906735751295335,0.5714285714285714,0.04145077720207254,0.0051813471502590676,0.2692306954770275,0.0,0.14285714285714285,0.0,0.0,5.082901554404145
https://doi.org/10.1002/maco.202414476,0.034482758620689655,0.375,0.034482758620689655,0.005747126436781609,0.405243737098947,0.0,0.125,0.0,0.0,5.827586206896552
https://doi.org/10.1002/maco.202414777,0.044444444444444446,0.7142857142857143,0.05555555555555555,0.0,0.28631330503833613,0.0,0.0,0.0,0.14285714285714285,5.0777777777777775
https://doi.org/10.1002/maco.202414736,0.016666666666666666,0.5,0.03333333333333333,0.025,0.6582805886043833,0.16666666666666666,0.16666666666666666,0.0,0.0,5.475
https://doi.org/10.1002/maco.70020,0.019867549668874173,0.7142857142857143,0.006622516556291391,0.006622516556291391,0.4283698444714233,0.0,0.14285714285714285,0.0,0.0,6.033112582781457
https://doi.org/10.1002/maco.202414715,0.027624309392265192,0.8571428571428571,0.016574585635359115,0.0,0.26987126501259256,0.0,0.14285714285714285,0.0,0.0,5.480662983425415
https://doi.org/10.1002/maco.202514809,0.007042253521126761,0.2,0.02112676056338028,0.0,0.4861705801153017,0.0,0.6,0.0,0.0,5.042253521126761
https://doi.org/10.1002/maco.202514914,0.010869565217391304,1.0,0.010869565217391304,0.005434782608695652,0.308205366929518,0.0,0.2857142857142857,0.0,0.0,4.929347826086956
https://doi.org/10.1002/maco.202414635,0.028735632183908046,0.4,0.05747126436781609,0.005747126436781609,0.42482111753049034,0.0,0.4,0.0,0.0,5.477011494252873
https://doi.org/10.1002/maco.12002,0.0547945205479452,0.0,0.0547945205479452,0.0,0.26063421356767735,0.0,0.0,0.0,0.14285714285714285,7.109589041095891
https://doi.org/10.1002/maco.70004,0.0,0.7142857142857143,0.030456852791878174,0.005076142131979695,0.3519783923524816,0.0,0.14285714285714285,0.0,0.14285714285714285,5.177664974619289
https://doi.org/10.1002/maco.70040,0.041666666666666664,0.6666666666666666,0.027777777777777776,0.0,0.24532669073132907,0.0,0.0,0.0,0.16666666666666666,5.8125
https://doi.org/10.1002/maco.70093,0.008368200836820083,0.1111111111111111,0.0502092050209205,0.0,0.23889711169238823,0.0,0.1111111111111111,0.0,0.0,6.920502092050209
https://doi.org/10.1002/maco.202414651,0.014354066985645933,0.625,0.019138755980861243,0.004784688995215311,0.34947887238899805,0.0,0.25,0.0,0.0,5.516746411483253
https://doi.org/10.1002/maco.202414758,0.02127659574468085,0.8,0.10638297872340426,0.0070921985815602835,0.7223605320006373,0.0,0.2,0.0,0.0,5.468085106382978
https://doi.org/10.1002/maco.202414733,0.031055900621118012,0.125,0.012422360248447204,0.0,0.2804676249658543,0.0,0.0,0.0,0.0,6.285714285714286
https://doi.org/10.1002/maco.202414761,0.044642857142857144,0.2,0.03571428571428571,0.0,0.3151671891914784,0.0,0.0,0.0,0.0,5.785714285714286
https://doi.org/10.1002/maco.202414732,0.03731343283582089,0.75,0.06716417910447761,0.0,0.25808382784762063,0.0,0.5,0.0,0.0,6.156716417910448
https://doi.org/10.1002/maco.202414718,0.05303030303030303,1.0,0.045454545454545456,0.0,0.4970066505108099,0.14285714285714285,0.0,0.0,0.0,5.356060606060606
https://doi.org/10.1002/maco.202414762,0.03508771929824561,0.6666666666666666,0.005847953216374269,0.0,0.14989480254943036,0.0,0.0,0.0,0.0,5.713450292397661
https://doi.org/10.1002/maco.202514881,0.017543859649122806,0.8,0.008771929824561403,0.008771929824561403,0.2901374633077408,0.0,0.0,0.0,0.0,5.780701754385965
https://doi.org/10.1002/maco.202414647,0.040268456375838924,0.5,0.013422818791946308,0.006711409395973154,0.34083124632468786,0.0,0.25,0.0,0.0,5.10738255033557
https://doi.org/10.1002/maco.12010,0.034482758620689655,0.2,0.008620689655172414,0.008620689655172414,0.3253096942088484,0.0,0.2,0.0,0.0,5.258620689655173
https://doi.org/10.1002/maco.12001,0.012345679012345678,0.0,0.024691358024691357,0.0,0.2713242095782211,0.0,0.0,0.0,0.0,6.716049382716049
https://doi.org/10.1002/maco.70003,0.03888888888888889,0.7142857142857143,0.03888888888888889,0.005555555555555556,0.18324913891634048,0.0,0.0,0.0,0.0,5.333333333333333
https://doi.org/10.1002/maco.70013,0.017142857142857144,0.2857142857142857,0.09142857142857143,0.011428571428571429,0.3367067397178568,0.0,0.14285714285714285,0.0,0.0,5.674285714285714
https://doi.org/10.1002/maco.70012,0.0189873417721519,0.3333333333333333,0.006329113924050633,0.006329113924050633,0.3699149163595559,0.0,0.3333333333333333,0.0,0.16666666666666666,5.974683544303797
https://doi.org/10.1002/maco.70022,0.03333333333333333,0.2857142857142857,0.12666666666666668,0.006666666666666667,0.29393876913398137,0.0,0.0,0.0,0.14285714285714285,6.286666666666667
https://doi.org/10.1002/maco.70024,0.006493506493506494,0.14285714285714285,0.006493506493506494,0.0,0.21731429260625337,0.0,0.0,0.0,0.0,6.422077922077922
https://doi.org/10.1002/maco.70030,0.013071895424836602,0.14285714285714285,0.05228758169934641,0.006535947712418301,0.27169424432452977,0.0,0.0,0.0,0.0,6.254901960784314
https://doi.org/10.1002/maco.70046,0.02,0.3333333333333333,0.02,0.0,0.3257811126098831,0.0,0.16666666666666666,0.0,0.16666666666666666,6.053333333333334
https://doi.org/10.1002/maco.70049,0.02531645569620253,0.2857142857142857,0.02531645569620253,0.006329113924050633,0.40456852694928824,0.0,0.14285714285714285,0.0,0.14285714285714285,5.1835443037974684
https://doi.org/10.1002/maco.70057,0.008130081300813009,0.1111111111111111,0.012195121951219513,0.0040650406504065045,0.4018843183727825,0.0,0.3333333333333333,0.0,0.0,5.532520325203252
https://doi.org/10.1002/maco.70055,0.03870967741935484,0.6666666666666666,0.07096774193548387,0.0,0.512284065318847,0.0,0.16666666666666666,0.0,0.0,6.367741935483871
https://doi.org/10.1002/maco.70061,0.03546099290780142,0.16666666666666666,0.028368794326241134,0.0,0.3339363792054909,0.0,0.16666666666666666,0.0,0.16666666666666666,6.581560283687943
https://doi.org/10.1002/maco.70070,0.02962962962962963,0.16666666666666666,0.007407407407407408,0.0,0.4135562919172699,0.0,0.16666666666666666,0.0,0.16666666666666666,6.859259259259259
https://doi.org/10.1002/maco.12006,0.02247191011235955,0.375,0.07303370786516854,0.011235955056179775,0.39740986929949196,0.0,0.0,0.0,0.0,5.393258426966292
https://doi.org/10.1002/maco.202414759,0.015267175572519083,0.2857142857142857,0.007633587786259542,0.007633587786259542,0.16584397696488878,0.0,0.0,0.0,0.0,4.816793893129771
https://doi.org/10.1002/maco.70021,0.03355704697986577,0.42857142857142855,0.06711409395973154,0.006711409395973154,0.3153648355562612,0.0,0.0,0.0,0.2857142857142857,5.644295302013423
https://doi.org/10.1002/maco.70079,0.02824858757062147,0.3333333333333333,0.05084745762711865,0.0,0.4108785951542759,0.0,0.3333333333333333,0.0,0.0,5.68361581920904
https://doi.org/10.1002/maco.70102,0.04678362573099415,0.7142857142857143,0.011695906432748537,0.0,0.1867686482183779,0.0,0.0,0.0,0.14285714285714285,5.081871345029239
https://doi.org/10.1002/maco.202414608,0.013245033112582781,0.16666666666666666,0.006622516556291391,0.006622516556291391,0.07751456894516308,0.0,0.0,0.0,0.0,5.602649006622516
https://doi.org/10.1002/maco.70033,0.024390243902439025,0.3333333333333333,0.012195121951219513,0.0,0.16587159156994444,0.0,0.0,0.0,0.0,6.0060975609756095
https://doi.org/10.1002/maco.70032,0.00684931506849315,0.5714285714285714,0.02054794520547945,0.0,0.4047475808957303,0.0,0.0,0.0,0.0,6.445205479452055
https://doi.org/10.1002/maco.202414520,0.056179775280898875,0.5,0.033707865168539325,0.0056179775280898875,0.4037133533308243,0.0,0.0,0.0,0.0,5.606741573033708
https://doi.org/10.1002/maco.202414735,0.006369426751592357,0.5,0.05732484076433121,0.01910828025477707,0.20530906320109807,0.0,0.0,0.0,0.125,5.54140127388535
https://doi.org/10.1002/maco.202414748,0.022727272727272728,0.5,0.03787878787878788,0.015151515151515152,0.3288262790031925,0.0,0.0,0.0,0.16666666666666666,5.893939393939394
https://doi.org/10.1002/maco.202414628,0.049079754601226995,0.6,0.03680981595092025,0.0,0.1559296322348323,0.0,0.6,0.0,0.2,5.515337423312883
https://doi.org/10.1002/maco.202414711,0.00819672131147541,0.2,0.00819672131147541,0.00819672131147541,0.22833423405219871,0.0,0.0,0.0,0.2,5.942622950819672
https://doi.org/10.1002/maco.202414667,0.011764705882352941,0.5555555555555556,0.0058823529411764705,0.0,0.5971095313152716,0.2222222222222222,0.2222222222222222,0.0,0.1111111111111111,5.117647058823529
https://doi.org/10.1002/maco.202514825,0.008547008547008548,0.5,0.008547008547008548,0.0,0.1866694843405261,0.0,0.0,0.0,0.0,5.52991452991453
https://doi.org/10.1002/maco.12008,0.02564102564102564,0.0,0.038461538461538464,0.0,0.1472964781163597,0.0,0.0,0.0,0.0,6.583333333333333
https://doi.org/10.1002/maco.70053,0.04195804195804196,0.8,0.03496503496503497,0.0,0.20932349016917154,0.0,0.2,0.0,0.0,6.230769230769231
https://doi.org/10.1002/maco.70060,0.03636363636363636,0.0,0.006060606060606061,0.006060606060606061,0.34957668221623606,0.0,0.0,0.0,0.125,6.242424242424242
https://doi.org/10.1002/maco.70005,0.03592814371257485,0.5714285714285714,0.0718562874251497,0.005988023952095809,0.2311408271331591,0.0,0.0,0.0,0.2857142857142857,5.844311377245509
https://doi.org/10.1002/maco.202570011,0.028037383177570093,0.2,0.009345794392523364,0.0,0.44488337328642635,0.0,0.2,0.0,0.0,6.08411214953271
https://doi.org/10.1002/maco.202414679,0.020689655172413793,0.16666666666666666,0.041379310344827586,0.0,0.2861030139681591,0.0,0.0,0.0,0.0,6.558620689655172
https://doi.org/10.1002/maco.202414766,0.011428571428571429,0.8,0.005714285714285714,0.005714285714285714,0.26310547275934487,0.0,0.6,0.0,0.0,4.954285714285715
https://doi.org/10.1002/maco.202414782,0.041666666666666664,0.4,0.011904761904761904,0.0,0.4203072248549935,0.0,0.4,0.0,0.0,4.875
https://doi.org/10.1002/maco.202570021,0.025,0.6666666666666666,0.05,0.0,0.3522250700901343,0.0,0.3333333333333333,0.0,0.0,5.5125
https://doi.org/10.1002/maco.202514812,0.02142857142857143,0.4,0.014285714285714285,0.0,0.374574588632197,0.0,0.2,0.0,0.0,5.664285714285715
https://doi.org/10.1002/maco.202570031,0.05405405405405406,1.0,0.02702702702702703,0.0,0.32432432432432434,0.0,0.5,0.0,0.0,6.013513513513513
https://doi.org/10.1002/maco.202414538,0.009523809523809525,0.8333333333333334,0.014285714285714285,0.004761904761904762,0.32576440717118227,0.0,0.8333333333333334,0.0,0.0,4.8238095238095235
https://doi.org/10.1002/maco.202414754,0.03546099290780142,0.14285714285714285,0.02127659574468085,0.0,0.292418838696288,0.0,0.0,0.0,0.14285714285714285,5.74468085106383
https://doi.org/10.1002/maco.202514864,0.005555555555555556,0.3333333333333333,0.016666666666666666,0.0,0.5249338582674541,0.0,0.08333333333333333,0.0,0.0,5.7
https://doi.org/10.1002/maco.202514828,0.03968253968253968,0.8333333333333334,0.007936507936507936,0.007936507936507936,0.21472617870585212,0.0,0.0,0.0,0.16666666666666666,5.0396825396825395
https://doi.org/10.1002/maco.202570041,0.05194805194805195,0.3333333333333333,0.0,0.0,0.3977504631458066,0.0,0.3333333333333333,0.0,0.0,5.35064935064935
https://doi.org/10.1002/maco.202414696,0.01744186046511628,0.375,0.03488372093023256,0.005813953488372093,0.31716701620897336,0.0,0.125,0.0,0.125,5.674418604651163
https://doi.org/10.1002/maco.202570051,0.046511627906976744,0.25,0.023255813953488372,0.0,0.6373111444671963,0.0,0.125,0.0,0.0,5.0813953488372094
https://doi.org/10.1002/maco.12007,0.010810810810810811,0.5555555555555556,0.02702702702702703,0.0,0.4272664398998811,0.0,0.1111111111111111,0.0,0.0,5.308108108108108
https://doi.org/10.1002/maco.12011,0.022727272727272728,0.14285714285714285,0.07575757575757576,0.0,0.1484539238050411,0.0,0.0,0.0,0.14285714285714285,6.090909090909091
https://doi.org/10.1002/maco.12004,0.04081632653061224,0.0,0.013605442176870748,0.0,0.3089813591612453,0.0,0.0,0.0,0.125,5.925170068027211
https://doi.org/10.1002/maco.202570061,0.0,0.0,0.0,0.0,0.6571428571428571,0.5,0.0,0.0,0.0,5.914285714285715
https://doi.org/10.1002/maco.70002,0.030120481927710843,0.6,0.10843373493975904,0.006024096385542169,0.5301204819277109,0.1,0.1,0.0,0.1,6.036144578313253
https://doi.org/10.1002/maco.70007,0.015957446808510637,0.6,0.12234042553191489,0.0,0.3233762585866099,0.0,0.0,0.0,0.1,5.175531914893617
https://doi.org/10.1002/maco.70008,0.02830188679245283,0.0,0.018867924528301886,0.0,0.26279977881479466,0.0,0.0,0.0,0.16666666666666666,6.764150943396227
https://doi.org/10.1002/maco.70006,0.013605442176870748,0.5,0.034013605442176874,0.006802721088435374,0.37017055402483784,0.0,0.16666666666666666,0.0,0.16666666666666666,6.074829931972789
https://doi.org/10.1002/maco.70000,0.039473684210526314,0.5,0.10526315789473684,0.0,0.15789473684210525,0.0,0.5,0.0,0.0,5.894736842105263
https://doi.org/10.1002/maco.70023,0.024844720496894408,0.0,0.006211180124223602,0.006211180124223602,0.32866475913845844,0.0,0.0,0.0,0.14285714285714285,6.341614906832298
https://doi.org/10.1002/maco.70019,0.032467532467532464,0.2857142857142857,0.03896103896103896,0.0,0.2380558802574462,0.0,0.0,0.0,0.0,5.292207792207792
https://doi.org/10.1002/maco.70014,0.024096385542168676,0.375,0.0,0.0,0.9577366021208289,0.5,0.0,0.0,0.0,4.975903614457831
https://doi.org/10.1002/maco.70017,0.0392156862745098,1.0,0.00980392156862745,0.0,0.4979774548705998,0.0,0.25,0.0,0.0,5.53921568627451
https://doi.org/10.1002/maco.70031,0.0364963503649635,0.7142857142857143,0.0072992700729927005,0.0,0.34096264858763975,0.0,0.0,0.0,0.2857142857142857,6.291970802919708
https://doi.org/10.1002/maco.70038,0.041666666666666664,0.5,0.0625,0.013888888888888888,0.2178387102966406,0.0,0.5,0.0,0.0,5.534722222222222
https://doi.org/10.1002/maco.70034,0.03208556149732621,0.6,0.11764705882352941,0.0,0.24859121495549646,0.0,0.0,0.0,0.1,5.315508021390374
https://doi.org/10.1002/maco.70027,0.027777777777777776,1.0,0.0,0.0,0.0,0.0,1.0,0.0,0.0,5.0
https://doi.org/10.1002/maco.70039,0.03205128205128205,1.0,0.00641025641025641,0.01282051282051282,0.19861453057473932,0.0,0.0,0.0,0.0,5.17948717948718
https://doi.org/10.1002/maco.70037,0.03205128205128205,0.16666666666666666,0.07051282051282051,0.00641025641025641,0.408248290463863,0.0,0.16666666666666666,0.0,0.16666666666666666,5.519230769230769
https://doi.org/10.1002/maco.70050,0.02459016393442623,0.16666666666666666,0.01639344262295082,0.0,0.18547063113089773,0.0,0.0,0.0,0.16666666666666666,6.590163934426229
https://doi.org/10.1002/maco.70041,0.023529411764705882,0.75,0.011764705882352941,0.0,0.7124206991624792,0.0,0.25,0.0,0.0,5.2
https://doi.org/10.1002/maco.70048,0.017045454545454544,0.75,0.045454545454545456,0.0,0.3975649019212705,0.0,0.125,0.0,0.0,5.204545454545454
https://doi.org/10.1002/maco.70054,0.00966183574879227,0.75,0.03864734299516908,0.00966183574879227,0.22069417933334146,0.0,0.125,0.0,0.0,4.5893719806763285
https://doi.org/10.1002/maco.70059,0.00847457627118644,0.14285714285714285,0.03389830508474576,0.0,0.3744190175317715,0.0,0.0,0.0,0.2857142857142857,6.508474576271187
https://doi.org/10.1002/maco.70056,0.0297029702970297,0.4,0.04950495049504951,0.0,0.42285458423886385,0.2,0.0,0.0,0.0,6.267326732673268
https://doi.org/10.1002/maco.70067,0.041176470588235294,0.2,0.0058823529411764705,0.0,0.41092351050759957,0.0,0.6,0.0,0.0,5.8882352941176475
https://doi.org/10.1002/maco.70068,0.0449438202247191,0.0,0.056179775280898875,0.0,0.3322690580364325,0.0,0.0,0.0,0.0,5.921348314606742
https://doi.org/10.1002/maco.70063,0.010526315789473684,0.25,0.0,0.0,0.3998614718573174,0.0,0.25,0.0,0.0,6.473684210526316
https://doi.org/10.1002/maco.70071,0.027972027972027972,0.0,0.07692307692307693,0.0,0.16489267304267965,0.0,0.0,0.0,0.0,6.27972027972028
https://doi.org/10.1002/maco.70072,0.005649717514124294,0.16666666666666666,0.011299435028248588,0.005649717514124294,0.2907821295470683,0.0,0.3333333333333333,0.0,0.16666666666666666,5.666666666666667
https://doi.org/10.1002/maco.70069,0.020134228187919462,0.6666666666666666,0.006711409395973154,0.0,0.37010243433455664,0.0,0.16666666666666666,0.0,0.16666666666666666,6.046979865771812
https://doi.org/10.1002/maco.70081,0.012269938650306749,0.2857142857142857,0.06134969325153374,0.018404907975460124,0.2827415612712371,0.0,0.0,0.0,0.0,5.877300613496932
https://doi.org/10.1002/maco.70080,0.0392156862745098,0.0,0.06862745098039216,0.0,0.23610969762337836,0.0,0.0,0.0,0.0,6.705882352941177
https://doi.org/10.1002/maco.70083,0.015503875968992248,0.4,0.007751937984496124,0.015503875968992248,0.40681059731478836,0.0,0.2,0.0,0.2,6.170542635658915
https://doi.org/10.1002/maco.70074,0.03875968992248062,0.7142857142857143,0.06201550387596899,0.0,0.37802125086004995,0.0,0.0,0.0,0.0,4.852713178294573
https://doi.org/10.1002/maco.70085,0.02617801047120419,0.5714285714285714,0.031413612565445025,0.010471204188481676,0.23647308462065375,0.0,0.14285714285714285,0.0,0.14285714285714285,5.0785340314136125
https://doi.org/10.1002/maco.70086,0.018404907975460124,0.5714285714285714,0.024539877300613498,0.0,0.21983402291004808,0.0,0.0,0.0,0.0,5.957055214723926
https://doi.org/10.1002/maco.70087,0.04195804195804196,0.2857142857142857,0.055944055944055944,0.0,0.3817438899008722,0.0,0.0,0.0,0.0,6.580419580419581
https://doi.org/10.1002/maco.70089,0.032679738562091505,0.5,0.032679738562091505,0.0,0.3991211670790072,0.0,0.16666666666666666,0.0,0.0,6.326797385620915
https://doi.org/10.1002/maco.70092,0.05263157894736842,0.5,0.006578947368421052,0.006578947368421052,0.33546181010478854,0.0,0.16666666666666666,0.0,0.0,6.7105263157894735
https://doi.org/10.1002/maco.70091,0.0392156862745098,0.5,0.026143790849673203,0.0,0.571325579777783,0.0,0.16666666666666666,0.0,0.0,6.183006535947713
https://doi.org/10.1002/maco.70088,0.05555555555555555,0.375,0.013888888888888888,0.006944444444444444,0.22047927592204922,0.0,0.0,0.0,0.125,5.652777777777778
https://doi.org/10.1002/maco.70098,0.022058823529411766,0.0,0.03676470588235294,0.0,0.15838720020983835,0.0,0.0,0.0,0.0,6.132352941176471
https://doi.org/10.1002/maco.70073,0.013888888888888888,1.0,0.046296296296296294,0.009259259259259259,0.3712951417733967,0.0,0.42857142857142855,0.0,0.14285714285714285,4.564814814814815
https://doi.org/10.1002/maco.70100,0.031578947368421054,0.8,0.02631578947368421,0.0,0.3157894736842105,0.0,0.0,0.0,0.0,5.1947368421052635
https://doi.org/10.1002/maco.70103,0.015151515151515152,0.8,0.007575757575757576,0.007575757575757576,0.29979331723347546,0.0,0.0,0.0,0.0,4.992424242424242
https://doi.org/10.1002/maco.70090,0.04081632653061224,0.6,0.006802721088435374,0.006802721088435374,0.33471876462972916,0.0,0.0,0.0,0.2,6.074829931972789
https://doi.org/10.1002/maco.70077,0.031914893617021274,0.6666666666666666,0.0,0.0,0.46638957908048884,0.0,0.3333333333333333,0.0,0.0,5.4787234042553195
https://doi.org/10.1002/maco.70082,0.013605442176870748,0.0,0.034013605442176874,0.0,0.3595159254890833,0.0,0.16666666666666666,0.0,0.0,7.061224489795919
https://doi.org/10.1002/maco.70099,0.02127659574468085,0.3333333333333333,0.1276595744680851,0.005319148936170213,0.5249544592117161,0.0,0.16666666666666666,0.0,0.0,5.648936170212766
https://doi.org/10.1002/maco.70104,0.0425531914893617,0.42857142857142855,0.10638297872340426,0.0,0.2838651928537518,0.0,0.0,0.0,0.14285714285714285,5.943262411347518
https://doi.org/10.1002/maco.70101,0.012048192771084338,0.2857142857142857,0.07228915662650602,0.0,0.32092097835824585,0.0,0.0,0.0,0.0,5.662650602409639
https://doi.org/10.1108/acmm-10-2024-3117,0.02247191011235955,0.5,0.0,0.0056179775280898875,0.20005049230072872,0.0,0.16666666666666666,0.0,0.0,6.443820224719101
https://doi.org/10.1108/acmm-09-2025-3381,0.013245033112582781,0.5714285714285714,0.039735099337748346,0.006622516556291391,0.42549346766116586,0.0,0.0,0.0,0.0,6.543046357615894
https://doi.org/10.1108/acmm-10-2025-3414,0.019417475728155338,0.7142857142857143,0.024271844660194174,0.0048543689320388345,0.454758773927393,0.0,0.2857142857142857,0.0,0.14285714285714285,5.543689320388349
https://doi.org/10.1108/acmm-09-2025-3404,0.008547008547008548,0.4444444444444444,0.0811965811965812,0.004273504273504274,0.2767568351913193,0.0,0.1111111111111111,0.0,0.0,6.495726495726496
https://doi.org/10.1108/acmm-02-2025-3184,0.01639344262295082,0.6,0.0,0.00819672131147541,0.20833221355965303,0.0,0.0,0.0,0.0,6.549180327868853
https://doi.org/10.1108/acmm-08-2025-3365,0.04411764705882353,0.14285714285714285,0.0,0.007352941176470588,0.3037040651185792,0.0,0.0,0.0,0.14285714285714285,7.014705882352941
https://doi.org/10.1108/acmm-02-2025-3185,0.017777777777777778,0.2,0.017777777777777778,0.0044444444444444444,0.3321460336272601,0.0,0.1,0.0,0.1,6.075555555555556
https://doi.org/10.1108/acmm-04-2025-3244,0.009523809523809525,0.7777777777777778,0.009523809523809525,0.009523809523809525,0.3493434074467852,0.0,0.1111111111111111,0.0,0.0,5.447619047619048
https://doi.org/10.1108/acmm-09-2025-3400,0.03424657534246575,0.0,0.017123287671232876,0.003424657534246575,0.3235893646854169,0.0,0.0,0.0,0.0,6.72945205479452
https://doi.org/10.1108/acmm-08-2025-3351,0.02040816326530612,0.3,0.024489795918367346,0.004081632653061225,0.3178698362846945,0.0,0.0,0.0,0.0,5.583673469387755
https://doi.org/10.1108/acmm-07-2025-3330,0.011695906432748537,0.4,0.04093567251461988,0.005847953216374269,0.2206779212176983,0.0,0.4,0.0,0.0,6.47953216374269
https://doi.org/10.1108/acmm-07-2025-3325,0.011857707509881422,0.45454545454545453,0.0,0.0,0.4541156242322552,0.09090909090909091,0.09090909090909091,0.0,0.0,6.106719367588933
https://doi.org/10.1108/acmm-09-2025-3391,0.03211009174311927,0.5,0.01834862385321101,0.009174311926605505,0.2114076811339984,0.0,0.125,0.0,0.125,6.6192660550458715
https://doi.org/10.1108/acmm-10-2025-3430,0.025,0.0,0.0,0.00625,0.2262120133856732,0.0,0.0,0.0,0.0,7.61875
https://doi.org/10.1108/acmm-12-2024-3138,0.027777777777777776,0.75,0.041666666666666664,0.013888888888888888,0.4061428185085428,0.0,0.25,0.0,0.0,5.671296296296297
https://doi.org/10.1108/acmm-10-2025-3445,0.02459016393442623,0.25,0.04918032786885246,0.00819672131147541,0.48575516032882143,0.0,0.25,0.0,0.125,6.413934426229508
https://doi.org/10.1108/acmm-10-2025-3432,0.03816793893129771,0.3333333333333333,0.0,0.007633587786259542,0.27502112266644,0.0,0.2222222222222222,0.0,0.0,6.419847328244275
https://doi.org/10.1108/acmm-09-2025-3406,0.023668639053254437,0.625,0.0,0.005917159763313609,0.28641742746227095,0.0,0.0,0.0,0.0,6.118343195266272
https://doi.org/10.1108/acmm-08-2025-3346,0.005988023952095809,0.14285714285714285,0.11377245508982035,0.011976047904191617,0.2984415759132243,0.0,0.0,0.0,0.0,6.251497005988024
https://doi.org/10.1108/acmm-09-2025-3394,0.029411764705882353,0.4444444444444444,0.09803921568627451,0.004901960784313725,0.35109812900921533,0.0,0.1111111111111111,0.0,0.0,6.53921568627451
https://doi.org/10.1108/acmm-10-2025-3443,0.012048192771084338,0.6,0.0,0.004016064257028112,0.3548937608050663,0.0,0.2,0.0,0.0,7.052208835341365
https://doi.org/10.1108/acmm-08-2025-3363,0.023696682464454975,0.3,0.07109004739336493,0.004739336492890996,0.3000789785455304,0.0,0.1,0.0,0.0,6.696682464454977
https://doi.org/10.1108/acmm-10-2025-3450,0.021551724137931036,0.6363636363636364,0.021551724137931036,0.004310344827586207,0.2848091127014102,0.0,0.0,0.0,0.09090909090909091,6.155172413793103
https://doi.org/10.1108/acmm-08-2023-2875,0.02631578947368421,0.5,0.03508771929824561,0.008771929824561403,0.4459040360399591,0.0,0.1,0.0,0.0,5.337719298245614
https://doi.org/10.1108/acmm-03-2025-3222,0.011538461538461539,0.45454545454545453,0.046153846153846156,0.011538461538461539,0.20511217886112895,0.0,0.0,0.0,0.0,6.061538461538461
https://doi.org/10.1108/acmm-08-2025-3366,0.021164021164021163,0.6,0.0,0.005291005291005291,0.2618379477599709,0.0,0.0,0.0,0.1,6.767195767195767
https://doi.org/10.1108/acmm-06-2025-3284,0.013020833333333334,0.5,0.013020833333333334,0.0026041666666666665,0.3899647197361434,0.05,0.0,0.0,0.0,7.307291666666667
https://doi.org/10.1108/acmm-09-2025-3397,0.024793388429752067,0.5454545454545454,0.05785123966942149,0.0,0.28353250906460237,0.0,0.0,0.0,0.09090909090909091,7.223140495867769
https://doi.org/10.1108/acmm-08-2025-3367,0.012448132780082987,0.2727272727272727,0.016597510373443983,0.004149377593360996,0.26071830825568476,0.0,0.0,0.0,0.0,7.024896265560166
https://doi.org/10.1108/acmm-01-2026-3511,0.008928571428571428,0.5,0.0,0.004464285714285714,0.3051429909041975,0.0,0.125,0.0,0.125,6.0
https://doi.org/10.1108/acmm-11-2025-3451,0.01092896174863388,0.3333333333333333,0.03278688524590164,0.00546448087431694,0.38083158653608584,0.0,0.3333333333333333,0.0,0.16666666666666666,6.666666666666667
https://doi.org/10.1108/acmm-09-2025-3396,0.009900990099009901,0.625,0.0,0.0049504950495049506,0.337651344653068,0.0,0.25,0.0,0.0,6.227722772277228
https://doi.org/10.1108/acmm-01-2026-3508,0.022900763358778626,0.8,0.022900763358778626,0.015267175572519083,0.268155237713745,0.0,0.2,0.0,0.0,6.419847328244275
https://doi.org/10.1108/acmm-10-2025-3419,0.026737967914438502,0.5714285714285714,0.12299465240641712,0.0053475935828877,0.2659856709186286,0.0,0.14285714285714285,0.0,0.0,5.331550802139038
https://doi.org/10.1108/acmm-11-2025-3470,0.005952380952380952,0.3333333333333333,0.05357142857142857,0.005952380952380952,0.30409618510582853,0.0,0.0,0.0,0.0,6.589285714285714
https://doi.org/10.1108/acmm-01-2026-3523,0.02857142857142857,0.0,0.09714285714285714,0.005714285714285714,0.3849410238422695,0.0,0.0,0.0,0.0,5.9314285714285715
https://doi.org/10.1108/acmm-12-2025-3482,0.017241379310344827,0.0625,0.028735632183908046,0.0028735632183908046,0.2999537551885032,0.0,0.0,0.0,0.0,7.002873563218391
https://doi.org/10.1108/acmm-07-2025-3316,0.012987012987012988,0.2222222222222222,0.0,0.004329004329004329,0.2564729565991104,0.0,0.1111111111111111,0.0,0.1111111111111111,5.670995670995671
https://doi.org/10.1108/acmm-01-2026-3512,0.015789473684210527,0.2222222222222222,0.04736842105263158,0.005263157894736842,0.3462501937557585,0.0,0.0,0.0,0.1111111111111111,7.4526315789473685
https://doi.org/10.1108/acmm-01-2026-3514,0.01904761904761905,0.25,0.0,0.004761904761904762,0.29554515522253144,0.0,0.25,0.0,0.125,7.395238095238096
https://doi.org/10.1108/acmm-08-2025-3371,0.0196078431372549,0.18181818181818182,0.07058823529411765,0.00784313725490196,0.34106376321817883,0.0,0.09090909090909091,0.0,0.0,6.392156862745098
https://doi.org/10.1108/acmm-10-2025-3429,0.0,0.0,0.04046242774566474,0.011560693641618497,0.21597158025744975,0.0,0.0,0.0,0.0,5.91907514450867
https://doi.org/10.1108/acmm-01-2026-3513,0.004424778761061947,0.3,0.017699115044247787,0.004424778761061947,0.4268019664349555,0.0,0.2,0.0,0.0,6.601769911504425
https://doi.org/10.1108/acmm-01-2026-3504,0.03205128205128205,0.42857142857142855,0.019230769230769232,0.00641025641025641,0.2512297172085311,0.0,0.0,0.0,0.14285714285714285,6.397435897435898
https://doi.org/10.1108/acmm-10-2025-3434,0.032432432432432434,0.42857142857142855,0.0,0.0,0.1761531971545981,0.0,0.0,0.0,0.0,6.816216216216216
https://doi.org/10.1108/acmm-01-2026-3530,0.025,0.8571428571428571,0.025,0.00625,0.27613402542968146,0.0,0.0,0.0,0.0,5.975
https://doi.org/10.1108/acmm-03-2026-3575,0.04065040650406504,0.7142857142857143,0.0,0.0040650406504065045,0.2993813437320645,0.0,0.42857142857142855,0.0,0.0,6.67479674796748
https://doi.org/10.1108/acmm-03-2026-3548,0.041666666666666664,0.75,0.06770833333333333,0.005208333333333333,0.4249182927993987,0.0,0.25,0.0,0.0,6.5
https://doi.org/10.1108/acmm-11-2025-3460,0.022321428571428572,0.125,0.022321428571428572,0.008928571428571428,0.4837934708622881,0.0,0.125,0.0,0.0,5.96875
https://doi.org/10.1108/acmm-03-2026-3584,0.030612244897959183,0.625,0.0,0.00510204081632653,0.22998831978744172,0.0,0.125,0.0,0.125,6.928571428571429
https://doi.org/10.1108/acmm-11-2025-3454,0.02702702702702703,0.5,0.0472972972972973,0.006756756756756757,0.47200673504251295,0.0,0.16666666666666666,0.0,0.0,6.783783783783784
https://doi.org/10.1108/acmm-02-2026-3535,0.02654867256637168,0.0,0.03982300884955752,0.008849557522123894,0.2705997318835514,0.0,0.125,0.0,0.125,6.8628318584070795
https://doi.org/10.1108/acmm-03-2026-3557,0.02280130293159609,0.5,0.0,0.003257328990228013,0.36865424350843606,0.0,0.07142857142857142,0.0,0.0,6.609120521172638
https://doi.org/10.1108/acmm-01-2026-3527,0.029411764705882353,0.5,0.029411764705882353,0.007352941176470588,0.23712522789113383,0.0,0.0,0.0,0.0,7.110294117647059
https://doi.org/10.1108/acmm-09-2025-3408,0.019230769230769232,0.5,0.019230769230769232,0.009615384615384616,0.20351933162035313,0.0,0.125,0.0,0.125,5.423076923076923
https://doi.org/10.1108/acmm-04-2026-3604,0.025,0.3333333333333333,0.00625,0.00625,0.3948892249732828,0.0,0.0,0.0,0.1111111111111111,6.85
https://doi.org/10.1108/acmm-01-2026-3529,0.03954802259887006,0.5,0.011299435028248588,0.005649717514124294,0.3405331788908393,0.0,0.3333333333333333,0.0,0.0,6.570621468926554
https://doi.org/10.1108/acmm-04-2026-3601,0.024734982332155476,0.4,0.04946996466431095,0.0035335689045936395,0.43965606623763903,0.0,0.3,0.0,0.0,6.303886925795053
https://doi.org/10.1108/acmm-12-2025-3487,0.010256410256410256,0.5,0.07179487179487179,0.005128205128205128,0.22523273083074616,0.0,0.5,0.0,0.0,6.158974358974359
https://doi.org/10.1108/acmm-03-2026-3564,0.018404907975460124,0.6,0.05521472392638037,0.003067484662576687,0.24662271462873347,0.0,0.0,0.0,0.06666666666666667,6.9079754601226995
https://doi.org/10.1108/acmm-12-2025-3496,0.021367521367521368,0.09090909090909091,0.11965811965811966,0.004273504273504274,0.31252145809884135,0.0,0.09090909090909091,0.0,0.18181818181818182,7.02991452991453
https://doi.org/10.1108/acmm-01-2026-3507,0.02100840336134454,0.45454545454545453,0.0,0.004201680672268907,0.35869657093131163,0.09090909090909091,0.0,0.0,0.18181818181818182,6.735294117647059
https://doi.org/10.1108/acmm-02-2026-3532,0.027472527472527472,0.5714285714285714,0.04395604395604396,0.005494505494505495,0.49511561872829934,0.0,0.14285714285714285,0.0,0.0,6.538461538461538
https://doi.org/10.1108/acmm-04-2026-3590,0.016129032258064516,0.5,0.04838709677419355,0.005376344086021506,0.36732668500083276,0.0,0.0,0.0,0.0,7.161290322580645
https://doi.org/10.1108/acmm-03-2026-3566,0.006622516556291391,0.6666666666666666,0.039735099337748346,0.006622516556291391,0.4665937736108221,0.0,0.0,0.0,0.0,6.953642384105961
https://doi.org/10.1108/acmm-09-2025-3389,0.02510460251046025,0.36363636363636365,0.07112970711297072,0.0041841004184100415,0.2712897920911687,0.0,0.0,0.0,0.0,6.648535564853557
https://doi.org/10.1108/acmm-03-2026-3547,0.026217228464419477,0.38461538461538464,0.00749063670411985,0.00749063670411985,0.34460999596699454,0.0,0.07692307692307693,0.0,0.0,7.322097378277154
https://doi.org/10.5006/4856,0.025,0.23076923076923078,0.04583333333333333,0.0,0.21311186420907371,0.0,0.0,0.0,0.07692307692307693,6.316666666666666
https://doi.org/10.5006/4867,0.022222222222222223,0.8571428571428571,0.014814814814814815,0.003703703703703704,0.3287754225358837,0.0,0.5714285714285714,0.0,0.0,5.544444444444444
https://doi.org/10.5006/4825,0.05113636363636364,0.625,0.022727272727272728,0.0,0.24159422301669659,0.0,0.0,0.0,0.25,6.176136363636363
https://doi.org/10.5006/4824,0.0072992700729927005,0.0,0.014598540145985401,0.0072992700729927005,0.46583985067471095,0.0,0.16666666666666666,0.0,0.0,5.744525547445256
https://doi.org/10.5006/4815,0.043209876543209874,0.125,0.0,0.0,0.3011434794481597,0.0,0.0,0.0,0.0,6.246913580246914
https://doi.org/10.5006/4859,0.02926829268292683,0.0,0.014634146341463415,0.0,0.4088258895562335,0.09090909090909091,0.0,0.0,0.0,5.512195121951219
https://doi.org/10.5006/4832,0.02459016393442623,0.2,0.0,0.00819672131147541,0.3906148379489789,0.0,0.2,0.0,0.1,5.709016393442623
https://doi.org/10.5006/4844,0.016129032258064516,0.5,0.012096774193548387,0.004032258064516129,0.4705145853488652,0.0,0.1,0.0,0.1,5.298387096774194
https://doi.org/10.5006/4804,0.009950248756218905,0.2857142857142857,0.04477611940298507,0.0,0.341584953109888,0.0,0.42857142857142855,0.0,0.0,6.134328358208955
https://doi.org/10.5006/4860,0.04090909090909091,0.7777777777777778,0.00909090909090909,0.0,0.4041111049253249,0.1111111111111111,0.1111111111111111,0.0,0.1111111111111111,5.75
https://doi.org/10.5006/4868,0.026785714285714284,0.0,0.0,0.0,0.22798473812149472,0.0,0.125,0.0,0.0,6.986607142857143
https://doi.org/10.5006/4852,0.026923076923076925,0.08333333333333333,0.03076923076923077,0.007692307692307693,0.45155877296735913,0.0,0.08333333333333333,0.0,0.16666666666666666,6.4653846153846155
https://doi.org/10.5006/4908,0.01079136690647482,0.375,0.02877697841726619,0.0,0.22325353452061727,0.0,0.5,0.0,0.0,6.26978417266187
https://doi.org/10.5006/4848,0.03355704697986577,0.2857142857142857,0.013422818791946308,0.0,0.24439116048366608,0.0,0.0,0.0,0.0,6.939597315436242
https://doi.org/10.5006/4877,0.026785714285714284,0.625,0.013392857142857142,0.0,0.40720550896397784,0.0,0.375,0.0,0.25,5.691964285714286
https://doi.org/10.5006/4894,0.01327433628318584,0.6666666666666666,0.01327433628318584,0.004424778761061947,0.38401369829640947,0.0,0.2222222222222222,0.0,0.0,5.823008849557522
https://doi.org/10.5006/4864,0.014218009478672985,0.0,0.014218009478672985,0.0,0.226696886125145,0.0,0.14285714285714285,0.0,0.14285714285714285,5.725118483412322
https://doi.org/10.5006/4872,0.021806853582554516,0.3076923076923077,0.06853582554517133,0.0,0.39755954311073577,0.07692307692307693,0.07692307692307693,0.0,0.07692307692307693,5.88785046728972
https://doi.org/10.5006/4912,0.014705882352941176,0.2222222222222222,0.011029411764705883,0.003676470588235294,0.39637741093951634,0.0,0.4444444444444444,0.0,0.2222222222222222,6.720588235294118
https://doi.org/10.5006/4875,0.045454545454545456,0.8333333333333334,0.012987012987012988,0.0,0.3162544327762577,0.0,0.16666666666666666,0.0,0.0,6.207792207792208
https://doi.org/10.5006/4873,0.020080321285140562,0.4444444444444444,0.024096385542168676,0.004016064257028112,0.39447483237939523,0.0,0.3333333333333333,0.0,0.2222222222222222,5.819277108433735
https://doi.org/10.5006/4887,0.025906735751295335,0.5,0.010362694300518135,0.0,0.3967369388688824,0.0,0.125,0.0,0.0,6.694300518134715
https://doi.org/10.5006/4905,0.05921052631578947,1.0,0.06578947368421052,0.0,0.2544615737607068,0.0,0.4,0.0,0.2,5.822368421052632
https://doi.org/10.5006/4886,0.021834061135371178,0.45454545454545453,0.1091703056768559,0.0,0.23336924394563124,0.0,0.0,0.0,0.09090909090909091,6.558951965065503
https://doi.org/10.5006/4880,0.034482758620689655,0.25,0.019704433497536946,0.0,0.31089169114265336,0.0,0.125,0.0,0.125,6.527093596059113
https://doi.org/10.5006/4851,0.0273224043715847,0.25,0.060109289617486336,0.00546448087431694,0.16992690497777282,0.0,0.0,0.0,0.125,5.240437158469946
https://doi.org/10.5006/4869,0.034482758620689655,0.8571428571428571,0.0,0.0049261083743842365,0.23314600130441837,0.0,0.14285714285714285,0.0,0.0,6.0
https://doi.org/10.5006/4919,0.020833333333333332,0.7272727272727273,0.006944444444444444,0.0,0.629037882330951,0.09090909090909091,0.09090909090909091,0.0,0.09090909090909091,5.527777777777778
https://doi.org/10.5006/4921,0.020202020202020204,1.0,0.0,0.010101010101010102,0.1377594110806652,0.0,0.3333333333333333,0.0,0.0,5.121212121212121
https://doi.org/10.5006/4904,0.03409090909090909,0.42857142857142855,0.022727272727272728,0.0,0.2492240022666058,0.0,0.0,0.0,0.0,7.136363636363637
https://doi.org/10.5006/4897,0.018957345971563982,0.5,0.061611374407582936,0.0,0.45731527534930505,0.0,0.25,0.0,0.375,6.767772511848341
https://doi.org/10.5006/4871,0.01762114537444934,0.4444444444444444,0.01762114537444934,0.004405286343612335,0.319800729742406,0.0,0.1111111111111111,0.0,0.2222222222222222,5.621145374449339
https://doi.org/10.5006/4846,0.04861111111111111,0.8,0.0,0.006944444444444444,0.3591023187179971,0.0,0.4,0.0,0.2,5.611111111111111
https://doi.org/10.5006/4874,0.024630541871921183,0.5384615384615384,0.0049261083743842365,0.007389162561576354,0.329460543984354,0.0,0.3076923076923077,0.0,0.07692307692307693,6.179802955665025
https://doi.org/10.5006/4811,0.0234375,0.4,0.0,0.0078125,0.4639072762282351,0.0,0.2,0.0,0.2,6.0625
https://doi.org/10.5006/4932,0.031088082901554404,0.42857142857142855,0.0,0.010362694300518135,0.28680523322483,0.0,0.2857142857142857,0.0,0.2857142857142857,6.455958549222798
https://doi.org/10.5006/4931,0.019417475728155338,0.3333333333333333,0.0,0.009708737864077669,0.2837211494408244,0.0,0.3333333333333333,0.0,0.0,5.184466019417476
https://doi.org/10.5006/4901,0.056338028169014086,0.6666666666666666,0.0,0.014084507042253521,0.11090151935227902,0.0,0.0,0.0,0.0,6.436619718309859
https://doi.org/10.5006/4937,0.007936507936507936,0.5,0.027777777777777776,0.003968253968253968,0.37554025918479306,0.0,0.1,0.0,0.1,5.166666666666667
https://doi.org/10.5006/4893,0.025,0.18181818181818182,0.0,0.0,0.30016662039607267,0.0,0.0,0.0,0.18181818181818182,5.525
https://doi.org/10.5006/4884,0.02631578947368421,0.2222222222222222,0.03070175438596491,0.0,0.34058366067223117,0.0,0.1111111111111111,0.0,0.0,6.267543859649122
https://doi.org/10.1177/1478422x261417816,0.03571428571428571,0.3333333333333333,0.02040816326530612,0.00510204081632653,0.3542154073001996,0.0,0.0,0.0,0.1111111111111111,6.362244897959184
https://doi.org/10.1177/1478422x261454111,0.0,0.0,0.0,0.0,0.27613945454931477,0.0,0.0,0.0,0.09090909090909091,6.022471910112359
https://doi.org/10.1177/1478422x251412031,0.033707865168539325,0.42857142857142855,0.03932584269662921,0.0056179775280898875,0.28424967731850603,0.0,0.14285714285714285,0.0,0.14285714285714285,5.820224719101123
https://doi.org/10.1177/1478422x251414247,0.021164021164021163,0.0,0.0,0.0,0.20937945965512567,0.0,0.0,0.0,0.1111111111111111,6.693121693121693
https://doi.org/10.1177/1478422x251358464,0.026490066225165563,0.4,0.026490066225165563,0.006622516556291391,0.7053524214937402,0.0,0.2,0.0,0.4,4.953642384105961
https://doi.org/10.1177/1478422x261416684,0.016666666666666666,0.8333333333333334,0.05,0.004166666666666667,0.270801280154532,0.0,0.5,0.0,0.16666666666666666,5.854166666666667
https://doi.org/10.1177/1478422x261416689,0.06206896551724138,0.3333333333333333,0.0,0.006896551724137931,0.13390681268239724,0.0,0.0,0.0,0.0,6.482758620689655
https://doi.org/10.1177/1478422x261416686,0.0330188679245283,0.3,0.05188679245283019,0.0047169811320754715,0.4363143803715916,0.0,0.1,0.0,0.0,5.127358490566038
https://doi.org/10.1177/1478422x261416685,0.04477611940298507,0.14285714285714285,0.01990049751243781,0.004975124378109453,0.28397459090209626,0.0,0.2857142857142857,0.0,0.2857142857142857,6.6716417910447765
https://doi.org/10.1177/1478422x261416687,0.030612244897959183,0.75,0.0,0.01020408163265306,0.19891417030222375,0.0,0.0,0.0,0.0,6.163265306122449
https://doi.org/10.1177/1478422x261416688,0.029239766081871343,0.5555555555555556,0.017543859649122806,0.0,0.34468215270857017,0.0,0.0,0.0,0.0,5.444444444444445
https://doi.org/10.1177/1478422x251414248,0.018018018018018018,0.3,0.04954954954954955,0.0045045045045045045,0.23475340938370062,0.0,0.0,0.0,0.2,6.045045045045045
https://doi.org/10.1177/1478422x261422336,0.014218009478672985,0.375,0.04739336492890995,0.009478672985781991,0.4268298122160549,0.0,0.25,0.0,0.125,5.886255924170616
https://doi.org/10.1177/1478422x261420383,0.018404907975460124,0.8333333333333334,0.0,0.0,0.1567721759408667,0.0,0.0,0.0,0.16666666666666666,6.116564417177914
https://doi.org/10.1177/1478422x261416690,0.017964071856287425,0.5,0.0,0.0,0.2976596053086603,0.0,0.0,0.0,0.0,6.658682634730539
https://doi.org/10.1177/1478422x261419537,0.015544041450777202,0.3,0.025906735751295335,0.0051813471502590676,0.25808102394636834,0.0,0.0,0.0,0.0,5.844559585492228
https://doi.org/10.1177/1478422x261423250,0.012,0.6666666666666666,0.084,0.004,0.4192946458041171,0.0,0.5,0.0,0.16666666666666666,5.5
https://doi.org/10.1177/1478422x261422329,0.023622047244094488,0.36363636363636365,0.05511811023622047,0.0,0.19669285034325662,0.0,0.0,0.0,0.09090909090909091,6.708661417322834
https://doi.org/10.1177/1478422x261427152,0.037267080745341616,0.5714285714285714,0.018633540372670808,0.0,0.2459501847605383,0.0,0.0,0.0,0.2857142857142857,6.627329192546584
https://doi.org/10.1177/1478422x261427154,0.01809954751131222,0.3333333333333333,0.027149321266968326,0.0,0.3149269256344854,0.0,0.1111111111111111,0.0,0.1111111111111111,6.701357466063349
https://doi.org/10.1177/1478422x261434419,0.057971014492753624,0.5,0.043478260869565216,0.0,0.17209191430489734,0.0,0.0,0.0,0.0,7.108695652173913
https://doi.org/10.1177/1478422x261436166,0.029556650246305417,0.7777777777777778,0.059113300492610835,0.0,0.26692053564815893,0.0,0.1111111111111111,0.0,0.0,5.389162561576355
https://doi.org/10.1177/1478422x261436488,0.016853932584269662,0.6666666666666666,0.03932584269662921,0.0,0.4470441857096126,0.0,0.3333333333333333,0.0,0.16666666666666666,6.01123595505618
https://doi.org/10.1177/1478422x261436210,0.024271844660194174,0.2857142857142857,0.05339805825242718,0.0048543689320388345,0.1759666889358433,0.0,0.14285714285714285,0.0,0.0,6.393203883495145
https://doi.org/10.1177/1478422x261434454,0.014925373134328358,0.5714285714285714,0.029850746268656716,0.0037313432835820895,0.2170602921231192,0.0,0.5714285714285714,0.0,0.14285714285714285,5.955223880597015
https://doi.org/10.1177/1478422x261438598,0.009389671361502348,0.625,0.07042253521126761,0.009389671361502348,0.31081797874244943,0.0,0.125,0.0,0.0,5.173708920187793
https://doi.org/10.1177/1478422x261438600,0.015463917525773196,0.375,0.010309278350515464,0.005154639175257732,0.31252590497369315,0.0,0.125,0.0,0.125,6.15979381443299
https://doi.org/10.1177/1478422x261423255,0.03825136612021858,0.2857142857142857,0.06557377049180328,0.00546448087431694,0.19550321114752262,0.0,0.0,0.0,0.0,6.180327868852459
https://doi.org/10.1177/1478422x261434420,0.013071895424836602,0.7777777777777778,0.0784313725490196,0.0,0.5614831789520139,0.1111111111111111,0.0,0.0,0.2222222222222222,5.562091503267974
https://doi.org/10.1177/1478422x261430398,0.008097165991902834,0.125,0.0,0.008097165991902834,0.46611482144053584,0.0,0.375,0.0,0.125,5.894736842105263
https://doi.org/10.1177/1478422x261438601,0.019138755980861243,0.7777777777777778,0.09090909090909091,0.004784688995215311,0.32210588860682937,0.0,0.0,0.0,0.2222222222222222,5.717703349282297
https://doi.org/10.1177/1478422x261416638,0.010050251256281407,0.0,0.020100502512562814,0.0,0.388009991808964,0.0,0.2857142857142857,0.0,0.0,6.949748743718593
https://doi.org/10.1177/1478422x261446377,0.018633540372670808,0.0,0.031055900621118012,0.006211180124223602,0.14081719315223146,0.0,0.2,0.0,0.0,7.031055900621118
https://doi.org/10.1177/1478422x261445304,0.02403846153846154,0.75,0.0,0.0,0.31127719338920473,0.0,0.125,0.0,0.0,6.663461538461538
https://doi.org/10.1177/1478422x261443060,0.029556650246305417,0.4444444444444444,0.019704433497536946,0.0049261083743842365,0.24203189155740384,0.0,0.0,0.0,0.1111111111111111,6.630541871921182
https://doi.org/10.1177/1478422x261445301,0.03260869565217391,0.5714285714285714,0.0,0.005434782608695652,0.3161530341793258,0.0,0.2857142857142857,0.0,0.2857142857142857,7.119565217391305
https://doi.org/10.1177/1478422x261447945,0.019704433497536946,0.5833333333333334,0.024630541871921183,0.0,0.23578518115811467,0.08333333333333333,0.0,0.0,0.08333333333333333,6.108374384236453
https://doi.org/10.1177/1478422x261451623,0.02631578947368421,0.5714285714285714,0.013157894736842105,0.0,0.33182947928732875,0.0,0.0,0.0,0.14285714285714285,5.967105263157895
https://doi.org/10.1177/1478422x261450911,0.01762114537444934,0.25,0.00881057268722467,0.0,0.3127132779545604,0.0,0.25,0.0,0.25,6.458149779735683
https://doi.org/10.1177/1478422x261451961,0.039603960396039604,0.4444444444444444,0.009900990099009901,0.0,0.42689229974871495,0.0,0.1111111111111111,0.0,0.1111111111111111,5.98019801980198
https://doi.org/10.1177/1478422x261453749,0.04424778761061947,0.4,0.0,0.0,0.5459538695641479,0.2,0.2,0.0,0.4,6.300884955752212
https://doi.org/10.1177/1478422x261451314,0.009174311926605505,0.625,0.009174311926605505,0.0045871559633027525,0.26446853771375367,0.0,0.0,0.0,0.0,4.830275229357798
https://doi.org/10.1177/1478422x261450473,0.016853932584269662,0.2,0.14606741573033707,0.0056179775280898875,0.3745973725431382,0.0,0.4,0.0,0.2,6.780898876404494
https://doi.org/10.1177/1478422x261457309,0.02262443438914027,0.625,0.004524886877828055,0.004524886877828055,0.4186192926274011,0.0,0.125,0.0,0.125,4.85972850678733
https://doi.org/10.1177/1478422x261451319,0.015957446808510637,0.0,0.06382978723404255,0.0,0.2934705154071005,0.0,0.16666666666666666,0.0,0.16666666666666666,7.303191489361702
https://doi.org/10.1177/1478422x261457681,0.045454545454545456,0.14285714285714285,0.0,0.0,0.26504326794751365,0.0,0.0,0.0,0.14285714285714285,6.454545454545454
https://doi.org/10.1177/1478422x261464777,0.07051282051282051,0.5,0.02564102564102564,0.00641025641025641,0.3411316588628223,0.0,0.0,0.0,0.0,5.897435897435898
https://doi.org/10.1177/1478422x261464830,0.03048780487804878,0.5714285714285714,0.036585365853658534,0.006097560975609756,0.3135356129800595,0.0,0.0,0.0,0.0,5.676829268292683
https://doi.org/10.1177/1478422x261464780,0.04054054054054054,0.5,0.10135135135135136,0.0,0.25923413639528214,0.0,0.0,0.0,0.16666666666666666,7.20945945945946
https://doi.org/10.1177/1478422x261465565,0.00625,0.16666666666666666,0.025,0.0,0.0739509972887452,0.0,0.0,0.0,0.16666666666666666,6.40625
https://doi.org/10.1016/j.corsci.2026.113592,0.029914529914529916,0.625,0.038461538461538464,0.004273504273504274,0.35188357008955384,0.0,0.25,0.0,0.0,4.773504273504273
https://doi.org/10.1016/j.corsci.2026.113629,0.004761904761904762,0.125,0.01904761904761905,0.004761904761904762,0.33197000110349284,0.0,0.0,0.0,0.0,6.404761904761905
https://doi.org/10.1016/j.corsci.2026.113711,0.01953125,0.0,0.0,0.00390625,0.35104128029157766,0.0,0.09090909090909091,0.0,0.09090909090909091,6.48046875
https://doi.org/10.1016/j.corsci.2026.113678,0.04827586206896552,0.625,0.07586206896551724,0.0,0.3915273910962002,0.0,0.0,0.0,0.0,6.137931034482759
https://doi.org/10.1016/j.corsci.2026.113746,0.009836065573770493,0.6,0.0,0.0,0.35411353944395035,0.0,0.3,0.0,0.1,5.780327868852459
https://doi.org/10.1016/j.corsci.2026.113598,0.039647577092511016,0.08333333333333333,0.01762114537444934,0.00881057268722467,0.3639896998823548,0.0,0.0,0.0,0.08333333333333333,6.674008810572687
https://doi.org/10.1016/j.corsci.2026.113597,0.04743083003952569,0.375,0.02766798418972332,0.0,0.40337512776099493,0.0,0.375,0.0,0.0,5.241106719367589
https://doi.org/10.1016/j.corsci.2026.113667,0.02074688796680498,0.4,0.02074688796680498,0.0,0.41595311455627415,0.0,0.2,0.0,0.1,6.3153526970954355
https://doi.org/10.1016/j.corsci.2026.113740,0.014184397163120567,0.6,0.05673758865248227,0.0,0.3352142495913893,0.0,0.2,0.0,0.2,4.560283687943262
https://doi.org/10.1016/j.corsci.2026.113651,0.021798365122615803,0.7142857142857143,0.03814713896457766,0.0,0.5150728702071616,0.0,0.21428571428571427,0.0,0.07142857142857142,5.3732970027247955
https://doi.org/10.1016/j.corsci.2026.113718,0.021505376344086023,0.25,0.010752688172043012,0.005376344086021506,0.23533407127139022,0.0,0.0,0.0,0.125,6.521505376344086
https://doi.org/10.1016/j.corsci.2026.113732,0.022508038585209004,0.8461538461538461,0.04501607717041801,0.0,0.4595034187225406,0.0,0.15384615384615385,0.0,0.07692307692307693,5.311897106109325
https://doi.org/10.1016/j.corsci.2026.113736,0.030612244897959183,0.42857142857142855,0.14285714285714285,0.0,0.20912144420325712,0.0,0.0,0.0,0.14285714285714285,5.948979591836735
https://doi.org/10.1016/j.corsci.2026.113779,0.018604651162790697,0.8333333333333334,0.037209302325581395,0.0,0.4204352736888488,0.0,0.08333333333333333,0.0,0.0,5.032558139534884
https://doi.org/10.1016/j.corsci.2026.113765,0.025,0.1111111111111111,0.0,0.0,0.23082731640774234,0.0,0.0,0.0,0.1111111111111111,6.35625
https://doi.org/10.1016/j.corsci.2026.113915,0.017777777777777778,0.1111111111111111,0.07555555555555556,0.0,0.3104119127152751,0.0,0.1111111111111111,0.0,0.1111111111111111,6.386666666666667
https://doi.org/10.1016/j.corsci.2026.113713,0.012295081967213115,0.6666666666666666,0.05327868852459016,0.004098360655737705,0.25521963076951254,0.0,0.0,0.0,0.1111111111111111,4.676229508196721
https://doi.org/10.1016/j.corsci.2026.113731,0.007751937984496124,0.6666666666666666,0.003875968992248062,0.0,0.2987263390387239,0.0,0.4444444444444444,0.0,0.1111111111111111,6.0271317829457365
https://doi.org/10.1016/j.corsci.2026.113767,0.023952095808383235,0.2,0.03293413173652695,0.0,0.41468957348936014,0.0,0.13333333333333333,0.0,0.0,5.799401197604791
https://doi.org/10.1016/j.corsci.2026.113781,0.011152416356877323,0.5454545454545454,0.06319702602230483,0.0,0.46570890694027983,0.0,0.18181818181818182,0.0,0.09090909090909091,5.814126394052044
https://doi.org/10.1016/j.corsci.2026.113814,0.01929260450160772,0.058823529411764705,0.022508038585209004,0.0,0.5410535175194917,0.058823529411764705,0.11764705882352941,0.0,0.058823529411764705,6.083601286173633
https://doi.org/10.1016/j.corsci.2026.113815,0.010810810810810811,1.0,0.0,0.0,0.6192669858048432,0.2,0.1,0.0,0.0,4.572972972972973
https://doi.org/10.1016/j.corsci.2026.113921,0.00625,0.0,0.05625,0.0,0.16298006013006622,0.0,0.4,0.0,0.0,7.0
https://doi.org/10.1016/j.corsci.2026.113955,0.037037037037037035,0.5,0.018518518518518517,0.0,0.34940670859468903,0.0,0.25,0.0,0.0,4.666666666666667
https://doi.org/10.1016/j.corsci.2026.113960,0.016260162601626018,0.16666666666666666,0.0,0.0,0.4127167527316115,0.16666666666666666,0.16666666666666666,0.0,0.0,6.4227642276422765
https://doi.org/10.1016/j.corsci.2026.113993,0.0375,0.1,0.025,0.004166666666666667,0.38550111687401256,0.1,0.1,0.0,0.1,6.095833333333333
https://doi.org/10.1016/j.corsci.2026.113839,0.04,0.4,0.03,0.0,0.27748873851023215,0.0,0.0,0.0,0.0,5.44
https://doi.org/10.1016/j.corsci.2026.114019,0.003937007874015748,0.36363636363636365,0.027559055118110236,0.0,0.35107868991508584,0.0,0.09090909090909091,0.0,0.09090909090909091,5.940944881889764
https://doi.org/10.1016/j.corsci.2026.113604,0.01020408163265306,0.4444444444444444,0.0,0.0,0.4911227775962808,0.0,0.1111111111111111,0.0,0.0,6.188775510204081
https://doi.org/10.1016/j.corsci.2026.113626,0.013761467889908258,0.14285714285714285,0.0,0.009174311926605505,0.3816447599991099,0.0,0.2857142857142857,0.0,0.0,5.4495412844036695
https://doi.org/10.1016/j.corsci.2026.113644,0.02564102564102564,0.8333333333333334,0.00641025641025641,0.0,0.2719641466102106,0.0,0.16666666666666666,0.0,0.0,5.519230769230769
https://doi.org/10.1016/j.corsci.2026.113645,0.041916167664670656,0.8333333333333334,0.08383233532934131,0.0,0.1715754345137054,0.0,0.0,0.0,0.0,4.982035928143713
https://doi.org/10.1016/j.corsci.2026.113723,0.011049723756906077,0.3333333333333333,0.022099447513812154,0.0,0.2627070370821821,0.0,0.3333333333333333,0.0,0.16666666666666666,5.574585635359116
https://doi.org/10.1016/j.corsci.2026.113631,0.02,0.5,0.0,0.005,0.38052595180880894,0.0,0.0,0.0,0.08333333333333333,5.64
https://doi.org/10.1016/j.corsci.2026.113730,0.011538461538461539,0.45454545454545453,0.06538461538461539,0.0,0.5633794899569401,0.09090909090909091,0.18181818181818182,0.0,0.09090909090909091,6.246153846153846
https://doi.org/10.1016/j.corsci.2026.113733,0.031578947368421054,0.2857142857142857,0.031578947368421054,0.0,0.29799783308893407,0.0,0.0,0.0,0.07142857142857142,6.291228070175438
https://doi.org/10.1016/j.corsci.2026.113761,0.02262443438914027,0.3333333333333333,0.0,0.004524886877828055,0.2590670625936586,0.0,0.0,0.0,0.0,5.515837104072398
https://doi.org/10.1016/j.corsci.2026.113764,0.022935779816513763,0.1,0.05045871559633028,0.0,0.39396166153364937,0.0,0.1,0.0,0.0,6.63302752293578
https://doi.org/10.1016/j.corsci.2026.113819,0.029585798816568046,0.14285714285714285,0.05917159763313609,0.005917159763313609,0.3079198066569867,0.0,0.14285714285714285,0.0,0.14285714285714285,6.331360946745562
https://doi.org/10.1016/j.corsci.2026.113888,0.030303030303030304,0.375,0.030303030303030304,0.0,0.22473328748774737,0.0,0.0,0.0,0.0,6.378787878787879
https://doi.org/10.1016/j.corsci.2026.113886,0.014814814814814815,0.6666666666666666,0.011111111111111112,0.0,0.38522079607466037,0.0,0.3333333333333333,0.0,0.1111111111111111,4.937037037037037
https://doi.org/10.1016/j.corsci.2026.113880,0.016194331983805668,0.1,0.012145748987854251,0.004048582995951417,0.33387925376549293,0.0,0.2,0.0,0.2,6.744939271255061
https://doi.org/10.1016/j.corsci.2026.113898,0.011811023622047244,0.5555555555555556,0.011811023622047244,0.003937007874015748,0.32465398626910713,0.0,0.2222222222222222,0.0,0.1111111111111111,6.21259842519685
https://doi.org/10.1016/j.corsci.2026.113916,0.012578616352201259,0.1111111111111111,0.0,0.0,0.4176593136071444,0.1111111111111111,0.0,0.0,0.2222222222222222,6.918238993710692
https://doi.org/10.1016/j.corsci.2026.113910,0.019230769230769232,0.6,0.03076923076923077,0.0038461538461538464,0.3052789974305297,0.0,0.2,0.0,0.1,5.503846153846154
https://doi.org/10.1016/j.corsci.2026.113938,0.027777777777777776,0.06666666666666667,0.03125,0.0,0.5264282820205534,0.06666666666666667,0.06666666666666667,0.0,0.0,6.267361111111111
https://doi.org/10.1016/j.corsci.2026.113911,0.01652892561983471,0.18181818181818182,0.045454545454545456,0.004132231404958678,0.30950385638138855,0.0,0.09090909090909091,0.0,0.09090909090909091,6.603305785123967
https://doi.org/10.1016/j.corsci.2026.113948,0.01507537688442211,0.1111111111111111,0.09045226130653267,0.005025125628140704,0.22303860322786076,0.0,0.0,0.0,0.1111111111111111,5.959798994974874
https://doi.org/10.1016/j.corsci.2026.113954,0.007978723404255319,0.8888888888888888,0.013297872340425532,0.0,0.34664367574747057,0.0,0.5555555555555556,0.0,0.0,4.457446808510638
https://doi.org/10.1016/j.corsci.2026.113963,0.02877697841726619,0.36363636363636365,0.046762589928057555,0.0,0.3884559005172323,0.0,0.09090909090909091,0.0,0.0,6.838129496402877
https://doi.org/10.1016/j.corsci.2026.113957,0.03125,1.0,0.017361111111111112,0.003472222222222222,0.42081270576508656,0.0,0.375,0.0,0.125,6.083333333333333
https://doi.org/10.1016/j.corsci.2026.113975,0.05699481865284974,0.0,0.010362694300518135,0.0051813471502590676,0.26933039209050835,0.0,0.0,0.0,0.1111111111111111,6.05699481865285
https://doi.org/10.1016/j.corsci.2026.113956,0.00851063829787234,0.4444444444444444,0.06808510638297872,0.00425531914893617,0.23361663372443925,0.0,0.1111111111111111,0.0,0.1111111111111111,5.676595744680851
https://doi.org/10.1016/j.corsci.2026.113997,0.010344827586206896,0.5555555555555556,0.07241379310344828,0.0,0.274782369836366,0.0,0.3333333333333333,0.0,0.1111111111111111,5.703448275862069
https://doi.org/10.1016/j.corsci.2026.114008,0.019157088122605363,0.6,0.0,0.0038314176245210726,0.3048084766773763,0.0,0.1,0.0,0.2,5.946360153256705
https://doi.org/10.1016/j.corsci.2026.114007,0.016,0.16666666666666666,0.004,0.0,0.2931757152289391,0.0,0.0,0.0,0.08333333333333333,6.056
https://doi.org/10.1016/j.corsci.2026.114027,0.03614457831325301,0.6666666666666666,0.024096385542168676,0.0,0.20728494619379823,0.0,0.16666666666666666,0.0,0.16666666666666666,6.837349397590361
https://doi.org/10.1016/j.corsci.2026.114034,0.01639344262295082,0.375,0.028688524590163935,0.0,0.3097449775031342,0.0,0.25,0.0,0.125,6.114754098360656
https://doi.org/10.1016/j.corsci.2026.114045,0.030303030303030304,0.16666666666666666,0.007575757575757576,0.0,0.47817375266846973,0.16666666666666666,0.0,0.0,0.0,5.348484848484849
https://doi.org/10.1016/j.corsci.2026.114058,0.029166666666666667,0.36363636363636365,0.058333333333333334,0.0,0.35492565731744763,0.0,0.09090909090909091,0.0,0.0,6.216666666666667
https://doi.org/10.1016/j.corsci.2026.114053,0.020942408376963352,0.0,0.10471204188481675,0.0,0.3569820719105924,0.0,0.3333333333333333,0.0,0.16666666666666666,6.712041884816754
https://doi.org/10.1016/j.corsci.2026.114065,0.04032258064516129,0.0,0.04435483870967742,0.0,0.3148261499345667,0.0,0.0,0.0,0.0,6.786290322580645
https://doi.org/10.1016/j.corsci.2026.114073,0.013605442176870748,0.4,0.1360544217687075,0.0,0.2834376415782266,0.0,0.4,0.0,0.0,4.666666666666667
https://doi.org/10.1016/j.corsci.2026.114076,0.011111111111111112,0.5714285714285714,0.03333333333333333,0.005555555555555556,0.26678238230095486,0.0,0.14285714285714285,0.0,0.0,6.416666666666667
https://doi.org/10.1016/j.corsci.2026.114085,0.015789473684210527,0.8333333333333334,0.02631578947368421,0.005263157894736842,0.360823926336897,0.0,0.16666666666666666,0.0,0.16666666666666666,6.068421052631579
https://doi.org/10.1016/j.corsci.2026.114086,0.03686635944700461,0.25,0.03225806451612903,0.0,0.17913172097305816,0.0,0.0,0.0,0.125,6.594470046082949
https://doi.org/10.1016/j.corsci.2026.114095,0.022388059701492536,0.4166666666666667,0.022388059701492536,0.0037313432835820895,0.5023890352151295,0.08333333333333333,0.16666666666666666,0.0,0.0,5.686567164179104
https://doi.org/10.1016/j.corsci.2026.114100,0.02336448598130841,0.625,0.04672897196261682,0.0,0.24779576791706265,0.0,0.125,0.0,0.0,6.168224299065421
https://doi.org/10.3390/cmd7010006,0.03361344537815126,0.3333333333333333,0.0,0.0,0.33116068059223586,0.0,0.0,0.0,0.16666666666666666,5.235294117647059
https://doi.org/10.3390/cmd7010009,0.027932960893854747,0.14285714285714285,0.0335195530726257,0.00558659217877095,0.20572014122370913,0.0,0.0,0.0,0.0,6.843575418994414
https://doi.org/10.3390/cmd7010010,0.03076923076923077,0.6,0.06153846153846154,0.015384615384615385,0.42342642906224265,0.0,0.4,0.0,0.2,6.292307692307692
https://doi.org/10.3390/cmd7010011,0.030837004405286344,0.0,0.004405286343612335,0.004405286343612335,0.2857329985582648,0.0,0.25,0.0,0.125,6.277533039647577
https://doi.org/10.3390/cmd7010016,0.007692307692307693,0.5454545454545454,0.05,0.0,0.3618247638889765,0.0,0.18181818181818182,0.0,0.0,5.930769230769231
https://doi.org/10.3390/cmd7010014,0.03017241379310345,0.5,0.06896551724137931,0.0,0.26133631709007105,0.0,0.0,0.0,0.1,6.5344827586206895
https://doi.org/10.3390/cmd7010005,0.027586206896551724,0.375,0.034482758620689655,0.0,0.3494177252660249,0.0,0.0,0.0,0.25,6.0
https://doi.org/10.3390/cmd7010007,0.0,0.0,0.0,0.0,0.0,0.0,0.0,0.0,0.0,2.9
https://doi.org/10.3390/cmd7010008,0.011538461538461539,0.0,0.0,0.0,0.17541160386140583,0.0,0.375,0.0,0.0,6.0
https://doi.org/10.3390/cmd7010012,0.03765690376569038,0.2222222222222222,0.100418410041841,0.008368200836820083,0.308547264679274,0.0,0.1111111111111111,0.0,0.2222222222222222,6.531380753138075
https://doi.org/10.3390/cmd7010013,0.038461538461538464,0.0,0.0,0.0,0.1820332240953728,0.0,0.0,0.0,0.16666666666666666,6.953846153846154
https://doi.org/10.3390/cmd7010015,0.029288702928870293,0.16666666666666666,0.04184100418410042,0.008368200836820083,0.4041286551192359,0.0,0.5,0.0,0.16666666666666666,6.598326359832636
https://doi.org/10.3390/cmd7010018,0.01838235294117647,0.6363636363636364,0.0,0.003676470588235294,0.4022334381355251,0.0,0.18181818181818182,0.0,0.09090909090909091,5.290441176470588
https://doi.org/10.3390/cmd7010020,0.020100502512562814,0.0,0.010050251256281407,0.010050251256281407,0.3787558228384175,0.0,0.16666666666666666,0.0,0.16666666666666666,6.381909547738694
https://doi.org/10.3390/cmd7010019,0.04,0.42857142857142855,0.03111111111111111,0.0044444444444444444,0.3438058596589105,0.0,0.2857142857142857,0.0,0.14285714285714285,5.431111111111111
https://doi.org/10.3390/cmd7010021,0.005747126436781609,0.3333333333333333,0.011494252873563218,0.0,0.3721902266366018,0.0,0.0,0.0,0.2222222222222222,6.649425287356322
https://doi.org/10.3390/cmd7020022,0.0,0.4,0.03669724770642202,0.0045871559633027525,0.2178778364594113,0.0,0.0,0.0,0.1,7.243119266055046
https://doi.org/10.3390/cmd7020023,0.031746031746031744,0.42857142857142855,0.0,0.0,0.26057865332352387,0.0,0.0,0.0,0.14285714285714285,6.809523809523809
https://doi.org/10.3390/cmd7020024,0.020512820512820513,0.5,0.005128205128205128,0.0,0.44955965013216653,0.1,0.0,0.0,0.1,5.558974358974359
https://doi.org/10.3390/cmd7020025,0.04854368932038835,0.1,0.0,0.0048543689320388345,0.4282863106818015,0.0,0.1,0.0,0.1,6.339805825242719
https://doi.org/10.3390/cmd7020027,0.017632241813602016,0.4166666666666667,0.060453400503778336,0.0,0.36176581637504923,0.08333333333333333,0.5,0.0,0.0,5.5365239294710324
https://doi.org/10.3390/cmd7020028,0.0,0.6,0.044444444444444446,0.0,0.2960647243216495,0.0,0.0,0.0,0.1,6.538888888888889
https://doi.org/10.3390/cmd7020029,0.0035587188612099642,0.16666666666666666,0.010676156583629894,0.0035587188612099642,0.3245075509814661,0.0,0.08333333333333333,0.0,0.16666666666666666,7.103202846975089
https://doi.org/10.3390/cmd7020030,0.05439330543933055,0.6363636363636364,0.058577405857740586,0.0,0.38810773641189056,0.0,0.09090909090909091,0.0,0.09090909090909091,6.2175732217573225
https://doi.org/10.3390/cmd7020031,0.005319148936170213,0.25,0.005319148936170213,0.0,0.3604483903424982,0.0,0.125,0.0,0.125,5.888297872340425
https://doi.org/10.3390/cmd7020032,0.028070175438596492,0.2727272727272727,0.0035087719298245615,0.007017543859649123,0.4138863842386841,0.0,0.18181818181818182,0.0,0.09090909090909091,6.712280701754386
https://doi.org/10.3390/cmd7020033,0.013215859030837005,0.3,0.05286343612334802,0.004405286343612335,0.3273278940662542,0.0,0.1,0.0,0.1,6.0
https://doi.org/10.3390/cmd7020034,0.039603960396039604,0.4,0.0,0.009900990099009901,0.3952963322312303,0.0,0.1,0.0,0.0,7.094059405940594
https://doi.org/10.3390/cmd7020035,0.014035087719298246,0.5,0.010526315789473684,0.0035087719298245615,0.3833564166641785,0.0,0.6666666666666666,0.0,0.16666666666666666,6.424561403508772
https://doi.org/10.3390/cmd7020036,0.017241379310344827,0.3333333333333333,0.0,0.004310344827586207,0.30533553014525583,0.0,0.1111111111111111,0.0,0.1111111111111111,6.241379310344827
https://doi.org/10.3390/cmd7020037,0.0,0.5,0.012448132780082987,0.004149377593360996,0.48263165795855256,0.0,0.07142857142857142,0.0,0.0,6.319502074688796
https://doi.org/10.3390/cmd7020038,0.024271844660194174,0.7777777777777778,0.0048543689320388345,0.009708737864077669,0.20641059830552716,0.0,0.0,0.0,0.1111111111111111,5.368932038834951
https://doi.org/10.3390/cmd7020039,0.010869565217391304,0.42857142857142855,0.016304347826086956,0.0,0.17810836530623847,0.0,0.0,0.0,0.14285714285714285,6.065217391304348
https://doi.org/10.3390/cmd7020040,0.00881057268722467,0.5,0.1145374449339207,0.004405286343612335,0.28620803296530023,0.0,0.0,0.0,0.1,5.73568281938326
https://doi.org/10.3390/cmd7030041,0.03932584269662921,0.4444444444444444,0.0056179775280898875,0.0056179775280898875,0.21155247622205312,0.0,0.0,0.0,0.1111111111111111,5.96067415730337
https://doi.org/10.3390/cmd7030042,0.012345679012345678,0.1,0.0,0.0,0.23282872691054546,0.0,0.0,0.0,0.1,6.279835390946502
https://doi.org/10.3390/cmd7030043,0.017543859649122806,0.3333333333333333,0.0,0.005847953216374269,0.39851988391580867,0.0,0.1111111111111111,0.0,0.1111111111111111,6.216374269005848
https://doi.org/10.1002/maco.70106,0.022727272727272728,0.0,0.007575757575757576,0.0,0.3468340346139272,0.0,0.0,0.0,0.125,7.583333333333333
https://doi.org/10.1002/maco.70113,0.05844155844155844,0.2857142857142857,0.032467532467532464,0.006493506493506494,0.45063250838694735,0.0,0.14285714285714285,0.0,0.2857142857142857,5.987012987012987
https://doi.org/10.1002/maco.70114,0.018867924528301886,0.0,0.006289308176100629,0.0,0.18195567473571614,0.0,0.0,0.0,0.0,6.050314465408805
https://doi.org/10.1002/maco.70152,0.02631578947368421,0.8571428571428571,0.015789473684210527,0.005263157894736842,0.3021621072506805,0.0,0.14285714285714285,0.0,0.0,5.089473684210526
https://doi.org/10.1002/maco.70105,0.018633540372670808,0.375,0.11180124223602485,0.0,0.18664570436418285,0.0,0.0,0.0,0.125,5.770186335403727
https://doi.org/10.1002/maco.70158,0.025906735751295335,0.8333333333333334,0.046632124352331605,0.0051813471502590676,0.237721652786621,0.0,0.5,0.0,0.16666666666666666,5.119170984455959
https://doi.org/10.1002/maco.70153,0.016129032258064516,0.16666666666666666,0.04838709677419355,0.008064516129032258,0.18460521197192897,0.0,0.0,0.0,0.16666666666666666,6.048387096774194
https://doi.org/10.1002/maco.70097,0.028037383177570093,0.25,0.009345794392523364,0.0,0.40208644419250383,0.0,0.25,0.0,0.0,5.233644859813084
https://doi.org/10.1002/maco.70107,0.017964071856287425,0.3333333333333333,0.041916167664670656,0.005988023952095809,0.3051543067363091,0.0,0.3333333333333333,0.0,0.16666666666666666,6.149700598802395
https://doi.org/10.1002/maco.70112,0.018518518518518517,0.2857142857142857,0.10493827160493827,0.0,0.2979634169419054,0.0,0.0,0.0,0.0,7.339506172839506
https://doi.org/10.1002/maco.70115,0.009523809523809525,0.25,0.009523809523809525,0.0,0.14349065879351774,0.0,0.0,0.0,0.0,5.876190476190477
https://doi.org/10.1002/maco.70110,0.05084745762711865,1.0,0.01694915254237288,0.0,0.11864406779661017,0.0,0.0,0.0,0.0,5.1525423728813555
https://doi.org/10.1002/maco.70116,0.023255813953488372,0.6,0.05426356589147287,0.007751937984496124,0.2211681025998001,0.0,0.0,0.0,0.0,7.116279069767442
https://doi.org/10.1002/maco.70118,0.04929577464788732,0.5714285714285714,0.007042253521126761,0.0,0.39849448875479176,0.0,0.0,0.0,0.0,7.126760563380282
https://doi.org/10.1002/maco.70125,0.018404907975460124,0.6,0.11042944785276074,0.012269938650306749,0.41861894746581546,0.0,0.6,0.0,0.0,5.846625766871166
https://doi.org/10.1002/maco.70119,0.016042780748663103,0.875,0.026737967914438502,0.0,0.3340855325655032,0.0,0.125,0.0,0.0,4.994652406417113
https://doi.org/10.1002/maco.70126,0.014492753623188406,0.8571428571428571,0.06521739130434782,0.014492753623188406,0.16650906221849357,0.0,0.0,0.0,0.0,6.6231884057971016
https://doi.org/10.1002/maco.70124,0.07258064516129033,0.0,0.04032258064516129,0.0,0.3884385347997515,0.0,0.0,0.0,0.0,7.225806451612903
https://doi.org/10.1002/maco.70129,0.05405405405405406,0.6,0.013513513513513514,0.0,0.3521301140755509,0.0,0.4,0.0,0.0,6.006756756756757
https://doi.org/10.1002/maco.70117,0.03333333333333333,0.8,0.08666666666666667,0.0,0.5637178175095922,0.0,0.2,0.0,0.0,4.88
https://doi.org/10.1002/maco.70120,0.020202020202020204,0.2,0.010101010101010102,0.0,0.49628761602174726,0.0,0.2,0.0,0.0,5.656565656565657
https://doi.org/10.1002/maco.70127,0.010869565217391304,0.25,0.03260869565217391,0.010869565217391304,0.23413760031019581,0.0,0.0,0.0,0.25,7.086956521739131
https://doi.org/10.1002/maco.70136,0.018404907975460124,0.2,0.03067484662576687,0.0,0.28287464744536206,0.0,0.4,0.0,0.0,6.030674846625767
https://doi.org/10.1002/maco.70139,0.039735099337748346,0.5,0.13245033112582782,0.0,0.31153995990302186,0.0,0.16666666666666666,0.0,0.0,6.814569536423841
https://doi.org/10.1002/maco.70138,0.025157232704402517,0.2857142857142857,0.006289308176100629,0.0,0.2721170773935086,0.0,0.0,0.0,0.0,6.320754716981132
https://doi.org/10.1002/maco.70137,0.03680981595092025,0.25,0.06748466257668712,0.0,0.31131569218074295,0.0,0.125,0.0,0.125,6.067484662576687
https://doi.org/10.1002/maco.70135,0.04285714285714286,0.16666666666666666,0.007142857142857143,0.0,0.20652617564001371,0.0,0.0,0.0,0.16666666666666666,7.257142857142857
https://doi.org/10.1002/maco.70142,0.042682926829268296,0.75,0.04878048780487805,0.0,0.2957159915361498,0.0,0.0,0.0,0.125,4.841463414634147
https://doi.org/10.1002/maco.70143,0.019736842105263157,0.42857142857142855,0.019736842105263157,0.0,0.24333213169614376,0.0,0.0,0.0,0.0,5.322368421052632
https://doi.org/10.1002/maco.70145,0.057971014492753624,0.6666666666666666,0.021739130434782608,0.007246376811594203,0.24077170617153842,0.0,0.0,0.0,0.0,5.768115942028985
https://doi.org/10.1002/maco.70146,0.01948051948051948,0.5,0.006493506493506494,0.0,0.4194222145962375,0.0,0.16666666666666666,0.0,0.16666666666666666,5.590909090909091
https://doi.org/10.1002/maco.70130,0.014388489208633094,0.0,0.04316546762589928,0.007194244604316547,0.1751913044875672,0.0,0.0,0.0,0.0,6.136690647482014
https://doi.org/10.1002/maco.70128,0.04,0.2857142857142857,0.04,0.0,0.23645530467957596,0.0,0.0,0.0,0.0,6.873333333333333
https://doi.org/10.1002/maco.70141,0.030120481927710843,0.375,0.04819277108433735,0.012048192771084338,0.3612449241099988,0.0,0.0,0.0,0.125,5.86144578313253
https://doi.org/10.1002/maco.70140,0.009259259259259259,0.75,0.009259259259259259,0.009259259259259259,0.30202789685740905,0.0,0.0,0.0,0.25,6.027777777777778
https://doi.org/10.1002/maco.70131,0.02127659574468085,1.0,0.010638297872340425,0.0,0.1702127659574468,0.0,1.0,0.0,0.0,5.73404255319149
https://doi.org/10.1002/maco.70147,0.01680672268907563,0.75,0.008403361344537815,0.0,0.35997394942191424,0.0,0.25,0.0,0.0,5.084033613445378
https://doi.org/10.1002/maco.70144,0.038834951456310676,0.5,0.10679611650485436,0.009708737864077669,0.20434529300824453,0.0,0.0,0.0,0.0,5.339805825242719
https://doi.org/10.1002/maco.70154,0.011363636363636364,0.2857142857142857,0.005681818181818182,0.005681818181818182,0.3350827885860621,0.0,0.14285714285714285,0.0,0.0,5.6647727272727275
https://doi.org/10.1002/maco.70155,0.025477707006369428,0.5714285714285714,0.050955414012738856,0.006369426751592357,0.18894773215530353,0.0,0.0,0.0,0.2857142857142857,6.407643312101911
https://doi.org/10.1002/maco.70156,0.017857142857142856,0.42857142857142855,0.041666666666666664,0.0,0.3666396093912974,0.0,0.14285714285714285,0.0,0.14285714285714285,5.994047619047619
https://doi.org/10.1002/maco.70159,0.04054054054054054,1.0,0.08108108108108109,0.006756756756756757,0.3600787187695737,0.0,0.16666666666666666,0.0,0.0,5.547297297297297
https://doi.org/10.1002/maco.70160,0.07194244604316546,0.8333333333333334,0.03597122302158273,0.007194244604316547,0.24848800056360493,0.0,0.0,0.0,0.0,6.057553956834532
https://doi.org/10.1002/maco.70157,0.04093567251461988,0.0,0.04678362573099415,0.005847953216374269,0.3466114973739753,0.0,0.3333333333333333,0.0,0.0,5.970760233918129
https://doi.org/10.1002/maco.70148,0.0196078431372549,0.75,0.0196078431372549,0.00980392156862745,0.2914915440650687,0.0,0.0,0.0,0.0,5.9411764705882355
https://doi.org/10.1002/maco.70164,0.05,0.6,0.007142857142857143,0.0,0.3088821187205665,0.0,0.2,0.0,0.0,6.064285714285714
https://doi.org/10.1002/maco.70162,0.025547445255474453,0.38461538461538464,0.010948905109489052,0.0036496350364963502,0.423735044487591,0.0,0.0,0.0,0.15384615384615385,5.967153284671533
https://doi.org/10.1002/maco.70169,0.016483516483516484,0.5,0.03296703296703297,0.005494505494505495,0.40331317150555096,0.0,0.125,0.0,0.125,5.467032967032967
https://doi.org/10.1002/maco.70171,0.03821656050955414,0.3333333333333333,0.044585987261146494,0.006369426751592357,0.27770992810944767,0.0,0.16666666666666666,0.0,0.16666666666666666,6.490445859872612
https://doi.org/10.1002/maco.70172,0.024539877300613498,0.42857142857142855,0.06134969325153374,0.012269938650306749,0.33792489212074633,0.0,0.14285714285714285,0.0,0.14285714285714285,6.128834355828221
https://doi.org/10.1002/maco.70174,0.0273972602739726,0.6,0.0410958904109589,0.0136986301369863,0.3613946837882992,0.0,0.4,0.0,0.2,5.808219178082192
https://doi.org/10.1002/maco.70173,0.038461538461538464,0.14285714285714285,0.005494505494505495,0.0,0.4886713229529486,0.0,0.14285714285714285,0.0,0.0,5.4010989010989015
https://doi.org/10.1002/maco.70165,0.029197080291970802,1.0,0.0364963503649635,0.0,0.3099397627089364,0.0,0.5,0.0,0.0,5.467153284671533
https://doi.org/10.1002/maco.70163,0.072992700729927,0.125,0.13138686131386862,0.0072992700729927005,0.3484589273658397,0.125,0.0,0.0,0.125,7.153284671532846
https://doi.org/10.1002/maco.70183,0.032679738562091505,0.16666666666666666,0.0457516339869281,0.013071895424836602,0.5726698771180484,0.0,0.3333333333333333,0.0,0.3333333333333333,5.895424836601308
https://doi.org/10.1002/maco.70182,0.0673076923076923,0.5,0.20192307692307693,0.019230769230769232,0.21586484923695817,0.0,0.0,0.0,0.0,5.990384615384615
https://doi.org/10.1002/maco.70189,0.04142011834319527,0.375,0.047337278106508875,0.0,0.34171277439008074,0.0,0.0,0.0,0.25,5.887573964497041
https://doi.org/10.1002/maco.70185,0.020833333333333332,0.8333333333333334,0.052083333333333336,0.0,0.24473625259314022,0.0,0.3333333333333333,0.0,0.0,5.140625
https://doi.org/10.1002/maco.70188,0.01935483870967742,0.2857142857142857,0.03870967741935484,0.0064516129032258064,0.3365986441482731,0.0,0.14285714285714285,0.0,0.0,6.258064516129032
https://doi.org/10.1002/maco.70187,0.018867924528301886,0.2857142857142857,0.03773584905660377,0.0,0.3333926611496496,0.0,0.0,0.0,0.0,5.767295597484277
https://doi.org/10.1002/maco.70190,0.012578616352201259,0.3333333333333333,0.06918238993710692,0.0,0.589352139208434,0.0,0.3333333333333333,0.0,0.0,6.49685534591195
https://doi.org/10.1002/maco.70181,0.020618556701030927,0.8333333333333334,0.02577319587628866,0.0,0.28939523397150924,0.0,0.3333333333333333,0.0,0.0,5.0
https://doi.org/10.1002/maco.70193,0.05228758169934641,0.6,0.006535947712418301,0.0,0.279292295676098,0.0,0.4,0.0,0.2,5.8431372549019605
https://doi.org/10.1002/maco.70180,0.02054794520547945,0.0,0.0273972602739726,0.0136986301369863,0.43985190021924175,0.0,0.16666666666666666,0.0,0.3333333333333333,6.931506849315069
https://doi.org/10.1002/maco.70186,0.038834951456310676,0.25,0.05825242718446602,0.0,0.22540168478143496,0.0,0.0,0.0,0.0,6.825242718446602
https://doi.org/10.1002/maco.70192,0.0410958904109589,0.4,0.0547945205479452,0.00684931506849315,0.20132792406437078,0.0,0.2,0.0,0.0,6.8493150684931505
https://doi.org/10.1002/maco.70198,0.02,0.6,0.07333333333333333,0.0,0.32591750830880845,0.0,0.2,0.0,0.2,5.38
https://doi.org/10.1002/maco.70196,0.02097902097902098,0.7142857142857143,0.08391608391608392,0.0,0.4119350062943536,0.0,0.14285714285714285,0.0,0.2857142857142857,5.804195804195804
https://doi.org/10.1002/maco.70199,0.018633540372670808,0.25,0.012422360248447204,0.006211180124223602,0.4529905260053373,0.0,0.125,0.0,0.125,6.080745341614906
https://doi.org/10.1002/maco.70202,0.023952095808383235,0.3333333333333333,0.023952095808383235,0.0,0.25524720342451634,0.0,0.16666666666666666,0.0,0.0,5.88622754491018
https://doi.org/10.1002/maco.70197,0.024390243902439025,0.2,0.024390243902439025,0.0,0.12103312951999519,0.0,0.2,0.0,0.0,6.054878048780488
https://doi.org/10.1002/maco.70191,0.01680672268907563,0.4,0.058823529411764705,0.0,0.17098310881828407,0.0,0.0,0.0,0.0,5.907563025210084
https://doi.org/10.1002/maco.70200,0.007194244604316547,0.75,0.04316546762589928,0.0,0.35675039620769605,0.0,0.5,0.0,0.0,5.9784172661870505
https://doi.org/10.1002/maco.70211,0.022988505747126436,0.4444444444444444,0.05747126436781609,0.0,0.4313791725240278,0.1111111111111111,0.0,0.0,0.0,5.7298850574712645
https://doi.org/10.1002/maco.70201,0.02824858757062147,0.5714285714285714,0.06779661016949153,0.0,0.28808019850806693,0.0,0.14285714285714285,0.0,0.0,5.68361581920904
https://doi.org/10.1002/maco.70178,0.03333333333333333,0.2,0.03333333333333333,0.0,0.4346134936801766,0.2,0.0,0.0,0.0,4.783333333333333
https://doi.org/10.1002/maco.70195,0.019736842105263157,0.1111111111111111,0.06578947368421052,0.013157894736842105,0.4363979987309737,0.0,0.0,0.0,0.1111111111111111,5.901315789473684
https://doi.org/10.1002/maco.70212,0.02702702702702703,0.14285714285714285,0.07432432432432433,0.006756756756756757,0.23229883023879844,0.0,0.0,0.0,0.0,5.716216216216216
https://doi.org/10.1002/maco.70194,0.034782608695652174,0.2,0.034782608695652174,0.0,0.2974370674171664,0.0,0.0,0.0,0.0,6.6173913043478265
https://doi.org/10.1002/maco.70203,0.024752475247524754,0.6363636363636364,0.01485148514851485,0.0,0.26298267297610745,0.0,0.0,0.0,0.0,5.242574257425742
