doc_id,ASL,MWL,LD,LC,JD,HD
https://doi.org/10.1108/acmm-02-2014-1352,17.88235294117647,6.980263157894737,0.6644736842105263,0.5493421052631579,0.0164473684210526,0.0328947368421052
https://doi.org/10.1108/acmm-10-2013-1302,21.6,6.787037037037037,0.7083333333333334,0.5648148148148148,0.0231481481481481,0.0277777777777777
https://doi.org/10.1108/acmm-10-2013-1307,15.545454545454543,7.099415204678363,0.695906432748538,0.6374269005847953,0.0116959064327485,0.0116959064327485
https://doi.org/10.1108/acmm-01-2014-1339,20.066666666666663,6.362126245847176,0.6710963455149501,0.4950166112956811,0.0199335548172757,0.0099667774086378
https://doi.org/10.1108/acmm-05-2014-1389,24.0,6.708333333333333,0.6541666666666667,0.5416666666666666,0.0166666666666666,0.0416666666666666
https://doi.org/10.1108/acmm-04-2014-1375,21.08333333333333,6.976284584980237,0.6482213438735178,0.5573122529644269,0.0158102766798418,0.0079051383399209
https://doi.org/10.1108/acmm-11-2013-1324,18.384615384615383,6.97071129707113,0.698744769874477,0.606694560669456,0.0251046025104602,0.0209205020920502
https://doi.org/10.1108/acmm-11-2013-1319,16.071428571428573,6.528888888888889,0.6711111111111111,0.5911111111111111,0.0355555555555555,0.0177777777777777
https://doi.org/10.1108/acmm-05-2014-1381,23.09090909090909,6.732283464566929,0.6811023622047244,0.5984251968503937,0.0314960629921259,0.0393700787401574
https://doi.org/10.1108/acmm-10-2013-1308,28.77777777777778,6.239382239382239,0.6872586872586872,0.5096525096525096,0.0347490347490347,0.0154440154440154
https://doi.org/10.1108/acmm-06-2014-1396,21.375,6.695906432748538,0.7192982456140351,0.5380116959064327,0.0409356725146198,0.023391812865497
https://doi.org/10.1108/acmm-12-2013-1333,17.25,6.358695652173913,0.6920289855072463,0.6159420289855072,0.0434782608695652,0.0217391304347826
https://doi.org/10.1108/acmm-11-2013-1321,27.375,6.904109589041096,0.6712328767123288,0.547945205479452,0.0410958904109589,0.0136986301369863
https://doi.org/10.1108/acmm-05-2014-1388,19.727272727272727,7.092165898617512,0.6820276497695853,0.456221198156682,0.0230414746543778,0.0184331797235023
https://doi.org/10.1108/acmm-01-2014-1342,29.0,6.2011494252873565,0.6436781609195402,0.4597701149425287,0.028735632183908,0.0114942528735632
https://doi.org/10.1108/acmm-01-2015-1498,36.5,6.260273972602739,0.726027397260274,0.5205479452054794,0.0273972602739726,0.0136986301369863
https://doi.org/10.1108/acmm-04-2014-1367,26.3,6.437262357414449,0.6121673003802282,0.5133079847908745,0.0228136882129277,0.0228136882129277
https://doi.org/10.1108/acmm-10-2013-1305,20.75,6.234939759036145,0.6445783132530121,0.5783132530120482,0.0301204819277108,0.0240963855421686
https://doi.org/10.1108/acmm-12-2013-1331,26.357142857142858,6.666666666666667,0.6287262872628726,0.4634146341463415,0.016260162601626,0.005420054200542
https://doi.org/10.1108/acmm-11-2013-1320,20.58333333333333,7.044534412955466,0.6923076923076923,0.6072874493927125,0.0121457489878542,0.0242914979757085
https://doi.org/10.1108/acmm-03-2014-1364,14.266666666666667,7.313084112149533,0.7009345794392523,0.6308411214953271,0.02803738317757,0.0186915887850467
https://doi.org/10.1108/acmm-12-2013-1336,19.75,6.905063291139241,0.6962025316455697,0.6518987341772152,0.050632911392405,0.050632911392405
https://doi.org/10.1108/acmm-10-2013-1311,21.857142857142858,7.202614379084968,0.6928104575163399,0.5424836601307189,0.0261437908496732,0.0261437908496732
https://doi.org/10.1108/acmm-11-2013-1317,20.454545454545453,7.191111111111111,0.6577777777777778,0.5111111111111111,0.0266666666666666,0.0133333333333333
https://doi.org/10.1108/acmm-01-2014-1343,17.25,6.836956521739131,0.6630434782608695,0.4891304347826087,0.0181159420289855,0.0217391304347826
https://doi.org/10.1108/acmm-07-2013-1276,22.0,7.063636363636364,0.6818181818181818,0.6909090909090909,0.0181818181818181,0.0636363636363636
https://doi.org/10.1108/acmm-07-2014-1410,24.2,6.723140495867769,0.640495867768595,0.6033057851239669,0.0165289256198347,0.0330578512396694
https://doi.org/10.1108/acmm-12-2014-1475,16.133333333333333,7.0578512396694215,0.6818181818181818,0.5991735537190083,0.0206611570247933,0.0165289256198347
https://doi.org/10.1108/acmm-06-2013-1271,27.90909090909091,6.661237785016287,0.6547231270358306,0.5537459283387622,0.01628664495114,0.009771986970684
https://doi.org/10.1108/acmm-01-2015-1495,16.0,6.5978260869565215,0.6847826086956522,0.4728260869565217,0.0108695652173913,0.0108695652173913
https://doi.org/10.1108/acmm-01-2015-1490,24.181818181818183,6.015037593984962,0.6729323308270677,0.4210526315789473,0.0225563909774436,0.0263157894736842
https://doi.org/10.1108/acmm-09-2014-1433,17.6875,6.636042402826855,0.6678445229681979,0.4840989399293286,0.0176678445229682,0.0212014134275618
https://doi.org/10.1108/acmm-01-2015-1492,24.55555555555556,6.864253393665158,0.6515837104072398,0.6063348416289592,0.0542986425339366,0.0226244343891402
https://doi.org/10.1108/acmm-03-2014-1357,19.785714285714285,6.296028880866426,0.7003610108303249,0.5379061371841155,0.0324909747292418,0.0216606498194945
https://doi.org/10.1108/acmm-11-2013-1323,24.846153846153847,6.575851393188855,0.6408668730650154,0.4953560371517028,0.0278637770897832,0.0247678018575851
https://doi.org/10.1108/acmm-01-2014-1340,18.727272727272727,6.616504854368932,0.6893203883495146,0.6504854368932039,0.0339805825242718,0.0097087378640776
https://doi.org/10.1108/acmm-01-2014-1344,23.5,6.053191489361702,0.7269503546099291,0.5035460992907801,0.0141843971631205,0.0141843971631205
https://doi.org/10.1108/acmm-12-2013-1329,25.375,6.798029556650246,0.6551724137931034,0.5270935960591133,0.0246305418719211,0.0098522167487684
https://doi.org/10.1108/acmm-03-2014-1359,15.3,6.666666666666667,0.7058823529411765,0.5882352941176471,0.0326797385620915,0.0261437908496732
https://doi.org/10.1108/acmm-12-2013-1338,25.5,6.496732026143791,0.6862745098039216,0.5816993464052288,0.0392156862745098,0.0196078431372549
https://doi.org/10.1108/acmm-10-2013-1312,16.25,6.938461538461539,0.6923076923076923,0.5692307692307692,0.0205128205128205,0.0153846153846153
https://doi.org/10.1108/acmm-01-2015-1496,20.55555555555556,6.289189189189189,0.6324324324324324,0.3513513513513513,0.0216216216216216,0.0135135135135135
https://doi.org/10.1108/acmm-01-2015-1497,20.666666666666668,6.532258064516129,0.6854838709677419,0.6774193548387096,0.0564516129032258,0.0483870967741935
https://doi.org/10.1108/acmm-01-2014-1347,18.857142857142858,6.53030303030303,0.6893939393939394,0.6136363636363636,0.053030303030303,0.0227272727272727
https://doi.org/10.1108/acmm-01-2015-1488,19.83333333333333,6.684873949579832,0.6932773109243697,0.5294117647058824,0.0378151260504201,0.0042016806722689
https://doi.org/10.1108/acmm-11-2013-1326,23.8,6.705882352941177,0.634453781512605,0.5672268907563025,0.0210084033613445,0.0126050420168067
https://doi.org/10.1108/acmm-01-2015-1487,25.0,7.125714285714285,0.6971428571428572,0.5542857142857143,0.0285714285714285,0.0228571428571428
https://doi.org/10.1108/acmm-01-2015-1486,22.33333333333333,7.1940298507462686,0.7238805970149254,0.5895522388059702,0.0373134328358208,0.044776119402985
https://doi.org/10.1108/acmm-10-2013-1304,24.166666666666668,7.227586206896552,0.6689655172413793,0.5241379310344828,0.0689655172413793,0.0206896551724137
https://doi.org/10.1108/acmm-10-2013-1301,30.666666666666668,6.478260869565218,0.6340579710144928,0.5507246376811594,0.0144927536231884,0.0108695652173913
https://doi.org/10.1108/acmm-07-2013-1290,17.916666666666668,7.018604651162791,0.7162790697674418,0.5488372093023256,0.0325581395348837,0.0186046511627906
https://doi.org/10.1108/acmm-07-2011-1137,17.63157894736842,6.480597014925373,0.6805970149253732,0.4477611940298507,0.0208955223880597,0.0119402985074626
https://doi.org/10.1108/acmm-07-2014-1413,20.5,6.2926829268292686,0.6910569105691057,0.6829268292682927,0.032520325203252,0.032520325203252
https://doi.org/10.1108/acmm-04-2014-1378,19.727272727272727,7.216589861751152,0.6866359447004609,0.5576036866359447,0.0230414746543778,0.0276497695852534
https://doi.org/10.1108/acmm-03-2014-1366,18.928571428571427,6.566037735849057,0.6754716981132075,0.5433962264150943,0.0188679245283018,0.0264150943396226
https://doi.org/10.1108/acmm-01-2014-1345,18.7,7.518716577540107,0.7005347593582888,0.679144385026738,0.0267379679144385,0.0106951871657754
https://doi.org/10.5006/1787,21.0,7.095238095238095,0.6666666666666666,0.7857142857142857,0.1071428571428571,0.0119047619047619
https://doi.org/10.5006/1709,23.0,6.934782608695652,0.6630434782608695,0.7065217391304348,0.0652173913043478,0.0217391304347826
https://doi.org/10.5006/1818,20.692307692307693,6.598513011152416,0.6691449814126395,0.5910780669144982,0.0334572490706319,0.0223048327137546
https://doi.org/10.5006/1837,33.333333333333336,6.96,0.67,0.48,0.055,0.02
https://doi.org/10.5006/1927,16.0,8.09375,0.734375,0.90625,0.078125,0.015625
https://doi.org/10.5006/1566,20.1,6.850746268656716,0.6766169154228856,0.6019900497512438,0.0199004975124378,0.0199004975124378
https://doi.org/10.5006/1766,24.571428571428573,7.162790697674419,0.7674418604651163,0.7267441860465116,0.0813953488372093,0.005813953488372
https://doi.org/10.5006/1770,19.625,6.621019108280255,0.6624203821656051,0.5254777070063694,0.0222929936305732,0.0286624203821656
https://doi.org/10.5006/1672,29.83333333333333,7.027932960893855,0.6815642458100558,0.6759776536312849,0.0391061452513966,0.0335195530726257
https://doi.org/10.5006/1916,17.5,6.325714285714286,0.6628571428571428,0.6571428571428571,0.04,0.0171428571428571
https://doi.org/10.5006/1848,26.88888888888889,6.24793388429752,0.6570247933884298,0.5454545454545454,0.0413223140495867,0.0165289256198347
https://doi.org/10.5006/1703,17.5,6.552380952380952,0.7047619047619048,0.7523809523809524,0.0380952380952381,0.0095238095238095
https://doi.org/10.5006/1852,18.857142857142858,7.628787878787879,0.7727272727272727,0.6666666666666666,0.106060606060606,0.0075757575757575
https://doi.org/10.5006/1865,29.125,6.918454935622318,0.6738197424892703,0.5493562231759657,0.0214592274678111,0.0128755364806866
https://doi.org/10.5006/1949,17.625,6.663120567375887,0.7056737588652482,0.6560283687943262,0.0248226950354609,0.0390070921985815
https://doi.org/10.5006/1888,24.6,7.422764227642276,0.6829268292682927,0.6991869918699187,0.0975609756097561,0.032520325203252
https://doi.org/10.5006/1833,18.166666666666668,6.724770642201835,0.7247706422018348,0.7522935779816514,0.0458715596330275,0.018348623853211
https://doi.org/10.5006/1338,25.818181818181817,6.862676056338028,0.6866197183098591,0.5809859154929577,0.0387323943661971,0.0211267605633802
https://doi.org/10.5006/1657,21.272727272727277,6.196581196581197,0.6581196581196581,0.5384615384615384,0.0256410256410256,0.0299145299145299
https://doi.org/10.5006/1777,23.625,6.804232804232805,0.6984126984126984,0.6878306878306878,0.0264550264550264,0.0264550264550264
https://doi.org/10.5006/1804,20.4,7.151960784313726,0.6274509803921569,0.5147058823529411,0.034313725490196,0.0098039215686274
https://doi.org/10.5006/1918,23.0,6.1231884057971016,0.717391304347826,0.6159420289855072,0.0072463768115942,0.0217391304347826
https://doi.org/10.5006/1692,30.5,6.622950819672131,0.610655737704918,0.5,0.0368852459016393,0.0163934426229508
https://doi.org/10.5006/1811,30.5,7.524590163934426,0.680327868852459,0.6147540983606558,0.081967213114754,0.0081967213114754
https://doi.org/10.5006/1700,28.3,7.445229681978798,0.6784452296819788,0.5512367491166078,0.0318021201413427,0.0141342756183745
https://doi.org/10.5006/1876,30.2,7.09271523178808,0.6622516556291391,0.6688741721854304,0.0463576158940397,0.0132450331125827
https://doi.org/10.5006/1861,23.714285714285715,6.445783132530121,0.6445783132530121,0.572289156626506,0.0542168674698795,0.0120481927710843
https://doi.org/10.5006/1696,21.55555555555556,6.134020618556701,0.6752577319587629,0.4948453608247423,0.0309278350515463,0.0309278350515463
https://doi.org/10.5006/1753,18.466666666666665,6.234657039711191,0.7075812274368231,0.5379061371841155,0.0180505415162454,0.0180505415162454
https://doi.org/10.5006/1851,19.9,6.78391959798995,0.7135678391959799,0.7135678391959799,0.0402010050251256,0.0201005025125628
https://doi.org/10.5006/1601,18.25,6.1506849315068495,0.6712328767123288,0.684931506849315,0.0410958904109589,0.0
https://doi.org/10.5006/1806,22.0,6.9393939393939394,0.7045454545454546,0.6212121212121212,0.0227272727272727,0.0227272727272727
https://doi.org/10.5006/1892,18.285714285714285,6.546875,0.6796875,0.62890625,0.02734375,0.04296875
https://doi.org/10.5006/1617,20.6,6.766990291262136,0.6893203883495146,0.6796116504854369,0.0485436893203883,0.0
https://doi.org/10.5006/1909,15.77777777777778,6.323943661971831,0.6690140845070423,0.5704225352112676,0.0352112676056338,0.0211267605633802
https://doi.org/10.5006/1643,25.0,6.87,0.67,0.59,0.02,0.025
https://doi.org/10.5006/1757,21.0,6.72108843537415,0.6802721088435374,0.6326530612244898,0.0340136054421768,0.0204081632653061
https://doi.org/10.5006/1675,23.0,7.239130434782608,0.6793478260869565,0.6739130434782609,0.0271739130434782,0.0380434782608695
https://doi.org/10.5006/1546,17.6,6.625,0.6818181818181818,0.7954545454545454,0.034090909090909,0.0113636363636363
https://doi.org/10.5006/1925,24.142857142857142,6.775147928994083,0.650887573964497,0.6804733727810651,0.029585798816568,0.0532544378698224
https://doi.org/10.5006/1524,27.25,7.669724770642202,0.7247706422018348,0.7706422018348624,0.055045871559633,0.018348623853211
https://doi.org/10.5006/1887,34.666666666666664,6.884615384615385,0.6538461538461539,0.6346153846153846,0.0673076923076923,0.048076923076923
https://doi.org/10.5006/1694,21.857142857142858,7.398692810457517,0.6993464052287581,0.5620915032679739,0.0588235294117647,0.0261437908496732
https://doi.org/10.5006/1899,32.42857142857143,6.762114537444934,0.6475770925110133,0.5462555066079295,0.0220264317180616,0.0
https://doi.org/10.5006/1543,34.0,6.6647058823529415,0.7411764705882353,0.6,0.0176470588235294,0.0117647058823529
https://doi.org/10.5006/1494,28.666666666666668,6.930232558139535,0.6744186046511628,0.6976744186046512,0.0232558139534883,0.0116279069767441
https://doi.org/10.5006/1813,21.2,7.264150943396227,0.7075471698113207,0.7452830188679245,0.0471698113207547,0.0566037735849056
https://doi.org/10.5006/1875,24.25,6.896907216494846,0.6391752577319587,0.5670103092783505,0.0412371134020618,0.0051546391752577
https://doi.org/10.5006/1705,14.0,6.377551020408164,0.6836734693877551,0.6224489795918368,0.0612244897959183,0.0306122448979591
https://doi.org/10.5006/1798,21.125,6.005917159763314,0.621301775147929,0.5739644970414202,0.0414201183431952,0.0059171597633136
https://doi.org/10.5006/1649,18.33333333333333,7.027272727272727,0.7454545454545455,0.7272727272727273,0.0909090909090909,0.0
https://doi.org/10.5006/1736,18.875,6.688741721854305,0.6821192052980133,0.6754966887417219,0.0264900662251655,0.0198675496688741
https://doi.org/10.5006/1840,19.75,6.89873417721519,0.6582278481012658,0.7341772151898734,0.0759493670886076,0.0
https://doi.org/10.5006/1365,18.444444444444443,7.018072289156627,0.6626506024096386,0.5481927710843374,0.0180722891566265,0.0120481927710843
https://doi.org/10.5006/1624,25.25,7.613861386138613,0.7425742574257426,0.6732673267326733,0.0693069306930693,0.0
https://doi.org/10.5006/1729,19.25,6.746753246753247,0.6558441558441559,0.577922077922078,0.0714285714285714,0.0194805194805194
https://doi.org/10.5006/1652,38.4,6.682291666666667,0.6354166666666666,0.4947916666666667,0.0208333333333333,0.0208333333333333
https://doi.org/10.5006/1645,28.571428571428573,6.545,0.645,0.645,0.04,0.025
https://doi.org/10.5006/1578,17.333333333333332,7.032051282051282,0.6987179487179487,0.6730769230769231,0.032051282051282,0.0256410256410256
https://doi.org/10.5006/1120,26.75,6.710280373831775,0.6448598130841121,0.5841121495327103,0.0607476635514018,0.0186915887850467
https://doi.org/10.5006/1701,15.5,6.494623655913978,0.7634408602150538,0.7849462365591398,0.032258064516129,0.021505376344086
https://doi.org/10.5006/1872,18.83333333333333,7.168141592920354,0.6371681415929203,0.5663716814159292,0.0442477876106194,0.0176991150442477
https://doi.org/10.5006/1854,21.714285714285715,6.572368421052632,0.6776315789473685,0.7039473684210527,0.0657894736842105,0.0197368421052631
https://doi.org/10.5006/1373,24.77777777777778,6.345291479820628,0.6053811659192825,0.5515695067264574,0.0269058295964125,0.0224215246636771
https://doi.org/10.5006/1500,17.818181818181817,6.892857142857143,0.6887755102040817,0.5612244897959183,0.0204081632653061,0.010204081632653
https://doi.org/10.5006/1871,24.5,6.438775510204081,0.6530612244897959,0.7244897959183674,0.0714285714285714,0.0204081632653061
https://doi.org/10.5006/1802,40.5,6.617283950617284,0.6234567901234568,0.5617283950617284,0.0185185185185185,0.0061728395061728
https://doi.org/10.5006/1786,22.272727272727277,6.114285714285714,0.6653061224489796,0.5836734693877551,0.0244897959183673,0.0040816326530612
https://doi.org/10.5006/1885,28.5,6.637426900584796,0.6666666666666666,0.5555555555555556,0.0409356725146198,0.0116959064327485
https://doi.org/10.5006/1556,25.0,6.784,0.672,0.656,0.032,0.0
https://doi.org/10.5006/1328,26.4,6.340909090909091,0.5909090909090909,0.6439393939393939,0.0454545454545454,0.0151515151515151
https://doi.org/10.5006/1763,17.4,6.670498084291188,0.7126436781609196,0.5402298850574713,0.0344827586206896,0.0153256704980842
https://doi.org/10.5006/1870,29.0,6.758620689655173,0.6551724137931034,0.646551724137931,0.0603448275862069,0.0344827586206896
https://doi.org/10.5006/1898,28.714285714285715,6.2288557213930345,0.572139303482587,0.5074626865671642,0.0199004975124378,0.0298507462686567
https://doi.org/10.5006/1859,32.333333333333336,6.458762886597938,0.6185567010309279,0.5309278350515464,0.0206185567010309,0.0154639175257731
https://doi.org/10.5006/1632,14.615384615384617,6.231578947368421,0.6631578947368421,0.5473684210526316,0.0263157894736842,0.0473684210526315
https://doi.org/10.5006/1829,26.571428571428573,7.338709677419355,0.6774193548387096,0.553763440860215,0.032258064516129,0.0
https://doi.org/10.5006/1714,24.0,6.869047619047619,0.6726190476190477,0.6190476190476191,0.0297619047619047,0.0178571428571428
https://doi.org/10.5006/1817,22.0,7.045454545454546,0.6818181818181818,0.696969696969697,0.0303030303030303,0.0227272727272727
https://doi.org/10.5006/1737,25.666666666666668,6.662337662337662,0.6103896103896104,0.7272727272727273,0.0519480519480519,0.0519480519480519
https://doi.org/10.5006/1719,23.285714285714285,7.319018404907975,0.6932515337423313,0.6257668711656442,0.0490797546012269,0.0061349693251533
https://doi.org/10.5006/1819,23.0,6.630434782608695,0.6630434782608695,0.6630434782608695,0.0543478260869565,0.0108695652173913
https://doi.org/10.5006/1794,13.0,6.585798816568047,0.6923076923076923,0.5976331360946746,0.0414201183431952,0.0059171597633136
https://doi.org/10.5006/1495,21.33333333333333,6.2421875,0.6640625,0.6484375,0.0390625,0.0234375
https://doi.org/10.5006/1913,21.33333333333333,7.40625,0.640625,0.765625,0.078125,0.015625
https://doi.org/10.5006/1922,23.75,6.526315789473684,0.6947368421052632,0.6736842105263158,0.031578947368421,0.0
https://doi.org/10.5006/1485,15.1875,6.131687242798354,0.6090534979423868,0.4814814814814814,0.0493827160493827,0.0288065843621399
https://doi.org/10.5006/1754,24.5,6.380952380952381,0.6666666666666666,0.5034013605442177,0.0612244897959183,0.0068027210884353
https://doi.org/10.5006/1738,23.142857142857142,6.783950617283951,0.7037037037037037,0.6790123456790124,0.0308641975308641,0.0123456790123456
https://doi.org/10.5006/1648,21.4,7.009345794392523,0.7009345794392523,0.6822429906542056,0.0560747663551401,0.0373831775700934
https://doi.org/10.5006/1677,32.0,6.625,0.63125,0.6875,0.04375,0.0375
https://doi.org/10.5006/1761,31.11111111111111,6.592857142857143,0.6464285714285715,0.575,0.0392857142857142,0.0142857142857142
https://doi.org/10.5006/1594,14.5,5.862068965517241,0.6896551724137931,0.5747126436781609,0.057471264367816,0.0057471264367816
https://doi.org/10.5006/1691,13.75,6.890909090909091,0.7,0.7090909090909091,0.0363636363636363,0.0181818181818181
https://doi.org/10.5006/1581,15.916666666666666,6.560209424083769,0.6492146596858639,0.6282722513089005,0.0366492146596858,0.0052356020942408
https://doi.org/10.5006/1681,23.0,7.086956521739131,0.6956521739130435,0.717391304347826,0.0217391304347826,0.0217391304347826
https://doi.org/10.5006/1858,19.5,7.0,0.7008547008547008,0.6666666666666666,0.094017094017094,0.0085470085470085
https://doi.org/10.5006/1830,32.5,6.984615384615385,0.6871794871794872,0.5487179487179488,0.0256410256410256,0.0307692307692307
https://doi.org/10.5006/1633,25.375,6.45320197044335,0.6305418719211823,0.5665024630541872,0.0246305418719211,0.0295566502463054
https://doi.org/10.5006/1874,25.75,6.203883495145631,0.6553398058252428,0.616504854368932,0.029126213592233,0.0097087378640776
https://doi.org/10.5006/1780,21.33333333333333,6.7421875,0.6015625,0.5078125,0.0234375,0.0078125
https://doi.org/10.5006/1554,19.285714285714285,7.237037037037037,0.7481481481481481,0.725925925925926,0.0666666666666666,0.0148148148148148
https://doi.org/10.5006/1715,24.75,6.858585858585859,0.6767676767676768,0.797979797979798,0.0505050505050505,0.0303030303030303
https://doi.org/10.5006/1671,13.538461538461538,6.488636363636363,0.6761363636363636,0.5681818181818182,0.0454545454545454,0.0
https://doi.org/10.5006/1750,31.0,7.459677419354839,0.7258064516129032,0.6935483870967742,0.0241935483870967,0.0161290322580645
https://doi.org/10.5006/1539,30.0,6.695238095238095,0.6142857142857143,0.580952380952381,0.0238095238095238,0.0333333333333333
https://doi.org/10.5006/1442,15.8,6.487341772151899,0.6392405063291139,0.6582278481012658,0.050632911392405,0.0063291139240506
https://doi.org/10.5006/1686,26.0,6.615384615384615,0.6428571428571429,0.5274725274725275,0.0219780219780219,0.0054945054945054
https://doi.org/10.5006/1690,28.857142857142858,6.044554455445544,0.693069306930693,0.5,0.0247524752475247,0.0198019801980198
https://doi.org/10.5006/1689,18.58333333333333,6.551569506726457,0.6547085201793722,0.6143497757847534,0.0313901345291479,0.0134529147982062
https://doi.org/10.5006/1868,30.857142857142858,6.7407407407407405,0.6712962962962963,0.5879629629629629,0.0324074074074074,0.0138888888888888
https://doi.org/10.5006/1791,21.166666666666668,7.25984251968504,0.6771653543307087,0.6535433070866141,0.0551181102362204,0.0078740157480314
https://doi.org/10.5006/1808,32.5,6.958974358974359,0.6564102564102564,0.676923076923077,0.0153846153846153,0.0205128205128205
https://doi.org/10.5006/1327,24.142857142857142,6.875739644970414,0.6390532544378699,0.6449704142011834,0.029585798816568,0.0236686390532544
https://doi.org/10.5006/1505,23.25,6.795698924731183,0.7043010752688172,0.7096774193548387,0.0268817204301075,0.0161290322580645
https://doi.org/10.5006/1720,14.666666666666666,6.613636363636363,0.6666666666666666,0.7348484848484849,0.0378787878787878,0.0454545454545454
https://doi.org/10.5006/1904,16.176470588235293,6.930909090909091,0.6836363636363636,0.5054545454545455,0.0327272727272727,0.0072727272727272
https://doi.org/10.5006/1646,23.666666666666668,6.661971830985915,0.704225352112676,0.5915492957746479,0.028169014084507,0.0211267605633802
https://doi.org/10.5006/1638,18.63636363636364,6.765853658536585,0.6731707317073171,0.6390243902439025,0.0146341463414634,0.0097560975609756
https://doi.org/10.1179/1743278215y.0000000057,23.8,7.142857142857143,0.6722689075630253,0.6722689075630253,0.0336134453781512,0.0084033613445378
https://doi.org/10.1179/1743278215y.0000000029,32.0,6.78125,0.6875,0.6979166666666666,0.0520833333333333,0.0
https://doi.org/10.1179/1743278215y.0000000013,27.6,6.811594202898551,0.644927536231884,0.6159420289855072,0.036231884057971,0.0217391304347826
https://doi.org/10.1179/1743278215y.0000000058,41.25,6.539393939393939,0.6606060606060606,0.593939393939394,0.0303030303030303,0.0121212121212121
https://doi.org/10.1179/1743278215y.0000000012,26.444444444444443,7.516806722689076,0.6428571428571429,0.6050420168067226,0.0378151260504201,0.0210084033613445
https://doi.org/10.1179/1743278214y.0000000248,29.0,6.917241379310345,0.6344827586206897,0.6,0.0344827586206896,0.0413793103448275
https://doi.org/10.1179/1743278215y.0000000038,31.666666666666668,6.510526315789473,0.6052631578947368,0.5947368421052631,0.0157894736842105,0.0157894736842105
https://doi.org/10.1179/1743278215y.0000000007,22.285714285714285,6.365384615384615,0.6346153846153846,0.6538461538461539,0.0192307692307692,0.0128205128205128
https://doi.org/10.1179/1743278215y.0000000031,31.2,6.403846153846154,0.6153846153846154,0.5705128205128205,0.0128205128205128,0.0128205128205128
https://doi.org/10.1179/1743278214y.0000000246,24.83333333333333,6.073825503355705,0.610738255033557,0.5436241610738255,0.046979865771812,0.0067114093959731
https://doi.org/10.1179/1743278215y.0000000042,32.333333333333336,7.195876288659794,0.6907216494845361,0.6804123711340206,0.0721649484536082,0.0206185567010309
https://doi.org/10.1179/1743278215y.0000000008,20.571428571428573,6.465277777777778,0.6527777777777778,0.5763888888888888,0.0347222222222222,0.0138888888888888
https://doi.org/10.1179/1478422x15z.000000000383,7.5,8.0,0.8,0.8666666666666667,0.1333333333333333,0.0
https://doi.org/10.1179/1743278215y.0000000015,26.0,6.509615384615385,0.6923076923076923,0.6153846153846154,0.0576923076923076,0.0
https://doi.org/10.1179/1743278215y.0000000004,35.333333333333336,6.89622641509434,0.6415094339622641,0.7641509433962265,0.0660377358490566,0.0188679245283018
https://doi.org/10.1179/1743278215y.0000000055,16.25,7.446153846153846,0.7538461538461538,0.8307692307692308,0.0769230769230769,0.0
https://doi.org/10.1179/1743278215y.0000000028,21.285714285714285,6.442953020134228,0.6778523489932886,0.5234899328859061,0.0671140939597315,0.0067114093959731
https://doi.org/10.1179/1743278215y.0000000051,19.428571428571427,6.463235294117647,0.6617647058823529,0.6617647058823529,0.0367647058823529,0.0073529411764705
https://doi.org/10.1179/1743278215y.0000000016,25.4,7.291338582677166,0.6850393700787402,0.6850393700787402,0.0551181102362204,0.0078740157480314
https://doi.org/10.1179/1743278215y.0000000040,22.571428571428573,6.981012658227848,0.7215189873417721,0.5822784810126582,0.0253164556962025,0.0063291139240506
https://doi.org/10.1179/1743278215y.0000000005,26.666666666666668,6.525,0.675,0.64375,0.025,0.0125
https://doi.org/10.1179/1743278215y.0000000044,25.0,6.593333333333334,0.66,0.62,0.0333333333333333,0.02
https://doi.org/10.1179/1743278215y.0000000011,18.142857142857142,7.118110236220472,0.6929133858267716,0.5118110236220472,0.0393700787401574,0.0157480314960629
https://doi.org/10.1179/1743278215y.0000000047,17.727272727272727,6.723076923076923,0.6564102564102564,0.5487179487179488,0.0358974358974358,0.0102564102564102
https://doi.org/10.1179/1743278215y.0000000022,14.571428571428571,6.647058823529412,0.6862745098039216,0.6470588235294118,0.0392156862745098,0.0098039215686274
https://doi.org/10.1179/1743278215y.0000000049,20.0,6.125,0.6625,0.625,0.01875,0.0375
https://doi.org/10.1179/1743278215y.0000000033,15.166666666666666,7.472527472527473,0.7362637362637363,0.6483516483516484,0.0659340659340659,0.0109890109890109
https://doi.org/10.1179/1743278215y.0000000017,19.166666666666668,8.069565217391304,0.6434782608695652,0.7391304347826086,0.017391304347826,0.008695652173913
https://doi.org/10.1179/1743278215y.0000000003,20.0,6.825,0.6916666666666667,0.6666666666666666,0.0416666666666666,0.0333333333333333
https://doi.org/10.1179/1743278215y.0000000041,29.5,6.822033898305085,0.6864406779661016,0.6779661016949152,0.0254237288135593,0.0
https://doi.org/10.1179/1478422x15z.000000000335,33.333333333333336,6.26,0.66,0.65,0.01,0.01
https://doi.org/10.1179/1743278215y.0000000026,20.25,6.604938271604938,0.7160493827160493,0.6049382716049383,0.0493827160493827,0.0246913580246913
https://doi.org/10.1179/1743278215y.0000000050,21.0,6.984126984126984,0.7222222222222222,0.6825396825396826,0.0714285714285714,0.0079365079365079
https://doi.org/10.1179/1743278215y.0000000030,13.88888888888889,7.088,0.688,0.776,0.04,0.016
https://doi.org/10.1179/1743278215y.0000000037,17.666666666666668,6.867924528301887,0.6981132075471698,0.6226415094339622,0.0377358490566037,0.0
https://doi.org/10.1179/1743278215y.0000000024,19.25,6.928571428571429,0.6818181818181818,0.6103896103896104,0.0454545454545454,0.0194805194805194
https://doi.org/10.1179/1743278215y.0000000006,28.0,5.845238095238095,0.5773809523809523,0.6011904761904762,0.0178571428571428,0.0416666666666666
https://doi.org/10.1179/1478422x15z.000000000336,18.88888888888889,6.405882352941177,0.6705882352941176,0.6470588235294118,0.0352941176470588,0.0235294117647058
https://doi.org/10.1179/1743278215y.0000000043,22.166666666666668,6.661654135338346,0.6616541353383458,0.6616541353383458,0.0300751879699248,0.0225563909774436
https://doi.org/10.1179/1743278215y.0000000036,22.666666666666668,6.838235294117647,0.6544117647058824,0.5735294117647058,0.0294117647058823,0.0147058823529411
https://doi.org/10.1179/1743278215y.0000000020,16.25,6.323076923076923,0.6153846153846154,0.7384615384615385,0.0769230769230769,0.0307692307692307
https://doi.org/10.1179/1743278215y.0000000009,24.83333333333333,6.093959731543624,0.6375838926174496,0.610738255033557,0.0134228187919463,0.0134228187919463
https://doi.org/10.1179/1743278215y.0000000032,25.83333333333333,6.509677419354839,0.632258064516129,0.5483870967741935,0.0193548387096774,0.0129032258064516
https://doi.org/10.1179/1743278215y.0000000001,23.857142857142858,5.790419161676646,0.7125748502994012,0.6646706586826348,0.0179640718562874,0.0059880239520958
https://doi.org/10.1179/1743278215y.0000000039,20.166666666666668,6.553719008264463,0.7024793388429752,0.6694214876033058,0.0661157024793388,0.0165289256198347
https://doi.org/10.1179/1743278215y.0000000018,13.5,7.111111111111111,0.7037037037037037,0.6666666666666666,0.0493827160493827,0.0
https://doi.org/10.1179/1743278215y.0000000019,21.666666666666668,6.407692307692308,0.6076923076923076,0.5615384615384615,0.0461538461538461,0.0153846153846153
https://doi.org/10.1179/1743278215y.0000000053,20.166666666666668,6.925619834710743,0.6776859504132231,0.7024793388429752,0.0413223140495867,0.0082644628099173
https://doi.org/10.1179/1743278215y.0000000023,13.625,7.119266055045872,0.6972477064220184,0.7155963302752294,0.0275229357798165,0.018348623853211
https://doi.org/10.1179/1743278215y.0000000046,19.75,6.974683544303797,0.6962025316455697,0.6075949367088608,0.1139240506329113,0.0
https://doi.org/10.1179/1743278214y.0000000247,21.125,6.621301775147929,0.6272189349112426,0.5798816568047337,0.0177514792899408,0.0059171597633136
https://doi.org/10.1179/1743278215y.0000000035,25.166666666666668,6.629139072847682,0.6754966887417219,0.6225165562913907,0.0397350993377483,0.0
https://doi.org/10.1179/1743278215y.0000000048,13.142857142857142,6.793478260869565,0.6630434782608695,0.6847826086956522,0.0434782608695652,0.0
https://doi.org/10.1179/1743278215y.0000000014,25.0,6.826666666666667,0.6866666666666666,0.6133333333333333,0.06,0.0066666666666666
https://doi.org/10.1179/1743278215y.0000000002,19.33333333333333,7.172413793103448,0.7155172413793104,0.6896551724137931,0.0344827586206896,0.0172413793103448
https://doi.org/10.1179/1743278215y.0000000010,17.75,6.183098591549296,0.6619718309859155,0.6408450704225352,0.028169014084507,0.056338028169014
https://doi.org/10.1179/1743278215y.0000000052,32.6,6.871165644171779,0.6319018404907976,0.5030674846625767,0.0184049079754601,0.0
https://doi.org/10.1179/1478422x14z.000000000315,21.8,6.155963302752293,0.6330275229357798,0.7064220183486238,0.0275229357798165,0.0275229357798165
https://doi.org/10.1179/1743278215y.0000000027,27.75,7.243243243243243,0.7567567567567568,0.6936936936936937,0.063063063063063,0.027027027027027
https://doi.org/10.1179/1743278215y.0000000056,21.0,6.819047619047619,0.7142857142857143,0.7714285714285715,0.0285714285714285,0.019047619047619
https://doi.org/10.1179/1743278214y.0000000245,38.0,6.149122807017544,0.5701754385964912,0.6666666666666666,0.0263157894736842,0.043859649122807
https://doi.org/10.1179/1743278215y.0000000045,19.666666666666668,5.593220338983051,0.6497175141242938,0.5536723163841808,0.0169491525423728,0.0112994350282485
https://doi.org/10.1179/1743278215y.0000000034,27.6,6.949275362318841,0.6594202898550725,0.6304347826086957,0.036231884057971,0.0072463768115942
https://doi.org/10.1179/1743278215y.0000000054,23.5,6.542553191489362,0.6808510638297872,0.7978723404255319,0.0531914893617021,0.0106382978723404
https://doi.org/10.1179/1743278215y.0000000021,17.625,6.48936170212766,0.6879432624113475,0.6524822695035462,0.0496453900709219,0.0
https://doi.org/10.1179/1478422x15z.000000000356,9.0,7.2592592592592595,0.6296296296296297,0.8888888888888888,0.074074074074074,0.0
https://doi.org/10.1179/1743278215y.0000000025,24.2,6.082644628099174,0.7107438016528925,0.6363636363636364,0.0330578512396694,0.024793388429752
https://doi.org/10.1179/1478422x15z.000000000384,8.0,6.0625,0.6875,0.75,0.0,0.0
https://doi.org/10.1179/1478422x15z.000000000364,25.0,6.208,0.648,0.648,0.04,0.024
https://doi.org/10.1179/1478422x15z.000000000394,7.5,8.2,0.8,1.0,0.2,0.0
https://doi.org/10.1016/j.corsci.2015.06.035,25.0,7.72,0.71,0.76,0.04,0.02
https://doi.org/10.1016/j.corsci.2015.11.013,20.2,6.6138613861386135,0.6831683168316832,0.693069306930693,0.0198019801980198,0.0099009900990099
https://doi.org/10.1016/j.corsci.2015.06.023,24.5,6.36734693877551,0.6632653061224489,0.7755102040816326,0.0612244897959183,0.0204081632653061
https://doi.org/10.1016/j.corsci.2015.06.009,16.333333333333332,6.591836734693878,0.673469387755102,0.5714285714285714,0.0612244897959183,0.0306122448979591
https://doi.org/10.1016/j.corsci.2015.05.063,20.0,7.27,0.71,0.75,0.08,0.01
https://doi.org/10.1016/j.corsci.2015.06.008,20.0,6.66,0.68,0.67,0.03,0.02
https://doi.org/10.1016/j.corsci.2015.10.019,21.625,6.104046242774566,0.6878612716763006,0.5549132947976878,0.0173410404624277,0.0057803468208092
https://doi.org/10.1016/j.corsci.2015.08.027,16.333333333333332,7.561224489795919,0.7551020408163265,0.826530612244898,0.0510204081632653,0.0204081632653061
https://doi.org/10.1016/j.corsci.2015.05.013,20.8,6.615384615384615,0.6730769230769231,0.7115384615384616,0.0096153846153846,0.0288461538461538
https://doi.org/10.1016/j.corsci.2015.10.027,24.0,6.572916666666667,0.6458333333333334,0.75,0.0729166666666666,0.0520833333333333
https://doi.org/10.1016/j.corsci.2015.04.023,6.538461538461538,6.294117647058823,0.6705882352941176,0.6941176470588235,0.0352941176470588,0.0235294117647058
https://doi.org/10.1016/j.corsci.2015.05.002,20.2,6.455445544554456,0.693069306930693,0.7326732673267327,0.0297029702970297,0.0099009900990099
https://doi.org/10.1016/j.corsci.2015.06.033,32.333333333333336,5.948453608247423,0.6597938144329897,0.6907216494845361,0.0412371134020618,0.0412371134020618
https://doi.org/10.1016/j.corsci.2015.08.019,18.8,6.319148936170213,0.6595744680851063,0.6914893617021277,0.0638297872340425,0.0106382978723404
https://doi.org/10.1016/j.corsci.2015.03.013,20.0,6.25,0.65,0.71,0.06,0.02
https://doi.org/10.1016/j.corsci.2015.11.020,22.6,6.345132743362832,0.6283185840707964,0.5575221238938053,0.0044247787610619,0.0132743362831858
https://doi.org/10.1002/maco.201508488,37.333333333333336,7.151785714285714,0.7053571428571429,0.7410714285714286,0.0535714285714285,0.0
https://doi.org/10.1002/maco.201408058,19.8,7.161616161616162,0.696969696969697,0.7070707070707071,0.0404040404040404,0.0101010101010101
https://doi.org/10.1002/maco.201408090,19.8,7.555555555555555,0.696969696969697,0.7272727272727273,0.0404040404040404,0.0202020202020202
https://doi.org/10.1002/maco.201408211,25.666666666666668,6.201298701298701,0.6883116883116883,0.5974025974025974,0.0259740259740259,0.0
https://doi.org/10.1002/maco.201408141,14.142857142857142,6.484848484848484,0.6464646464646465,0.5858585858585859,0.0303030303030303,0.0202020202020202
https://doi.org/10.1002/maco.201508701,29.8,6.926174496644295,0.6510067114093959,0.6308724832214765,0.0402684563758389,0.0134228187919463
https://doi.org/10.1002/maco.201508365,27.6,6.905797101449275,0.7246376811594203,0.6666666666666666,0.0652173913043478,0.0144927536231884
https://doi.org/10.1002/maco.201408213,12.823529411764708,6.4495412844036695,0.7110091743119266,0.5825688073394495,0.0275229357798165,0.0091743119266055
https://doi.org/10.1002/maco.201408189,23.33333333333333,6.542857142857143,0.6714285714285714,0.4904761904761904,0.0476190476190476,0.0142857142857142
https://doi.org/10.1002/maco.201408081,22.714285714285715,7.358490566037735,0.6792452830188679,0.5534591194968553,0.0566037735849056,0.0062893081761006
https://doi.org/10.1002/maco.201508629,25.666666666666668,7.311688311688312,0.7077922077922078,0.6493506493506493,0.0454545454545454,0.0194805194805194
https://doi.org/10.1002/maco.201508605,17.0,6.993464052287582,0.6862745098039216,0.6209150326797386,0.0326797385620915,0.0130718954248366
https://doi.org/10.1002/maco.201408174,21.625,5.578034682080925,0.7225433526011561,0.4913294797687861,0.0173410404624277,0.0115606936416184
https://doi.org/10.1002/maco.201508585,32.4,6.567901234567901,0.6111111111111112,0.5679012345679012,0.0246913580246913,0.0185185185185185
https://doi.org/10.1002/maco.201508380,15.181818181818182,6.1017964071856285,0.718562874251497,0.5449101796407185,0.0538922155688622,0.0119760479041916
https://doi.org/10.1002/maco.201508685,38.5,6.623376623376624,0.5584415584415584,0.6428571428571429,0.0649350649350649,0.0259740259740259
https://doi.org/10.1002/maco.201508349,15.461538461538462,5.975124378109452,0.6467661691542289,0.527363184079602,0.0348258706467661,0.0149253731343283
https://doi.org/10.1002/maco.201508255,20.285714285714285,6.556338028169014,0.676056338028169,0.5704225352112676,0.0211267605633802,0.0140845070422535
https://doi.org/10.1002/maco.201508509,11.214285714285714,6.350318471337579,0.6687898089171974,0.6305732484076433,0.0254777070063694,0.019108280254777
https://doi.org/10.1002/maco.201508562,18.444444444444443,7.0120481927710845,0.6927710843373494,0.5903614457831325,0.0240963855421686,0.0240963855421686
https://doi.org/10.1002/maco.201508231,29.4,7.26530612244898,0.6666666666666666,0.564625850340136,0.0340136054421768,0.0204081632653061
https://doi.org/10.1002/maco.201408167,29.6,7.337837837837838,0.722972972972973,0.5945945945945946,0.0405405405405405,0.0135135135135135
https://doi.org/10.1002/maco.201408215,18.416666666666668,6.647058823529412,0.7013574660633484,0.6606334841628959,0.0271493212669683,0.0226244343891402
https://doi.org/10.1002/maco.201508641,28.6,6.811188811188811,0.6153846153846154,0.6433566433566433,0.0209790209790209,0.0069930069930069
https://doi.org/10.1002/maco.201408048,21.2,7.169811320754717,0.660377358490566,0.7169811320754716,0.0283018867924528,0.0
https://doi.org/10.1002/maco.201508597,19.375,6.645161290322581,0.6774193548387096,0.6516129032258065,0.0193548387096774,0.0
https://doi.org/10.1002/maco.201508552,23.428571428571427,6.323170731707317,0.6585365853658537,0.5609756097560976,0.0304878048780487,0.0060975609756097
https://doi.org/10.1002/maco.201508323,18.2,7.065934065934066,0.6923076923076923,0.7362637362637363,0.0769230769230769,0.0439560439560439
https://doi.org/10.1002/maco.201407810,33.0,6.78030303030303,0.6439393939393939,0.6363636363636364,0.0303030303030303,0.0227272727272727
https://doi.org/10.1002/maco.201407948,19.714285714285715,6.63768115942029,0.7101449275362319,0.6231884057971014,0.0507246376811594,0.0072463768115942
https://doi.org/10.1002/maco.201508359,18.142857142857142,5.866141732283465,0.6535433070866141,0.7322834645669292,0.0472440944881889,0.0472440944881889
https://doi.org/10.1002/maco.201408202,20.75,6.951807228915663,0.6144578313253012,0.6987951807228916,0.0481927710843373,0.0120481927710843
https://doi.org/10.1002/maco.201408130,20.6,7.140776699029126,0.6456310679611651,0.6262135922330098,0.0097087378640776,0.0436893203883495
https://doi.org/10.1002/maco.201408012,28.857142857142858,6.51980198019802,0.6584158415841584,0.5742574257425742,0.0396039603960396,0.0148514851485148
https://doi.org/10.1002/maco.201408173,22.666666666666668,6.963235294117647,0.6911764705882353,0.6470588235294118,0.0514705882352941,0.0073529411764705
https://doi.org/10.1002/maco.201508304,22.714285714285715,7.182389937106918,0.6540880503144654,0.6352201257861635,0.0314465408805031,0.0062893081761006
https://doi.org/10.1002/maco.201508618,17.6,6.693181818181818,0.6875,0.6590909090909091,0.0397727272727272,0.0056818181818181
https://doi.org/10.1002/maco.201508502,20.375,6.521472392638037,0.7055214723926381,0.5705521472392638,0.0490797546012269,0.0122699386503067
https://doi.org/10.1002/maco.201508454,21.6,6.796296296296297,0.6851851851851852,0.6759259259259259,0.037037037037037,0.0185185185185185
https://doi.org/10.1002/maco.201408071,19.6,6.642857142857143,0.6632653061224489,0.5408163265306123,0.0306122448979591,0.010204081632653
https://doi.org/10.1002/maco.201508404,9.263157894736842,7.397727272727272,0.6761363636363636,0.6079545454545454,0.0511363636363636,0.0284090909090909
https://doi.org/10.1002/maco.201408115,16.666666666666668,6.58,0.65,0.635,0.055,0.035
https://doi.org/10.1002/maco.201508708,29.428571428571427,6.092233009708738,0.6747572815533981,0.5339805825242718,0.0339805825242718,0.0194174757281553
https://doi.org/10.1002/maco.201508555,25.428571428571427,6.640449438202247,0.7078651685393258,0.5449438202247191,0.0280898876404494,0.0280898876404494
https://doi.org/10.1002/maco.201408013,22.0,6.077922077922078,0.6818181818181818,0.6428571428571429,0.0389610389610389,0.0389610389610389
https://doi.org/10.1002/maco.201408037,10.5,6.98639455782313,0.7210884353741497,0.5510204081632653,0.0476190476190476,0.0136054421768707
https://doi.org/10.1002/maco.201508586,23.0,7.072463768115942,0.6304347826086957,0.644927536231884,0.0507246376811594,0.0144927536231884
https://doi.org/10.1002/maco.201508422,25.25,5.96039603960396,0.6039603960396039,0.594059405940594,0.0198019801980198,0.0
https://doi.org/10.1002/maco.201508569,20.25,7.08641975308642,0.6604938271604939,0.5802469135802469,0.0246913580246913,0.0185185185185185
https://doi.org/10.1002/maco.201508315,17.166666666666668,5.718446601941747,0.7281553398058253,0.6601941747572816,0.029126213592233,0.0097087378640776
https://doi.org/10.1002/maco.201508382,18.0,5.902777777777778,0.6319444444444444,0.4930555555555556,0.0277777777777777,0.0277777777777777
https://doi.org/10.1002/maco.201408105,16.166666666666668,6.824742268041237,0.7216494845360825,0.5463917525773195,0.0412371134020618,0.0103092783505154
https://doi.org/10.1002/maco.201407910,37.75,6.377483443708609,0.6158940397350994,0.6622516556291391,0.0463576158940397,0.0132450331125827
https://doi.org/10.1002/maco.201408059,33.333333333333336,7.3,0.66,0.7,0.1,0.01
https://doi.org/10.1002/maco.201508272,19.8,6.752525252525253,0.6464646464646465,0.5050505050505051,0.0303030303030303,0.0202020202020202
https://doi.org/10.1002/maco.201508505,17.5,6.6971428571428575,0.6742857142857143,0.6285714285714286,0.0285714285714285,0.0
https://doi.org/10.1002/maco.201508719,22.2,7.324324324324325,0.6666666666666666,0.6486486486486487,0.054054054054054,0.036036036036036
https://doi.org/10.1002/maco.201508625,24.0,6.296875,0.625,0.5364583333333334,0.0572916666666666,0.0052083333333333
https://doi.org/10.1002/maco.201408160,36.0,6.409722222222222,0.6875,0.6944444444444444,0.0208333333333333,0.0208333333333333
https://doi.org/10.1002/maco.201508589,21.142857142857142,6.195945945945946,0.6824324324324325,0.5135135135135135,0.0337837837837837,0.0
https://doi.org/10.1002/maco.201508607,21.0,6.845238095238095,0.6428571428571429,0.6071428571428571,0.0297619047619047,0.0059523809523809
https://doi.org/10.1002/maco.201508506,23.625,6.534391534391534,0.6243386243386243,0.5661375661375662,0.0158730158730158,0.0423280423280423
https://doi.org/10.1002/maco.201508344,17.0,6.084033613445378,0.6470588235294118,0.6050420168067226,0.0252100840336134,0.0084033613445378
https://doi.org/10.1002/maco.201508419,17.333333333333332,7.121794871794871,0.6923076923076923,0.6217948717948718,0.0448717948717948,0.032051282051282
https://doi.org/10.1002/maco.201508246,30.33333333333333,6.608058608058608,0.608058608058608,0.5091575091575091,0.0256410256410256,0.0183150183150183
https://doi.org/10.1002/maco.201407886,15.833333333333334,6.3578947368421055,0.6842105263157895,0.7684210526315789,0.031578947368421,0.0105263157894736
https://doi.org/10.1002/maco.201508229,16.833333333333332,6.148514851485149,0.6237623762376238,0.6732673267326733,0.0594059405940594,0.0198019801980198
https://doi.org/10.1002/maco.201508434,20.714285714285715,6.965517241379311,0.6689655172413793,0.6689655172413793,0.0344827586206896,0.0344827586206896
https://doi.org/10.1002/maco.201508312,21.666666666666668,7.01025641025641,0.6923076923076923,0.6307692307692307,0.0307692307692307,0.0205128205128205
https://doi.org/10.1002/maco.201508436,19.83333333333333,6.65546218487395,0.6218487394957983,0.6974789915966386,0.0336134453781512,0.0252100840336134
https://doi.org/10.1002/maco.201508360,8.666666666666666,6.048076923076923,0.6826923076923077,0.7115384615384616,0.0673076923076923,0.0192307692307692
https://doi.org/10.1002/maco.201408046,30.0,6.473333333333334,0.6733333333333333,0.66,0.0333333333333333,0.0133333333333333
https://doi.org/10.1002/maco.201508511,24.75,6.247474747474747,0.6363636363636364,0.4494949494949495,0.0303030303030303,0.005050505050505
https://doi.org/10.1002/maco.201508384,24.2,7.214876033057851,0.7272727272727273,0.5619834710743802,0.0413223140495867,0.0
https://doi.org/10.1002/maco.201408156,17.166666666666668,6.368932038834951,0.6699029126213593,0.6504854368932039,0.029126213592233,0.0485436893203883
https://doi.org/10.1002/maco.201408112,23.0,6.391304347826087,0.6594202898550725,0.6884057971014492,0.0289855072463768,0.0144927536231884
https://doi.org/10.1002/maco.201408203,22.2,6.828828828828829,0.6396396396396397,0.6576576576576577,0.072072072072072,0.0
https://doi.org/10.1002/maco.201508257,17.90909090909091,7.177664974619289,0.6395939086294417,0.583756345177665,0.0304568527918781,0.0
https://doi.org/10.1002/maco.201508608,19.9,7.100502512562814,0.6532663316582915,0.5879396984924623,0.050251256281407,0.0100502512562814
https://doi.org/10.1002/maco.201408168,21.5,6.8895348837209305,0.6046511627906976,0.6802325581395349,0.0232558139534883,0.0348837209302325
https://doi.org/10.1002/maco.201408077,21.125,6.5325443786982245,0.6923076923076923,0.6804733727810651,0.0236686390532544,0.0177514792899408
https://doi.org/10.1002/maco.201408056,24.75,6.262626262626263,0.7070707070707071,0.5505050505050505,0.0303030303030303,0.0202020202020202
https://doi.org/10.1002/maco.201408222,17.166666666666668,6.12621359223301,0.6699029126213593,0.7184466019417476,0.0485436893203883,0.0485436893203883
https://doi.org/10.1002/maco.201408057,19.8,6.959595959595959,0.6565656565656566,0.6464646464646465,0.0707070707070707,0.0
https://doi.org/10.1002/maco.201508383,19.5,6.6923076923076925,0.6923076923076923,0.6752136752136753,0.0427350427350427,0.0085470085470085
https://doi.org/10.1002/maco.201508448,42.333333333333336,7.125984251968504,0.7480314960629921,0.6141732283464567,0.0393700787401574,0.0157480314960629
https://doi.org/10.1002/maco.201408066,24.666666666666668,6.364864864864865,0.6621621621621622,0.6216216216216216,0.027027027027027,0.0
https://doi.org/10.1002/maco.201508609,20.0,6.65,0.7611111111111111,0.7,0.0666666666666666,0.0111111111111111
https://doi.org/10.1002/maco.201508396,22.666666666666668,7.161764705882353,0.6544117647058824,0.6911764705882353,0.0441176470588235,0.0220588235294117
https://doi.org/10.1002/maco.201508635,25.2,7.380952380952381,0.6746031746031746,0.6746031746031746,0.0317460317460317,0.0079365079365079
https://doi.org/10.1002/maco.201508599,22.33333333333333,6.870646766169155,0.6716417910447762,0.6218905472636815,0.0099502487562189,0.0298507462686567
https://doi.org/10.1002/maco.201508410,19.571428571428573,6.656934306569343,0.6788321167883211,0.6423357664233577,0.0510948905109489,0.0145985401459854
https://doi.org/10.1002/maco.201408025,34.6,6.803468208092486,0.6763005780346821,0.6936416184971098,0.0346820809248554,0.0115606936416184
https://doi.org/10.1002/maco.201407881,21.5,7.127906976744186,0.686046511627907,0.5930232558139535,0.0465116279069767,0.0232558139534883
https://doi.org/10.1002/maco.201408185,42.25,6.568047337278107,0.7337278106508875,0.6094674556213018,0.0532544378698224,0.0177514792899408
https://doi.org/10.1002/maco.201508507,20.4,6.549019607843137,0.6372549019607843,0.6568627450980392,0.0196078431372549,0.0
https://doi.org/10.1002/maco.201408210,31.83333333333333,6.973821989528796,0.6596858638743456,0.5602094240837696,0.031413612565445,0.0209424083769633
https://doi.org/10.1002/maco.201408043,18.428571428571427,5.697674418604652,0.6356589147286822,0.5891472868217055,0.0310077519379844,0.0542635658914728
https://doi.org/10.1002/maco.201508378,12.833333333333334,6.857142857142857,0.7142857142857143,0.8051948051948052,0.0649350649350649,0.0259740259740259
https://doi.org/10.1002/maco.201508402,23.428571428571427,6.274390243902439,0.6036585365853658,0.676829268292683,0.0365853658536585,0.048780487804878
https://doi.org/10.1002/maco.201508508,22.75,7.648351648351649,0.7362637362637363,0.7142857142857143,0.0439560439560439,0.0
https://doi.org/10.1002/maco.201408172,24.5,7.255102040816326,0.673469387755102,0.7040816326530612,0.0816326530612244,0.010204081632653
https://doi.org/10.1002/maco.201508659,18.125,7.041379310344827,0.696551724137931,0.6620689655172414,0.0206896551724137,0.0275862068965517
https://doi.org/10.1002/maco.201508339,10.8,6.549382716049383,0.7037037037037037,0.7283950617283951,0.0246913580246913,0.0123456790123456
https://doi.org/10.1002/maco.201408091,15.0,6.066666666666666,0.7666666666666667,0.7444444444444445,0.0888888888888888,0.0111111111111111
https://doi.org/10.1002/maco.201408146,24.0,6.875,0.6770833333333334,0.6666666666666666,0.03125,0.0104166666666666
https://doi.org/10.1002/maco.201508545,18.166666666666668,7.055045871559633,0.7522935779816514,0.5963302752293578,0.036697247706422,0.0091743119266055
https://doi.org/10.1002/maco.201508263,23.75,6.894736842105263,0.6842105263157895,0.7157894736842105,0.0842105263157894,0.0210526315789473
https://doi.org/10.1002/maco.201508643,27.0,6.4907407407407405,0.6759259259259259,0.6111111111111112,0.0555555555555555,0.0092592592592592
https://doi.org/10.1002/maco.201508273,11.22222222222222,6.376237623762377,0.6534653465346535,0.6435643564356436,0.0495049504950495,0.0099009900990099
https://doi.org/10.1002/maco.201508327,20.83333333333333,7.048,0.736,0.616,0.048,0.032
https://doi.org/10.1002/maco.201508566,22.666666666666668,6.215686274509804,0.6813725490196079,0.5882352941176471,0.0490196078431372,0.034313725490196
https://doi.org/10.1002/maco.201508307,19.77777777777778,7.685393258426966,0.7078651685393258,0.6179775280898876,0.0224719101123595,0.0280898876404494
https://doi.org/10.1002/maco.201508325,17.333333333333332,6.910256410256411,0.7115384615384616,0.5705128205128205,0.0448717948717948,0.0192307692307692
https://doi.org/10.1002/maco.201508442,24.83333333333333,6.677852348993288,0.6510067114093959,0.6040268456375839,0.0201342281879194,0.0134228187919463
https://doi.org/10.1002/maco.201408164,18.545454545454547,6.78921568627451,0.6568627450980392,0.6029411764705882,0.0245098039215686,0.0196078431372549
https://doi.org/10.1002/maco.201508390,30.0,6.053333333333334,0.6933333333333334,0.6,0.0333333333333333,0.0
https://doi.org/10.1002/maco.201408124,25.5,6.176470588235294,0.7549019607843137,0.6372549019607843,0.0490196078431372,0.0294117647058823
https://doi.org/10.1002/maco.201508249,11.909090909090908,7.099236641221374,0.7022900763358778,0.6259541984732825,0.0458015267175572,0.0076335877862595
https://doi.org/10.1002/maco.201508320,19.0,6.2105263157894735,0.6736842105263158,0.6947368421052632,0.0421052631578947,0.0105263157894736
https://doi.org/10.1002/maco.201408169,23.33333333333333,6.4,0.6428571428571429,0.5666666666666667,0.0333333333333333,0.0095238095238095
https://doi.org/10.1002/maco.201408190,24.77777777777778,6.645739910313901,0.7219730941704036,0.5291479820627802,0.0403587443946188,0.0269058295964125
https://doi.org/10.1002/maco.201508462,15.555555555555555,6.842857142857143,0.65,0.6357142857142857,0.05,0.0214285714285714
https://doi.org/10.1002/maco.201408110,20.785714285714285,5.003436426116839,0.7903780068728522,0.3642611683848797,0.0274914089347079,0.0103092783505154
https://doi.org/10.1002/maco.201407969,26.4,7.090909090909091,0.6818181818181818,0.6439393939393939,0.0303030303030303,0.0075757575757575
https://doi.org/10.1002/maco.201570051,11.785714285714286,6.084848484848485,0.6848484848484848,0.6545454545454545,0.0424242424242424,0.0121212121212121
https://doi.org/10.1002/maco.201570101,21.5,6.976744186046512,0.7674418604651163,0.9069767441860463,0.0697674418604651,0.0
https://doi.org/10.1002/maco.201570121,17.75,6.464788732394366,0.704225352112676,0.676056338028169,0.0352112676056338,0.0140845070422535
https://doi.org/10.1002/maco.201570071,18.25,6.965753424657534,0.7123287671232876,0.6506849315068494,0.047945205479452,0.0136986301369863
https://doi.org/10.1002/maco.201570111,17.375,6.431654676258993,0.6834532374100719,0.6330935251798561,0.0215827338129496,0.0287769784172661
https://doi.org/10.1002/maco.201570031,8.666666666666666,6.423076923076923,0.8076923076923077,0.7788461538461539,0.0288461538461538,0.0192307692307692
https://doi.org/10.1002/maco.201570021,15.333333333333334,6.570652173913044,0.7228260869565217,0.5869565217391305,0.0380434782608695,0.0163043478260869
https://doi.org/10.1002/maco.201570081,16.857142857142858,6.313559322033898,0.7542372881355932,0.7542372881355932,0.059322033898305,0.0169491525423728
https://doi.org/10.1002/maco.201570024,21.285714285714285,7.0134228187919465,0.697986577181208,0.7315436241610739,0.0335570469798657,0.0201342281879194
https://doi.org/10.1002/maco.201570041,15.4,6.295454545454546,0.698051948051948,0.6038961038961039,0.0194805194805194,0.0162337662337662
https://doi.org/10.1108/acmm-11-2015-1597,20.875,6.9640718562874255,0.6646706586826348,0.5089820359281437,0.0239520958083832,0.0419161676646706
https://doi.org/10.1108/acmm-11-2015-1605,30.83333333333333,6.34054054054054,0.6486486486486487,0.4918918918918919,0.027027027027027,0.027027027027027
https://doi.org/10.1108/acmm-11-2014-1461,21.785714285714285,7.108196721311476,0.6622950819672131,0.4295081967213114,0.0163934426229508,0.0196721311475409
https://doi.org/10.1108/acmm-10-2014-1444,18.90909090909091,6.975961538461538,0.6442307692307693,0.4903846153846153,0.0336538461538461,0.0144230769230769
https://doi.org/10.1108/acmm-11-2015-1606,24.4,6.721311475409836,0.6967213114754098,0.5737704918032787,0.0081967213114754,0.0163934426229508
https://doi.org/10.1108/acmm-10-2014-1443,26.07692307692308,6.460176991150442,0.6371681415929203,0.4601769911504424,0.0206489675516224,0.023598820058997
https://doi.org/10.1108/acmm-10-2014-1447,12.157894736842104,6.93073593073593,0.670995670995671,0.5411255411255411,0.0216450216450216,0.0259740259740259
https://doi.org/10.1108/acmm-01-2015-1485,21.8,7.08256880733945,0.6788990825688074,0.7706422018348624,0.036697247706422,0.0458715596330275
https://doi.org/10.1108/acmm-05-2014-1384,24.866666666666667,6.662198391420912,0.6327077747989276,0.4825737265415549,0.0241286863270777,0.0160857908847185
https://doi.org/10.1108/acmm-05-2014-1390,22.88888888888889,6.62621359223301,0.7087378640776699,0.5,0.0339805825242718,0.0242718446601941
https://doi.org/10.1108/acmm-07-2014-1401,28.22222222222222,7.28740157480315,0.6496062992125984,0.6299212598425197,0.0157480314960629,0.0236220472440944
https://doi.org/10.1108/acmm-08-2013-1298,18.153846153846157,6.5423728813559325,0.6694915254237288,0.5423728813559322,0.0211864406779661,0.0296610169491525
https://doi.org/10.1108/acmm-12-2014-1480,14.352941176470589,6.979508196721311,0.6967213114754098,0.6147540983606558,0.0286885245901639,0.0204918032786885
https://doi.org/10.1108/acmm-12-2014-1479,22.0,6.777777777777778,0.6868686868686869,0.5202020202020202,0.0303030303030303,0.0303030303030303
https://doi.org/10.1108/acmm-11-2014-1458,18.88888888888889,7.276470588235294,0.711764705882353,0.6470588235294118,0.0352941176470588,0.0235294117647058
https://doi.org/10.1108/acmm-10-2014-1454,22.90909090909091,6.03968253968254,0.6388888888888888,0.4801587301587302,0.0436507936507936,0.0158730158730158
https://doi.org/10.1108/acmm-05-2015-1538,34.8,6.781609195402299,0.6752873563218391,0.4281609195402299,0.0344827586206896,0.0229885057471264
https://doi.org/10.1108/acmm-12-2014-1473,21.928571428571427,6.58957654723127,0.6612377850162866,0.5179153094462541,0.022801302931596,0.006514657980456
https://doi.org/10.1108/acmm-11-2015-1610,20.83333333333333,7.232,0.608,0.584,0.016,0.016
https://doi.org/10.1108/acmm-01-2015-1483,25.4,6.301837270341207,0.6246719160104987,0.4199475065616798,0.0183727034120734,0.0183727034120734
https://doi.org/10.1108/acmm-11-2014-1470,18.5,7.104247104247104,0.7104247104247104,0.5714285714285714,0.0231660231660231,0.0154440154440154
https://doi.org/10.1108/acmm-04-2014-1371,24.166666666666668,7.048275862068966,0.6896551724137931,0.6,0.0206896551724137,0.0206896551724137
https://doi.org/10.1108/acmm-11-2015-1609,16.833333333333332,6.53960396039604,0.6336633663366337,0.4306930693069307,0.0346534653465346,0.0099009900990099
https://doi.org/10.1108/acmm-11-2014-1466,24.307692307692307,6.610759493670886,0.6487341772151899,0.3860759493670886,0.0126582278481012,0.0253164556962025
https://doi.org/10.1108/acmm-10-2015-1588,15.818181818181818,7.224137931034483,0.6781609195402298,0.6609195402298851,0.0517241379310344,0.0344827586206896
https://doi.org/10.1108/acmm-01-2015-1489,20.33333333333333,6.868852459016393,0.6475409836065574,0.7131147540983607,0.040983606557377,0.0327868852459016
https://doi.org/10.1108/acmm-09-2015-1573,26.272727272727277,6.429065743944637,0.6770472895040369,0.4429065743944637,0.008073817762399,0.0149942329873125
https://doi.org/10.1108/acmm-12-2015-1622,32.0,6.982142857142857,0.6428571428571429,0.4776785714285714,0.0133928571428571,0.0133928571428571
https://doi.org/10.1108/acmm-11-2015-1613,19.714285714285715,6.688405797101449,0.6956521739130435,0.6231884057971014,0.0144927536231884,0.036231884057971
https://doi.org/10.1108/acmm-10-2014-1452,24.571428571428573,7.622093023255814,0.686046511627907,0.6162790697674418,0.0290697674418604,0.0116279069767441
https://doi.org/10.1108/acmm-06-2014-1394,6.576923076923077,6.871345029239766,0.7076023391812866,0.5730994152046783,0.023391812865497,0.0116959064327485
https://doi.org/10.1108/acmm-12-2014-1474,20.5,5.772357723577236,0.7235772357723578,0.540650406504065,0.008130081300813,0.0121951219512195
https://doi.org/10.1108/acmm-11-2015-1608,24.75,7.343434343434343,0.696969696969697,0.696969696969697,0.0606060606060606,0.0202020202020202
https://doi.org/10.1108/acmm-08-2014-1424,31.5,6.645502645502646,0.6349206349206349,0.5714285714285714,0.0211640211640211,0.0105820105820105
https://doi.org/10.1108/acmm-01-2015-1500,28.444444444444443,6.2734375,0.640625,0.515625,0.01171875,0.02734375
https://doi.org/10.1108/acmm-08-2014-1416,21.3,6.915492957746479,0.6807511737089202,0.5352112676056338,0.0187793427230046,0.0375586854460093
https://doi.org/10.1108/acmm-07-2014-1406,15.428571428571429,7.097222222222222,0.7037037037037037,0.5462962962962963,0.0231481481481481,0.0092592592592592
https://doi.org/10.1108/acmm-09-2014-1426,25.666666666666668,7.487012987012987,0.6753246753246753,0.7337662337662337,0.0324675324675324,0.0129870129870129
https://doi.org/10.1108/acmm-02-2015-1503,16.5,6.745454545454545,0.6606060606060606,0.5333333333333333,0.0181818181818181,0.0121212121212121
https://doi.org/10.1108/acmm-10-2014-1449,28.0,7.335714285714285,0.6642857142857143,0.6571428571428571,0.0142857142857142,0.0714285714285714
https://doi.org/10.1108/acmm-04-2014-1370,24.25,6.020618556701031,0.7422680412371134,0.4123711340206185,0.0309278350515463,0.0103092783505154
https://doi.org/10.1108/acmm-09-2014-1439,28.0,6.107142857142857,0.5714285714285714,0.7857142857142857,0.0714285714285714,0.0
https://doi.org/10.1108/acmm-10-2014-1441,18.1,6.845303867403315,0.6740331491712708,0.569060773480663,0.0441988950276243,0.0276243093922651
https://doi.org/10.1108/acmm-04-2016-1662,18.53333333333333,6.406474820143885,0.7589928057553957,0.420863309352518,0.0107913669064748,0.0215827338129496
https://doi.org/10.1108/acmm-10-2014-1448,29.0,6.724137931034483,0.6551724137931034,0.896551724137931,0.1724137931034483,0.0
https://doi.org/10.1108/acmm-11-2015-1615,31.666666666666668,6.910526315789474,0.6105263157894737,0.5789473684210527,0.0157894736842105,0.0263157894736842
https://doi.org/10.1108/acmm-11-2014-1460,27.11111111111111,6.745901639344262,0.6434426229508197,0.5573770491803278,0.0245901639344262,0.0163934426229508
https://doi.org/10.1108/acmm-09-2014-1427,24.88888888888889,7.138392857142857,0.6205357142857143,0.5178571428571429,0.0178571428571428,0.0357142857142857
https://doi.org/10.1108/acmm-04-2014-1377,25.272727272727277,7.190647482014389,0.6762589928057554,0.4640287769784172,0.0251798561151079,0.0107913669064748
https://doi.org/10.1108/acmm-11-2015-1604,13.1,7.305343511450381,0.7022900763358778,0.6106870229007634,0.0305343511450381,0.0229007633587786
https://doi.org/10.1108/acmm-11-2015-1614,19.625,6.656050955414012,0.6815286624203821,0.5414012738853503,0.0254777070063694,0.0127388535031847
https://doi.org/10.1108/acmm-11-2015-1611,27.25,7.559633027522936,0.6238532110091743,0.6697247706422018,0.036697247706422,0.055045871559633
https://doi.org/10.1108/acmm-11-2015-1607,21.625,6.22543352601156,0.5838150289017341,0.5433526011560693,0.0173410404624277,0.0231213872832369
https://doi.org/10.1108/acmm-08-2014-1419,21.5,7.387596899224806,0.7054263565891473,0.751937984496124,0.0310077519379844,0.0310077519379844
https://doi.org/10.1108/acmm-03-2015-1516,30.0,7.283333333333333,0.6625,0.5916666666666667,0.025,0.0166666666666666
https://doi.org/10.1108/acmm-11-2015-1612,20.4,6.676470588235294,0.6666666666666666,0.7352941176470589,0.0196078431372549,0.0294117647058823
https://doi.org/10.5006/1958,26.625,6.967136150234742,0.647887323943662,0.6009389671361502,0.0375586854460093,0.028169014084507
https://doi.org/10.5006/2137,21.8,6.779816513761468,0.7064220183486238,0.7155963302752294,0.0642201834862385,0.0275229357798165
https://doi.org/10.5006/2026,16.8,6.583333333333333,0.7202380952380952,0.6011904761904762,0.0238095238095238,0.0059523809523809
https://doi.org/10.5006/1910,16.25,7.066666666666666,0.7282051282051282,0.5794871794871795,0.0666666666666666,0.0205128205128205
https://doi.org/10.5006/2107,19.571428571428573,6.474452554744525,0.6386861313868614,0.5036496350364964,0.0218978102189781,0.0255474452554744
https://doi.org/10.5006/2185,22.727272727272727,7.028,0.708,0.636,0.032,0.028
https://doi.org/10.5006/1667,33.4,6.664670658682635,0.6287425149700598,0.5449101796407185,0.0239520958083832,0.0059880239520958
https://doi.org/10.5006/2261,23.545454545454547,6.710424710424711,0.7104247104247104,0.6254826254826255,0.027027027027027,0.0077220077220077
https://doi.org/10.5006/2097,19.75,6.784810126582278,0.6708860759493671,0.6835443037974683,0.0379746835443038,0.0379746835443038
https://doi.org/10.5006/2121,25.666666666666668,6.37012987012987,0.6071428571428571,0.5292207792207793,0.0129870129870129,0.0259740259740259
https://doi.org/10.5006/1967,21.916666666666668,6.593155893536122,0.6273764258555133,0.6121673003802282,0.0304182509505703,0.0494296577946768
https://doi.org/10.5006/2246,18.75,6.88,0.64,0.6466666666666666,0.0533333333333333,0.02
https://doi.org/10.5006/2249,13.0,7.406593406593407,0.7252747252747253,0.6208791208791209,0.0384615384615384,0.0219780219780219
https://doi.org/10.5006/2030,20.375,6.7607361963190185,0.656441717791411,0.5705521472392638,0.0122699386503067,0.0306748466257668
https://doi.org/10.5006/2104,27.5,6.881818181818182,0.6636363636363637,0.4787878787878787,0.0303030303030303,0.0151515151515151
https://doi.org/10.5006/2021,24.25,7.587628865979381,0.7422680412371134,0.7422680412371134,0.0309278350515463,0.0103092783505154
https://doi.org/10.5006/2317,22.55555555555556,6.70935960591133,0.6896551724137931,0.6502463054187192,0.0394088669950738,0.0098522167487684
https://doi.org/10.5006/2255,32.2,7.167701863354037,0.7142857142857143,0.6894409937888198,0.0186335403726708,0.0062111801242236
https://doi.org/10.5006/2141,18.125,7.56551724137931,0.7310344827586207,0.6896551724137931,0.0689655172413793,0.0
https://doi.org/10.5006/1893,19.928571428571427,6.867383512544803,0.6702508960573477,0.6630824372759857,0.007168458781362,0.010752688172043
https://doi.org/10.5006/2274,30.83333333333333,6.389189189189189,0.7297297297297297,0.5405405405405406,0.0162162162162162,0.0216216216216216
https://doi.org/10.5006/2177,28.2,6.631205673758865,0.6737588652482269,0.5957446808510638,0.0354609929078014,0.0212765957446808
https://doi.org/10.5006/1920,17.125,7.2700729927007295,0.8029197080291971,0.7737226277372263,0.0437956204379562,0.0
https://doi.org/10.5006/2028,23.25,6.365591397849462,0.6505376344086021,0.5591397849462365,0.0268817204301075,0.021505376344086
https://doi.org/10.5006/2057,12.5,5.81,0.7075,0.4825,0.0175,0.0075
https://doi.org/10.5006/2282,21.75,6.155172413793103,0.6781609195402298,0.6149425287356322,0.0344827586206896,0.0229885057471264
https://doi.org/10.5006/2016,23.727272727272727,6.528735632183908,0.685823754789272,0.5555555555555556,0.0306513409961685,0.0076628352490421
https://doi.org/10.5006/2175,19.63636363636364,5.981481481481482,0.6805555555555556,0.4768518518518518,0.0185185185185185,0.0138888888888888
https://doi.org/10.5006/2193,23.25,6.666666666666667,0.6774193548387096,0.6021505376344086,0.032258064516129,0.021505376344086
https://doi.org/10.5006/2277,25.166666666666668,7.271523178807947,0.6754966887417219,0.5695364238410596,0.0331125827814569,0.0066225165562913
https://doi.org/10.5006/2299,33.57142857142857,6.97872340425532,0.6510638297872341,0.5234042553191489,0.0340425531914893,0.0170212765957446
https://doi.org/10.5006/2172,12.842105263157896,6.139344262295082,0.6680327868852459,0.5942622950819673,0.0081967213114754,0.0081967213114754
https://doi.org/10.5006/1982,27.166666666666668,6.803680981595092,0.7239263803680982,0.6380368098159509,0.0368098159509202,0.0122699386503067
https://doi.org/10.5006/2059,29.142857142857142,6.598039215686274,0.6568627450980392,0.5980392156862745,0.0196078431372549,0.0245098039215686
https://doi.org/10.5006/2078,18.0,6.742063492063492,0.7103174603174603,0.5992063492063492,0.0396825396825396,0.0198412698412698
https://doi.org/10.5006/2179,13.125,6.638095238095239,0.6714285714285714,0.4619047619047619,0.0476190476190476,0.0095238095238095
https://doi.org/10.5006/2200,25.25,6.188118811881188,0.7722772277227723,0.8316831683168316,0.0396039603960396,0.0
https://doi.org/10.5006/2254,18.6,7.870967741935484,0.7419354838709677,0.6989247311827957,0.1397849462365591,0.021505376344086
https://doi.org/10.5006/2052,21.09090909090909,7.211206896551724,0.7155172413793104,0.6163793103448276,0.0344827586206896,0.0129310344827586
https://doi.org/10.5006/2187,21.526315789473685,6.924205378973105,0.6723716381418093,0.4621026894865526,0.0146699266503667,0.0097799511002444
https://doi.org/10.5006/2079,21.454545454545453,5.970338983050848,0.690677966101695,0.4788135593220339,0.0381355932203389,0.0127118644067796
https://doi.org/10.5006/2203,25.8,6.395348837209302,0.6201550387596899,0.6046511627906976,0.0542635658914728,0.0310077519379844
https://doi.org/10.5006/2198,22.33333333333333,6.283582089552239,0.7014925373134329,0.7313432835820896,0.0373134328358208,0.0
https://doi.org/10.5006/2139,18.444444444444443,6.355421686746988,0.6385542168674698,0.608433734939759,0.072289156626506,0.0481927710843373
https://doi.org/10.5006/2045,19.4,6.304123711340206,0.6494845360824743,0.4587628865979381,0.0206185567010309,0.0206185567010309
https://doi.org/10.5006/1956,16.076923076923077,6.62200956937799,0.6507177033492823,0.569377990430622,0.0574162679425837,0.0047846889952153
https://doi.org/10.5006/1926,21.8,6.36697247706422,0.6605504587155964,0.6055045871559633,0.0275229357798165,0.0275229357798165
https://doi.org/10.5006/1945,23.625,7.031746031746032,0.6772486772486772,0.5661375661375662,0.0211640211640211,0.0423280423280423
https://doi.org/10.5006/1936,14.923076923076923,7.494845360824742,0.7577319587628866,0.7577319587628866,0.0463917525773195,0.0103092783505154
https://doi.org/10.5006/1955,16.857142857142858,6.61864406779661,0.6949152542372882,0.6186440677966102,0.0508474576271186,0.0084745762711864
https://doi.org/10.5006/1940,16.916666666666668,6.990147783251231,0.729064039408867,0.6305418719211823,0.0295566502463054,0.0197044334975369
https://doi.org/10.5006/1957,27.625,6.615384615384615,0.6515837104072398,0.5565610859728507,0.0271493212669683,0.0633484162895927
https://doi.org/10.5006/2136,24.666666666666668,6.842342342342342,0.6396396396396397,0.581081081081081,0.054054054054054,0.027027027027027
https://doi.org/10.5006/2142,20.83333333333333,6.432,0.66,0.48,0.036,0.008
https://doi.org/10.5006/1944,33.666666666666664,6.896039603960396,0.6534653465346535,0.6386138613861386,0.0396039603960396,0.0544554455445544
https://doi.org/10.5006/2033,26.625,6.582159624413146,0.6338028169014085,0.6384976525821596,0.0140845070422535,0.028169014084507
https://doi.org/10.5006/2035,25.4,6.566929133858268,0.6456692913385826,0.5905511811023622,0.0551181102362204,0.0393700787401574
https://doi.org/10.5006/2013,22.545454545454547,6.282258064516129,0.625,0.5080645161290323,0.0241935483870967,0.0241935483870967
https://doi.org/10.5006/2039,18.166666666666668,6.394495412844036,0.6605504587155964,0.6880733944954128,0.0275229357798165,0.0091743119266055
https://doi.org/10.5006/2132,23.5,7.117021276595745,0.6914893617021277,0.723404255319149,0.0851063829787234,0.0319148936170212
https://doi.org/10.5006/2049,21.714285714285715,6.427631578947368,0.631578947368421,0.5394736842105263,0.0394736842105263,0.0263157894736842
https://doi.org/10.5006/2108,21.33333333333333,7.104166666666667,0.6979166666666666,0.5833333333333334,0.0364583333333333,0.0208333333333333
https://doi.org/10.5006/2213,20.25,6.897119341563786,0.6502057613168725,0.51440329218107,0.0411522633744856,0.0041152263374485
https://doi.org/10.5006/2252,17.5,7.142857142857143,0.6952380952380952,0.7142857142857143,0.0285714285714285,0.0285714285714285
https://doi.org/10.5006/1884,9.583333333333334,6.913043478260869,0.6869565217391305,0.7391304347826086,0.0434782608695652,0.017391304347826
https://doi.org/10.5006/2212,23.0,6.768115942028985,0.644927536231884,0.6811594202898551,0.036231884057971,0.0289855072463768
https://doi.org/10.5006/2063,23.8,6.848739495798319,0.7226890756302521,0.7142857142857143,0.0336134453781512,0.0252100840336134
https://doi.org/10.5006/2086,14.428571428571429,6.742574257425742,0.7029702970297029,0.6732673267326733,0.0297029702970297,0.0099009900990099
https://doi.org/10.5006/2233,24.4,6.967213114754099,0.6475409836065574,0.6311475409836066,0.0491803278688524,0.0163934426229508
https://doi.org/10.5006/2181,20.5,6.520325203252033,0.6016260162601627,0.6097560975609756,0.065040650406504,0.024390243902439
https://doi.org/10.5006/2234,17.0,6.794117647058823,0.7254901960784313,0.7156862745098039,0.0588235294117647,0.0196078431372549
https://doi.org/10.5006/2123,30.33333333333333,6.362637362637362,0.6703296703296703,0.7252747252747253,0.0549450549450549,0.0219780219780219
https://doi.org/10.5006/2235,27.90909090909091,7.6677524429967425,0.6872964169381107,0.5928338762214984,0.022801302931596,0.0293159609120521
https://doi.org/10.5006/1923,32.0,6.921875,0.6484375,0.6171875,0.0390625,0.015625
https://doi.org/10.5006/1849,26.444444444444443,6.659663865546219,0.7016806722689075,0.5672268907563025,0.0462184873949579,0.0126050420168067
https://doi.org/10.5006/2103,26.125,6.822966507177034,0.645933014354067,0.5454545454545454,0.0382775119617224,0.0239234449760765
https://doi.org/10.5006/2115,22.0,6.903409090909091,0.7386363636363636,0.6875,0.034090909090909,0.0227272727272727
https://doi.org/10.5006/1600,31.25,6.384,0.632,0.576,0.04,0.0
https://doi.org/10.5006/1637,39.25,6.24203821656051,0.6560509554140127,0.643312101910828,0.0382165605095541,0.0509554140127388
https://doi.org/10.5006/2210,23.666666666666668,6.78169014084507,0.6408450704225352,0.5845070422535211,0.0422535211267605,0.0070422535211267
https://doi.org/10.5006/2085,20.125,6.931677018633541,0.6801242236024845,0.5652173913043478,0.0279503105590062,0.0186335403726708
https://doi.org/10.5006/2257,25.25,6.366336633663367,0.6534653465346535,0.5841584158415841,0.0594059405940594,0.0099009900990099
https://doi.org/10.5006/2000,21.666666666666668,6.1923076923076925,0.6,0.5346153846153846,0.0269230769230769,0.023076923076923
https://doi.org/10.5006/2043,20.75,6.27710843373494,0.6686746987951807,0.5783132530120482,0.036144578313253,0.0060240963855421
https://doi.org/10.5006/1995,24.2,6.698347107438017,0.6363636363636364,0.4917355371900826,0.0330578512396694,0.0082644628099173
https://doi.org/10.5006/2171,21.25,6.870588235294117,0.6705882352941176,0.6823529411764706,0.0470588235294117,0.0352941176470588
https://doi.org/10.5006/2089,15.666666666666666,6.861702127659575,0.7340425531914894,0.574468085106383,0.0212765957446808,0.0159574468085106
https://doi.org/10.5006/1941,34.666666666666664,6.791666666666667,0.6955128205128205,0.532051282051282,0.0256410256410256,0.016025641025641
https://doi.org/10.5006/2192,26.25,6.038095238095238,0.638095238095238,0.6190476190476191,0.0095238095238095,0.0095238095238095
https://doi.org/10.5006/2005,16.8,7.011904761904762,0.7142857142857143,0.5892857142857143,0.0595238095238095,0.0119047619047619
https://doi.org/10.5006/2206,25.23076923076923,6.625,0.676829268292683,0.5152439024390244,0.0152439024390243,0.0182926829268292
https://doi.org/10.5006/2186,26.714285714285715,6.267379679144385,0.6631016042780749,0.5989304812834224,0.0213903743315508,0.0374331550802139
https://doi.org/10.5006/2129,23.2,6.310344827586207,0.6120689655172413,0.5862068965517241,0.0517241379310344,0.0172413793103448
https://doi.org/10.5006/2084,33.125,6.252830188679245,0.6377358490566037,0.5245283018867924,0.0075471698113207,0.0188679245283018
https://doi.org/10.5006/2018,23.5,6.47872340425532,0.6595744680851063,0.4787234042553192,0.1063829787234042,0.0106382978723404
https://doi.org/10.5006/2162,21.428571428571427,7.0,0.68,0.62,0.04,0.0133333333333333
https://doi.org/10.5006/1803,23.0,6.934782608695652,0.7608695652173914,0.7065217391304348,0.0434782608695652,0.0108695652173913
https://doi.org/10.5006/2050,21.714285714285715,6.822368421052632,0.6907894736842105,0.6776315789473685,0.0526315789473684,0.0131578947368421
https://doi.org/10.5006/2118,20.285714285714285,7.183098591549296,0.6619718309859155,0.6056338028169014,0.0352112676056338,0.0140845070422535
https://doi.org/10.5006/2126,22.0,6.621212121212121,0.6590909090909091,0.6136363636363636,0.0454545454545454,0.0151515151515151
https://doi.org/10.5006/2101,15.571428571428571,6.26605504587156,0.555045871559633,0.5,0.0229357798165137,0.0275229357798165
https://doi.org/10.5006/2152,17.714285714285715,5.967741935483871,0.7016129032258065,0.6774193548387096,0.032258064516129,0.0241935483870967
https://doi.org/10.5006/2037,21.142857142857142,6.6891891891891895,0.6351351351351351,0.6621621621621622,0.027027027027027,0.0067567567567567
https://doi.org/10.5006/2053,27.75,6.36036036036036,0.5945945945945946,0.5675675675675675,0.045045045045045,0.018018018018018
https://doi.org/10.5006/2065,21.545454545454547,6.839662447257384,0.70042194092827,0.569620253164557,0.0295358649789029,0.0042194092827004
https://doi.org/10.5006/2124,30.75,5.7682926829268295,0.5772357723577236,0.483739837398374,0.032520325203252,0.008130081300813
https://doi.org/10.5006/2221,33.42857142857143,6.52991452991453,0.6666666666666666,0.4316239316239316,0.0641025641025641,0.017094017094017
https://doi.org/10.5006/0010-9312-72.4.451,21.428571428571427,6.502857142857143,0.638095238095238,0.5038095238095238,0.0095238095238095,0.0304761904761904
https://doi.org/10.5006/2081,23.666666666666668,6.767605633802817,0.7112676056338029,0.704225352112676,0.0492957746478873,0.0070422535211267
https://doi.org/10.5006/2166,12.76923076923077,6.204819277108434,0.6746987951807228,0.6566265060240963,0.0120481927710843,0.0120481927710843
https://doi.org/10.5006/2156,22.0,7.675324675324675,0.7012987012987013,0.6883116883116883,0.0649350649350649,0.0064935064935064
https://doi.org/10.5006/1994,20.5,5.873983739837398,0.6585365853658537,0.556910569105691,0.0121951219512195,0.016260162601626
https://doi.org/10.5006/2058,36.4,6.258241758241758,0.6208791208791209,0.6373626373626373,0.0494505494505494,0.0274725274725274
https://doi.org/10.5006/2230,32.666666666666664,6.275510204081633,0.5510204081632653,0.7448979591836735,0.0408163265306122,0.0204081632653061
https://doi.org/10.5006/2070,21.375,7.128654970760234,0.7017543859649122,0.6491228070175439,0.0350877192982456,0.0116959064327485
https://doi.org/10.5006/2116,12.0,6.916666666666667,0.75,0.9166666666666666,0.1666666666666666,0.0
https://doi.org/10.1080/1478422x.2016.1142161,19.0,7.398496240601504,0.6466165413533834,0.6240601503759399,0.037593984962406,0.0075187969924812
https://doi.org/10.1080/1478422x.2016.1175773,18.285714285714285,6.2109375,0.6328125,0.5859375,0.046875,0.015625
https://doi.org/10.1080/1478422x.2015.1117267,14.428571428571429,7.217821782178218,0.7029702970297029,0.7326732673267327,0.0297029702970297,0.0099009900990099
https://doi.org/10.1080/1478422x.2015.1131493,19.4,7.11340206185567,0.711340206185567,0.6288659793814433,0.0309278350515463,0.0103092783505154
https://doi.org/10.1080/1478422x.2016.1141744,24.0,6.520833333333333,0.671875,0.6666666666666666,0.0364583333333333,0.0208333333333333
https://doi.org/10.1080/1478422x.2016.1234803,16.666666666666668,6.78,0.7266666666666667,0.7066666666666667,0.02,0.0133333333333333
https://doi.org/10.1080/1478422x.2015.1110963,12.666666666666666,6.324561403508772,0.7105263157894737,0.6754385964912281,0.043859649122807,0.0175438596491228
https://doi.org/10.1080/1478422x.2016.1158226,23.5,6.382978723404255,0.624113475177305,0.6879432624113475,0.0212765957446808,0.0212765957446808
https://doi.org/10.1080/1478422x.2015.1110373,20.125,6.906832298136646,0.6645962732919255,0.577639751552795,0.062111801242236,0.0248447204968944
https://doi.org/10.1080/1478422x.2015.1124503,22.714285714285715,6.490566037735849,0.6666666666666666,0.6289308176100629,0.0440251572327044,0.0125786163522012
https://doi.org/10.1080/1478422x.2015.1131799,13.571428571428571,7.105263157894737,0.6947368421052632,0.6947368421052632,0.0421052631578947,0.0105263157894736
https://doi.org/10.1080/1478422x.2016.1173313,31.6,6.708860759493671,0.6455696202531646,0.569620253164557,0.0443037974683544,0.0063291139240506
https://doi.org/10.1080/1478422x.2016.1167304,41.66666666666666,6.376,0.624,0.352,0.04,0.0
https://doi.org/10.1080/1478422x.2015.1122295,21.8,6.770642201834862,0.7064220183486238,0.6513761467889908,0.036697247706422,0.0275229357798165
https://doi.org/10.1080/1478422x.2016.1144265,19.4,6.680412371134021,0.7010309278350515,0.7525773195876289,0.0618556701030927,0.0206185567010309
https://doi.org/10.1080/1478422x.2016.1209354,15.571428571428571,7.559633027522936,0.7339449541284404,0.6788990825688074,0.0275229357798165,0.0
https://doi.org/10.1080/1478422x.2015.1104065,21.727272727272727,6.313807531380753,0.7531380753138075,0.5439330543933054,0.0292887029288702,0.0125523012552301
https://doi.org/10.1080/1478422x.2015.1104062,21.2,7.30188679245283,0.660377358490566,0.7264150943396226,0.0283018867924528,0.0188679245283018
https://doi.org/10.1080/1478422x.2016.1139319,25.8,6.2015503875969,0.6511627906976745,0.6434108527131783,0.0542635658914728,0.0077519379844961
https://doi.org/10.1080/1478422x.2016.1141546,19.285714285714285,6.533333333333333,0.6888888888888889,0.6888888888888889,0.0592592592592592,0.0148148148148148
https://doi.org/10.1080/1478422x.2016.1173420,24.33333333333333,6.390410958904109,0.6301369863013698,0.5684931506849316,0.0273972602739726,0.0136986301369863
https://doi.org/10.1080/1478422x.2016.1216661,20.4,6.470588235294118,0.6568627450980392,0.7254901960784313,0.0294117647058823,0.0098039215686274
https://doi.org/10.1080/1478422x.2016.1173421,31.6,6.544303797468355,0.569620253164557,0.5949367088607594,0.0253164556962025,0.0189873417721519
https://doi.org/10.1080/1478422x.2015.1124598,17.75,6.640845070422535,0.6971830985915493,0.6408450704225352,0.028169014084507,0.0211267605633802
https://doi.org/10.1080/1478422x.2015.1114167,19.0,6.252631578947368,0.6947368421052632,0.7578947368421053,0.0631578947368421,0.031578947368421
https://doi.org/10.1080/1478422x.2016.1166706,22.11111111111111,6.562814070351759,0.6381909547738693,0.5979899497487438,0.0251256281407035,0.0100502512562814
https://doi.org/10.1080/1478422x.2016.1152747,22.0,6.871212121212121,0.7045454545454546,0.6212121212121212,0.053030303030303,0.0151515151515151
https://doi.org/10.1080/1478422x.2015.1120404,20.857142857142858,7.568493150684931,0.6643835616438356,0.6301369863013698,0.047945205479452,0.0273972602739726
https://doi.org/10.1080/1478422x.2016.1166594,21.625,6.219653179190751,0.5838150289017341,0.5202312138728323,0.0173410404624277,0.0173410404624277
https://doi.org/10.1080/1478422x.2016.1174326,18.625,6.798657718120805,0.6644295302013423,0.6778523489932886,0.0201342281879194,0.0
https://doi.org/10.1080/1478422x.2015.1110418,18.875,6.576158940397351,0.6490066225165563,0.5827814569536424,0.0596026490066225,0.0066225165562913
https://doi.org/10.1080/1478422x.2016.1179845,23.666666666666668,7.316901408450704,0.7112676056338029,0.6901408450704225,0.0492957746478873,0.028169014084507
https://doi.org/10.1080/1478422x.2016.1167303,19.5,6.717948717948718,0.6752136752136753,0.6666666666666666,0.094017094017094,0.0085470085470085
https://doi.org/10.1080/1478422x.2016.1223263,11.23076923076923,5.993150684931507,0.6232876712328768,0.547945205479452,0.0821917808219178,0.0
https://doi.org/10.1080/1478422x.2015.1137431,25.5,5.818627450980392,0.6911764705882353,0.5294117647058824,0.0294117647058823,0.0098039215686274
https://doi.org/10.1080/1478422x.2015.1130296,29.2,6.226027397260274,0.684931506849315,0.7191780821917808,0.0342465753424657,0.0205479452054794
https://doi.org/10.1080/1478422x.2015.1104064,21.11111111111111,6.473684210526316,0.6526315789473685,0.7,0.0368421052631578,0.0421052631578947
https://doi.org/10.1080/1478422x.2016.1185568,18.8,6.4361702127659575,0.6914893617021277,0.8085106382978723,0.0319148936170212,0.0212765957446808
https://doi.org/10.1080/1478422x.2016.1172429,22.875,6.80327868852459,0.644808743169399,0.6284153005464481,0.0491803278688524,0.0054644808743169
https://doi.org/10.1080/1478422x.2016.1187964,21.875,6.371428571428571,0.7028571428571428,0.5542857142857143,0.04,0.0057142857142857
https://doi.org/10.1080/1478422x.2015.1110919,35.0,6.857142857142857,0.7642857142857142,0.5928571428571429,0.0357142857142857,0.0142857142857142
https://doi.org/10.1080/1478422x.2015.1136916,16.5,7.131313131313132,0.6060606060606061,0.5555555555555556,0.0252525252525252,0.0
https://doi.org/10.1080/1478422x.2016.1160607,23.75,6.4,0.7052631578947368,0.7157894736842105,0.0210526315789473,0.0
https://doi.org/10.1080/1478422x.2015.1104066,16.25,6.7846153846153845,0.7076923076923077,0.6461538461538462,0.0307692307692307,0.0076923076923076
https://doi.org/10.1080/1478422x.2015.1104063,14.285714285714286,6.93,0.75,0.65,0.04,0.0
https://doi.org/10.1080/1478422x.2016.1173303,6.6,5.757575757575758,0.7272727272727273,0.7878787878787878,0.0606060606060606,0.0
https://doi.org/10.1016/j.corsci.2016.02.018,18.8,6.946808510638298,0.6595744680851063,0.7021276595744681,0.0744680851063829,0.0212765957446808
https://doi.org/10.1016/j.corsci.2016.12.005,19.2,7.333333333333333,0.7083333333333334,0.6875,0.0520833333333333,0.0104166666666666
https://doi.org/10.1016/j.corsci.2016.03.003,24.25,6.989690721649485,0.6597938144329897,0.6391752577319587,0.0206185567010309,0.0103092783505154
https://doi.org/10.1016/j.corsci.2016.05.022,25.0,6.81,0.66,0.74,0.05,0.01
https://doi.org/10.1016/j.corsci.2016.01.028,8.25,6.08080808080808,0.6060606060606061,0.6161616161616161,0.0404040404040404,0.0
https://doi.org/10.1016/j.corsci.2016.08.001,12.25,6.653061224489796,0.6326530612244898,0.6836734693877551,0.0306122448979591,0.0
https://doi.org/10.1016/j.corsci.2016.07.032,29.0,6.379310344827586,0.5862068965517241,0.8275862068965517,0.0344827586206896,0.0
https://doi.org/10.1016/j.corsci.2016.11.010,21.5,6.686046511627907,0.6627906976744186,0.686046511627907,0.0465116279069767,0.0
https://doi.org/10.1016/j.corsci.2016.01.018,20.2,6.03960396039604,0.693069306930693,0.7623762376237624,0.0297029702970297,0.0297029702970297
https://doi.org/10.1016/j.corsci.2016.10.007,25.0,6.61,0.65,0.74,0.04,0.01
https://doi.org/10.1016/j.corsci.2016.04.009,22.5,6.322222222222222,0.6,0.7333333333333333,0.0666666666666666,0.0
https://doi.org/10.1002/maco.201508783,32.833333333333336,5.949238578680203,0.700507614213198,0.6294416243654822,0.015228426395939,0.0101522842639593
https://doi.org/10.1002/maco.201609201,24.142857142857142,7.674556213017752,0.7633136094674556,0.4852071005917159,0.0532544378698224,0.029585798816568
https://doi.org/10.1002/maco.201609075,14.727272727272728,5.45679012345679,0.691358024691358,0.6358024691358025,0.037037037037037,0.0185185185185185
https://doi.org/10.1002/maco.201608862,25.0,6.777142857142858,0.6228571428571429,0.6571428571428571,0.0228571428571428,0.0285714285714285
https://doi.org/10.1002/maco.201608843,22.857142857142858,7.075,0.66875,0.6125,0.0625,0.00625
https://doi.org/10.1002/maco.201609102,23.5,6.308510638297872,0.6648936170212766,0.6276595744680851,0.0319148936170212,0.0212765957446808
https://doi.org/10.1002/maco.201508796,34.2,6.029239766081871,0.6257309941520468,0.5321637426900585,0.023391812865497,0.0058479532163742
https://doi.org/10.1002/maco.201608831,20.6,6.179611650485437,0.6601941747572816,0.6019417475728155,0.0145631067961165,0.0242718446601941
https://doi.org/10.1002/maco.201609041,14.142857142857142,7.01010101010101,0.6767676767676768,0.797979797979798,0.0606060606060606,0.0
https://doi.org/10.1002/maco.201609090,17.25,6.681159420289855,0.7246376811594203,0.6086956521739131,0.0507246376811594,0.0217391304347826
https://doi.org/10.1002/maco.201508781,23.166666666666668,5.9496402877697845,0.697841726618705,0.7194244604316546,0.0359712230215827,0.0071942446043165
https://doi.org/10.1002/maco.201609245,26.25,7.152380952380953,0.7238095238095238,0.5619047619047619,0.0285714285714285,0.0095238095238095
https://doi.org/10.1002/maco.201609146,12.192307692307692,5.905362776025236,0.6435331230283912,0.5331230283911672,0.0157728706624605,0.0094637223974763
https://doi.org/10.1002/maco.201608881,29.0,6.172413793103448,0.645320197044335,0.5862068965517241,0.0049261083743842,0.0246305418719211
https://doi.org/10.1002/maco.201608893,21.11111111111111,6.557894736842106,0.6052631578947368,0.5631578947368421,0.031578947368421,0.0157894736842105
https://doi.org/10.1002/maco.201609104,17.75,8.338028169014084,0.7323943661971831,0.704225352112676,0.0422535211267605,0.0140845070422535
https://doi.org/10.1002/maco.201609310,23.0,7.173913043478261,0.6902173913043478,0.6467391304347826,0.0108695652173913,0.0434782608695652
https://doi.org/10.1002/maco.201609173,29.666666666666668,7.359550561797753,0.7247191011235955,0.6685393258426966,0.0449438202247191,0.0112359550561797
https://doi.org/10.1002/maco.201609141,23.5,6.23404255319149,0.6453900709219859,0.4893617021276595,0.0354609929078014,0.0212765957446808
https://doi.org/10.1002/maco.201508795,19.4,7.144329896907217,0.7010309278350515,0.7010309278350515,0.0515463917525773,0.0103092783505154
https://doi.org/10.1002/maco.201608969,18.857142857142858,7.166666666666667,0.6363636363636364,0.6212121212121212,0.053030303030303,0.0378787878787878
https://doi.org/10.1002/maco.201508670,25.0,6.915555555555556,0.7422222222222222,0.5244444444444445,0.04,0.0133333333333333
https://doi.org/10.1002/maco.201608841,23.666666666666668,6.389671361502347,0.596244131455399,0.5727699530516432,0.0234741784037558,0.0375586854460093
https://doi.org/10.1002/maco.201609307,20.5,6.554878048780488,0.6524390243902439,0.5914634146341463,0.0426829268292682,0.0182926829268292
https://doi.org/10.1002/maco.201609295,25.25,6.683168316831683,0.6237623762376238,0.6336633663366337,0.099009900990099,0.0099009900990099
https://doi.org/10.1002/maco.201508655,16.666666666666668,6.16,0.71,0.75,0.05,0.01
https://doi.org/10.1002/maco.201609165,18.875,6.986754966887418,0.7417218543046358,0.4768211920529801,0.0264900662251655,0.0
https://doi.org/10.1002/maco.201508598,19.9,6.507537688442211,0.6884422110552764,0.5376884422110553,0.0301507537688442,0.0100502512562814
https://doi.org/10.1002/maco.201608962,16.571428571428573,6.353448275862069,0.6637931034482759,0.5862068965517241,0.0344827586206896,0.0086206896551724
https://doi.org/10.1002/maco.201609061,9.7,6.88659793814433,0.6597938144329897,0.711340206185567,0.0618556701030927,0.0103092783505154
https://doi.org/10.1002/maco.201609149,16.272727272727273,6.212290502793296,0.7597765363128491,0.435754189944134,0.0391061452513966,0.0167597765363128
https://doi.org/10.1002/maco.201508727,23.8,5.823529411764706,0.6554621848739496,0.6554621848739496,0.0168067226890756,0.0168067226890756
https://doi.org/10.1002/maco.201508758,22.22222222222222,6.005,0.645,0.565,0.01,0.03
https://doi.org/10.1002/maco.201508792,24.5,7.255102040816326,0.6224489795918368,0.673469387755102,0.0204081632653061,0.010204081632653
https://doi.org/10.1002/maco.201609139,19.571428571428573,6.518248175182482,0.635036496350365,0.6715328467153284,0.0583941605839416,0.0
https://doi.org/10.1002/maco.201608925,26.6,6.7218045112781954,0.6541353383458647,0.6090225563909775,0.0526315789473684,0.0075187969924812
https://doi.org/10.1002/maco.201609071,13.5,6.62037037037037,0.6759259259259259,0.7129629629629629,0.037037037037037,0.0092592592592592
https://doi.org/10.1002/maco.201608837,24.88888888888889,5.723214285714286,0.7098214285714286,0.5133928571428571,0.0178571428571428,0.0
https://doi.org/10.1002/maco.201608844,24.714285714285715,6.797687861271676,0.6705202312138728,0.5722543352601156,0.0289017341040462,0.0115606936416184
https://doi.org/10.1002/maco.201608954,29.666666666666668,7.410112359550562,0.6966292134831461,0.6067415730337079,0.0224719101123595,0.0112359550561797
https://doi.org/10.1002/maco.201508777,18.88888888888889,6.870588235294117,0.6764705882352942,0.6647058823529411,0.0588235294117647,0.0058823529411764
https://doi.org/10.1002/maco.201608942,20.9,6.2631578947368425,0.631578947368421,0.5741626794258373,0.0334928229665071,0.0143540669856459
https://doi.org/10.1002/maco.201609048,20.25,6.549382716049383,0.6604938271604939,0.6172839506172839,0.0679012345679012,0.0123456790123456
https://doi.org/10.1002/maco.201609160,22.666666666666668,5.691176470588236,0.7058823529411765,0.5882352941176471,0.0367647058823529,0.0220588235294117
https://doi.org/10.1002/maco.201609155,17.77777777777778,6.8625,0.68125,0.55625,0.025,0.01875
https://doi.org/10.1002/maco.201609177,34.166666666666664,6.443902439024391,0.6731707317073171,0.5804878048780487,0.0390243902439024,0.0146341463414634
https://doi.org/10.1002/maco.201609174,25.83333333333333,6.735483870967742,0.7290322580645161,0.6838709677419355,0.0516129032258064,0.0193548387096774
https://doi.org/10.1002/maco.201609188,17.5,7.135714285714286,0.7357142857142858,0.7357142857142858,0.0428571428571428,0.0071428571428571
https://doi.org/10.1002/maco.201508803,22.33333333333333,6.447761194029851,0.6716417910447762,0.6268656716417911,0.0298507462686567,0.0074626865671641
https://doi.org/10.1002/maco.201608978,21.8,6.339449541284404,0.6605504587155964,0.6422018348623854,0.073394495412844,0.0275229357798165
https://doi.org/10.1002/maco.201609088,16.8,6.994047619047619,0.6785714285714286,0.6071428571428571,0.0595238095238095,0.0178571428571428
https://doi.org/10.1002/maco.201609047,22.125,6.084745762711864,0.711864406779661,0.6214689265536724,0.0338983050847457,0.0112994350282485
https://doi.org/10.1002/maco.201609233,24.25,6.391752577319588,0.6288659793814433,0.6391752577319587,0.0412371134020618,0.0309278350515463
https://doi.org/10.1002/maco.201508788,14.23076923076923,6.72972972972973,0.7189189189189189,0.7297297297297297,0.054054054054054,0.0324324324324324
https://doi.org/10.1002/maco.201608827,19.33333333333333,6.758620689655173,0.7126436781609196,0.632183908045977,0.0229885057471264,0.0172413793103448
https://doi.org/10.1002/maco.201609067,16.444444444444443,6.608108108108108,0.7432432432432432,0.6351351351351351,0.0337837837837837,0.0
https://doi.org/10.1002/maco.201508737,18.666666666666668,6.035714285714286,0.6696428571428571,0.7410714285714286,0.0178571428571428,0.0089285714285714
https://doi.org/10.1002/maco.201508766,13.0,7.253846153846154,0.6461538461538462,0.5846153846153846,0.0615384615384615,0.0307692307692307
https://doi.org/10.1002/maco.201608856,15.181818181818182,6.538922155688622,0.7125748502994012,0.6287425149700598,0.0359281437125748,0.0179640718562874
https://doi.org/10.1002/maco.201609058,16.636363636363637,6.355191256830601,0.6939890710382514,0.5355191256830601,0.0218579234972677,0.0109289617486338
https://doi.org/10.1002/maco.201609301,26.666666666666668,6.83125,0.6875,0.61875,0.0375,0.01875
https://doi.org/10.1002/maco.201608957,19.142857142857142,7.134328358208955,0.6791044776119403,0.6268656716417911,0.0373134328358208,0.0223880597014925
https://doi.org/10.1002/maco.201608917,24.857142857142858,6.804597701149425,0.6954022988505747,0.6494252873563219,0.0229885057471264,0.0172413793103448
https://doi.org/10.1002/maco.201508741,11.153846153846152,6.558620689655172,0.7586206896551724,0.7655172413793103,0.0551724137931034,0.0137931034482758
https://doi.org/10.1002/maco.201609083,20.5,6.219512195121951,0.7073170731707317,0.6036585365853658,0.024390243902439,0.0121951219512195
https://doi.org/10.1002/maco.201609030,22.142857142857142,6.038709677419355,0.6,0.5161290322580645,0.0258064516129032,0.0064516129032258
https://doi.org/10.1002/maco.201609159,20.2,6.356435643564357,0.7227722772277227,0.7227722772277227,0.0792079207920792,0.0396039603960396
https://doi.org/10.1002/maco.201508799,22.5,6.518518518518518,0.7185185185185186,0.5703703703703704,0.0666666666666666,0.037037037037037
https://doi.org/10.1002/maco.201609018,22.0,7.8545454545454545,0.6909090909090909,0.6636363636363637,0.0636363636363636,0.0181818181818181
https://doi.org/10.1002/maco.201609119,23.142857142857142,6.345679012345679,0.654320987654321,0.5987654320987654,0.0432098765432098,0.0123456790123456
https://doi.org/10.1002/maco.201608918,19.272727272727277,6.4245283018867925,0.7169811320754716,0.6556603773584906,0.0235849056603773,0.0141509433962264
https://doi.org/10.1002/maco.201609076,18.0,6.547619047619048,0.6666666666666666,0.6666666666666666,0.0396825396825396,0.0
https://doi.org/10.1002/maco.201608848,25.0,6.855,0.65,0.545,0.035,0.025
https://doi.org/10.1002/maco.201608929,28.428571428571427,5.63819095477387,0.7487437185929648,0.6331658291457286,0.0201005025125628,0.0050251256281407
https://doi.org/10.1002/maco.201608854,21.0,6.317460317460317,0.6904761904761905,0.6746031746031746,0.0238095238095238,0.0158730158730158
https://doi.org/10.1002/maco.201609045,12.133333333333333,6.5,0.6648351648351648,0.5384615384615384,0.0439560439560439,0.0329670329670329
https://doi.org/10.1002/maco.201609176,8.681818181818182,6.429319371727749,0.7225130890052356,0.6963350785340314,0.0157068062827225,0.0157068062827225
https://doi.org/10.1002/maco.201508709,14.125,6.902654867256637,0.7610619469026548,0.6814159292035398,0.0353982300884955,0.0
https://doi.org/10.1002/maco.201508705,27.0,6.790123456790123,0.7283950617283951,0.5308641975308642,0.037037037037037,0.0061728395061728
https://doi.org/10.1002/maco.201508753,20.88888888888889,6.196808510638298,0.6170212765957447,0.5372340425531915,0.026595744680851,0.0053191489361702
https://doi.org/10.1002/maco.201608863,14.142857142857142,7.05050505050505,0.6262626262626263,0.6666666666666666,0.0404040404040404,0.0202020202020202
https://doi.org/10.1002/maco.201608979,27.25,6.871559633027523,0.6972477064220184,0.6422018348623854,0.0458715596330275,0.0091743119266055
https://doi.org/10.1002/maco.201608968,22.8,6.894736842105263,0.6403508771929824,0.6403508771929824,0.0263157894736842,0.0175438596491228
https://doi.org/10.1002/maco.201609247,15.076923076923077,6.295918367346939,0.6785714285714286,0.5510204081632653,0.0357142857142857,0.0255102040816326
https://doi.org/10.1002/maco.201508735,19.8,6.267676767676767,0.6818181818181818,0.5606060606060606,0.0353535353535353,0.0252525252525252
https://doi.org/10.1002/maco.201609253,18.0,5.622222222222222,0.6888888888888889,0.6,0.0444444444444444,0.0222222222222222
https://doi.org/10.1002/maco.201508778,18.7,6.411764705882353,0.6684491978609626,0.6470588235294118,0.0160427807486631,0.0213903743315508
https://doi.org/10.1002/maco.201508736,19.0,6.666666666666667,0.6140350877192983,0.7105263157894737,0.0350877192982456,0.0526315789473684
https://doi.org/10.1002/maco.201608832,19.625,6.847133757961784,0.6496815286624203,0.6687898089171974,0.0382165605095541,0.0318471337579617
https://doi.org/10.1002/maco.201508763,15.5,6.709677419354839,0.7016129032258065,0.6451612903225806,0.032258064516129,0.0080645161290322
https://doi.org/10.1002/maco.201608855,19.6,6.928571428571429,0.6887755102040817,0.6326530612244898,0.0357142857142857,0.0408163265306122
https://doi.org/10.1002/maco.201608930,23.22222222222222,6.344497607655502,0.631578947368421,0.6028708133971292,0.0526315789473684,0.0047846889952153
https://doi.org/10.1002/maco.201609091,19.0,7.671052631578948,0.6710526315789473,0.6710526315789473,0.0263157894736842,0.0
https://doi.org/10.1002/maco.201508693,22.5,6.144444444444445,0.6833333333333333,0.5666666666666667,0.0166666666666666,0.0055555555555555
https://doi.org/10.1002/maco.201608996,25.75,5.864077669902913,0.7281553398058253,0.6213592233009708,0.0388349514563106,0.0097087378640776
https://doi.org/10.1002/maco.201508779,20.625,6.745454545454545,0.6848484848484848,0.7090909090909091,0.0242424242424242,0.0303030303030303
https://doi.org/10.1002/maco.201609152,18.75,7.34,0.6733333333333333,0.6733333333333333,0.0466666666666666,0.0133333333333333
https://doi.org/10.1002/maco.201508771,21.22222222222222,6.115183246073299,0.6335078534031413,0.5654450261780105,0.0209424083769633,0.0157068062827225
https://doi.org/10.1002/maco.201608894,15.625,7.064,0.744,0.656,0.056,0.0
https://doi.org/10.1002/maco.201609199,20.285714285714285,6.71830985915493,0.6619718309859155,0.6197183098591549,0.0422535211267605,0.0070422535211267
https://doi.org/10.1002/maco.201609219,25.0,7.26,0.71,0.67,0.06,0.04
https://doi.org/10.1002/maco.201608924,28.83333333333333,6.682080924855492,0.6763005780346821,0.6069364161849711,0.0231213872832369,0.0115606936416184
https://doi.org/10.1002/maco.201508764,25.0,6.216,0.728,0.56,0.032,0.0
https://doi.org/10.1002/maco.201508638,11.75,4.971631205673759,0.7163120567375887,0.5390070921985816,0.0283687943262411,0.0212765957446808
https://doi.org/10.1002/maco.201508774,21.23076923076923,6.119565217391305,0.677536231884058,0.5869565217391305,0.0108695652173913,0.036231884057971
https://doi.org/10.1002/maco.201508772,20.285714285714285,7.169014084507042,0.6338028169014085,0.7112676056338029,0.056338028169014,0.0352112676056338
https://doi.org/10.1002/maco.201609158,18.4,5.956521739130435,0.6684782608695652,0.6358695652173914,0.0597826086956521,0.0380434782608695
https://doi.org/10.1002/maco.201508745,17.166666666666668,6.427184466019417,0.6990291262135923,0.7475728155339806,0.0194174757281553,0.0485436893203883
https://doi.org/10.1002/maco.201609182,26.571428571428573,6.301075268817204,0.5806451612903226,0.5483870967741935,0.053763440860215,0.0053763440860215
https://doi.org/10.1002/maco.201609200,24.5,5.931972789115647,0.673469387755102,0.6190476190476191,0.0204081632653061,0.0204081632653061
https://doi.org/10.1002/maco.201508785,19.5,6.519230769230769,0.6923076923076923,0.6730769230769231,0.0448717948717948,0.0256410256410256
https://doi.org/10.1002/maco.201508680,29.0,6.198275862068965,0.646551724137931,0.6724137931034483,0.0775862068965517,0.0344827586206896
https://doi.org/10.1002/maco.201608903,44.0,6.215909090909091,0.6931818181818182,0.7272727272727273,0.034090909090909,0.0227272727272727
https://doi.org/10.1002/maco.201608935,21.4,6.5,0.6214953271028038,0.5093457943925234,0.0327102803738317,0.02803738317757
https://doi.org/10.1002/maco.201608966,12.666666666666666,6.342105263157895,0.7236842105263158,0.7368421052631579,0.0394736842105263,0.0
https://doi.org/10.1002/maco.201608967,29.6,7.074324324324325,0.6621621621621622,0.6351351351351351,0.0202702702702702,0.0
https://doi.org/10.1002/maco.201608998,24.5,5.704081632653061,0.6020408163265306,0.5714285714285714,0.0306122448979591,0.0
https://doi.org/10.1002/maco.201609151,26.0,6.461538461538462,0.6442307692307693,0.6826923076923077,0.0384615384615384,0.0288461538461538
https://doi.org/10.1002/maco.201508686,16.77777777777778,6.264900662251655,0.6423841059602649,0.695364238410596,0.0397350993377483,0.0132450331125827
https://doi.org/10.1002/maco.201609024,16.272727272727273,6.217877094972067,0.6927374301675978,0.6480446927374302,0.0223463687150838,0.0111731843575419
https://doi.org/10.1002/maco.201609110,21.0,6.938775510204081,0.7482993197278912,0.6598639455782312,0.0680272108843537,0.0068027210884353
https://doi.org/10.1002/maco.201508733,20.625,6.357575757575757,0.6484848484848484,0.5636363636363636,0.0363636363636363,0.0363636363636363
https://doi.org/10.1002/maco.201609052,14.142857142857142,6.707070707070707,0.696969696969697,0.696969696969697,0.0707070707070707,0.0
https://doi.org/10.1002/maco.201508804,23.83333333333333,6.664335664335664,0.6643356643356644,0.6223776223776224,0.0209790209790209,0.0139860139860139
https://doi.org/10.1002/maco.201609163,17.8,6.191011235955056,0.6348314606741573,0.5842696629213483,0.0224719101123595,0.0056179775280898
https://doi.org/10.1002/maco.201670051,9.428571428571429,5.545454545454546,0.8333333333333334,0.8181818181818182,0.0757575757575757,0.0303030303030303
https://doi.org/10.1002/maco.201670011,11.181818181818182,5.658536585365853,0.6422764227642277,0.6422764227642277,0.016260162601626,0.016260162601626
https://doi.org/10.1002/maco.201609288,15.5,6.258064516129032,0.6505376344086021,0.553763440860215,0.0268817204301075,0.032258064516129
https://doi.org/10.1002/maco.201670121,17.0,7.882352941176471,0.7941176470588235,0.9117647058823528,0.088235294117647,0.0294117647058823
https://doi.org/10.1002/maco.201670021,49.0,7.020408163265306,0.7755102040816326,0.8775510204081632,0.0204081632653061,0.0
https://doi.org/10.1002/maco.201670124,23.125,6.902702702702703,0.654054054054054,0.6864864864864865,0.0162162162162162,0.0162162162162162
https://doi.org/10.1002/maco.201670041,17.166666666666668,7.524271844660194,0.6699029126213593,0.7766990291262136,0.0194174757281553,0.0388349514563106
https://doi.org/10.1002/maco.201670081,22.5,6.725925925925926,0.6444444444444445,0.6962962962962963,0.037037037037037,0.0148148148148148
https://doi.org/10.1002/maco.201670071,22.666666666666668,6.6838235294117645,0.6470588235294118,0.6911764705882353,0.0367647058823529,0.0147058823529411
https://doi.org/10.1002/maco.201670061,11.642857142857142,6.079754601226994,0.6993865030674846,0.6625766871165644,0.0613496932515337,0.0184049079754601
https://doi.org/10.1002/maco.201670101,14.428571428571429,6.663366336633663,0.693069306930693,0.7128712871287128,0.0198019801980198,0.0297029702970297
https://doi.org/10.1002/maco.201670091,8.9,6.674157303370786,0.7752808988764045,0.7415730337078652,0.0337078651685393,0.0224719101123595
https://doi.org/10.1108/acmm-04-2017-1784,23.6,6.748587570621469,0.6864406779661016,0.4491525423728814,0.0254237288135593,0.0084745762711864
https://doi.org/10.1108/acmm-12-2015-1620,34.0,7.127450980392157,0.6764705882352942,0.3954248366013072,0.0620915032679738,0.0163398692810457
https://doi.org/10.1108/acmm-10-2016-1716,21.571428571428573,6.894039735099338,0.6821192052980133,0.6158940397350994,0.0331125827814569,0.0198675496688741
https://doi.org/10.1108/acmm-08-2016-1703,21.22222222222222,6.115183246073299,0.774869109947644,0.5654450261780105,0.0157068062827225,0.0157068062827225
https://doi.org/10.1108/acmm-11-2015-1594,18.714285714285715,6.862595419847328,0.6870229007633588,0.6717557251908397,0.0305343511450381,0.0305343511450381
https://doi.org/10.1108/acmm-07-2015-1562,21.83333333333333,7.66412213740458,0.7633587786259542,0.732824427480916,0.0305343511450381,0.0305343511450381
https://doi.org/10.1108/acmm-05-2016-1667,37.4,6.55614973262032,0.6631016042780749,0.5721925133689839,0.0320855614973262,0.0106951871657754
https://doi.org/10.1108/acmm-12-2016-1741,19.166666666666668,6.665217391304348,0.6608695652173913,0.6086956521739131,0.0304347826086956,0.0347826086956521
https://doi.org/10.1108/acmm-03-2017-1779,20.22222222222222,6.549450549450549,0.6483516483516484,0.5274725274725275,0.0109890109890109,0.0164835164835164
https://doi.org/10.1108/acmm-04-2016-1665,28.166666666666668,6.662721893491124,0.7041420118343196,0.4911242603550296,0.0414201183431952,0.0118343195266272
https://doi.org/10.1108/acmm-01-2016-1640,19.63636363636364,7.087962962962963,0.6851851851851852,0.5138888888888888,0.0046296296296296,0.0185185185185185
https://doi.org/10.1108/acmm-12-2016-1737,19.944444444444443,6.557103064066852,0.6824512534818942,0.5181058495821727,0.0278551532033426,0.022284122562674
https://doi.org/10.1108/acmm-11-2015-1599,39.16666666666666,6.502127659574468,0.6936170212765957,0.4808510638297872,0.025531914893617,0.0212765957446808
https://doi.org/10.1108/acmm-06-2015-1548,20.25,6.938271604938271,0.6831275720164609,0.522633744855967,0.0205761316872428,0.0164609053497942
https://doi.org/10.1108/acmm-02-2016-1645,15.142857142857142,6.834905660377358,0.6650943396226415,0.4811320754716981,0.0188679245283018,0.0141509433962264
https://doi.org/10.1108/acmm-04-2017-1783,16.666666666666668,6.8,0.676,0.46,0.016,0.012
https://doi.org/10.1108/acmm-04-2017-1788,16.071428571428573,6.248888888888889,0.6444444444444445,0.5644444444444444,0.0177777777777777,0.0177777777777777
https://doi.org/10.1108/acmm-05-2016-1672,18.142857142857142,7.118110236220472,0.6732283464566929,0.5590551181102362,0.0275590551181102,0.0236220472440944
https://doi.org/10.1108/acmm-11-2015-1592,25.33333333333333,6.385964912280702,0.6973684210526315,0.631578947368421,0.0219298245614035,0.0307017543859649
https://doi.org/10.1108/acmm-09-2016-1708,20.545454545454547,6.761061946902655,0.6637168141592921,0.668141592920354,0.0265486725663716,0.0353982300884955
https://doi.org/10.1108/acmm-01-2017-1748,28.875,6.632034632034632,0.6406926406926406,0.5021645021645021,0.0259740259740259,0.0129870129870129
https://doi.org/10.1108/acmm-08-2016-1707,15.105263157894736,6.651567944250871,0.6533101045296167,0.3728222996515679,0.0121951219512195,0.0104529616724738
https://doi.org/10.1108/acmm-02-2016-1646,13.75,6.757575757575758,0.6878787878787879,0.5969696969696969,0.0393939393939393,0.0181818181818181
https://doi.org/10.1108/acmm-03-2017-1769,19.428571428571427,7.0588235294117645,0.6838235294117647,0.6617647058823529,0.0367647058823529,0.0367647058823529
https://doi.org/10.1108/acmm-03-2015-1513,16.583333333333332,6.592964824120603,0.7236180904522613,0.4824120603015075,0.0150753768844221,0.0201005025125628
https://doi.org/10.1108/acmm-09-2016-1712,28.142857142857142,6.106598984771574,0.7182741116751269,0.4898477157360406,0.0279187817258883,0.0076142131979695
https://doi.org/10.1108/acmm-12-2015-1617,16.5,6.3977272727272725,0.6174242424242424,0.4886363636363636,0.0227272727272727,0.0113636363636363
https://doi.org/10.1108/acmm-03-2015-1512,24.058823529411764,6.506112469437653,0.6185819070904646,0.4865525672371638,0.0171149144254278,0.0195599022004889
https://doi.org/10.1108/acmm-04-2015-1528,25.428571428571427,6.01685393258427,0.6966292134831461,0.6123595505617978,0.0393258426966292,0.0168539325842696
https://doi.org/10.1108/acmm-02-2017-1760,12.0625,6.911917098445596,0.6839378238341969,0.5544041450777202,0.0259067357512953,0.0207253886010362
https://doi.org/10.1108/acmm-02-2017-1756,18.875,7.377483443708609,0.6754966887417219,0.6357615894039735,0.0331125827814569,0.0264900662251655
https://doi.org/10.1108/acmm-03-2015-1520,21.0,6.45021645021645,0.70995670995671,0.5454545454545454,0.0173160173160173,0.0173160173160173
https://doi.org/10.1108/acmm-02-2017-1764,27.25,6.513761467889908,0.6238532110091743,0.4449541284403669,0.0229357798165137,0.0412844036697247
https://doi.org/10.1108/acmm-01-2016-1634,19.08333333333333,6.4847161572052405,0.6812227074235808,0.5327510917030568,0.0393013100436681,0.0174672489082969
https://doi.org/10.1108/acmm-03-2017-1776,24.0,6.525,0.6666666666666666,0.5,0.025,0.025
https://doi.org/10.1108/acmm-10-2016-1722,17.642857142857142,6.708502024291498,0.6477732793522267,0.5303643724696356,0.0283400809716599,0.0121457489878542
https://doi.org/10.1108/acmm-02-2016-1647,28.25,5.907079646017699,0.6991150442477876,0.4601769911504424,0.0265486725663716,0.0265486725663716
https://doi.org/10.1108/acmm-11-2015-1593,22.2,6.400900900900901,0.6441441441441441,0.4954954954954955,0.0225225225225225,0.0315315315315315
https://doi.org/10.1108/acmm-02-2017-1755,16.625,7.530075187969925,0.6729323308270677,0.5827067669172933,0.0150375939849624,0.018796992481203
https://doi.org/10.1108/acmm-11-2016-1734,20.5,6.429268292682927,0.6634146341463415,0.5317073170731708,0.0292682926829268,0.0292682926829268
https://doi.org/10.1108/acmm-05-2017-1797,21.63636363636364,7.302521008403361,0.7226890756302521,0.6092436974789915,0.0252100840336134,0.0168067226890756
https://doi.org/10.1108/acmm-02-2017-1757,17.833333333333332,7.090342679127726,0.6978193146417445,0.4454828660436137,0.0155763239875389,0.0093457943925233
https://doi.org/10.1108/acmm-03-2015-1511,18.666666666666668,7.428571428571429,0.6726190476190477,0.5238095238095238,0.0238095238095238,0.0178571428571428
https://doi.org/10.1108/acmm-11-2015-1602,24.22222222222222,6.577981651376147,0.6697247706422018,0.5642201834862385,0.0229357798165137,0.0275229357798165
https://doi.org/10.1108/acmm-12-2015-1618,19.857142857142858,6.223021582733813,0.7517985611510791,0.3309352517985611,0.0107913669064748,0.0215827338129496
https://doi.org/10.1108/acmm-08-2016-1700,13.866666666666667,6.394230769230769,0.6714743589743589,0.3253205128205128,0.0048076923076923,0.0112179487179487
https://doi.org/10.1108/acmm-02-2017-1766,25.714285714285715,7.0,0.6944444444444444,0.6,0.0388888888888888,0.0222222222222222
https://doi.org/10.1108/acmm-03-2016-1654,29.0,6.975369458128079,0.6699507389162561,0.5369458128078818,0.0246305418719211,0.0147783251231527
https://doi.org/10.1108/acmm-03-2015-1519,15.444444444444445,6.892086330935252,0.6474820143884892,0.6474820143884892,0.0431654676258992,0.014388489208633
https://doi.org/10.1108/acmm-02-2015-1507,16.166666666666668,7.43298969072165,0.7010309278350515,0.7216494845360825,0.0309278350515463,0.0206185567010309
https://doi.org/10.1108/acmm-04-2017-1780,16.5625,6.716981132075472,0.690566037735849,0.5622641509433962,0.0264150943396226,0.0075471698113207
https://doi.org/10.1108/acmm-12-2015-1627,17.125,6.354014598540146,0.7043795620437956,0.4233576642335766,0.0182481751824817,0.010948905109489
https://doi.org/10.1108/acmm-03-2015-1522,15.11111111111111,6.661764705882353,0.6691176470588235,0.6911764705882353,0.0220588235294117,0.0294117647058823
https://doi.org/10.1108/acmm-10-2015-1581,19.875,6.716981132075472,0.7169811320754716,0.6477987421383647,0.050314465408805,0.0125786163522012
https://doi.org/10.1108/acmm-02-2016-1648,32.625,7.145593869731801,0.7011494252873564,0.524904214559387,0.0076628352490421,0.0344827586206896
https://doi.org/10.1108/acmm-11-2016-1726,14.444444444444445,7.223076923076923,0.7,0.6461538461538462,0.0384615384615384,0.0461538461538461
https://doi.org/10.1108/acmm-04-2016-1666,20.7,6.975845410628019,0.6763285024154589,0.5942028985507246,0.0289855072463768,0.0144927536231884
https://doi.org/10.1108/acmm-10-2016-1725,17.846153846153847,7.168103448275862,0.6939655172413793,0.646551724137931,0.043103448275862,0.021551724137931
https://doi.org/10.1108/acmm-02-2016-1649,29.2,7.212328767123288,0.7054794520547946,0.7123287671232876,0.0342465753424657,0.047945205479452
https://doi.org/10.1108/acmm-08-2015-1564,29.88888888888889,6.453531598513012,0.654275092936803,0.4758364312267658,0.0148698884758364,0.0297397769516728
https://doi.org/10.1108/acmm-02-2016-1650,19.285714285714285,6.622222222222222,0.6814814814814815,0.6444444444444445,0.0222222222222222,0.0222222222222222
https://doi.org/10.1108/acmm-09-2015-1576,27.7,6.76173285198556,0.6642599277978339,0.483754512635379,0.0180505415162454,0.0108303249097472
https://doi.org/10.1108/acmm-11-2015-1595,34.42857142857143,6.759336099585062,0.6763485477178424,0.4813278008298755,0.0207468879668049,0.0041493775933609
https://doi.org/10.1108/acmm-06-2016-1678,15.916666666666666,6.031413612565445,0.7382198952879581,0.5392670157068062,0.0104712041884816,0.0157068062827225
https://doi.org/10.1108/acmm-11-2015-1591,27.125,6.663594470046083,0.6682027649769585,0.4608294930875576,0.0230414746543778,0.0138248847926267
https://doi.org/10.1108/acmm-05-2016-1677,23.375,6.834224598930481,0.6363636363636364,0.5454545454545454,0.0481283422459893,0.0106951871657754
https://doi.org/10.1108/acmm-04-2016-1660,19.75,6.512658227848101,0.5949367088607594,0.5822784810126582,0.0443037974683544,0.0189873417721519
https://doi.org/10.1108/acmm-02-2016-1643,19.476190476190474,6.530562347188264,0.6992665036674817,0.5232273838630807,0.0195599022004889,0.0293398533007334
https://doi.org/10.1108/acmm-05-2016-1674,20.05,5.992518703241895,0.6483790523690773,0.5461346633416458,0.0224438902743142,0.0124688279301745
https://doi.org/10.1108/acmm-10-2016-1719,17.916666666666668,6.813953488372093,0.7302325581395349,0.6744186046511628,0.0232558139534883,0.0232558139534883
https://doi.org/10.1108/acmm-09-2016-1709,14.947368421052632,6.401408450704225,0.6830985915492958,0.4964788732394366,0.028169014084507,0.0176056338028169
https://doi.org/10.1108/acmm-09-2016-1713,10.052631578947368,6.350785340314136,0.6570680628272252,0.4476439790575916,0.0183246073298429,0.0235602094240837
https://doi.org/10.1108/acmm-07-2016-1688,23.428571428571427,6.920731707317073,0.6646341463414634,0.5975609756097561,0.0365853658536585,0.0304878048780487
https://doi.org/10.1108/acmm-05-2016-1673,17.0,6.978609625668449,0.679144385026738,0.5989304812834224,0.0267379679144385,0.0213903743315508
https://doi.org/10.1108/acmm-01-2016-1628,16.875,6.922222222222223,0.7407407407407407,0.5222222222222223,0.0111111111111111,0.0148148148148148
https://doi.org/10.1108/acmm-03-2015-1509,28.272727272727277,6.784565916398714,0.6655948553054662,0.5627009646302251,0.022508038585209,0.0096463022508038
https://doi.org/10.1108/acmm-10-2015-1582,28.2,7.460992907801418,0.6950354609929078,0.7304964539007093,0.0496453900709219,0.0212765957446808
https://doi.org/10.1108/acmm-05-2015-1540,21.7,7.207373271889401,0.695852534562212,0.5898617511520737,0.0414746543778801,0.0184331797235023
https://doi.org/10.1108/acmm-09-2015-1577,34.833333333333336,6.976076555023924,0.631578947368421,0.5406698564593302,0.0287081339712918,0.0239234449760765
https://doi.org/10.1108/acmm-05-2016-1675,13.2,6.583333333333333,0.7121212121212122,0.5606060606060606,0.0454545454545454,0.0303030303030303
https://doi.org/10.1108/acmm-03-2016-1658,23.0,6.987577639751553,0.6149068322981367,0.5217391304347826,0.0372670807453416,0.0186335403726708
https://doi.org/10.1108/acmm-11-2016-1732,24.857142857142858,6.545977011494253,0.7816091954022989,0.6206896551724138,0.0172413793103448,0.0114942528735632
https://doi.org/10.1108/acmm-01-2016-1631,24.2,6.739669421487603,0.6652892561983471,0.4586776859504132,0.0206611570247933,0.0289256198347107
https://doi.org/10.1108/acmm-02-2017-1761,16.25,6.871794871794871,0.717948717948718,0.5025641025641026,0.0205128205128205,0.0205128205128205
https://doi.org/10.1108/acmm-02-2017-1754,21.4,6.925233644859813,0.6869158878504673,0.5093457943925234,0.0467289719626168,0.0046728971962616
https://doi.org/10.1108/acmm-06-2015-1554,27.08333333333333,6.609230769230769,0.6676923076923077,0.5230769230769231,0.0307692307692307,0.0276923076923076
https://doi.org/10.1108/acmm-05-2016-1669,22.25,6.835205992509363,0.6441947565543071,0.599250936329588,0.0187265917602996,0.0074906367041198
https://doi.org/10.1108/acmm-12-2015-1623,16.5,6.806060606060606,0.6787878787878788,0.5272727272727272,0.0303030303030303,0.0181818181818181
https://doi.org/10.5006/2365,18.6,7.096774193548387,0.7419354838709677,0.7419354838709677,0.064516129032258,0.010752688172043
https://doi.org/10.5006/2563,17.363636363636363,6.87958115183246,0.5759162303664922,0.5497382198952879,0.031413612565445,0.0157068062827225
https://doi.org/10.5006/2458,23.125,6.762162162162162,0.6162162162162163,0.6054054054054054,0.0324324324324324,0.0162162162162162
https://doi.org/10.5006/2506,19.2,6.791666666666667,0.71875,0.6979166666666666,0.0520833333333333,0.0104166666666666
https://doi.org/10.5006/2615,16.428571428571427,6.7043478260869565,0.6782608695652174,0.7043478260869566,0.0782608695652174,0.008695652173913
https://doi.org/10.5006/2242,20.285714285714285,6.542253521126761,0.6338028169014085,0.6056338028169014,0.056338028169014,0.0492957746478873
https://doi.org/10.5006/2354,21.75,6.896551724137931,0.6781609195402298,0.7586206896551724,0.057471264367816,0.0114942528735632
https://doi.org/10.5006/2334,28.25,7.119469026548672,0.6371681415929203,0.5088495575221239,0.0353982300884955,0.0088495575221238
https://doi.org/10.5006/2454,24.1875,6.385012919896641,0.6434108527131783,0.4418604651162791,0.0155038759689922,0.0232558139534883
https://doi.org/10.5006/2497,16.75,7.149253731343284,0.6940298507462687,0.6865671641791045,0.0223880597014925,0.0149253731343283
https://doi.org/10.5006/2415,23.166666666666668,6.884892086330935,0.697841726618705,0.6115107913669064,0.0575539568345323,0.0071942446043165
https://doi.org/10.5006/2581,24.2,6.570247933884297,0.6611570247933884,0.5950413223140496,0.0578512396694214,0.0082644628099173
https://doi.org/10.5006/2470,29.714285714285715,6.456730769230769,0.7307692307692307,0.6634615384615384,0.0240384615384615,0.0384615384615384
https://doi.org/10.5006/2328,23.2,6.379310344827586,0.6767241379310345,0.5560344827586207,0.0344827586206896,0.021551724137931
https://doi.org/10.5006/2385,18.142857142857142,7.322834645669292,0.7165354330708661,0.6535433070866141,0.0314960629921259,0.0157480314960629
https://doi.org/10.5006/2723,25.142857142857142,7.426136363636363,0.7102272727272727,0.5852272727272727,0.0227272727272727,0.0170454545454545
https://doi.org/10.5006/2418,26.666666666666668,7.25,0.75,0.7625,0.05,0.0125
https://doi.org/10.5006/2247,20.571428571428573,6.583333333333333,0.6666666666666666,0.7152777777777778,0.0486111111111111,0.0208333333333333
https://doi.org/10.5006/2620,15.4,7.064935064935065,0.6883116883116883,0.7077922077922078,0.0259740259740259,0.0194805194805194
https://doi.org/10.5006/2366,21.0,6.666666666666667,0.708994708994709,0.6296296296296297,0.037037037037037,0.0105820105820105
https://doi.org/10.5006/2523,20.875,6.688622754491018,0.6766467065868264,0.6347305389221557,0.0359281437125748,0.029940119760479
https://doi.org/10.5006/2222,24.90909090909091,6.642335766423358,0.6167883211678832,0.5802919708029197,0.0072992700729927,0.0328467153284671
https://doi.org/10.5006/2504,20.4375,6.486238532110092,0.691131498470948,0.5535168195718655,0.0152905198776758,0.0305810397553516
https://doi.org/10.5006/2541,17.833333333333332,6.705607476635514,0.7242990654205608,0.5747663551401869,0.02803738317757,0.014018691588785
https://doi.org/10.5006/2308,21.4,6.660436137071651,0.7258566978193146,0.5794392523364486,0.0342679127725856,0.0186915887850467
https://doi.org/10.5006/2586,17.666666666666668,6.314465408805032,0.6540880503144654,0.6352201257861635,0.0125786163522012,0.0125786163522012
https://doi.org/10.5006/2568,22.272727272727277,6.726530612244898,0.7224489795918367,0.5428571428571428,0.036734693877551,0.0244897959183673
https://doi.org/10.5006/2422,20.625,6.084848484848485,0.6727272727272727,0.6303030303030303,0.0242424242424242,0.0303030303030303
https://doi.org/10.5006/2392,23.0,6.714285714285714,0.639751552795031,0.6024844720496895,0.0745341614906832,0.031055900621118
https://doi.org/10.5006/2451,21.0,6.285714285714286,0.6326530612244898,0.5782312925170068,0.0476190476190476,0.0272108843537414
https://doi.org/10.5006/2280,16.5,6.186147186147186,0.6493506493506493,0.5367965367965368,0.0303030303030303,0.0216450216450216
https://doi.org/10.5006/2565,25.714285714285715,6.655555555555556,0.6333333333333333,0.6166666666666667,0.0388888888888888,0.0055555555555555
https://doi.org/10.5006/2224,24.75,7.121212121212121,0.6767676767676768,0.696969696969697,0.0303030303030303,0.0202020202020202
https://doi.org/10.5006/2705,13.166666666666666,5.940928270042194,0.6582278481012658,0.5021097046413502,0.0210970464135021,0.0126582278481012
https://doi.org/10.5006/2436,28.25,6.035398230088496,0.6017699115044248,0.584070796460177,0.0707964601769911,0.0265486725663716
https://doi.org/10.5006/2433,35.25,6.673758865248227,0.6170212765957447,0.5815602836879432,0.0496453900709219,0.0070921985815602
https://doi.org/10.5006/2555,28.142857142857142,6.736040609137056,0.6091370558375635,0.5685279187817259,0.0456852791878172,0.0355329949238578
https://doi.org/10.5006/2353,17.75,6.516431924882629,0.7089201877934272,0.5727699530516432,0.028169014084507,0.0093896713615023
https://doi.org/10.5006/2400,21.25,6.776470588235294,0.7176470588235294,0.6,0.0294117647058823,0.0
https://doi.org/10.5006/2547,28.3,6.826855123674911,0.6537102473498233,0.5335689045936396,0.0353356890459364,0.0106007067137809
https://doi.org/10.5006/2695,18.53333333333333,6.363309352517986,0.6726618705035972,0.5611510791366906,0.0179856115107913,0.0215827338129496
https://doi.org/10.5006/2335,28.428571428571427,5.849246231155779,0.6080402010050251,0.457286432160804,0.0100502512562814,0.0050251256281407
https://doi.org/10.5006/2372,21.181818181818183,6.463519313304721,0.6738197424892703,0.5407725321888412,0.03862660944206,0.0257510729613733
https://doi.org/10.5006/2449,25.571428571428573,6.899441340782123,0.6815642458100558,0.6424581005586593,0.0335195530726257,0.0223463687150838
https://doi.org/10.5006/2453,19.545454545454547,6.265116279069767,0.6465116279069767,0.5488372093023256,0.055813953488372,0.0046511627906976
https://doi.org/10.5006/2269,18.4,6.673913043478261,0.6413043478260869,0.532608695652174,0.0326086956521739,0.0
https://doi.org/10.5006/2522,25.0,6.934545454545455,0.6763636363636364,0.6145454545454545,0.04,0.0181818181818181
https://doi.org/10.5006/2268,21.0,6.738095238095238,0.7023809523809523,0.8452380952380952,0.0595238095238095,0.0238095238095238
https://doi.org/10.5006/2232,22.83333333333333,6.802919708029197,0.6934306569343066,0.5474452554744526,0.072992700729927,0.0072992700729927
https://doi.org/10.5006/2429,26.0,6.8538461538461535,0.6923076923076923,0.5846153846153846,0.0923076923076923,0.0153846153846153
https://doi.org/10.5006/2664,20.5,6.024390243902439,0.7235772357723578,0.6422764227642277,0.056910569105691,0.032520325203252
https://doi.org/10.5006/2343,26.33333333333333,6.791139240506329,0.689873417721519,0.7341772151898734,0.0379746835443038,0.0063291139240506
https://doi.org/10.5006/2638,16.818181818181817,6.594594594594595,0.6324324324324324,0.6432432432432432,0.0378378378378378,0.0162162162162162
https://doi.org/10.5006/2161,27.77777777777778,7.168,0.688,0.612,0.044,0.02
https://doi.org/10.5006/2510,17.6,7.142045454545454,0.6931818181818182,0.6420454545454546,0.0397727272727272,0.0284090909090909
https://doi.org/10.5006/2406,20.272727272727277,6.188340807174888,0.6547085201793722,0.6502242152466368,0.0134529147982062,0.0269058295964125
https://doi.org/10.5006/2408,18.125,6.813793103448276,0.7172413793103448,0.5379310344827586,0.0482758620689655,0.0137931034482758
https://doi.org/10.5006/2459,23.11111111111111,6.721153846153846,0.6826923076923077,0.5576923076923077,0.0721153846153846,0.0096153846153846
https://doi.org/10.5006/2576,21.0,6.801587301587301,0.6349206349206349,0.6587301587301587,0.0317460317460317,0.0238095238095238
https://doi.org/10.5006/2637,21.428571428571427,6.026666666666666,0.6533333333333333,0.64,0.0466666666666666,0.0
https://doi.org/10.5006/2505,23.428571428571427,6.512195121951219,0.6219512195121951,0.5609756097560976,0.0304878048780487,0.024390243902439
https://doi.org/10.5006/2561,22.454545454545453,6.445344129554656,0.708502024291498,0.6032388663967612,0.0283400809716599,0.0161943319838056
https://doi.org/10.5006/2391,21.363636363636363,6.842553191489362,0.6680851063829787,0.6085106382978723,0.025531914893617,0.0127659574468085
https://doi.org/10.5006/2437,21.0,6.797619047619048,0.7380952380952381,0.6944444444444444,0.0436507936507936,0.0238095238095238
https://doi.org/10.5006/2614,21.4,6.598130841121495,0.6822429906542056,0.7289719626168224,0.0747663551401869,0.0186915887850467
https://doi.org/10.5006/2655,23.0,6.641304347826087,0.6684782608695652,0.6467391304347826,0.0217391304347826,0.0217391304347826
https://doi.org/10.5006/2577,27.0,6.703703703703703,0.6203703703703703,0.5972222222222222,0.0277777777777777,0.0092592592592592
https://doi.org/10.5006/2356,21.272727272727277,6.666666666666667,0.6923076923076923,0.5598290598290598,0.0512820512820512,0.0128205128205128
https://doi.org/10.5006/2492,23.4,6.55982905982906,0.6495726495726496,0.5555555555555556,0.0299145299145299,0.0042735042735042
https://doi.org/10.5006/2229,21.444444444444443,6.196891191709844,0.6424870466321243,0.5906735751295337,0.0103626943005181,0.0155440414507772
https://doi.org/10.5006/2311,16.285714285714285,5.798245614035087,0.6578947368421053,0.6666666666666666,0.0526315789473684,0.0087719298245614
https://doi.org/10.5006/2545,15.266666666666667,6.2663755458515285,0.6506550218340611,0.519650655021834,0.0218340611353711,0.0131004366812227
https://doi.org/10.5006/2507,22.4,8.026785714285714,0.7053571428571429,0.6607142857142857,0.0,0.0267857142857142
https://doi.org/10.5006/2526,19.0,6.918128654970761,0.7134502923976608,0.6374269005847953,0.0526315789473684,0.023391812865497
https://doi.org/10.5006/2734,19.632653061224488,6.6923076923076925,0.6382536382536382,0.4958419958419958,0.0155925155925155,0.0176715176715176
https://doi.org/10.5006/2216,24.75,6.191919191919192,0.6868686868686869,0.7070707070707071,0.0101010101010101,0.0
https://doi.org/10.5006/2444,18.307692307692307,6.508403361344538,0.7605042016806722,0.5714285714285714,0.042016806722689,0.0042016806722689
https://doi.org/10.5006/2517,15.23076923076923,6.838383838383838,0.696969696969697,0.6616161616161617,0.0505050505050505,0.0202020202020202
https://doi.org/10.5006/2208,15.857142857142858,7.36036036036036,0.6846846846846847,0.7117117117117117,0.063063063063063,0.0
https://doi.org/10.5006/2572,25.352941176470587,6.169373549883991,0.7006960556844548,0.3851508120649652,0.0116009280742459,0.0162412993039443
https://doi.org/10.5006/2430,18.625,6.2885906040268456,0.6912751677852349,0.540268456375839,0.046979865771812,0.023489932885906
https://doi.org/10.5006/2635,20.666666666666668,7.21505376344086,0.6236559139784946,0.6290322580645161,0.0376344086021505,0.0591397849462365
https://doi.org/10.5006/2669,17.90909090909091,6.248730964467005,0.7055837563451777,0.6091370558375635,0.0355329949238578,0.0050761421319796
https://doi.org/10.5006/2339,18.428571428571427,6.054263565891473,0.6511627906976745,0.6356589147286822,0.0310077519379844,0.0232558139534883
https://doi.org/10.5006/2531,21.714285714285715,5.940789473684211,0.5855263157894737,0.5657894736842105,0.0460526315789473,0.006578947368421
https://doi.org/10.5006/2284,21.22222222222222,6.884816753926701,0.7277486910994765,0.6544502617801047,0.0261780104712041,0.0366492146596858
https://doi.org/10.5006/2260,18.125,6.9862068965517246,0.7241379310344828,0.7172413793103448,0.0275862068965517,0.0344827586206896
https://doi.org/10.5006/2511,33.666666666666664,6.400990099009901,0.599009900990099,0.6089108910891089,0.0445544554455445,0.0049504950495049
https://doi.org/10.5006/2508,27.2,6.470588235294118,0.6691176470588235,0.6985294117647058,0.0294117647058823,0.0147058823529411
https://doi.org/10.5006/2509,22.33333333333333,6.248756218905473,0.6517412935323383,0.5522388059701493,0.0398009950248756,0.0099502487562189
https://doi.org/10.5006/2562,20.285714285714285,6.48943661971831,0.6830985915492958,0.602112676056338,0.0176056338028169,0.0105633802816901
https://doi.org/10.5006/2612,22.4,6.638392857142857,0.6160714285714286,0.5178571428571429,0.0357142857142857,0.0133928571428571
https://doi.org/10.5006/2143,19.0,6.571428571428571,0.6842105263157895,0.631578947368421,0.0451127819548872,0.037593984962406
https://doi.org/10.5006/2514,35.0,7.135714285714286,0.7,0.6714285714285714,0.05,0.0071428571428571
https://doi.org/10.5006/2370,21.846153846153847,6.753521126760563,0.6302816901408451,0.5387323943661971,0.0211267605633802,0.0105633802816901
https://doi.org/10.5006/2445,20.444444444444443,6.679347826086956,0.7119565217391305,0.7010869565217391,0.0543478260869565,0.0163043478260869
https://doi.org/10.5006/2471,22.625,6.718232044198895,0.6906077348066298,0.6298342541436464,0.0552486187845303,0.011049723756906
https://doi.org/10.5006/2544,23.5,7.272340425531915,0.7489361702127659,0.6340425531914894,0.0468085106382978,0.025531914893617
https://doi.org/10.5006/2465,38.333333333333336,6.743478260869566,0.6565217391304348,0.6608695652173913,0.0130434782608695,0.0260869565217391
https://doi.org/10.5006/2301,23.363636363636363,6.603112840466926,0.6303501945525292,0.5914396887159533,0.0350194552529182,0.0389105058365758
https://doi.org/10.5006/2228,22.285714285714285,6.9423076923076925,0.6602564102564102,0.5192307692307693,0.0384615384615384,0.0128205128205128
https://doi.org/10.5006/2654,21.545454545454547,6.590717299578059,0.6835443037974683,0.5147679324894515,0.0210970464135021,0.0042194092827004
https://doi.org/10.5006/2566,26.666666666666668,6.8375,0.68125,0.625,0.08125,0.01875
https://doi.org/10.5006/2160,21.428571428571427,6.8533333333333335,0.6466666666666666,0.5333333333333333,0.0333333333333333,0.0266666666666666
https://doi.org/10.5006/2338,13.72222222222222,5.991902834008097,0.7206477732793523,0.4979757085020243,0.0121457489878542,0.0121457489878542
https://doi.org/10.5006/2227,28.666666666666668,6.25,0.686046511627907,0.5697674418604651,0.0232558139534883,0.0232558139534883
https://doi.org/10.5006/2159,24.571428571428573,6.808139534883721,0.6627906976744186,0.6104651162790697,0.0290697674418604,0.0174418604651162
https://doi.org/10.5006/2379,25.4,6.503937007874016,0.6299212598425197,0.7165354330708661,0.0157480314960629,0.0078740157480314
https://doi.org/10.5006/2330,10.05,6.313432835820896,0.736318407960199,0.6467661691542289,0.0199004975124378,0.0199004975124378
https://doi.org/10.5006/2324,28.33333333333333,7.0588235294117645,0.7764705882352941,0.6470588235294118,0.0588235294117647,0.0
https://doi.org/10.5006/2647,14.875,6.184873949579832,0.7310924369747899,0.6722689075630253,0.0756302521008403,0.0336134453781512
https://doi.org/10.5006/2064,21.0,6.7765567765567765,0.6996336996336996,0.5641025641025641,0.0219780219780219,0.0146520146520146
https://doi.org/10.5006/2264,25.33333333333333,6.414473684210527,0.6513157894736842,0.5592105263157895,0.0657894736842105,0.0328947368421052
https://doi.org/10.5006/2618,20.23076923076923,6.566539923954372,0.6920152091254753,0.4980988593155893,0.0190114068441064,0.0152091254752851
https://doi.org/10.5006/2564,24.666666666666668,6.283783783783784,0.6081081081081081,0.7567567567567568,0.027027027027027,0.0
https://doi.org/10.5006/2627,21.571428571428573,6.33112582781457,0.6556291390728477,0.5231788079470199,0.0397350993377483,0.0198675496688741
https://doi.org/10.5006/2323,13.4,5.6716417910447765,0.6343283582089553,0.4925373134328358,0.0074626865671641,0.0074626865671641
https://doi.org/10.5006/2031,17.0,6.816993464052287,0.6928104575163399,0.5816993464052288,0.0326797385620915,0.0
https://doi.org/10.5006/2305,19.5,7.134615384615385,0.6858974358974359,0.7051282051282052,0.0448717948717948,0.0192307692307692
https://doi.org/10.5006/2442,25.285714285714285,5.926553672316384,0.7175141242937854,0.5819209039548022,0.0338983050847457,0.0282485875706214
https://doi.org/10.5006/2558,21.25,6.305882352941176,0.7058823529411765,0.6705882352941176,0.0588235294117647,0.0
https://doi.org/10.5006/2501,15.4,6.409090909090909,0.7272727272727273,0.6493506493506493,0.0259740259740259,0.0129870129870129
https://doi.org/10.5006/2632,13.555555555555555,6.463114754098361,0.7008196721311475,0.5819672131147541,0.0081967213114754,0.0245901639344262
https://doi.org/10.5006/2604,19.55555555555556,5.954545454545454,0.6420454545454546,0.5625,0.0284090909090909,0.0
https://doi.org/10.5006/2384,26.666666666666668,6.16875,0.6375,0.58125,0.04375,0.01875
https://doi.org/10.5006/2382,25.2,7.238095238095238,0.6666666666666666,0.6984126984126984,0.0158730158730158,0.0317460317460317
https://doi.org/10.5006/2333,25.83333333333333,6.509677419354839,0.6,0.5806451612903226,0.032258064516129,0.032258064516129
https://doi.org/10.5006/2447,25.0,6.007272727272727,0.6363636363636364,0.4872727272727272,0.0181818181818181,0.0181818181818181
https://doi.org/10.5006/2374,21.428571428571427,6.54,0.6733333333333333,0.6333333333333333,0.0333333333333333,0.02
https://doi.org/10.5006/2496,30.0,6.605555555555555,0.6,0.5833333333333334,0.0388888888888888,0.0111111111111111
https://doi.org/10.5006/2640,22.2,6.423423423423423,0.6936936936936937,0.5045045045045045,0.018018018018018,0.009009009009009
https://doi.org/10.5006/2621,29.444444444444443,6.611320754716981,0.6377358490566037,0.5584905660377358,0.030188679245283,0.0188679245283018
https://doi.org/10.5006/2283,20.0,6.6625,0.7916666666666666,0.6041666666666666,0.0458333333333333,0.0166666666666666
https://doi.org/10.5006/2344,19.714285714285715,6.644927536231884,0.6521739130434783,0.6159420289855072,0.036231884057971,0.0217391304347826
https://doi.org/10.5006/0010-9312-73.3.215,14.0,6.107142857142857,0.6071428571428571,0.8392857142857143,0.0357142857142857,0.0
https://doi.org/10.5006/2315,21.77777777777778,6.239795918367347,0.6020408163265306,0.5663265306122449,0.0255102040816326,0.0204081632653061
https://doi.org/10.5006/2425,24.5,6.326530612244898,0.5408163265306123,0.6428571428571429,0.0306122448979591,0.010204081632653
https://doi.org/10.5006/2183,18.454545454545453,6.236453201970443,0.6600985221674877,0.5467980295566502,0.0492610837438423,0.0147783251231527
https://doi.org/10.5006/2592,16.0,6.229166666666667,0.625,0.8125,0.0208333333333333,0.0
https://doi.org/10.5006/2538,23.0,6.072463768115942,0.5579710144927537,0.5652173913043478,0.0217391304347826,0.036231884057971
https://doi.org/10.5006/2644,22.666666666666668,5.794117647058823,0.6470588235294118,0.7794117647058824,0.0294117647058823,0.0294117647058823
https://doi.org/10.1080/1478422x.2017.1304690,20.0,7.142857142857143,0.6857142857142857,0.7214285714285714,0.0285714285714285,0.0142857142857142
https://doi.org/10.1080/1478422x.2017.1330736,28.83333333333333,6.855491329479769,0.6242774566473989,0.6184971098265896,0.0231213872832369,0.0462427745664739
https://doi.org/10.1080/1478422x.2016.1275419,41.25,6.684848484848485,0.6484848484848484,0.6060606060606061,0.0303030303030303,0.0363636363636363
https://doi.org/10.1080/1478422x.2017.1384609,21.666666666666668,6.746153846153846,0.6692307692307692,0.7307692307692307,0.0384615384615384,0.0153846153846153
https://doi.org/10.1080/1478422x.2017.1300363,22.6,6.911504424778761,0.6460176991150443,0.6371681415929203,0.0353982300884955,0.0619469026548672
https://doi.org/10.1080/1478422x.2017.1388648,30.6,7.091503267973856,0.673202614379085,0.5947712418300654,0.0588235294117647,0.0261437908496732
https://doi.org/10.1080/1478422x.2017.1320117,21.8,6.587155963302752,0.7247706422018348,0.6605504587155964,0.0275229357798165,0.0091743119266055
https://doi.org/10.1080/1478422x.2017.1344416,33.2,6.77710843373494,0.6506024096385542,0.6626506024096386,0.0662650602409638,0.0240963855421686
https://doi.org/10.1080/1478422x.2017.1417072,24.83333333333333,6.328859060402684,0.6375838926174496,0.6174496644295302,0.0402684563758389,0.0268456375838926
https://doi.org/10.1080/1478422x.2016.1244619,19.285714285714285,6.288888888888889,0.6666666666666666,0.6148148148148148,0.0222222222222222,0.0
https://doi.org/10.1080/1478422x.2017.1316088,25.33333333333333,6.973684210526316,0.6907894736842105,0.6776315789473685,0.0394736842105263,0.0131578947368421
https://doi.org/10.1080/1478422x.2017.1340227,24.0,6.276041666666667,0.6614583333333334,0.6041666666666666,0.0208333333333333,0.0208333333333333
https://doi.org/10.1080/1478422x.2017.1315233,24.142857142857142,6.6982248520710055,0.650887573964497,0.6035502958579881,0.0414201183431952,0.0118343195266272
https://doi.org/10.1080/1478422x.2017.1297575,21.6,7.111111111111111,0.6851851851851852,0.6944444444444444,0.0462962962962962,0.0277777777777777
https://doi.org/10.1080/1478422x.2016.1271161,22.6,6.964601769911504,0.7876106194690266,0.7876106194690266,0.0353982300884955,0.0353982300884955
https://doi.org/10.1080/1478422x.2017.1413160,26.0,7.138461538461539,0.676923076923077,0.6384615384615384,0.0692307692307692,0.023076923076923
https://doi.org/10.1080/1478422x.2016.1213974,18.428571428571427,6.666666666666667,0.6589147286821705,0.6744186046511628,0.0542635658914728,0.0155038759689922
https://doi.org/10.1080/1478422x.2016.1274088,28.0,6.511904761904762,0.6190476190476191,0.6369047619047619,0.0476190476190476,0.0297619047619047
https://doi.org/10.1080/1478422x.2016.1278512,22.2,7.27027027027027,0.6846846846846847,0.6936936936936937,0.027027027027027,0.027027027027027
https://doi.org/10.1080/1478422x.2016.1245957,11.692307692307692,6.605263157894737,0.6973684210526315,0.5986842105263158,0.0197368421052631,0.0131578947368421
https://doi.org/10.1080/1478422x.2016.1213061,34.833333333333336,6.569377990430622,0.6746411483253588,0.5980861244019139,0.0526315789473684,0.0047846889952153
https://doi.org/10.1080/1478422x.2017.1356973,20.875,7.089820359281437,0.6586826347305389,0.6646706586826348,0.0179640718562874,0.029940119760479
https://doi.org/10.1080/1478422x.2016.1274839,16.77777777777778,6.6158940397351,0.6821192052980133,0.7086092715231788,0.0662251655629139,0.0198675496688741
https://doi.org/10.1080/1478422x.2017.1305537,23.5,6.929078014184397,0.6950354609929078,0.5319148936170213,0.0283687943262411,0.0141843971631205
https://doi.org/10.1080/1478422x.2016.1267932,20.571428571428573,6.909722222222222,0.7152777777777778,0.6597222222222222,0.0277777777777777,0.0208333333333333
https://doi.org/10.1080/1478422x.2017.1300379,21.75,6.810344827586207,0.632183908045977,0.6436781609195402,0.0229885057471264,0.0402298850574712
https://doi.org/10.1080/1478422x.2017.1288353,21.2,6.54245283018868,0.6886792452830188,0.6320754716981132,0.0283018867924528,0.0141509433962264
https://doi.org/10.1080/1478422x.2017.1356981,36.25,6.372413793103449,0.6068965517241379,0.6689655172413793,0.0206896551724137,0.0275862068965517
https://doi.org/10.1080/1478422x.2017.1292345,19.7,6.5126903553299496,0.6548223350253807,0.6395939086294417,0.0558375634517766,0.0304568527918781
https://doi.org/10.1080/1478422x.2017.1384628,33.6,6.434523809523809,0.6428571428571429,0.5714285714285714,0.0297619047619047,0.0357142857142857
https://doi.org/10.1080/1478422x.2016.1275418,25.4,6.496062992125984,0.6377952755905512,0.5826771653543307,0.0629921259842519,0.0078740157480314
https://doi.org/10.1080/1478422x.2016.1278513,24.0,6.614583333333333,0.6770833333333334,0.6875,0.0520833333333333,0.03125
https://doi.org/10.1080/1478422x.2017.1341221,23.0,6.880434782608695,0.6739130434782609,0.7717391304347826,0.0652173913043478,0.0
https://doi.org/10.1080/1478422x.2017.1306972,19.714285714285715,7.050724637681159,0.7028985507246377,0.6884057971014492,0.0289855072463768,0.036231884057971
https://doi.org/10.1080/1478422x.2017.1288336,24.818181818181817,6.604395604395604,0.63003663003663,0.5934065934065934,0.0109890109890109,0.0256410256410256
https://doi.org/10.1080/1478422x.2017.1368216,30.2,7.231788079470198,0.6622516556291391,0.6225165562913907,0.0198675496688741,0.0198675496688741
https://doi.org/10.1080/1478422x.2017.1344038,20.375,7.030674846625767,0.6871165644171779,0.6871165644171779,0.0490797546012269,0.0184049079754601
https://doi.org/10.1080/1478422x.2016.1254447,28.8,7.409722222222222,0.7013888888888888,0.5486111111111112,0.0277777777777777,0.0208333333333333
https://doi.org/10.1080/1478422x.2017.1311074,16.555555555555557,6.818791946308725,0.6644295302013423,0.697986577181208,0.0738255033557047,0.0067114093959731
https://doi.org/10.1080/1478422x.2017.1348761,31.75,6.68503937007874,0.6535433070866141,0.6535433070866141,0.0551181102362204,0.0
https://doi.org/10.1080/1478422x.2017.1300748,15.375,6.654471544715447,0.6219512195121951,0.5609756097560976,0.0284552845528455,0.0203252032520325
https://doi.org/10.1080/1478422x.2016.1227024,26.666666666666668,6.075,0.65,0.75,0.025,0.0
https://doi.org/10.1080/1478422x.2017.1350326,18.83333333333333,6.584070796460177,0.6548672566371682,0.672566371681416,0.0442477876106194,0.0442477876106194
https://doi.org/10.1080/1478422x.2017.1320155,21.0,6.726190476190476,0.6607142857142857,0.7142857142857143,0.0178571428571428,0.0416666666666666
https://doi.org/10.1080/1478422x.2017.1292200,23.166666666666668,6.471223021582734,0.6726618705035972,0.5611510791366906,0.0179856115107913,0.0215827338129496
https://doi.org/10.1080/1478422x.2017.1340245,25.4,6.818897637795276,0.7559055118110236,0.6771653543307087,0.0236220472440944,0.0157480314960629
https://doi.org/10.1080/1478422x.2017.1400291,23.33333333333333,6.2785714285714285,0.6357142857142857,0.6285714285714286,0.0357142857142857,0.0357142857142857
https://doi.org/10.1080/1478422x.2016.1262096,25.0,6.96,0.6466666666666666,0.68,0.04,0.02
https://doi.org/10.1080/1478422x.2017.1388649,24.166666666666668,6.924137931034482,0.6275862068965518,0.6206896551724138,0.0275862068965517,0.0344827586206896
https://doi.org/10.1080/1478422x.2017.1292202,21.83333333333333,6.282442748091603,0.6412213740458015,0.6030534351145038,0.0305343511450381,0.015267175572519
https://doi.org/10.1080/1478422x.2017.1330024,21.5,6.575581395348837,0.6569767441860465,0.5348837209302325,0.0174418604651162,0.0232558139534883
https://doi.org/10.1080/1478422x.2017.1348762,16.714285714285715,6.641025641025641,0.7435897435897436,0.8034188034188035,0.0341880341880341,0.017094017094017
https://doi.org/10.1080/1478422x.2017.1296224,22.1,6.185520361990951,0.669683257918552,0.583710407239819,0.0226244343891402,0.0316742081447963
https://doi.org/10.1080/1478422x.2016.1211862,16.5,7.383838383838384,0.696969696969697,0.696969696969697,0.0303030303030303,0.0303030303030303
https://doi.org/10.1080/1478422x.2017.1355658,25.0,6.36,0.64,0.5266666666666666,0.0266666666666666,0.0133333333333333
https://doi.org/10.1080/1478422x.2017.1320156,25.625,6.492682926829269,0.6292682926829268,0.5804878048780487,0.0439024390243902,0.0146341463414634
https://doi.org/10.1080/1478422x.2017.1396410,29.6,6.925675675675675,0.7027027027027027,0.7094594594594594,0.027027027027027,0.0067567567567567
https://doi.org/10.1080/1478422x.2017.1303102,18.88888888888889,6.670588235294118,0.6764705882352942,0.6941176470588235,0.0294117647058823,0.0411764705882352
https://doi.org/10.1080/1478422x.2017.1305675,16.8,6.398809523809524,0.6428571428571429,0.6607142857142857,0.0297619047619047,0.0357142857142857
https://doi.org/10.1080/1478422x.2017.1294355,23.0,6.753623188405797,0.6594202898550725,0.644927536231884,0.0289855072463768,0.0072463768115942
https://doi.org/10.1080/1478422x.2016.1179965,19.875,6.383647798742138,0.6226415094339622,0.5786163522012578,0.0251572327044025,0.0125786163522012
https://doi.org/10.1080/1478422x.2016.1263456,19.5,6.317948717948718,0.6615384615384615,0.5743589743589743,0.0153846153846153,0.0256410256410256
https://doi.org/10.1080/1478422x.2017.1316087,36.25,6.206896551724138,0.6896551724137931,0.7310344827586207,0.0482758620689655,0.0137931034482758
https://doi.org/10.1080/1478422x.2017.1330025,17.583333333333332,6.1469194312796205,0.6587677725118484,0.6398104265402843,0.0236966824644549,0.0758293838862559
https://doi.org/10.1080/1478422x.2017.1284393,23.83333333333333,6.776223776223776,0.6433566433566433,0.6923076923076923,0.0209790209790209,0.0209790209790209
https://doi.org/10.1080/1478422x.2016.1245945,19.6,6.607142857142857,0.7295918367346939,0.6530612244897959,0.0306122448979591,0.0153061224489795
https://doi.org/10.1080/1478422x.2016.1254422,25.25,7.693069306930693,0.7326732673267327,0.6039603960396039,0.0495049504950495,0.0297029702970297
https://doi.org/10.1080/1478422x.2017.1355657,18.5,6.898648648648648,0.7297297297297297,0.6081081081081081,0.0202702702702702,0.0067567567567567
https://doi.org/10.1080/1478422x.2016.1213082,21.857142857142858,6.967320261437909,0.673202614379085,0.6797385620915033,0.0326797385620915,0.0392156862745098
https://doi.org/10.1080/1478422x.2017.1386017,29.8,6.738255033557047,0.697986577181208,0.6442953020134228,0.0268456375838926,0.0134228187919463
https://doi.org/10.1080/1478422x.2017.1312200,18.625,6.939597315436242,0.6510067114093959,0.7315436241610739,0.0738255033557047,0.0268456375838926
https://doi.org/10.1080/1478422x.2017.1285855,20.0,6.42,0.65,0.67,0.02,0.02
https://doi.org/10.1080/1478422x.2017.1398540,25.0,7.213333333333333,0.68,0.6,0.04,0.0066666666666666
https://doi.org/10.1080/1478422x.2017.1402499,25.4,6.551181102362205,0.6456692913385826,0.6062992125984252,0.0236220472440944,0.0078740157480314
https://doi.org/10.1080/1478422x.2017.1305651,28.0,6.071428571428571,0.6130952380952381,0.6369047619047619,0.0416666666666666,0.0357142857142857
https://doi.org/10.1080/1478422x.2017.1402513,29.4,7.659863945578231,0.673469387755102,0.5782312925170068,0.0340136054421768,0.0204081632653061
https://doi.org/10.1080/1478422x.2017.1330800,16.0,7.631944444444445,0.7152777777777778,0.6388888888888888,0.0347222222222222,0.0208333333333333
https://doi.org/10.1080/1478422x.2017.1291119,21.0,6.591836734693878,0.6394557823129252,0.6394557823129252,0.0544217687074829,0.0068027210884353
https://doi.org/10.1080/1478422x.2017.1318242,15.3,6.261437908496732,0.6928104575163399,0.6143790849673203,0.0326797385620915,0.0130718954248366
https://doi.org/10.1080/1478422x.2017.1319682,32.75,7.198473282442748,0.648854961832061,0.6259541984732825,0.0381679389312977,0.0229007633587786
https://doi.org/10.1080/1478422x.2017.1306962,23.5,6.475177304964539,0.6595744680851063,0.723404255319149,0.0283687943262411,0.0354609929078014
https://doi.org/10.1080/1478422x.2017.1292201,15.909090909090908,6.6971428571428575,0.6628571428571428,0.5428571428571428,0.0171428571428571,0.0171428571428571
https://doi.org/10.1080/1478422x.2017.1336003,23.125,6.702702702702703,0.654054054054054,0.6486486486486487,0.027027027027027,0.0108108108108108
https://doi.org/10.1080/1478422x.2017.1376943,20.142857142857142,6.99290780141844,0.6879432624113475,0.7872340425531915,0.0283687943262411,0.0070921985815602
https://doi.org/10.1080/1478422x.2017.1325989,21.0,7.217687074829932,0.7210884353741497,0.5850340136054422,0.0680272108843537,0.0136054421768707
https://doi.org/10.1080/1478422x.2016.1277315,20.571428571428573,6.055555555555555,0.5972222222222222,0.5347222222222222,0.0347222222222222,0.0277777777777777
https://doi.org/10.1080/1478422x.2017.1288352,32.75,6.816793893129771,0.6641221374045801,0.6564885496183206,0.0534351145038167,0.015267175572519
https://doi.org/10.1080/1478422x.2017.1329247,14.375,6.6173913043478265,0.6869565217391305,0.6173913043478261,0.0260869565217391,0.008695652173913
https://doi.org/10.1080/1478422x.2017.1335531,14.857142857142858,6.682692307692308,0.75,0.6923076923076923,0.048076923076923,0.0096153846153846
https://doi.org/10.1080/1478422x.2017.1294356,27.6,6.420289855072464,0.644927536231884,0.5652173913043478,0.036231884057971,0.036231884057971
https://doi.org/10.1080/1478422x.2017.1306390,18.8,6.819148936170213,0.7021276595744681,0.7340425531914894,0.0319148936170212,0.0106382978723404
https://doi.org/10.1080/1478422x.2017.1300378,18.33333333333333,6.527272727272727,0.6666666666666666,0.6787878787878788,0.0484848484848484,0.0121212121212121
https://doi.org/10.1080/1478422x.2017.1357959,26.9,6.349442379182156,0.6394052044609665,0.5539033457249071,0.0334572490706319,0.0223048327137546
https://doi.org/10.1080/1478422x.2017.1344039,22.285714285714285,5.794871794871795,0.6346153846153846,0.6666666666666666,0.0192307692307692,0.0576923076923076
https://doi.org/10.1080/1478422x.2017.1362158,29.4375,6.607218683651805,0.6369426751592356,0.5159235668789809,0.0169851380042462,0.0212314225053078
https://doi.org/10.1080/1478422x.2017.1319148,28.25,6.8053097345132745,0.6371681415929203,0.7079646017699115,0.0619469026548672,0.0176991150442477
https://doi.org/10.1080/1478422x.2017.1348090,25.75,7.009708737864078,0.6310679611650486,0.6990291262135923,0.0679611650485436,0.0485436893203883
https://doi.org/10.1080/1478422x.2017.1296225,19.0,6.1345029239766085,0.6842105263157895,0.7076023391812866,0.0350877192982456,0.023391812865497
https://doi.org/10.1080/1478422x.2017.1350327,21.714285714285715,6.881578947368421,0.6578947368421053,0.7105263157894737,0.0328947368421052,0.0263157894736842
https://doi.org/10.1080/1478422x.2017.1373446,16.22222222222222,6.664383561643835,0.6301369863013698,0.5342465753424658,0.047945205479452,0.0068493150684931
https://doi.org/10.1080/1478422x.2017.1340228,29.2,6.609589041095891,0.6643835616438356,0.589041095890411,0.0410958904109589,0.0410958904109589
https://doi.org/10.1080/1478422x.2016.1253445,27.125,6.341013824884793,0.6267281105990783,0.4470046082949309,0.0230414746543778,0.0138248847926267
https://doi.org/10.1080/1478422x.2016.1245956,25.25,6.544554455445544,0.6237623762376238,0.6435643564356436,0.0594059405940594,0.0198019801980198
https://doi.org/10.1080/1478422x.2016.1212158,26.625,6.765258215962441,0.6572769953051644,0.5915492957746479,0.0469483568075117,0.0093896713615023
https://doi.org/10.1080/1478422x.2017.1304618,13.363636363636363,5.707482993197279,0.6394557823129252,0.5714285714285714,0.0272108843537414,0.0204081632653061
https://doi.org/10.1080/1478422x.2017.1300218,29.75,6.857142857142857,0.6134453781512605,0.6386554621848739,0.042016806722689,0.0168067226890756
https://doi.org/10.1080/1478422x.2017.1367113,28.6,6.251748251748252,0.6083916083916084,0.6223776223776224,0.0279720279720279,0.0
https://doi.org/10.1080/1478422x.2017.1323709,21.285714285714285,7.174496644295302,0.6845637583892618,0.7449664429530202,0.0335570469798657,0.0067114093959731
https://doi.org/10.1080/1478422x.2017.1357960,22.5,6.237037037037037,0.6592592592592592,0.5703703703703704,0.074074074074074,0.0148148148148148
https://doi.org/10.1080/1478422x.2016.1255370,27.5,6.0,0.6727272727272727,0.6181818181818182,0.0363636363636363,0.009090909090909
https://doi.org/10.1080/1478422x.2016.1277322,28.0,7.307142857142857,0.6857142857142857,0.6785714285714286,0.05,0.0285714285714285
https://doi.org/10.1080/1478422x.2017.1297601,12.444444444444445,6.321428571428571,0.6785714285714286,0.7053571428571429,0.0178571428571428,0.0089285714285714
https://doi.org/10.1080/1478422x.2017.1306991,27.25,6.63302752293578,0.6697247706422018,0.6238532110091743,0.073394495412844,0.0275229357798165
https://doi.org/10.1080/1478422x.2017.1325988,14.555555555555555,6.793893129770993,0.6717557251908397,0.7022900763358778,0.0229007633587786,0.015267175572519
https://doi.org/10.1080/1478422x.2017.1410318,27.5,6.463636363636364,0.6090909090909091,0.6454545454545455,0.0363636363636363,0.009090909090909
https://doi.org/10.1080/1478422x.2017.1371387,21.428571428571427,6.04,0.66,0.5466666666666666,0.0266666666666666,0.0066666666666666
https://doi.org/10.1080/1478422x.2017.1304845,27.4,6.62043795620438,0.6423357664233577,0.6277372262773723,0.0218978102189781,0.0218978102189781
https://doi.org/10.1080/1478422x.2017.1291186,26.0,6.392307692307693,0.6,0.6615384615384615,0.0153846153846153,0.023076923076923
https://doi.org/10.1080/1478422x.2017.1314082,28.0,6.685714285714286,0.6428571428571429,0.6714285714285714,0.0428571428571428,0.0285714285714285
https://doi.org/10.1016/j.corsci.2017.06.006,19.6,6.724489795918367,0.6530612244897959,0.7040816326530612,0.0612244897959183,0.010204081632653
https://doi.org/10.1016/j.corsci.2017.09.014,26.142857142857142,6.595628415300546,0.6612021857923497,0.6721311475409836,0.0382513661202185,0.0327868852459016
https://doi.org/10.1016/j.corsci.2017.05.025,21.5,6.0,0.6821705426356589,0.7209302325581395,0.0310077519379844,0.0
https://doi.org/10.1016/j.corsci.2017.09.015,20.0,6.06,0.59,0.64,0.04,0.01
https://doi.org/10.1016/j.corsci.2017.04.012,16.666666666666668,5.55,0.68,0.67,0.01,0.01
https://doi.org/10.1016/j.corsci.2017.07.008,14.0,6.642857142857143,0.6632653061224489,0.6836734693877551,0.0510204081632653,0.010204081632653
https://doi.org/10.1016/j.corsci.2017.05.023,17.0,6.176470588235294,0.7352941176470589,0.7254901960784313,0.0490196078431372,0.0196078431372549
https://doi.org/10.1016/j.corsci.2017.10.022,23.166666666666668,7.633093525179856,0.7553956834532374,0.6762589928057554,0.0575539568345323,0.0287769784172661
https://doi.org/10.1016/j.corsci.2017.03.004,17.25,6.884057971014493,0.7101449275362319,0.4492753623188406,0.0652173913043478,0.0
https://doi.org/10.1016/j.corsci.2017.11.017,20.666666666666668,6.263440860215054,0.6344086021505376,0.532258064516129,0.0161290322580645,0.010752688172043
https://doi.org/10.1016/j.corsci.2017.03.014,12.375,6.424242424242424,0.6868686868686869,0.797979797979798,0.0202020202020202,0.0101010101010101
https://doi.org/10.1016/j.corsci.2017.11.014,16.666666666666668,6.9,0.67,0.81,0.06,0.06
https://doi.org/10.1016/j.corsci.2017.11.018,33.666666666666664,7.05940594059406,0.7722772277227723,0.7623762376237624,0.0396039603960396,0.0396039603960396
https://doi.org/10.1002/maco.201609210,20.33333333333333,7.565573770491803,0.7377049180327869,0.7049180327868853,0.0327868852459016,0.0163934426229508
https://doi.org/10.1002/maco.201709656,17.5,6.342857142857143,0.7285714285714285,0.7071428571428572,0.0357142857142857,0.0071428571428571
https://doi.org/10.1002/maco.201609211,14.75,5.745762711864407,0.672316384180791,0.6045197740112994,0.0169491525423728,0.0225988700564971
https://doi.org/10.1002/maco.201609300,17.083333333333332,6.229268292682927,0.7219512195121951,0.6,0.0341463414634146,0.0048780487804878
https://doi.org/10.1002/maco.201709833,9.294117647058824,5.39873417721519,0.7468354430379747,0.569620253164557,0.0443037974683544,0.0126582278481012
https://doi.org/10.1002/maco.201709597,20.166666666666668,7.404958677685951,0.7355371900826446,0.7107438016528925,0.0743801652892562,0.0165289256198347
https://doi.org/10.1002/maco.201709478,21.857142857142858,6.777777777777778,0.6274509803921569,0.6339869281045751,0.0196078431372549,0.0326797385620915
https://doi.org/10.1002/maco.201709655,20.5,6.7317073170731705,0.6536585365853659,0.6146341463414634,0.0292682926829268,0.0146341463414634
https://doi.org/10.1002/maco.201609312,21.6,7.157407407407407,0.7592592592592593,0.7314814814814815,0.0555555555555555,0.0277777777777777
https://doi.org/10.1002/maco.201709418,31.0,6.606451612903226,0.6645161290322581,0.5935483870967742,0.0516129032258064,0.0129032258064516
https://doi.org/10.1002/maco.201709715,16.636363636363637,6.7103825136612025,0.6885245901639344,0.6338797814207651,0.0163934426229508,0.0163934426229508
https://doi.org/10.1002/maco.201709514,19.33333333333333,6.982758620689655,0.646551724137931,0.6896551724137931,0.0344827586206896,0.0
https://doi.org/10.1002/maco.201709527,19.285714285714285,6.859259259259259,0.7333333333333333,0.5703703703703704,0.0666666666666666,0.0074074074074074
https://doi.org/10.1002/maco.201709563,24.33333333333333,5.712328767123288,0.7123287671232876,0.547945205479452,0.0136986301369863,0.0
https://doi.org/10.1002/maco.201709641,19.83333333333333,7.226890756302521,0.7058823529411765,0.6470588235294118,0.0924369747899159,0.0168067226890756
https://doi.org/10.1002/maco.201709735,25.25,7.03960396039604,0.693069306930693,0.7029702970297029,0.0693069306930693,0.0
https://doi.org/10.1002/maco.201709497,22.666666666666668,6.8088235294117645,0.6470588235294118,0.5220588235294118,0.0441176470588235,0.0073529411764705
https://doi.org/10.1002/maco.201709636,14.0,7.098214285714286,0.6785714285714286,0.6517857142857143,0.0446428571428571,0.0089285714285714
https://doi.org/10.1002/maco.201709473,22.0,6.325757575757576,0.6818181818181818,0.6136363636363636,0.0606060606060606,0.0227272727272727
https://doi.org/10.1002/maco.201709587,20.857142857142858,7.472602739726027,0.7123287671232876,0.7191780821917808,0.0205479452054794,0.0205479452054794
https://doi.org/10.1002/maco.201709723,30.0,5.925,0.65,0.5833333333333334,0.075,0.0
https://doi.org/10.1002/maco.201709761,13.0,6.043956043956044,0.6483516483516484,0.6703296703296703,0.0989010989010989,0.0109890109890109
https://doi.org/10.1002/maco.201709873,27.83333333333333,6.461077844311378,0.6107784431137725,0.5748502994011976,0.029940119760479,0.0179640718562874
https://doi.org/10.1002/maco.201609415,22.5,6.992592592592593,0.6370370370370371,0.6962962962962963,0.074074074074074,0.037037037037037
https://doi.org/10.1002/maco.201709432,22.5,5.9,0.6833333333333333,0.6388888888888888,0.0166666666666666,0.0222222222222222
https://doi.org/10.1002/maco.201709554,18.0,7.166666666666667,0.7283950617283951,0.6358024691358025,0.0432098765432098,0.0061728395061728
https://doi.org/10.1002/maco.201709920,27.8,7.107913669064748,0.7194244604316546,0.6618705035971223,0.0575539568345323,0.0287769784172661
https://doi.org/10.1002/maco.201709738,19.857142857142858,6.568345323741007,0.6258992805755396,0.6258992805755396,0.0575539568345323,0.014388489208633
https://doi.org/10.1002/maco.201709694,14.909090909090908,6.597560975609756,0.6524390243902439,0.6097560975609756,0.0365853658536585,0.0121951219512195
https://doi.org/10.1002/maco.201709813,39.25,6.496815286624204,0.6114649681528662,0.5859872611464968,0.0254777070063694,0.0254777070063694
https://doi.org/10.1002/maco.201609317,20.666666666666668,6.5,0.7419354838709677,0.532258064516129,0.0376344086021505,0.0161290322580645
https://doi.org/10.1002/maco.201709581,19.5,7.32051282051282,0.6858974358974359,0.5576923076923077,0.0192307692307692,0.0128205128205128
https://doi.org/10.1002/maco.201709476,18.77777777777778,6.733727810650888,0.7396449704142012,0.7218934911242604,0.059171597633136,0.0059171597633136
https://doi.org/10.1002/maco.201709815,23.25,7.268817204301075,0.7204301075268817,0.7419354838709677,0.053763440860215,0.010752688172043
https://doi.org/10.1002/maco.201709818,16.09090909090909,6.8474576271186445,0.6836158192090396,0.536723163841808,0.03954802259887,0.0112994350282485
https://doi.org/10.1002/maco.201709526,11.375,6.43956043956044,0.6813186813186813,0.7032967032967034,0.0219780219780219,0.0
https://doi.org/10.1002/maco.201709843,40.0,6.28125,0.675,0.54375,0.0375,0.0125
https://doi.org/10.1002/maco.201709684,18.25,5.917808219178082,0.684931506849315,0.6986301369863014,0.0547945205479452,0.0
https://doi.org/10.1002/maco.201609347,17.0,7.658823529411765,0.7352941176470589,0.6352941176470588,0.0235294117647058,0.0117647058823529
https://doi.org/10.1002/maco.201709648,23.857142857142858,6.245508982035928,0.6526946107784432,0.6287425149700598,0.0179640718562874,0.0119760479041916
https://doi.org/10.1002/maco.201709907,18.1,6.541436464088398,0.6464088397790055,0.5911602209944752,0.0276243093922651,0.0165745856353591
https://doi.org/10.1002/maco.201709676,22.625,6.552486187845304,0.6961325966850829,0.56353591160221,0.0331491712707182,0.0386740331491712
https://doi.org/10.1002/maco.201709940,31.0,6.47926267281106,0.6820276497695853,0.5944700460829493,0.0276497695852534,0.032258064516129
https://doi.org/10.1002/maco.201609319,32.0,6.94375,0.65625,0.6375,0.04375,0.00625
https://doi.org/10.1002/maco.201709781,21.83333333333333,7.099236641221374,0.6335877862595419,0.6564885496183206,0.0916030534351145,0.0229007633587786
https://doi.org/10.1002/maco.201709879,15.444444444444445,7.553956834532374,0.7338129496402878,0.5611510791366906,0.0575539568345323,0.0287769784172661
https://doi.org/10.1002/maco.201709882,22.5,7.296296296296297,0.6592592592592592,0.6296296296296297,0.0518518518518518,0.0074074074074074
https://doi.org/10.1002/maco.201709620,25.0,6.8,0.72,0.58,0.02,0.0
https://doi.org/10.1002/maco.201709685,21.857142857142858,7.091503267973856,0.6993464052287581,0.6274509803921569,0.0457516339869281,0.0130718954248366
https://doi.org/10.1002/maco.201709705,22.83333333333333,5.9416058394160585,0.6423357664233577,0.6058394160583942,0.0218978102189781,0.0291970802919708
https://doi.org/10.1002/maco.201709765,19.444444444444443,6.982857142857143,0.6914285714285714,0.6,0.0285714285714285,0.0171428571428571
https://doi.org/10.1002/maco.201709880,11.571428571428571,6.423868312757202,0.6954732510288066,0.4444444444444444,0.0205761316872428,0.0123456790123456
https://doi.org/10.1002/maco.201709502,16.0,6.721590909090909,0.7102272727272727,0.6079545454545454,0.0681818181818181,0.0056818181818181
https://doi.org/10.1002/maco.201709742,21.166666666666668,7.031496062992126,0.6771653543307087,0.6456692913385826,0.0236220472440944,0.0157480314960629
https://doi.org/10.1002/maco.201709465,27.166666666666668,6.392638036809816,0.656441717791411,0.5460122699386503,0.0245398773006134,0.0245398773006134
https://doi.org/10.1002/maco.201709915,23.875,6.87958115183246,0.7225130890052356,0.6230366492146597,0.031413612565445,0.0104712041884816
https://doi.org/10.1002/maco.201709736,25.25,6.118811881188119,0.6831683168316832,0.7029702970297029,0.0297029702970297,0.0099009900990099
https://doi.org/10.1002/maco.201609215,18.571428571428573,7.592307692307692,0.7384615384615385,0.7153846153846154,0.0461538461538461,0.0153846153846153
https://doi.org/10.1002/maco.201609358,37.66666666666666,6.769911504424779,0.6548672566371682,0.5575221238938053,0.0707964601769911,0.0088495575221238
https://doi.org/10.1002/maco.201709688,30.166666666666668,6.668508287292818,0.6243093922651933,0.574585635359116,0.0718232044198895,0.005524861878453
https://doi.org/10.1002/maco.201709577,19.33333333333333,5.85632183908046,0.6436781609195402,0.5402298850574713,0.0229885057471264,0.0057471264367816
https://doi.org/10.1002/maco.201609276,25.83333333333333,6.832258064516129,0.6838709677419355,0.6516129032258065,0.0516129032258064,0.032258064516129
https://doi.org/10.1002/maco.201709488,23.857142857142858,6.706586826347305,0.6586826347305389,0.5449101796407185,0.0658682634730539,0.0179640718562874
https://doi.org/10.1002/maco.201709515,15.636363636363637,6.441860465116279,0.6976744186046512,0.5116279069767442,0.0174418604651162,0.005813953488372
https://doi.org/10.1002/maco.201709814,22.5,5.9688888888888885,0.6222222222222222,0.6088888888888889,0.0222222222222222,0.0222222222222222
https://doi.org/10.1002/maco.201709903,21.857142857142858,6.856209150326797,0.6993464052287581,0.6078431372549019,0.0457516339869281,0.0130718954248366
https://doi.org/10.1002/maco.201609168,14.454545454545457,6.779874213836478,0.7044025157232704,0.5345911949685535,0.0377358490566037,0.0125786163522012
https://doi.org/10.1002/maco.201709462,22.0,6.883838383838384,0.7070707070707071,0.5858585858585859,0.0252525252525252,0.0202020202020202
https://doi.org/10.1002/maco.201709507,16.333333333333332,6.683673469387755,0.7346938775510204,0.7857142857142857,0.0510204081632653,0.0204081632653061
https://doi.org/10.1002/maco.201709494,23.8,6.798319327731092,0.6638655462184874,0.5966386554621849,0.0672268907563025,0.0168067226890756
https://doi.org/10.1002/maco.201709865,12.066666666666666,6.486187845303867,0.6961325966850829,0.5911602209944752,0.0276243093922651,0.0331491712707182
https://doi.org/10.1002/maco.201709609,18.625,6.02013422818792,0.7114093959731543,0.6711409395973155,0.0335570469798657,0.0067114093959731
https://doi.org/10.1002/maco.201709487,10.0,6.8,0.7,0.75,0.04,0.05
https://doi.org/10.1002/maco.201709600,17.8,6.106741573033708,0.7191011235955056,0.6404494382022472,0.0168539325842696,0.0
https://doi.org/10.1002/maco.201709461,15.0,6.809523809523809,0.6571428571428571,0.7428571428571429,0.019047619047619,0.0285714285714285
https://doi.org/10.1002/maco.201709472,19.0,5.666666666666667,0.7105263157894737,0.5789473684210527,0.0526315789473684,0.0
https://doi.org/10.1002/maco.201709484,15.6,6.326923076923077,0.6730769230769231,0.6858974358974359,0.0512820512820512,0.0192307692307692
https://doi.org/10.1002/maco.201609386,25.25,6.99009900990099,0.6534653465346535,0.6732673267326733,0.0297029702970297,0.0
https://doi.org/10.1002/maco.201609363,18.77777777777778,6.881656804733728,0.6863905325443787,0.6745562130177515,0.029585798816568,0.0059171597633136
https://doi.org/10.1002/maco.201609351,14.166666666666666,6.258823529411765,0.6823529411764706,0.5647058823529412,0.0470588235294117,0.0117647058823529
https://doi.org/10.1002/maco.201709649,17.75,6.788732394366197,0.6408450704225352,0.5704225352112676,0.0492957746478873,0.0070422535211267
https://doi.org/10.1002/maco.201709794,17.571428571428573,6.902439024390244,0.7235772357723578,0.6341463414634146,0.040650406504065,0.024390243902439
https://doi.org/10.1002/maco.201609346,21.714285714285715,6.5855263157894735,0.6710526315789473,0.618421052631579,0.0394736842105263,0.0131578947368421
https://doi.org/10.1002/maco.201609388,25.285714285714285,6.497175141242938,0.6271186440677966,0.5706214689265536,0.0621468926553672,0.0169491525423728
https://doi.org/10.1002/maco.201609369,22.285714285714285,6.634615384615385,0.6794871794871795,0.5576923076923077,0.032051282051282,0.0192307692307692
https://doi.org/10.1002/maco.201709888,23.125,7.297297297297297,0.7135135135135136,0.6486486486486487,0.0594594594594594,0.0162162162162162
https://doi.org/10.1002/maco.201709924,24.857142857142858,6.666666666666667,0.6954022988505747,0.6264367816091954,0.0517241379310344,0.0172413793103448
https://doi.org/10.1002/maco.201709419,23.6,7.02542372881356,0.6864406779661016,0.6779661016949152,0.0423728813559322,0.0
https://doi.org/10.1002/maco.201709702,23.75,6.873684210526315,0.6947368421052632,0.6368421052631579,0.0263157894736842,0.0157894736842105
https://doi.org/10.1002/maco.201609408,17.9,6.58659217877095,0.6368715083798883,0.6368715083798883,0.0446927374301676,0.0111731843575419
https://doi.org/10.1002/maco.201709797,15.636363636363637,7.087209302325581,0.6686046511627907,0.563953488372093,0.0348837209302325,0.0290697674418604
https://doi.org/10.1002/maco.201709712,33.666666666666664,5.871287128712871,0.7128712871287128,0.6237623762376238,0.0247524752475247,0.0148514851485148
https://doi.org/10.1002/maco.201709658,31.33333333333333,6.835106382978723,0.6542553191489362,0.5319148936170213,0.0425531914893617,0.0106382978723404
https://doi.org/10.1002/maco.201609389,20.8,6.759615384615385,0.6442307692307693,0.6538461538461539,0.048076923076923,0.0
https://doi.org/10.1002/maco.201709637,20.0,6.816666666666666,0.6333333333333333,0.6,0.05,0.0166666666666666
https://doi.org/10.1002/maco.201609387,16.333333333333332,8.040816326530612,0.7959183673469388,0.8571428571428571,0.0816326530612244,0.0204081632653061
https://doi.org/10.1002/maco.201709513,22.2,5.63063063063063,0.6216216216216216,0.5585585585585585,0.027027027027027,0.036036036036036
https://doi.org/10.1002/maco.201609414,21.25,6.411764705882353,0.7352941176470589,0.6705882352941176,0.0235294117647058,0.0
https://doi.org/10.1002/maco.201709604,22.0,7.431818181818182,0.7045454545454546,0.5151515151515151,0.0303030303030303,0.0075757575757575
https://doi.org/10.1002/maco.201609406,17.285714285714285,7.066115702479339,0.7024793388429752,0.6611570247933884,0.0661157024793388,0.0
https://doi.org/10.1002/maco.201709522,27.666666666666668,6.746987951807229,0.6445783132530121,0.6506024096385542,0.036144578313253,0.0301204819277108
https://doi.org/10.1002/maco.201609265,30.0,6.152380952380953,0.7095238095238096,0.6142857142857143,0.0142857142857142,0.0142857142857142
https://doi.org/10.1002/maco.201709469,10.2,7.026143790849673,0.7320261437908496,0.6078431372549019,0.0326797385620915,0.0130718954248366
https://doi.org/10.1002/maco.201709555,18.571428571428573,6.176923076923077,0.6461538461538462,0.6692307692307692,0.0769230769230769,0.0153846153846153
https://doi.org/10.1002/maco.201709753,29.6,6.756756756756757,0.6959459459459459,0.7297297297297297,0.054054054054054,0.0405405405405405
https://doi.org/10.1002/maco.201709703,26.666666666666668,6.26875,0.66875,0.55625,0.05,0.00625
https://doi.org/10.1002/maco.201609336,25.5,6.509803921568627,0.6470588235294118,0.5424836601307189,0.0196078431372549,0.0130718954248366
https://doi.org/10.1002/maco.201609341,33.333333333333336,6.69,0.62,0.66,0.04,0.01
https://doi.org/10.1002/maco.201709756,29.33333333333333,6.920454545454546,0.6931818181818182,0.6818181818181818,0.0795454545454545,0.0454545454545454
https://doi.org/10.1002/maco.201609202,21.75,6.971264367816092,0.7011494252873564,0.6839080459770115,0.0517241379310344,0.0344827586206896
https://doi.org/10.1002/maco.201609343,18.5,6.333333333333333,0.7387387387387387,0.6666666666666666,0.081081081081081,0.009009009009009
https://doi.org/10.1002/maco.201709727,23.428571428571427,6.585365853658536,0.6402439024390244,0.6524390243902439,0.0365853658536585,0.0060975609756097
https://doi.org/10.1002/maco.201709647,28.5,6.109649122807017,0.6359649122807017,0.4605263157894737,0.0307017543859649,0.0131578947368421
https://doi.org/10.1002/maco.201609313,26.8,7.029850746268656,0.7014925373134329,0.6791044776119403,0.0373134328358208,0.0223880597014925
https://doi.org/10.1002/maco.201709602,22.83333333333333,5.802919708029197,0.7007299270072993,0.583941605839416,0.0510948905109489,0.0145985401459854
https://doi.org/10.1002/maco.201709521,13.0,6.346153846153846,0.6813186813186813,0.6428571428571429,0.0219780219780219,0.0219780219780219
https://doi.org/10.1002/maco.201709929,20.571428571428573,6.993055555555555,0.7222222222222222,0.7222222222222222,0.0208333333333333,0.0138888888888888
https://doi.org/10.1002/maco.201609350,27.2,6.661764705882353,0.6544117647058824,0.5735294117647058,0.0294117647058823,0.0147058823529411
https://doi.org/10.1002/maco.201609394,23.375,6.347593582887701,0.6256684491978609,0.5989304812834224,0.0427807486631016,0.0
https://doi.org/10.1002/maco.201709453,20.55555555555556,6.3621621621621625,0.6648648648648648,0.5837837837837838,0.0486486486486486,0.0108108108108108
https://doi.org/10.1002/maco.201609289,18.22222222222222,6.237804878048781,0.7378048780487805,0.6158536585365854,0.0121951219512195,0.024390243902439
https://doi.org/10.1002/maco.201709659,22.4,7.026785714285714,0.7053571428571429,0.5892857142857143,0.0625,0.0178571428571428
https://doi.org/10.1002/maco.201709528,17.1,6.631578947368421,0.6491228070175439,0.6842105263157895,0.0292397660818713,0.0350877192982456
https://doi.org/10.1002/maco.201709932,14.538461538461538,6.17989417989418,0.6507936507936508,0.6455026455026455,0.037037037037037,0.0264550264550264
https://doi.org/10.1002/maco.201709464,23.5,6.654255319148936,0.675531914893617,0.6276595744680851,0.0159574468085106,0.0
https://doi.org/10.1002/maco.201609405,18.5,6.621621621621622,0.6666666666666666,0.481981981981982,0.0315315315315315,0.0135135135135135
https://doi.org/10.1002/maco.201709550,22.0,7.688311688311688,0.6948051948051948,0.6428571428571429,0.0259740259740259,0.0064935064935064
https://doi.org/10.1002/maco.201709895,16.90909090909091,6.333333333333333,0.6666666666666666,0.6075268817204301,0.0376344086021505,0.010752688172043
https://doi.org/10.1002/maco.201770011,28.0,6.25,0.6904761904761905,0.75,0.0833333333333333,0.0
https://doi.org/10.1002/maco.201609333,27.0,6.682539682539683,0.6402116402116402,0.6349206349206349,0.0317460317460317,0.0211640211640211
https://doi.org/10.1002/maco.201609304,23.0,7.565217391304348,0.6869565217391305,0.7043478260869566,0.0434782608695652,0.0
https://doi.org/10.1002/maco.201709564,30.25,7.454545454545454,0.6776859504132231,0.8181818181818182,0.0909090909090909,0.0082644628099173
https://doi.org/10.1002/maco.201709498,26.285714285714285,6.309782608695652,0.6793478260869565,0.5978260869565217,0.0108695652173913,0.0163043478260869
https://doi.org/10.1002/maco.201709671,23.428571428571427,6.847560975609756,0.6219512195121951,0.5975609756097561,0.0182926829268292,0.0304878048780487
https://doi.org/10.1002/maco.201709902,19.0,6.531578947368421,0.6421052631578947,0.4789473684210526,0.0157894736842105,0.0052631578947368
https://doi.org/10.1002/maco.201709456,29.714285714285715,6.576923076923077,0.6538461538461539,0.5721153846153846,0.0240384615384615,0.0048076923076923
https://doi.org/10.1002/maco.201609244,18.55555555555556,5.485029940119761,0.7065868263473054,0.5269461077844312,0.0059880239520958,0.0119760479041916
https://doi.org/10.1002/maco.201609184,19.625,6.45859872611465,0.6178343949044586,0.5414012738853503,0.0254777070063694,0.0254777070063694
https://doi.org/10.1002/maco.201709665,25.166666666666668,6.364238410596027,0.6026490066225165,0.5761589403973509,0.0132450331125827,0.0066225165562913
https://doi.org/10.1002/maco.201770021,20.83333333333333,7.384,0.72,0.808,0.048,0.016
https://doi.org/10.1002/maco.201770031,27.0,6.0,0.7777777777777778,0.8888888888888888,0.037037037037037,0.0
https://doi.org/10.1002/maco.201770091,27.0,6.037037037037037,0.7777777777777778,0.8888888888888888,0.037037037037037,0.0
https://doi.org/10.1002/maco.201770064,31.0,6.741935483870968,0.695852534562212,0.6589861751152074,0.0138248847926267,0.0138248847926267
https://doi.org/10.1002/maco.201770051,7.642857142857143,6.775700934579439,0.8130841121495327,0.794392523364486,0.0373831775700934,0.02803738317757
https://doi.org/10.1002/maco.201770074,23.0,7.0144927536231885,0.6231884057971014,0.7246376811594203,0.0289855072463768,0.0144927536231884
https://doi.org/10.1002/maco.201770071,8.8,6.215909090909091,0.7159090909090909,0.7954545454545454,0.034090909090909,0.0227272727272727
https://doi.org/10.1002/maco.201770101,9.2,6.152173913043479,0.717391304347826,0.7391304347826086,0.0543478260869565,0.0434782608695652
https://doi.org/10.1002/maco.201770121,16.0,6.104166666666667,0.75,0.8541666666666666,0.0416666666666666,0.0
https://doi.org/10.1002/maco.201770035,18.0,6.977777777777778,0.9777777777777776,0.8222222222222222,0.0,0.0
https://doi.org/10.1002/maco.201770056,18.33333333333333,5.290909090909091,0.5818181818181818,0.9272727272727272,0.0363636363636363,0.0909090909090909
https://doi.org/10.1002/maco.201770041,7.769230769230769,6.257425742574258,0.7425742574257426,0.693069306930693,0.0594059405940594,0.0297029702970297
https://doi.org/10.1002/maco.201770061,11.0,6.606060606060606,0.7575757575757576,0.7878787878787878,0.0454545454545454,0.0303030303030303
https://doi.org/10.1002/maco.201770081,16.75,7.350746268656716,0.7686567164179104,0.7686567164179104,0.0149253731343283,0.0
https://doi.org/10.1108/acmm-06-2018-1955,16.153846153846153,7.119047619047619,0.7,0.5952380952380952,0.019047619047619,0.0428571428571428
https://doi.org/10.1108/acmm-12-2017-1866,12.529411764705882,5.741784037558685,0.7183098591549296,0.5164319248826291,0.0140845070422535,0.0140845070422535
https://doi.org/10.1108/acmm-03-2017-1778,14.428571428571429,6.089108910891089,0.7524752475247525,0.5297029702970297,0.0148514851485148,0.0148514851485148
https://doi.org/10.1108/acmm-03-2018-1911,21.11764705882353,6.832869080779944,0.7214484679665738,0.479108635097493,0.0167130919220055,0.0194986072423398
https://doi.org/10.1108/acmm-03-2017-1775,26.444444444444443,7.079831932773109,0.6218487394957983,0.5252100840336135,0.0252100840336134,0.0252100840336134
https://doi.org/10.1108/acmm-06-2018-1957,21.272727272727277,7.094017094017094,0.7094017094017094,0.5128205128205128,0.0256410256410256,0.017094017094017
https://doi.org/10.1108/acmm-05-2018-1946,19.63636363636364,7.236111111111111,0.6990740740740741,0.5925925925925926,0.037037037037037,0.0185185185185185
https://doi.org/10.1108/acmm-12-2017-1869,17.583333333333332,7.061611374407583,0.6587677725118484,0.4881516587677725,0.0236966824644549,0.0142180094786729
https://doi.org/10.1108/acmm-05-2018-1939,14.55,6.398625429553265,0.6185567010309279,0.4192439862542955,0.0240549828178694,0.0206185567010309
https://doi.org/10.1108/acmm-06-2018-1954,23.142857142857142,6.447530864197531,0.6944444444444444,0.5432098765432098,0.0308641975308641,0.0123456790123456
https://doi.org/10.1108/acmm-04-2018-1920,10.923076923076923,7.429577464788732,0.7183098591549296,0.6971830985915493,0.0352112676056338,0.0352112676056338
https://doi.org/10.1108/acmm-09-2017-1837,19.444444444444443,7.182857142857143,0.7257142857142858,0.7714285714285715,0.0457142857142857,0.0228571428571428
https://doi.org/10.1108/acmm-04-2017-1785,20.77777777777778,6.754010695187166,0.679144385026738,0.5401069518716578,0.0213903743315508,0.0213903743315508
https://doi.org/10.1108/acmm-07-2018-1969,34.72727272727273,6.575916230366492,0.6780104712041884,0.4607329842931937,0.031413612565445,0.0183246073298429
https://doi.org/10.1108/acmm-02-2018-1897,18.818181818181817,7.280193236714976,0.6473429951690821,0.5700483091787439,0.0144927536231884,0.0144927536231884
https://doi.org/10.1108/acmm-03-2018-1917,17.235294117647058,6.546075085324232,0.6757679180887372,0.5665529010238908,0.0204778156996587,0.0136518771331058
https://doi.org/10.1108/acmm-06-2018-1959,23.466666666666665,6.7727272727272725,0.6846590909090909,0.5113636363636364,0.0255681818181818,0.0170454545454545
https://doi.org/10.1108/acmm-07-2018-1973,23.2,6.400862068965517,0.646551724137931,0.5,0.021551724137931,0.0258620689655172
https://doi.org/10.1108/acmm-06-2017-1810,14.85,6.851851851851852,0.696969696969697,0.5420875420875421,0.0202020202020202,0.0336700336700336
https://doi.org/10.1108/acmm-06-2017-1808,21.142857142857142,6.962837837837838,0.7432432432432432,0.5743243243243243,0.0337837837837837,0.0101351351351351
https://doi.org/10.1108/acmm-02-2018-1900,15.615384615384617,6.369458128078818,0.6847290640394089,0.5517241379310345,0.0197044334975369,0.0098522167487684
https://doi.org/10.1108/acmm-05-2018-1941,13.833333333333334,6.178714859437751,0.6987951807228916,0.4357429718875502,0.0321285140562249,0.0160642570281124
https://doi.org/10.1108/acmm-06-2018-1958,15.941176470588236,6.7749077490774905,0.6457564575645757,0.4169741697416974,0.040590405904059,0.011070110701107
https://doi.org/10.1108/acmm-08-2017-1824,18.09090909090909,7.447236180904523,0.6984924623115578,0.6482412060301508,0.0251256281407035,0.0100502512562814
https://doi.org/10.1108/acmm-05-2018-1928,20.90909090909091,6.860869565217391,0.6565217391304348,0.508695652173913,0.0347826086956521,0.0260869565217391
https://doi.org/10.1108/acmm-10-2017-1857,19.125,6.980392156862745,0.6993464052287581,0.6013071895424836,0.0261437908496732,0.0196078431372549
https://doi.org/10.1108/acmm-12-2017-1874,16.7,6.706586826347305,0.7065868263473054,0.5568862275449101,0.0329341317365269,0.0239520958083832
https://doi.org/10.1108/acmm-05-2018-1937,21.727272727272727,6.891213389121339,0.6778242677824268,0.5732217573221757,0.0251046025104602,0.0460251046025104
https://doi.org/10.1108/acmm-02-2018-1901,12.692307692307692,6.581818181818182,0.7393939393939394,0.6484848484848484,0.0242424242424242,0.0242424242424242
https://doi.org/10.1108/acmm-11-2016-1735,23.625,6.857142857142857,0.6693121693121693,0.4021164021164021,0.0158730158730158,0.0079365079365079
https://doi.org/10.1108/acmm-12-2017-1867,21.714285714285715,7.039473684210527,0.6973684210526315,0.618421052631579,0.0460526315789473,0.006578947368421
https://doi.org/10.1108/acmm-04-2018-1922,17.714285714285715,7.088709677419355,0.6774193548387096,0.6653225806451613,0.0282258064516129,0.0201612903225806
https://doi.org/10.1108/acmm-03-2018-1913,19.3,6.844559585492228,0.689119170984456,0.538860103626943,0.0207253886010362,0.0103626943005181
https://doi.org/10.1108/acmm-01-2018-1886,16.875,6.448148148148148,0.6851851851851852,0.6259259259259259,0.0333333333333333,0.0148148148148148
https://doi.org/10.1108/acmm-05-2018-1932,18.42105263157895,6.968571428571429,0.6828571428571428,0.46,0.0114285714285714,0.0114285714285714
https://doi.org/10.1108/acmm-05-2018-1942,14.875,6.563025210084033,0.7478991596638656,0.5546218487394958,0.0336134453781512,0.0168067226890756
https://doi.org/10.1108/acmm-06-2017-1805,15.235294117647058,6.722007722007722,0.6833976833976834,0.5752895752895753,0.0347490347490347,0.0154440154440154
https://doi.org/10.1108/acmm-04-2018-1927,18.33333333333333,6.824242424242424,0.6545454545454545,0.6,0.0242424242424242,0.0181818181818181
https://doi.org/10.1108/acmm-03-2017-1770,19.545454545454547,6.618604651162791,0.6767441860465117,0.4744186046511628,0.0186046511627906,0.0232558139534883
https://doi.org/10.1108/acmm-09-2017-1839,22.2,7.292792792792793,0.6621621621621622,0.5720720720720721,0.0135135135135135,0.018018018018018
https://doi.org/10.1108/acmm-09-2017-1850,30.25,6.523415977961433,0.6253443526170799,0.4573002754820937,0.0137741046831955,0.0275482093663911
https://doi.org/10.1108/acmm-05-2018-1935,32.8,6.524390243902439,0.5853658536585366,0.5,0.024390243902439,0.0182926829268292
https://doi.org/10.1108/acmm-01-2018-1891,17.833333333333332,7.4392523364485985,0.7149532710280374,0.6074766355140186,0.0420560747663551,0.014018691588785
https://doi.org/10.1108/acmm-09-2017-1847,21.75,6.741379310344827,0.7471264367816092,0.5057471264367817,0.0172413793103448,0.0114942528735632
https://doi.org/10.1108/acmm-07-2018-1977,23.916666666666668,6.749128919860628,0.6445993031358885,0.4494773519163763,0.0104529616724738,0.0139372822299651
https://doi.org/10.1108/acmm-01-2017-1750,29.428571428571427,7.058252427184466,0.6893203883495146,0.5776699029126213,0.0194174757281553,0.0194174757281553
https://doi.org/10.1108/acmm-05-2018-1934,14.916666666666666,6.826815642458101,0.6759776536312849,0.5586592178770949,0.0446927374301676,0.0167597765363128
https://doi.org/10.1108/acmm-07-2018-1961,19.6,7.056122448979592,0.7040816326530612,0.5714285714285714,0.0510204081632653,0.0255102040816326
https://doi.org/10.1108/acmm-06-2018-1950,20.444444444444443,6.070652173913044,0.7228260869565217,0.6086956521739131,0.0271739130434782,0.0271739130434782
https://doi.org/10.1108/acmm-04-2017-1789,22.142857142857142,7.167741935483871,0.6645161290322581,0.5290322580645161,0.0387096774193548,0.0129032258064516
https://doi.org/10.1108/acmm-05-2018-1929,37.22222222222222,6.498507462686567,0.6298507462686567,0.3701492537313433,0.0149253731343283,0.0029850746268656
https://doi.org/10.1108/acmm-04-2018-1918,25.285714285714285,6.745762711864407,0.6610169491525424,0.632768361581921,0.03954802259887,0.0169491525423728
https://doi.org/10.1108/acmm-03-2018-1916,16.6,6.208835341365462,0.6305220883534136,0.5220883534136547,0.0120481927710843,0.0200803212851405
https://doi.org/10.1108/acmm-05-2017-1795,30.875,6.647773279352227,0.680161943319838,0.6558704453441295,0.0283400809716599,0.0242914979757085
https://doi.org/10.1108/acmm-04-2018-1924,23.0,6.5893719806763285,0.6714975845410628,0.6231884057971014,0.0241545893719806,0.0241545893719806
https://doi.org/10.1108/acmm-11-2016-1730,18.0,6.816239316239316,0.6367521367521367,0.5,0.0213675213675213,0.0213675213675213
https://doi.org/10.1108/acmm-01-2018-1889,22.363636363636363,6.939024390243903,0.6666666666666666,0.5040650406504065,0.0203252032520325,0.0121951219512195
https://doi.org/10.1108/acmm-06-2017-1811,22.4,6.919642857142857,0.7142857142857143,0.7857142857142857,0.0357142857142857,0.0178571428571428
https://doi.org/10.1108/acmm-12-2016-1739,17.384615384615383,6.721238938053097,0.6814159292035398,0.3805309734513274,0.0088495575221238,0.0088495575221238
https://doi.org/10.1108/acmm-08-2018-1978,21.6,7.125,0.6666666666666666,0.6111111111111112,0.0324074074074074,0.0231481481481481
https://doi.org/10.1108/acmm-01-2018-1890,23.0,6.900621118012422,0.6708074534161491,0.5900621118012422,0.0186335403726708,0.0186335403726708
https://doi.org/10.1108/acmm-07-2017-1814,24.125,7.316062176165803,0.6528497409326425,0.5803108808290155,0.0259067357512953,0.0207253886010362
https://doi.org/10.1108/acmm-01-2018-1888,19.428571428571427,7.352941176470588,0.6470588235294118,0.5367647058823529,0.0367647058823529,0.0294117647058823
https://doi.org/10.1108/acmm-06-2018-1948,17.6875,6.222614840989399,0.7208480565371025,0.5335689045936396,0.0212014134275618,0.0141342756183745
https://doi.org/10.1108/acmm-04-2018-1926,24.77777777777778,6.932735426008969,0.6502242152466368,0.600896860986547,0.0582959641255605,0.0224215246636771
https://doi.org/10.1108/acmm-03-2018-1915,19.625,7.261146496815287,0.7579617834394905,0.6496815286624203,0.0382165605095541,0.0127388535031847
https://doi.org/10.1108/acmm-12-2017-1876,19.0,5.983805668016195,0.659919028340081,0.5465587044534413,0.0161943319838056,0.0161943319838056
https://doi.org/10.1108/acmm-01-2018-1883,27.77777777777778,6.216,0.684,0.42,0.028,0.028
https://doi.org/10.1108/acmm-08-2018-1980,21.5,7.0813953488372094,0.686046511627907,0.5813953488372093,0.0290697674418604,0.0116279069767441
https://doi.org/10.1108/acmm-07-2017-1817,15.35,6.416938110749186,0.6579804560260586,0.5179153094462541,0.019543973941368,0.019543973941368
https://doi.org/10.1108/acmm-09-2018-1999,21.444444444444443,6.119170984455959,0.6528497409326425,0.5077720207253886,0.0310880829015544,0.0155440414507772
https://doi.org/10.1108/acmm-10-2015-1589,16.4,7.268292682926829,0.7195121951219512,0.5914634146341463,0.024390243902439,0.0121951219512195
https://doi.org/10.1108/acmm-06-2018-1949,27.444444444444443,6.910931174089069,0.6072874493927125,0.5182186234817814,0.0161943319838056,0.0283400809716599
https://doi.org/10.1108/acmm-10-2015-1586,15.5,6.368663594470046,0.7050691244239631,0.6267281105990783,0.0184331797235023,0.032258064516129
https://doi.org/10.1108/acmm-12-2016-1744,16.571428571428573,8.39655172413793,0.7844827586206896,0.8275862068965517,0.043103448275862,0.0344827586206896
https://doi.org/10.1108/acmm-12-2017-1877,28.55555555555556,6.66147859922179,0.6303501945525292,0.5058365758754864,0.0233463035019455,0.0194552529182879
https://doi.org/10.1108/acmm-12-2017-1875,28.272727272727277,6.945337620578778,0.6688102893890675,0.472668810289389,0.0096463022508038,0.022508038585209
https://doi.org/10.1108/acmm-04-2017-1790,26.33333333333333,6.514767932489452,0.6118143459915611,0.540084388185654,0.0168776371308016,0.0295358649789029
https://doi.org/10.1108/acmm-03-2018-1914,16.4,8.036585365853659,0.7439024390243902,0.5853658536585366,0.0365853658536585,0.0121951219512195
https://doi.org/10.1108/acmm-03-2018-1909,24.571428571428573,6.8604651162790695,0.7558139534883721,0.6395348837209303,0.0174418604651162,0.0116279069767441
https://doi.org/10.1108/acmm-05-2018-1936,20.68421052631579,6.900763358778626,0.6793893129770993,0.5292620865139949,0.010178117048346,0.0254452926208651
https://doi.org/10.1108/acmm-02-2018-1905,14.857142857142858,6.711538461538462,0.7211538461538461,0.6730769230769231,0.048076923076923,0.0096153846153846
https://doi.org/10.1108/acmm-07-2018-1975,13.444444444444445,6.367768595041323,0.6570247933884298,0.5247933884297521,0.0289256198347107,0.0082644628099173
https://doi.org/10.1108/acmm-03-2017-1773,16.4,7.841463414634147,0.7012195121951219,0.5975609756097561,0.024390243902439,0.0121951219512195
https://doi.org/10.1108/acmm-10-2017-1851,21.5,6.744186046511628,0.6790697674418604,0.6,0.0372093023255813,0.013953488372093
https://doi.org/10.1108/acmm-07-2018-1965,16.5,6.909090909090909,0.6565656565656566,0.6666666666666666,0.0202020202020202,0.0202020202020202
https://doi.org/10.5006/2926,22.33333333333333,7.164179104477612,0.746268656716418,0.7388059701492538,0.0298507462686567,0.0149253731343283
https://doi.org/10.5006/2904,14.833333333333334,7.348314606741573,0.6966292134831461,0.7528089887640449,0.0224719101123595,0.0449438202247191
https://doi.org/10.5006/2976,36.0,7.101851851851852,0.6666666666666666,0.5277777777777778,0.0231481481481481,0.0185185185185185
https://doi.org/10.5006/3093,30.285714285714285,6.745283018867925,0.6415094339622641,0.5943396226415094,0.0283018867924528,0.0235849056603773
https://doi.org/10.5006/2807,23.428571428571427,6.603658536585366,0.6646341463414634,0.6585365853658537,0.0182926829268292,0.0121951219512195
https://doi.org/10.5006/2792,29.571428571428573,6.381642512077295,0.6618357487922706,0.5652173913043478,0.0338164251207729,0.0338164251207729
https://doi.org/10.5006/2881,33.55555555555556,6.678807947019868,0.6357615894039735,0.6125827814569537,0.0264900662251655,0.0496688741721854
https://doi.org/10.5006/2860,18.571428571428573,7.1923076923076925,0.6692307692307692,0.6692307692307692,0.0538461538461538,0.023076923076923
https://doi.org/10.5006/2537,20.952380952380956,6.375,0.6318181818181818,0.4522727272727272,0.0181818181818181,0.0113636363636363
https://doi.org/10.5006/2918,17.88888888888889,6.565217391304348,0.6521739130434783,0.6273291925465838,0.0434782608695652,0.0062111801242236
https://doi.org/10.5006/3076,28.0,6.642857142857143,0.6642857142857143,0.5928571428571429,0.0285714285714285,0.0071428571428571
https://doi.org/10.5006/2847,18.8,6.702127659574468,0.6702127659574468,0.723404255319149,0.1276595744680851,0.0
https://doi.org/10.5006/3026,15.9,7.037735849056604,0.7484276729559748,0.660377358490566,0.0880503144654088,0.0251572327044025
https://doi.org/10.5006/2995,25.83333333333333,7.141935483870967,0.7161290322580646,0.6258064516129033,0.0193548387096774,0.0129032258064516
https://doi.org/10.5006/2899,17.75,7.07981220657277,0.6384976525821596,0.5727699530516432,0.0375586854460093,0.0234741784037558
https://doi.org/10.5006/3075,22.8,6.859649122807017,0.7017543859649122,0.7192982456140351,0.0526315789473684,0.0263157894736842
https://doi.org/10.5006/2743,18.4,7.048913043478261,0.7065217391304348,0.6684782608695652,0.0434782608695652,0.0271739130434782
https://doi.org/10.5006/2634,28.8,6.409722222222222,0.6458333333333334,0.5833333333333334,0.0694444444444444,0.0416666666666666
https://doi.org/10.5006/2997,17.444444444444443,6.777070063694268,0.7834394904458599,0.6624203821656051,0.0254777070063694,0.0318471337579617
https://doi.org/10.5006/2994,31.0,6.766129032258065,0.5967741935483871,0.6612903225806451,0.032258064516129,0.0241935483870967
https://doi.org/10.5006/2928,25.818181818181817,7.049295774647887,0.6866197183098591,0.5633802816901409,0.0387323943661971,0.0140845070422535
https://doi.org/10.5006/2979,29.142857142857142,6.598039215686274,0.6078431372549019,0.5441176470588235,0.0441176470588235,0.034313725490196
https://doi.org/10.5006/2690,19.4,7.185567010309279,0.7216494845360825,0.711340206185567,0.0515463917525773,0.0206185567010309
https://doi.org/10.5006/2788,16.09090909090909,6.6158192090395485,0.6610169491525424,0.6214689265536724,0.0338983050847457,0.0
https://doi.org/10.5006/2815,23.0,6.765217391304348,0.7,0.6086956521739131,0.0478260869565217,0.0130434782608695
https://doi.org/10.5006/2867,29.75,7.042016806722689,0.680672268907563,0.6974789915966386,0.0252100840336134,0.0252100840336134
https://doi.org/10.5006/2959,12.5,6.54,0.64,0.69,0.06,0.01
https://doi.org/10.5006/2613,32.833333333333336,6.9847715736040605,0.6446700507614214,0.6142131979695431,0.0355329949238578,0.0253807106598984
https://doi.org/10.5006/2853,27.0,7.135802469135802,0.6481481481481481,0.6296296296296297,0.0493827160493827,0.0185185185185185
https://doi.org/10.5006/2967,20.75,7.072289156626506,0.7108433734939759,0.7831325301204819,0.0602409638554216,0.0120481927710843
https://doi.org/10.5006/2969,28.428571428571427,7.0703517587939695,0.6633165829145728,0.6130653266331658,0.0301507537688442,0.0251256281407035
https://doi.org/10.5006/2775,21.4,6.018691588785047,0.7102803738317757,0.6448598130841121,0.0373831775700934,0.0093457943925233
https://doi.org/10.5006/2706,22.571428571428573,6.411392405063292,0.6518987341772152,0.5759493670886076,0.0316455696202531,0.0126582278481012
https://doi.org/10.5006/2935,18.444444444444443,6.855421686746988,0.7048192771084337,0.6204819277108434,0.0421686746987951,0.036144578313253
https://doi.org/10.5006/3132,3.0,7.0,0.6666666666666666,1.0,0.0,0.0
https://doi.org/10.5006/2855,22.0,6.962121212121212,0.6515151515151515,0.6590909090909091,0.0227272727272727,0.0303030303030303
https://doi.org/10.5006/2885,29.625,6.464135021097047,0.6751054852320675,0.5654008438818565,0.0632911392405063,0.0210970464135021
https://doi.org/10.5006/2794,23.142857142857142,7.117283950617284,0.6604938271604939,0.691358024691358,0.0246913580246913,0.0246913580246913
https://doi.org/10.5006/2893,26.0,7.064102564102564,0.6538461538461539,0.6538461538461539,0.032051282051282,0.032051282051282
https://doi.org/10.5006/2879,18.83333333333333,6.911504424778761,0.6637168141592921,0.5796460176991151,0.0398230088495575,0.0176991150442477
https://doi.org/10.5006/2552,37.42857142857143,6.347328244274809,0.6335877862595419,0.5381679389312977,0.0114503816793893,0.0229007633587786
https://doi.org/10.5006/2942,42.0,6.809523809523809,0.7023809523809523,0.8214285714285714,0.0357142857142857,0.0357142857142857
https://doi.org/10.5006/2724,19.625,6.305732484076433,0.6878980891719745,0.6496815286624203,0.0318471337579617,0.0063694267515923
https://doi.org/10.5006/2970,21.3,7.215962441314554,0.6948356807511737,0.6713615023474179,0.0328638497652582,0.0140845070422535
https://doi.org/10.5006/2680,15.5,6.903225806451613,0.728110599078341,0.5622119815668203,0.0414746543778801,0.0184331797235023
https://doi.org/10.5006/3029,19.11111111111111,6.668604651162791,0.6627906976744186,0.5116279069767442,0.0348837209302325,0.0232558139534883
https://doi.org/10.5006/2902,19.6,6.989795918367347,0.6632653061224489,0.6224489795918368,0.0408163265306122,0.0204081632653061
https://doi.org/10.5006/2802,15.0,6.275,0.675,0.7166666666666667,0.0666666666666666,0.0083333333333333
https://doi.org/10.5006/2769,21.666666666666668,7.215384615384615,0.6615384615384615,0.7153846153846154,0.023076923076923,0.0076923076923076
https://doi.org/10.5006/2726,27.714285714285715,6.757731958762887,0.7010309278350515,0.6752577319587629,0.0412371134020618,0.0257731958762886
https://doi.org/10.5006/2764,30.666666666666668,6.554347826086956,0.6467391304347826,0.5978260869565217,0.0217391304347826,0.0163043478260869
https://doi.org/10.5006/2937,27.33333333333333,7.121951219512195,0.7195121951219512,0.725609756097561,0.0182926829268292,0.0365853658536585
https://doi.org/10.5006/2951,17.125,6.335766423357664,0.6788321167883211,0.6788321167883211,0.0291970802919708,0.0510948905109489
https://doi.org/10.5006/2676,23.714285714285715,6.524096385542169,0.6686746987951807,0.6024096385542169,0.0301204819277108,0.0180722891566265
https://doi.org/10.5006/2626,18.9,7.084656084656085,0.7513227513227513,0.5873015873015873,0.0264550264550264,0.0423280423280423
https://doi.org/10.5006/2872,34.8,6.919540229885057,0.6436781609195402,0.5459770114942529,0.0344827586206896,0.0
https://doi.org/10.5006/2852,17.11764705882353,6.690721649484536,0.7079037800687286,0.5120274914089347,0.0309278350515463,0.0171821305841924
https://doi.org/10.5006/2965,25.33333333333333,6.845394736842105,0.6776315789473685,0.5723684210526315,0.0230263157894736,0.006578947368421
https://doi.org/10.5006/2770,16.25,6.415384615384616,0.7,0.7769230769230769,0.0,0.0538461538461538
https://doi.org/10.5006/2569,35.75,6.769230769230769,0.6433566433566433,0.6363636363636364,0.0279720279720279,0.0209790209790209
https://doi.org/10.5006/2923,18.444444444444443,6.198795180722891,0.6656626506024096,0.4307228915662651,0.0240963855421686,0.0120481927710843
https://doi.org/10.5006/2804,19.0,6.166666666666667,0.6403508771929824,0.6403508771929824,0.0350877192982456,0.0
https://doi.org/10.5006/3007,34.166666666666664,6.375609756097561,0.6048780487804878,0.624390243902439,0.0292682926829268,0.0292682926829268
https://doi.org/10.5006/2922,18.666666666666668,6.642857142857143,0.6071428571428571,0.7857142857142857,0.0357142857142857,0.0178571428571428
https://doi.org/10.5006/2927,35.0,6.147619047619048,0.638095238095238,0.5428571428571428,0.019047619047619,0.0095238095238095
https://doi.org/10.5006/2900,20.5,6.926829268292683,0.7195121951219512,0.7682926829268293,0.0609756097560975,0.0
https://doi.org/10.5006/2755,22.8,7.421052631578948,0.7368421052631579,0.7456140350877193,0.0789473684210526,0.0350877192982456
https://doi.org/10.5006/2757,19.53333333333333,6.67235494880546,0.6996587030716723,0.5119453924914675,0.0102389078498293,0.0204778156996587
https://doi.org/10.5006/2975,26.5,6.735849056603773,0.6839622641509434,0.6320754716981132,0.0424528301886792,0.0188679245283018
https://doi.org/10.5006/2605,24.22222222222222,6.990825688073395,0.6880733944954128,0.5091743119266054,0.018348623853211,0.0229357798165137
https://doi.org/10.5006/2595,33.0,7.525252525252525,0.7171717171717171,0.7373737373737373,0.0808080808080808,0.0101010101010101
https://doi.org/10.5006/3004,21.363636363636363,6.961702127659574,0.6723404255319149,0.5914893617021276,0.0340425531914893,0.0085106382978723
https://doi.org/10.5006/2424,22.27777777777778,6.920199501246882,0.655860349127182,0.4389027431421446,0.0174563591022443,0.0074812967581047
https://doi.org/10.5006/2688,24.6,6.658536585365853,0.6341463414634146,0.5,0.024390243902439,0.024390243902439
https://doi.org/10.5006/2319,29.5,7.0,0.6864406779661016,0.576271186440678,0.0508474576271186,0.0254237288135593
https://doi.org/10.5006/2974,22.454545454545453,6.809716599190283,0.7125506072874493,0.631578947368421,0.0283400809716599,0.0161943319838056
https://doi.org/10.5006/3092,23.818181818181817,6.6679389312977095,0.6564885496183206,0.5725190839694656,0.0190839694656488,0.015267175572519
https://doi.org/10.5006/2865,51.0,6.186274509803922,0.6470588235294118,0.5980392156862745,0.0196078431372549,0.0098039215686274
https://doi.org/10.5006/3031,31.363636363636363,6.701449275362319,0.6347826086956522,0.5420289855072464,0.0289855072463768,0.0144927536231884
https://doi.org/10.5006/2866,28.8,6.430555555555555,0.5694444444444444,0.6111111111111112,0.0208333333333333,0.0208333333333333
https://doi.org/10.5006/2720,15.818181818181818,7.091954022988506,0.7298850574712644,0.6379310344827587,0.0517241379310344,0.0057471264367816
https://doi.org/10.5006/3074,28.2,6.042553191489362,0.5886524822695035,0.6028368794326241,0.0283687943262411,0.0212765957446808
https://doi.org/10.5006/2710,17.666666666666668,6.534591194968553,0.6855345911949685,0.7547169811320755,0.0188679245283018,0.0188679245283018
https://doi.org/10.5006/2776,10.136363636363637,6.322869955156951,0.6322869955156951,0.5739910313901345,0.0179372197309417,0.0313901345291479
https://doi.org/10.5006/2883,17.0,6.666666666666667,0.6862745098039216,0.7450980392156863,0.0686274509803921,0.0196078431372549
https://doi.org/10.5006/2729,21.0,6.944444444444445,0.6468253968253969,0.6190476190476191,0.0317460317460317,0.0039682539682539
https://doi.org/10.5006/2786,25.666666666666668,6.87012987012987,0.6818181818181818,0.6948051948051948,0.0519480519480519,0.0259740259740259
https://doi.org/10.5006/2914,11.928571428571429,6.514970059880239,0.6766467065868264,0.5988023952095808,0.0479041916167664,0.0179640718562874
https://doi.org/10.5006/2850,21.714285714285715,6.598684210526316,0.6513157894736842,0.5263157894736842,0.0394736842105263,0.0131578947368421
https://doi.org/10.5006/3105,22.75,7.697802197802198,0.7307692307692307,0.5879120879120879,0.0439560439560439,0.0219780219780219
https://doi.org/10.5006/2607,24.0,6.555555555555555,0.6157407407407407,0.5138888888888888,0.0462962962962962,0.0138888888888888
https://doi.org/10.5006/2880,19.5,6.538461538461538,0.6538461538461539,0.5512820512820513,0.0384615384615384,0.0128205128205128
https://doi.org/10.5006/2998,22.8,5.894736842105263,0.6140350877192983,0.6491228070175439,0.043859649122807,0.0087719298245614
https://doi.org/10.5006/2749,17.857142857142858,6.648,0.664,0.72,0.04,0.008
https://doi.org/10.5006/2748,26.83333333333333,6.527950310559007,0.6024844720496895,0.5403726708074534,0.031055900621118,0.0062111801242236
https://doi.org/10.5006/2832,11.0,6.159090909090909,0.6515151515151515,0.553030303030303,0.0075757575757575,0.0227272727272727
https://doi.org/10.5006/2805,15.375,6.447154471544716,0.6910569105691057,0.6422764227642277,0.056910569105691,0.040650406504065
https://doi.org/10.5006/2817,31.5,6.105820105820106,0.6984126984126984,0.5555555555555556,0.0317460317460317,0.0158730158730158
https://doi.org/10.5006/2913,23.25,6.408602150537634,0.7419354838709677,0.6774193548387096,0.032258064516129,0.032258064516129
https://doi.org/10.5006/2939,22.875,6.73224043715847,0.726775956284153,0.644808743169399,0.0382513661202185,0.0109289617486338
https://doi.org/10.5006/2966,19.058823529411764,6.061728395061729,0.6141975308641975,0.5092592592592593,0.0216049382716049,0.0308641975308641
https://doi.org/10.5006/2963,25.5,6.632352941176471,0.6029411764705882,0.5833333333333334,0.0196078431372549,0.0245098039215686
https://doi.org/10.5006/2673,24.11111111111111,6.912442396313364,0.6728110599078341,0.6589861751152074,0.0368663594470046,0.0138248847926267
https://doi.org/10.5006/2828,34.333333333333336,6.70873786407767,0.6990291262135923,0.6310679611650486,0.0776699029126213,0.0097087378640776
https://doi.org/10.5006/2715,17.25,5.898550724637682,0.6413043478260869,0.4746376811594203,0.0181159420289855,0.0253623188405797
https://doi.org/10.5006/2674,24.0,7.392857142857143,0.6607142857142857,0.6785714285714286,0.0416666666666666,0.0178571428571428
https://doi.org/10.5006/2675,22.4,7.267857142857143,0.7589285714285714,0.7053571428571429,0.0535714285714285,0.0178571428571428
https://doi.org/10.5006/3032,22.0,6.757575757575758,0.5909090909090909,0.7575757575757576,0.0606060606060606,0.0303030303030303
https://doi.org/10.5006/2859,25.714285714285715,6.561111111111111,0.6444444444444445,0.5944444444444444,0.0166666666666666,0.0222222222222222
https://doi.org/10.5006/2692,18.4,7.923913043478261,0.6739130434782609,0.7608695652173914,0.0652173913043478,0.0326086956521739
https://doi.org/10.5006/2861,17.0,6.338235294117647,0.6397058823529411,0.7058823529411765,0.0294117647058823,0.0367647058823529
https://doi.org/10.5006/2727,23.4,6.752136752136752,0.6666666666666666,0.6923076923076923,0.0512820512820512,0.017094017094017
https://doi.org/10.5006/2890,14.25,7.087719298245614,0.6929824561403509,0.6140350877192983,0.0350877192982456,0.0263157894736842
https://doi.org/10.5006/3017,28.75,6.452173913043478,0.6086956521739131,0.6086956521739131,0.0434782608695652,0.0434782608695652
https://doi.org/10.5006/2772,34.333333333333336,6.951456310679611,0.6796116504854369,0.7572815533980582,0.058252427184466,0.029126213592233
https://doi.org/10.5006/2925,26.357142857142858,6.542005420054201,0.6368563685636857,0.4959349593495935,0.024390243902439,0.016260162601626
https://doi.org/10.5006/2964,29.83333333333333,6.558659217877095,0.7039106145251397,0.5418994413407822,0.0111731843575419,0.0111731843575419
https://doi.org/10.5006/3107,26.0,5.769230769230769,0.5,0.8076923076923077,0.0769230769230769,0.0
https://doi.org/10.1080/1478422x.2018.1511327,15.5,7.016129032258065,0.6774193548387096,0.7903225806451613,0.0483870967741935,0.0806451612903225
https://doi.org/10.1080/1478422x.2018.1511326,16.0,7.443181818181818,0.6988636363636364,0.6193181818181818,0.0170454545454545,0.0227272727272727
https://doi.org/10.1080/1478422x.2018.1537157,25.166666666666668,6.781456953642384,0.7152317880794702,0.543046357615894,0.0264900662251655,0.0132450331125827
https://doi.org/10.1080/1478422x.2018.1483221,24.5,7.0285714285714285,0.710204081632653,0.6163265306122448,0.0244897959183673,0.0163265306122449
https://doi.org/10.1080/1478422x.2018.1548098,24.5,7.170068027210885,0.6598639455782312,0.5918367346938775,0.0204081632653061,0.0272108843537414
https://doi.org/10.1080/1478422x.2018.1556865,28.4,7.140845070422535,0.7323943661971831,0.6901408450704225,0.0492957746478873,0.0070422535211267
https://doi.org/10.1080/1478422x.2018.1476818,24.5,6.707482993197279,0.6938775510204082,0.6598639455782312,0.0544217687074829,0.0476190476190476
https://doi.org/10.1080/1478422x.2017.1396648,26.666666666666668,6.56875,0.64375,0.5875,0.04375,0.0125
https://doi.org/10.1080/1478422x.2018.1521590,19.33333333333333,6.994252873563219,0.6379310344827587,0.4712643678160919,0.0517241379310344,0.0114942528735632
https://doi.org/10.1080/1478422x.2017.1394020,18.125,6.841379310344828,0.6896551724137931,0.5862068965517241,0.0482758620689655,0.0068965517241379
https://doi.org/10.1080/1478422x.2018.1558932,27.666666666666668,7.168674698795181,0.6867469879518072,0.7469879518072289,0.0481927710843373,0.0120481927710843
https://doi.org/10.1080/1478422x.2018.1459064,18.5,5.817567567567568,0.6351351351351351,0.5878378378378378,0.0202702702702702,0.0337837837837837
https://doi.org/10.1080/1478422x.2018.1533677,24.6,6.821138211382114,0.6504065040650406,0.6666666666666666,0.040650406504065,0.008130081300813
https://doi.org/10.1080/1478422x.2018.1429701,16.571428571428573,6.922413793103448,0.7241379310344828,0.6293103448275862,0.0603448275862069,0.0172413793103448
https://doi.org/10.1080/1478422x.2018.1471250,15.77777777777778,6.626760563380282,0.6690140845070423,0.6690140845070423,0.0492957746478873,0.0422535211267605
https://doi.org/10.1080/1478422x.2018.1500978,19.375,6.52258064516129,0.6838709677419355,0.5935483870967742,0.0387096774193548,0.0193548387096774
https://doi.org/10.1080/1478422x.2018.1443991,23.166666666666668,5.690647482014389,0.7122302158273381,0.5035971223021583,0.0359712230215827,0.0
https://doi.org/10.1080/1478422x.2018.1521591,22.33333333333333,7.141791044776119,0.6417910447761194,0.6417910447761194,0.0597014925373134,0.0298507462686567
https://doi.org/10.1080/1478422x.2017.1372246,14.625,6.700854700854701,0.717948717948718,0.7692307692307693,0.0427350427350427,0.0256410256410256
https://doi.org/10.1080/1478422x.2018.1544742,21.428571428571427,7.32,0.7066666666666667,0.5733333333333334,0.02,0.0266666666666666
https://doi.org/10.1080/1478422x.2018.1522087,20.6,6.922330097087379,0.6699029126213593,0.6504854368932039,0.058252427184466,0.0
https://doi.org/10.1080/1478422x.2018.1456633,24.4,6.852459016393443,0.6557377049180327,0.6557377049180327,0.040983606557377,0.040983606557377
https://doi.org/10.1080/1478422x.2018.1459063,22.0,6.446969696969697,0.6136363636363636,0.6666666666666666,0.053030303030303,0.0303030303030303
https://doi.org/10.1080/1478422x.2018.1463009,23.33333333333333,6.321428571428571,0.5928571428571429,0.6214285714285714,0.0142857142857142,0.05
https://doi.org/10.1080/1478422x.2018.1495679,10.0,6.84,0.76,0.73,0.02,0.01
https://doi.org/10.1080/1478422x.2018.1511325,17.5,6.847619047619047,0.6666666666666666,0.7523809523809524,0.0476190476190476,0.0571428571428571
https://doi.org/10.1080/1478422x.2018.1443621,23.166666666666668,6.690647482014389,0.7266187050359713,0.6690647482014388,0.0575539568345323,0.0215827338129496
https://doi.org/10.1080/1478422x.2018.1491111,16.0,6.576388888888889,0.6458333333333334,0.6458333333333334,0.0416666666666666,0.0277777777777777
https://doi.org/10.1080/1478422x.2018.1525829,13.666666666666666,7.130081300813008,0.7235772357723578,0.6178861788617886,0.048780487804878,0.008130081300813
https://doi.org/10.1080/1478422x.2018.1467150,17.714285714285715,6.806451612903226,0.6935483870967742,0.7661290322580645,0.0241935483870967,0.032258064516129
https://doi.org/10.1080/1478422x.2018.1432738,24.0,6.822916666666667,0.7083333333333334,0.5208333333333334,0.0729166666666666,0.0
https://doi.org/10.1080/1478422x.2018.1446582,19.428571428571427,6.794117647058823,0.6323529411764706,0.5220588235294118,0.0367647058823529,0.0147058823529411
https://doi.org/10.1080/1478422x.2018.1512222,17.375,6.201438848920863,0.7122302158273381,0.7410071942446043,0.0647482014388489,0.014388489208633
https://doi.org/10.1080/1478422x.2018.1425178,23.83333333333333,6.475524475524476,0.6643356643356644,0.6153846153846154,0.0629370629370629,0.0069930069930069
https://doi.org/10.1080/1478422x.2018.1436736,25.166666666666668,6.622516556291391,0.6622516556291391,0.5695364238410596,0.0463576158940397,0.0132450331125827
https://doi.org/10.1080/1478422x.2017.1374049,15.9,6.566037735849057,0.6163522012578616,0.6729559748427673,0.0314465408805031,0.0188679245283018
https://doi.org/10.1080/1478422x.2018.1499169,18.3,6.2349726775956285,0.6612021857923497,0.5519125683060109,0.0327868852459016,0.0054644808743169
https://doi.org/10.1080/1478422x.2018.1505804,24.83333333333333,6.489932885906041,0.6442953020134228,0.6711409395973155,0.0335570469798657,0.0402684563758389
https://doi.org/10.1080/1478422x.2018.1523291,27.4,6.306569343065694,0.635036496350365,0.6496350364963503,0.0291970802919708,0.0510948905109489
https://doi.org/10.1080/1478422x.2018.1473318,26.5,6.830188679245283,0.6792452830188679,0.6698113207547169,0.0377358490566037,0.0377358490566037
https://doi.org/10.1080/1478422x.2017.1374051,32.75,6.488549618320611,0.6183206106870229,0.6793893129770993,0.0763358778625954,0.015267175572519
https://doi.org/10.1080/1478422x.2018.1495143,26.0,6.185897435897436,0.6794871794871795,0.6089743589743589,0.0256410256410256,0.0128205128205128
https://doi.org/10.1080/1478422x.2018.1496219,14.7,6.6938775510204085,0.6938775510204082,0.673469387755102,0.0476190476190476,0.0204081632653061
https://doi.org/10.1080/1478422x.2018.1519102,21.0,6.23015873015873,0.6428571428571429,0.6746031746031746,0.0238095238095238,0.0317460317460317
https://doi.org/10.1080/1478422x.2018.1557914,16.2,6.753086419753086,0.5185185185185185,0.5925925925925926,0.0493827160493827,0.037037037037037
https://doi.org/10.1080/1478422x.2018.1450466,20.8,6.298076923076923,0.7115384615384616,0.6826923076923077,0.0384615384615384,0.0192307692307692
https://doi.org/10.1080/1478422x.2018.1474329,18.75,6.8133333333333335,0.6866666666666666,0.6066666666666667,0.0266666666666666,0.0133333333333333
https://doi.org/10.1080/1478422x.2018.1507335,33.25,6.676691729323308,0.6992481203007519,0.6842105263157895,0.0676691729323308,0.0075187969924812
https://doi.org/10.1080/1478422x.2018.1508398,13.75,6.318181818181818,0.6818181818181818,0.6272727272727273,0.0636363636363636,0.0
https://doi.org/10.1080/1478422x.2018.1540143,14.571428571428571,6.627450980392157,0.6666666666666666,0.6862745098039216,0.0490196078431372,0.0392156862745098
https://doi.org/10.1080/1478422x.2018.1544759,26.75,6.822429906542056,0.6635514018691588,0.5981308411214953,0.0467289719626168,0.0093457943925233
https://doi.org/10.1080/1478422x.2018.1427845,19.125,6.601307189542483,0.673202614379085,0.6601307189542484,0.0326797385620915,0.0065359477124183
https://doi.org/10.1080/1478422x.2018.1511328,22.142857142857142,7.251612903225807,0.7290322580645161,0.7354838709677419,0.0451612903225806,0.0193548387096774
https://doi.org/10.1080/1478422x.2017.1389370,15.555555555555555,6.6571428571428575,0.6857142857142857,0.6357142857142857,0.0285714285714285,0.0071428571428571
https://doi.org/10.1080/1478422x.2017.1420536,24.33333333333333,6.760273972602739,0.6917808219178082,0.6917808219178082,0.0410958904109589,0.0068493150684931
https://doi.org/10.1080/1478422x.2018.1516539,17.5,7.192857142857143,0.6714285714285714,0.5642857142857143,0.0428571428571428,0.0142857142857142
https://doi.org/10.1080/1478422x.2018.1469328,22.166666666666668,5.909774436090226,0.6390977443609023,0.5789473684210527,0.0451127819548872,0.0225563909774436
https://doi.org/10.1080/1478422x.2018.1542556,20.6,7.12621359223301,0.6990291262135923,0.7572815533980582,0.087378640776699,0.029126213592233
https://doi.org/10.1080/1478422x.2018.1514133,25.666666666666668,6.123376623376624,0.6168831168831169,0.512987012987013,0.0259740259740259,0.0064935064935064
https://doi.org/10.1080/1478422x.2018.1450921,18.2,7.142857142857143,0.6593406593406593,0.6593406593406593,0.0219780219780219,0.0219780219780219
https://doi.org/10.1080/1478422x.2018.1470397,21.4,7.5233644859813085,0.8037383177570093,0.7476635514018691,0.0560747663551401,0.0093457943925233
https://doi.org/10.1080/1478422x.2018.1517468,12.25,6.272108843537415,0.7074829931972789,0.6666666666666666,0.0952380952380952,0.0
https://doi.org/10.1080/1478422x.2018.1523774,27.4,6.357664233576642,0.635036496350365,0.6934306569343066,0.0656934306569343,0.0
https://doi.org/10.1080/1478422x.2018.1459077,17.333333333333332,6.423076923076923,0.6346153846153846,0.6153846153846154,0.0673076923076923,0.0192307692307692
https://doi.org/10.1080/1478422x.2018.1495678,14.444444444444445,7.523076923076923,0.7153846153846154,0.7076923076923077,0.0307692307692307,0.0307692307692307
https://doi.org/10.1080/1478422x.2018.1513619,29.6,5.243243243243243,0.7567567567567568,0.6418918918918919,0.027027027027027,0.0
https://doi.org/10.1080/1478422x.2017.1348089,21.5,6.713178294573644,0.6744186046511628,0.6666666666666666,0.0232558139534883,0.0232558139534883
https://doi.org/10.1080/1478422x.2017.1370876,16.666666666666668,6.92,0.72,0.7133333333333334,0.02,0.0133333333333333
https://doi.org/10.1080/1478422x.2018.1523290,19.857142857142858,7.784172661870503,0.7553956834532374,0.7841726618705036,0.0575539568345323,0.0215827338129496
https://doi.org/10.1080/1478422x.2018.1548410,25.0,6.824,0.664,0.656,0.048,0.024
https://doi.org/10.1080/1478422x.2017.1393245,23.625,6.619047619047619,0.656084656084656,0.6402116402116402,0.0317460317460317,0.0158730158730158
https://doi.org/10.1080/1478422x.2018.1509812,25.0,6.474285714285714,0.6285714285714286,0.4857142857142857,0.04,0.0171428571428571
https://doi.org/10.1080/1478422x.2018.1527820,17.714285714285715,7.153225806451613,0.7661290322580645,0.7096774193548387,0.0806451612903225,0.0
https://doi.org/10.1080/1478422x.2017.1386018,15.363636363636363,6.165680473372781,0.6863905325443787,0.6745562130177515,0.0414201183431952,0.0
https://doi.org/10.1080/1478422x.2018.1433106,19.125,6.450980392156863,0.673202614379085,0.6274509803921569,0.0392156862745098,0.0130718954248366
https://doi.org/10.1080/1478422x.2017.1370853,17.625,6.432624113475177,0.6595744680851063,0.6808510638297872,0.0283687943262411,0.0070921985815602
https://doi.org/10.1080/1478422x.2017.1377990,23.571428571428573,6.575757575757576,0.703030303030303,0.6181818181818182,0.0181818181818181,0.006060606060606
https://doi.org/10.1080/1478422x.2018.1542550,13.636363636363637,6.526666666666666,0.6866666666666666,0.6266666666666667,0.06,0.0066666666666666
https://doi.org/10.1080/1478422x.2017.1421447,17.833333333333332,7.02803738317757,0.7009345794392523,0.7102803738317757,0.0747663551401869,0.02803738317757
https://doi.org/10.1080/1478422x.2018.1425602,18.2,6.5989010989010985,0.6318681318681318,0.6043956043956044,0.0274725274725274,0.0274725274725274
https://doi.org/10.1080/1478422x.2018.1511314,18.6,6.78494623655914,0.6666666666666666,0.7526881720430108,0.021505376344086,0.010752688172043
https://doi.org/10.1080/1478422x.2018.1456634,21.142857142857142,5.945945945945946,0.6283783783783784,0.527027027027027,0.0135135135135135,0.0
https://doi.org/10.1016/j.corsci.2018.08.005,25.0,7.47,0.69,0.72,0.03,0.01
https://doi.org/10.1016/j.corsci.2018.03.002,48.0,6.885416666666667,0.6145833333333334,0.6666666666666666,0.03125,0.0520833333333333
https://doi.org/10.1016/j.corsci.2018.06.024,20.0,7.14,0.72,0.71,0.05,0.01
https://doi.org/10.1016/j.corsci.2018.04.003,24.75,7.373737373737374,0.6868686868686869,0.7272727272727273,0.0505050505050505,0.0303030303030303
https://doi.org/10.1016/j.corsci.2018.02.044,20.2,6.99009900990099,0.6633663366336634,0.7029702970297029,0.0297029702970297,0.0099009900990099
https://doi.org/10.1016/j.corsci.2018.08.047,15.88888888888889,7.636363636363637,0.7552447552447552,0.4475524475524475,0.0419580419580419,0.0069930069930069
https://doi.org/10.1016/j.corsci.2018.02.047,24.75,6.666666666666667,0.7373737373737373,0.8282828282828283,0.0505050505050505,0.0101010101010101
https://doi.org/10.1016/j.corsci.2018.02.025,16.166666666666668,6.814432989690721,0.7216494845360825,0.7628865979381443,0.0515463917525773,0.0103092783505154
https://doi.org/10.1016/j.corsci.2018.12.020,19.8,6.777777777777778,0.6868686868686869,0.696969696969697,0.0606060606060606,0.0202020202020202
https://doi.org/10.1016/j.corsci.2018.04.034,16.0,6.15625,0.6979166666666666,0.7708333333333334,0.03125,0.03125
https://doi.org/10.1016/j.corsci.2018.09.004,32.666666666666664,6.081632653061225,0.6428571428571429,0.6632653061224489,0.0408163265306122,0.0
https://doi.org/10.1016/j.corsci.2018.02.008,25.0,7.05,0.66,0.8,0.02,0.01
https://doi.org/10.1016/j.corsci.2018.03.019,22.5,6.833333333333333,0.7,0.7666666666666667,0.0222222222222222,0.0
https://doi.org/10.1016/j.corsci.2018.05.033,21.25,6.8,0.6470588235294118,0.7058823529411765,0.0588235294117647,0.0
https://doi.org/10.1016/j.corsci.2018.07.009,18.0,6.194444444444445,0.6944444444444444,0.7407407407407407,0.0462962962962962,0.037037037037037
https://doi.org/10.1016/j.corsci.2018.01.027,33.333333333333336,7.09,0.62,0.69,0.04,0.03
https://doi.org/10.1016/j.corsci.2018.11.019,23.5,6.574468085106383,0.6595744680851063,0.723404255319149,0.0531914893617021,0.0106382978723404
https://doi.org/10.1016/j.corsci.2018.02.030,18.5,6.198198198198198,0.7207207207207207,0.6576576576576577,0.036036036036036,0.009009009009009
https://doi.org/10.3390/cmd1010004,28.666666666666668,6.6104651162790695,0.6395348837209303,0.6744186046511628,0.0348837209302325,0.0755813953488372
https://doi.org/10.3390/cmd1010005,27.285714285714285,6.277486910994765,0.5863874345549738,0.643979057591623,0.0366492146596858,0.0366492146596858
https://doi.org/10.3390/cmd1010002,16.94736842105263,6.729813664596273,0.6242236024844721,0.4906832298136646,0.0124223602484472,0.015527950310559
https://doi.org/10.3390/cmd1010003,27.428571428571427,6.854166666666667,0.6666666666666666,0.6302083333333334,0.015625,0.0364583333333333
https://doi.org/10.3390/cmd1010001,7.666666666666667,6.478260869565218,0.6086956521739131,1.0434782608695652,0.0869565217391304,0.0869565217391304
https://doi.org/10.1002/maco.201810377,21.2,6.811320754716981,0.6933962264150944,0.5613207547169812,0.0471698113207547,0.0188679245283018
https://doi.org/10.1002/maco.201810501,12.75,6.42483660130719,0.6470588235294118,0.6078431372549019,0.0522875816993464,0.0130718954248366
https://doi.org/10.1002/maco.201810252,20.83333333333333,7.368,0.712,0.632,0.032,0.008
https://doi.org/10.1002/maco.201810263,23.0,7.619565217391305,0.7119565217391305,0.5869565217391305,0.0271739130434782,0.0271739130434782
https://doi.org/10.1002/maco.201810442,14.307692307692308,6.612903225806452,0.7204301075268817,0.6021505376344086,0.043010752688172,0.021505376344086
https://doi.org/10.1002/maco.201709942,24.571428571428573,6.819767441860465,0.6627906976744186,0.6104651162790697,0.0232558139534883,0.0232558139534883
https://doi.org/10.1002/maco.201810293,31.33333333333333,6.276595744680851,0.675531914893617,0.5638297872340425,0.0319148936170212,0.0106382978723404
https://doi.org/10.1002/maco.201810221,14.076923076923077,6.907103825136612,0.7377049180327869,0.639344262295082,0.0218579234972677,0.0109289617486338
https://doi.org/10.1002/maco.201810161,16.0,6.807291666666667,0.6666666666666666,0.6354166666666666,0.0416666666666666,0.03125
https://doi.org/10.1002/maco.201709840,22.33333333333333,7.902985074626866,0.753731343283582,0.664179104477612,0.044776119402985,0.0074626865671641
https://doi.org/10.1002/maco.201810479,17.857142857142858,6.976,0.696,0.536,0.032,0.008
https://doi.org/10.1002/maco.201810312,17.166666666666668,6.563106796116505,0.6213592233009708,0.6893203883495146,0.0485436893203883,0.058252427184466
https://doi.org/10.1002/maco.201810366,37.0,6.72972972972973,0.6216216216216216,0.7702702702702703,0.0405405405405405,0.027027027027027
https://doi.org/10.1002/maco.201810169,25.5,6.3202614379084965,0.6143790849673203,0.5359477124183006,0.0261437908496732,0.0326797385620915
https://doi.org/10.1002/maco.201810635,20.428571428571427,7.167832167832168,0.6713286713286714,0.6013986013986014,0.0559440559440559,0.0139860139860139
https://doi.org/10.1002/maco.201810203,19.0,6.464912280701754,0.7280701754385965,0.7368421052631579,0.0350877192982456,0.0087719298245614
https://doi.org/10.1002/maco.201810171,12.75,6.382352941176471,0.696078431372549,0.7058823529411765,0.0294117647058823,0.0098039215686274
https://doi.org/10.1002/maco.201810232,20.0,7.208333333333333,0.7083333333333334,0.625,0.0833333333333333,0.0333333333333333
https://doi.org/10.1002/maco.201810327,25.83333333333333,6.645161290322581,0.7225806451612903,0.6129032258064516,0.032258064516129,0.0129032258064516
https://doi.org/10.1002/maco.201810542,19.0,6.614035087719298,0.672514619883041,0.4327485380116959,0.0350877192982456,0.0058479532163742
https://doi.org/10.1002/maco.201709908,17.636363636363637,6.128865979381444,0.7061855670103093,0.6597938144329897,0.0360824742268041,0.0360824742268041
https://doi.org/10.1002/maco.201810159,24.857142857142858,6.735632183908046,0.7471264367816092,0.6436781609195402,0.0977011494252873,0.028735632183908
https://doi.org/10.1002/maco.201810310,32.166666666666664,6.948186528497409,0.6528497409326425,0.5803108808290155,0.0207253886010362,0.0259067357512953
https://doi.org/10.1002/maco.201810622,20.0,6.69375,0.68125,0.65,0.05,0.0125
https://doi.org/10.1002/maco.201810450,15.2,7.072368421052632,0.6644736842105263,0.6513157894736842,0.0263157894736842,0.0197368421052631
https://doi.org/10.1002/maco.201709972,19.5,7.261538461538461,0.6820512820512821,0.6102564102564103,0.0256410256410256,0.0102564102564102
https://doi.org/10.1002/maco.201810289,17.625,6.49645390070922,0.6595744680851063,0.7021276595744681,0.0921985815602836,0.0141843971631205
https://doi.org/10.1002/maco.201709709,17.285714285714285,6.454545454545454,0.7520661157024794,0.6363636363636364,0.0330578512396694,0.0
https://doi.org/10.1002/maco.201810397,25.25,7.188118811881188,0.6534653465346535,0.5544554455445545,0.0594059405940594,0.0
https://doi.org/10.1002/maco.201810047,28.83333333333333,6.589595375722543,0.7456647398843931,0.4046242774566474,0.0346820809248554,0.0
https://doi.org/10.1002/maco.201810053,12.818181818181818,6.76595744680851,0.6524822695035462,0.624113475177305,0.0496453900709219,0.0212765957446808
https://doi.org/10.1002/maco.201709960,19.444444444444443,6.377142857142857,0.6514285714285715,0.5885714285714285,0.0285714285714285,0.0
https://doi.org/10.1002/maco.201810156,22.0,5.943181818181818,0.6590909090909091,0.5227272727272727,0.0227272727272727,0.0113636363636363
https://doi.org/10.1002/maco.201810568,18.11111111111111,6.515337423312883,0.6196319018404908,0.6625766871165644,0.0490797546012269,0.0184049079754601
https://doi.org/10.1002/maco.201810342,25.0,5.833333333333333,0.6266666666666667,0.5666666666666667,0.06,0.02
https://doi.org/10.1002/maco.201810383,15.666666666666666,7.180851063829787,0.6914893617021277,0.6595744680851063,0.0319148936170212,0.0319148936170212
https://doi.org/10.1002/maco.201810401,28.2,6.304964539007092,0.7163120567375887,0.6170212765957447,0.0354609929078014,0.0212765957446808
https://doi.org/10.1002/maco.201810209,21.77777777777778,6.892857142857143,0.6530612244897959,0.5612244897959183,0.0408163265306122,0.0
https://doi.org/10.1002/maco.201709896,16.0,6.380681818181818,0.6931818181818182,0.6306818181818182,0.0284090909090909,0.0056818181818181
https://doi.org/10.1002/maco.201810116,18.272727272727277,6.049751243781095,0.6467661691542289,0.582089552238806,0.0298507462686567,0.0348258706467661
https://doi.org/10.1002/maco.201709963,19.4,6.628865979381444,0.6649484536082474,0.5670103092783505,0.0412371134020618,0.0103092783505154
https://doi.org/10.1002/maco.201810362,23.166666666666668,6.877697841726619,0.6906474820143885,0.6115107913669064,0.0287769784172661,0.0071942446043165
https://doi.org/10.1002/maco.201709827,11.22222222222222,6.900990099009901,0.801980198019802,0.7821782178217822,0.0594059405940594,0.0297029702970297
https://doi.org/10.1002/maco.201810391,22.7,6.383259911894273,0.6519823788546255,0.4581497797356828,0.0220264317180616,0.013215859030837
https://doi.org/10.1002/maco.201810039,21.0,6.653061224489796,0.6802721088435374,0.6802721088435374,0.0136054421768707,0.0204081632653061
https://doi.org/10.1002/maco.201810380,23.375,7.197860962566845,0.6737967914438503,0.5668449197860963,0.0267379679144385,0.0213903743315508
https://doi.org/10.1002/maco.201810070,16.166666666666668,6.88659793814433,0.7216494845360825,0.6597938144329897,0.0412371134020618,0.0206185567010309
https://doi.org/10.1002/maco.201810148,23.55555555555556,6.584905660377358,0.6745283018867925,0.589622641509434,0.0283018867924528,0.0094339622641509
https://doi.org/10.1002/maco.201810307,26.714285714285715,6.550802139037433,0.6524064171122995,0.5721925133689839,0.0320855614973262,0.0106951871657754
https://doi.org/10.1002/maco.201810454,19.5,6.502564102564103,0.7435897435897436,0.6461538461538462,0.0564102564102564,0.0256410256410256
https://doi.org/10.1002/maco.201810036,21.428571428571427,6.553333333333334,0.64,0.7533333333333333,0.02,0.04
https://doi.org/10.1002/maco.201709802,24.714285714285715,6.61271676300578,0.6936416184971098,0.6416184971098265,0.0462427745664739,0.0404624277456647
https://doi.org/10.1002/maco.201709894,14.714285714285714,6.805825242718447,0.8058252427184466,0.7184466019417476,0.0776699029126213,0.0097087378640776
https://doi.org/10.1002/maco.201710005,36.333333333333336,5.403669724770642,0.7614678899082569,0.6697247706422018,0.0275229357798165,0.0091743119266055
https://doi.org/10.1002/maco.201810108,33.0,6.161616161616162,0.5555555555555556,0.5959595959595959,0.0606060606060606,0.0202020202020202
https://doi.org/10.1002/maco.201810170,21.25,7.517647058823529,0.7176470588235294,0.7058823529411765,0.0823529411764705,0.0
https://doi.org/10.1002/maco.201810125,14.333333333333334,7.093023255813954,0.7441860465116279,0.7441860465116279,0.0581395348837209,0.0
https://doi.org/10.1002/maco.201810306,22.6,7.168141592920354,0.6902654867256637,0.6106194690265486,0.0353982300884955,0.0353982300884955
https://doi.org/10.1002/maco.201810485,15.6,6.153846153846154,0.7371794871794872,0.6858974358974359,0.0192307692307692,0.0192307692307692
https://doi.org/10.1002/maco.201810201,22.428571428571427,6.777070063694268,0.6942675159235668,0.6178343949044586,0.0382165605095541,0.0127388535031847
https://doi.org/10.1002/maco.201810438,21.33333333333333,6.8125,0.7109375,0.609375,0.078125,0.0
https://doi.org/10.1002/maco.201810536,20.875,7.2155688622754495,0.6526946107784432,0.5688622754491018,0.0538922155688622,0.0119760479041916
https://doi.org/10.1002/maco.201709872,17.142857142857142,7.516666666666667,0.7166666666666667,0.55,0.0333333333333333,0.0083333333333333
https://doi.org/10.1002/maco.201709957,33.55555555555556,6.251655629139073,0.6589403973509934,0.4271523178807947,0.0331125827814569,0.0066225165562913
https://doi.org/10.1002/maco.201810222,33.4,5.532934131736527,0.6287425149700598,0.5149700598802395,0.0419161676646706,0.0179640718562874
https://doi.org/10.1002/maco.201810119,20.714285714285715,6.8068965517241375,0.6482758620689655,0.6,0.0413793103448275,0.0413793103448275
https://doi.org/10.1002/maco.201810457,14.416666666666666,6.531791907514451,0.6820809248554913,0.5433526011560693,0.0404624277456647,0.0
https://doi.org/10.1002/maco.201810566,24.75,6.222222222222222,0.6565656565656566,0.5959595959595959,0.0303030303030303,0.0101010101010101
https://doi.org/10.1002/maco.201709945,27.5,6.86060606060606,0.6909090909090909,0.5575757575757576,0.0424242424242424,0.0121212121212121
https://doi.org/10.1002/maco.201709995,16.8,5.988095238095238,0.7619047619047619,0.8571428571428571,0.0476190476190476,0.0
https://doi.org/10.1002/maco.201810477,19.666666666666668,6.610169491525424,0.7457627118644068,0.635593220338983,0.0338983050847457,0.0084745762711864
https://doi.org/10.1002/maco.201810302,14.714285714285714,5.970873786407767,0.6504854368932039,0.6213592233009708,0.058252427184466,0.0194174757281553
https://doi.org/10.1002/maco.201810300,19.75,7.151898734177215,0.6772151898734177,0.6075949367088608,0.0379746835443038,0.0253164556962025
https://doi.org/10.1002/maco.201810423,13.666666666666666,5.414634146341464,0.6219512195121951,0.5121951219512195,0.0609756097560975,0.0121951219512195
https://doi.org/10.1002/maco.201810208,16.818181818181817,6.405405405405405,0.6702702702702703,0.6162162162162163,0.027027027027027,0.0216216216216216
https://doi.org/10.1002/maco.201810206,17.9,6.93854748603352,0.6871508379888268,0.6368715083798883,0.0391061452513966,0.0167597765363128
https://doi.org/10.1002/maco.201810456,26.5,6.966981132075472,0.6933962264150944,0.5,0.0188679245283018,0.0188679245283018
https://doi.org/10.1002/maco.201710014,16.714285714285715,6.606837606837607,0.6410256410256411,0.6581196581196581,0.094017094017094,0.0598290598290598
https://doi.org/10.1002/maco.201810173,19.4,6.762886597938144,0.711340206185567,0.7525773195876289,0.1030927835051546,0.0309278350515463
https://doi.org/10.1002/maco.201810358,27.666666666666668,6.933734939759036,0.6626506024096386,0.5662650602409639,0.036144578313253,0.0180722891566265
https://doi.org/10.1002/maco.201810436,29.83333333333333,6.536312849162012,0.6480446927374302,0.5027932960893855,0.0391061452513966,0.0111731843575419
https://doi.org/10.1002/maco.201810582,26.2,6.587786259541985,0.6412213740458015,0.6106870229007634,0.0305343511450381,0.0305343511450381
https://doi.org/10.1002/maco.201709925,21.83333333333333,6.938931297709924,0.648854961832061,0.549618320610687,0.0687022900763358,0.0229007633587786
https://doi.org/10.1002/maco.201810072,9.25,5.981981981981982,0.6891891891891891,0.4549549549549549,0.027027027027027,0.0225225225225225
https://doi.org/10.1002/maco.201810237,17.125,6.343065693430657,0.7299270072992701,0.708029197080292,0.0364963503649635,0.0072992700729927
https://doi.org/10.1002/maco.201810299,24.22222222222222,6.605504587155964,0.6972477064220184,0.6009174311926605,0.0504587155963302,0.0091743119266055
https://doi.org/10.1002/maco.201810356,26.5,5.566037735849057,0.7044025157232704,0.6289308176100629,0.0566037735849056,0.0062893081761006
https://doi.org/10.1002/maco.201810552,14.428571428571429,6.900990099009901,0.7128712871287128,0.7821782178217822,0.0396039603960396,0.0198019801980198
https://doi.org/10.1002/maco.201709984,22.8,6.745614035087719,0.6578947368421053,0.631578947368421,0.0526315789473684,0.0087719298245614
https://doi.org/10.1002/maco.201810660,16.666666666666668,5.7,0.745,0.56,0.025,0.015
https://doi.org/10.1002/maco.201810215,23.6,7.067796610169491,0.7203389830508474,0.7796610169491526,0.059322033898305,0.0
https://doi.org/10.1002/maco.201810121,34.285714285714285,6.045833333333333,0.6208333333333333,0.5541666666666667,0.0333333333333333,0.0125
https://doi.org/10.1002/maco.201810395,17.6,6.704545454545454,0.7159090909090909,0.6647727272727273,0.0170454545454545,0.0113636363636363
https://doi.org/10.1002/maco.201810174,21.428571428571427,6.273333333333333,0.6933333333333334,0.6133333333333333,0.04,0.0466666666666666
https://doi.org/10.1002/maco.201710016,28.285714285714285,6.656565656565657,0.6414141414141414,0.5959595959595959,0.0404040404040404,0.0303030303030303
https://doi.org/10.1002/maco.201810337,37.0,5.283783783783784,0.6621621621621622,0.4121621621621621,0.027027027027027,0.0135135135135135
https://doi.org/10.1002/maco.201810147,16.1,6.925465838509317,0.6956521739130435,0.6521739130434783,0.0124223602484472,0.0248447204968944
https://doi.org/10.1002/maco.201810367,22.571428571428573,6.620253164556962,0.6518987341772152,0.569620253164557,0.0443037974683544,0.0253164556962025
https://doi.org/10.1002/maco.201709947,19.4,7.22680412371134,0.7010309278350515,0.7319587628865979,0.0824742268041237,0.0515463917525773
https://doi.org/10.1002/maco.201709674,21.25,6.5,0.5823529411764706,0.5529411764705883,0.0235294117647058,0.0294117647058823
https://doi.org/10.1002/maco.201709892,20.2,6.346534653465347,0.6534653465346535,0.6386138613861386,0.0396039603960396,0.0
https://doi.org/10.1002/maco.201810318,16.714285714285715,6.538461538461538,0.7008547008547008,0.5897435897435898,0.0512820512820512,0.0256410256410256
https://doi.org/10.1002/maco.201810094,27.4,6.839416058394161,0.6715328467153284,0.708029197080292,0.0583941605839416,0.0072992700729927
https://doi.org/10.1002/maco.201709876,24.4,7.278688524590164,0.6885245901639344,0.7131147540983607,0.0327868852459016,0.0163934426229508
https://doi.org/10.1002/maco.201810487,37.25,6.275167785234899,0.6241610738255033,0.436241610738255,0.0268456375838926,0.0201342281879194
https://doi.org/10.1002/maco.201709770,14.77777777777778,6.518796992481203,0.7142857142857143,0.6616541353383458,0.0300751879699248,0.0225563909774436
https://doi.org/10.1002/maco.201709992,11.0,6.032085561497326,0.7112299465240641,0.5882352941176471,0.0374331550802139,0.0
https://doi.org/10.1002/maco.201709969,17.2,7.0813953488372094,0.6511627906976745,0.6976744186046512,0.0581395348837209,0.0232558139534883
https://doi.org/10.1002/maco.201810462,21.75,7.551724137931035,0.7816091954022989,0.7586206896551724,0.0459770114942528,0.0
https://doi.org/10.1002/maco.201709949,26.2,8.13740458015267,0.7633587786259542,0.6946564885496184,0.0229007633587786,0.0076335877862595
https://doi.org/10.1002/maco.201810123,27.285714285714285,6.324607329842932,0.743455497382199,0.6596858638743456,0.06282722513089,0.0209424083769633
https://doi.org/10.1002/maco.201810317,17.333333333333332,6.852564102564102,0.7051282051282052,0.6794871794871795,0.0256410256410256,0.0256410256410256
https://doi.org/10.1002/maco.201810580,22.285714285714285,6.506410256410256,0.6089743589743589,0.6410256410256411,0.0384615384615384,0.032051282051282
https://doi.org/10.1002/maco.201810109,20.875,6.173652694610778,0.7065868263473054,0.6706586826347305,0.0419161676646706,0.0179640718562874
https://doi.org/10.1002/maco.201810182,22.1,6.167420814479638,0.5656108597285068,0.4027149321266968,0.0407239819004524,0.0135746606334841
https://doi.org/10.1002/maco.201810150,22.714285714285715,7.20125786163522,0.7044025157232704,0.6226415094339622,0.0377358490566037,0.0251572327044025
https://doi.org/10.1002/maco.201810557,23.0,6.577639751552795,0.7267080745341615,0.6645962732919255,0.0372670807453416,0.0062111801242236
https://doi.org/10.1002/maco.201810385,20.285714285714285,6.23943661971831,0.6126760563380281,0.6549295774647887,0.0422535211267605,0.0211267605633802
https://doi.org/10.1002/maco.201870011,9.666666666666666,6.672413793103448,0.7413793103448276,0.7931034482758621,0.0344827586206896,0.0517241379310344
https://doi.org/10.1002/maco.201810407,25.375,6.674876847290641,0.6551724137931034,0.6502463054187192,0.0492610837438423,0.0147783251231527
https://doi.org/10.1002/maco.201810636,30.2,6.569536423841059,0.5695364238410596,0.5960264900662252,0.0463576158940397,0.0066225165562913
https://doi.org/10.1002/maco.201810049,20.6,7.135922330097087,0.6699029126213593,0.7378640776699029,0.0388349514563106,0.0194174757281553
https://doi.org/10.1002/maco.201810086,6.233333333333333,5.422459893048129,0.6631016042780749,0.4491978609625668,0.0213903743315508,0.0160427807486631
https://doi.org/10.1002/maco.201810424,19.77777777777778,6.893258426966292,0.6797752808988764,0.6292134831460674,0.0224719101123595,0.0056179775280898
https://doi.org/10.1002/maco.201810326,19.625,6.312101910828026,0.6242038216560509,0.5668789808917197,0.0445859872611464,0.0127388535031847
https://doi.org/10.1002/maco.201810493,27.4,6.343065693430657,0.7153284671532847,0.7007299270072993,0.0364963503649635,0.0
https://doi.org/10.1002/maco.201810420,24.25,6.876288659793815,0.711340206185567,0.5773195876288659,0.0618556701030927,0.0103092783505154
https://doi.org/10.1002/maco.201810386,20.0,6.9,0.6857142857142857,0.5928571428571429,0.0642857142857142,0.0071428571428571
https://doi.org/10.1002/maco.201810098,19.33333333333333,6.465517241379311,0.6293103448275862,0.7068965517241379,0.0603448275862069,0.0258620689655172
https://doi.org/10.1002/maco.201810113,15.8,5.905063291139241,0.6265822784810127,0.6645569620253164,0.0316455696202531,0.0189873417721519
https://doi.org/10.1002/maco.201810278,17.2,6.976744186046512,0.6976744186046512,0.6976744186046512,0.0813953488372093,0.0116279069767441
https://doi.org/10.1002/maco.201810218,18.8,5.680851063829787,0.6276595744680851,0.4893617021276595,0.0319148936170212,0.026595744680851
https://doi.org/10.1002/maco.201709836,22.285714285714285,6.397435897435898,0.6923076923076923,0.6089743589743589,0.032051282051282,0.0128205128205128
https://doi.org/10.1002/maco.201810085,22.125,6.655367231638418,0.615819209039548,0.5988700564971752,0.0282485875706214,0.03954802259887
https://doi.org/10.1002/maco.201810132,24.75,6.828282828282828,0.6363636363636364,0.6363636363636364,0.0505050505050505,0.0
https://doi.org/10.1002/maco.201810153,20.0,6.56,0.71,0.71,0.06,0.01
https://doi.org/10.1002/maco.201810419,20.6,6.669902912621359,0.7475728155339806,0.7184466019417476,0.058252427184466,0.0097087378640776
https://doi.org/10.1002/maco.201810514,9.6,5.630208333333333,0.6041666666666666,0.5,0.03125,0.0052083333333333
https://doi.org/10.1002/maco.201810554,24.0,7.005952380952381,0.6369047619047619,0.5357142857142857,0.0476190476190476,0.0178571428571428
https://doi.org/10.1002/maco.201709722,16.1,6.751552795031056,0.7453416149068323,0.6149068322981367,0.0248447204968944,0.0124223602484472
https://doi.org/10.1002/maco.201810134,24.75,7.141414141414141,0.6767676767676768,0.7373737373737373,0.0202020202020202,0.0303030303030303
https://doi.org/10.1002/maco.201810480,16.357142857142858,5.807860262008734,0.6681222707423581,0.5152838427947598,0.0349344978165938,0.0043668122270742
https://doi.org/10.1002/maco.201810425,17.0,6.294117647058823,0.6524064171122995,0.5401069518716578,0.0106951871657754,0.0106951871657754
https://doi.org/10.1002/maco.201810486,20.875,6.287425149700598,0.592814371257485,0.6467065868263473,0.0359281437125748,0.0179640718562874
https://doi.org/10.1002/maco.201810382,19.428571428571427,6.573529411764706,0.7058823529411765,0.6544117647058824,0.0220588235294117,0.0073529411764705
https://doi.org/10.1002/maco.201810165,19.4,7.793814432989691,0.7422680412371134,0.845360824742268,0.0824742268041237,0.0309278350515463
https://doi.org/10.1002/maco.201810136,24.285714285714285,6.494117647058824,0.6294117647058823,0.5705882352941176,0.0529411764705882,0.0235294117647058
https://doi.org/10.1002/maco.201709878,13.76923076923077,6.35754189944134,0.7150837988826816,0.6424581005586593,0.0614525139664804,0.0279329608938547
https://doi.org/10.1002/maco.201810160,16.4,7.201219512195122,0.6829268292682927,0.5853658536585366,0.048780487804878,0.0060975609756097
https://doi.org/10.1002/maco.201810259,26.571428571428573,6.311827956989247,0.6559139784946236,0.4838709677419355,0.0268817204301075,0.0161290322580645
https://doi.org/10.1002/maco.201810277,23.33333333333333,6.621428571428571,0.6785714285714286,0.6142857142857143,0.0428571428571428,0.0071428571428571
https://doi.org/10.1002/maco.201709820,13.88888888888889,6.44,0.592,0.656,0.04,0.032
https://doi.org/10.1002/maco.201710017,28.33333333333333,6.547058823529412,0.6588235294117647,0.5764705882352941,0.0352941176470588,0.0058823529411764
https://doi.org/10.1002/maco.201709950,26.285714285714285,6.4728260869565215,0.6684782608695652,0.5543478260869565,0.0489130434782608,0.0054347826086956
https://doi.org/10.1002/maco.201810495,19.125,6.078431372549019,0.6993464052287581,0.5882352941176471,0.0326797385620915,0.0065359477124183
https://doi.org/10.1002/maco.201810502,25.63636363636364,6.375886524822695,0.6666666666666666,0.5390070921985816,0.0212765957446808,0.0212765957446808
https://doi.org/10.1002/maco.201810565,25.0,6.628571428571429,0.6514285714285715,0.5657142857142857,0.04,0.0114285714285714
https://doi.org/10.1002/maco.201709980,19.875,6.767295597484277,0.7295597484276729,0.5660377358490566,0.0440251572327044,0.0188679245283018
https://doi.org/10.1002/maco.201810155,13.666666666666666,6.670731707317073,0.6585365853658537,0.6036585365853658,0.0365853658536585,0.0121951219512195
https://doi.org/10.1002/maco.201810151,25.857142857142858,6.972375690607735,0.6850828729281768,0.5911602209944752,0.0331491712707182,0.0165745856353591
https://doi.org/10.1002/maco.201810199,21.55555555555556,6.422680412371134,0.6958762886597938,0.5721649484536082,0.0257731958762886,0.0051546391752577
https://doi.org/10.1002/maco.201810413,32.6,5.969325153374233,0.6503067484662577,0.4907975460122699,0.0429447852760736,0.0122699386503067
https://doi.org/10.1002/maco.201810441,20.22222222222222,6.186813186813187,0.6703296703296703,0.5439560439560439,0.0274725274725274,0.0164835164835164
https://doi.org/10.1002/maco.201709996,18.5,6.783783783783784,0.6756756756756757,0.6216216216216216,0.081081081081081,0.027027027027027
https://doi.org/10.1002/maco.201810248,30.666666666666668,7.239130434782608,0.6956521739130435,0.6521739130434783,0.0326086956521739,0.0108695652173913
https://doi.org/10.1002/maco.201810042,19.0,6.824561403508772,0.6666666666666666,0.6052631578947368,0.0350877192982456,0.0350877192982456
https://doi.org/10.1002/maco.201810543,21.142857142857142,6.398648648648648,0.6351351351351351,0.6486486486486487,0.0337837837837837,0.0135135135135135
https://doi.org/10.1002/maco.201870074,15.7,6.987261146496815,0.6560509554140127,0.7515923566878981,0.0063694267515923,0.0318471337579617
https://doi.org/10.1002/maco.201870111,12.875,5.912621359223301,0.7572815533980582,0.6116504854368932,0.058252427184466,0.0194174757281553
https://doi.org/10.1002/maco.201870041,16.6,6.156626506024097,0.7469879518072289,0.7831325301204819,0.0481927710843373,0.036144578313253
https://doi.org/10.1002/maco.201870071,27.33333333333333,6.5,0.6036585365853658,0.6463414634146342,0.0182926829268292,0.0182926829268292
https://doi.org/10.1002/maco.201870021,7.357142857142857,6.194174757281553,0.7572815533980582,0.7378640776699029,0.029126213592233,0.0097087378640776
https://doi.org/10.1002/maco.201870101,14.909090909090908,5.597560975609756,0.7439024390243902,0.6890243902439024,0.0365853658536585,0.0121951219512195
https://doi.org/10.1002/maco.201870091,17.0,6.517647058823529,0.6352941176470588,0.6352941176470588,0.0117647058823529,0.0176470588235294
https://doi.org/10.1002/maco.201870031,7.846153846153846,6.431372549019608,0.7647058823529411,0.7450980392156863,0.0392156862745098,0.0392156862745098
https://doi.org/10.1002/maco.201870121,16.333333333333332,6.843537414965986,0.6938775510204082,0.7210884353741497,0.0748299319727891,0.0408163265306122
https://doi.org/10.1002/maco.201870051,20.83333333333333,7.384,0.72,0.8,0.048,0.016
https://doi.org/10.1002/maco.201870081,27.33333333333333,6.5,0.6036585365853658,0.6463414634146342,0.0182926829268292,0.0182926829268292
https://doi.org/10.1002/maco.201870061,25.33333333333333,6.907894736842105,0.7763157894736842,0.7894736842105263,0.0526315789473684,0.0263157894736842
https://doi.org/10.1108/acmm-12-2018-2042,24.375,6.307692307692308,0.7435897435897436,0.6153846153846154,0.0256410256410256,0.0205128205128205
https://doi.org/10.1108/acmm-07-2018-1964,20.1,7.45273631840796,0.6766169154228856,0.5174129353233831,0.0248756218905472,0.0149253731343283
https://doi.org/10.1108/acmm-10-2018-2016,22.55555555555556,7.009852216748769,0.6798029556650246,0.6305418719211823,0.0492610837438423,0.0394088669950738
https://doi.org/10.1108/acmm-10-2018-2018,21.77777777777778,7.428571428571429,0.7091836734693877,0.6989795918367347,0.0204081632653061,0.0306122448979591
https://doi.org/10.1108/acmm-06-2019-2131,22.73333333333333,6.979472140762463,0.6598240469208211,0.5366568914956011,0.0263929618768328,0.0117302052785923
https://doi.org/10.1108/acmm-10-2018-2009,20.818181818181817,6.532751091703057,0.6986899563318777,0.6069868995633187,0.0262008733624454,0.0131004366812227
https://doi.org/10.1108/acmm-02-2018-1906,23.142857142857142,6.762345679012346,0.7006172839506173,0.5679012345679012,0.037037037037037,0.0185185185185185
https://doi.org/10.1108/acmm-01-2019-2056,30.22222222222222,6.830882352941177,0.6176470588235294,0.3860294117647059,0.0404411764705882,0.0220588235294117
https://doi.org/10.1108/acmm-06-2019-2146,16.5,7.507575757575758,0.6818181818181818,0.6136363636363636,0.0681818181818181,0.0378787878787878
https://doi.org/10.1108/acmm-12-2018-2045,20.272727272727277,6.838565022421525,0.7040358744394619,0.5112107623318386,0.0358744394618834,0.0224215246636771
https://doi.org/10.1108/acmm-08-2018-1986,27.0,6.502057613168724,0.6255144032921811,0.5802469135802469,0.0288065843621399,0.0411522633744856
https://doi.org/10.1108/acmm-01-2019-2065,18.05263157894737,6.970845481049563,0.6938775510204082,0.5247813411078717,0.0204081632653061,0.0174927113702623
https://doi.org/10.1108/acmm-01-2019-2070,22.8,6.644736842105263,0.6271929824561403,0.5350877192982456,0.0482456140350877,0.0131578947368421
https://doi.org/10.1108/acmm-11-2017-1858,20.444444444444443,6.315217391304348,0.6630434782608695,0.6304347826086957,0.0217391304347826,0.0326086956521739
https://doi.org/10.1108/acmm-02-2019-2082,23.875,6.884816753926701,0.6858638743455497,0.5759162303664922,0.0366492146596858,0.0157068062827225
https://doi.org/10.1108/acmm-05-2019-2128,32.125,6.474708171206226,0.7198443579766537,0.4513618677042801,0.0350194552529182,0.0116731517509727
https://doi.org/10.1108/acmm-08-2018-1992,22.5,6.766666666666667,0.7388888888888889,0.55,0.05,0.0111111111111111
https://doi.org/10.1108/acmm-10-2018-2013,19.384615384615383,6.523809523809524,0.7182539682539683,0.4801587301587302,0.0277777777777777,0.0238095238095238
https://doi.org/10.1108/acmm-04-2018-1921,22.571428571428573,6.556962025316456,0.6962025316455697,0.5506329113924051,0.0253164556962025,0.0189873417721519
https://doi.org/10.1108/acmm-06-2018-1953,22.1,6.647058823529412,0.669683257918552,0.4253393665158371,0.0452488687782805,0.0090497737556561
https://doi.org/10.1108/acmm-10-2017-1856,29.75,6.647058823529412,0.6008403361344538,0.4831932773109244,0.0210084033613445,0.0168067226890756
https://doi.org/10.1108/acmm-07-2017-1816,25.181818181818183,6.675090252707581,0.6101083032490975,0.4657039711191336,0.0288808664259927,0.0252707581227436
https://doi.org/10.1108/acmm-03-2019-2086,11.65,6.141630901287554,0.7424892703862661,0.4978540772532189,0.0128755364806866,0.0085836909871244
https://doi.org/10.1108/acmm-04-2019-2107,19.5,7.111111111111111,0.7094017094017094,0.6581196581196581,0.0341880341880341,0.017094017094017
https://doi.org/10.1108/acmm-09-2018-1996,18.77777777777778,7.047337278106509,0.6804733727810651,0.5857988165680473,0.029585798816568,0.0473372781065088
https://doi.org/10.1108/acmm-01-2019-2074,19.1,6.979057591623037,0.7539267015706806,0.5130890052356021,0.0261780104712041,0.0104712041884816
https://doi.org/10.1108/acmm-01-2019-2054,12.066666666666666,6.784530386740332,0.6574585635359116,0.585635359116022,0.011049723756906,0.0165745856353591
https://doi.org/10.1108/acmm-07-2018-1976,21.818181818181817,7.083333333333333,0.6041666666666666,0.5333333333333333,0.0291666666666666,0.0291666666666666
https://doi.org/10.1108/acmm-09-2019-2176,10.5,6.324404761904762,0.6964285714285714,0.5267857142857143,0.0238095238095238,0.0148809523809523
https://doi.org/10.1108/acmm-03-2019-2100,18.4,6.782608695652174,0.6902173913043478,0.483695652173913,0.0326086956521739,0.0054347826086956
https://doi.org/10.1108/acmm-03-2019-2092,14.333333333333334,6.895348837209302,0.6744186046511628,0.6104651162790697,0.0523255813953488,0.0174418604651162
https://doi.org/10.1108/acmm-10-2018-2005,27.55555555555556,6.383064516129032,0.7056451612903226,0.5241935483870968,0.0161290322580645,0.0120967741935483
https://doi.org/10.1108/acmm-03-2019-2095,18.75,7.102222222222222,0.7244444444444444,0.5377777777777778,0.0533333333333333,0.0133333333333333
https://doi.org/10.1108/acmm-09-2018-1993,19.785714285714285,6.140794223826715,0.703971119133574,0.4404332129963899,0.0288808664259927,0.0072202166064981
https://doi.org/10.1108/acmm-01-2019-2053,25.22222222222222,6.453744493392071,0.6696035242290749,0.5859030837004405,0.0308370044052863,0.0220264317180616
https://doi.org/10.1108/acmm-05-2019-2119,22.0,6.858585858585859,0.7070707070707071,0.5808080808080808,0.0202020202020202,0.0202020202020202
https://doi.org/10.1108/acmm-10-2018-2023,26.0,6.417582417582418,0.6868131868131868,0.5769230769230769,0.0329670329670329,0.0274725274725274
https://doi.org/10.1108/acmm-01-2019-2066,21.1,6.867298578199052,0.6966824644549763,0.5260663507109005,0.0236966824644549,0.0094786729857819
https://doi.org/10.1108/acmm-09-2017-1836,15.833333333333334,6.515789473684211,0.7052631578947368,0.631578947368421,0.0105263157894736,0.0105263157894736
https://doi.org/10.1108/acmm-03-2019-2090,23.428571428571427,7.109756097560975,0.6890243902439024,0.5975609756097561,0.0609756097560975,0.0426829268292682
https://doi.org/10.1108/acmm-06-2018-1960,11.88888888888889,6.934579439252336,0.6635514018691588,0.6915887850467289,0.0747663551401869,0.0093457943925233
https://doi.org/10.1108/acmm-12-2018-2051,16.818181818181817,6.816216216216216,0.7027027027027027,0.4540540540540541,0.0324324324324324,0.0162162162162162
https://doi.org/10.1108/acmm-01-2019-2061,19.125,6.627450980392157,0.6862745098039216,0.6078431372549019,0.0196078431372549,0.0130718954248366
https://doi.org/10.1108/acmm-09-2017-1846,21.785714285714285,6.488524590163935,0.7081967213114754,0.5114754098360655,0.0229508196721311,0.0163934426229508
https://doi.org/10.1108/acmm-08-2018-1981,19.58333333333333,6.1191489361702125,0.7021276595744681,0.5361702127659574,0.0553191489361702,0.0170212765957446
https://doi.org/10.1108/acmm-09-2018-2003,17.066666666666666,6.5859375,0.7421875,0.55859375,0.0390625,0.01171875
https://doi.org/10.1108/acmm-08-2018-1988,19.0,6.21578947368421,0.6526315789473685,0.5210526315789473,0.0157894736842105,0.0105263157894736
https://doi.org/10.1108/acmm-02-2019-2083,25.25,6.742574257425742,0.7029702970297029,0.5841584158415841,0.0198019801980198,0.0099009900990099
https://doi.org/10.1108/acmm-04-2019-2113,19.933333333333334,6.913043478260869,0.7324414715719063,0.4882943143812709,0.0234113712374581,0.0133779264214046
https://doi.org/10.1108/acmm-01-2019-2055,22.625,7.353591160220994,0.6906077348066298,0.7900552486187845,0.0220994475138121,0.0165745856353591
https://doi.org/10.1108/acmm-08-2017-1826,20.416666666666668,6.824489795918368,0.6653061224489796,0.5020408163265306,0.0163265306122449,0.0122448979591836
https://doi.org/10.1108/acmm-03-2019-2087,22.285714285714285,7.519230769230769,0.6730769230769231,0.5128205128205128,0.0576923076923076,0.0128205128205128
https://doi.org/10.1108/acmm-03-2019-2094,24.666666666666668,6.945945945945946,0.6261261261261262,0.3828828828828828,0.0405405405405405,0.009009009009009
https://doi.org/10.1108/acmm-09-2018-2002,22.33333333333333,6.253731343283582,0.6029850746268657,0.4238805970149253,0.0208955223880597,0.017910447761194
https://doi.org/10.1108/acmm-05-2018-1947,18.0,6.481481481481482,0.625,0.5833333333333334,0.0185185185185185,0.0185185185185185
https://doi.org/10.1108/acmm-10-2018-2007,33.57142857142857,6.74468085106383,0.6595744680851063,0.548936170212766,0.0170212765957446,0.0297872340425531
https://doi.org/10.1108/acmm-03-2019-2102,27.83333333333333,6.634730538922156,0.6526946107784432,0.5449101796407185,0.0479041916167664,0.029940119760479
https://doi.org/10.1108/acmm-10-2018-2015,26.77777777777778,6.078838174273859,0.6804979253112033,0.3692946058091286,0.0165975103734439,0.0041493775933609
https://doi.org/10.1108/acmm-11-2018-2034,17.375,7.402877697841727,0.6690647482014388,0.5539568345323741,0.079136690647482,0.014388489208633
https://doi.org/10.1108/acmm-02-2019-2081,26.384615384615383,6.658892128279883,0.6997084548104956,0.4927113702623906,0.0437317784256559,0.0174927113702623
https://doi.org/10.1108/acmm-11-2018-2026,11.227272727272728,6.647773279352227,0.7327935222672065,0.5384615384615384,0.0364372469635627,0.0283400809716599
https://doi.org/10.1108/acmm-12-2018-2046,22.5,7.062962962962963,0.6851851851851852,0.4777777777777778,0.0222222222222222,0.037037037037037
https://doi.org/10.1108/acmm-07-2018-1974,18.83333333333333,6.342182890855457,0.6283185840707964,0.4218289085545723,0.0206489675516224,0.0176991150442477
https://doi.org/10.1108/acmm-10-2018-2011,28.857142857142858,7.5594059405940595,0.6633663366336634,0.6683168316831684,0.0346534653465346,0.0346534653465346
https://doi.org/10.1108/acmm-08-2018-1982,26.625,6.502347417840376,0.7276995305164319,0.5070422535211268,0.0469483568075117,0.0046948356807511
https://doi.org/10.1108/acmm-02-2019-2079,20.125,6.6645962732919255,0.6956521739130435,0.5590062111801242,0.031055900621118,0.0248447204968944
https://doi.org/10.1108/acmm-09-2018-2001,21.63636363636364,6.983193277310924,0.7100840336134454,0.5042016806722689,0.0252100840336134,0.0210084033613445
https://doi.org/10.1108/acmm-01-2019-2057,17.0,7.627450980392157,0.7401960784313726,0.6617647058823529,0.034313725490196,0.0147058823529411
https://doi.org/10.1108/acmm-02-2019-2075,16.866666666666667,6.616600790513834,0.691699604743083,0.4743083003952569,0.0237154150197628,0.0158102766798418
https://doi.org/10.1108/acmm-11-2018-2035,15.909090909090908,7.428571428571429,0.7428571428571429,0.5428571428571428,0.0514285714285714,0.0114285714285714
https://doi.org/10.1108/acmm-04-2019-2111,20.454545454545453,6.866666666666666,0.6488888888888888,0.6266666666666667,0.04,0.0355555555555555
https://doi.org/10.1108/acmm-04-2019-2105,28.444444444444443,7.203125,0.69921875,0.58203125,0.02734375,0.02734375
https://doi.org/10.1108/acmm-05-2019-2125,18.727272727272727,6.805825242718447,0.7718446601941747,0.4660194174757281,0.0533980582524271,0.0242718446601941
https://doi.org/10.1108/acmm-07-2018-1972,26.285714285714285,6.190217391304348,0.6630434782608695,0.532608695652174,0.0706521739130434,0.0217391304347826
https://doi.org/10.1108/acmm-12-2018-2043,34.09090909090909,5.72,0.6853333333333333,0.5173333333333333,0.0186666666666666,0.0133333333333333
https://doi.org/10.1108/acmm-03-2017-1771,13.25,6.383647798742138,0.7358490566037735,0.6540880503144654,0.0251572327044025,0.0062893081761006
https://doi.org/10.1108/acmm-12-2018-2040,25.0,6.913333333333333,0.64,0.5666666666666667,0.0333333333333333,0.02
https://doi.org/10.1108/acmm-11-2018-2037,20.714285714285715,6.058620689655172,0.6344827586206897,0.4689655172413793,0.0206896551724137,0.0275862068965517
https://doi.org/10.1108/acmm-08-2018-1984,14.38888888888889,6.957528957528957,0.6988416988416989,0.5637065637065637,0.0308880308880308,0.0193050193050193
https://doi.org/10.1108/acmm-11-2018-2029,22.53846153846154,6.262798634812286,0.6996587030716723,0.4744027303754266,0.0204778156996587,0.0136518771331058
https://doi.org/10.1108/acmm-12-2017-1879,19.76923076923077,6.7315175097276265,0.6498054474708171,0.4747081712062256,0.0428015564202334,0.0116731517509727
https://doi.org/10.5006/3355,23.294117647058822,6.838383838383838,0.6313131313131313,0.5227272727272727,0.0277777777777777,0.0176767676767676
https://doi.org/10.5006/3336,27.8,7.482014388489208,0.6762589928057554,0.7410071942446043,0.0503597122302158,0.014388489208633
https://doi.org/10.5006/3282,22.714285714285715,6.754716981132075,0.6037735849056604,0.5849056603773585,0.0188679245283018,0.0251572327044025
https://doi.org/10.5006/3050,31.0,6.365591397849462,0.5806451612903226,0.6236559139784946,0.043010752688172,0.010752688172043
https://doi.org/10.5006/3111,19.866666666666667,6.0134228187919465,0.6342281879194631,0.5234899328859061,0.0167785234899328,0.0436241610738255
https://doi.org/10.5006/3110,19.5,6.579487179487179,0.6461538461538462,0.6307692307692307,0.0307692307692307,0.0307692307692307
https://doi.org/10.5006/3308,22.166666666666668,6.556390977443609,0.6390977443609023,0.6052631578947368,0.0263157894736842,0.018796992481203
https://doi.org/10.5006/3397,13.5,6.709876543209877,0.6604938271604939,0.6111111111111112,0.0185185185185185,0.0185185185185185
https://doi.org/10.5006/3233,17.857142857142858,7.28,0.704,0.688,0.064,0.008
https://doi.org/10.5006/3369,27.285714285714285,7.382198952879581,0.6649214659685864,0.7015706806282722,0.0261780104712041,0.031413612565445
https://doi.org/10.5006/3118,20.25,6.843621399176954,0.6584362139917695,0.6296296296296297,0.0246913580246913,0.0246913580246913
https://doi.org/10.5006/3211,31.428571428571427,6.431818181818182,0.5863636363636363,0.5954545454545455,0.0409090909090909,0.0045454545454545
https://doi.org/10.5006/3290,23.9,6.841004184100418,0.6694560669456067,0.5732217573221757,0.0251046025104602,0.0209205020920502
https://doi.org/10.5006/3195,24.5,6.816326530612245,0.6632653061224489,0.6326530612244898,0.0714285714285714,0.010204081632653
https://doi.org/10.5006/3223,20.6,7.29126213592233,0.6116504854368932,0.6893203883495146,0.0485436893203883,0.0194174757281553
https://doi.org/10.5006/3097,24.5,6.772594752186589,0.6793002915451894,0.4927113702623906,0.0204081632653061,0.0087463556851311
https://doi.org/10.5006/3119,26.75,6.775700934579439,0.6822429906542056,0.7570093457943925,0.0467289719626168,0.0467289719626168
https://doi.org/10.5006/3139,19.63636363636364,6.444444444444445,0.6712962962962963,0.6157407407407407,0.0185185185185185,0.0185185185185185
https://doi.org/10.5006/2765,15.214285714285714,6.507042253521127,0.7136150234741784,0.5305164319248826,0.0187793427230046,0.0046948356807511
https://doi.org/10.5006/3054,21.545454545454547,6.40084388185654,0.679324894514768,0.5611814345991561,0.0421940928270042,0.0168776371308016
https://doi.org/10.5006/3168,17.4,6.781609195402299,0.7471264367816092,0.8275862068965517,0.0804597701149425,0.0
https://doi.org/10.5006/3318,23.3,6.347639484978541,0.6695278969957081,0.6137339055793991,0.0214592274678111,0.0171673819742489
https://doi.org/10.5006/3192,24.8,6.870967741935484,0.6612903225806451,0.6088709677419355,0.0201612903225806,0.0161290322580645
https://doi.org/10.5006/3085,28.5,6.690058479532164,0.5964912280701754,0.672514619883041,0.0409356725146198,0.0350877192982456
https://doi.org/10.5006/3060,30.4,6.980263157894737,0.7368421052631579,0.5986842105263158,0.0394736842105263,0.0
https://doi.org/10.5006/3028,30.416666666666668,6.86027397260274,0.6657534246575343,0.5205479452054794,0.0191780821917808,0.0191780821917808
https://doi.org/10.5006/3104,18.416666666666668,6.601809954751131,0.6289592760180995,0.5610859728506787,0.0180995475113122,0.004524886877828
https://doi.org/10.5006/3310,22.83333333333333,6.510948905109489,0.6934306569343066,0.6788321167883211,0.0364963503649635,0.0
https://doi.org/10.5006/3403,25.666666666666668,6.487012987012987,0.6168831168831169,0.6103896103896104,0.0324675324675324,0.0129870129870129
https://doi.org/10.5006/3000,21.75,7.402298850574713,0.7298850574712644,0.6494252873563219,0.0689655172413793,0.0114942528735632
https://doi.org/10.5006/2991,25.0,6.928,0.688,0.72,0.056,0.0
https://doi.org/10.5006/3362,20.0,6.68,0.62,0.67,0.02,0.04
https://doi.org/10.5006/3432,21.63793103448276,6.796812749003984,0.6278884462151394,0.4741035856573705,0.0103585657370517,0.0199203187250996
https://doi.org/10.5006/3120,43.0,6.316279069767442,0.6,0.4837209302325581,0.0186046511627906,0.027906976744186
https://doi.org/10.5006/3396,15.416666666666666,6.308108108108108,0.6270270270270271,0.6324324324324324,0.0324324324324324,0.0108108108108108
https://doi.org/10.5006/3185,18.33333333333333,6.390909090909091,0.7181818181818181,0.6636363636363637,0.0545454545454545,0.009090909090909
https://doi.org/10.5006/3257,19.181818181818183,7.009478672985782,0.7156398104265402,0.6113744075829384,0.0521327014218009,0.0142180094786729
https://doi.org/10.5006/3164,32.0,6.35,0.69375,0.575,0.01875,0.0125
https://doi.org/10.5006/3176,8.55,6.216374269005848,0.672514619883041,0.5614035087719298,0.0584795321637426,0.023391812865497
https://doi.org/10.5006/3091,14.0,7.080357142857143,0.6785714285714286,0.6339285714285714,0.0446428571428571,0.0089285714285714
https://doi.org/10.5006/3278,35.25,6.01418439716312,0.624113475177305,0.4893617021276595,0.0567375886524822,0.0141843971631205
https://doi.org/10.5006/3090,20.7,6.990338164251208,0.7004830917874396,0.6086956521739131,0.072463768115942,0.0096618357487922
https://doi.org/10.5006/3134,26.666666666666668,7.1125,0.6875,0.7375,0.0875,0.0
https://doi.org/10.5006/3374,24.5,7.01360544217687,0.6666666666666666,0.6870748299319728,0.0204081632653061,0.0204081632653061
https://doi.org/10.5006/2709,22.0,6.738636363636363,0.6306818181818182,0.4829545454545454,0.0397727272727272,0.0113636363636363
https://doi.org/10.5006/3113,20.33333333333333,6.633879781420765,0.6229508196721312,0.5245901639344263,0.0382513661202185,0.0273224043715847
https://doi.org/10.5006/3335,16.875,6.437037037037037,0.6518518518518519,0.6444444444444445,0.0666666666666666,0.0148148148148148
https://doi.org/10.5006/3334,26.2,6.183206106870229,0.6564885496183206,0.6641221374045801,0.0763358778625954,0.0381679389312977
https://doi.org/10.5006/3066,26.375,6.127962085308057,0.6398104265402843,0.5165876777251185,0.0379146919431279,0.0284360189573459
https://doi.org/10.5006/2960,21.5,7.705426356589148,0.7054263565891473,0.6976744186046512,0.0310077519379844,0.0077519379844961
https://doi.org/10.5006/3242,28.55555555555556,6.4319066147859925,0.6770428015564203,0.5836575875486382,0.0350194552529182,0.0233463035019455
https://doi.org/10.5006/3051,27.714285714285715,7.144329896907217,0.7474226804123711,0.6237113402061856,0.0412371134020618,0.0103092783505154
https://doi.org/10.5006/2952,25.625,7.009756097560976,0.6682926829268293,0.5560975609756098,0.0634146341463414,0.0146341463414634
https://doi.org/10.5006/3081,16.6,5.9156626506024095,0.6746987951807228,0.6445783132530121,0.0240963855421686,0.036144578313253
https://doi.org/10.5006/3303,16.4,7.317073170731708,0.725609756097561,0.6402439024390244,0.024390243902439,0.0182926829268292
https://doi.org/10.5006/3343,25.2,6.888888888888889,0.7142857142857143,0.6190476190476191,0.0476190476190476,0.0079365079365079
https://doi.org/10.5006/3262,22.5,6.844444444444444,0.6111111111111112,0.6555555555555556,0.0555555555555555,0.0333333333333333
https://doi.org/10.5006/3253,28.4,6.866197183098592,0.6267605633802817,0.6619718309859155,0.0140845070422535,0.0352112676056338
https://doi.org/10.5006/2992,25.0,6.268571428571429,0.5542857142857143,0.5085714285714286,0.04,0.04
https://doi.org/10.5006/3309,23.75,6.647368421052631,0.6210526315789474,0.5473684210526316,0.0473684210526315,0.0210526315789473
https://doi.org/10.5006/3106,14.9375,6.707112970711297,0.6694560669456067,0.6150627615062761,0.0125523012552301,0.0209205020920502
https://doi.org/10.5006/3227,32.833333333333336,6.527918781725888,0.7208121827411168,0.7055837563451777,0.0558375634517766,0.0101522842639593
https://doi.org/10.5006/3197,20.857142857142858,6.623287671232877,0.6917808219178082,0.5958904109589042,0.0410958904109589,0.047945205479452
https://doi.org/10.5006/3080,22.33333333333333,7.268656716417911,0.7388059701492538,0.6268656716417911,0.0373134328358208,0.0149253731343283
https://doi.org/10.5006/3124,23.8,7.19327731092437,0.6554621848739496,0.6302521008403361,0.0504201680672268,0.0168067226890756
https://doi.org/10.5006/2971,19.727272727272727,6.686635944700461,0.6497695852534562,0.5622119815668203,0.032258064516129,0.0046082949308755
https://doi.org/10.5006/2916,16.363636363636363,6.961111111111111,0.75,0.6166666666666667,0.05,0.0166666666666666
https://doi.org/10.5006/3360,22.166666666666668,6.481203007518797,0.6015037593984962,0.6616541353383458,0.037593984962406,0.0300751879699248
https://doi.org/10.5006/3341,14.285714285714286,6.76,0.73,0.77,0.11,0.01
https://doi.org/10.5006/2858,21.53846153846154,6.7821428571428575,0.6928571428571428,0.5571428571428572,0.0535714285714285,0.0178571428571428
https://doi.org/10.5006/3171,25.125,6.895522388059701,0.6417910447761194,0.5920398009950248,0.0199004975124378,0.0248756218905472
https://doi.org/10.5006/3101,28.545454545454547,6.550955414012739,0.5923566878980892,0.4713375796178344,0.0159235668789808,0.0222929936305732
https://doi.org/10.5006/2864,26.33333333333333,6.69620253164557,0.6518987341772152,0.6012658227848101,0.0189873417721519,0.0063291139240506
https://doi.org/10.5006/3128,24.88888888888889,6.464285714285714,0.6517857142857143,0.5223214285714286,0.0223214285714285,0.0178571428571428
https://doi.org/10.5006/3284,23.857142857142858,6.485029940119761,0.6646706586826348,0.5988023952095808,0.0359281437125748,0.0239520958083832
https://doi.org/10.5006/3067,13.411764705882351,6.416666666666667,0.7149122807017544,0.6535087719298246,0.0131578947368421,0.0219298245614035
https://doi.org/10.5006/3131,21.5,6.51937984496124,0.6511627906976745,0.627906976744186,0.0387596899224806,0.0232558139534883
https://doi.org/10.5006/3063,27.5,7.16969696969697,0.6545454545454545,0.6727272727272727,0.0181818181818181,0.0181818181818181
https://doi.org/10.5006/3319,18.0,7.657407407407407,0.7777777777777778,0.7870370370370371,0.0833333333333333,0.0185185185185185
https://doi.org/10.5006/3254,16.636363636363637,7.163934426229508,0.6830601092896175,0.6174863387978142,0.0437158469945355,0.0109289617486338
https://doi.org/10.5006/3025,12.933333333333334,6.329896907216495,0.6443298969072165,0.6030927835051546,0.0463917525773195,0.0103092783505154
https://doi.org/10.5006/3047,20.90909090909091,6.534782608695652,0.6391304347826087,0.591304347826087,0.0260869565217391,0.0260869565217391
https://doi.org/10.5006/3100,13.838709677419354,6.365967365967366,0.6433566433566433,0.4545454545454545,0.0209790209790209,0.0209790209790209
https://doi.org/10.5006/3380,26.0,6.632478632478633,0.6538461538461539,0.5555555555555556,0.0256410256410256,0.0128205128205128
https://doi.org/10.5006/3366,17.214285714285715,6.369294605809128,0.6970954356846473,0.5435684647302904,0.0165975103734439,0.0124481327800829
https://doi.org/10.5006/3225,19.666666666666668,6.669491525423729,0.652542372881356,0.7033898305084746,0.0169491525423728,0.0338983050847457
https://doi.org/10.5006/2915,20.0,8.01,0.77,0.98,0.06,0.01
https://doi.org/10.5006/3218,23.0,7.043478260869565,0.7391304347826086,0.6782608695652174,0.0695652173913043,0.008695652173913
https://doi.org/10.5006/3086,6.5,7.461538461538462,0.7692307692307693,1.0384615384615383,0.0769230769230769,0.0384615384615384
https://doi.org/10.5006/3393,19.23076923076923,6.732,0.712,0.564,0.032,0.008
https://doi.org/10.5006/2990,23.5,6.904255319148936,0.7127659574468085,0.7127659574468085,0.0957446808510638,0.0106382978723404
https://doi.org/10.5006/3273,32.0,6.671875,0.6510416666666666,0.59375,0.0260416666666666,0.0052083333333333
https://doi.org/10.5006/3402,29.0,6.315270935960591,0.6206896551724138,0.5665024630541872,0.0246305418719211,0.0394088669950738
https://doi.org/10.5006/3167,17.75,6.02112676056338,0.647887323943662,0.5845070422535211,0.0492957746478873,0.0070422535211267
https://doi.org/10.5006/3224,22.857142857142858,7.05,0.76875,0.75,0.04375,0.025
https://doi.org/10.5006/3087,17.22222222222222,6.090322580645161,0.6580645161290323,0.6064516129032258,0.0580645161290322,0.0
https://doi.org/10.5006/3140,22.0,7.0,0.7102272727272727,0.6363636363636364,0.0397727272727272,0.0170454545454545
https://doi.org/10.5006/3234,17.285714285714285,7.462809917355372,0.6942148760330579,0.5537190082644629,0.0578512396694214,0.0165289256198347
https://doi.org/10.5006/3152,21.7,6.654377880184332,0.7050691244239631,0.5069124423963134,0.0276497695852534,0.0046082949308755
https://doi.org/10.5006/3121,10.6,6.816037735849057,0.6556603773584906,0.5330188679245284,0.0188679245283018,0.0094339622641509
https://doi.org/10.5006/2930,30.83333333333333,7.108108108108108,0.7027027027027027,0.6216216216216216,0.0324324324324324,0.0162162162162162
https://doi.org/10.5006/3294,29.142857142857142,6.857843137254902,0.6813725490196079,0.6127450980392157,0.0245098039215686,0.0294117647058823
https://doi.org/10.5006/3327,16.0,7.14375,0.7125,0.6875,0.05,0.0125
https://doi.org/10.5006/3042,17.0,6.623529411764705,0.6588235294117647,0.6823529411764706,0.0235294117647058,0.0
https://doi.org/10.5006/3199,22.33333333333333,6.67910447761194,0.6567164179104478,0.664179104477612,0.0149253731343283,0.0149253731343283
https://doi.org/10.5006/3020,25.5,6.751633986928105,0.673202614379085,0.5816993464052288,0.0326797385620915,0.0196078431372549
https://doi.org/10.5006/3145,30.33333333333333,6.153846153846154,0.6373626373626373,0.6483516483516484,0.0219780219780219,0.0329670329670329
https://doi.org/10.5006/3033,26.666666666666668,6.9125,0.6875,0.7125,0.0375,0.0125
https://doi.org/10.5006/3173,20.33333333333333,7.229508196721311,0.639344262295082,0.819672131147541,0.0491803278688524,0.0163934426229508
https://doi.org/10.5006/3412,22.0,5.704545454545454,0.5454545454545454,0.8409090909090909,0.0454545454545454,0.0227272727272727
https://doi.org/10.5006/3347,27.0,6.453703703703703,0.6388888888888888,0.5324074074074074,0.0185185185185185,0.0231481481481481
https://doi.org/10.1080/1478422x.2019.1583436,30.0,6.6866666666666665,0.62,0.64,0.0266666666666666,0.04
https://doi.org/10.1080/1478422x.2019.1613780,14.875,6.949579831932773,0.7394957983193278,0.7394957983193278,0.042016806722689,0.0168067226890756
https://doi.org/10.1080/1478422x.2019.1637077,17.5,7.0285714285714285,0.638095238095238,0.5333333333333333,0.019047619047619,0.0095238095238095
https://doi.org/10.1080/1478422x.2019.1613779,21.0,7.517006802721088,0.7074829931972789,0.6326530612244898,0.0204081632653061,0.0204081632653061
https://doi.org/10.1080/1478422x.2019.1605472,18.428571428571427,6.984496124031008,0.6434108527131783,0.6124031007751938,0.0542635658914728,0.0
https://doi.org/10.1080/1478422x.2019.1700642,20.571428571428573,7.118055555555555,0.6736111111111112,0.6527777777777778,0.0416666666666666,0.0277777777777777
https://doi.org/10.1080/1478422x.2019.1619979,31.666666666666668,6.778947368421052,0.5789473684210527,0.6210526315789474,0.0526315789473684,0.0421052631578947
https://doi.org/10.1080/1478422x.2019.1575553,25.166666666666668,6.490066225165563,0.6291390728476821,0.5629139072847682,0.0264900662251655,0.0
https://doi.org/10.1080/1478422x.2019.1619290,17.666666666666668,6.584905660377358,0.7169811320754716,0.6289308176100629,0.0440251572327044,0.0188679245283018
https://doi.org/10.1080/1478422x.2019.1661569,21.0,6.809523809523809,0.673469387755102,0.7074829931972789,0.0340136054421768,0.0272108843537414
https://doi.org/10.1080/1478422x.2019.1652428,16.666666666666668,6.6066666666666665,0.6466666666666666,0.6733333333333333,0.02,0.04
https://doi.org/10.1080/1478422x.2019.1591737,24.166666666666668,6.282758620689656,0.6620689655172414,0.5448275862068965,0.0344827586206896,0.0137931034482758
https://doi.org/10.1080/1478422x.2019.1661132,23.666666666666668,7.21830985915493,0.6619718309859155,0.6338028169014085,0.0211267605633802,0.0070422535211267
https://doi.org/10.1080/1478422x.2019.1658437,35.0,6.557142857142857,0.6142857142857143,0.7071428571428572,0.0285714285714285,0.0428571428571428
https://doi.org/10.1080/1478422x.2019.1695390,32.25,7.093023255813954,0.6821705426356589,0.689922480620155,0.0310077519379844,0.0465116279069767
https://doi.org/10.1080/1478422x.2019.1671644,23.0,6.547826086956522,0.6869565217391305,0.7130434782608696,0.0521739130434782,0.0
https://doi.org/10.1080/1478422x.2019.1619289,23.5,6.6453900709219855,0.6950354609929078,0.5957446808510638,0.0354609929078014,0.0141843971631205
https://doi.org/10.1080/1478422x.2019.1636484,34.0,6.757352941176471,0.6617647058823529,0.6764705882352942,0.0441176470588235,0.0220588235294117
https://doi.org/10.1080/1478422x.2019.1654218,19.125,6.568627450980392,0.673202614379085,0.5947712418300654,0.0326797385620915,0.0196078431372549
https://doi.org/10.1080/1478422x.2019.1669762,23.5,6.695035460992908,0.7092198581560284,0.5531914893617021,0.0567375886524822,0.0141843971631205
https://doi.org/10.1080/1478422x.2019.1702616,9.933333333333334,6.362416107382551,0.6778523489932886,0.6442953020134228,0.046979865771812,0.0268456375838926
https://doi.org/10.1080/1478422x.2019.1666458,19.857142857142858,6.697841726618705,0.7050359712230215,0.7194244604316546,0.0719424460431654,0.0071942446043165
https://doi.org/10.1080/1478422x.2019.1638564,18.5,6.344594594594595,0.6756756756756757,0.6554054054054054,0.027027027027027,0.0337837837837837
https://doi.org/10.1080/1478422x.2019.1574955,19.714285714285715,6.557971014492754,0.5942028985507246,0.572463768115942,0.036231884057971,0.0144927536231884
https://doi.org/10.1080/1478422x.2019.1681152,19.666666666666668,6.52542372881356,0.6610169491525424,0.7288135593220338,0.0338983050847457,0.0169491525423728
https://doi.org/10.1080/1478422x.2019.1600836,18.625,6.483221476510067,0.6577181208053692,0.6375838926174496,0.0335570469798657,0.0067114093959731
https://doi.org/10.1080/1478422x.2019.1595296,51.0,6.496732026143791,0.6797385620915033,0.673202614379085,0.0326797385620915,0.0261437908496732
https://doi.org/10.1080/1478422x.2019.1578067,18.25,7.123287671232877,0.684931506849315,0.6164383561643836,0.0136986301369863,0.0136986301369863
https://doi.org/10.1080/1478422x.2019.1645802,17.714285714285715,6.516129032258065,0.6693548387096774,0.6370967741935484,0.0403225806451612,0.0080645161290322
https://doi.org/10.1080/1478422x.2019.1658427,22.6,6.212389380530974,0.6637168141592921,0.6814159292035398,0.0265486725663716,0.0619469026548672
https://doi.org/10.1080/1478422x.2019.1567028,27.0,7.37037037037037,0.674074074074074,0.6814814814814815,0.0444444444444444,0.0074074074074074
https://doi.org/10.1080/1478422x.2019.1590959,19.375,6.2,0.6903225806451613,0.6580645161290323,0.032258064516129,0.0129032258064516
https://doi.org/10.1080/1478422x.2019.1657703,15.0,6.857142857142857,0.6952380952380952,0.819047619047619,0.0571428571428571,0.0
https://doi.org/10.1080/1478422x.2019.1665873,15.5,6.403225806451613,0.6935483870967742,0.6290322580645161,0.0564516129032258,0.0161290322580645
https://doi.org/10.1080/1478422x.2019.1593651,21.0,7.297619047619047,0.7261904761904762,0.7738095238095238,0.0595238095238095,0.0238095238095238
https://doi.org/10.1080/1478422x.2019.1663027,38.0,6.217105263157895,0.6973684210526315,0.6381578947368421,0.0328947368421052,0.0328947368421052
https://doi.org/10.1080/1478422x.2019.1594526,20.0,7.228571428571429,0.7071428571428572,0.6071428571428571,0.0214285714285714,0.0214285714285714
https://doi.org/10.1080/1478422x.2019.1672008,17.75,6.436619718309859,0.6267605633802817,0.6619718309859155,0.0352112676056338,0.0140845070422535
https://doi.org/10.1080/1478422x.2019.1684020,25.6,6.5390625,0.625,0.609375,0.03125,0.0
https://doi.org/10.1080/1478422x.2019.1599177,18.25,7.075342465753424,0.7191780821917808,0.6575342465753424,0.0342465753424657,0.0
https://doi.org/10.1080/1478422x.2019.1631515,25.166666666666668,7.0,0.6887417218543046,0.7086092715231788,0.0397350993377483,0.0132450331125827
https://doi.org/10.1080/1478422x.2019.1700654,21.83333333333333,6.656488549618321,0.6335877862595419,0.7251908396946565,0.0305343511450381,0.0229007633587786
https://doi.org/10.1080/1478422x.2019.1621456,18.625,6.89261744966443,0.6912751677852349,0.6711409395973155,0.0335570469798657,0.0
https://doi.org/10.1080/1478422x.2019.1646007,21.0,6.625850340136054,0.6258503401360545,0.6122448979591837,0.0544217687074829,0.0068027210884353
https://doi.org/10.1080/1478422x.2018.1564984,20.22222222222222,6.967032967032967,0.7142857142857143,0.7197802197802198,0.0219780219780219,0.0329670329670329
https://doi.org/10.1080/1478422x.2019.1608411,24.33333333333333,7.938356164383562,0.684931506849315,0.7876712328767124,0.0273972602739726,0.0205479452054794
https://doi.org/10.1080/1478422x.2019.1589675,22.8,6.8011695906432745,0.6578947368421053,0.47953216374269,0.0204678362573099,0.0116959064327485
https://doi.org/10.1080/1478422x.2019.1589979,19.666666666666668,6.262711864406779,0.6440677966101694,0.7457627118644068,0.0423728813559322,0.0254237288135593
https://doi.org/10.1080/1478422x.2019.1576351,33.0,7.070707070707071,0.696969696969697,0.5555555555555556,0.0404040404040404,0.0202020202020202
https://doi.org/10.1080/1478422x.2019.1615741,16.666666666666668,6.99,0.74,0.74,0.04,0.05
https://doi.org/10.1080/1478422x.2019.1637052,24.75,6.171717171717172,0.6161616161616161,0.6767676767676768,0.0202020202020202,0.0202020202020202
https://doi.org/10.1080/1478422x.2019.1622881,21.285714285714285,6.530201342281879,0.7114093959731543,0.5838926174496645,0.0268456375838926,0.0
https://doi.org/10.1080/1478422x.2019.1655199,21.0,6.63265306122449,0.673469387755102,0.6054421768707483,0.0272108843537414,0.0136054421768707
https://doi.org/10.1080/1478422x.2019.1654219,23.166666666666668,7.050359712230216,0.6834532374100719,0.6474820143884892,0.0359712230215827,0.0
https://doi.org/10.1080/1478422x.2019.1573498,23.666666666666668,5.690140845070423,0.6267605633802817,0.6267605633802817,0.0140845070422535,0.0070422535211267
https://doi.org/10.1080/1478422x.2019.1663007,24.0,6.041666666666667,0.6833333333333333,0.65,0.0416666666666666,0.0083333333333333
https://doi.org/10.1080/1478422x.2019.1586328,12.909090909090908,7.23943661971831,0.6126760563380281,0.6549295774647887,0.0422535211267605,0.028169014084507
https://doi.org/10.1080/1478422x.2019.1703499,41.5,6.783132530120482,0.6385542168674698,0.7469879518072289,0.036144578313253,0.0120481927710843
https://doi.org/10.1080/1478422x.2019.1699261,21.285714285714285,5.87248322147651,0.6040268456375839,0.6711409395973155,0.0134228187919463,0.0402684563758389
https://doi.org/10.1080/1478422x.2019.1611248,15.875,6.47244094488189,0.6929133858267716,0.7165354330708661,0.0314960629921259,0.0236220472440944
https://doi.org/10.1080/1478422x.2019.1636176,14.1,6.531914893617022,0.7092198581560284,0.6524822695035462,0.0425531914893617,0.0070921985815602
https://doi.org/10.1080/1478422x.2019.1655285,14.6,6.958904109589041,0.6643835616438356,0.678082191780822,0.0616438356164383,0.0136986301369863
https://doi.org/10.1080/1478422x.2019.1590512,16.666666666666668,7.233333333333333,0.72,0.6,0.04,0.0066666666666666
https://doi.org/10.1080/1478422x.2019.1656368,20.5,7.073170731707317,0.7073170731707317,0.7235772357723578,0.056910569105691,0.016260162601626
https://doi.org/10.1080/1478422x.2019.1669761,21.428571428571427,6.913333333333333,0.6533333333333333,0.6866666666666666,0.0533333333333333,0.0266666666666666
https://doi.org/10.1080/1478422x.2019.1579436,6.6,5.787878787878788,0.696969696969697,0.7272727272727273,0.0,0.0
https://doi.org/10.1080/1478422x.2019.1602502,6.4,5.96875,0.6875,0.71875,0.0,0.0
https://doi.org/10.1016/j.corsci.2019.02.029,13.285714285714286,6.043010752688172,0.6451612903225806,0.7311827956989247,0.075268817204301,0.0
https://doi.org/10.1016/j.corsci.2019.03.024,21.0,6.495238095238095,0.7619047619047619,0.7047619047619048,0.0476190476190476,0.0095238095238095
https://doi.org/10.1016/j.corsci.2019.108390,11.11111111111111,6.9,0.68,0.74,0.05,0.01
https://doi.org/10.1016/j.corsci.2019.01.030,25.0,6.99,0.68,0.69,0.05,0.01
https://doi.org/10.1016/j.corsci.2019.04.036,25.0,7.11,0.67,0.69,0.04,0.02
https://doi.org/10.1016/j.corsci.2019.05.025,14.857142857142858,6.413461538461538,0.7115384615384616,0.7019230769230769,0.0192307692307692,0.0192307692307692
https://doi.org/10.1016/j.corsci.2019.01.002,25.0,6.95,0.72,0.73,0.06,0.02
https://doi.org/10.1016/j.corsci.2019.108251,19.2,6.572916666666667,0.65625,0.59375,0.03125,0.0
https://doi.org/10.1016/j.corsci.2019.03.036,25.0,6.54,0.62,0.73,0.07,0.02
https://doi.org/10.1016/j.corsci.2018.12.040,13.571428571428571,5.631578947368421,0.6947368421052632,0.6210526315789474,0.0631578947368421,0.0105263157894736
https://doi.org/10.1016/j.corsci.2019.108113,25.25,6.653465346534653,0.693069306930693,0.7722772277227723,0.0396039603960396,0.0495049504950495
https://doi.org/10.1016/j.corsci.2019.108245,24.5,7.806122448979591,0.7244897959183674,0.8367346938775511,0.0408163265306122,0.010204081632653
https://doi.org/10.1016/j.corsci.2019.108198,18.4,7.206521739130435,0.717391304347826,0.8260869565217391,0.0978260869565217,0.0326086956521739
https://doi.org/10.1016/j.corsci.2019.108406,15.833333333333334,7.052631578947368,0.7473684210526316,0.8526315789473684,0.0842105263157894,0.0
https://doi.org/10.1016/j.corsci.2019.06.028,16.666666666666668,6.64,0.75,0.72,0.04,0.01
https://doi.org/10.1016/j.corsci.2019.05.030,24.25,6.680412371134021,0.7525773195876289,0.7835051546391752,0.0515463917525773,0.0206185567010309
https://doi.org/10.1016/j.corsci.2019.07.014,25.0,6.45,0.62,0.67,0.05,0.01
https://doi.org/10.1016/j.corsci.2019.07.003,20.4,5.980392156862745,0.6862745098039216,0.7549019607843137,0.0490196078431372,0.0392156862745098
https://doi.org/10.1016/j.corsci.2019.06.012,11.22222222222222,6.673267326732673,0.7128712871287128,0.8415841584158416,0.0891089108910891,0.0198019801980198
https://doi.org/10.1016/j.corsci.2019.108335,11.88888888888889,5.738317757009346,0.7102803738317757,0.616822429906542,0.0467289719626168,0.0093457943925233
https://doi.org/10.1016/j.corsci.2019.06.008,16.333333333333332,7.581632653061225,0.7142857142857143,0.7346938775510204,0.0204081632653061,0.0306122448979591
https://doi.org/10.1016/j.corsci.2019.04.037,22.6,7.530973451327434,0.7433628318584071,0.6548672566371682,0.0707964601769911,0.0176991150442477
https://doi.org/10.1016/j.corsci.2019.108234,15.0,6.742857142857143,0.6666666666666666,0.780952380952381,0.0476190476190476,0.019047619047619
https://doi.org/10.1016/j.corsci.2019.01.029,22.857142857142858,6.8125,0.6375,0.65625,0.04375,0.01875
https://doi.org/10.1016/j.corsci.2019.02.016,14.285714285714286,7.06,0.66,0.77,0.04,0.0
https://doi.org/10.1016/j.corsci.2019.02.017,13.428571428571429,6.712765957446808,0.648936170212766,0.7127659574468085,0.0212765957446808,0.0212765957446808
https://doi.org/10.1016/j.corsci.2019.108293,26.5,6.462264150943396,0.6792452830188679,0.7358490566037735,0.0566037735849056,0.0094339622641509
https://doi.org/10.1016/j.corsci.2019.01.038,23.5,6.01063829787234,0.7021276595744681,0.8085106382978723,0.0425531914893617,0.0
https://doi.org/10.1016/j.corsci.2019.108332,32.333333333333336,6.824742268041237,0.6804123711340206,0.7731958762886598,0.0309278350515463,0.0206185567010309
https://doi.org/10.1002/maco.201910792,18.444444444444443,6.753012048192771,0.6566265060240963,0.6385542168674698,0.0602409638554216,0.0120481927710843
https://doi.org/10.1002/maco.201911150,28.166666666666668,6.650887573964497,0.6627218934911243,0.5088757396449705,0.0532544378698224,0.0236686390532544
https://doi.org/10.1002/maco.201810652,25.0,6.486666666666666,0.6866666666666666,0.6533333333333333,0.0133333333333333,0.0333333333333333
https://doi.org/10.1002/maco.201911357,15.5,6.978494623655914,0.7204301075268817,0.7526881720430108,0.064516129032258,0.0
https://doi.org/10.1002/maco.201910847,21.428571428571427,7.233333333333333,0.64,0.5266666666666666,0.0333333333333333,0.0066666666666666
https://doi.org/10.1002/maco.201911010,6.9523809523809526,5.739726027397261,0.6506849315068494,0.6232876712328768,0.0273972602739726,0.0136986301369863
https://doi.org/10.1002/maco.201910777,17.4,6.586206896551724,0.6436781609195402,0.7011494252873564,0.0344827586206896,0.0229885057471264
https://doi.org/10.1002/maco.201911340,25.166666666666668,6.801324503311259,0.6688741721854304,0.6423841059602649,0.0397350993377483,0.0132450331125827
https://doi.org/10.1002/maco.201810648,14.77777777777778,7.225563909774436,0.706766917293233,0.6466165413533834,0.0451127819548872,0.0075187969924812
https://doi.org/10.1002/maco.201910890,25.25,7.435643564356436,0.7227722772277227,0.7128712871287128,0.0495049504950495,0.0198019801980198
https://doi.org/10.1002/maco.201911171,20.75,7.457831325301205,0.7590361445783133,0.7469879518072289,0.0602409638554216,0.0120481927710843
https://doi.org/10.1002/maco.201810360,17.333333333333332,6.461538461538462,0.6602564102564102,0.6282051282051282,0.0448717948717948,0.0064102564102564
https://doi.org/10.1002/maco.201810638,24.0,6.590277777777778,0.6736111111111112,0.7152777777777778,0.0208333333333333,0.0277777777777777
https://doi.org/10.1002/maco.201810655,24.142857142857142,6.763313609467455,0.7396449704142012,0.5680473372781065,0.0236686390532544,0.0059171597633136
https://doi.org/10.1002/maco.201910845,12.625,5.99009900990099,0.7029702970297029,0.7128712871287128,0.0297029702970297,0.0198019801980198
https://doi.org/10.1002/maco.201810667,19.285714285714285,7.051851851851852,0.725925925925926,0.674074074074074,0.0296296296296296,0.0074074074074074
https://doi.org/10.1002/maco.201810715,22.2,6.711711711711712,0.6801801801801802,0.536036036036036,0.0225225225225225,0.009009009009009
https://doi.org/10.1002/maco.201911049,27.2,6.5,0.6691176470588235,0.6838235294117647,0.0367647058823529,0.0147058823529411
https://doi.org/10.1002/maco.201911022,25.285714285714285,6.706214689265536,0.6949152542372882,0.4632768361581921,0.03954802259887,0.0169491525423728
https://doi.org/10.1002/maco.201911065,14.285714285714286,7.18,0.72,0.82,0.03,0.01
https://doi.org/10.1002/maco.201911224,27.83333333333333,7.107784431137724,0.6706586826347305,0.5748502994011976,0.0179640718562874,0.0239520958083832
https://doi.org/10.1002/maco.201911335,19.625,6.764331210191083,0.6687898089171974,0.554140127388535,0.0636942675159235,0.019108280254777
https://doi.org/10.1002/maco.201810570,17.333333333333332,7.269230769230769,0.7019230769230769,0.6923076923076923,0.0673076923076923,0.0288461538461538
https://doi.org/10.1002/maco.201810666,21.5,6.441860465116279,0.6434108527131783,0.6434108527131783,0.0387596899224806,0.0155038759689922
https://doi.org/10.1002/maco.201810620,28.571428571428573,6.045,0.72,0.62,0.03,0.015
https://doi.org/10.1002/maco.201810751,18.4,6.315217391304348,0.6793478260869565,0.625,0.0271739130434782,0.0380434782608695
https://doi.org/10.1002/maco.201911353,9.590909090909092,5.654028436018957,0.7156398104265402,0.5213270142180095,0.0568720379146919,0.0236966824644549
https://doi.org/10.1002/maco.201810700,13.125,7.2,0.7333333333333333,0.7523809523809524,0.0476190476190476,0.019047619047619
https://doi.org/10.1002/maco.201911270,19.88888888888889,6.407821229050279,0.7150837988826816,0.6424581005586593,0.0391061452513966,0.0
https://doi.org/10.1002/maco.201911323,25.2,6.634920634920635,0.6428571428571429,0.6190476190476191,0.0317460317460317,0.0158730158730158
https://doi.org/10.1002/maco.201810653,11.22222222222222,7.158415841584159,0.7821782178217822,0.8118811881188119,0.0396039603960396,0.0495049504950495
https://doi.org/10.1002/maco.201911101,22.375,6.893854748603352,0.6536312849162011,0.6089385474860335,0.0391061452513966,0.0223463687150838
https://doi.org/10.1002/maco.201910887,22.125,6.655367231638418,0.6666666666666666,0.6045197740112994,0.03954802259887,0.0112994350282485
https://doi.org/10.1002/maco.201911336,11.8,6.435028248587571,0.6271186440677966,0.615819209039548,0.03954802259887,0.0056497175141242
https://doi.org/10.1002/maco.201911250,24.666666666666668,6.783783783783784,0.6621621621621622,0.6554054054054054,0.0202702702702702,0.0202702702702702
https://doi.org/10.1002/maco.201810618,22.375,6.793296089385475,0.6871508379888268,0.5865921787709497,0.0223463687150838,0.0167597765363128
https://doi.org/10.1002/maco.201911100,16.357142857142858,7.065502183406114,0.6855895196506551,0.5458515283842795,0.0655021834061135,0.0043668122270742
https://doi.org/10.1002/maco.201911338,21.0,6.73469387755102,0.5986394557823129,0.6666666666666666,0.0544217687074829,0.0408163265306122
https://doi.org/10.1002/maco.201910937,20.5,6.853658536585366,0.6707317073170732,0.5853658536585366,0.048780487804878,0.024390243902439
https://doi.org/10.1002/maco.201911000,19.25,6.974025974025974,0.6363636363636364,0.7272727272727273,0.0519480519480519,0.0129870129870129
https://doi.org/10.1002/maco.201911196,29.25,6.504273504273504,0.6239316239316239,0.5641025641025641,0.0427350427350427,0.0341880341880341
https://doi.org/10.1002/maco.201911329,19.9,6.291457286432161,0.6030150753768844,0.5025125628140703,0.0452261306532663,0.0100502512562814
https://doi.org/10.1002/maco.201910962,21.375,7.12280701754386,0.6432748538011696,0.6198830409356725,0.0409356725146198,0.0409356725146198
https://doi.org/10.1002/maco.201911057,31.83333333333333,6.74869109947644,0.6963350785340314,0.6230366492146597,0.0418848167539267,0.0104712041884816
https://doi.org/10.1002/maco.201911185,23.25,7.043010752688172,0.6720430107526881,0.5483870967741935,0.0591397849462365,0.010752688172043
https://doi.org/10.1002/maco.201911154,17.571428571428573,6.829268292682927,0.6666666666666666,0.5691056910569106,0.056910569105691,0.016260162601626
https://doi.org/10.1002/maco.201911135,21.2,6.59433962264151,0.6132075471698113,0.6037735849056604,0.0566037735849056,0.0377358490566037
https://doi.org/10.1002/maco.201810576,24.0,7.005952380952381,0.6428571428571429,0.5476190476190477,0.0357142857142857,0.0059523809523809
https://doi.org/10.1002/maco.201910816,17.6,6.045454545454546,0.6022727272727273,0.6363636363636364,0.0568181818181818,0.0
https://doi.org/10.1002/maco.201910883,22.55555555555556,6.807881773399015,0.6945812807881774,0.5911330049261084,0.0492610837438423,0.0098522167487684
https://doi.org/10.1002/maco.201911155,21.444444444444443,6.077720207253886,0.6476683937823834,0.6062176165803109,0.0466321243523316,0.0207253886010362
https://doi.org/10.1002/maco.201911223,26.5,6.443396226415095,0.6415094339622641,0.6981132075471698,0.0377358490566037,0.0283018867924528
https://doi.org/10.1002/maco.201810451,12.727272727272728,5.928571428571429,0.6357142857142857,0.5714285714285714,0.0357142857142857,0.0
https://doi.org/10.1002/maco.201910797,22.714285714285715,6.276729559748428,0.7421383647798742,0.6163522012578616,0.0314465408805031,0.0188679245283018
https://doi.org/10.1002/maco.201911369,22.0,6.097402597402597,0.7207792207792207,0.6233766233766234,0.0584415584415584,0.0064935064935064
https://doi.org/10.1002/maco.201810701,26.571428571428573,6.397849462365591,0.6344086021505376,0.4838709677419355,0.0161290322580645,0.010752688172043
https://doi.org/10.1002/maco.201911017,29.8,6.026845637583893,0.6912751677852349,0.5570469798657718,0.0536912751677852,0.0201342281879194
https://doi.org/10.1002/maco.201911068,17.727272727272727,6.282051282051282,0.6256410256410256,0.5128205128205128,0.0205128205128205,0.0051282051282051
https://doi.org/10.1002/maco.201810210,16.8,6.892857142857143,0.6130952380952381,0.6190476190476191,0.0535714285714285,0.0178571428571428
https://doi.org/10.1002/maco.201810764,21.666666666666668,6.7384615384615385,0.6256410256410256,0.6615384615384615,0.0461538461538461,0.0307692307692307
https://doi.org/10.1002/maco.201810675,18.454545454545453,5.876847290640394,0.6699507389162561,0.5467980295566502,0.0443349753694581,0.0295566502463054
https://doi.org/10.1002/maco.201910801,22.33333333333333,7.335820895522388,0.664179104477612,0.6716417910447762,0.044776119402985,0.0149253731343283
https://doi.org/10.1002/maco.201910940,11.36842105263158,6.097222222222222,0.625,0.5370370370370371,0.0231481481481481,0.0046296296296296
https://doi.org/10.1002/maco.201810549,16.142857142857142,7.389380530973451,0.7079646017699115,0.7168141592920354,0.0530973451327433,0.0176991150442477
https://doi.org/10.1002/maco.201910963,19.444444444444443,6.56,0.6971428571428572,0.5485714285714286,0.0514285714285714,0.0057142857142857
https://doi.org/10.1002/maco.201911193,18.2,6.626373626373627,0.6978021978021978,0.6538461538461539,0.0549450549450549,0.0109890109890109
https://doi.org/10.1002/maco.201911337,18.88888888888889,6.641176470588236,0.711764705882353,0.5764705882352941,0.0411764705882352,0.0058823529411764
https://doi.org/10.1002/maco.201911384,28.83333333333333,6.699421965317919,0.6358381502890174,0.5375722543352601,0.0289017341040462,0.0057803468208092
https://doi.org/10.1002/maco.201911375,11.0,6.054545454545455,0.7181818181818181,0.5363636363636364,0.0272727272727272,0.0272727272727272
https://doi.org/10.1002/maco.201911123,19.2,7.84375,0.6770833333333334,0.75,0.0416666666666666,0.0208333333333333
https://doi.org/10.1002/maco.201911108,16.636363636363637,6.459016393442623,0.6939890710382514,0.5628415300546448,0.0437158469945355,0.0109289617486338
https://doi.org/10.1002/maco.201911137,15.0,7.166666666666667,0.7083333333333334,0.7666666666666667,0.05,0.0166666666666666
https://doi.org/10.1002/maco.201910807,33.333333333333336,6.22,0.65,0.62,0.05,0.01
https://doi.org/10.1002/maco.201910872,15.5,6.612903225806452,0.6666666666666666,0.6021505376344086,0.075268817204301,0.0
https://doi.org/10.1002/maco.201910995,27.666666666666668,7.379518072289157,0.6927710843373494,0.6566265060240963,0.0481927710843373,0.0120481927710843
https://doi.org/10.1002/maco.201910896,20.875,6.646706586826348,0.6227544910179641,0.6107784431137725,0.029940119760479,0.0179640718562874
https://doi.org/10.1002/maco.201810753,22.375,6.653631284916201,0.6983240223463687,0.5586592178770949,0.0502793296089385,0.0111731843575419
https://doi.org/10.1002/maco.201910893,13.090909090909092,6.090277777777778,0.6111111111111112,0.6736111111111112,0.0277777777777777,0.0277777777777777
https://doi.org/10.1002/maco.201910810,23.428571428571427,7.189024390243903,0.7012195121951219,0.6402439024390244,0.0548780487804878,0.0
https://doi.org/10.1002/maco.201911104,21.714285714285715,6.532894736842105,0.6118421052631579,0.4473684210526316,0.0263157894736842,0.0394736842105263
https://doi.org/10.1002/maco.201810663,30.33333333333333,6.467032967032967,0.6153846153846154,0.510989010989011,0.0274725274725274,0.0219780219780219
https://doi.org/10.1002/maco.201810695,20.11111111111111,6.640883977900552,0.7071823204419889,0.6685082872928176,0.0220994475138121,0.011049723756906
https://doi.org/10.1002/maco.201911084,17.75,6.732394366197183,0.7183098591549296,0.676056338028169,0.0704225352112676,0.0140845070422535
https://doi.org/10.1002/maco.201910869,7.411764705882353,7.03968253968254,0.6904761904761905,0.6507936507936508,0.0634920634920634,0.0079365079365079
https://doi.org/10.1002/maco.201810744,24.0,6.347222222222222,0.6319444444444444,0.6388888888888888,0.0347222222222222,0.0138888888888888
https://doi.org/10.1002/maco.201911219,26.5,6.334905660377358,0.6320754716981132,0.419811320754717,0.0518867924528301,0.0047169811320754
https://doi.org/10.1002/maco.201911346,20.75,5.487951807228916,0.6686746987951807,0.4939759036144578,0.0301204819277108,0.0120481927710843
https://doi.org/10.1002/maco.201810696,24.0,7.152777777777778,0.6527777777777778,0.6666666666666666,0.0555555555555555,0.0555555555555555
https://doi.org/10.1002/maco.201810645,14.833333333333334,6.48314606741573,0.6179775280898876,0.5730337078651685,0.0224719101123595,0.0112359550561797
https://doi.org/10.1002/maco.201810524,22.714285714285715,7.238993710691824,0.7547169811320755,0.6226415094339622,0.0440251572327044,0.0188679245283018
https://doi.org/10.1002/maco.201910928,34.0,7.279411764705882,0.6985294117647058,0.5588235294117647,0.0294117647058823,0.0220588235294117
https://doi.org/10.1002/maco.201910892,15.545454545454543,6.824561403508772,0.7134502923976608,0.6081871345029239,0.0643274853801169,0.0175438596491228
https://doi.org/10.1002/maco.201911235,24.0,6.265625,0.7135416666666666,0.6145833333333334,0.03125,0.03125
https://doi.org/10.1002/maco.201911304,24.75,6.686868686868687,0.6767676767676768,0.6868686868686869,0.0707070707070707,0.0101010101010101
https://doi.org/10.1002/maco.201911362,16.133333333333333,5.3429752066115705,0.7107438016528925,0.5082644628099173,0.024793388429752,0.012396694214876
https://doi.org/10.1002/maco.201810577,14.692307692307692,6.5863874345549736,0.7643979057591623,0.6910994764397905,0.0575916230366492,0.0471204188481675
https://doi.org/10.1002/maco.201910955,20.83333333333333,6.368,0.688,0.688,0.04,0.008
https://doi.org/10.1002/maco.201910932,20.666666666666668,6.806451612903226,0.6612903225806451,0.7258064516129032,0.1451612903225806,0.0161290322580645
https://doi.org/10.1002/maco.201810762,22.428571428571427,6.993630573248407,0.732484076433121,0.7261146496815286,0.0318471337579617,0.0318471337579617
https://doi.org/10.1002/maco.201810247,21.5,5.930232558139535,0.7054263565891473,0.5503875968992248,0.0232558139534883,0.0077519379844961
https://doi.org/10.1002/maco.201810509,22.857142857142858,6.875,0.69375,0.65625,0.0375,0.01875
https://doi.org/10.1002/maco.201910834,21.428571428571427,6.68,0.68,0.6066666666666667,0.0466666666666666,0.02
https://doi.org/10.1002/maco.201910874,18.25,7.171232876712328,0.7191780821917808,0.6232876712328768,0.047945205479452,0.0
https://doi.org/10.1002/maco.201910842,17.625,7.652482269503546,0.723404255319149,0.6808510638297872,0.0283687943262411,0.0212765957446808
https://doi.org/10.1002/maco.201911166,15.666666666666666,6.377659574468085,0.6276595744680851,0.6170212765957447,0.0212765957446808,0.0159574468085106
https://doi.org/10.1002/maco.201911225,16.3,6.791411042944786,0.6503067484662577,0.6012269938650306,0.0429447852760736,0.0552147239263803
https://doi.org/10.1002/maco.201810768,26.285714285714285,6.5,0.6195652173913043,0.5434782608695652,0.0380434782608695,0.0217391304347826
https://doi.org/10.1002/maco.201810626,20.0,6.39,0.62,0.59,0.05,0.01
https://doi.org/10.1002/maco.201910873,25.375,6.975369458128079,0.6798029556650246,0.5812807881773399,0.0443349753694581,0.0197044334975369
https://doi.org/10.1002/maco.201910906,27.625,6.610859728506787,0.6380090497737556,0.6380090497737556,0.0135746606334841,0.0316742081447963
https://doi.org/10.1002/maco.201911091,22.666666666666668,6.227941176470588,0.6764705882352942,0.6617647058823529,0.0367647058823529,0.0147058823529411
https://doi.org/10.1002/maco.201810593,11.0625,5.152542372881356,0.672316384180791,0.5819209039548022,0.0225988700564971,0.0056497175141242
https://doi.org/10.1002/maco.201910802,20.0,7.158333333333333,0.7083333333333334,0.7,0.0583333333333333,0.025
https://doi.org/10.1002/maco.201911174,19.6,6.448979591836735,0.6989795918367347,0.5459183673469388,0.0255102040816326,0.0051020408163265
https://doi.org/10.1002/maco.201911116,12.666666666666666,6.147368421052631,0.6789473684210526,0.7368421052631579,0.0105263157894736,0.0157894736842105
https://doi.org/10.1002/maco.201911053,23.875,6.225130890052356,0.6073298429319371,0.5445026178010471,0.0209424083769633,0.0157068062827225
https://doi.org/10.1002/maco.201911191,28.666666666666668,6.883720930232558,0.6337209302325582,0.5174418604651163,0.0523255813953488,0.005813953488372
https://doi.org/10.1002/maco.201810392,21.125,6.798816568047338,0.7041420118343196,0.6094674556213018,0.0118343195266272,0.0118343195266272
https://doi.org/10.1002/maco.201810599,13.444444444444445,6.066115702479339,0.6694214876033058,0.5950413223140496,0.0413223140495867,0.024793388429752
https://doi.org/10.1002/maco.201911078,25.285714285714285,6.576271186440678,0.6497175141242938,0.6101694915254238,0.03954802259887,0.0225988700564971
https://doi.org/10.1002/maco.201910975,20.6,6.427184466019417,0.6699029126213593,0.6019417475728155,0.058252427184466,0.0
https://doi.org/10.1002/maco.201910826,28.8,7.173611111111111,0.6805555555555556,0.6180555555555556,0.0208333333333333,0.0208333333333333
https://doi.org/10.1002/maco.201910884,12.833333333333334,6.9480519480519485,0.7142857142857143,0.7922077922077922,0.0389610389610389,0.0259740259740259
https://doi.org/10.1002/maco.201911192,19.2,6.885416666666667,0.6458333333333334,0.6770833333333334,0.0520833333333333,0.0208333333333333
https://doi.org/10.1002/maco.201910809,23.0,6.9813664596273295,0.6211180124223602,0.6832298136645962,0.0372670807453416,0.0124223602484472
https://doi.org/10.1002/maco.201911265,27.285714285714285,6.146596858638744,0.6492146596858639,0.5340314136125655,0.0209424083769633,0.0052356020942408
https://doi.org/10.1002/maco.201910961,20.1,6.925373134328358,0.6965174129353234,0.5970149253731343,0.044776119402985,0.0199004975124378
https://doi.org/10.1002/maco.201911035,23.125,6.437837837837838,0.6432432432432432,0.5891891891891892,0.0216216216216216,0.0216216216216216
https://doi.org/10.1002/maco.201911048,18.77777777777778,6.769230769230769,0.6686390532544378,0.6390532544378699,0.029585798816568,0.0118343195266272
https://doi.org/10.1002/maco.201911018,15.857142857142858,6.657657657657658,0.6306306306306306,0.6486486486486487,0.063063063063063,0.0
https://doi.org/10.1002/maco.201810720,16.0,6.743055555555555,0.7083333333333334,0.6319444444444444,0.0277777777777777,0.0138888888888888
https://doi.org/10.1002/maco.201810766,15.1,6.814569536423841,0.6754966887417219,0.5629139072847682,0.0198675496688741,0.0198675496688741
https://doi.org/10.1002/maco.201810640,23.55555555555556,5.523584905660377,0.6132075471698113,0.5518867924528302,0.0330188679245283,0.0141509433962264
https://doi.org/10.1002/maco.201910950,26.428571428571427,7.086486486486487,0.6432432432432432,0.5243243243243243,0.027027027027027,0.0054054054054054
https://doi.org/10.1002/maco.201910959,9.555555555555555,6.633720930232558,0.7616279069767442,0.622093023255814,0.0290697674418604,0.0290697674418604
https://doi.org/10.1002/maco.201911146,16.375,7.206106870229007,0.7175572519083969,0.6335877862595419,0.0229007633587786,0.015267175572519
https://doi.org/10.1002/maco.201810417,21.375,6.871345029239766,0.6549707602339181,0.6491228070175439,0.0467836257309941,0.0175438596491228
https://doi.org/10.1002/maco.201911109,21.22222222222222,6.607329842931938,0.6544502617801047,0.6282722513089005,0.0209424083769633,0.0209424083769633
https://doi.org/10.1002/maco.201911274,20.55555555555556,6.621621621621622,0.6486486486486487,0.6702702702702703,0.0324324324324324,0.0216216216216216
https://doi.org/10.1002/maco.201911052,26.714285714285715,5.839572192513369,0.6737967914438503,0.5454545454545454,0.0427807486631016,0.0160427807486631
https://doi.org/10.1002/maco.201810658,23.571428571428573,6.333333333333333,0.7393939393939394,0.593939393939394,0.0303030303030303,0.0181818181818181
https://doi.org/10.1002/maco.201911051,12.307692307692308,6.45,0.725,0.59375,0.0375,0.0125
https://doi.org/10.1002/maco.201910974,27.6,6.2898550724637685,0.6811594202898551,0.572463768115942,0.0507246376811594,0.0
https://doi.org/10.1002/maco.201810717,21.5,6.8895348837209305,0.7441860465116279,0.5174418604651163,0.0290697674418604,0.005813953488372
https://doi.org/10.1002/maco.201810567,15.6,6.185897435897436,0.7243589743589743,0.6282051282051282,0.0192307692307692,0.0128205128205128
https://doi.org/10.1002/maco.201910934,21.285714285714285,6.724832214765101,0.6644295302013423,0.5771812080536913,0.0402684563758389,0.0067114093959731
https://doi.org/10.1002/maco.201911183,32.8,6.4817073170731705,0.6463414634146342,0.5487804878048781,0.0609756097560975,0.0182926829268292
https://doi.org/10.1002/maco.201911121,24.5,6.198979591836735,0.6326530612244898,0.6224489795918368,0.0255102040816326,0.0153061224489795
https://doi.org/10.1002/maco.201810579,18.0,6.222222222222222,0.7129629629629629,0.7407407407407407,0.0185185185185185,0.037037037037037
https://doi.org/10.1002/maco.201810643,34.166666666666664,5.824390243902439,0.6390243902439025,0.5560975609756098,0.0146341463414634,0.0048780487804878
https://doi.org/10.1002/maco.201810644,24.571428571428573,6.959302325581396,0.6627906976744186,0.6337209302325582,0.0406976744186046,0.0
https://doi.org/10.1002/maco.201911044,24.285714285714285,7.023529411764706,0.6882352941176471,0.5705882352941176,0.0294117647058823,0.0352941176470588
https://doi.org/10.1002/maco.201911257,11.863636363636363,5.969348659003831,0.6666666666666666,0.5632183908045977,0.0191570881226053,0.0114942528735632
https://doi.org/10.1002/maco.201810685,26.666666666666668,6.01875,0.65625,0.575,0.04375,0.00625
https://doi.org/10.1002/maco.201910799,21.0,6.869047619047619,0.6666666666666666,0.6071428571428571,0.0178571428571428,0.0178571428571428
https://doi.org/10.1002/maco.201910808,17.3,6.4508670520231215,0.6820809248554913,0.6589595375722543,0.0231213872832369,0.0173410404624277
https://doi.org/10.1002/maco.201910971,20.25,6.432098765432099,0.6625514403292181,0.6131687242798354,0.037037037037037,0.0164609053497942
https://doi.org/10.1002/maco.201910773,21.0,6.279761904761905,0.6904761904761905,0.5952380952380952,0.0654761904761904,0.0059523809523809
https://doi.org/10.1002/maco.201810650,26.125,5.578947368421052,0.6746411483253588,0.5933014354066986,0.0191387559808612,0.0191387559808612
https://doi.org/10.1002/maco.201910794,25.2,5.690476190476191,0.6904761904761905,0.5238095238095238,0.0158730158730158,0.0158730158730158
https://doi.org/10.1002/maco.201910941,34.5,6.927536231884058,0.7463768115942029,0.7391304347826086,0.0652173913043478,0.0217391304347826
https://doi.org/10.1002/maco.201911072,27.25,7.220183486238532,0.6513761467889908,0.7247706422018348,0.0458715596330275,0.0275229357798165
https://doi.org/10.1002/maco.201911339,16.714285714285715,6.965811965811966,0.7008547008547008,0.6752136752136753,0.0427350427350427,0.0085470085470085
https://doi.org/10.1002/maco.201810601,17.333333333333332,7.153846153846154,0.75,0.7307692307692307,0.0576923076923076,0.0384615384615384
https://doi.org/10.1002/maco.201810730,20.25,5.9753086419753085,0.7839506172839507,0.6111111111111112,0.0308641975308641,0.0123456790123456
https://doi.org/10.1002/maco.201910789,25.285714285714285,6.666666666666667,0.6101694915254238,0.536723163841808,0.0169491525423728,0.0225988700564971
https://doi.org/10.1002/maco.201910960,41.8,6.301435406698564,0.6698564593301436,0.4880382775119617,0.0239234449760765,0.0047846889952153
https://doi.org/10.1002/maco.201970011,16.5,6.484848484848484,0.696969696969697,0.9393939393939394,0.0909090909090909,0.0
https://doi.org/10.1002/maco.201910964,25.2,7.158730158730159,0.6428571428571429,0.7142857142857143,0.0238095238095238,0.0079365079365079
https://doi.org/10.1002/maco.201911388,10.941176470588236,6.462365591397849,0.6881720430107527,0.5483870967741935,0.053763440860215,0.010752688172043
https://doi.org/10.1002/maco.201810453,21.83333333333333,6.801526717557252,0.6717557251908397,0.5725190839694656,0.0229007633587786,0.015267175572519
https://doi.org/10.1002/maco.201910856,33.0,6.598484848484849,0.6136363636363636,0.6742424242424242,0.0454545454545454,0.0606060606060606
https://doi.org/10.1002/maco.201810706,20.444444444444443,6.641304347826087,0.6521739130434783,0.6684782608695652,0.0326086956521739,0.0163043478260869
https://doi.org/10.1002/maco.201810532,22.25,6.365168539325842,0.6460674157303371,0.6179775280898876,0.0393258426966292,0.0168539325842696
https://doi.org/10.1002/maco.201810632,36.16666666666666,6.502304147465438,0.7373271889400922,0.6221198156682027,0.0368663594470046,0.032258064516129
https://doi.org/10.1002/maco.201810574,19.5,6.756410256410256,0.6666666666666666,0.6794871794871795,0.0641025641025641,0.0
https://doi.org/10.1002/maco.201910916,16.11111111111111,6.86896551724138,0.696551724137931,0.6413793103448275,0.0206896551724137,0.0344827586206896
https://doi.org/10.1002/maco.201910821,18.90909090909091,6.706730769230769,0.6923076923076923,0.5,0.0288461538461538,0.0144230769230769
https://doi.org/10.1002/maco.201911144,22.142857142857142,7.251612903225807,0.7032258064516129,0.7290322580645161,0.0387096774193548,0.0193548387096774
https://doi.org/10.1002/maco.201911309,12.23076923076923,6.459119496855346,0.7169811320754716,0.5534591194968553,0.0566037735849056,0.0062893081761006
https://doi.org/10.1002/maco.201970067,27.0,6.37037037037037,0.6172839506172839,0.7407407407407407,0.0246913580246913,0.037037037037037
https://doi.org/10.1002/maco.201970021,11.6,6.068965517241379,0.6637931034482759,0.603448275862069,0.0775862068965517,0.0172413793103448
https://doi.org/10.1002/maco.201810630,18.363636363636363,6.410891089108911,0.6435643564356436,0.6089108910891089,0.0198019801980198,0.0148514851485148
https://doi.org/10.1002/maco.201911082,24.2,6.553719008264463,0.628099173553719,0.628099173553719,0.0165289256198347,0.0082644628099173
https://doi.org/10.1002/maco.201970034,20.4,6.754901960784314,0.6176470588235294,0.6176470588235294,0.0196078431372549,0.0196078431372549
https://doi.org/10.1002/maco.201970084,13.333333333333334,7.5625,0.775,0.85,0.025,0.0125
https://doi.org/10.1002/maco.201970041,16.333333333333332,6.653061224489796,0.7755102040816326,0.8571428571428571,0.0816326530612244,0.0
https://doi.org/10.1002/maco.201970031,16.285714285714285,7.184210526315789,0.7192982456140351,0.6929824561403509,0.0526315789473684,0.0263157894736842
https://doi.org/10.1002/maco.201970061,14.285714285714286,5.87,0.84,0.86,0.02,0.02
https://doi.org/10.1002/maco.201970081,34.0,6.0588235294117645,0.7352941176470589,0.8676470588235294,0.0735294117647058,0.0294117647058823
https://doi.org/10.1002/maco.201970101,22.25,5.820224719101123,0.7640449438202247,0.7415730337078652,0.0674157303370786,0.0337078651685393
https://doi.org/10.1002/maco.201970091,45.0,6.477777777777778,0.7,0.7666666666666667,0.0333333333333333,0.0444444444444444
https://doi.org/10.1002/maco.201970051,14.285714285714286,5.87,0.84,0.86,0.02,0.02
https://doi.org/10.1002/maco.201970121,17.666666666666668,7.0,0.7735849056603774,0.8679245283018868,0.0754716981132075,0.0566037735849056
https://doi.org/10.1002/maco.201970071,12.2,5.80327868852459,0.639344262295082,0.6557377049180327,0.0655737704918032,0.0
https://doi.org/10.1002/maco.201970128,27.0,6.074074074074074,0.7037037037037037,0.8888888888888888,0.0,0.0
https://doi.org/10.1108/acmm-11-2019-2215,23.6,6.403954802259887,0.6779661016949152,0.5225988700564972,0.0254237288135593,0.0112994350282485
https://doi.org/10.1108/acmm-11-2019-2204,23.5,7.069148936170213,0.6595744680851063,0.6117021276595744,0.0319148936170212,0.0106382978723404
https://doi.org/10.1108/acmm-02-2020-2260,19.6,7.464285714285714,0.6581632653061225,0.4387755102040816,0.0204081632653061,0.010204081632653
https://doi.org/10.1108/acmm-06-2019-2136,33.888888888888886,6.518032786885246,0.6819672131147541,0.4098360655737705,0.0360655737704918,0.0131147540983606
https://doi.org/10.1108/acmm-07-2019-2157,22.33333333333333,6.649253731343284,0.6417910447761194,0.4925373134328358,0.0485074626865671,0.0074626865671641
https://doi.org/10.1108/acmm-10-2019-2190,26.272727272727277,6.591695501730104,0.6851211072664359,0.4844290657439446,0.0103806228373702,0.0103806228373702
https://doi.org/10.1108/acmm-10-2019-2200,26.857142857142858,7.579787234042553,0.7021276595744681,0.6276595744680851,0.0159574468085106,0.0212765957446808
https://doi.org/10.1108/acmm-01-2020-2247,21.88888888888889,7.01522842639594,0.7309644670050761,0.4771573604060913,0.0406091370558375,0.0101522842639593
https://doi.org/10.1108/acmm-12-2019-2234,19.923076923076923,6.652509652509653,0.6872586872586872,0.4864864864864865,0.0231660231660231,0.0115830115830115
https://doi.org/10.1108/acmm-02-2020-2263,18.294117647058822,7.080385852090032,0.7170418006430869,0.4855305466237942,0.0257234726688102,0.0160771704180064
https://doi.org/10.1108/acmm-10-2018-2025,17.0,6.771241830065359,0.6535947712418301,0.5686274509803921,0.065359477124183,0.0196078431372549
https://doi.org/10.1108/acmm-10-2019-2197,16.6,6.626506024096385,0.6907630522088354,0.4698795180722891,0.0240963855421686,0.0080321285140562
https://doi.org/10.1108/acmm-08-2019-2163,19.5,6.435897435897436,0.6996336996336996,0.5347985347985348,0.0219780219780219,0.0146520146520146
https://doi.org/10.1108/acmm-02-2020-2262,16.357142857142858,6.829694323144105,0.6899563318777293,0.5545851528384279,0.0436681222707423,0.0174672489082969
https://doi.org/10.1108/acmm-12-2019-2222,28.166666666666668,6.633136094674557,0.6153846153846154,0.591715976331361,0.029585798816568,0.0177514792899408
https://doi.org/10.1108/acmm-05-2020-2312,18.76923076923077,6.266393442622951,0.6229508196721312,0.5491803278688525,0.040983606557377,0.0245901639344262
https://doi.org/10.1108/acmm-09-2019-2178,23.0,6.695652173913044,0.6739130434782609,0.5652173913043478,0.0434782608695652,0.0326086956521739
https://doi.org/10.1108/acmm-12-2019-2228,23.11111111111111,7.384615384615385,0.6730769230769231,0.4759615384615384,0.0288461538461538,0.0240384615384615
https://doi.org/10.1108/acmm-06-2020-2318,22.4,6.366071428571429,0.6428571428571429,0.4136904761904761,0.0119047619047619,0.0178571428571428
https://doi.org/10.1108/acmm-05-2020-2305,20.25,7.358024691358024,0.7160493827160493,0.6111111111111112,0.0555555555555555,0.0185185185185185
https://doi.org/10.1108/acmm-02-2020-2258,24.375,6.656410256410257,0.6461538461538462,0.4769230769230769,0.0256410256410256,0.0205128205128205
https://doi.org/10.1108/acmm-07-2019-2161,27.22222222222222,7.375510204081633,0.7020408163265306,0.5795918367346938,0.0489795918367346,0.0204081632653061
https://doi.org/10.1108/acmm-05-2020-2306,19.166666666666668,6.6695652173913045,0.7043478260869566,0.5347826086956522,0.0521739130434782,0.0130434782608695
https://doi.org/10.1108/acmm-02-2020-2261,21.916666666666668,6.920152091254753,0.6121673003802282,0.5855513307984791,0.0342205323193916,0.0228136882129277
https://doi.org/10.1108/acmm-06-2019-2149,24.75,7.51010101010101,0.6919191919191919,0.5707070707070707,0.0151515151515151,0.0252525252525252
https://doi.org/10.1108/acmm-10-2018-2021,24.08333333333333,6.463667820069205,0.6505190311418685,0.4394463667820069,0.0380622837370242,0.0242214532871972
https://doi.org/10.1108/acmm-10-2019-2189,11.894736842105264,6.491150442477876,0.6946902654867256,0.5619469026548672,0.0132743362831858,0.0221238938053097
https://doi.org/10.1108/acmm-05-2019-2120,14.166666666666666,6.805882352941176,0.6705882352941176,0.5470588235294118,0.0352941176470588,0.0117647058823529
https://doi.org/10.1108/acmm-01-2020-2254,35.4,5.457627118644068,0.672316384180791,0.4519774011299435,0.0169491525423728,0.0169491525423728
https://doi.org/10.1108/acmm-12-2019-2235,13.22222222222222,7.773109243697479,0.680672268907563,0.7478991596638656,0.0168067226890756,0.0252100840336134
https://doi.org/10.1108/acmm-11-2019-2216,21.75,7.160919540229885,0.6781609195402298,0.5172413793103449,0.028735632183908,0.0229885057471264
https://doi.org/10.1108/acmm-11-2019-2210,15.342857142857143,5.95903165735568,0.6945996275605214,0.4934823091247672,0.0297951582867784,0.0111731843575419
https://doi.org/10.1108/acmm-05-2019-2122,21.3,7.183098591549296,0.6431924882629108,0.5446009389671361,0.0328638497652582,0.0187793427230046
https://doi.org/10.1108/acmm-06-2020-2324,13.0,6.8901098901098905,0.7087912087912088,0.5989010989010989,0.0329670329670329,0.0164835164835164
https://doi.org/10.1108/acmm-03-2020-2285,34.57142857142857,6.140495867768595,0.6611570247933884,0.3801652892561983,0.0206611570247933,0.0041322314049586
https://doi.org/10.1108/acmm-11-2019-2220,22.0,6.748251748251748,0.6363636363636364,0.4160839160839161,0.0419580419580419,0.0209790209790209
https://doi.org/10.1108/acmm-12-2019-2223,22.0,6.807692307692308,0.6748251748251748,0.493006993006993,0.0314685314685314,0.0139860139860139
https://doi.org/10.1108/acmm-03-2020-2269,28.7,6.407665505226481,0.686411149825784,0.3902439024390244,0.024390243902439,0.0174216027874564
https://doi.org/10.1108/acmm-12-2019-2237,28.8,7.270833333333333,0.6458333333333334,0.5208333333333334,0.0277777777777777,0.0208333333333333
https://doi.org/10.1108/acmm-04-2020-2296,17.571428571428573,6.585365853658536,0.6829268292682927,0.5609756097560976,0.032520325203252,0.016260162601626
https://doi.org/10.1108/acmm-09-2019-2175,25.454545454545453,6.121428571428571,0.7428571428571429,0.4142857142857143,0.0321428571428571,0.0071428571428571
https://doi.org/10.1108/acmm-04-2017-1787,20.5,6.853658536585366,0.6951219512195121,0.5365853658536586,0.032520325203252,0.0121951219512195
https://doi.org/10.1108/acmm-10-2019-2201,19.5,6.735042735042735,0.7521367521367521,0.5897435897435898,0.0427350427350427,0.0085470085470085
https://doi.org/10.1108/acmm-04-2020-2291,21.8,6.614678899082569,0.7064220183486238,0.5321100917431193,0.018348623853211,0.0045871559633027
https://doi.org/10.1108/acmm-11-2019-2211,22.23076923076923,6.86159169550173,0.6401384083044983,0.4117647058823529,0.0276816608996539,0.0207612456747404
https://doi.org/10.1108/acmm-04-2020-2298,19.46153846153846,5.972332015810276,0.7114624505928854,0.5889328063241107,0.0079051383399209,0.0276679841897233
https://doi.org/10.1108/acmm-07-2020-2343,16.333333333333332,6.8231292517006805,0.6802721088435374,0.5918367346938775,0.0476190476190476,0.0204081632653061
https://doi.org/10.1108/acmm-11-2019-2217,21.25,6.901960784313726,0.6509803921568628,0.6039215686274509,0.0156862745098039,0.0235294117647058
https://doi.org/10.1108/acmm-11-2019-2203,31.666666666666668,6.510526315789473,0.7105263157894737,0.531578947368421,0.0263157894736842,0.0263157894736842
https://doi.org/10.1108/acmm-06-2019-2147,19.692307692307693,6.453125,0.66015625,0.49609375,0.03515625,0.015625
https://doi.org/10.1108/acmm-11-2019-2209,23.75,7.073684210526316,0.6894736842105263,0.5789473684210527,0.0263157894736842,0.0157894736842105
https://doi.org/10.1108/acmm-10-2020-2383,22.454545454545453,7.109311740890688,0.6639676113360324,0.4939271255060729,0.0364372469635627,0.0364372469635627
https://doi.org/10.1108/acmm-09-2019-2184,12.73913043478261,6.283276450511946,0.7235494880546075,0.3924914675767918,0.0204778156996587,0.0068259385665529
https://doi.org/10.1108/acmm-07-2019-2159,18.666666666666668,6.982142857142857,0.75,0.7232142857142857,0.0267857142857142,0.0446428571428571
https://doi.org/10.1108/acmm-10-2019-2202,19.90909090909091,6.82648401826484,0.639269406392694,0.5662100456621004,0.0182648401826484,0.0228310502283105
https://doi.org/10.1108/acmm-10-2019-2194,22.875,6.797814207650274,0.6885245901639344,0.5901639344262295,0.0382513661202185,0.0437158469945355
https://doi.org/10.5006/3457,19.5,6.01025641025641,0.6923076923076923,0.5487179487179488,0.0256410256410256,0.0
https://doi.org/10.5006/3678,21.416666666666668,6.607003891050583,0.642023346303502,0.5214007782101168,0.0194552529182879,0.0116731517509727
https://doi.org/10.5006/3571,18.33333333333333,7.063636363636364,0.7454545454545455,0.7545454545454545,0.0454545454545454,0.009090909090909
https://doi.org/10.5006/3379,23.33333333333333,6.385714285714286,0.5785714285714286,0.5785714285714286,0.0214285714285714,0.0214285714285714
https://doi.org/10.5006/3474,28.5,6.608187134502924,0.6374269005847953,0.631578947368421,0.0292397660818713,0.0116959064327485
https://doi.org/10.5006/3513,24.375,7.146153846153847,0.658974358974359,0.5461538461538461,0.0153846153846153,0.0282051282051282
https://doi.org/10.5006/3430,15.909090909090908,7.468571428571429,0.6857142857142857,0.5771428571428572,0.0285714285714285,0.0342857142857142
https://doi.org/10.5006/3418,20.0,6.2,0.73,0.72,0.03,0.0
https://doi.org/10.5006/3679,27.33333333333333,6.804878048780488,0.6036585365853658,0.6097560975609756,0.0304878048780487,0.0548780487804878
https://doi.org/10.5006/3371,21.83333333333333,6.954198473282442,0.6564885496183206,0.648854961832061,0.0458015267175572,0.0076335877862595
https://doi.org/10.5006/3723,28.0,6.642857142857143,0.6071428571428571,0.7976190476190477,0.0595238095238095,0.0714285714285714
https://doi.org/10.5006/3348,13.5,6.444444444444445,0.6825396825396826,0.5873015873015873,0.0423280423280423,0.0158730158730158
https://doi.org/10.5006/3438,21.916666666666668,6.258555133079848,0.6121673003802282,0.494296577946768,0.026615969581749,0.0190114068441064
https://doi.org/10.5006/3569,23.714285714285715,6.753012048192771,0.6325301204819277,0.5753012048192772,0.0240963855421686,0.036144578313253
https://doi.org/10.5006/3610,29.8,6.523489932885906,0.6241610738255033,0.6577181208053692,0.0201342281879194,0.0268456375838926
https://doi.org/10.5006/3417,12.4,6.629032258064516,0.75,0.7661290322580645,0.0564516129032258,0.0161290322580645
https://doi.org/10.5006/3501,29.4,6.374149659863946,0.6462585034013606,0.6258503401360545,0.0408163265306122,0.0340136054421768
https://doi.org/10.5006/3642,22.285714285714285,6.474358974358975,0.6666666666666666,0.6666666666666666,0.0256410256410256,0.0064102564102564
https://doi.org/10.5006/3421,26.285714285714285,6.521739130434782,0.657608695652174,0.5597826086956522,0.0163043478260869,0.0163043478260869
https://doi.org/10.5006/3651,20.0,6.76875,0.69375,0.6375,0.05,0.00625
https://doi.org/10.5006/3510,21.90909090909091,6.6887966804979255,0.6721991701244814,0.5767634854771784,0.0290456431535269,0.0124481327800829
https://doi.org/10.5006/3289,22.75,7.373626373626373,0.6923076923076923,0.7252747252747253,0.0879120879120879,0.0109890109890109
https://doi.org/10.5006/3478,18.7,7.048128342245989,0.6577540106951871,0.5454545454545454,0.0481283422459893,0.0106951871657754
https://doi.org/10.5006/3384,23.4,6.739316239316239,0.6282051282051282,0.5470085470085471,0.017094017094017,0.0085470085470085
https://doi.org/10.5006/3485,18.714285714285715,6.984732824427481,0.7099236641221374,0.6564885496183206,0.0381679389312977,0.015267175572519
https://doi.org/10.5006/3583,23.75,6.859649122807017,0.6491228070175439,0.5263157894736842,0.0385964912280701,0.0175438596491228
https://doi.org/10.5006/3588,23.142857142857142,7.314814814814815,0.6975308641975309,0.6111111111111112,0.0246913580246913,0.0123456790123456
https://doi.org/10.5006/3472,23.0,6.652173913043479,0.6908212560386473,0.5797101449275363,0.0289855072463768,0.0144927536231884
https://doi.org/10.5006/3328,19.444444444444443,6.422857142857143,0.6571428571428571,0.5828571428571429,0.0628571428571428,0.0228571428571428
https://doi.org/10.5006/3597,28.75,6.982608695652174,0.6434782608695652,0.6695652173913044,0.017391304347826,0.0
https://doi.org/10.5006/3377,26.25,6.752380952380952,0.6952380952380952,0.6476190476190476,0.0476190476190476,0.019047619047619
https://doi.org/10.5006/3520,19.2,6.59375,0.6458333333333334,0.71875,0.03125,0.0520833333333333
https://doi.org/10.5006/3558,21.75,7.114942528735632,0.7471264367816092,0.6896551724137931,0.0689655172413793,0.0
https://doi.org/10.5006/3552,27.88888888888889,6.46215139442231,0.6374501992031872,0.49800796812749,0.0358565737051792,0.0159362549800796
https://doi.org/10.5006/3508,24.285714285714285,6.594117647058823,0.6705882352941176,0.5235294117647059,0.0235294117647058,0.0176470588235294
https://doi.org/10.5006/2813,19.666666666666668,6.47457627118644,0.6440677966101694,0.6016949152542372,0.0677966101694915,0.0
https://doi.org/10.5006/3632,25.33333333333333,6.828947368421052,0.7105263157894737,0.7236842105263158,0.0328947368421052,0.0328947368421052
https://doi.org/10.5006/3622,20.0,6.983333333333333,0.6888888888888889,0.5666666666666667,0.0277777777777777,0.0166666666666666
https://doi.org/10.5006/3564,14.6,6.123287671232877,0.6712328767123288,0.684931506849315,0.0342465753424657,0.0136986301369863
https://doi.org/10.5006/3659,24.4,6.348360655737705,0.6475409836065574,0.5163934426229508,0.0163934426229508,0.0040983606557377
https://doi.org/10.5006/3638,40.25,6.46583850931677,0.5962732919254659,0.5590062111801242,0.031055900621118,0.031055900621118
https://doi.org/10.5006/3707,17.11111111111111,6.824675324675325,0.6883116883116883,0.6753246753246753,0.0454545454545454,0.0194805194805194
https://doi.org/10.5006/2771,35.75,6.671328671328672,0.6993006993006993,0.7202797202797203,0.0349650349650349,0.0489510489510489
https://doi.org/10.5006/3532,33.333333333333336,7.21,0.67,0.72,0.03,0.02
https://doi.org/10.5006/3524,7.857142857142857,6.554545454545455,0.7,0.7,0.0363636363636363,0.0
https://doi.org/10.5006/3601,32.714285714285715,7.292576419213974,0.6986899563318777,0.537117903930131,0.0524017467248908,0.0218340611353711
https://doi.org/10.5006/3426,26.6,6.2631578947368425,0.6616541353383458,0.5864661654135338,0.037593984962406,0.0
https://doi.org/10.5006/3523,21.428571428571427,6.26,0.6533333333333333,0.5866666666666667,0.0333333333333333,0.0
https://doi.org/10.5006/3230,17.6,6.295454545454546,0.6534090909090909,0.6136363636363636,0.0568181818181818,0.0056818181818181
https://doi.org/10.5006/3607,30.0,6.511111111111111,0.6888888888888889,0.6555555555555556,0.0222222222222222,0.0333333333333333
https://doi.org/10.5006/3582,23.0,6.269565217391304,0.6347826086956522,0.5478260869565217,0.0391304347826087,0.0130434782608695
https://doi.org/10.5006/3423,24.33333333333333,6.465753424657534,0.6118721461187214,0.6073059360730594,0.0365296803652968,0.0045662100456621
https://doi.org/10.5006/3504,17.833333333333332,6.644859813084112,0.6635514018691588,0.4859813084112149,0.0186915887850467,0.0093457943925233
https://doi.org/10.5006/3408,21.285714285714285,5.946308724832215,0.6241610738255033,0.4832214765100671,0.046979865771812,0.0067114093959731
https://doi.org/10.5006/3353,31.9,7.12539184952978,0.6363636363636364,0.5109717868338558,0.0282131661442006,0.0094043887147335
https://doi.org/10.5006/3373,18.58333333333333,7.174887892376682,0.6860986547085202,0.5874439461883408,0.0313901345291479,0.0044843049327354
https://doi.org/10.5006/3467,33.166666666666664,6.376884422110553,0.6180904522613065,0.5527638190954773,0.0351758793969849,0.0201005025125628
https://doi.org/10.5006/3560,13.857142857142858,7.092783505154639,0.6494845360824743,0.6082474226804123,0.0309278350515463,0.0412371134020618
https://doi.org/10.5006/3516,24.625,7.137055837563452,0.6802030456852792,0.5989847715736041,0.0609137055837563,0.015228426395939
https://doi.org/10.5006/3625,27.166666666666668,6.889570552147239,0.6625766871165644,0.6503067484662577,0.0613496932515337,0.0122699386503067
https://doi.org/10.5006/3672,13.785714285714286,5.813471502590674,0.6787564766839378,0.4455958549222797,0.0414507772020725,0.0
https://doi.org/10.5006/3606,22.8,6.87719298245614,0.6491228070175439,0.6666666666666666,0.0263157894736842,0.0175438596491228
https://doi.org/10.5006/3624,17.0,6.686274509803922,0.696078431372549,0.6225490196078431,0.034313725490196,0.0245098039215686
https://doi.org/10.5006/3414,19.714285714285715,6.833333333333333,0.7028985507246377,0.6304347826086957,0.036231884057971,0.0652173913043478
https://doi.org/10.5006/3551,17.5,6.714285714285714,0.638095238095238,0.7333333333333333,0.0285714285714285,0.0095238095238095
https://doi.org/10.5006/3633,19.11111111111111,6.261627906976744,0.6686046511627907,0.6569767441860465,0.0232558139534883,0.0174418604651162
https://doi.org/10.5006/3534,27.4,6.262773722627737,0.6204379562043796,0.6277372262773723,0.0145985401459854,0.0145985401459854
https://doi.org/10.5006/3515,18.84210526315789,6.06145251396648,0.6256983240223464,0.4664804469273743,0.0279329608938547,0.0167597765363128
https://doi.org/10.5006/3492,20.3,6.955665024630542,0.6551724137931034,0.6748768472906403,0.0344827586206896,0.0246305418719211
https://doi.org/10.5006/3653,29.4,7.136054421768708,0.7074829931972789,0.7210884353741497,0.0680272108843537,0.0204081632653061
https://doi.org/10.5006/3634,14.22222222222222,6.9765625,0.6953125,0.671875,0.0234375,0.015625
https://doi.org/10.5006/3400,17.833333333333332,7.158878504672897,0.6915887850467289,0.6915887850467289,0.0093457943925233,0.02803738317757
https://doi.org/10.5006/3464,23.571428571428573,6.236363636363636,0.6363636363636364,0.4727272727272727,0.0545454545454545,0.0121212121212121
https://doi.org/10.5006/3604,24.0,6.833333333333333,0.6510416666666666,0.6458333333333334,0.0208333333333333,0.0208333333333333
https://doi.org/10.5006/3592,21.77777777777778,7.204081632653061,0.7040816326530612,0.5816326530612245,0.0408163265306122,0.010204081632653
https://doi.org/10.5006/3682,20.0,6.445833333333334,0.6708333333333333,0.6083333333333333,0.0416666666666666,0.0125
https://doi.org/10.5006/3240,28.545454545454547,5.885350318471337,0.6815286624203821,0.4331210191082802,0.0286624203821656,0.019108280254777
https://doi.org/10.5006/3550,15.142857142857142,7.075471698113208,0.6792452830188679,0.8301886792452831,0.0471698113207547,0.0188679245283018
https://doi.org/10.5006/3345,19.142857142857142,7.037313432835821,0.7686567164179104,0.6343283582089553,0.0671641791044776,0.0149253731343283
https://doi.org/10.5006/3404,13.0625,6.851674641148326,0.6555023923444976,0.5550239234449761,0.0382775119617224,0.0047846889952153
https://doi.org/10.5006/3431,23.0,6.342391304347826,0.6141304347826086,0.5815217391304348,0.0326086956521739,0.0271739130434782
https://doi.org/10.5006/3428,17.714285714285715,7.516129032258065,0.6774193548387096,0.6129032258064516,0.0725806451612903,0.0161290322580645
https://doi.org/10.5006/3468,25.75,6.378640776699029,0.6699029126213593,0.6893203883495146,0.0485436893203883,0.029126213592233
https://doi.org/10.5006/3498,24.0,6.286458333333333,0.6666666666666666,0.59375,0.0260416666666666,0.015625
https://doi.org/10.5006/3487,10.714285714285714,6.475555555555555,0.7066666666666667,0.5866666666666667,0.0266666666666666,0.0133333333333333
https://doi.org/10.5006/3641,21.375,6.818713450292398,0.7017543859649122,0.6140350877192983,0.023391812865497,0.0058479532163742
https://doi.org/10.5006/3324,22.857142857142858,6.625,0.73125,0.625,0.05625,0.0125
https://doi.org/10.5006/3429,29.2,6.702054794520548,0.6267123287671232,0.5342465753424658,0.0342465753424657,0.0171232876712328
https://doi.org/10.5006/2896,21.666666666666668,6.584615384615384,0.7461538461538462,0.5615384615384615,0.023076923076923,0.0153846153846153
https://doi.org/10.5006/3559,21.2,6.858490566037736,0.6509433962264151,0.7641509433962265,0.0471698113207547,0.0188679245283018
https://doi.org/10.5006/3562,17.285714285714285,6.586776859504132,0.6652892561983471,0.4876033057851239,0.0289256198347107,0.0082644628099173
https://doi.org/10.5006/3574,26.181818181818183,6.708333333333333,0.65625,0.5555555555555556,0.0381944444444444,0.0208333333333333
https://doi.org/10.5006/3567,21.0,7.047619047619048,0.7380952380952381,0.7222222222222222,0.0714285714285714,0.0158730158730158
https://doi.org/10.5006/3545,26.6,6.932330827067669,0.7218045112781954,0.6842105263157895,0.0601503759398496,0.0150375939849624
https://doi.org/10.5006/3655,21.666666666666668,7.030769230769231,0.6615384615384615,0.6384615384615384,0.0461538461538461,0.0153846153846153
https://doi.org/10.5006/3596,27.22222222222222,6.436734693877551,0.7061224489795919,0.6163265306122448,0.0163265306122449,0.0122448979591836
https://doi.org/10.5006/3590,25.0,6.73,0.675,0.62,0.035,0.025
https://doi.org/10.5006/3614,11.444444444444445,6.300970873786408,0.6310679611650486,0.6504854368932039,0.0388349514563106,0.0097087378640776
https://doi.org/10.5006/3493,15.785714285714286,6.886877828054299,0.7239819004524887,0.6153846153846154,0.0135746606334841,0.0180995475113122
https://doi.org/10.5006/3476,19.5,6.9282051282051285,0.717948717948718,0.717948717948718,0.0307692307692307,0.0256410256410256
https://doi.org/10.5006/3668,14.142857142857142,6.141414141414141,0.7373737373737373,0.6363636363636364,0.0606060606060606,0.0101010101010101
https://doi.org/10.5006/3295,21.428571428571427,6.306666666666667,0.6666666666666666,0.5866666666666667,0.0333333333333333,0.0333333333333333
https://doi.org/10.5006/3557,11.470588235294118,6.307692307692308,0.6410256410256411,0.4923076923076923,0.0205128205128205,0.0205128205128205
https://doi.org/10.5006/3443,15.909090909090908,6.1657142857142855,0.6571428571428571,0.5885714285714285,0.0457142857142857,0.0171428571428571
https://doi.org/10.5006/3690,22.83333333333333,6.817518248175182,0.6204379562043796,0.635036496350365,0.0437956204379562,0.0218978102189781
https://doi.org/10.5006/3203,23.375,6.598930481283422,0.6577540106951871,0.6310160427807486,0.0427807486631016,0.0160427807486631
https://doi.org/10.5006/3441,24.285714285714285,6.752941176470588,0.6470588235294118,0.5764705882352941,0.0470588235294117,0.0117647058823529
https://doi.org/10.5006/3603,19.33333333333333,6.844827586206897,0.7183908045977011,0.6781609195402298,0.0344827586206896,0.0114942528735632
https://doi.org/10.5006/3629,19.88888888888889,6.865921787709497,0.6089385474860335,0.6480446927374302,0.0279329608938547,0.0502793296089385
https://doi.org/10.5006/3541,26.79310344827586,6.768339768339768,0.637065637065637,0.4555984555984556,0.0141570141570141,0.0167310167310167
https://doi.org/10.5006/3593,26.0,6.240384615384615,0.5769230769230769,0.4855769230769231,0.0384615384615384,0.0096153846153846
https://doi.org/10.5006/3628,25.33333333333333,6.592105263157895,0.618421052631579,0.7105263157894737,0.0394736842105263,0.0263157894736842
https://doi.org/10.1080/1478422x.2020.1746039,40.0,8.075,0.7,0.675,0.075,0.0333333333333333
https://doi.org/10.1080/1478422x.2020.1765476,18.125,6.220689655172414,0.6758620689655173,0.4827586206896552,0.0344827586206896,0.0137931034482758
https://doi.org/10.1080/1478422x.2020.1754600,21.285714285714285,6.879194630872483,0.6711409395973155,0.6711409395973155,0.0268456375838926,0.0268456375838926
https://doi.org/10.1080/1478422x.2020.1753929,28.2,7.163120567375887,0.6879432624113475,0.7163120567375887,0.0283687943262411,0.0283687943262411
https://doi.org/10.1080/1478422x.2020.1769273,24.666666666666668,5.966216216216216,0.6824324324324325,0.4594594594594595,0.027027027027027,0.0
https://doi.org/10.1080/1478422x.2020.1745355,12.363636363636363,6.205882352941177,0.7205882352941176,0.7132352941176471,0.0294117647058823,0.0147058823529411
https://doi.org/10.1080/1478422x.2019.1701237,25.0,7.053333333333334,0.72,0.6666666666666666,0.02,0.0
https://doi.org/10.1080/1478422x.2020.1766863,20.0,7.585714285714285,0.6928571428571428,0.7571428571428571,0.0357142857142857,0.0142857142857142
https://doi.org/10.1080/1478422x.2020.1807163,16.7,6.640718562874252,0.6766467065868264,0.7305389221556886,0.0179640718562874,0.0479041916167664
https://doi.org/10.1080/1478422x.2020.1827348,14.8,7.162162162162162,0.6554054054054054,0.6148648648648649,0.0472972972972973,0.0202702702702702
https://doi.org/10.1080/1478422x.2020.1834675,12.375,7.232323232323233,0.696969696969697,0.7070707070707071,0.0404040404040404,0.0202020202020202
https://doi.org/10.1080/1478422x.2020.1735716,11.153846153846152,6.6482758620689655,0.6689655172413793,0.6137931034482759,0.0551724137931034,0.0275862068965517
https://doi.org/10.1080/1478422x.2020.1737384,22.8,6.9035087719298245,0.7017543859649122,0.6140350877192983,0.0263157894736842,0.0087719298245614
https://doi.org/10.1080/1478422x.2020.1759484,18.285714285714285,6.453125,0.65625,0.609375,0.046875,0.015625
https://doi.org/10.1080/1478422x.2020.1768643,36.0,6.659722222222222,0.6666666666666666,0.625,0.0486111111111111,0.0277777777777777
https://doi.org/10.1080/1478422x.2020.1772527,16.0,7.828125,0.7109375,0.6640625,0.0390625,0.0078125
https://doi.org/10.1080/1478422x.2020.1772587,21.857142857142858,6.627450980392157,0.6928104575163399,0.5816993464052288,0.0196078431372549,0.0065359477124183
https://doi.org/10.1080/1478422x.2020.1806606,20.857142857142858,6.965753424657534,0.684931506849315,0.7876712328767124,0.0684931506849315,0.0136986301369863
https://doi.org/10.1080/1478422x.2020.1836880,24.0,6.270833333333333,0.7222222222222222,0.5972222222222222,0.0208333333333333,0.0208333333333333
https://doi.org/10.1080/1478422x.2020.1750162,13.727272727272728,6.370860927152318,0.6887417218543046,0.6622516556291391,0.0529801324503311,0.0132450331125827
https://doi.org/10.1080/1478422x.2020.1804094,7.4,6.837837837837838,0.668918918918919,0.6554054054054054,0.0405405405405405,0.0405405405405405
https://doi.org/10.1080/1478422x.2020.1843819,26.2,6.5038167938931295,0.6717557251908397,0.4427480916030534,0.0381679389312977,0.0
https://doi.org/10.1080/1478422x.2020.1791446,30.0,6.713333333333333,0.6533333333333333,0.6066666666666667,0.04,0.0066666666666666
https://doi.org/10.1080/1478422x.2020.1777363,13.666666666666666,6.609756097560975,0.7154471544715447,0.7479674796747967,0.040650406504065,0.032520325203252
https://doi.org/10.1080/1478422x.2020.1789371,20.666666666666668,6.370967741935484,0.6129032258064516,0.5564516129032258,0.0483870967741935,0.0161290322580645
https://doi.org/10.1080/1478422x.2020.1721945,18.571428571428573,6.653846153846154,0.6230769230769231,0.5538461538461539,0.0307692307692307,0.023076923076923
https://doi.org/10.1080/1478422x.2020.1735715,19.666666666666668,6.694915254237288,0.5254237288135594,0.711864406779661,0.0508474576271186,0.0508474576271186
https://doi.org/10.1080/1478422x.2020.1747759,20.142857142857142,6.574468085106383,0.7304964539007093,0.574468085106383,0.0141843971631205,0.0
https://doi.org/10.1080/1478422x.2020.1850401,18.625,6.724832214765101,0.6308724832214765,0.6711409395973155,0.0335570469798657,0.0402684563758389
https://doi.org/10.1080/1478422x.2020.1734739,26.8,6.514925373134329,0.6492537313432836,0.6194029850746269,0.044776119402985,0.0074626865671641
https://doi.org/10.1080/1478422x.2020.1862447,21.166666666666668,6.377952755905512,0.6220472440944882,0.5826771653543307,0.0314960629921259,0.0236220472440944
https://doi.org/10.1080/1478422x.2020.1774106,16.5,6.555555555555555,0.5656565656565656,0.7171717171717171,0.0606060606060606,0.0505050505050505
https://doi.org/10.1080/1478422x.2020.1836301,23.166666666666668,6.971223021582734,0.7266187050359713,0.6474820143884892,0.0287769784172661,0.0071942446043165
https://doi.org/10.1080/1478422x.2020.1734738,18.714285714285715,6.061068702290076,0.7175572519083969,0.6641221374045801,0.0458015267175572,0.0076335877862595
https://doi.org/10.1080/1478422x.2020.1777022,24.25,7.175257731958763,0.6597938144329897,0.7938144329896907,0.0515463917525773,0.0515463917525773
https://doi.org/10.1080/1478422x.2020.1742410,18.375,6.380952380952381,0.6802721088435374,0.6870748299319728,0.0680272108843537,0.0204081632653061
https://doi.org/10.1080/1478422x.2020.1785650,27.4,6.525547445255475,0.6423357664233577,0.6277372262773723,0.0656934306569343,0.0437956204379562
https://doi.org/10.1080/1478422x.2020.1734737,22.428571428571427,6.394904458598727,0.6178343949044586,0.5159235668789809,0.0445859872611464,0.0
https://doi.org/10.1080/1478422x.2020.1815460,36.75,6.517006802721088,0.6530612244897959,0.6258503401360545,0.0204081632653061,0.0136054421768707
https://doi.org/10.1080/1478422x.2020.1742997,23.6,7.177966101694915,0.6694915254237288,0.7033898305084746,0.0508474576271186,0.0084745762711864
https://doi.org/10.1080/1478422x.2020.1772535,24.5,6.469387755102041,0.6190476190476191,0.673469387755102,0.0204081632653061,0.0204081632653061
https://doi.org/10.1080/1478422x.2020.1767322,13.0,6.792307692307692,0.6615384615384615,0.6692307692307692,0.0461538461538461,0.0
https://doi.org/10.1080/1478422x.2020.1713533,23.5,6.205673758865248,0.6453900709219859,0.5035460992907801,0.0283687943262411,0.0141843971631205
https://doi.org/10.1080/1478422x.2020.1732113,21.166666666666668,6.362204724409449,0.5748031496062992,0.6062992125984252,0.0393700787401574,0.0078740157480314
https://doi.org/10.1080/1478422x.2020.1762385,22.33333333333333,6.582089552238806,0.6716417910447762,0.6492537313432836,0.0223880597014925,0.0522388059701492
https://doi.org/10.1080/1478422x.2020.1862390,10.785714285714286,6.377483443708609,0.695364238410596,0.5562913907284768,0.0397350993377483,0.0066225165562913
https://doi.org/10.1080/1478422x.2020.1812818,17.75,6.690140845070423,0.6408450704225352,0.647887323943662,0.0704225352112676,0.0070422535211267
https://doi.org/10.1080/1478422x.2020.1721808,34.5,6.398550724637682,0.6304347826086957,0.6304347826086957,0.0289855072463768,0.0144927536231884
https://doi.org/10.1080/1478422x.2020.1740856,17.285714285714285,6.859504132231405,0.6446280991735537,0.628099173553719,0.0330578512396694,0.0082644628099173
https://doi.org/10.1080/1478422x.2020.1824441,20.0,7.185714285714286,0.65,0.6857142857142857,0.0214285714285714,0.0214285714285714
https://doi.org/10.1080/1478422x.2020.1793468,29.8,6.563758389261745,0.6241610738255033,0.6241610738255033,0.0536912751677852,0.0134228187919463
https://doi.org/10.1080/1478422x.2020.1815950,17.0,6.0588235294117645,0.6797385620915033,0.5882352941176471,0.0326797385620915,0.0130718954248366
https://doi.org/10.1080/1478422x.2020.1820157,21.0,5.965986394557823,0.6394557823129252,0.6190476190476191,0.0272108843537414,0.0476190476190476
https://doi.org/10.1080/1478422x.2020.1750161,24.83333333333333,6.315436241610739,0.5906040268456376,0.5637583892617449,0.0201342281879194,0.0402684563758389
https://doi.org/10.1080/1478422x.2020.1807087,22.142857142857142,6.548387096774194,0.6838709677419355,0.7290322580645161,0.0129032258064516,0.0129032258064516
https://doi.org/10.1080/1478422x.2020.1765088,12.25,6.785714285714286,0.6836734693877551,0.6938775510204082,0.0714285714285714,0.010204081632653
https://doi.org/10.1080/1478422x.2020.1827746,18.25,6.02054794520548,0.6164383561643836,0.6301369863013698,0.0273972602739726,0.0068493150684931
https://doi.org/10.1080/1478422x.2020.1859708,26.0,6.823076923076923,0.6846153846153846,0.676923076923077,0.0461538461538461,0.0076923076923076
https://doi.org/10.1080/1478422x.2019.1710660,16.3,6.852760736196319,0.6441717791411042,0.6441717791411042,0.0306748466257668,0.0490797546012269
https://doi.org/10.1080/1478422x.2019.1710665,22.666666666666668,5.485294117647059,0.6544117647058824,0.4558823529411764,0.0220588235294117,0.0147058823529411
https://doi.org/10.1080/1478422x.2020.1721806,37.25,6.932885906040268,0.6778523489932886,0.6577181208053692,0.0268456375838926,0.0
https://doi.org/10.1080/1478422x.2020.1770414,21.0,6.578231292517007,0.6530612244897959,0.5782312925170068,0.0408163265306122,0.0
https://doi.org/10.1080/1478422x.2019.1710663,20.571428571428573,6.701388888888889,0.7152777777777778,0.5833333333333334,0.0277777777777777,0.0
https://doi.org/10.1080/1478422x.2020.1721807,17.333333333333332,6.846153846153846,0.7115384615384616,0.75,0.048076923076923,0.0
https://doi.org/10.1080/1478422x.2020.1860730,20.714285714285715,6.7172413793103445,0.6482758620689655,0.6,0.0413793103448275,0.0206896551724137
https://doi.org/10.1080/1478422x.2020.1732122,25.0,6.806666666666667,0.66,0.7133333333333334,0.0266666666666666,0.0266666666666666
https://doi.org/10.1080/1478422x.2020.1826138,17.75,7.683098591549296,0.7394366197183099,0.676056338028169,0.0140845070422535,0.0070422535211267
https://doi.org/10.1080/1478422x.2020.1741869,16.0,6.347222222222222,0.6736111111111112,0.5902777777777778,0.0416666666666666,0.0069444444444444
https://doi.org/10.1080/1478422x.2020.1774961,23.8,7.739495798319328,0.7058823529411765,0.7142857142857143,0.0336134453781512,0.0252100840336134
https://doi.org/10.1080/1478422x.2020.1824442,21.285714285714285,6.315436241610739,0.6241610738255033,0.5838926174496645,0.0134228187919463,0.0067114093959731
https://doi.org/10.1080/1478422x.2020.1745407,24.5,6.557823129251701,0.6870748299319728,0.6870748299319728,0.0272108843537414,0.0204081632653061
https://doi.org/10.1080/1478422x.2020.1763685,22.285714285714285,6.884615384615385,0.6858974358974359,0.5576923076923077,0.0384615384615384,0.0064102564102564
https://doi.org/10.1080/1478422x.2020.1850070,25.166666666666668,6.827814569536423,0.6622516556291391,0.6622516556291391,0.0198675496688741,0.0198675496688741
https://doi.org/10.1080/1478422x.2020.1849995,20.83333333333333,6.768,0.704,0.56,0.04,0.008
https://doi.org/10.1080/1478422x.2020.1836879,16.846153846153847,7.69406392694064,0.6621004566210046,0.5388127853881278,0.0228310502283105,0.0136986301369863
https://doi.org/10.1080/1478422x.2020.1844408,26.4,6.401515151515151,0.6363636363636364,0.7121212121212122,0.053030303030303,0.0227272727272727
https://doi.org/10.1080/1478422x.2020.1733310,51.5,7.067961165048544,0.6601941747572816,0.7184466019417476,0.0679611650485436,0.0097087378640776
https://doi.org/10.1080/1478422x.2020.1739191,21.571428571428573,7.271523178807947,0.7284768211920529,0.6357615894039735,0.0331125827814569,0.0066225165562913
https://doi.org/10.1080/1478422x.2020.1798677,18.5,6.855855855855856,0.7027027027027027,0.7477477477477478,0.045045045045045,0.027027027027027
https://doi.org/10.1080/1478422x.2020.1785651,28.0,6.792857142857143,0.7285714285714285,0.6928571428571428,0.0357142857142857,0.0428571428571428
https://doi.org/10.1080/1478422x.2020.1843226,29.8,6.375838926174497,0.6442953020134228,0.5234899328859061,0.046979865771812,0.0268456375838926
https://doi.org/10.1080/1478422x.2020.1742408,24.666666666666668,7.0608108108108105,0.6959459459459459,0.668918918918919,0.0405405405405405,0.0202702702702702
https://doi.org/10.1080/1478422x.2020.1713534,19.285714285714285,6.718518518518518,0.6592592592592592,0.674074074074074,0.0444444444444444,0.0148148148148148
https://doi.org/10.1080/1478422x.2019.1710662,25.0,7.153333333333333,0.6266666666666667,0.5933333333333334,0.0266666666666666,0.0066666666666666
https://doi.org/10.1080/1478422x.2020.1742409,19.5,6.512820512820513,0.6923076923076923,0.7564102564102564,0.0384615384615384,0.0
https://doi.org/10.1080/1478422x.2020.1741867,16.555555555555557,6.060402684563758,0.6308724832214765,0.5973154362416108,0.0201342281879194,0.0268456375838926
https://doi.org/10.1080/1478422x.2020.1745356,21.285714285714285,6.865771812080537,0.7248322147651006,0.5369127516778524,0.0402684563758389,0.0134228187919463
https://doi.org/10.1080/1478422x.2020.1721944,12.6,6.309523809523809,0.6666666666666666,0.6904761904761905,0.0238095238095238,0.0
https://doi.org/10.1080/1478422x.2020.1747722,49.5,7.08080808080808,0.6767676767676768,0.7171717171717171,0.0505050505050505,0.0101010101010101
https://doi.org/10.1080/1478422x.2020.1759725,8.0,6.125,0.625,0.875,0.09375,0.03125
https://doi.org/10.1080/1478422x.2020.1762349,51.5,6.990291262135922,0.6601941747572816,0.6796116504854369,0.0485436893203883,0.0194174757281553
https://doi.org/10.1080/1478422x.2020.1788772,12.333333333333334,6.195945945945946,0.6486486486486487,0.6148648648648649,0.0608108108108108,0.0202702702702702
https://doi.org/10.1016/j.corsci.2020.108641,18.6,6.870967741935484,0.6989247311827957,0.7204301075268817,0.053763440860215,0.053763440860215
https://doi.org/10.1016/j.corsci.2020.108722,14.285714285714286,7.36,0.7,0.74,0.03,0.04
https://doi.org/10.1016/j.corsci.2020.108697,25.0,6.87,0.69,0.74,0.09,0.02
https://doi.org/10.1016/j.corsci.2020.108856,27.0,7.17037037037037,0.674074074074074,0.7037037037037037,0.0296296296296296,0.0296296296296296
https://doi.org/10.1016/j.corsci.2020.108947,27.5,7.618181818181818,0.6909090909090909,0.7454545454545455,0.0454545454545454,0.0363636363636363
https://doi.org/10.1016/j.corsci.2020.109189,32.666666666666664,6.959183673469388,0.673469387755102,0.7448979591836735,0.0714285714285714,0.0204081632653061
https://doi.org/10.1016/j.corsci.2020.108912,20.142857142857142,8.056737588652481,0.7446808510638298,0.8368794326241135,0.0496453900709219,0.0141843971631205
https://doi.org/10.1016/j.corsci.2020.108506,18.4,6.478260869565218,0.6630434782608695,0.5652173913043478,0.0652173913043478,0.0
https://doi.org/10.1016/j.corsci.2020.108585,16.333333333333332,7.061224489795919,0.6938775510204082,0.6428571428571429,0.0510204081632653,0.010204081632653
https://doi.org/10.1016/j.corsci.2020.108488,25.25,6.574257425742574,0.7029702970297029,0.7326732673267327,0.0297029702970297,0.0297029702970297
https://doi.org/10.1016/j.corsci.2020.108658,14.428571428571429,7.504950495049504,0.7425742574257426,0.801980198019802,0.0297029702970297,0.0198019801980198
https://doi.org/10.1016/j.corsci.2020.109156,14.428571428571429,6.772277227722772,0.7821782178217822,0.8118811881188119,0.0297029702970297,0.0099009900990099
https://doi.org/10.1016/j.corsci.2020.108701,30.5,6.299180327868853,0.6680327868852459,0.639344262295082,0.0286885245901639,0.0286885245901639
https://doi.org/10.1016/j.corsci.2020.109083,24.142857142857142,6.461538461538462,0.7337278106508875,0.5443786982248521,0.029585798816568,0.0059171597633136
https://doi.org/10.1016/j.corsci.2020.109112,23.75,5.978947368421053,0.6526315789473685,0.6947368421052632,0.0631578947368421,0.031578947368421
https://doi.org/10.1016/j.corsci.2020.108477,24.5,7.275510204081633,0.7142857142857143,0.7653061224489796,0.0612244897959183,0.010204081632653
https://doi.org/10.1016/j.corsci.2020.109053,8.909090909090908,6.591836734693878,0.6938775510204082,0.7244897959183674,0.0612244897959183,0.010204081632653
https://doi.org/10.1016/j.corsci.2020.108640,16.833333333333332,6.326732673267327,0.6534653465346535,0.6732673267326733,0.0594059405940594,0.0198019801980198
https://doi.org/10.1016/j.corsci.2020.108780,33.4,7.700598802395209,0.6526946107784432,0.6287425149700598,0.029940119760479,0.0119760479041916
https://doi.org/10.1016/j.corsci.2020.108859,20.0,6.38,0.64,0.72,0.04,0.05
https://doi.org/10.1016/j.corsci.2020.109060,20.4,6.852941176470588,0.6372549019607843,0.5784313725490197,0.0980392156862745,0.0
https://doi.org/10.1016/j.corsci.2020.109179,14.142857142857142,7.878787878787879,0.7474747474747475,0.9797979797979798,0.0505050505050505,0.0303030303030303
https://doi.org/10.1016/j.corsci.2020.109228,11.11111111111111,7.64,0.82,0.84,0.06,0.01
https://doi.org/10.1016/j.corsci.2020.108961,20.0,7.1,0.62,0.76,0.05,0.06
https://doi.org/10.1016/j.corsci.2019.108414,16.166666666666668,7.34020618556701,0.711340206185567,0.7319587628865979,0.0721649484536082,0.0103092783505154
https://doi.org/10.1016/j.corsci.2020.108841,14.428571428571429,6.03960396039604,0.7326732673267327,0.6732673267326733,0.0594059405940594,0.0099009900990099
https://doi.org/10.1016/j.corsci.2020.109042,14.714285714285714,6.466019417475728,0.6893203883495146,0.6990291262135923,0.0679611650485436,0.0194174757281553
https://doi.org/10.1016/j.corsci.2020.108850,18.6,6.924731182795699,0.6881720430107527,0.6881720430107527,0.086021505376344,0.010752688172043
https://doi.org/10.1016/j.corsci.2020.108849,16.833333333333332,6.544554455445544,0.7524752475247525,0.8118811881188119,0.0396039603960396,0.0198019801980198
https://doi.org/10.1016/j.corsci.2020.108956,20.0,5.66,0.66,0.66,0.02,0.02
https://doi.org/10.1016/j.corsci.2020.108855,24.75,6.858585858585859,0.6666666666666666,0.6868686868686869,0.0909090909090909,0.0101010101010101
https://doi.org/10.1016/j.corsci.2020.108584,34.666666666666664,6.153846153846154,0.7019230769230769,0.75,0.0576923076923076,0.0
https://doi.org/10.1016/j.corsci.2020.109155,33.666666666666664,5.871287128712871,0.5445544554455446,0.6237623762376238,0.0594059405940594,0.0099009900990099
https://doi.org/10.1016/j.corsci.2020.108588,20.0,6.9625,0.725,0.8125,0.05,0.0125
https://doi.org/10.1016/j.corsci.2020.109153,16.333333333333332,6.846938775510204,0.6530612244897959,0.7551020408163265,0.0408163265306122,0.010204081632653
https://doi.org/10.1016/j.corsci.2020.109134,20.0,7.19,0.67,0.7,0.05,0.03
https://doi.org/10.1016/j.corsci.2020.109021,18.8,7.085106382978723,0.5957446808510638,0.6808510638297872,0.0319148936170212,0.0212765957446808
https://doi.org/10.1016/j.corsci.2020.108566,16.666666666666668,6.27,0.68,0.74,0.04,0.02
https://doi.org/10.1016/j.corsci.2020.108834,16.666666666666668,6.64,0.72,0.83,0.03,0.0
https://doi.org/10.1016/j.corsci.2020.108899,25.0,6.86,0.6,0.73,0.04,0.02
https://doi.org/10.1016/j.corsci.2020.108822,19.8,6.797979797979798,0.6767676767676768,0.7474747474747475,0.0202020202020202,0.0303030303030303
https://doi.org/10.1016/j.corsci.2020.108809,16.5,6.333333333333333,0.6666666666666666,0.7171717171717171,0.0505050505050505,0.0202020202020202
https://doi.org/10.1016/j.corsci.2020.108514,25.0,7.47,0.71,0.79,0.06,0.01
https://doi.org/10.1016/j.corsci.2020.108634,19.0,6.768421052631579,0.6736842105263158,0.7157894736842105,0.0421052631578947,0.0
https://doi.org/10.1016/j.corsci.2020.108699,27.25,6.908256880733945,0.6972477064220184,0.7522935779816514,0.073394495412844,0.0091743119266055
https://doi.org/10.3390/cmd1010010,23.22222222222222,6.674641148325359,0.6172248803827751,0.5645933014354066,0.0334928229665071,0.0143540669856459
https://doi.org/10.3390/cmd1010007,21.0,7.380952380952381,0.6547619047619048,0.7261904761904762,0.0476190476190476,0.0
https://doi.org/10.3390/cmd2010001,27.0,6.767195767195767,0.6402116402116402,0.6296296296296297,0.0158730158730158,0.0264550264550264
https://doi.org/10.3390/cmd1030017,27.6,7.557971014492754,0.6811594202898551,0.6304347826086957,0.0289855072463768,0.0289855072463768
https://doi.org/10.3390/cmd1030015,26.714285714285715,6.882352941176471,0.6684491978609626,0.5989304812834224,0.0374331550802139,0.0160427807486631
https://doi.org/10.3390/cmd1030019,20.0,7.40625,0.65625,0.59375,0.025,0.04375
https://doi.org/10.3390/cmd1020007,21.0,7.380952380952381,0.6547619047619048,0.7261904761904762,0.0476190476190476,0.0
https://doi.org/10.3390/cmd1020011,26.5,7.088050314465409,0.6037735849056604,0.6477987421383647,0.0188679245283018,0.0251572327044025
https://doi.org/10.3390/cmd1010009,19.77777777777778,7.033707865168539,0.6741573033707865,0.6292134831460674,0.0561797752808988,0.0056179775280898
https://doi.org/10.3390/cmd1020014,25.666666666666668,6.636363636363637,0.6298701298701299,0.6363636363636364,0.0129870129870129,0.0194805194805194
https://doi.org/10.3390/cmd1010006,17.8,6.943820224719101,0.6853932584269663,0.7640449438202247,0.0786516853932584,0.0112359550561797
https://doi.org/10.3390/cmd1020013,24.125,6.357512953367876,0.6787564766839378,0.5492227979274611,0.0362694300518134,0.0466321243523316
https://doi.org/10.3390/cmd1020012,17.5,6.4,0.7214285714285714,0.6071428571428571,0.0428571428571428,0.0071428571428571
https://doi.org/10.3390/cmd1030016,24.63636363636364,7.225092250922509,0.6420664206642066,0.5461254612546126,0.018450184501845,0.022140221402214
https://doi.org/10.3390/cmd1010008,21.77777777777778,6.535714285714286,0.6071428571428571,0.6173469387755102,0.0153061224489795,0.010204081632653
https://doi.org/10.3390/cmd1030018,25.5,6.647058823529412,0.5816993464052288,0.4901960784313725,0.0163398692810457,0.0065359477124183
https://doi.org/10.1002/maco.202011722,11.307692307692308,6.27891156462585,0.6462585034013606,0.5782312925170068,0.0408163265306122,0.0340136054421768
https://doi.org/10.1002/maco.202011676,20.125,6.180124223602484,0.6211180124223602,0.546583850931677,0.031055900621118,0.0248447204968944
https://doi.org/10.1002/maco.201911347,25.666666666666668,7.201298701298701,0.6493506493506493,0.6493506493506493,0.0194805194805194,0.0129870129870129
https://doi.org/10.1002/maco.201911487,25.4,6.409448818897638,0.6377952755905512,0.6062992125984252,0.0551181102362204,0.0236220472440944
https://doi.org/10.1002/maco.202011650,16.545454545454547,6.527472527472527,0.6428571428571429,0.5274725274725275,0.0274725274725274,0.0109890109890109
https://doi.org/10.1002/maco.202011763,30.5,6.672131147540983,0.6065573770491803,0.7049180327868853,0.0163934426229508,0.040983606557377
https://doi.org/10.1002/maco.202011807,18.55555555555556,6.706586826347305,0.6646706586826348,0.497005988023952,0.0359281437125748,0.0179640718562874
https://doi.org/10.1002/maco.201911433,18.33333333333333,6.622727272727273,0.6863636363636364,0.5363636363636364,0.0454545454545454,0.0136363636363636
https://doi.org/10.1002/maco.202011775,32.0,7.8203125,0.6953125,0.6484375,0.03125,0.0078125
https://doi.org/10.1002/maco.202011695,17.916666666666668,6.669767441860465,0.6883720930232559,0.6,0.0325581395348837,0.027906976744186
https://doi.org/10.1002/maco.202011799,16.8,7.113095238095238,0.7083333333333334,0.6845238095238095,0.0357142857142857,0.0
https://doi.org/10.1002/maco.202011709,24.142857142857142,6.644970414201183,0.6272189349112426,0.6094674556213018,0.0236686390532544,0.0118343195266272
https://doi.org/10.1002/maco.202011839,20.0,6.67,0.645,0.495,0.025,0.01
https://doi.org/10.1002/maco.202011963,19.166666666666668,6.3478260869565215,0.6695652173913044,0.6956521739130435,0.008695652173913,0.0347826086956521
https://doi.org/10.1002/maco.202011587,30.25,6.115702479338843,0.6446280991735537,0.6363636363636364,0.0413223140495867,0.0082644628099173
https://doi.org/10.1002/maco.202012111,33.666666666666664,6.400990099009901,0.6287128712871287,0.5445544554455446,0.0297029702970297,0.0099009900990099
https://doi.org/10.1002/maco.202011557,15.0,6.633333333333334,0.6666666666666666,0.5888888888888889,0.05,0.0166666666666666
https://doi.org/10.1002/maco.202011710,36.8,6.478260869565218,0.6793478260869565,0.6195652173913043,0.0326086956521739,0.0163043478260869
https://doi.org/10.1002/maco.202011597,22.88888888888889,7.0,0.6650485436893204,0.529126213592233,0.0485436893203883,0.0048543689320388
https://doi.org/10.1002/maco.202011805,25.33333333333333,6.743421052631579,0.6578947368421053,0.625,0.0328947368421052,0.0197368421052631
https://doi.org/10.1002/maco.202011977,18.5,6.891891891891892,0.5945945945945946,0.7027027027027027,0.0405405405405405,0.0135135135135135
https://doi.org/10.1002/maco.201911449,19.77777777777778,6.51685393258427,0.7752808988764045,0.5955056179775281,0.0168539325842696,0.0056179775280898
https://doi.org/10.1002/maco.202011707,29.33333333333333,6.784090909090909,0.5795454545454546,0.5738636363636364,0.0284090909090909,0.034090909090909
https://doi.org/10.1002/maco.201911467,20.22222222222222,6.615384615384615,0.6208791208791209,0.6043956043956044,0.0439560439560439,0.0329670329670329
https://doi.org/10.1002/maco.202011883,16.77777777777778,6.198675496688741,0.6291390728476821,0.6026490066225165,0.0463576158940397,0.0132450331125827
https://doi.org/10.1002/maco.202011978,17.142857142857142,6.741666666666666,0.6166666666666667,0.6833333333333333,0.0416666666666666,0.0166666666666666
https://doi.org/10.1002/maco.202011778,28.33333333333333,6.747058823529412,0.6411764705882353,0.6588235294117647,0.0470588235294117,0.0411764705882352
https://doi.org/10.1002/maco.202011715,20.4,6.784313725490196,0.6666666666666666,0.5686274509803921,0.0490196078431372,0.0196078431372549
https://doi.org/10.1002/maco.201911407,28.25,6.876106194690266,0.672566371681416,0.6548672566371682,0.0265486725663716,0.0088495575221238
https://doi.org/10.1002/maco.201911322,16.857142857142858,6.457627118644068,0.6864406779661016,0.635593220338983,0.0254237288135593,0.0169491525423728
https://doi.org/10.1002/maco.202011542,14.0,6.664285714285715,0.7,0.6857142857142857,0.0714285714285714,0.0142857142857142
https://doi.org/10.1002/maco.202011533,16.25,6.476923076923077,0.7230769230769231,0.6538461538461539,0.023076923076923,0.0076923076923076
https://doi.org/10.1002/maco.202011699,18.0,6.38425925925926,0.7037037037037037,0.6296296296296297,0.0601851851851851,0.0046296296296296
https://doi.org/10.1002/maco.201911462,30.33333333333333,6.532967032967033,0.6483516483516484,0.5439560439560439,0.0439560439560439,0.0329670329670329
https://doi.org/10.1002/maco.201911464,20.857142857142858,6.965753424657534,0.6917808219178082,0.7191780821917808,0.0273972602739726,0.0136986301369863
https://doi.org/10.1002/maco.202011682,15.818181818181818,6.810344827586207,0.6954022988505747,0.6264367816091954,0.0517241379310344,0.028735632183908
https://doi.org/10.1002/maco.202011674,15.166666666666666,6.483516483516484,0.7087912087912088,0.5659340659340659,0.0274725274725274,0.0274725274725274
https://doi.org/10.1002/maco.201911390,18.0,6.2094017094017095,0.6495726495726496,0.5982905982905983,0.0213675213675213,0.0042735042735042
https://doi.org/10.1002/maco.202070086,16.666666666666668,7.55,0.96,0.85,0.01,0.01
https://doi.org/10.1002/maco.202011505,13.166666666666666,6.459915611814346,0.6413502109704642,0.4852320675105485,0.0464135021097046,0.0126582278481012
https://doi.org/10.1002/maco.202011830,18.75,6.08,0.7266666666666667,0.6533333333333333,0.0333333333333333,0.0133333333333333
https://doi.org/10.1002/maco.202012169,22.0,8.106060606060606,0.7348484848484849,0.6742424242424242,0.0606060606060606,0.0151515151515151
https://doi.org/10.1002/maco.202012134,26.142857142857142,6.704918032786885,0.6885245901639344,0.5683060109289617,0.0109289617486338,0.0163934426229508
https://doi.org/10.1002/maco.202011659,25.714285714285715,6.022222222222222,0.6222222222222222,0.5166666666666667,0.0222222222222222,0.0111111111111111
https://doi.org/10.1002/maco.202011770,28.6,6.727272727272728,0.6083916083916084,0.6153846153846154,0.0349650349650349,0.0279720279720279
https://doi.org/10.1002/maco.202011666,24.714285714285715,6.872832369942197,0.7167630057803468,0.6184971098265896,0.0462427745664739,0.0173410404624277
https://doi.org/10.1002/maco.201911469,29.0,6.149425287356322,0.6264367816091954,0.5459770114942529,0.0229885057471264,0.0
https://doi.org/10.1002/maco.201911472,18.25,6.97945205479452,0.6438356164383562,0.6575342465753424,0.047945205479452,0.0342465753424657
https://doi.org/10.1002/maco.202011516,33.2,6.216867469879518,0.6626506024096386,0.5,0.0602409638554216,0.0120481927710843
https://doi.org/10.1002/maco.202011875,24.375,6.338461538461538,0.6307692307692307,0.6256410256410256,0.041025641025641,0.041025641025641
https://doi.org/10.1002/maco.202011785,30.714285714285715,6.553488372093023,0.5906976744186047,0.5581395348837209,0.0232558139534883,0.013953488372093
https://doi.org/10.1002/maco.202011541,29.428571428571427,6.553398058252427,0.6650485436893204,0.5533980582524272,0.0242718446601941,0.029126213592233
https://doi.org/10.1002/maco.202011784,22.375,6.675977653631285,0.6312849162011173,0.5977653631284916,0.0446927374301676,0.0558659217877094
https://doi.org/10.1002/maco.202011847,22.83333333333333,6.386861313868613,0.635036496350365,0.708029197080292,0.0364963503649635,0.0072992700729927
https://doi.org/10.1002/maco.201911221,18.727272727272727,6.155339805825243,0.6213592233009708,0.529126213592233,0.029126213592233,0.0145631067961165
https://doi.org/10.1002/maco.202011894,25.0,6.953333333333333,0.68,0.56,0.02,0.0066666666666666
https://doi.org/10.1002/maco.202012064,28.0,6.559523809523809,0.6547619047619048,0.5416666666666666,0.0535714285714285,0.0178571428571428
https://doi.org/10.1002/maco.201911398,21.0,7.6380952380952385,0.7428571428571429,0.7047619047619048,0.0666666666666666,0.0095238095238095
https://doi.org/10.1002/maco.201911425,24.25,6.139175257731959,0.6804123711340206,0.5360824742268041,0.0515463917525773,0.0103092783505154
https://doi.org/10.1002/maco.202011588,32.333333333333336,6.896907216494846,0.6597938144329897,0.6391752577319587,0.056701030927835,0.0206185567010309
https://doi.org/10.1002/maco.202011686,13.357142857142858,6.160427807486631,0.6631016042780749,0.5347593582887701,0.0267379679144385,0.0160427807486631
https://doi.org/10.1002/maco.202011780,24.857142857142858,6.741379310344827,0.6494252873563219,0.6206896551724138,0.028735632183908,0.0172413793103448
https://doi.org/10.1002/maco.202012198,21.375,6.818713450292398,0.7017543859649122,0.6491228070175439,0.023391812865497,0.0058479532163742
https://doi.org/10.1002/maco.202011598,25.6,6.8984375,0.6484375,0.6640625,0.03125,0.03125
https://doi.org/10.1002/maco.202011798,17.9,6.402234636871508,0.664804469273743,0.6145251396648045,0.0279329608938547,0.0167597765363128
https://doi.org/10.1002/maco.202012139,23.8,5.394957983193278,0.6386554621848739,0.5210084033613446,0.0252100840336134,0.0084033613445378
https://doi.org/10.1002/maco.202012123,20.22222222222222,6.329670329670329,0.6758241758241759,0.5769230769230769,0.0329670329670329,0.0164835164835164
https://doi.org/10.1002/maco.202011667,29.0,5.525862068965517,0.7413793103448276,0.5862068965517241,0.0344827586206896,0.0
https://doi.org/10.1002/maco.202011696,18.142857142857142,6.6141732283464565,0.7086614173228346,0.7637795275590551,0.0551181102362204,0.0157480314960629
https://doi.org/10.1002/maco.202011779,21.75,6.764367816091954,0.632183908045977,0.6264367816091954,0.028735632183908,0.0114942528735632
https://doi.org/10.1002/maco.202012144,15.6,7.6923076923076925,0.7756410256410257,0.6089743589743589,0.0256410256410256,0.0128205128205128
https://doi.org/10.1002/maco.202012124,23.857142857142858,7.125748502994012,0.6227544910179641,0.6586826347305389,0.0359281437125748,0.0059880239520958
https://doi.org/10.1002/maco.202011507,10.866666666666667,7.251533742331288,0.7177914110429447,0.5950920245398773,0.0306748466257668,0.0122699386503067
https://doi.org/10.1002/maco.202011687,22.0,6.732954545454546,0.6534090909090909,0.5511363636363636,0.034090909090909,0.0284090909090909
https://doi.org/10.1002/maco.202012130,14.636363636363637,6.298136645962733,0.7142857142857143,0.6521739130434783,0.0496894409937888,0.031055900621118
https://doi.org/10.1002/maco.201911488,19.55555555555556,6.5,0.6875,0.5852272727272727,0.0511363636363636,0.0227272727272727
https://doi.org/10.1002/maco.202011543,22.4,6.227678571428571,0.625,0.5669642857142857,0.0446428571428571,0.0267857142857142
https://doi.org/10.1002/maco.202011565,16.6,6.493975903614458,0.7289156626506024,0.5843373493975904,0.036144578313253,0.0060240963855421
https://doi.org/10.1002/maco.201911373,18.142857142857142,6.15748031496063,0.6377952755905512,0.6535433070866141,0.0314960629921259,0.0314960629921259
https://doi.org/10.1002/maco.202011679,18.3,6.688524590163935,0.6994535519125683,0.6830601092896175,0.0327868852459016,0.0218579234972677
https://doi.org/10.1002/maco.202011658,15.0,6.888888888888889,0.674074074074074,0.6592592592592592,0.037037037037037,0.0148148148148148
https://doi.org/10.1002/maco.202011783,23.4,6.769230769230769,0.6581196581196581,0.6025641025641025,0.0213675213675213,0.0299145299145299
https://doi.org/10.1002/maco.202011948,27.0,7.303703703703704,0.7703703703703704,0.6666666666666666,0.0296296296296296,0.0148148148148148
https://doi.org/10.1002/maco.202012020,17.9,6.396648044692737,0.6927374301675978,0.6201117318435754,0.0279329608938547,0.0111731843575419
https://doi.org/10.1002/maco.202011500,21.75,7.028735632183908,0.7126436781609196,0.6436781609195402,0.0172413793103448,0.0114942528735632
https://doi.org/10.1002/maco.202011771,19.0,6.526315789473684,0.7218045112781954,0.6766917293233082,0.0300751879699248,0.0075187969924812
https://doi.org/10.1002/maco.202011826,26.2,6.702290076335878,0.7099236641221374,0.6793893129770993,0.0687022900763358,0.0076335877862595
https://doi.org/10.1002/maco.202011725,32.6,6.846625766871166,0.7300613496932515,0.6134969325153374,0.0429447852760736,0.0184049079754601
https://doi.org/10.1002/maco.202011855,23.0,6.880434782608695,0.5978260869565217,0.657608695652174,0.0217391304347826,0.0434782608695652
https://doi.org/10.1002/maco.202011985,19.142857142857142,6.6940298507462686,0.6567164179104478,0.7164179104477612,0.0597014925373134,0.0373134328358208
https://doi.org/10.1002/maco.202011782,22.153846153846157,6.753472222222222,0.6805555555555556,0.5868055555555556,0.0243055555555555,0.0069444444444444
https://doi.org/10.1002/maco.202011544,29.25,7.299145299145299,0.6752136752136753,0.7435897435897436,0.0427350427350427,0.0427350427350427
https://doi.org/10.1002/maco.202011584,14.857142857142858,7.048076923076923,0.7115384615384616,0.7307692307692307,0.0865384615384615,0.0096153846153846
https://doi.org/10.1002/maco.202011887,15.5,6.890322580645162,0.6774193548387096,0.6387096774193548,0.0516129032258064,0.0129032258064516
https://doi.org/10.1002/maco.202012067,28.6,6.748251748251748,0.6503496503496503,0.5734265734265734,0.0699300699300699,0.0139860139860139
https://doi.org/10.1002/maco.202011979,22.75,6.615384615384615,0.6813186813186813,0.7362637362637363,0.0439560439560439,0.0219780219780219
https://doi.org/10.1002/maco.202012191,36.6,6.907103825136612,0.639344262295082,0.6065573770491803,0.0491803278688524,0.0382513661202185
https://doi.org/10.1002/maco.201911293,21.4,7.11214953271028,0.6822429906542056,0.7009345794392523,0.0560747663551401,0.0093457943925233
https://doi.org/10.1002/maco.202011846,24.375,6.035897435897436,0.6102564102564103,0.5230769230769231,0.0102564102564102,0.0102564102564102
https://doi.org/10.1002/maco.202011731,31.0,6.983870967741935,0.6774193548387096,0.6209677419354839,0.064516129032258,0.032258064516129
https://doi.org/10.1002/maco.202011736,17.818181818181817,7.438775510204081,0.7040816326530612,0.6275510204081632,0.0255102040816326,0.010204081632653
https://doi.org/10.1002/maco.202011937,18.25,7.671232876712328,0.7397260273972602,0.6232876712328768,0.0342465753424657,0.0068493150684931
https://doi.org/10.1002/maco.201911427,16.642857142857142,5.32618025751073,0.7253218884120172,0.5021459227467812,0.0214592274678111,0.0128755364806866
https://doi.org/10.1002/maco.201911402,14.88888888888889,6.858208955223881,0.6492537313432836,0.582089552238806,0.044776119402985,0.0223880597014925
https://doi.org/10.1002/maco.202011952,28.33333333333333,6.682352941176471,0.6470588235294118,0.6352941176470588,0.0235294117647058,0.0411764705882352
https://doi.org/10.1002/maco.201911468,18.666666666666668,7.392857142857143,0.7142857142857143,0.8035714285714286,0.0357142857142857,0.0357142857142857
https://doi.org/10.1002/maco.202011872,26.714285714285715,6.288770053475936,0.6844919786096256,0.6149732620320856,0.0213903743315508,0.0
https://doi.org/10.1002/maco.202012136,19.3,7.450777202072539,0.7253886010362695,0.6269430051813472,0.0310880829015544,0.0103626943005181
https://doi.org/10.1002/maco.202012046,14.75,6.711864406779661,0.7005649717514124,0.5706214689265536,0.0282485875706214,0.0282485875706214
https://doi.org/10.1002/maco.201911489,16.555555555555557,6.503355704697986,0.5973154362416108,0.5637583892617449,0.0201342281879194,0.0268456375838926
https://doi.org/10.1002/maco.202011954,19.0,6.842105263157895,0.6929824561403509,0.7368421052631579,0.043859649122807,0.0175438596491228
https://doi.org/10.1002/maco.201911401,19.0,7.842105263157895,0.6842105263157895,0.868421052631579,0.0526315789473684,0.0263157894736842
https://doi.org/10.1002/maco.202011490,18.454545454545453,6.857142857142857,0.7241379310344828,0.6206896551724138,0.0394088669950738,0.0147783251231527
https://doi.org/10.1002/maco.201911444,25.166666666666668,5.503311258278146,0.6423841059602649,0.5165562913907285,0.0198675496688741,0.0066225165562913
https://doi.org/10.1002/maco.202011793,28.285714285714285,6.53030303030303,0.7171717171717171,0.6060606060606061,0.0303030303030303,0.0252525252525252
https://doi.org/10.1002/maco.202011867,22.5,6.45925925925926,0.6,0.6888888888888889,0.037037037037037,0.0148148148148148
https://doi.org/10.1002/maco.202011794,19.33333333333333,6.660919540229885,0.6781609195402298,0.7068965517241379,0.0632183908045977,0.0344827586206896
https://doi.org/10.1002/maco.201911376,16.90909090909091,5.951612903225806,0.6397849462365591,0.5698924731182796,0.0268817204301075,0.010752688172043
https://doi.org/10.1002/maco.202011692,27.666666666666668,6.4156626506024095,0.6265060240963856,0.5542168674698795,0.0301204819277108,0.0180722891566265
https://doi.org/10.1002/maco.201911386,24.857142857142858,6.689655172413793,0.6896551724137931,0.6666666666666666,0.0344827586206896,0.0229885057471264
https://doi.org/10.1002/maco.202011620,16.8,6.976190476190476,0.6666666666666666,0.7142857142857143,0.0476190476190476,0.0357142857142857
https://doi.org/10.1002/maco.202011596,17.8,6.674157303370786,0.7247191011235955,0.601123595505618,0.0337078651685393,0.0280898876404494
https://doi.org/10.1002/maco.202011787,22.33333333333333,8.559701492537313,0.7611940298507462,0.7686567164179104,0.0373134328358208,0.0298507462686567
https://doi.org/10.1002/maco.202011865,16.77777777777778,7.973509933774834,0.7483443708609272,0.6887417218543046,0.0463576158940397,0.0132450331125827
https://doi.org/10.1002/maco.202011723,29.25,5.410256410256411,0.717948717948718,0.6068376068376068,0.0256410256410256,0.0341880341880341
https://doi.org/10.1002/maco.202012166,35.2,5.801136363636363,0.6420454545454546,0.5284090909090909,0.0113636363636363,0.0284090909090909
https://doi.org/10.1002/maco.202012010,17.636363636363637,7.020618556701031,0.7164948453608248,0.5721649484536082,0.0257731958762886,0.0154639175257731
https://doi.org/10.1002/maco.202011548,21.5,6.852713178294573,0.6666666666666666,0.5581395348837209,0.0310077519379844,0.0
https://doi.org/10.1002/maco.202011530,21.875,6.897142857142857,0.6057142857142858,0.5942857142857143,0.0342857142857142,0.0228571428571428
https://doi.org/10.1002/maco.202011772,20.8,7.144230769230769,0.6346153846153846,0.625,0.0384615384615384,0.0288461538461538
https://doi.org/10.1002/maco.202011767,19.142857142857142,7.455223880597015,0.7238805970149254,0.6417910447761194,0.044776119402985,0.0074626865671641
https://doi.org/10.1002/maco.202011774,22.0,6.232323232323233,0.6717171717171717,0.5808080808080808,0.0202020202020202,0.0252525252525252
https://doi.org/10.1002/maco.201911424,27.625,6.366515837104072,0.6968325791855203,0.5565610859728507,0.0226244343891402,0.0090497737556561
https://doi.org/10.1002/maco.202011635,19.625,6.528662420382165,0.6815286624203821,0.5286624203821656,0.0445859872611464,0.0127388535031847
https://doi.org/10.1002/maco.202011766,17.6,6.965909090909091,0.6761363636363636,0.6590909090909091,0.0284090909090909,0.0113636363636363
https://doi.org/10.1002/maco.202012192,21.75,6.833333333333333,0.6264367816091954,0.5287356321839081,0.0632183908045977,0.0114942528735632
https://doi.org/10.1002/maco.202012051,23.22222222222222,6.751196172248804,0.645933014354067,0.6363636363636364,0.0191387559808612,0.0191387559808612
https://doi.org/10.1002/maco.202011540,21.3,6.427230046948357,0.5821596244131455,0.6009389671361502,0.0093896713615023,0.0187793427230046
https://doi.org/10.1002/maco.202011728,25.857142857142858,6.596685082872928,0.6795580110497238,0.585635359116022,0.0165745856353591,0.0441988950276243
https://doi.org/10.1002/maco.202011661,15.625,7.016,0.68,0.592,0.016,0.04
https://doi.org/10.1002/maco.202011993,21.285714285714285,7.093959731543624,0.7046979865771812,0.6040268456375839,0.0134228187919463,0.0067114093959731
https://doi.org/10.1002/maco.201911325,19.33333333333333,6.781609195402299,0.632183908045977,0.603448275862069,0.028735632183908,0.0114942528735632
https://doi.org/10.1002/maco.202011663,13.1,6.740458015267175,0.6106870229007634,0.5954198473282443,0.0534351145038167,0.015267175572519
https://doi.org/10.1002/maco.201911327,20.444444444444443,6.679347826086956,0.6684782608695652,0.5597826086956522,0.0271739130434782,0.0217391304347826
https://doi.org/10.1002/maco.202011554,29.571428571428573,6.458937198067633,0.6135265700483091,0.6183574879227053,0.0338164251207729,0.0048309178743961
https://doi.org/10.1002/maco.202011882,26.0,6.565934065934066,0.6923076923076923,0.6098901098901099,0.0439560439560439,0.0109890109890109
https://doi.org/10.1002/maco.202012056,19.8,6.813131313131313,0.6060606060606061,0.5757575757575758,0.0454545454545454,0.0151515151515151
https://doi.org/10.1002/maco.202012039,22.88888888888889,6.223300970873787,0.6262135922330098,0.470873786407767,0.0679611650485436,0.0145631067961165
https://doi.org/10.1002/maco.202011546,20.625,6.424242424242424,0.6424242424242425,0.5757575757575758,0.0424242424242424,0.0
https://doi.org/10.1002/maco.202011578,19.88888888888889,6.603351955307263,0.659217877094972,0.6033519553072626,0.0335195530726257,0.0167597765363128
https://doi.org/10.1002/maco.202012183,16.90909090909091,6.338709677419355,0.6774193548387096,0.553763440860215,0.043010752688172,0.0268817204301075
https://doi.org/10.1002/maco.202011567,20.88888888888889,7.430851063829787,0.7180851063829787,0.6276595744680851,0.0372340425531914,0.0106382978723404
https://doi.org/10.1002/maco.202011558,13.052631578947368,6.782258064516129,0.6774193548387096,0.5887096774193549,0.0201612903225806,0.0120967741935483
https://doi.org/10.1002/maco.202011980,18.0,6.291666666666667,0.625,0.7222222222222222,0.0694444444444444,0.0277777777777777
https://doi.org/10.1002/maco.202011886,25.4,6.811023622047244,0.6456692913385826,0.5905511811023622,0.0157480314960629,0.0314960629921259
https://doi.org/10.1002/maco.202011653,21.571428571428573,7.430463576158941,0.7417218543046358,0.7218543046357616,0.0728476821192053,0.0198675496688741
https://doi.org/10.1002/maco.202011938,22.33333333333333,5.798507462686567,0.7313432835820896,0.5895522388059702,0.0298507462686567,0.0149253731343283
https://doi.org/10.1002/maco.202011878,18.571428571428573,5.884615384615385,0.7307692307692307,0.6384615384615384,0.0461538461538461,0.0076923076923076
https://doi.org/10.1002/maco.202011539,23.125,6.621621621621622,0.6,0.5837837837837838,0.0216216216216216,0.0
https://doi.org/10.1002/maco.202011665,21.5,6.953488372093023,0.6395348837209303,0.6569767441860465,0.0232558139534883,0.0406976744186046
https://doi.org/10.1002/maco.202011669,21.4,6.607476635514018,0.6261682242990654,0.6728971962616822,0.0560747663551401,0.0373831775700934
https://doi.org/10.1002/maco.202011689,33.8,6.431952662721893,0.5976331360946746,0.5325443786982249,0.029585798816568,0.0414201183431952
https://doi.org/10.1002/maco.202011842,24.166666666666668,6.924137931034482,0.6413793103448275,0.7034482758620689,0.0551724137931034,0.0344827586206896
https://doi.org/10.1002/maco.202070011,25.33333333333333,5.9868421052631575,0.7960526315789473,0.6776315789473685,0.0394736842105263,0.0263157894736842
https://doi.org/10.1002/maco.202011777,26.75,7.355140186915888,0.6915887850467289,0.7850467289719626,0.0373831775700934,0.02803738317757
https://doi.org/10.1002/maco.201911389,27.714285714285715,6.144329896907217,0.6701030927835051,0.4639175257731959,0.0309278350515463,0.0206185567010309
https://doi.org/10.1002/maco.202011721,17.7,6.666666666666667,0.655367231638418,0.6440677966101694,0.0338983050847457,0.0338983050847457
https://doi.org/10.1002/maco.202011579,11.714285714285714,6.347560975609756,0.6951219512195121,0.6524390243902439,0.0304878048780487,0.0121951219512195
https://doi.org/10.1002/maco.202011781,19.9,6.447236180904523,0.6633165829145728,0.592964824120603,0.0552763819095477,0.0100502512562814
https://doi.org/10.1002/maco.202070074,30.75,7.40650406504065,0.6666666666666666,0.7642276422764228,0.024390243902439,0.016260162601626
https://doi.org/10.1002/maco.202011850,23.83333333333333,6.566433566433567,0.6363636363636364,0.6223776223776224,0.0209790209790209,0.0139860139860139
https://doi.org/10.1002/maco.202012194,15.818181818181818,6.620689655172414,0.6954022988505747,0.6954022988505747,0.0229885057471264,0.0114942528735632
https://doi.org/10.1002/maco.201911378,24.83333333333333,6.966442953020135,0.697986577181208,0.5570469798657718,0.0536912751677852,0.0134228187919463
https://doi.org/10.1002/maco.201911167,27.83333333333333,6.203592814371257,0.6946107784431138,0.5688622754491018,0.0419161676646706,0.0179640718562874
https://doi.org/10.1002/maco.202011527,22.6,6.938053097345133,0.672566371681416,0.672566371681416,0.0265486725663716,0.0
https://doi.org/10.1002/maco.202011902,19.0,6.9,0.7157894736842105,0.6578947368421053,0.0421052631578947,0.0578947368421052
https://doi.org/10.1002/maco.201911421,16.0,6.339285714285714,0.6339285714285714,0.6875,0.0357142857142857,0.0178571428571428
https://doi.org/10.1002/maco.202011545,34.4,6.767441860465116,0.5523255813953488,0.5174418604651163,0.0348837209302325,0.0174418604651162
https://doi.org/10.1002/maco.201911387,20.571428571428573,6.3125,0.6666666666666666,0.5625,0.0486111111111111,0.0208333333333333
https://doi.org/10.1002/maco.202011662,25.6,6.046875,0.59375,0.5859375,0.03125,0.0078125
https://doi.org/10.1002/maco.202011827,24.714285714285715,6.832369942196531,0.653179190751445,0.5895953757225434,0.0462427745664739,0.0
https://doi.org/10.1002/maco.202012197,16.1,6.6770186335403725,0.6335403726708074,0.6149068322981367,0.0496894409937888,0.0186335403726708
https://doi.org/10.1002/maco.202011657,19.714285714285715,7.181159420289855,0.6811594202898551,0.6304347826086957,0.036231884057971,0.0144927536231884
https://doi.org/10.1002/maco.202011940,17.333333333333332,6.423076923076923,0.6538461538461539,0.6057692307692307,0.0673076923076923,0.0
https://doi.org/10.1002/maco.202012188,20.8,6.865384615384615,0.6442307692307693,0.7596153846153846,0.0288461538461538,0.0288461538461538
https://doi.org/10.1002/maco.202012120,18.625,6.87248322147651,0.6241610738255033,0.5906040268456376,0.0268456375838926,0.0268456375838926
https://doi.org/10.1002/maco.202011604,19.0,5.962406015037594,0.6766917293233082,0.631578947368421,0.0676691729323308,0.0075187969924812
https://doi.org/10.1002/maco.202070024,33.5,7.014925373134329,0.6567164179104478,0.8059701492537313,0.0298507462686567,0.0
https://doi.org/10.1002/maco.202070036,23.33333333333333,7.621428571428571,0.9857142857142858,0.8142857142857143,0.0142857142857142,0.0
https://doi.org/10.1002/maco.202070034,19.2,6.885416666666667,0.6458333333333334,0.8020833333333334,0.0104166666666666,0.0625
https://doi.org/10.1002/maco.202011654,31.4,6.885350318471337,0.6751592356687898,0.5987261146496815,0.0573248407643312,0.019108280254777
https://doi.org/10.1002/maco.202070054,25.666666666666668,6.987012987012987,0.6623376623376623,0.8441558441558441,0.0389610389610389,0.0
https://doi.org/10.1002/maco.202070066,13.545454545454543,7.724832214765101,0.9932885906040269,0.785234899328859,0.0134228187919463,0.0067114093959731
https://doi.org/10.1002/maco.202070076,26.33333333333333,8.012658227848101,1.0,0.8481012658227848,0.0253164556962025,0.0
https://doi.org/10.1002/maco.202070104,33.666666666666664,6.445544554455446,0.6237623762376238,0.7524752475247525,0.0198019801980198,0.0297029702970297
https://doi.org/10.1002/maco.202070106,20.33333333333333,7.844262295081967,0.9918032786885246,0.8114754098360656,0.0081967213114754,0.0
https://doi.org/10.1002/maco.202070126,12.666666666666666,8.280701754385966,0.9736842105263158,0.8421052631578947,0.0,0.0
https://doi.org/10.1002/maco.202070041,32.333333333333336,5.577319587628866,0.7628865979381443,0.6804123711340206,0.0412371134020618,0.0206185567010309
https://doi.org/10.1002/maco.202070031,20.33333333333333,6.672131147540983,0.7213114754098361,0.7131147540983607,0.0245901639344262,0.0245901639344262
https://doi.org/10.1002/maco.202070021,30.0,6.183333333333334,0.6833333333333333,0.7333333333333333,0.025,0.0166666666666666
https://doi.org/10.1002/maco.202070071,36.0,7.236111111111111,0.7638888888888888,0.8055555555555556,0.0555555555555555,0.0277777777777777
https://doi.org/10.1002/maco.202070121,27.5,6.0,0.7909090909090909,0.7636363636363637,0.0363636363636363,0.0272727272727272
https://doi.org/10.1002/maco.202070091,31.666666666666668,6.4526315789473685,0.7789473684210526,0.6210526315789474,0.031578947368421,0.0210526315789473
https://doi.org/10.1002/maco.202070061,18.33333333333333,6.5181818181818185,0.7090909090909091,0.6545454545454545,0.0909090909090909,0.0454545454545454
https://doi.org/10.1002/maco.202070051,14.5,6.724137931034483,0.6896551724137931,0.7816091954022989,0.0804597701149425,0.0344827586206896
https://doi.org/10.1002/maco.202070114,18.08333333333333,7.285714285714286,0.6589861751152074,0.6359447004608295,0.0092165898617511,0.0276497695852534
https://doi.org/10.1002/maco.202070101,14.666666666666666,6.303030303030303,0.7575757575757576,0.6515151515151515,0.0606060606060606,0.0151515151515151
https://doi.org/10.1002/maco.202070081,12.25,6.333333333333333,0.7414965986394558,0.7414965986394558,0.0408163265306122,0.0204081632653061
https://doi.org/10.1002/maco.202070111,55.5,5.801801801801802,0.6756756756756757,0.6666666666666666,0.018018018018018,0.018018018018018
https://doi.org/10.1108/acmm-01-2021-2422,16.333333333333332,6.561224489795919,0.6632653061224489,0.5663265306122449,0.0153061224489795,0.010204081632653
https://doi.org/10.1108/acmm-07-2021-2522,23.0,6.652173913043479,0.7267080745341615,0.515527950310559,0.0434782608695652,0.0186335403726708
https://doi.org/10.1108/acmm-05-2021-2487,9.391304347826088,6.578703703703703,0.6759259259259259,0.5509259259259259,0.0231481481481481,0.0185185185185185
https://doi.org/10.1108/acmm-01-2021-2426,22.615384615384617,6.772108843537415,0.6428571428571429,0.4829931972789115,0.0306122448979591,0.0238095238095238
https://doi.org/10.1108/acmm-07-2021-2518,36.0,5.777777777777778,0.78125,0.4305555555555556,0.0173611111111111,0.0138888888888888
https://doi.org/10.1108/acmm-03-2020-2286,22.785714285714285,6.667711598746082,0.6959247648902821,0.3981191222570533,0.0156739811912225,0.012539184952978
https://doi.org/10.1108/acmm-07-2020-2342,24.33333333333333,6.773972602739726,0.678082191780822,0.5753424657534246,0.0410958904109589,0.0068493150684931
https://doi.org/10.1108/acmm-06-2020-2338,27.727272727272727,7.331147540983607,0.6721311475409836,0.4655737704918032,0.0295081967213114,0.0131147540983606
https://doi.org/10.1108/acmm-03-2021-2459,19.1,7.151832460732984,0.6858638743455497,0.5340314136125655,0.0261780104712041,0.0261780104712041
https://doi.org/10.1108/acmm-11-2020-2407,7.842105263157895,6.76510067114094,0.6912751677852349,0.5771812080536913,0.046979865771812,0.0201342281879194
https://doi.org/10.1108/acmm-09-2020-2367,21.666666666666668,6.841025641025641,0.6256410256410256,0.558974358974359,0.0615384615384615,0.0205128205128205
https://doi.org/10.1108/acmm-03-2021-2453,27.0,6.292592592592593,0.6185185185185185,0.4111111111111111,0.0333333333333333,0.0074074074074074
https://doi.org/10.1108/acmm-05-2021-2488,27.0,7.135802469135802,0.6378600823045267,0.5020576131687243,0.0288065843621399,0.0164609053497942
https://doi.org/10.1108/acmm-04-2021-2470,14.266666666666667,6.509345794392523,0.7009345794392523,0.602803738317757,0.02803738317757,0.0186915887850467
https://doi.org/10.1108/acmm-03-2021-2462,18.666666666666668,7.0625,0.7142857142857143,0.5223214285714286,0.0357142857142857,0.0089285714285714
https://doi.org/10.1108/acmm-12-2020-2414,17.583333333333332,6.7156398104265405,0.6635071090047393,0.5165876777251185,0.0284360189573459,0.0142180094786729
https://doi.org/10.1108/acmm-01-2021-2429,25.6,6.7734375,0.62109375,0.51171875,0.03515625,0.015625
https://doi.org/10.1108/acmm-09-2020-2377,25.25,7.163366336633663,0.7079207920792079,0.6138613861386139,0.0693069306930693,0.0198019801980198
https://doi.org/10.1108/acmm-04-2021-2478,19.5,6.64957264957265,0.6837606837606838,0.5811965811965812,0.017094017094017,0.0085470085470085
https://doi.org/10.1108/acmm-05-2021-2486,23.2,6.767241379310345,0.625,0.5818965517241379,0.021551724137931,0.0301724137931034
https://doi.org/10.1108/acmm-03-2021-2447,18.153846153846157,7.419491525423729,0.7330508474576272,0.5550847457627118,0.0211864406779661,0.0127118644067796
https://doi.org/10.1108/acmm-09-2020-2378,23.625,6.455026455026455,0.6666666666666666,0.5502645502645502,0.0317460317460317,0.0158730158730158
https://doi.org/10.1108/acmm-08-2020-2357,12.095238095238097,6.18503937007874,0.6732283464566929,0.4960629921259842,0.0236220472440944,0.0078740157480314
https://doi.org/10.1108/acmm-02-2020-2265,22.642857142857142,7.069400630914826,0.7066246056782335,0.4542586750788643,0.0347003154574132,0.0157728706624605
https://doi.org/10.1108/acmm-11-2020-2402,26.33333333333333,6.561181434599156,0.6624472573839663,0.540084388185654,0.0295358649789029,0.0168776371308016
https://doi.org/10.1108/acmm-12-2020-2417,13.8,6.905797101449275,0.6884057971014492,0.5,0.0326086956521739,0.0108695652173913
https://doi.org/10.1108/acmm-05-2021-2483,20.0,7.220833333333333,0.6458333333333334,0.4958333333333333,0.0125,0.0208333333333333
https://doi.org/10.1108/acmm-06-2020-2336,40.5,6.987654320987654,0.7119341563786008,0.4444444444444444,0.0205761316872428,0.0164609053497942
https://doi.org/10.1108/acmm-08-2021-2524,11.882352941176473,6.905940594059406,0.7029702970297029,0.594059405940594,0.0297029702970297,0.0297029702970297
https://doi.org/10.1108/acmm-12-2020-2412,23.2,6.512931034482759,0.7112068965517241,0.5991379310344828,0.0258620689655172,0.0129310344827586
https://doi.org/10.1108/acmm-10-2020-2385,13.235294117647058,6.24,0.7288888888888889,0.5466666666666666,0.0488888888888888,0.0044444444444444
https://doi.org/10.1108/acmm-11-2020-2403,34.5,6.594202898550725,0.6570048309178744,0.4734299516908212,0.0434782608695652,0.0144927536231884
https://doi.org/10.1108/acmm-06-2021-2496,18.5,6.621621621621622,0.6283783783783784,0.6216216216216216,0.027027027027027,0.0135135135135135
https://doi.org/10.1108/acmm-08-2020-2356,26.1,6.260536398467433,0.6053639846743295,0.3984674329501915,0.0191570881226053,0.0114942528735632
https://doi.org/10.1108/acmm-03-2021-2463,32.75,6.484732824427481,0.648854961832061,0.4885496183206106,0.049618320610687,0.0114503816793893
https://doi.org/10.1108/acmm-04-2021-2467,21.0,6.947619047619048,0.6476190476190476,0.4809523809523809,0.019047619047619,0.019047619047619
https://doi.org/10.1108/acmm-12-2020-2408,23.0,7.036231884057971,0.6666666666666666,0.5652173913043478,0.036231884057971,0.0217391304347826
https://doi.org/10.1108/acmm-04-2021-2473,14.31578947368421,6.536764705882353,0.7058823529411765,0.5992647058823529,0.0110294117647058,0.0073529411764705
https://doi.org/10.1108/acmm-04-2021-2471,25.4,7.228346456692913,0.7165354330708661,0.5118110236220472,0.0551181102362204,0.0157480314960629
https://doi.org/10.1108/acmm-10-2020-2388,21.22222222222222,6.5811518324607325,0.6701570680628273,0.5392670157068062,0.0523560209424083,0.0157068062827225
https://doi.org/10.1108/acmm-10-2020-2397,24.5,6.040816326530612,0.6428571428571429,0.5,0.0204081632653061,0.0357142857142857
https://doi.org/10.1108/acmm-12-2020-2413,24.428571428571427,6.713450292397661,0.5847953216374269,0.631578947368421,0.0350877192982456,0.023391812865497
https://doi.org/10.1108/acmm-12-2020-2420,27.75,6.86036036036036,0.6306306306306306,0.509009009009009,0.036036036036036,0.0315315315315315
https://doi.org/10.1108/acmm-09-2020-2376,18.46153846153846,6.904166666666667,0.6833333333333333,0.625,0.0291666666666666,0.025
https://doi.org/10.1108/acmm-09-2020-2374,20.428571428571427,7.13986013986014,0.6923076923076923,0.6993006993006993,0.0209790209790209,0.0139860139860139
https://doi.org/10.1108/acmm-07-2020-2346,26.22222222222222,6.656779661016949,0.673728813559322,0.5254237288135594,0.0381355932203389,0.0254237288135593
https://doi.org/10.1108/acmm-02-2021-2440,29.875,7.00418410041841,0.6820083682008368,0.4895397489539749,0.0209205020920502,0.0125523012552301
https://doi.org/10.1108/acmm-06-2020-2334,17.75,6.552816901408451,0.5985915492957746,0.4929577464788732,0.0211267605633802,0.0211267605633802
https://doi.org/10.1108/acmm-08-2020-2359,19.77777777777778,6.606741573033708,0.6067415730337079,0.4943820224719101,0.0224719101123595,0.0280898876404494
https://doi.org/10.1108/acmm-03-2020-2270,15.428571428571429,5.962962962962963,0.7453703703703703,0.5972222222222222,0.0185185185185185,0.0092592592592592
https://doi.org/10.1108/acmm-03-2021-2449,14.909090909090908,7.865853658536586,0.7621951219512195,0.6585365853658537,0.0365853658536585,0.0060975609756097
https://doi.org/10.1108/acmm-11-2020-2405,17.333333333333332,6.634615384615385,0.7060439560439561,0.5631868131868132,0.0357142857142857,0.0247252747252747
https://doi.org/10.1108/acmm-06-2021-2503,22.5,7.022222222222222,0.6814814814814815,0.6888888888888889,0.0222222222222222,0.0296296296296296
https://doi.org/10.1108/acmm-03-2021-2460,16.88888888888889,7.197368421052632,0.6710526315789473,0.6578947368421053,0.0263157894736842,0.0592105263157894
https://doi.org/10.1108/acmm-08-2021-2527,17.454545454545453,7.1875,0.6875,0.546875,0.0520833333333333,0.0208333333333333
https://doi.org/10.1108/acmm-07-2020-2339,25.0,6.673333333333333,0.67,0.53,0.04,0.0133333333333333
https://doi.org/10.1108/acmm-10-2020-2384,22.875,7.295081967213115,0.7377049180327869,0.5901639344262295,0.0218579234972677,0.0382513661202185
https://doi.org/10.1108/acmm-10-2021-2555,19.285714285714285,7.162962962962963,0.7185185185185186,0.6222222222222222,0.0666666666666666,0.0148148148148148
https://doi.org/10.1108/acmm-12-2020-2411,16.714285714285715,6.931623931623932,0.6666666666666666,0.5726495726495726,0.017094017094017,0.0213675213675213
https://doi.org/10.1108/acmm-06-2020-2328,25.272727272727277,6.611510791366906,0.6690647482014388,0.539568345323741,0.0287769784172661,0.0359712230215827
https://doi.org/10.1108/acmm-02-2020-2257,22.666666666666668,6.647058823529412,0.6862745098039216,0.5098039215686274,0.0294117647058823,0.0147058823529411
https://doi.org/10.1108/acmm-07-2021-2505,21.0,6.835978835978836,0.671957671957672,0.5079365079365079,0.0476190476190476,0.0052910052910052
https://doi.org/10.1108/acmm-07-2021-2521,13.727272727272728,6.854304635761589,0.6357615894039735,0.6754966887417219,0.0463576158940397,0.0331125827814569
https://doi.org/10.1108/acmm-03-2021-2454,25.33333333333333,6.625,0.6644736842105263,0.5592105263157895,0.0855263157894736,0.006578947368421
https://doi.org/10.1108/acmm-04-2020-2295,24.4,7.368852459016393,0.7049180327868853,0.5819672131147541,0.040983606557377,0.0245901639344262
https://doi.org/10.1108/acmm-10-2020-2389,18.416666666666668,6.076923076923077,0.6561085972850679,0.579185520361991,0.0271493212669683,0.0135746606334841
https://doi.org/10.1108/acmm-03-2021-2456,34.0,7.524509803921568,0.7107843137254902,0.5196078431372549,0.0196078431372549,0.0196078431372549
https://doi.org/10.1108/acmm-04-2021-2472,17.071428571428573,7.058577405857741,0.6778242677824268,0.5774058577405857,0.0292887029288702,0.0334728033472803
https://doi.org/10.1108/acmm-12-2020-2409,29.55555555555556,7.18796992481203,0.6541353383458647,0.6353383458646616,0.037593984962406,0.0263157894736842
https://doi.org/10.1108/acmm-06-2020-2335,24.666666666666668,6.031531531531532,0.6621621621621622,0.4594594594594595,0.036036036036036,0.018018018018018
https://doi.org/10.1108/acmm-02-2021-2439,16.307692307692307,6.79245283018868,0.6556603773584906,0.4858490566037736,0.0141509433962264,0.0283018867924528
https://doi.org/10.1108/acmm-03-2021-2464,24.0,6.6,0.6333333333333333,0.5666666666666667,0.0333333333333333,0.0166666666666666
https://doi.org/10.1108/acmm-04-2021-2468,18.875,7.0,0.6688741721854304,0.6291390728476821,0.0463576158940397,0.0264900662251655
https://doi.org/10.5006/3741,20.0,6.97,0.71,0.71,0.06,0.0
https://doi.org/10.5006/3749,21.77777777777778,7.051020408163265,0.7040816326530612,0.6020408163265306,0.0204081632653061,0.0051020408163265
https://doi.org/10.5006/3906,12.38888888888889,6.883408071748879,0.6995515695067265,0.6547085201793722,0.0448430493273542,0.0224215246636771
https://doi.org/10.5006/3675,29.4,6.707482993197279,0.6802721088435374,0.6598639455782312,0.0612244897959183,0.0272108843537414
https://doi.org/10.5006/3844,21.8,7.110091743119266,0.6697247706422018,0.6100917431192661,0.0321100917431192,0.018348623853211
https://doi.org/10.5006/3894,25.0,6.611428571428571,0.68,0.6171428571428571,0.04,0.0228571428571428
https://doi.org/10.5006/3685,15.6,6.551282051282051,0.6282051282051282,0.6538461538461539,0.0512820512820512,0.0576923076923076
https://doi.org/10.5006/3833,33.666666666666664,7.00990099009901,0.6881188118811881,0.6435643564356436,0.0445544554455445,0.0148514851485148
https://doi.org/10.5006/3872,14.75,6.638418079096045,0.672316384180791,0.6384180790960452,0.0451977401129943,0.0225988700564971
https://doi.org/10.5006/3490,18.545454545454547,6.838235294117647,0.6862745098039216,0.5637254901960784,0.0392156862745098,0.0294117647058823
https://doi.org/10.5006/3902,22.666666666666668,6.713235294117647,0.6323529411764706,0.5955882352941176,0.0588235294117647,0.0367647058823529
https://doi.org/10.5006/3667,21.75,6.614942528735632,0.6551724137931034,0.6149425287356322,0.0459770114942528,0.0172413793103448
https://doi.org/10.5006/3879,23.875,6.973821989528796,0.6701570680628273,0.5026178010471204,0.0157068062827225,0.0157068062827225
https://doi.org/10.5006/3699,19.55555555555556,6.130681818181818,0.6931818181818182,0.5227272727272727,0.0625,0.0056818181818181
https://doi.org/10.5006/3797,19.5,7.478632478632479,0.7692307692307693,0.7863247863247863,0.0427350427350427,0.0085470085470085
https://doi.org/10.5006/3812,20.428571428571427,6.363636363636363,0.6608391608391608,0.4965034965034965,0.0209790209790209,0.0104895104895104
https://doi.org/10.5006/3561,37.4,6.780748663101604,0.679144385026738,0.5401069518716578,0.0267379679144385,0.0160427807486631
https://doi.org/10.5006/3939,24.83333333333333,6.181208053691275,0.6241610738255033,0.6308724832214765,0.0536912751677852,0.0536912751677852
https://doi.org/10.5006/3643,25.25,6.861386138613861,0.6336633663366337,0.5445544554455446,0.0396039603960396,0.0099009900990099
https://doi.org/10.5006/3858,23.0,6.630434782608695,0.5652173913043478,0.7717391304347826,0.0434782608695652,0.0326086956521739
https://doi.org/10.5006/3744,25.444444444444443,6.043668122270742,0.5807860262008734,0.5021834061135371,0.0436681222707423,0.0218340611353711
https://doi.org/10.5006/3799,19.75,7.620253164556962,0.759493670886076,0.6265822784810127,0.0443037974683544,0.0189873417721519
https://doi.org/10.5006/3730,22.625,6.994475138121547,0.7071823204419889,0.6408839779005525,0.0386740331491712,0.0276243093922651
https://doi.org/10.5006/3967,23.285714285714285,6.828220858895706,0.6932515337423313,0.6748466257668712,0.0368098159509202,0.0245398773006134
https://doi.org/10.5006/3711,19.047619047619047,6.285,0.66,0.47,0.015,0.005
https://doi.org/10.5006/3714,26.857142857142858,6.680851063829787,0.6223404255319149,0.5904255319148937,0.0159574468085106,0.0531914893617021
https://doi.org/10.5006/3811,21.90909090909091,6.468879668049793,0.6639004149377593,0.5684647302904564,0.0290456431535269,0.0539419087136929
https://doi.org/10.5006/3689,17.11111111111111,6.4480519480519485,0.6558441558441559,0.5974025974025974,0.0129870129870129,0.0259740259740259
https://doi.org/10.5006/3868,22.9,6.834061135371179,0.74235807860262,0.7117903930131004,0.0087336244541484,0.0087336244541484
https://doi.org/10.5006/3842,30.444444444444443,6.817518248175182,0.635036496350365,0.4963503649635036,0.0182481751824817,0.0145985401459854
https://doi.org/10.5006/3802,22.11111111111111,7.341708542713568,0.6934673366834171,0.6733668341708543,0.0452261306532663,0.0301507537688442
https://doi.org/10.5006/3697,19.83333333333333,6.781512605042017,0.7142857142857143,0.5602240896358543,0.0224089635854341,0.0224089635854341
https://doi.org/10.5006/3514,16.842105263157894,6.078125,0.64375,0.46875,0.021875,0.009375
https://doi.org/10.5006/3820,18.33333333333333,6.004545454545455,0.6636363636363637,0.5545454545454546,0.0272727272727272,0.0136363636363636
https://doi.org/10.5006/3908,24.88888888888889,6.839285714285714,0.6339285714285714,0.5491071428571429,0.0357142857142857,0.0267857142857142
https://doi.org/10.5006/3746,19.83333333333333,6.420168067226891,0.6890756302521008,0.6638655462184874,0.0756302521008403,0.0084033613445378
https://doi.org/10.5006/3732,13.571428571428571,6.789473684210527,0.6947368421052632,0.7473684210526316,0.0421052631578947,0.0210526315789473
https://doi.org/10.5006/3779,20.2,6.851485148514851,0.6831683168316832,0.504950495049505,0.0544554455445544,0.0099009900990099
https://doi.org/10.5006/3871,26.5,6.754716981132075,0.610062893081761,0.6226415094339622,0.0314465408805031,0.0440251572327044
https://doi.org/10.5006/3548,33.5,6.8059701492537314,0.6666666666666666,0.5472636815920398,0.0348258706467661,0.0248756218905472
https://doi.org/10.5006/3840,14.75,6.508474576271187,0.6271186440677966,0.7796610169491526,0.0169491525423728,0.0508474576271186
https://doi.org/10.5006/3786,28.75,6.621739130434783,0.6521739130434783,0.4913043478260869,0.017391304347826,0.0130434782608695
https://doi.org/10.5006/3674,28.666666666666668,6.534883720930233,0.6550387596899225,0.5387596899224806,0.0155038759689922,0.0077519379844961
https://doi.org/10.5006/3778,20.83333333333333,6.8,0.664,0.5,0.036,0.012
https://doi.org/10.5006/4019,33.0,7.095959595959596,0.6565656565656566,0.5707070707070707,0.0505050505050505,0.0101010101010101
https://doi.org/10.5006/3860,22.90909090909091,6.015873015873016,0.7182539682539683,0.5515873015873016,0.0396825396825396,0.0079365079365079
https://doi.org/10.5006/3736,21.8,6.954128440366972,0.6788990825688074,0.6972477064220184,0.073394495412844,0.0458715596330275
https://doi.org/10.5006/3618,18.0,6.005555555555556,0.7222222222222222,0.6333333333333333,0.0333333333333333,0.0222222222222222
https://doi.org/10.5006/3721,34.2,6.701754385964913,0.6198830409356725,0.5789473684210527,0.0584795321637426,0.0467836257309941
https://doi.org/10.5006/3718,21.875,6.857142857142857,0.7142857142857143,0.6285714285714286,0.04,0.0057142857142857
https://doi.org/10.5006/3787,20.0,6.194444444444445,0.6333333333333333,0.55,0.0222222222222222,0.0222222222222222
https://doi.org/10.5006/3805,26.33333333333333,6.60126582278481,0.689873417721519,0.5886075949367089,0.0221518987341772,0.0189873417721519
https://doi.org/10.5006/3793,24.142857142857142,6.556213017751479,0.6627218934911243,0.6627218934911243,0.0473372781065088,0.0236686390532544
https://doi.org/10.5006/3763,27.0,6.814814814814815,0.6666666666666666,0.5777777777777777,0.0518518518518518,0.0074074074074074
https://doi.org/10.5006/3663,23.2,6.905172413793103,0.7155172413793104,0.7413793103448276,0.043103448275862,0.0086206896551724
https://doi.org/10.5006/3885,23.0,7.226086956521739,0.6608695652173913,0.6347826086956522,0.0869565217391304,0.0
https://doi.org/10.5006/3963,26.142857142857142,6.557377049180328,0.6666666666666666,0.5792349726775956,0.0163934426229508,0.0218579234972677
https://doi.org/10.5006/3717,23.53846153846154,6.3202614379084965,0.630718954248366,0.5392156862745098,0.0163398692810457,0.0261437908496732
https://doi.org/10.5006/3572,21.25,6.1647058823529415,0.6941176470588235,0.4117647058823529,0.0235294117647058,0.0058823529411764
https://doi.org/10.5006/4000,23.33333333333333,7.161904761904762,0.6714285714285714,0.580952380952381,0.0714285714285714,0.0142857142857142
https://doi.org/10.5006/3790,20.25,6.9753086419753085,0.6851851851851852,0.6481481481481481,0.0123456790123456,0.037037037037037
https://doi.org/10.5006/3949,15.789473684210526,6.696666666666666,0.71,0.6066666666666667,0.0266666666666666,0.0233333333333333
https://doi.org/10.5006/3813,26.444444444444443,6.626050420168068,0.6218487394957983,0.5546218487394958,0.0294117647058823,0.0252100840336134
https://doi.org/10.5006/3942,23.55555555555556,6.349056603773585,0.6462264150943396,0.6226415094339622,0.0094339622641509,0.0283018867924528
https://doi.org/10.5006/3854,22.83333333333333,6.394160583941606,0.6423357664233577,0.6496350364963503,0.072992700729927,0.0145985401459854
https://doi.org/10.5006/3867,19.3,6.471502590673575,0.6994818652849741,0.6787564766839378,0.0207253886010362,0.0207253886010362
https://doi.org/10.5006/3839,18.454545454545453,6.940886699507389,0.6699507389162561,0.5911330049261084,0.0443349753694581,0.0147783251231527
https://doi.org/10.5006/3916,18.272727272727277,7.189054726368159,0.7512437810945274,0.6716417910447762,0.044776119402985,0.0099502487562189
https://doi.org/10.5006/3725,20.6,6.796116504854369,0.7135922330097088,0.6844660194174758,0.0436893203883495,0.0048543689320388
https://doi.org/10.5006/3759,23.5,5.925531914893617,0.6382978723404256,0.6382978723404256,0.0531914893617021,0.0212765957446808
https://doi.org/10.5006/3822,26.0,6.923076923076923,0.7115384615384616,0.7211538461538461,0.0576923076923076,0.048076923076923
https://doi.org/10.5006/3925,23.25,6.860215053763441,0.6881720430107527,0.7204301075268817,0.086021505376344,0.0
https://doi.org/10.5006/3965,32.714285714285715,6.427947598253275,0.5938864628820961,0.5895196506550219,0.0218340611353711,0.0218340611353711
https://doi.org/10.5006/3705,21.2,6.849056603773585,0.7169811320754716,0.5943396226415094,0.0377358490566037,0.0141509433962264
https://doi.org/10.5006/3774,25.428571428571427,6.174157303370786,0.6797752808988764,0.5561797752808989,0.0561797752808988,0.0056179775280898
https://doi.org/10.5006/3556,19.916666666666668,6.443514644351464,0.6317991631799164,0.5439330543933054,0.0292887029288702,0.0209205020920502
https://doi.org/10.5006/3814,22.571428571428573,7.1075949367088604,0.6392405063291139,0.6139240506329114,0.0379746835443038,0.0063291139240506
https://doi.org/10.5006/3454,19.428571428571427,6.606617647058823,0.6580882352941176,0.6507352941176471,0.0294117647058823,0.0220588235294117
https://doi.org/10.5006/3852,33.0,6.460606060606061,0.6545454545454545,0.6666666666666666,0.0606060606060606,0.0545454545454545
https://doi.org/10.5006/3703,21.857142857142858,7.0588235294117645,0.6535947712418301,0.673202614379085,0.0392156862745098,0.0130718954248366
https://doi.org/10.5006/3866,20.33333333333333,6.683060109289618,0.6557377049180327,0.5956284153005464,0.0327868852459016,0.0109289617486338
https://doi.org/10.5006/3831,22.125,6.694915254237288,0.655367231638418,0.632768361581921,0.0225988700564971,0.0282485875706214
https://doi.org/10.5006/3576,21.83333333333333,6.076335877862595,0.6564885496183206,0.6870229007633588,0.0534351145038167,0.0076335877862595
https://doi.org/10.5006/3760,22.0,6.914772727272728,0.6704545454545454,0.5909090909090909,0.034090909090909,0.0227272727272727
https://doi.org/10.5006/3688,22.142857142857142,6.4,0.5935483870967742,0.6064516129032258,0.032258064516129,0.0129032258064516
https://doi.org/10.5006/3748,30.22222222222222,6.790441176470588,0.6617647058823529,0.5036764705882353,0.0404411764705882,0.0110294117647058
https://doi.org/10.5006/3782,22.24,6.588129496402877,0.6169064748201439,0.539568345323741,0.0197841726618705,0.0215827338129496
https://doi.org/10.5006/3686,22.153846153846157,6.215277777777778,0.6215277777777778,0.4409722222222222,0.0277777777777777,0.0104166666666666
https://doi.org/10.5006/3788,19.83333333333333,6.605042016806722,0.6554621848739496,0.680672268907563,0.0756302521008403,0.0084033613445378
https://doi.org/10.5006/3881,34.333333333333336,6.718446601941747,0.6893203883495146,0.6796116504854369,0.029126213592233,0.0194174757281553
https://doi.org/10.5006/3917,26.5,6.238993710691824,0.6226415094339622,0.5283018867924528,0.0157232704402515,0.0471698113207547
https://doi.org/10.5006/3728,24.375,6.887179487179488,0.6666666666666666,0.6564102564102564,0.0205128205128205,0.0205128205128205
https://doi.org/10.5006/3742,22.3,7.322869955156951,0.7219730941704036,0.6860986547085202,0.0358744394618834,0.0224215246636771
https://doi.org/10.5006/3914,16.428571428571427,6.891304347826087,0.6826086956521739,0.5869565217391305,0.0260869565217391,0.008695652173913
https://doi.org/10.5006/3824,21.7,6.654377880184332,0.6682027649769585,0.6359447004608295,0.0184331797235023,0.0138248847926267
https://doi.org/10.5006/3912,26.8,6.902985074626866,0.6567164179104478,0.5970149253731343,0.0223880597014925,0.0149253731343283
https://doi.org/10.5006/3855,26.2,6.442748091603053,0.732824427480916,0.6946564885496184,0.0381679389312977,0.0076335877862595
https://doi.org/10.5006/3810,27.25,7.220183486238532,0.6697247706422018,0.5229357798165137,0.036697247706422,0.018348623853211
https://doi.org/10.5006/3936,27.625,7.285067873303167,0.6787330316742082,0.5565610859728507,0.0316742081447963,0.0135746606334841
https://doi.org/10.5006/3957,25.571428571428573,7.843575418994414,0.7318435754189944,0.6312849162011173,0.0279329608938547,0.0111731843575419
https://doi.org/10.1080/1478422x.2021.1921336,27.6,7.079710144927536,0.6884057971014492,0.6086956521739131,0.0507246376811594,0.0144927536231884
https://doi.org/10.1080/1478422x.2021.1916236,21.428571428571427,7.1066666666666665,0.7066666666666667,0.5866666666666667,0.0466666666666666,0.0133333333333333
https://doi.org/10.1080/1478422x.2021.1879427,23.666666666666668,6.866197183098592,0.6338028169014085,0.6830985915492958,0.0211267605633802,0.0070422535211267
https://doi.org/10.1080/1478422x.2020.1866844,25.0,6.28,0.64,0.592,0.048,0.0
https://doi.org/10.1080/1478422x.2021.1919840,29.2,6.417808219178082,0.6301369863013698,0.5684931506849316,0.047945205479452,0.0068493150684931
https://doi.org/10.1080/1478422x.2021.1961664,12.75,6.496732026143791,0.7254901960784313,0.6928104575163399,0.0130718954248366,0.0261437908496732
https://doi.org/10.1080/1478422x.2021.2005227,13.363636363636363,6.530612244897959,0.7074829931972789,0.5714285714285714,0.0136054421768707,0.0136054421768707
https://doi.org/10.1080/1478422x.2021.1954137,33.5,6.567164179104478,0.6716417910447762,0.6791044776119403,0.0298507462686567,0.0671641791044776
https://doi.org/10.1080/1478422x.2021.1976086,18.5,6.695945945945946,0.6554054054054054,0.6824324324324325,0.027027027027027,0.027027027027027
https://doi.org/10.1080/1478422x.2021.1994107,36.25,6.944827586206896,0.6482758620689655,0.6482758620689655,0.0344827586206896,0.0344827586206896
https://doi.org/10.1080/1478422x.2021.1992132,26.6,6.917293233082707,0.631578947368421,0.6090225563909775,0.0676691729323308,0.0075187969924812
https://doi.org/10.1080/1478422x.2021.2019881,18.75,6.333333333333333,0.6066666666666667,0.52,0.0533333333333333,0.02
https://doi.org/10.1080/1478422x.2021.1920171,20.0,6.7785714285714285,0.6928571428571428,0.6214285714285714,0.0428571428571428,0.0071428571428571
https://doi.org/10.1080/1478422x.2021.1931737,20.0,6.83,0.68,0.64,0.03,0.02
https://doi.org/10.1080/1478422x.2021.1987376,20.571428571428573,7.0,0.6736111111111112,0.6944444444444444,0.0416666666666666,0.0138888888888888
https://doi.org/10.1080/1478422x.2021.1982113,18.625,6.328859060402684,0.6442953020134228,0.5838926174496645,0.0201342281879194,0.0067114093959731
https://doi.org/10.1080/1478422x.2020.1861732,12.615384615384617,6.024390243902439,0.6829268292682927,0.5182926829268293,0.048780487804878,0.0060975609756097
https://doi.org/10.1080/1478422x.2021.1922811,16.666666666666668,6.76,0.61,0.67,0.05,0.01
https://doi.org/10.1080/1478422x.2021.1917864,28.75,6.321739130434783,0.6260869565217392,0.591304347826087,0.0434782608695652,0.0260869565217391
https://doi.org/10.1080/1478422x.2021.1923178,15.555555555555555,6.607142857142857,0.6785714285714286,0.5714285714285714,0.05,0.0142857142857142
https://doi.org/10.1080/1478422x.2021.1931646,24.666666666666668,7.418918918918919,0.6891891891891891,0.6418918918918919,0.0472972972972973,0.027027027027027
https://doi.org/10.1080/1478422x.2021.1976085,24.2,6.75206611570248,0.6859504132231405,0.7024793388429752,0.0330578512396694,0.024793388429752
https://doi.org/10.1080/1478422x.2021.1980647,21.428571428571427,5.86,0.6466666666666666,0.5533333333333333,0.0466666666666666,0.0
https://doi.org/10.1080/1478422x.2021.1937452,30.0,6.426666666666667,0.64,0.62,0.0333333333333333,0.02
https://doi.org/10.1080/1478422x.2021.2015823,17.875,6.678321678321678,0.6503496503496503,0.6923076923076923,0.0279720279720279,0.0209790209790209
https://doi.org/10.1080/1478422x.2021.2010873,18.0,7.534722222222222,0.7013888888888888,0.7222222222222222,0.0416666666666666,0.0277777777777777
https://doi.org/10.1080/1478422x.2021.1879426,26.6,6.857142857142857,0.6616541353383458,0.6616541353383458,0.0225563909774436,0.0225563909774436
https://doi.org/10.1080/1478422x.2021.1961663,24.75,6.636363636363637,0.6666666666666666,0.6666666666666666,0.0404040404040404,0.0404040404040404
https://doi.org/10.1080/1478422x.2021.1901043,18.125,6.737931034482759,0.6413793103448275,0.6344827586206897,0.0344827586206896,0.0206896551724137
https://doi.org/10.1080/1478422x.2021.2019880,12.909090909090908,6.514084507042254,0.704225352112676,0.6267605633802817,0.0070422535211267,0.0140845070422535
https://doi.org/10.1080/1478422x.2021.1904096,26.166666666666668,7.261146496815287,0.7070063694267515,0.6242038216560509,0.019108280254777,0.019108280254777
https://doi.org/10.1080/1478422x.2021.1931645,16.857142857142858,7.135593220338983,0.6610169491525424,0.6949152542372882,0.0338983050847457,0.0169491525423728
https://doi.org/10.1080/1478422x.2021.1916237,16.666666666666668,6.1066666666666665,0.68,0.64,0.04,0.0266666666666666
https://doi.org/10.1080/1478422x.2021.1943818,29.6,6.668918918918919,0.6013513513513513,0.581081081081081,0.0608108108108108,0.0135135135135135
https://doi.org/10.1080/1478422x.2021.1893942,7.882352941176471,6.985074626865671,0.7164179104477612,0.7388059701492538,0.0373134328358208,0.0
https://doi.org/10.1080/1478422x.2021.1916689,37.25,6.416107382550336,0.6577181208053692,0.5503355704697986,0.0335570469798657,0.0067114093959731
https://doi.org/10.1080/1478422x.2021.2005228,29.25,6.521367521367521,0.6495726495726496,0.6581196581196581,0.0427350427350427,0.0
https://doi.org/10.1080/1478422x.2021.1927496,17.0,7.30718954248366,0.7189542483660131,0.673202614379085,0.0196078431372549,0.0130718954248366
https://doi.org/10.1080/1478422x.2021.1941542,24.714285714285715,6.971098265895954,0.6763005780346821,0.6069364161849711,0.0346820809248554,0.0231213872832369
https://doi.org/10.1080/1478422x.2021.1998956,25.5,6.901960784313726,0.6862745098039216,0.5490196078431373,0.0326797385620915,0.0326797385620915
https://doi.org/10.1080/1478422x.2021.1947942,19.857142857142858,6.784172661870503,0.6474820143884892,0.539568345323741,0.0431654676258992,0.0
https://doi.org/10.1080/1478422x.2021.1886739,17.25,5.818840579710145,0.7028985507246377,0.6159420289855072,0.0434782608695652,0.0072463768115942
https://doi.org/10.1080/1478422x.2021.1918839,18.75,5.9,0.64,0.56,0.0266666666666666,0.0133333333333333
https://doi.org/10.1080/1478422x.2021.2002794,36.0,6.479166666666667,0.5833333333333334,0.4375,0.0347222222222222,0.0208333333333333
https://doi.org/10.1080/1478422x.2020.1864097,24.142857142857142,5.93491124260355,0.5798816568047337,0.5325443786982249,0.0355029585798816,0.0177514792899408
https://doi.org/10.1080/1478422x.2021.1946250,25.166666666666668,6.920529801324503,0.6423841059602649,0.6490066225165563,0.0463576158940397,0.0066225165562913
https://doi.org/10.1080/1478422x.2021.1916235,17.666666666666668,6.122641509433962,0.5943396226415094,0.6226415094339622,0.0566037735849056,0.0094339622641509
https://doi.org/10.1080/1478422x.2021.1937451,18.5,6.966216216216216,0.6486486486486487,0.6081081081081081,0.0405405405405405,0.0202702702702702
https://doi.org/10.1080/1478422x.2021.1944552,20.142857142857142,6.290780141843972,0.6382978723404256,0.5390070921985816,0.0283687943262411,0.0212765957446808
https://doi.org/10.1080/1478422x.2021.1979298,21.285714285714285,7.348993288590604,0.6912751677852349,0.697986577181208,0.0604026845637583,0.046979865771812
https://doi.org/10.1080/1478422x.2021.1973175,12.666666666666666,6.1381578947368425,0.6776315789473685,0.6842105263157895,0.0328947368421052,0.006578947368421
https://doi.org/10.1080/1478422x.2021.1986248,24.5,6.551020408163265,0.6190476190476191,0.5918367346938775,0.0612244897959183,0.0068027210884353
https://doi.org/10.1080/1478422x.2021.1935088,23.8,6.739495798319328,0.680672268907563,0.6386554621848739,0.0504201680672268,0.0168067226890756
https://doi.org/10.1080/1478422x.2021.1972249,26.8,6.231343283582089,0.6268656716417911,0.5895522388059702,0.0223880597014925,0.0298507462686567
https://doi.org/10.1080/1478422x.2021.1998952,21.83333333333333,5.99236641221374,0.5877862595419847,0.6259541984732825,0.0763358778625954,0.0305343511450381
https://doi.org/10.1080/1478422x.2020.1862967,18.0,6.618055555555555,0.6527777777777778,0.5486111111111112,0.0347222222222222,0.0069444444444444
https://doi.org/10.1080/1478422x.2021.2010875,14.0,5.944444444444445,0.6349206349206349,0.5873015873015873,0.0396825396825396,0.0238095238095238
https://doi.org/10.1080/1478422x.2020.1870094,37.333333333333336,6.785714285714286,0.6339285714285714,0.6964285714285714,0.0357142857142857,0.0178571428571428
https://doi.org/10.1080/1478422x.2021.1935086,25.0,7.193333333333333,0.6466666666666666,0.6466666666666666,0.0266666666666666,0.0133333333333333
https://doi.org/10.1080/1478422x.2021.1886740,12.416666666666666,6.791946308724833,0.6912751677852349,0.4832214765100671,0.0536912751677852,0.0402684563758389
https://doi.org/10.1080/1478422x.2021.1916688,26.0,6.913461538461538,0.6153846153846154,0.7307692307692307,0.0288461538461538,0.0384615384615384
https://doi.org/10.1080/1478422x.2021.1961665,26.6,6.864661654135339,0.6616541353383458,0.6390977443609023,0.0300751879699248,0.0225563909774436
https://doi.org/10.1080/1478422x.2021.1933309,24.166666666666668,6.9862068965517246,0.6758620689655173,0.6551724137931034,0.0758620689655172,0.0068965517241379
https://doi.org/10.1080/1478422x.2021.1980648,20.571428571428573,6.743055555555555,0.6388888888888888,0.6180555555555556,0.0277777777777777,0.0069444444444444
https://doi.org/10.1080/1478422x.2021.1988386,24.166666666666668,6.3310344827586205,0.6068965517241379,0.5586206896551724,0.0344827586206896,0.0206896551724137
https://doi.org/10.1080/1478422x.2021.1995582,14.9,6.1879194630872485,0.6577181208053692,0.6174496644295302,0.0201342281879194,0.0134228187919463
https://doi.org/10.1080/1478422x.2021.2016090,18.9,6.798941798941799,0.7037037037037037,0.4867724867724867,0.0264550264550264,0.0052910052910052
https://doi.org/10.1080/1478422x.2021.1960781,32.333333333333336,6.639175257731959,0.6288659793814433,0.6804123711340206,0.0515463917525773,0.0
https://doi.org/10.1080/1478422x.2021.2016089,21.33333333333333,7.4453125,0.6796875,0.640625,0.046875,0.046875
https://doi.org/10.1080/1478422x.2021.1910193,31.0,7.118279569892473,0.6129032258064516,0.6989247311827957,0.032258064516129,0.010752688172043
https://doi.org/10.1016/j.corsci.2021.109939,22.2,7.171171171171171,0.6576576576576577,0.7117117117117117,0.027027027027027,0.063063063063063
https://doi.org/10.1016/j.corsci.2021.109650,36.2,7.392265193370166,0.6298342541436464,0.7071823204419889,0.0276243093922651,0.0497237569060773
https://doi.org/10.1016/j.corsci.2021.109664,16.333333333333332,7.142857142857143,0.7142857142857143,0.7142857142857143,0.0408163265306122,0.0
https://doi.org/10.1016/j.corsci.2021.110023,16.333333333333332,6.336734693877551,0.6530612244897959,0.6428571428571429,0.0816326530612244,0.0204081632653061
https://doi.org/10.1016/j.corsci.2021.109343,21.454545454545453,6.995762711864407,0.6991525423728814,0.6440677966101694,0.0296610169491525,0.0127118644067796
https://doi.org/10.1016/j.corsci.2021.109925,24.75,7.292929292929293,0.7373737373737373,0.7878787878787878,0.101010101010101,0.0202020202020202
https://doi.org/10.1016/j.corsci.2021.110007,14.142857142857142,7.868686868686868,0.6666666666666666,0.7878787878787878,0.0505050505050505,0.0303030303030303
https://doi.org/10.1016/j.corsci.2021.109744,24.5,6.744897959183674,0.6530612244897959,0.7448979591836735,0.0204081632653061,0.010204081632653
https://doi.org/10.1016/j.corsci.2021.109836,22.2,6.711711711711712,0.6666666666666666,0.6936936936936937,0.036036036036036,0.036036036036036
https://doi.org/10.1016/j.corsci.2021.109946,19.6,7.122448979591836,0.6428571428571429,0.673469387755102,0.0612244897959183,0.0204081632653061
https://doi.org/10.1016/j.corsci.2021.109589,14.428571428571429,5.831683168316832,0.7029702970297029,0.6732673267326733,0.0297029702970297,0.0099009900990099
https://doi.org/10.1016/j.corsci.2021.109657,20.0,7.08,0.71,0.64,0.03,0.01
https://doi.org/10.1016/j.corsci.2021.109453,21.0,7.083333333333333,0.7738095238095238,0.7738095238095238,0.0357142857142857,0.0119047619047619
https://doi.org/10.1016/j.corsci.2021.109674,20.0,7.2,0.67,0.68,0.03,0.01
https://doi.org/10.1016/j.corsci.2021.109514,25.0,7.16,0.67,0.68,0.07,0.0
https://doi.org/10.1016/j.corsci.2021.109963,13.0,6.703296703296704,0.6703296703296703,0.912087912087912,0.0549450549450549,0.0109890109890109
https://doi.org/10.1016/j.corsci.2021.109271,20.6,7.349514563106796,0.7184466019417476,0.6699029126213593,0.058252427184466,0.0
https://doi.org/10.1016/j.corsci.2021.109356,16.666666666666668,7.56,0.68,0.79,0.04,0.04
https://doi.org/10.1016/j.corsci.2021.110050,18.2,6.329670329670329,0.6483516483516484,0.7362637362637363,0.0219780219780219,0.0
https://doi.org/10.1016/j.corsci.2021.109995,24.75,6.91919191919192,0.6767676767676768,0.8181818181818182,0.0404040404040404,0.0
https://doi.org/10.1016/j.corsci.2021.109460,21.6,5.111111111111111,0.7037037037037037,0.6388888888888888,0.037037037037037,0.0185185185185185
https://doi.org/10.1016/j.corsci.2021.109600,25.5,7.274509803921568,0.7156862745098039,0.7352941176470589,0.0490196078431372,0.0098039215686274
https://doi.org/10.1016/j.corsci.2021.109315,14.571428571428571,6.627450980392157,0.6666666666666666,0.6666666666666666,0.0686274509803921,0.0
https://doi.org/10.1016/j.corsci.2021.109525,20.0,7.08,0.69,0.74,0.04,0.03
https://doi.org/10.1016/j.corsci.2021.109553,24.5,6.377551020408164,0.6938775510204082,0.8163265306122449,0.0408163265306122,0.0
https://doi.org/10.1016/j.corsci.2021.109272,16.833333333333332,6.9405940594059405,0.6633663366336634,0.8217821782178217,0.0198019801980198,0.0396039603960396
https://doi.org/10.1016/j.corsci.2021.109438,32.0,7.3125,0.71875,0.78125,0.0520833333333333,0.03125
https://doi.org/10.1016/j.corsci.2021.109661,19.8,6.595959595959596,0.6767676767676768,0.7676767676767676,0.0404040404040404,0.0505050505050505
https://doi.org/10.1016/j.corsci.2021.109798,11.25,6.444444444444445,0.7,0.7111111111111111,0.0555555555555555,0.0111111111111111
https://doi.org/10.1016/j.corsci.2021.109390,19.8,7.838383838383838,0.7373737373737373,0.7575757575757576,0.0202020202020202,0.0202020202020202
https://doi.org/10.1016/j.corsci.2021.109444,25.25,6.702970297029703,0.6336633663366337,0.6831683168316832,0.0693069306930693,0.0
https://doi.org/10.1016/j.corsci.2021.109671,20.0,6.19,0.73,0.69,0.04,0.01
https://doi.org/10.1016/j.corsci.2021.110037,25.0,7.54,0.77,0.7,0.07,0.01
https://doi.org/10.1016/j.corsci.2021.109555,19.4,7.731958762886598,0.7216494845360825,0.7319587628865979,0.0412371134020618,0.0103092783505154
https://doi.org/10.1016/j.corsci.2021.109829,25.0,6.45,0.7,0.61,0.05,0.0
https://doi.org/10.1016/j.corsci.2021.109999,25.75,7.135922330097087,0.6699029126213593,0.7087378640776699,0.0388349514563106,0.0
https://doi.org/10.1016/j.corsci.2021.109441,19.33333333333333,6.991379310344827,0.6293103448275862,0.7155172413793104,0.0258620689655172,0.0172413793103448
https://doi.org/10.1016/j.corsci.2021.109466,16.833333333333332,6.514851485148514,0.6435643564356436,0.7425742574257426,0.0396039603960396,0.0198019801980198
https://doi.org/10.1016/j.corsci.2021.109584,30.666666666666668,6.543478260869565,0.6195652173913043,0.7282608695652174,0.0326086956521739,0.0
https://doi.org/10.1016/j.corsci.2021.110072,19.4,6.628865979381444,0.6391752577319587,0.7010309278350515,0.0412371134020618,0.0412371134020618
https://doi.org/10.1016/j.corsci.2021.109433,24.5,7.275510204081633,0.6938775510204082,0.6326530612244898,0.0612244897959183,0.0
https://doi.org/10.1016/j.corsci.2021.109313,33.0,7.343434343434343,0.6565656565656566,0.7777777777777778,0.0303030303030303,0.0303030303030303
https://doi.org/10.1016/j.corsci.2021.109503,37.2,6.634408602150538,0.5967741935483871,0.6612903225806451,0.0376344086021505,0.0161290322580645
https://doi.org/10.1016/j.corsci.2021.109462,24.5,7.244897959183674,0.6428571428571429,0.7857142857142857,0.0510204081632653,0.0612244897959183
https://doi.org/10.1016/j.corsci.2021.109787,24.75,6.252525252525253,0.6363636363636364,0.6060606060606061,0.0303030303030303,0.0
https://doi.org/10.1016/j.corsci.2021.109651,24.77777777777778,7.116591928251121,0.6502242152466368,0.6367713004484304,0.0358744394618834,0.0179372197309417
https://doi.org/10.1016/j.corsci.2021.109777,24.8,7.153225806451613,0.6935483870967742,0.7419354838709677,0.0483870967741935,0.032258064516129
https://doi.org/10.1016/j.corsci.2021.109557,11.22222222222222,6.336633663366337,0.6831683168316832,0.6534653465346535,0.0396039603960396,0.0198019801980198
https://doi.org/10.1016/j.corsci.2021.109702,25.0,6.59,0.65,0.75,0.12,0.01
https://doi.org/10.1016/j.corsci.2021.109779,25.5,6.431372549019608,0.6274509803921569,0.6568627450980392,0.0686274509803921,0.0490196078431372
https://doi.org/10.1016/j.corsci.2021.109630,25.0,6.36,0.63,0.7,0.02,0.02
https://doi.org/10.1016/j.corsci.2021.109629,18.875,7.152317880794702,0.7350993377483444,0.6821192052980133,0.0529801324503311,0.0132450331125827
https://doi.org/10.1016/j.corsci.2021.109864,25.666666666666668,7.6558441558441555,0.7142857142857143,0.6948051948051948,0.0389610389610389,0.0
https://doi.org/10.1016/j.corsci.2021.109542,20.0,7.04,0.67,0.68,0.05,0.01
https://doi.org/10.1016/j.corsci.2021.109327,10.4,6.875,0.7596153846153846,0.8557692307692307,0.0192307692307692,0.0096153846153846
https://doi.org/10.1016/j.corsci.2021.109332,25.0,6.52,0.59,0.62,0.03,0.03
https://doi.org/10.1016/j.corsci.2021.109857,16.333333333333332,6.295918367346939,0.6530612244897959,0.7346938775510204,0.0408163265306122,0.0204081632653061
https://doi.org/10.1016/j.corsci.2021.109502,16.666666666666668,7.58,0.7,0.84,0.05,0.01
https://doi.org/10.1016/j.corsci.2021.109426,20.0,7.16,0.69,0.78,0.06,0.03
https://doi.org/10.1016/j.corsci.2021.109920,8.5,6.313725490196078,0.7549019607843137,0.8431372549019608,0.0196078431372549,0.0098039215686274
https://doi.org/10.1016/j.corsci.2021.109552,12.375,6.494949494949495,0.696969696969697,0.8080808080808081,0.0202020202020202,0.0404040404040404
https://doi.org/10.3390/cmd2020010,30.5,7.027322404371585,0.5956284153005464,0.5956284153005464,0.0273224043715847,0.0163934426229508
https://doi.org/10.3390/cmd2040033,23.666666666666668,6.084507042253521,0.6572769953051644,0.5727699530516432,0.0375586854460093,0.0328638497652582
https://doi.org/10.3390/cmd2030021,20.571428571428573,6.694444444444445,0.7013888888888888,0.5763888888888888,0.0763888888888889,0.0138888888888888
https://doi.org/10.3390/cmd2020013,16.823529411764707,7.125874125874126,0.6853146853146853,0.5909090909090909,0.0419580419580419,0.0104895104895104
https://doi.org/10.3390/cmd2010002,32.714285714285715,7.0524017467248905,0.6681222707423581,0.6593886462882096,0.0174672489082969,0.0262008733624454
https://doi.org/10.3390/cmd2040028,21.375,7.637426900584796,0.6432748538011696,0.631578947368421,0.0292397660818713,0.0116959064327485
https://doi.org/10.3390/cmd2040037,25.6,6.4296875,0.6015625,0.65625,0.015625,0.03125
https://doi.org/10.3390/cmd2040030,33.0,6.651515151515151,0.6363636363636364,0.6161616161616161,0.0404040404040404,0.0252525252525252
https://doi.org/10.3390/cmd2020016,21.3,7.23943661971831,0.7089201877934272,0.6244131455399061,0.0234741784037558,0.0187793427230046
https://doi.org/10.3390/cmd2030023,21.666666666666668,7.138461538461539,0.6692307692307692,0.6076923076923076,0.0461538461538461,0.0076923076923076
https://doi.org/10.3390/cmd2020011,23.285714285714285,6.177914110429448,0.6687116564417178,0.558282208588957,0.0306748466257668,0.0061349693251533
https://doi.org/10.3390/cmd2010005,19.0,6.593984962406015,0.6541353383458647,0.6842105263157895,0.0300751879699248,0.0300751879699248
https://doi.org/10.3390/cmd2040034,28.166666666666668,6.988165680473373,0.650887573964497,0.621301775147929,0.029585798816568,0.0177514792899408
https://doi.org/10.3390/cmd2020008,18.0,7.141975308641976,0.7098765432098766,0.6296296296296297,0.0432098765432098,0.0061728395061728
https://doi.org/10.3390/cmd2030026,19.8,6.959595959595959,0.6666666666666666,0.6464646464646465,0.0404040404040404,0.0505050505050505
https://doi.org/10.3390/cmd2040029,31.6,6.987341772151899,0.6455696202531646,0.569620253164557,0.0063291139240506,0.0316455696202531
https://doi.org/10.3390/cmd2040032,21.375,6.859649122807017,0.6140350877192983,0.6608187134502924,0.0409356725146198,0.0350877192982456
https://doi.org/10.3390/cmd2020017,29.142857142857142,7.220588235294118,0.6470588235294118,0.6127450980392157,0.0245098039215686,0.0147058823529411
https://doi.org/10.3390/cmd2010006,17.0,6.58235294117647,0.6058823529411764,0.611764705882353,0.0235294117647058,0.0117647058823529
https://doi.org/10.3390/cmd2020009,24.5,6.497959183673469,0.6571428571428571,0.5428571428571428,0.0163265306122449,0.0244897959183673
https://doi.org/10.3390/cmd2030019,16.875,6.5851851851851855,0.7111111111111111,0.725925925925926,0.0296296296296296,0.0148148148148148
https://doi.org/10.3390/cmd2030027,16.0,6.765625,0.6614583333333334,0.6822916666666666,0.015625,0.0208333333333333
https://doi.org/10.3390/cmd2010003,15.352941176470589,6.337164750957855,0.6091954022988506,0.5325670498084292,0.0344827586206896,0.0191570881226053
https://doi.org/10.3390/cmd2030022,18.33333333333333,7.315151515151515,0.7272727272727273,0.6121212121212121,0.0242424242424242,0.0424242424242424
https://doi.org/10.3390/cmd2030024,21.2,6.613207547169812,0.6792452830188679,0.5943396226415094,0.0283018867924528,0.0094339622641509
https://doi.org/10.3390/cmd2040040,26.142857142857142,6.579234972677596,0.639344262295082,0.6612021857923497,0.0273224043715847,0.0054644808743169
https://doi.org/10.3390/cmd3010001,19.5,6.446153846153846,0.6410256410256411,0.6153846153846154,0.0461538461538461,0.0
https://doi.org/10.3390/cmd2040035,29.714285714285715,6.394230769230769,0.5961538461538461,0.6826923076923077,0.0144230769230769,0.0528846153846153
https://doi.org/10.3390/cmd2040031,32.0,6.78125,0.60625,0.6625,0.05625,0.025
https://doi.org/10.3390/cmd2040039,24.928571428571427,6.570200573065903,0.6962750716332379,0.4326647564469914,0.0229226361031518,0.0171919770773638
https://doi.org/10.3390/cmd2040041,33.666666666666664,7.0495049504950495,0.693069306930693,0.7722772277227723,0.0396039603960396,0.0198019801980198
https://doi.org/10.3390/cmd2010004,17.0,6.847058823529411,0.7,0.611764705882353,0.0411764705882352,0.0058823529411764
https://doi.org/10.3390/cmd2030025,19.454545454545453,6.747663551401869,0.6542056074766355,0.6261682242990654,0.014018691588785,0.0233644859813084
https://doi.org/10.3390/cmd2040038,24.0,7.625,0.7142857142857143,0.7321428571428571,0.0297619047619047,0.0416666666666666
https://doi.org/10.3390/cmd2010007,27.428571428571427,6.322916666666667,0.578125,0.5572916666666666,0.0104166666666666,0.0208333333333333
https://doi.org/10.3390/cmd2030018,21.2,6.367924528301887,0.6226415094339622,0.6886792452830188,0.0283018867924528,0.0283018867924528
https://doi.org/10.3390/cmd2030020,15.076923076923077,6.11734693877551,0.673469387755102,0.5969387755102041,0.0204081632653061,0.0
https://doi.org/10.3390/cmd2020012,23.25,6.946236559139785,0.6559139784946236,0.6559139784946236,0.021505376344086,0.010752688172043
https://doi.org/10.3390/cmd2020014,19.8,6.515151515151516,0.6767676767676768,0.7474747474747475,0.0303030303030303,0.0
https://doi.org/10.3390/cmd2040036,22.857142857142858,7.0625,0.7,0.66875,0.03125,0.025
https://doi.org/10.3390/cmd2020015,28.571428571428573,7.035,0.665,0.68,0.05,0.015
https://doi.org/10.1002/maco.202112569,17.636363636363637,7.061855670103093,0.6752577319587629,0.5515463917525774,0.056701030927835,0.0154639175257731
https://doi.org/10.1002/maco.202112485,14.5,6.577586206896552,0.6896551724137931,0.75,0.0344827586206896,0.0172413793103448
https://doi.org/10.1002/maco.202112530,29.0,6.103448275862069,0.6379310344827587,0.5977011494252874,0.0229885057471264,0.0057471264367816
https://doi.org/10.1002/maco.202112442,21.8,6.844036697247707,0.7155963302752294,0.7155963302752294,0.091743119266055,0.018348623853211
https://doi.org/10.1002/maco.202112302,20.55555555555556,6.572972972972973,0.6486486486486487,0.6162162162162163,0.0324324324324324,0.027027027027027
https://doi.org/10.1002/maco.202112294,15.545454545454543,6.076023391812866,0.6842105263157895,0.5555555555555556,0.0409356725146198,0.0116959064327485
https://doi.org/10.1002/maco.202112505,30.0,6.083333333333333,0.6416666666666667,0.6,0.0416666666666666,0.0
https://doi.org/10.1002/maco.202112392,19.0,6.421052631578948,0.7076023391812866,0.6198830409356725,0.0409356725146198,0.023391812865497
https://doi.org/10.1002/maco.202112347,30.0,6.413333333333333,0.7,0.5733333333333334,0.0333333333333333,0.02
https://doi.org/10.1002/maco.202012082,35.42857142857143,6.487903225806452,0.6169354838709677,0.4516129032258064,0.0161290322580645,0.0120967741935483
https://doi.org/10.1002/maco.202112493,16.25,7.053846153846154,0.6692307692307692,0.5923076923076923,0.0461538461538461,0.0153846153846153
https://doi.org/10.1002/maco.202112511,26.142857142857142,6.295081967213115,0.6557377049180327,0.5683060109289617,0.0218579234972677,0.0273224043715847
https://doi.org/10.1002/maco.202012174,26.25,6.552380952380952,0.6571428571428571,0.638095238095238,0.0380952380952381,0.0095238095238095
https://doi.org/10.1002/maco.202011822,18.0,6.024691358024692,0.7098765432098766,0.6481481481481481,0.0308641975308641,0.0123456790123456
https://doi.org/10.1002/maco.202012274,19.0,7.403508771929824,0.6578947368421053,0.6578947368421053,0.0263157894736842,0.0175438596491228
https://doi.org/10.1002/maco.202112552,22.5,6.888888888888889,0.7333333333333333,0.5925925925925926,0.0296296296296296,0.0148148148148148
https://doi.org/10.1002/maco.202112568,29.428571428571427,6.048543689320389,0.6893203883495146,0.4805825242718446,0.0242718446601941,0.0145631067961165
https://doi.org/10.1002/maco.202012133,29.4,7.006802721088436,0.6938775510204082,0.6394557823129252,0.0544217687074829,0.0204081632653061
https://doi.org/10.1002/maco.202112280,17.6,6.863636363636363,0.625,0.6136363636363636,0.0568181818181818,0.034090909090909
https://doi.org/10.1002/maco.202112483,21.625,6.901734104046243,0.6473988439306358,0.5491329479768786,0.0462427745664739,0.0173410404624277
https://doi.org/10.1002/maco.202112289,23.5,6.780141843971631,0.6595744680851063,0.7092198581560284,0.0283687943262411,0.0141843971631205
https://doi.org/10.1002/maco.202112602,33.0,6.295454545454546,0.75,0.7045454545454546,0.0378787878787878,0.0303030303030303
https://doi.org/10.1002/maco.202112557,19.75,7.487341772151899,0.689873417721519,0.5569620253164557,0.0443037974683544,0.0443037974683544
https://doi.org/10.1002/maco.202012132,25.0,6.902857142857143,0.6457142857142857,0.5542857142857143,0.0228571428571428,0.0228571428571428
https://doi.org/10.1002/maco.202112523,18.83333333333333,5.628318584070796,0.7256637168141593,0.5398230088495575,0.0442477876106194,0.0
https://doi.org/10.1002/maco.202112586,26.8,5.5559701492537314,0.7238805970149254,0.4701492537313433,0.0149253731343283,0.003731343283582
https://doi.org/10.1002/maco.202112402,27.666666666666668,6.753012048192771,0.6566265060240963,0.6024096385542169,0.0240963855421686,0.036144578313253
https://doi.org/10.1002/maco.202112775,23.0,7.130434782608695,0.6376811594202898,0.6521739130434783,0.0869565217391304,0.0
https://doi.org/10.1002/maco.202112636,19.0,7.217105263157895,0.6907894736842105,0.6052631578947368,0.0328947368421052,0.0131578947368421
https://doi.org/10.1002/maco.202112551,19.666666666666668,7.050847457627119,0.5932203389830508,0.635593220338983,0.0254237288135593,0.0508474576271186
https://doi.org/10.1002/maco.202112637,28.2,6.73758865248227,0.6666666666666666,0.574468085106383,0.0141843971631205,0.0141843971631205
https://doi.org/10.1002/maco.202112595,20.166666666666668,5.917355371900826,0.6115702479338843,0.4710743801652892,0.0330578512396694,0.0165289256198347
https://doi.org/10.1002/maco.202112791,21.22222222222222,6.219895287958115,0.7120418848167539,0.5863874345549738,0.0157068062827225,0.0
https://doi.org/10.1002/maco.202112640,24.5,7.006802721088436,0.6530612244897959,0.6462585034013606,0.0340136054421768,0.0204081632653061
https://doi.org/10.1002/maco.202112744,20.666666666666668,6.478494623655914,0.6935483870967742,0.6451612903225806,0.043010752688172,0.010752688172043
https://doi.org/10.1002/maco.202112363,12.25,6.571428571428571,0.6428571428571429,0.6428571428571429,0.0204081632653061,0.0306122448979591
https://doi.org/10.1002/maco.202012146,25.0,5.765,0.71,0.51,0.025,0.02
https://doi.org/10.1002/maco.202012118,26.0,6.9,0.6230769230769231,0.6384615384615384,0.0384615384615384,0.0153846153846153
https://doi.org/10.1002/maco.202112490,25.33333333333333,6.230263157894737,0.6644736842105263,0.5394736842105263,0.0197368421052631,0.0131578947368421
https://doi.org/10.1002/maco.202012201,29.2,6.849315068493151,0.6917808219178082,0.6232876712328768,0.0547945205479452,0.0
https://doi.org/10.1002/maco.202112789,25.5,6.183006535947713,0.6928104575163399,0.6209150326797386,0.0261437908496732,0.0065359477124183
https://doi.org/10.1002/maco.202112516,20.666666666666668,6.258064516129032,0.5967741935483871,0.5483870967741935,0.064516129032258,0.0241935483870967
https://doi.org/10.1002/maco.202112769,13.76923076923077,6.837988826815643,0.7094972067039106,0.6145251396648045,0.0279329608938547,0.0279329608938547
https://doi.org/10.1002/maco.202012241,20.77777777777778,7.0588235294117645,0.679144385026738,0.5721925133689839,0.053475935828877,0.0213903743315508
https://doi.org/10.1002/maco.202112328,24.125,6.046632124352332,0.6994818652849741,0.5492227979274611,0.0155440414507772,0.0103626943005181
https://doi.org/10.1002/maco.202112371,18.4,6.521739130434782,0.6630434782608695,0.6630434782608695,0.0217391304347826,0.0489130434782608
https://doi.org/10.1002/maco.202112494,20.875,6.401197604790419,0.7005988023952096,0.5808383233532934,0.0419161676646706,0.0119760479041916
https://doi.org/10.1002/maco.202012095,22.5,7.055555555555555,0.6722222222222223,0.6444444444444445,0.0388888888888888,0.0222222222222222
https://doi.org/10.1002/maco.202112298,18.0,6.388888888888889,0.6722222222222223,0.5833333333333334,0.0277777777777777,0.0111111111111111
https://doi.org/10.1002/maco.202012075,18.714285714285715,6.404580152671755,0.648854961832061,0.7404580152671756,0.0229007633587786,0.0076335877862595
https://doi.org/10.1002/maco.202112470,19.8,6.595959595959596,0.696969696969697,0.5959595959595959,0.0505050505050505,0.0
https://doi.org/10.1002/maco.202112756,25.0,6.594285714285714,0.6571428571428571,0.52,0.0285714285714285,0.0171428571428571
https://doi.org/10.1002/maco.202112751,26.666666666666668,7.3625,0.7125,0.71875,0.025,0.04375
https://doi.org/10.1002/maco.202112866,21.166666666666668,7.393700787401575,0.7401574803149606,0.6692913385826772,0.0708661417322834,0.0236220472440944
https://doi.org/10.1002/maco.202012190,16.90909090909091,6.89247311827957,0.6720430107526881,0.6397849462365591,0.021505376344086,0.0161290322580645
https://doi.org/10.1002/maco.202112415,21.0,6.923809523809524,0.6952380952380952,0.7523809523809524,0.0285714285714285,0.019047619047619
https://doi.org/10.1002/maco.202112426,23.125,6.324324324324325,0.6324324324324324,0.6,0.0432432432432432,0.0108108108108108
https://doi.org/10.1002/maco.202112722,13.142857142857142,6.652173913043479,0.7010869565217391,0.6630434782608695,0.0217391304347826,0.0271739130434782
https://doi.org/10.1002/maco.202112662,26.6,6.87218045112782,0.6992481203007519,0.6015037593984962,0.0300751879699248,0.0075187969924812
https://doi.org/10.1002/maco.202112752,19.375,6.767741935483871,0.6709677419354839,0.6580645161290323,0.032258064516129,0.0193548387096774
https://doi.org/10.1002/maco.202012205,18.33333333333333,6.472727272727273,0.6909090909090909,0.8727272727272727,0.0727272727272727,0.0
https://doi.org/10.1002/maco.202012159,11.8125,5.936507936507937,0.783068783068783,0.6296296296296297,0.0529100529100529,0.0158730158730158
https://doi.org/10.1002/maco.202112365,16.0,7.510416666666667,0.7291666666666666,0.6979166666666666,0.0729166666666666,0.0
https://doi.org/10.1002/maco.202112450,25.857142857142858,7.530386740331492,0.6850828729281768,0.585635359116022,0.0552486187845303,0.011049723756906
https://doi.org/10.1002/maco.202112826,24.0,6.979166666666667,0.65625,0.6979166666666666,0.0416666666666666,0.0104166666666666
https://doi.org/10.1002/maco.202112465,33.5,6.41044776119403,0.7164179104477612,0.6044776119402985,0.0597014925373134,0.0074626865671641
https://doi.org/10.1002/maco.202112615,26.83333333333333,7.043478260869565,0.6335403726708074,0.6086956521739131,0.0248447204968944,0.0434782608695652
https://doi.org/10.1002/maco.202112360,25.77777777777778,5.215517241379311,0.7112068965517241,0.4827586206896552,0.0474137931034482,0.021551724137931
https://doi.org/10.1002/maco.202112373,24.571428571428573,6.348837209302325,0.5755813953488372,0.622093023255814,0.0174418604651162,0.0232558139534883
https://doi.org/10.1002/maco.202112382,31.0,7.161290322580645,0.6580645161290323,0.6129032258064516,0.0580645161290322,0.0193548387096774
https://doi.org/10.1002/maco.202112448,25.25,7.237623762376238,0.693069306930693,0.7623762376237624,0.1188118811881188,0.0099009900990099
https://doi.org/10.1002/maco.202112660,24.666666666666668,6.671171171171171,0.6666666666666666,0.4774774774774775,0.0315315315315315,0.0225225225225225
https://doi.org/10.1002/maco.202112864,14.7,6.993197278911564,0.7074829931972789,0.5986394557823129,0.0272108843537414,0.0136054421768707
https://doi.org/10.1002/maco.202112701,18.7,7.406417112299465,0.7165775401069518,0.6096256684491979,0.0320855614973262,0.0160427807486631
https://doi.org/10.1002/maco.202112514,18.375,5.598639455782313,0.7074829931972789,0.6326530612244898,0.0476190476190476,0.0068027210884353
https://doi.org/10.1002/maco.202112742,18.571428571428573,7.584615384615384,0.7692307692307693,0.7230769230769231,0.023076923076923,0.0153846153846153
https://doi.org/10.1002/maco.202112759,26.0,6.583333333333333,0.5705128205128205,0.5512820512820513,0.0384615384615384,0.0128205128205128
https://doi.org/10.1002/maco.202112755,13.307692307692308,6.427745664739884,0.6705202312138728,0.5606936416184971,0.0346820809248554,0.0115606936416184
https://doi.org/10.1002/maco.202112297,37.66666666666666,7.300884955752212,0.7168141592920354,0.6637168141592921,0.0442477876106194,0.0265486725663716
https://doi.org/10.1002/maco.202112520,17.1,6.859649122807017,0.7017543859649122,0.5672514619883041,0.0292397660818713,0.0058479532163742
https://doi.org/10.1002/maco.202112753,15.0,5.933333333333334,0.6133333333333333,0.5933333333333334,0.02,0.0266666666666666
https://doi.org/10.1002/maco.202112796,29.0,6.931034482758621,0.6551724137931034,0.603448275862069,0.0603448275862069,0.0344827586206896
https://doi.org/10.1002/maco.202112795,28.25,6.699115044247788,0.6548672566371682,0.6017699115044248,0.0442477876106194,0.0176991150442477
https://doi.org/10.1002/maco.202112527,24.375,6.476923076923077,0.6717948717948717,0.6,0.0307692307692307,0.0153846153846153
https://doi.org/10.1002/maco.202112708,20.33333333333333,7.065573770491803,0.6721311475409836,0.6639344262295082,0.0327868852459016,0.0081967213114754
https://doi.org/10.1002/maco.202112504,21.75,7.091954022988506,0.6839080459770115,0.5804597701149425,0.028735632183908,0.0057471264367816
https://doi.org/10.1002/maco.202112433,27.33333333333333,5.987804878048781,0.6280487804878049,0.6280487804878049,0.0426829268292682,0.0
https://doi.org/10.1002/maco.202112453,15.066666666666666,5.876106194690266,0.6991150442477876,0.5619469026548672,0.0442477876106194,0.0132743362831858
https://doi.org/10.1002/maco.202112745,24.0,7.09375,0.71875,0.6979166666666666,0.0729166666666666,0.0104166666666666
https://doi.org/10.1002/maco.202112359,26.0,6.891025641025641,0.6794871794871795,0.5576923076923077,0.0448717948717948,0.0256410256410256
https://doi.org/10.1002/maco.202112803,20.875,6.473053892215569,0.6826347305389222,0.5269461077844312,0.0419161676646706,0.0179640718562874
https://doi.org/10.1002/maco.202112612,20.0,7.142857142857143,0.7071428571428572,0.7142857142857143,0.0357142857142857,0.0214285714285714
https://doi.org/10.1002/maco.202112311,17.416666666666668,6.205741626794258,0.6507177033492823,0.5406698564593302,0.0287081339712918,0.0239234449760765
https://doi.org/10.1002/maco.202012213,22.125,7.056497175141243,0.6497175141242938,0.5310734463276836,0.0282485875706214,0.0112994350282485
https://doi.org/10.1002/maco.202112652,18.75,6.28,0.66,0.6,0.0533333333333333,0.0066666666666666
https://doi.org/10.1002/maco.202112385,19.125,6.718954248366013,0.6797385620915033,0.7516339869281046,0.065359477124183,0.0130718954248366
https://doi.org/10.1002/maco.202112508,18.272727272727277,6.074626865671642,0.6915422885572139,0.5970149253731343,0.0248756218905472,0.0149253731343283
https://doi.org/10.1002/maco.202112451,37.25,6.4865771812080535,0.6241610738255033,0.6073825503355704,0.0134228187919463,0.0201342281879194
https://doi.org/10.1002/maco.202112317,18.33333333333333,6.6909090909090905,0.6454545454545455,0.5545454545454546,0.0454545454545454,0.009090909090909
https://doi.org/10.1002/maco.202112432,26.428571428571427,6.443243243243243,0.6486486486486487,0.572972972972973,0.0378378378378378,0.0054054054054054
https://doi.org/10.1002/maco.202112762,16.9,6.674556213017752,0.650887573964497,0.621301775147929,0.0355029585798816,0.0236686390532544
https://doi.org/10.1002/maco.202112282,22.8,6.421052631578948,0.6052631578947368,0.6666666666666666,0.0263157894736842,0.0263157894736842
https://doi.org/10.1002/maco.202112336,14.636363636363637,5.956521739130435,0.6770186335403726,0.6273291925465838,0.0372670807453416,0.0062111801242236
https://doi.org/10.1002/maco.202112340,18.75,7.026666666666666,0.72,0.6133333333333333,0.0533333333333333,0.0133333333333333
https://doi.org/10.1002/maco.202112488,20.0,7.225,0.6875,0.60625,0.03125,0.00625
https://doi.org/10.1002/maco.202112517,20.125,6.77639751552795,0.6770186335403726,0.6583850931677019,0.062111801242236,0.0124223602484472
https://doi.org/10.1002/maco.202112606,25.857142857142858,6.513812154696133,0.6187845303867403,0.6243093922651933,0.011049723756906,0.0386740331491712
https://doi.org/10.1002/maco.202112703,15.11111111111111,6.110294117647059,0.6764705882352942,0.6176470588235294,0.0147058823529411,0.0
https://doi.org/10.1002/maco.202012260,26.666666666666668,6.65,0.6625,0.73125,0.03125,0.01875
https://doi.org/10.1002/maco.202112760,27.33333333333333,5.987804878048781,0.6829268292682927,0.5975609756097561,0.0426829268292682,0.0121951219512195
https://doi.org/10.1002/maco.202112836,23.8,5.436974789915967,0.6722689075630253,0.6386554621848739,0.0504201680672268,0.0168067226890756
https://doi.org/10.1002/maco.202170091,23.0,6.326086956521739,0.6847826086956522,0.717391304347826,0.0326086956521739,0.0326086956521739
https://doi.org/10.1002/maco.202011997,23.25,7.521505376344086,0.6827956989247311,0.6236559139784946,0.0268817204301075,0.021505376344086
https://doi.org/10.1002/maco.202112419,23.571428571428573,7.133333333333334,0.7090909090909091,0.6666666666666666,0.0606060606060606,0.0181818181818181
https://doi.org/10.1002/maco.202112609,24.25,6.876288659793815,0.6597938144329897,0.6907216494845361,0.0412371134020618,0.0103092783505154
https://doi.org/10.1002/maco.202112459,16.571428571428573,7.232758620689655,0.7413793103448276,0.7241379310344828,0.0086206896551724,0.0344827586206896
https://doi.org/10.1002/maco.202170011,13.0,8.23076923076923,0.9230769230769232,1.0,0.0,0.0
https://doi.org/10.1002/maco.202012253,21.4,7.140186915887851,0.6542056074766355,0.6822429906542056,0.0467289719626168,0.0
https://doi.org/10.1002/maco.202112714,24.6,6.837398373983739,0.6260162601626016,0.6422764227642277,0.032520325203252,0.0
https://doi.org/10.1002/maco.202112607,30.0,6.673333333333333,0.66,0.6066666666666667,0.0533333333333333,0.0133333333333333
https://doi.org/10.1002/maco.202112648,13.0,5.607692307692307,0.6384615384615384,0.6153846153846154,0.0384615384615384,0.0307692307692307
https://doi.org/10.1002/maco.202170121,19.9,6.603015075376884,0.7236180904522613,0.6130653266331658,0.0251256281407035,0.0150753768844221
https://doi.org/10.1002/maco.202170071,14.285714285714286,6.88,0.72,0.82,0.05,0.04
https://doi.org/10.1002/maco.202170101,23.6,6.898305084745763,0.7542372881355932,0.7711864406779662,0.0169491525423728,0.0254237288135593
https://doi.org/10.1002/maco.202170111,22.25,7.168539325842697,0.7752808988764045,0.7191011235955056,0.0561797752808988,0.0224719101123595
https://doi.org/10.1002/maco.202170044,58.0,6.655172413793103,0.6551724137931034,0.7413793103448276,0.0172413793103448,0.0344827586206896
https://doi.org/10.1002/maco.202170031,73.0,6.52054794520548,0.7945205479452054,0.8767123287671232,0.0958904109589041,0.0273972602739726
https://doi.org/10.1002/maco.202170061,29.5,6.564971751412429,0.751412429378531,0.559322033898305,0.0451977401129943,0.0112994350282485
https://doi.org/10.1002/maco.202170051,22.75,5.967032967032967,0.6153846153846154,0.6483516483516484,0.0219780219780219,0.0329670329670329
https://doi.org/10.1002/maco.202170081,41.0,5.682926829268292,0.8292682926829268,0.8048780487804879,0.024390243902439,0.024390243902439
https://doi.org/10.1002/maco.202170041,26.0,6.548076923076923,0.7115384615384616,0.7403846153846154,0.0096153846153846,0.0192307692307692
https://doi.org/10.1108/acmm-08-2022-2686,16.3,7.1656441717791415,0.7239263803680982,0.6809815950920245,0.0306748466257668,0.0122699386503067
https://doi.org/10.1108/acmm-06-2022-2664,27.5,6.959090909090909,0.65,0.4818181818181818,0.0181818181818181,0.0227272727272727
https://doi.org/10.1108/acmm-11-2021-2571,28.33333333333333,6.682352941176471,0.6470588235294118,0.4196078431372549,0.0196078431372549,0.0117647058823529
https://doi.org/10.1108/acmm-08-2021-2529,23.375,6.117647058823529,0.6684491978609626,0.481283422459893,0.0427807486631016,0.0320855614973262
https://doi.org/10.1108/acmm-11-2022-2722,17.0,7.284313725490196,0.7156862745098039,0.5980392156862745,0.0490196078431372,0.0196078431372549
https://doi.org/10.1108/acmm-03-2022-2629,18.214285714285715,7.227450980392157,0.7098039215686275,0.5333333333333333,0.0235294117647058,0.0156862745098039
https://doi.org/10.1108/acmm-01-2022-2590,21.714285714285715,6.927631578947368,0.7039473684210527,0.5526315789473685,0.0328947368421052,0.0131578947368421
https://doi.org/10.1108/acmm-09-2022-2701,20.6,7.359223300970874,0.6990291262135923,0.5728155339805825,0.0776699029126213,0.0097087378640776
https://doi.org/10.1108/acmm-12-2021-2580,22.6,7.398230088495575,0.6769911504424779,0.588495575221239,0.0309734513274336,0.0132743362831858
https://doi.org/10.1108/acmm-11-2021-2565,23.0,6.415458937198068,0.6811594202898551,0.4589371980676328,0.0338164251207729,0.0144927536231884
https://doi.org/10.1108/acmm-02-2022-2609,15.636363636363637,6.77906976744186,0.7151162790697675,0.5058139534883721,0.0290697674418604,0.0116279069767441
https://doi.org/10.1108/acmm-03-2022-2633,35.0,7.114285714285714,0.6057142857142858,0.4914285714285714,0.0342857142857142,0.0171428571428571
https://doi.org/10.1108/acmm-01-2022-2597,22.25,7.179775280898877,0.6404494382022472,0.4943820224719101,0.0168539325842696,0.0224719101123595
https://doi.org/10.1108/acmm-04-2022-2640,13.38095238095238,6.117437722419929,0.701067615658363,0.5693950177935944,0.0213523131672597,0.0106761565836298
https://doi.org/10.1108/acmm-10-2021-2557,17.88235294117647,6.7631578947368425,0.6513157894736842,0.4177631578947368,0.0197368421052631,0.0197368421052631
https://doi.org/10.1108/acmm-07-2021-2519,21.363636363636363,6.706382978723404,0.6893617021276596,0.5063829787234042,0.0340425531914893,0.0212765957446808
https://doi.org/10.1108/acmm-09-2021-2542,22.46153846153846,6.921232876712328,0.6575342465753424,0.4794520547945205,0.0171232876712328,0.0205479452054794
https://doi.org/10.1108/acmm-08-2022-2684,20.0,6.683333333333334,0.6722222222222223,0.5555555555555556,0.0277777777777777,0.0111111111111111
https://doi.org/10.1108/acmm-06-2021-2490,24.0,7.020833333333333,0.671875,0.5364583333333334,0.0208333333333333,0.0208333333333333
https://doi.org/10.1108/acmm-07-2021-2516,21.90909090909091,6.726141078838174,0.5933609958506224,0.5145228215767634,0.0248962655601659,0.0124481327800829
https://doi.org/10.1108/acmm-10-2021-2561,24.875,7.175879396984925,0.6984924623115578,0.628140703517588,0.0452261306532663,0.0351758793969849
https://doi.org/10.1108/acmm-11-2021-2566,19.0,7.252631578947368,0.7631578947368421,0.7157894736842105,0.0526315789473684,0.031578947368421
https://doi.org/10.1108/acmm-10-2022-2708,28.285714285714285,6.4646464646464645,0.7171717171717171,0.5808080808080808,0.0202020202020202,0.0151515151515151
https://doi.org/10.1108/acmm-03-2022-2627,18.7,6.871657754010696,0.6951871657754011,0.5882352941176471,0.0481283422459893,0.0213903743315508
https://doi.org/10.1108/acmm-08-2021-2531,25.0,7.244,0.712,0.576,0.016,0.008
https://doi.org/10.1108/acmm-03-2020-2274,27.285714285714285,7.769633507853404,0.6963350785340314,0.6020942408376964,0.0209424083769633,0.0157068062827225
https://doi.org/10.1108/acmm-09-2021-2545,22.6,7.287610619469026,0.6637168141592921,0.4911504424778761,0.0221238938053097,0.0176991150442477
https://doi.org/10.1108/acmm-01-2022-2589,13.733333333333333,5.344660194174757,0.7281553398058253,0.4271844660194174,0.0097087378640776,0.0048543689320388
https://doi.org/10.1108/acmm-04-2022-2642,18.5,7.648648648648648,0.7297297297297297,0.6891891891891891,0.0337837837837837,0.0202702702702702
https://doi.org/10.1108/acmm-12-2021-2579,20.4,6.803921568627451,0.6470588235294118,0.6764705882352942,0.0098039215686274,0.0294117647058823
https://doi.org/10.1108/acmm-03-2022-2630,20.63636363636364,6.995594713656388,0.6828193832599119,0.6255506607929515,0.0220264317180616,0.0220264317180616
https://doi.org/10.1108/acmm-04-2022-2646,19.181818181818183,6.729857819905213,0.7156398104265402,0.5118483412322274,0.0189573459715639,0.0094786729857819
https://doi.org/10.1108/acmm-08-2021-2532,19.88235294117647,6.893491124260355,0.6301775147928994,0.5295857988165681,0.014792899408284,0.014792899408284
https://doi.org/10.1108/acmm-08-2021-2533,21.5,6.837209302325581,0.6434108527131783,0.6511627906976745,0.0387596899224806,0.0155038759689922
https://doi.org/10.1108/acmm-03-2022-2615,21.11111111111111,6.910526315789474,0.6210526315789474,0.531578947368421,0.0631578947368421,0.0157894736842105
https://doi.org/10.1108/acmm-03-2022-2621,33.8,6.082840236686391,0.6568047337278107,0.5443786982248521,0.0236686390532544,0.0118343195266272
https://doi.org/10.1108/acmm-03-2022-2631,27.8,6.701438848920863,0.6187050359712231,0.4712230215827338,0.0287769784172661,0.014388489208633
https://doi.org/10.1108/acmm-03-2022-2618,27.375,6.849315068493151,0.639269406392694,0.6027397260273972,0.0410958904109589,0.0319634703196347
https://doi.org/10.1108/acmm-05-2022-2650,14.066666666666666,6.5260663507109005,0.6824644549763034,0.6303317535545023,0.0379146919431279,0.0189573459715639
https://doi.org/10.1108/acmm-08-2022-2689,23.6,7.161016949152542,0.7203389830508474,0.6864406779661016,0.0508474576271186,0.0423728813559322
https://doi.org/10.1108/acmm-02-2022-2603,42.333333333333336,6.62992125984252,0.6417322834645669,0.4960629921259842,0.0157480314960629,0.0196850393700787
https://doi.org/10.1108/acmm-03-2022-2617,15.625,6.664,0.74,0.48,0.012,0.024
https://doi.org/10.1108/acmm-09-2021-2546,24.77777777777778,6.484304932735426,0.6681614349775785,0.5336322869955157,0.0179372197309417,0.0224215246636771
https://doi.org/10.1108/acmm-01-2022-2595,22.166666666666668,7.25563909774436,0.7518796992481203,0.462406015037594,0.0263157894736842,0.0075187969924812
https://doi.org/10.1108/acmm-01-2022-2591,11.533333333333331,7.017341040462428,0.7283236994219653,0.6242774566473989,0.0231213872832369,0.0173410404624277
https://doi.org/10.1108/acmm-11-2021-2575,14.142857142857142,6.085858585858586,0.7121212121212122,0.5858585858585859,0.0252525252525252,0.0151515151515151
https://doi.org/10.1108/acmm-06-2021-2492,16.095238095238095,6.816568047337278,0.6390532544378699,0.5325443786982249,0.0177514792899408,0.0266272189349112
https://doi.org/10.1108/acmm-01-2022-2594,15.461538461538462,6.82089552238806,0.6716417910447762,0.6666666666666666,0.0199004975124378,0.0248756218905472
https://doi.org/10.1108/acmm-03-2022-2626,27.22222222222222,6.771428571428571,0.6775510204081633,0.436734693877551,0.0244897959183673,0.0204081632653061
https://doi.org/10.1108/acmm-08-2021-2528,23.5,6.5177304964539005,0.7021276595744681,0.4609929078014184,0.0141843971631205,0.0141843971631205
https://doi.org/10.1108/acmm-11-2021-2568,34.666666666666664,5.947115384615385,0.7019230769230769,0.3894230769230769,0.0336538461538461,0.0096153846153846
https://doi.org/10.1108/acmm-02-2022-2610,7.285714285714286,6.4640522875817,0.6405228758169934,0.5490196078431373,0.0326797385620915,0.0196078431372549
https://doi.org/10.1108/acmm-02-2022-2611,16.6,7.210843373493976,0.6445783132530121,0.4578313253012048,0.0180722891566265,0.0180722891566265
https://doi.org/10.1108/acmm-04-2022-2641,18.666666666666668,7.315476190476191,0.6845238095238095,0.5595238095238095,0.0297619047619047,0.0297619047619047
https://doi.org/10.1108/acmm-04-2022-2648,18.5,7.0608108108108105,0.6891891891891891,0.6486486486486487,0.054054054054054,0.0202702702702702
https://doi.org/10.1108/acmm-10-2021-2553,17.0,6.3655462184873945,0.6596638655462185,0.4957983193277311,0.0336134453781512,0.0084033613445378
https://doi.org/10.1108/acmm-08-2022-2691,9.8,7.040816326530612,0.7551020408163265,0.6581632653061225,0.0510204081632653,0.0153061224489795
https://doi.org/10.1108/acmm-03-2022-2635,17.142857142857142,6.566666666666666,0.7125,0.5291666666666667,0.0291666666666666,0.0125
https://doi.org/10.1108/acmm-11-2021-2572,30.0,6.658333333333333,0.6333333333333333,0.4958333333333333,0.0291666666666666,0.0208333333333333
https://doi.org/10.1108/acmm-05-2021-2481,18.1,7.110497237569061,0.7237569060773481,0.6298342541436464,0.0607734806629834,0.0331491712707182
https://doi.org/10.1108/acmm-12-2021-2581,29.625,6.59915611814346,0.6413502109704642,0.5443037974683544,0.0295358649789029,0.0126582278481012
https://doi.org/10.1108/acmm-01-2021-2425,28.6,7.468531468531468,0.6783216783216783,0.6083916083916084,0.0419580419580419,0.0279720279720279
https://doi.org/10.1108/acmm-05-2022-2655,14.285714285714286,6.725,0.69,0.62,0.03,0.025
https://doi.org/10.1108/acmm-07-2021-2507,17.642857142857142,7.004048582995951,0.6680161943319838,0.5425101214574899,0.0364372469635627,0.0161943319838056
https://doi.org/10.1108/acmm-01-2022-2592,23.0,6.503105590062112,0.6770186335403726,0.515527950310559,0.0248447204968944,0.0062111801242236
https://doi.org/10.5006/4179,30.2,7.112582781456954,0.6688741721854304,0.6556291390728477,0.0397350993377483,0.0198675496688741
https://doi.org/10.5006/4149,25.666666666666668,7.008658008658009,0.7142857142857143,0.6536796536796536,0.0086580086580086,0.0303030303030303
https://doi.org/10.5006/4171,23.5,6.902127659574468,0.6553191489361702,0.5148936170212766,0.0297872340425531,0.025531914893617
https://doi.org/10.5006/3910,21.125,6.940828402366864,0.6863905325443787,0.7159763313609467,0.0355029585798816,0.029585798816568
https://doi.org/10.5006/4136,21.5,7.133720930232558,0.7093023255813954,0.6395348837209303,0.0406976744186046,0.0116279069767441
https://doi.org/10.5006/4100,33.666666666666664,6.514851485148514,0.6732673267326733,0.5198019801980198,0.0247524752475247,0.0099009900990099
https://doi.org/10.5006/4061,18.818181818181817,6.396135265700483,0.6666666666666666,0.642512077294686,0.0289855072463768,0.038647342995169
https://doi.org/10.5006/4064,24.1,6.738589211618257,0.7302904564315352,0.6721991701244814,0.0331950207468879,0.0165975103734439
https://doi.org/10.5006/3972,16.23076923076923,7.639810426540285,0.7488151658767772,0.6729857819905213,0.0616113744075829,0.0189573459715639
https://doi.org/10.5006/4116,18.0,6.782828282828283,0.6868686868686869,0.5252525252525253,0.0202020202020202,0.0151515151515151
https://doi.org/10.5006/4153,27.571428571428573,6.8549222797927465,0.689119170984456,0.6787564766839378,0.0259067357512953,0.0103626943005181
https://doi.org/10.5006/4180,31.22222222222222,6.679715302491103,0.604982206405694,0.5729537366548043,0.0213523131672597,0.0462633451957295
https://doi.org/10.5006/4025,28.75,6.48695652173913,0.6695652173913044,0.5695652173913044,0.0260869565217391,0.0260869565217391
https://doi.org/10.5006/4086,26.88888888888889,7.2809917355371905,0.6859504132231405,0.6983471074380165,0.0289256198347107,0.024793388429752
https://doi.org/10.5006/4142,29.166666666666668,6.782857142857143,0.6457142857142857,0.5542857142857143,0.0342857142857142,0.0142857142857142
https://doi.org/10.5006/4150,16.25,7.092307692307692,0.7076923076923077,0.6461538461538462,0.0307692307692307,0.0076923076923076
https://doi.org/10.5006/4177,18.5,6.8108108108108105,0.6981981981981982,0.6621621621621622,0.027027027027027,0.027027027027027
https://doi.org/10.5006/3999,13.0,6.893491124260355,0.6804733727810651,0.650887573964497,0.029585798816568,0.029585798816568
https://doi.org/10.5006/4224,18.428571428571427,7.0852713178294575,0.6821705426356589,0.7131782945736435,0.0310077519379844,0.0387596899224806
https://doi.org/10.5006/4062,26.25,6.323809523809524,0.6333333333333333,0.6190476190476191,0.0380952380952381,0.0333333333333333
https://doi.org/10.5006/4104,21.63636363636364,6.907563025210084,0.7016806722689075,0.6848739495798319,0.0210084033613445,0.0042016806722689
https://doi.org/10.5006/4168,26.0,6.234265734265734,0.6923076923076923,0.534965034965035,0.0139860139860139,0.0244755244755244
https://doi.org/10.5006/4164,23.875,6.780104712041885,0.6282722513089005,0.6073298429319371,0.0418848167539267,0.0209424083769633
https://doi.org/10.5006/4034,19.1,6.806282722513089,0.6701570680628273,0.6701570680628273,0.0104712041884816,0.0209424083769633
https://doi.org/10.5006/4122,25.22222222222222,6.251101321585903,0.6167400881057269,0.5418502202643172,0.0352422907488986,0.013215859030837
https://doi.org/10.5006/4215,19.0,6.491228070175438,0.6666666666666666,0.6754385964912281,0.0263157894736842,0.0175438596491228
https://doi.org/10.5006/4174,30.571428571428573,7.070093457943925,0.6588785046728972,0.6308411214953271,0.0186915887850467,0.02803738317757
https://doi.org/10.5006/3767,30.4,6.046052631578948,0.618421052631579,0.5986842105263158,0.0263157894736842,0.0131578947368421
https://doi.org/10.5006/3952,22.8,6.991228070175438,0.6447368421052632,0.6228070175438597,0.0175438596491228,0.0263157894736842
https://doi.org/10.5006/4079,32.8,6.829268292682927,0.6402439024390244,0.676829268292683,0.0304878048780487,0.024390243902439
https://doi.org/10.5006/3954,15.916666666666666,7.12041884816754,0.6910994764397905,0.5706806282722513,0.0209424083769633,0.0209424083769633
https://doi.org/10.5006/4002,23.83333333333333,6.34965034965035,0.6923076923076923,0.5174825174825175,0.0419580419580419,0.0069930069930069
https://doi.org/10.5006/4093,30.428571428571427,6.305164319248826,0.6197183098591549,0.6572769953051644,0.0140845070422535,0.0140845070422535
https://doi.org/10.5006/4070,11.375,5.807692307692308,0.5934065934065934,0.4615384615384615,0.0274725274725274,0.0054945054945054
https://doi.org/10.5006/4192,19.6,6.908163265306122,0.6683673469387755,0.6428571428571429,0.0306122448979591,0.0051020408163265
https://doi.org/10.5006/4200,30.6,6.7973856209150325,0.6339869281045751,0.6339869281045751,0.0392156862745098,0.0065359477124183
https://doi.org/10.5006/4112,19.8,6.095959595959596,0.6919191919191919,0.6414141414141414,0.0303030303030303,0.0353535353535353
https://doi.org/10.5006/3990,21.8,6.844036697247707,0.7064220183486238,0.7064220183486238,0.0458715596330275,0.036697247706422
https://doi.org/10.5006/4111,26.63636363636364,6.470989761092151,0.621160409556314,0.4505119453924914,0.0238907849829351,0.0034129692832764
https://doi.org/10.5006/4193,23.142857142857142,6.919753086419753,0.6851851851851852,0.7160493827160493,0.0246913580246913,0.0308641975308641
https://doi.org/10.5006/4078,29.9,6.973244147157191,0.6254180602006689,0.4247491638795986,0.040133779264214,0.020066889632107
https://doi.org/10.5006/3877,29.0,6.228448275862069,0.603448275862069,0.5172413793103449,0.0172413793103448,0.0172413793103448
https://doi.org/10.5006/4145,25.0,6.462857142857143,0.6457142857142857,0.6057142857142858,0.0571428571428571,0.0171428571428571
https://doi.org/10.5006/4184,35.0,6.261224489795918,0.6204081632653061,0.4979591836734693,0.0244897959183673,0.0204081632653061
https://doi.org/10.5006/4016,25.5,6.598039215686274,0.6470588235294118,0.7058823529411765,0.0784313725490196,0.0
https://doi.org/10.5006/4123,14.75,6.661016949152542,0.711864406779661,0.7966101694915254,0.0847457627118644,0.0
https://doi.org/10.5006/4094,28.22222222222222,6.24015748031496,0.6496062992125984,0.6496062992125984,0.0118110236220472,0.0157480314960629
https://doi.org/10.5006/3975,25.3,7.209486166007905,0.7075098814229249,0.5691699604743083,0.0632411067193675,0.0197628458498023
https://doi.org/10.5006/4013,25.666666666666668,6.887445887445887,0.6796536796536796,0.6883116883116883,0.0303030303030303,0.0216450216450216
https://doi.org/10.5006/4160,18.55555555555556,6.491017964071856,0.6467065868263473,0.6167664670658682,0.0239520958083832,0.029940119760479
https://doi.org/10.5006/4148,20.375,6.889570552147239,0.6012269938650306,0.588957055214724,0.0429447852760736,0.0184049079754601
https://doi.org/10.5006/4058,19.363636363636363,6.779342723004695,0.6901408450704225,0.6150234741784038,0.0422535211267605,0.0187793427230046
https://doi.org/10.5006/4012,14.0,6.13265306122449,0.7653061224489796,0.7755102040816326,0.0204081632653061,0.010204081632653
https://doi.org/10.5006/3876,33.5,6.776119402985074,0.6492537313432836,0.6865671641791045,0.0373134328358208,0.0074626865671641
https://doi.org/10.5006/4175,28.2,7.0212765957446805,0.7446808510638298,0.723404255319149,0.0567375886524822,0.0070921985815602
https://doi.org/10.5006/4067,17.333333333333332,7.846153846153846,0.7371794871794872,0.5833333333333334,0.0512820512820512,0.032051282051282
https://doi.org/10.5006/3187,14.0,6.197802197802198,0.6483516483516484,0.5934065934065934,0.0494505494505494,0.0164835164835164
https://doi.org/10.5006/4114,27.0,6.104938271604938,0.6851851851851852,0.5308641975308642,0.0555555555555555,0.0246913580246913
https://doi.org/10.5006/4207,13.76923076923077,6.318435754189944,0.7039106145251397,0.659217877094972,0.0335195530726257,0.0055865921787709
https://doi.org/10.5006/4205,12.214285714285714,7.169590643274854,0.695906432748538,0.695906432748538,0.0292397660818713,0.0116959064327485
https://doi.org/10.5006/4018,18.285714285714285,6.53125,0.640625,0.7578125,0.0234375,0.015625
https://doi.org/10.5006/4128,26.0,6.7756410256410255,0.6858974358974359,0.7051282051282052,0.0256410256410256,0.0192307692307692
https://doi.org/10.5006/4206,16.0,7.125,0.6597222222222222,0.7569444444444444,0.0277777777777777,0.0069444444444444
https://doi.org/10.5006/4213,12.75,6.705882352941177,0.7058823529411765,0.7352941176470589,0.0490196078431372,0.0490196078431372
https://doi.org/10.5006/3960,21.142857142857142,7.006756756756757,0.6486486486486487,0.7432432432432432,0.0405405405405405,0.0202702702702702
https://doi.org/10.5006/4003,19.666666666666668,6.83728813559322,0.6779661016949152,0.5152542372881356,0.0203389830508474,0.023728813559322
https://doi.org/10.5006/3862,26.8,6.537313432835821,0.664179104477612,0.6044776119402985,0.0298507462686567,0.0149253731343283
https://doi.org/10.5006/4050,22.33333333333333,7.074626865671642,0.7313432835820896,0.6268656716417911,0.0522388059701492,0.0
https://doi.org/10.5006/4065,24.25,7.412371134020619,0.6907216494845361,0.6907216494845361,0.0515463917525773,0.0
https://doi.org/10.5006/4129,16.444444444444443,6.9391891891891895,0.6554054054054054,0.6081081081081081,0.0405405405405405,0.0067567567567567
https://doi.org/10.5006/4063,24.444444444444443,6.5181818181818185,0.7090909090909091,0.4818181818181818,0.0363636363636363,0.0227272727272727
https://doi.org/10.5006/4109,30.2,6.274834437086093,0.6589403973509934,0.5165562913907285,0.0231788079470198,0.0231788079470198
https://doi.org/10.5006/3964,14.571428571428571,7.715686274509804,0.6764705882352942,0.8333333333333334,0.0392156862745098,0.0294117647058823
https://doi.org/10.5006/4176,18.75,6.248888888888889,0.6755555555555556,0.56,0.04,0.0177777777777777
https://doi.org/10.5006/3933,23.1,7.186147186147186,0.6796536796536796,0.683982683982684,0.0519480519480519,0.0303030303030303
https://doi.org/10.5006/4143,31.25,7.392,0.704,0.712,0.064,0.04
https://doi.org/10.5006/3961,21.22222222222222,6.827225130890052,0.6335078534031413,0.643979057591623,0.031413612565445,0.0104712041884816
https://doi.org/10.5006/4165,14.65,7.0,0.658703071672355,0.5494880546075085,0.0170648464163822,0.0204778156996587
https://doi.org/10.5006/4069,27.428571428571427,6.947916666666667,0.65625,0.5885416666666666,0.015625,0.0364583333333333
https://doi.org/10.5006/4118,16.916666666666668,6.729064039408867,0.6995073891625616,0.6305418719211823,0.0295566502463054,0.0147783251231527
https://doi.org/10.5006/4023,27.5,6.721212121212122,0.6363636363636364,0.6606060606060606,0.0545454545454545,0.006060606060606
https://doi.org/10.5006/3977,19.272727272727277,6.55188679245283,0.6132075471698113,0.5047169811320755,0.0283018867924528,0.0094339622641509
https://doi.org/10.5006/4083,26.666666666666668,6.9,0.65625,0.575,0.05625,0.0125
https://doi.org/10.5006/4188,15.909090909090908,7.131428571428572,0.7142857142857143,0.64,0.0171428571428571,0.0171428571428571
https://doi.org/10.5006/4157,33.0,6.763636363636364,0.6363636363636364,0.6666666666666666,0.0606060606060606,0.0181818181818181
https://doi.org/10.5006/4181,28.25,6.247787610619469,0.5575221238938053,0.7345132743362832,0.0088495575221238,0.0265486725663716
https://doi.org/10.5006/3962,15.083333333333334,6.480662983425415,0.7348066298342542,0.6740331491712708,0.0718232044198895,0.0220994475138121
https://doi.org/10.5006/4057,31.33333333333333,6.627659574468085,0.6170212765957447,0.6595744680851063,0.0425531914893617,0.0106382978723404
https://doi.org/10.5006/4085,22.545454545454547,6.620967741935484,0.6491935483870968,0.5846774193548387,0.0120967741935483,0.0161290322580645
https://doi.org/10.5006/4075,25.5,7.071895424836601,0.6601307189542484,0.5947712418300654,0.0522875816993464,0.0130718954248366
https://doi.org/10.5006/4189,17.375,6.58273381294964,0.6474820143884892,0.6906474820143885,0.0647482014388489,0.014388489208633
https://doi.org/10.5006/4275,22.782608695652176,6.736641221374046,0.6374045801526718,0.5095419847328244,0.0114503816793893,0.0229007633587786
https://doi.org/10.5006/3901,29.625,6.641350210970464,0.6286919831223629,0.5147679324894515,0.0168776371308016,0.0126582278481012
https://doi.org/10.5006/4005,26.8,6.828358208955224,0.6343283582089553,0.7014925373134329,0.0746268656716417,0.0373134328358208
https://doi.org/10.5006/4097,26.0,6.25,0.6153846153846154,0.6346153846153846,0.0384615384615384,0.0384615384615384
https://doi.org/10.5006/3875,29.166666666666668,6.714285714285714,0.64,0.5314285714285715,0.0285714285714285,0.0057142857142857
https://doi.org/10.5006/3848,34.333333333333336,6.320388349514563,0.5825242718446602,0.6019417475728155,0.0194174757281553,0.0097087378640776
https://doi.org/10.5006/4186,30.25,6.586776859504132,0.7272727272727273,0.6446280991735537,0.0578512396694214,0.0082644628099173
https://doi.org/10.5006/4183,28.142857142857142,6.928934010152284,0.6395939086294417,0.6700507614213198,0.0456852791878172,0.0304568527918781
https://doi.org/10.5006/4225,17.0,6.347058823529411,0.5882352941176471,0.6352941176470588,0.0352941176470588,0.0235294117647058
https://doi.org/10.5006/3934,23.166666666666668,6.776978417266187,0.6546762589928058,0.5755395683453237,0.0431654676258992,0.0215827338129496
https://doi.org/10.5006/3982,23.25,6.290322580645161,0.6236559139784946,0.6774193548387096,0.032258064516129,0.021505376344086
https://doi.org/10.5006/3987,19.7,6.893401015228426,0.6598984771573604,0.5126903553299492,0.0253807106598984,0.015228426395939
https://doi.org/10.5006/4010,14.692307692307692,6.675392670157068,0.6649214659685864,0.643979057591623,0.0157068062827225,0.0157068062827225
https://doi.org/10.5006/4014,13.333333333333334,6.525,0.635,0.55,0.025,0.01
https://doi.org/10.5006/4021,16.666666666666668,6.02,0.63,0.64,0.03,0.0
https://doi.org/10.5006/3918,15.333333333333334,6.369565217391305,0.6376811594202898,0.6594202898550725,0.036231884057971,0.0217391304347826
https://doi.org/10.5006/4042,29.444444444444443,6.649056603773585,0.7245283018867924,0.6264150943396226,0.0490566037735849,0.0150943396226415
https://doi.org/10.5006/4120,16.714285714285715,6.615384615384615,0.7094017094017094,0.6324786324786325,0.0512820512820512,0.0085470085470085
https://doi.org/10.5006/4033,29.83333333333333,6.960893854748603,0.659217877094972,0.6201117318435754,0.0502793296089385,0.0111731843575419
https://doi.org/10.5006/4028,9.0,6.460905349794238,0.7407407407407407,0.5843621399176955,0.037037037037037,0.0041152263374485
https://doi.org/10.5006/4134,34.0,6.873949579831932,0.6596638655462185,0.6008403361344538,0.0378151260504201,0.0126050420168067
https://doi.org/10.5006/3923,32.0,6.296875,0.6458333333333334,0.5989583333333334,0.03125,0.0364583333333333
https://doi.org/10.5006/4073,23.666666666666668,6.612676056338028,0.6549295774647887,0.5352112676056338,0.0352112676056338,0.028169014084507
https://doi.org/10.1080/1478422x.2022.2161122,21.5,7.465116279069767,0.6976744186046512,0.7131782945736435,0.0387596899224806,0.0232558139534883
https://doi.org/10.1080/1478422x.2022.2120945,13.142857142857142,6.375,0.717391304347826,0.5489130434782609,0.0380434782608695,0.0054347826086956
https://doi.org/10.1080/1478422x.2022.2154735,22.571428571428573,7.056962025316456,0.7088607594936709,0.5759493670886076,0.0696202531645569,0.0
https://doi.org/10.1080/1478422x.2022.2053036,21.428571428571427,6.653333333333333,0.6933333333333334,0.56,0.0266666666666666,0.0133333333333333
https://doi.org/10.1080/1478422x.2022.2162662,22.8,6.307017543859649,0.6578947368421053,0.7368421052631579,0.043859649122807,0.0350877192982456
https://doi.org/10.1080/1478422x.2022.2056286,18.0,7.027777777777778,0.6736111111111112,0.5694444444444444,0.0416666666666666,0.0138888888888888
https://doi.org/10.1080/1478422x.2022.2112931,20.857142857142858,6.376712328767123,0.6506849315068494,0.589041095890411,0.0616438356164383,0.0273972602739726
https://doi.org/10.1080/1478422x.2022.2125621,18.5,7.013513513513513,0.6418918918918919,0.6486486486486487,0.0472972972972973,0.0067567567567567
https://doi.org/10.1080/1478422x.2022.2119706,19.09090909090909,6.857142857142857,0.6857142857142857,0.6047619047619047,0.0142857142857142,0.0095238095238095
https://doi.org/10.1080/1478422x.2022.2057273,9.3125,5.825503355704698,0.6912751677852349,0.6912751677852349,0.046979865771812,0.0201342281879194
https://doi.org/10.1080/1478422x.2022.2116185,26.8,6.932835820895522,0.7164179104477612,0.6865671641791045,0.0223880597014925,0.0074626865671641
https://doi.org/10.1080/1478422x.2022.2071666,20.285714285714285,6.161971830985915,0.5845070422535211,0.5070422535211268,0.0140845070422535,0.0070422535211267
https://doi.org/10.1080/1478422x.2022.2096322,21.428571428571427,6.593333333333334,0.64,0.6266666666666667,0.0533333333333333,0.02
https://doi.org/10.1080/1478422x.2022.2148855,13.875,5.990990990990991,0.6306306306306306,0.6216216216216216,0.045045045045045,0.054054054054054
https://doi.org/10.1080/1478422x.2022.2028345,18.625,5.697986577181208,0.5906040268456376,0.4832214765100671,0.0268456375838926,0.0067114093959731
https://doi.org/10.1080/1478422x.2022.2115436,28.8,6.9375,0.6388888888888888,0.6111111111111112,0.0347222222222222,0.0138888888888888
https://doi.org/10.1080/1478422x.2022.2060788,14.0,6.714285714285714,0.6623376623376623,0.6168831168831169,0.0194805194805194,0.0129870129870129
https://doi.org/10.1080/1478422x.2022.2126084,15.5,5.935483870967742,0.7354838709677419,0.6580645161290323,0.0387096774193548,0.0064516129032258
https://doi.org/10.1080/1478422x.2022.2149426,16.166666666666668,6.463917525773196,0.7216494845360825,0.7422680412371134,0.0309278350515463,0.0206185567010309
https://doi.org/10.1080/1478422x.2022.2074115,17.2,6.354651162790698,0.6395348837209303,0.5465116279069767,0.0116279069767441,0.0174418604651162
https://doi.org/10.1080/1478422x.2022.2157534,14.857142857142858,6.721153846153846,0.7211538461538461,0.7115384615384616,0.0769230769230769,0.0096153846153846
https://doi.org/10.1080/1478422x.2022.2060789,21.857142857142858,6.73202614379085,0.6862745098039216,0.5882352941176471,0.0588235294117647,0.0
https://doi.org/10.1080/1478422x.2022.2099334,19.25,6.6103896103896105,0.6558441558441559,0.5714285714285714,0.0584415584415584,0.0129870129870129
https://doi.org/10.1080/1478422x.2022.2161336,22.571428571428573,5.7405063291139244,0.6075949367088608,0.5379746835443038,0.0126582278481012,0.0126582278481012
https://doi.org/10.1080/1478422x.2022.2077554,21.6,6.462962962962963,0.6388888888888888,0.6481481481481481,0.0555555555555555,0.0092592592592592
https://doi.org/10.1080/1478422x.2022.2140247,19.0,5.9605263157894735,0.7236842105263158,0.6842105263157895,0.0460526315789473,0.0197368421052631
https://doi.org/10.1080/1478422x.2022.2132616,19.571428571428573,6.102189781021898,0.635036496350365,0.6861313868613139,0.0218978102189781,0.0218978102189781
https://doi.org/10.1080/1478422x.2022.2093690,16.88888888888889,7.967105263157895,0.6776315789473685,0.618421052631579,0.0460526315789473,0.006578947368421
https://doi.org/10.1080/1478422x.2022.2125647,16.285714285714285,6.912280701754386,0.6578947368421053,0.6666666666666666,0.0526315789473684,0.0350877192982456
https://doi.org/10.1080/1478422x.2022.2100601,23.666666666666668,6.373239436619718,0.7112676056338029,0.6408450704225352,0.0352112676056338,0.0070422535211267
https://doi.org/10.1080/1478422x.2022.2071667,24.83333333333333,6.879194630872483,0.6442953020134228,0.5503355704697986,0.0268456375838926,0.0067114093959731
https://doi.org/10.1080/1478422x.2022.2119006,24.666666666666668,6.608108108108108,0.6554054054054054,0.5743243243243243,0.0743243243243243,0.0135135135135135
https://doi.org/10.1080/1478422x.2022.2096323,10.333333333333334,5.754838709677419,0.7419354838709677,0.6580645161290323,0.0258064516129032,0.0064516129032258
https://doi.org/10.1080/1478422x.2022.2077553,17.22222222222222,7.2064516129032254,0.7225806451612903,0.6580645161290323,0.0516129032258064,0.0193548387096774
https://doi.org/10.1080/1478422x.2022.2118438,8.529411764705882,6.455172413793103,0.6758620689655173,0.6620689655172414,0.0413793103448275,0.0137931034482758
https://doi.org/10.1080/1478422x.2022.2140248,27.5,7.036363636363636,0.7363636363636363,0.7818181818181819,0.0545454545454545,0.0181818181818181
https://doi.org/10.1080/1478422x.2022.2075521,17.5,6.4071428571428575,0.6571428571428571,0.4785714285714286,0.0214285714285714,0.0
https://doi.org/10.1080/1478422x.2022.2100456,21.142857142857142,6.777027027027027,0.6283783783783784,0.581081081081081,0.0337837837837837,0.0337837837837837
https://doi.org/10.1080/1478422x.2022.2106285,9.75,6.25,0.6089743589743589,0.5897435897435898,0.0512820512820512,0.0448717948717948
https://doi.org/10.1080/1478422x.2022.2101179,21.285714285714285,6.496644295302014,0.6644295302013423,0.5906040268456376,0.0402684563758389,0.0402684563758389
https://doi.org/10.1080/1478422x.2022.2128376,14.4,6.805555555555555,0.7013888888888888,0.6319444444444444,0.0277777777777777,0.0
https://doi.org/10.1080/1478422x.2022.2083746,25.0,6.76,0.7,0.66,0.0266666666666666,0.0466666666666666
https://doi.org/10.1080/1478422x.2022.2127637,14.636363636363637,5.832298136645963,0.6832298136645962,0.6086956521739131,0.0186335403726708,0.0186335403726708
https://doi.org/10.1080/1478422x.2022.2152172,22.33333333333333,6.7164179104477615,0.6492537313432836,0.6417910447761194,0.0298507462686567,0.0
https://doi.org/10.1080/1478422x.2022.2105682,18.0,6.472222222222222,0.7152777777777778,0.6388888888888888,0.0625,0.0
https://doi.org/10.1080/1478422x.2022.2128708,25.2,6.484126984126984,0.6190476190476191,0.5793650793650794,0.0555555555555555,0.0238095238095238
https://doi.org/10.1080/1478422x.2022.2130509,39.5,6.6265822784810124,0.6455696202531646,0.6265822784810127,0.0316455696202531,0.0126582278481012
https://doi.org/10.1080/1478422x.2022.2153197,29.4,6.244897959183674,0.6258503401360545,0.6190476190476191,0.0476190476190476,0.0340136054421768
https://doi.org/10.1080/1478422x.2022.2088328,17.875,7.468531468531468,0.7062937062937062,0.6783216783216783,0.0559440559440559,0.0139860139860139
https://doi.org/10.1080/1478422x.2022.2065419,24.666666666666668,7.121621621621622,0.6418918918918919,0.4864864864864865,0.0608108108108108,0.0135135135135135
https://doi.org/10.1080/1478422x.2022.2111039,24.166666666666668,7.158620689655172,0.6827586206896552,0.6896551724137931,0.0344827586206896,0.0344827586206896
https://doi.org/10.1080/1478422x.2022.2071000,18.5,6.4324324324324325,0.7162162162162162,0.5540540540540541,0.054054054054054,0.0135135135135135
https://doi.org/10.1080/1478422x.2022.2120090,29.6,6.635135135135135,0.6891891891891891,0.5878378378378378,0.0405405405405405,0.0067567567567567
https://doi.org/10.1080/1478422x.2022.2075076,16.666666666666668,6.32,0.6666666666666666,0.6733333333333333,0.0333333333333333,0.02
https://doi.org/10.1080/1478422x.2022.2152174,24.4,6.221311475409836,0.680327868852459,0.5819672131147541,0.0491803278688524,0.0081967213114754
https://doi.org/10.1080/1478422x.2022.2126407,34.5,6.094202898550725,0.6811594202898551,0.6666666666666666,0.0507246376811594,0.0144927536231884
https://doi.org/10.1080/1478422x.2022.2149048,24.666666666666668,6.452702702702703,0.6554054054054054,0.6554054054054054,0.0337837837837837,0.027027027027027
https://doi.org/10.1080/1478422x.2022.2054915,21.714285714285715,6.703947368421052,0.6578947368421053,0.618421052631579,0.0394736842105263,0.006578947368421
https://doi.org/10.1080/1478422x.2022.2060790,15.3,6.915032679738562,0.7581699346405228,0.6928104575163399,0.0326797385620915,0.0326797385620915
https://doi.org/10.1080/1478422x.2022.2058779,24.666666666666668,6.918918918918919,0.668918918918919,0.6891891891891891,0.0337837837837837,0.0202702702702702
https://doi.org/10.1080/1478422x.2022.2127465,21.0,6.482993197278912,0.6258503401360545,0.5850340136054422,0.0544217687074829,0.0272108843537414
https://doi.org/10.1080/1478422x.2022.2057272,16.555555555555557,7.0,0.6711409395973155,0.6577181208053692,0.046979865771812,0.0201342281879194
https://doi.org/10.1080/1478422x.2022.2063780,21.428571428571427,7.2,0.7,0.64,0.0533333333333333,0.0133333333333333
https://doi.org/10.1080/1478422x.2022.2075522,9.75,6.833333333333333,0.6858974358974359,0.6794871794871795,0.0256410256410256,0.0192307692307692
https://doi.org/10.1080/1478422x.2022.2118439,23.0,6.942028985507246,0.6739130434782609,0.6014492753623188,0.0144927536231884,0.0217391304347826
https://doi.org/10.1080/1478422x.2022.2111038,8.066666666666666,7.008264462809917,0.6776859504132231,0.7107438016528925,0.0330578512396694,0.0082644628099173
https://doi.org/10.1080/1478422x.2022.2152771,14.9,6.899328859060403,0.6711409395973155,0.5973154362416108,0.0402684563758389,0.0134228187919463
https://doi.org/10.1080/1478422x.2022.2086514,8.75,7.271428571428571,0.75,0.7571428571428571,0.0357142857142857,0.0142857142857142
https://doi.org/10.1080/1478422x.2022.2093691,21.0,6.891156462585034,0.6598639455782312,0.6530612244897959,0.0272108843537414,0.0476190476190476
https://doi.org/10.1016/j.corsci.2022.110666,14.0,6.724489795918367,0.7142857142857143,0.7755102040816326,0.0510204081632653,0.0204081632653061
https://doi.org/10.1016/j.corsci.2022.110490,25.0,6.65,0.71,0.64,0.09,0.01
https://doi.org/10.1016/j.corsci.2022.110382,22.25,6.325842696629214,0.7303370786516854,0.7303370786516854,0.0224719101123595,0.0224719101123595
https://doi.org/10.1016/j.corsci.2022.110777,19.2,6.989583333333333,0.7291666666666666,0.5625,0.0833333333333333,0.0
https://doi.org/10.1016/j.corsci.2022.110640,24.25,7.628865979381444,0.7835051546391752,0.7525773195876289,0.1030927835051546,0.0
https://doi.org/10.1016/j.corsci.2022.110294,16.5,7.02020202020202,0.7171717171717171,0.7070707070707071,0.0707070707070707,0.0202020202020202
https://doi.org/10.1016/j.corsci.2022.110237,19.4,7.22680412371134,0.6907216494845361,0.6597938144329897,0.0721649484536082,0.0
https://doi.org/10.1016/j.corsci.2022.110252,23.25,6.881720430107527,0.6989247311827957,0.7419354838709677,0.043010752688172,0.032258064516129
https://doi.org/10.1016/j.corsci.2022.110493,10.4,6.576923076923077,0.7307692307692307,0.7788461538461539,0.0384615384615384,0.0
https://doi.org/10.1016/j.corsci.2022.110922,20.0,6.733333333333333,0.6333333333333333,0.5833333333333334,0.0166666666666666,0.025
https://doi.org/10.1016/j.corsci.2022.110716,20.0,6.19,0.67,0.69,0.02,0.0
https://doi.org/10.1016/j.corsci.2022.110681,25.0,7.34,0.63,0.76,0.06,0.0
https://doi.org/10.1016/j.corsci.2022.110555,25.0,6.64,0.64,0.62,0.03,0.02
https://doi.org/10.1016/j.corsci.2022.110273,14.285714285714286,6.98,0.67,0.74,0.07,0.03
https://doi.org/10.1016/j.corsci.2022.110477,24.5,7.040816326530612,0.7244897959183674,0.7959183673469388,0.0816326530612244,0.0204081632653061
https://doi.org/10.1016/j.corsci.2022.110758,18.6,6.655913978494624,0.6666666666666666,0.7634408602150538,0.043010752688172,0.021505376344086
https://doi.org/10.1016/j.corsci.2022.110161,24.75,6.696969696969697,0.696969696969697,0.7575757575757576,0.0505050505050505,0.0
https://doi.org/10.1016/j.corsci.2022.110589,24.625,7.076142131979696,0.6751269035532995,0.700507614213198,0.0101522842639593,0.0253807106598984
https://doi.org/10.1016/j.corsci.2022.110569,47.5,6.621052631578947,0.6631578947368421,0.7157894736842105,0.1157894736842105,0.0105263157894736
https://doi.org/10.1016/j.corsci.2022.110719,12.7,6.283464566929134,0.6771653543307087,0.7244094488188977,0.0629921259842519,0.0236220472440944
https://doi.org/10.1016/j.corsci.2022.110762,20.0,6.53,0.73,0.72,0.07,0.04
https://doi.org/10.1016/j.corsci.2022.110765,14.285714285714286,5.84,0.64,0.7,0.02,0.01
https://doi.org/10.1016/j.corsci.2022.110550,15.5,6.333333333333333,0.6881720430107527,0.6989247311827957,0.032258064516129,0.021505376344086
https://doi.org/10.1016/j.corsci.2022.110756,20.0,6.8,0.76,0.8,0.04,0.0
https://doi.org/10.1016/j.corsci.2022.110673,19.8,6.474747474747475,0.7171717171717171,0.8080808080808081,0.0909090909090909,0.0202020202020202
https://doi.org/10.1016/j.corsci.2022.110763,12.875,6.553398058252427,0.7378640776699029,0.7184466019417476,0.029126213592233,0.0388349514563106
https://doi.org/10.1016/j.corsci.2022.110726,16.333333333333332,6.36734693877551,0.6530612244897959,0.6530612244897959,0.0408163265306122,0.010204081632653
https://doi.org/10.1016/j.corsci.2022.110849,24.75,7.434343434343434,0.6868686868686869,0.696969696969697,0.0606060606060606,0.0
https://doi.org/10.1016/j.corsci.2022.110855,19.2,6.9375,0.7083333333333334,0.7395833333333334,0.0833333333333333,0.0
https://doi.org/10.1016/j.corsci.2022.110331,23.0,6.458937198067633,0.6714975845410628,0.6570048309178744,0.0434782608695652,0.0338164251207729
https://doi.org/10.1016/j.corsci.2022.110853,19.0,6.821052631578947,0.6947368421052632,0.6842105263157895,0.0631578947368421,0.0421052631578947
https://doi.org/10.1016/j.corsci.2022.110311,20.0,6.66,0.63,0.72,0.04,0.06
https://doi.org/10.1016/j.corsci.2022.110443,26.818181818181817,6.342372881355932,0.6135593220338983,0.4711864406779661,0.0135593220338983,0.0271186440677966
https://doi.org/10.1016/j.corsci.2022.110851,29.75,7.218487394957983,0.680672268907563,0.6554621848739496,0.0504201680672268,0.0
https://doi.org/10.1016/j.corsci.2022.110228,10.75,6.313953488372093,0.686046511627907,0.6162790697674418,0.0581395348837209,0.0116279069767441
https://doi.org/10.1016/j.corsci.2022.110274,22.83333333333333,6.262773722627737,0.6094890510948905,0.5401459854014599,0.0145985401459854,0.0218978102189781
https://doi.org/10.1016/j.corsci.2022.110114,20.2,6.811881188118812,0.6732673267326733,0.7227722772277227,0.0396039603960396,0.0
https://doi.org/10.1016/j.corsci.2022.110769,16.5,6.97979797979798,0.6666666666666666,0.6767676767676768,0.0303030303030303,0.0202020202020202
https://doi.org/10.1016/j.corsci.2022.110565,33.333333333333336,6.95,0.69,0.76,0.06,0.01
https://doi.org/10.1016/j.corsci.2022.110896,26.0,6.730769230769231,0.6794871794871795,0.782051282051282,0.0641025641025641,0.0128205128205128
https://doi.org/10.1016/j.corsci.2022.110635,19.8,6.313131313131313,0.696969696969697,0.5454545454545454,0.0505050505050505,0.0
https://doi.org/10.1016/j.corsci.2022.110113,20.2,6.762376237623762,0.7326732673267327,0.7425742574257426,0.0594059405940594,0.0198019801980198
https://doi.org/10.1016/j.corsci.2022.110437,23.25,6.301075268817204,0.6344086021505376,0.7741935483870968,0.0967741935483871,0.0
https://doi.org/10.1016/j.corsci.2022.110833,25.0,6.92,0.65,0.69,0.04,0.01
https://doi.org/10.1016/j.corsci.2022.110680,13.8,6.42512077294686,0.6376811594202898,0.5652173913043478,0.0048309178743961,0.0241545893719806
https://doi.org/10.1016/j.corsci.2022.110901,14.285714285714286,7.71,0.74,0.93,0.09,0.01
https://doi.org/10.1016/j.corsci.2022.110338,18.4,6.934782608695652,0.7065217391304348,0.717391304347826,0.0760869565217391,0.0108695652173913
https://doi.org/10.1016/j.corsci.2022.110413,12.5,6.22,0.68,0.76,0.06,0.0
https://doi.org/10.1016/j.corsci.2022.110526,20.0,6.32,0.64,0.73,0.04,0.02
https://doi.org/10.1016/j.corsci.2022.110214,18.63636363636364,6.160975609756098,0.6585365853658537,0.5024390243902439,0.0146341463414634,0.0292682926829268
https://doi.org/10.1016/j.corsci.2022.110453,22.6,6.256637168141593,0.7256637168141593,0.6858407079646017,0.0221238938053097,0.0044247787610619
https://doi.org/10.1016/j.corsci.2022.110725,19.6,6.989795918367347,0.6632653061224489,0.7448979591836735,0.0510204081632653,0.010204081632653
https://doi.org/10.1016/j.corsci.2022.110674,24.25,6.463917525773196,0.6597938144329897,0.6907216494845361,0.0309278350515463,0.0
https://doi.org/10.1016/j.corsci.2022.110884,10.88888888888889,6.244897959183674,0.6836734693877551,0.8061224489795918,0.0510204081632653,0.0
https://doi.org/10.1016/j.corsci.2022.110461,25.25,7.188118811881188,0.693069306930693,0.801980198019802,0.0594059405940594,0.0396039603960396
https://doi.org/10.1016/j.corsci.2022.110500,24.75,6.898989898989899,0.696969696969697,0.7373737373737373,0.0202020202020202,0.0303030303030303
https://doi.org/10.1016/j.corsci.2022.110475,20.4,7.15686274509804,0.6862745098039216,0.8137254901960784,0.0686274509803921,0.0196078431372549
https://doi.org/10.1016/j.corsci.2022.110859,9.8,6.612244897959184,0.7755102040816326,0.8775510204081632,0.0408163265306122,0.0
https://doi.org/10.1016/j.corsci.2022.110185,23.25,6.849462365591398,0.6451612903225806,0.7096774193548387,0.053763440860215,0.021505376344086
https://doi.org/10.1016/j.corsci.2022.110172,19.2,6.489583333333333,0.59375,0.6458333333333334,0.0208333333333333,0.0625
https://doi.org/10.1016/j.corsci.2022.110111,33.0,7.444444444444445,0.7474747474747475,0.7777777777777778,0.0505050505050505,0.0303030303030303
https://doi.org/10.1016/j.corsci.2022.110156,20.2,6.1683168316831685,0.6435643564356436,0.7722772277227723,0.0297029702970297,0.0099009900990099
https://doi.org/10.1016/j.corsci.2022.110809,25.75,7.058252427184466,0.7184466019417476,0.6990291262135923,0.0388349514563106,0.0
https://doi.org/10.1016/j.corsci.2022.110110,20.2,6.99009900990099,0.7326732673267327,0.7425742574257426,0.0198019801980198,0.0099009900990099
https://doi.org/10.1016/j.corsci.2022.110356,26.25,6.552380952380952,0.6476190476190476,0.6,0.0095238095238095,0.0
https://doi.org/10.1016/j.corsci.2022.110723,26.0,5.407692307692308,0.7461538461538462,0.6,0.0076923076923076,0.0076923076923076
https://doi.org/10.1016/j.corsci.2022.110676,24.25,6.484536082474227,0.7938144329896907,0.7525773195876289,0.0515463917525773,0.0103092783505154
https://doi.org/10.1016/j.corsci.2022.110178,25.0,6.81,0.65,0.77,0.07,0.0
https://doi.org/10.1016/j.corsci.2022.110826,25.5,6.46078431372549,0.696078431372549,0.7745098039215687,0.0490196078431372,0.0392156862745098
https://doi.org/10.3390/cmd3020015,22.5,6.372222222222222,0.5722222222222222,0.5222222222222223,0.0222222222222222,0.0111111111111111
https://doi.org/10.3390/cmd3040031,27.0,6.549382716049383,0.7345679012345679,0.6111111111111112,0.0432098765432098,0.0246913580246913
https://doi.org/10.3390/cmd3020013,23.0,6.495652173913044,0.5826086956521739,0.6782608695652174,0.0695652173913043,0.0260869565217391
https://doi.org/10.3390/cmd3040037,22.875,7.163934426229508,0.6721311475409836,0.6338797814207651,0.0218579234972677,0.0273224043715847
https://doi.org/10.3390/cmd3030025,25.22222222222222,6.462555066079295,0.6651982378854625,0.4889867841409692,0.026431718061674,0.013215859030837
https://doi.org/10.3390/cmd3040038,21.06451612903226,5.895865237366003,0.5957120980091883,0.4640122511485451,0.0183767228177641,0.0153139356814701
https://doi.org/10.3390/cmd3010003,20.77777777777778,6.529411764705882,0.6096256684491979,0.6310160427807486,0.0106951871657754,0.0106951871657754
https://doi.org/10.3390/cmd3030028,24.666666666666668,6.16554054054054,0.597972972972973,0.5337837837837838,0.0202702702702702,0.027027027027027
https://doi.org/10.3390/cmd3030023,20.571428571428573,6.791666666666667,0.6666666666666666,0.7430555555555556,0.0347222222222222,0.0347222222222222
https://doi.org/10.3390/cmd3020014,23.857142857142858,6.994011976047904,0.6586826347305389,0.6646706586826348,0.029940119760479,0.0239520958083832
https://doi.org/10.3390/cmd3010006,21.384615384615383,6.863309352517986,0.658273381294964,0.5323741007194245,0.0359712230215827,0.0107913669064748
https://doi.org/10.3390/cmd3020012,25.2,7.126984126984127,0.6428571428571429,0.5873015873015873,0.0476190476190476,0.0476190476190476
https://doi.org/10.3390/cmd3040032,25.375,6.009852216748769,0.5467980295566502,0.5369458128078818,0.0344827586206896,0.0443349753694581
https://doi.org/10.3390/cmd3010005,17.09090909090909,5.877659574468085,0.6542553191489362,0.5585106382978723,0.0319148936170212,0.0
https://doi.org/10.3390/cmd4010001,16.75,6.796019900497512,0.7213930348258707,0.6368159203980099,0.0298507462686567,0.0248756218905472
https://doi.org/10.3390/cmd3010004,19.53333333333333,6.805460750853243,0.6313993174061433,0.4982935153583617,0.0238907849829351,0.0273037542662116
https://doi.org/10.3390/cmd3030022,27.77777777777778,6.584,0.624,0.588,0.012,0.052
https://doi.org/10.3390/cmd3010008,17.083333333333332,6.195121951219512,0.6292682926829268,0.4390243902439024,0.0341463414634146,0.0048780487804878
https://doi.org/10.3390/cmd3030019,17.4,6.310344827586207,0.5517241379310345,0.7241379310344828,0.0229885057471264,0.057471264367816
https://doi.org/10.3390/cmd3030030,12.590909090909092,6.6859205776173285,0.6642599277978339,0.6425992779783394,0.0180505415162454,0.0216606498194945
https://doi.org/10.3390/cmd3040033,20.58333333333333,7.0242914979757085,0.7004048582995951,0.611336032388664,0.0283400809716599,0.0
https://doi.org/10.3390/cmd3020017,23.0,6.6579710144927535,0.6260869565217392,0.527536231884058,0.0318840579710144,0.0289855072463768
https://doi.org/10.3390/cmd3020016,20.0,6.533333333333333,0.6722222222222223,0.6388888888888888,0.0166666666666666,0.0333333333333333
https://doi.org/10.3390/cmd3030026,15.076923076923077,6.198979591836735,0.6479591836734694,0.5816326530612245,0.0357142857142857,0.0153061224489795
https://doi.org/10.3390/cmd3030020,23.5,6.941489361702128,0.6329787234042553,0.6861702127659575,0.0159574468085106,0.0585106382978723
https://doi.org/10.3390/cmd3040036,17.76923076923077,7.298701298701299,0.696969696969697,0.5844155844155844,0.0389610389610389,0.0086580086580086
https://doi.org/10.3390/cmd3020011,21.33333333333333,6.8828125,0.609375,0.59375,0.0234375,0.0234375
https://doi.org/10.3390/cmd3030021,18.07692307692308,6.446808510638298,0.6212765957446809,0.5829787234042553,0.0212765957446808,0.0127659574468085
https://doi.org/10.3390/cmd3040039,31.4,6.78343949044586,0.6496815286624203,0.643312101910828,0.0127388535031847,0.0127388535031847
https://doi.org/10.3390/cmd3040034,21.0,6.923809523809524,0.6333333333333333,0.6190476190476191,0.0428571428571428,0.019047619047619
https://doi.org/10.3390/cmd3010007,15.583333333333334,6.775401069518717,0.732620320855615,0.6898395721925134,0.0267379679144385,0.0053475935828877
https://doi.org/10.3390/cmd3010009,13.0,6.870192307692308,0.7211538461538461,0.6682692307692307,0.0192307692307692,0.0096153846153846
https://doi.org/10.3390/cmd3030018,24.2,7.074380165289257,0.6942148760330579,0.7148760330578512,0.012396694214876,0.012396694214876
https://doi.org/10.3390/cmd3030024,20.714285714285715,6.510344827586207,0.6413793103448275,0.6758620689655173,0.0206896551724137,0.0413793103448275
https://doi.org/10.3390/cmd3040035,23.25,6.521505376344086,0.6774193548387096,0.5698924731182796,0.0268817204301075,0.0268817204301075
https://doi.org/10.3390/cmd3040040,24.5,6.663265306122449,0.6428571428571429,0.6275510204081632,0.0306122448979591,0.0204081632653061
https://doi.org/10.3390/cmd4010002,22.625,6.535911602209945,0.6629834254143646,0.6961325966850829,0.0386740331491712,0.0165745856353591
https://doi.org/10.3390/cmd3030027,18.0,6.322222222222222,0.6833333333333333,0.6388888888888888,0.0444444444444444,0.0222222222222222
https://doi.org/10.3390/cmd3020010,29.666666666666668,6.735955056179775,0.6910112359550562,0.6853932584269663,0.0280898876404494,0.0168539325842696
https://doi.org/10.3390/cmd3030029,23.571428571428573,6.781818181818182,0.6606060606060606,0.6484848484848484,0.0242424242424242,0.006060606060606
https://doi.org/10.1002/maco.202213140,36.5,6.760273972602739,0.5753424657534246,0.6301369863013698,0.0136986301369863,0.0136986301369863
https://doi.org/10.1002/maco.202213104,19.0,5.952153110047847,0.7081339712918661,0.4497607655502392,0.0191387559808612,0.0095693779904306
https://doi.org/10.1002/maco.202213174,26.666666666666668,7.4875,0.6875,0.55625,0.04375,0.00625
https://doi.org/10.1002/maco.202213372,34.4,6.366279069767442,0.6569767441860465,0.6104651162790697,0.0348837209302325,0.0348837209302325
https://doi.org/10.1002/maco.202213530,25.4,6.559055118110236,0.6220472440944882,0.6299212598425197,0.1023622047244094,0.0157480314960629
https://doi.org/10.1002/maco.202112748,20.666666666666668,6.838709677419355,0.7258064516129032,0.6532258064516129,0.032258064516129,0.032258064516129
https://doi.org/10.1002/maco.202213324,25.6,6.5,0.625,0.6796875,0.0390625,0.0078125
https://doi.org/10.1002/maco.202213105,19.875,6.89937106918239,0.6981132075471698,0.5786163522012578,0.0314465408805031,0.0125786163522012
https://doi.org/10.1002/maco.202213116,19.818181818181817,6.536697247706422,0.5963302752293578,0.5412844036697247,0.036697247706422,0.0137614678899082
https://doi.org/10.1002/maco.202112871,21.142857142857142,6.945945945945946,0.6959459459459459,0.6756756756756757,0.0337837837837837,0.0
https://doi.org/10.1002/maco.202112851,11.5,6.285714285714286,0.6894409937888198,0.5341614906832298,0.0186335403726708,0.0124223602484472
https://doi.org/10.1002/maco.202213307,25.4,6.377952755905512,0.6692913385826772,0.5275590551181102,0.0314960629921259,0.0157480314960629
https://doi.org/10.1002/maco.202113019,36.25,6.296551724137931,0.6,0.5379310344827586,0.0620689655172413,0.0137931034482758
https://doi.org/10.1002/maco.202213097,29.33333333333333,7.488636363636363,0.7443181818181818,0.6193181818181818,0.0397727272727272,0.0113636363636363
https://doi.org/10.1002/maco.202213658,26.33333333333333,7.60126582278481,0.6708860759493671,0.5822784810126582,0.0443037974683544,0.0063291139240506
https://doi.org/10.1002/maco.202112715,19.875,6.069182389937107,0.6163522012578616,0.5094339622641509,0.0440251572327044,0.0251572327044025
https://doi.org/10.1002/maco.202112935,18.2,6.489010989010989,0.6978021978021978,0.5879120879120879,0.0439560439560439,0.0054945054945054
https://doi.org/10.1002/maco.202213339,16.0,6.715909090909091,0.6988636363636364,0.7159090909090909,0.0681818181818181,0.0170454545454545
https://doi.org/10.1002/maco.202213414,22.285714285714285,5.769230769230769,0.6282051282051282,0.6025641025641025,0.0448717948717948,0.0
https://doi.org/10.1002/maco.202213546,22.2,7.1891891891891895,0.6936936936936937,0.6306306306306306,0.0990990990990991,0.018018018018018
https://doi.org/10.1002/maco.202112963,25.8,6.813953488372093,0.6821705426356589,0.5968992248062015,0.0465116279069767,0.0077519379844961
https://doi.org/10.1002/maco.202112814,20.2,7.01980198019802,0.693069306930693,0.693069306930693,0.0396039603960396,0.0
https://doi.org/10.1002/maco.202213326,18.666666666666668,5.776785714285714,0.6339285714285714,0.4732142857142857,0.0223214285714285,0.0044642857142857
https://doi.org/10.1002/maco.202213296,22.0,6.505050505050505,0.6868686868686869,0.5858585858585859,0.0252525252525252,0.0202020202020202
https://doi.org/10.1002/maco.202113022,28.5,5.970760233918129,0.6491228070175439,0.5497076023391813,0.0175438596491228,0.0058479532163742
https://doi.org/10.1002/maco.202213359,22.11111111111111,6.668341708542713,0.628140703517588,0.6080402010050251,0.0251256281407035,0.0402010050251256
https://doi.org/10.1002/maco.202213238,25.83333333333333,7.258064516129032,0.7032258064516129,0.6387096774193548,0.0451612903225806,0.0064516129032258
https://doi.org/10.1002/maco.202213380,24.5,6.782312925170068,0.6938775510204082,0.6122448979591837,0.0476190476190476,0.0272108843537414
https://doi.org/10.1002/maco.202213582,19.142857142857142,6.873134328358209,0.6194029850746269,0.6194029850746269,0.0223880597014925,0.0223880597014925
https://doi.org/10.1002/maco.202112953,22.666666666666668,7.411764705882353,0.7352941176470589,0.6617647058823529,0.0294117647058823,0.0147058823529411
https://doi.org/10.1002/maco.202112818,16.625,6.7819548872180455,0.6466165413533834,0.5714285714285714,0.0827067669172932,0.0
https://doi.org/10.1002/maco.202112765,24.571428571428573,7.313953488372093,0.6569767441860465,0.627906976744186,0.0465116279069767,0.0174418604651162
https://doi.org/10.1002/maco.202112757,24.2,6.528925619834711,0.6859504132231405,0.628099173553719,0.0330578512396694,0.0082644628099173
https://doi.org/10.1002/maco.202112915,19.285714285714285,6.977777777777778,0.6518518518518519,0.6518518518518519,0.0592592592592592,0.0148148148148148
https://doi.org/10.1002/maco.202213271,23.1,6.311688311688312,0.670995670995671,0.5064935064935064,0.0259740259740259,0.0129870129870129
https://doi.org/10.1002/maco.202213543,26.285714285714285,6.896739130434782,0.6793478260869565,0.5815217391304348,0.0217391304347826,0.0217391304347826
https://doi.org/10.1002/maco.202213541,20.444444444444443,6.755434782608695,0.6847826086956522,0.5271739130434783,0.0543478260869565,0.0054347826086956
https://doi.org/10.1002/maco.202112937,28.33333333333333,6.617647058823529,0.6529411764705882,0.5235294117647059,0.0529411764705882,0.0176470588235294
https://doi.org/10.1002/maco.202113005,7.5,6.126666666666667,0.7066666666666667,0.6333333333333333,0.0266666666666666,0.02
https://doi.org/10.1002/maco.202213482,20.666666666666668,6.717741935483871,0.7016129032258065,0.6693548387096774,0.064516129032258,0.0161290322580645
https://doi.org/10.1002/maco.202213375,20.0,5.915,0.585,0.47,0.02,0.01
https://doi.org/10.1002/maco.202112957,12.133333333333333,6.032967032967033,0.6923076923076923,0.5604395604395604,0.0219780219780219,0.0219780219780219
https://doi.org/10.1002/maco.202213249,18.83333333333333,6.946902654867257,0.6548672566371682,0.672566371681416,0.0265486725663716,0.0176991150442477
https://doi.org/10.1002/maco.202213478,24.33333333333333,6.575342465753424,0.6575342465753424,0.684931506849315,0.0410958904109589,0.0
https://doi.org/10.1002/maco.202112697,19.727272727272727,6.658986175115207,0.5852534562211982,0.543778801843318,0.0092165898617511,0.0276497695852534
https://doi.org/10.1002/maco.202213562,18.375,6.870748299319728,0.6938775510204082,0.6258503401360545,0.0340136054421768,0.0272108843537414
https://doi.org/10.1002/maco.202213076,11.785714285714286,6.587878787878788,0.6909090909090909,0.6060606060606061,0.0424242424242424,0.0121212121212121
https://doi.org/10.1002/maco.202213196,26.166666666666668,7.280254777070064,0.6878980891719745,0.6687898089171974,0.0318471337579617,0.0063694267515923
https://doi.org/10.1002/maco.202213189,25.5,7.549019607843137,0.7124183006535948,0.7189542483660131,0.0392156862745098,0.0196078431372549
https://doi.org/10.1002/maco.202112994,21.5,6.941860465116279,0.6686046511627907,0.6337209302325582,0.0290697674418604,0.0232558139534883
https://doi.org/10.1002/maco.202213079,19.666666666666668,6.711864406779661,0.6949152542372882,0.615819209039548,0.0338983050847457,0.0169491525423728
https://doi.org/10.1002/maco.202213118,28.0,6.8273809523809526,0.6666666666666666,0.6071428571428571,0.0178571428571428,0.0119047619047619
https://doi.org/10.1002/maco.202213322,12.235294117647058,5.783653846153846,0.7355769230769231,0.5432692307692307,0.0288461538461538,0.0096153846153846
https://doi.org/10.1002/maco.202213287,14.833333333333334,6.623595505617978,0.6460674157303371,0.5674157303370787,0.0505617977528089,0.0112359550561797
https://doi.org/10.1002/maco.202213538,17.833333333333332,7.065420560747664,0.6635514018691588,0.6635514018691588,0.0654205607476635,0.0093457943925233
https://doi.org/10.1002/maco.202112730,17.0,6.764705882352941,0.6535947712418301,0.5490196078431373,0.0457516339869281,0.0130718954248366
https://doi.org/10.1002/maco.202213503,22.33333333333333,7.186567164179104,0.6716417910447762,0.6567164179104478,0.0597014925373134,0.0223880597014925
https://doi.org/10.1002/maco.202213382,25.428571428571427,5.629213483146067,0.6573033707865169,0.5224719101123596,0.0112359550561797,0.0112359550561797
https://doi.org/10.1002/maco.202112832,28.6,7.174825174825175,0.7132867132867133,0.5314685314685315,0.0349650349650349,0.0069930069930069
https://doi.org/10.1002/maco.202213073,24.0,6.135416666666667,0.6666666666666666,0.578125,0.0416666666666666,0.0104166666666666
https://doi.org/10.1002/maco.202213328,29.142857142857142,6.892156862745098,0.6470588235294118,0.6225490196078431,0.0392156862745098,0.0441176470588235
https://doi.org/10.1002/maco.202113020,21.0,7.174603174603175,0.7063492063492064,0.6984126984126984,0.0238095238095238,0.0158730158730158
https://doi.org/10.1002/maco.202213108,19.5,6.880341880341881,0.6666666666666666,0.5470085470085471,0.0769230769230769,0.0
https://doi.org/10.1002/maco.202213236,20.5,7.292682926829267,0.6585365853658537,0.7073170731707317,0.1097560975609756,0.024390243902439
https://doi.org/10.1002/maco.202213298,14.23076923076923,6.286486486486487,0.6648648648648648,0.6,0.0162162162162162,0.0108108108108108
https://doi.org/10.1002/maco.202112887,18.285714285714285,6.7734375,0.6953125,0.640625,0.03125,0.0234375
https://doi.org/10.1002/maco.202112787,18.285714285714285,7.1015625,0.7109375,0.6328125,0.0546875,0.0078125
https://doi.org/10.1002/maco.202213215,30.0,6.488888888888889,0.7111111111111111,0.7777777777777778,0.0555555555555555,0.0
https://doi.org/10.1002/maco.202213297,34.5,6.246376811594203,0.7463768115942029,0.5942028985507246,0.0434782608695652,0.0072463768115942
https://doi.org/10.1002/maco.202213397,20.444444444444443,6.336956521739131,0.6902173913043478,0.5815217391304348,0.0434782608695652,0.0326086956521739
https://doi.org/10.1002/maco.202213325,21.142857142857142,6.317567567567568,0.6621621621621622,0.6081081081081081,0.0472972972972973,0.0202702702702702
https://doi.org/10.1002/maco.202213574,33.5,6.544776119402985,0.6791044776119403,0.5671641791044776,0.0820895522388059,0.0074626865671641
https://doi.org/10.1002/maco.202213672,14.166666666666666,6.258823529411765,0.7058823529411765,0.5882352941176471,0.0470588235294117,0.0294117647058823
https://doi.org/10.1002/maco.202112790,27.5,6.622727272727273,0.6772727272727272,0.5954545454545455,0.0136363636363636,0.0181818181818181
https://doi.org/10.1002/maco.202113014,13.785714285714286,6.492227979274611,0.694300518134715,0.5958549222797928,0.0259067357512953,0.0155440414507772
https://doi.org/10.1002/maco.202213110,16.90909090909091,6.258064516129032,0.6451612903225806,0.5053763440860215,0.0376344086021505,0.010752688172043
https://doi.org/10.1002/maco.202213308,20.33333333333333,5.778688524590164,0.639344262295082,0.6147540983606558,0.040983606557377,0.0245901639344262
https://doi.org/10.1002/maco.202213551,19.125,7.065359477124183,0.6078431372549019,0.4248366013071895,0.0392156862745098,0.0065359477124183
https://doi.org/10.1002/maco.202213566,22.5,6.533333333333333,0.6333333333333333,0.6277777777777778,0.0166666666666666,0.0277777777777777
https://doi.org/10.1002/maco.202213049,23.0,7.456521739130435,0.7318840579710145,0.6376811594202898,0.0652173913043478,0.0
https://doi.org/10.1002/maco.202112841,21.0,6.984126984126984,0.6666666666666666,0.5873015873015873,0.0476190476190476,0.0238095238095238
https://doi.org/10.1002/maco.202213401,28.6,5.447552447552448,0.7832167832167832,0.6503496503496503,0.0349650349650349,0.0139860139860139
https://doi.org/10.1002/maco.202213156,15.083333333333334,6.779005524861878,0.7513812154696132,0.585635359116022,0.0607734806629834,0.005524861878453
https://doi.org/10.1002/maco.202213415,28.571428571428573,6.12,0.625,0.45,0.015,0.015
https://doi.org/10.1002/maco.202213158,11.941176470588236,6.221674876847291,0.7438423645320197,0.5467980295566502,0.0541871921182266,0.0049261083743842
https://doi.org/10.1002/maco.202213323,21.428571428571427,6.213333333333333,0.6933333333333334,0.6266666666666667,0.0666666666666666,0.0066666666666666
https://doi.org/10.1002/maco.202213412,20.625,6.612121212121212,0.6,0.5454545454545454,0.0242424242424242,0.0121212121212121
https://doi.org/10.1002/maco.202113031,8.565217391304348,5.720812182741117,0.649746192893401,0.416243654822335,0.0253807106598984,0.0050761421319796
https://doi.org/10.1002/maco.202213063,29.166666666666668,6.091428571428572,0.6857142857142857,0.5942857142857143,0.0285714285714285,0.0285714285714285
https://doi.org/10.1002/maco.202213060,20.75,5.909638554216867,0.6987951807228916,0.4698795180722891,0.0180722891566265,0.0120481927710843
https://doi.org/10.1002/maco.202112758,26.5,6.39622641509434,0.6415094339622641,0.5754716981132075,0.0377358490566037,0.0377358490566037
https://doi.org/10.1002/maco.202213360,25.571428571428573,6.050279329608938,0.6368715083798883,0.5754189944134078,0.0391061452513966,0.0
https://doi.org/10.1002/maco.202213523,13.615384615384617,6.836158192090395,0.7005649717514124,0.5932203389830508,0.0338983050847457,0.0112994350282485
https://doi.org/10.1002/maco.202213329,16.5,7.048484848484849,0.6666666666666666,0.6303030303030303,0.0242424242424242,0.0303030303030303
https://doi.org/10.1002/maco.202112934,26.83333333333333,7.229813664596273,0.6335403726708074,0.5714285714285714,0.0559006211180124,0.0372670807453416
https://doi.org/10.1002/maco.202213173,31.5,6.444444444444445,0.626984126984127,0.6666666666666666,0.0317460317460317,0.0238095238095238
https://doi.org/10.1002/maco.202112948,22.83333333333333,5.562043795620438,0.7226277372262774,0.5693430656934306,0.0510948905109489,0.0145985401459854
https://doi.org/10.1002/maco.202112900,22.125,6.9491525423728815,0.6497175141242938,0.4915254237288136,0.0451977401129943,0.0112994350282485
https://doi.org/10.1002/maco.202213388,12.533333333333331,5.845744680851064,0.7074468085106383,0.5106382978723404,0.026595744680851,0.0106382978723404
https://doi.org/10.1002/maco.202213252,48.75,4.764102564102564,0.8307692307692308,0.3743589743589743,0.0256410256410256,0.0
https://doi.org/10.1002/maco.202112984,19.88888888888889,6.910614525139665,0.6927374301675978,0.7318435754189944,0.0558659217877094,0.0279329608938547
https://doi.org/10.1002/maco.202112901,11.714285714285714,6.743902439024391,0.6951219512195121,0.7804878048780488,0.0365853658536585,0.0121951219512195
https://doi.org/10.1002/maco.202112902,20.666666666666668,7.685483870967742,0.7580645161290323,0.782258064516129,0.0161290322580645,0.032258064516129
https://doi.org/10.1002/maco.202213177,22.571428571428573,7.2025316455696204,0.7215189873417721,0.5949367088607594,0.0379746835443038,0.0189873417721519
https://doi.org/10.1002/maco.202213228,10.764705882352942,6.5136612021857925,0.6939890710382514,0.5901639344262295,0.0163934426229508,0.0163934426229508
https://doi.org/10.1002/maco.202213054,16.5,6.8686868686868685,0.6161616161616161,0.6464646464646465,0.0707070707070707,0.0202020202020202
https://doi.org/10.1002/maco.202213330,19.77777777777778,6.646067415730337,0.6966292134831461,0.5224719101123596,0.0393258426966292,0.0112359550561797
https://doi.org/10.1002/maco.202213417,25.0,7.24,0.67,0.73,0.04,0.0
https://doi.org/10.1002/maco.202213533,22.5,6.114814814814815,0.6444444444444445,0.5481481481481482,0.0444444444444444,0.0259259259259259
https://doi.org/10.1002/maco.202112942,22.428571428571427,5.917197452229299,0.6560509554140127,0.5477707006369427,0.019108280254777,0.0127388535031847
https://doi.org/10.1002/maco.202213122,25.571428571428573,6.251396648044692,0.664804469273743,0.5363128491620112,0.0446927374301676,0.0167597765363128
https://doi.org/10.1002/maco.202213065,15.714285714285714,7.390909090909091,0.6727272727272727,0.7181818181818181,0.0727272727272727,0.009090909090909
https://doi.org/10.1002/maco.202213053,17.428571428571427,5.967213114754099,0.7622950819672131,0.6639344262295082,0.0245901639344262,0.0163934426229508
https://doi.org/10.1002/maco.202213361,28.0,6.726190476190476,0.7083333333333334,0.6130952380952381,0.0416666666666666,0.0
https://doi.org/10.1002/maco.202213300,22.5,6.177777777777778,0.6388888888888888,0.5388888888888889,0.0222222222222222,0.0055555555555555
https://doi.org/10.1002/maco.202213154,31.4,6.681528662420382,0.6114649681528662,0.6242038216560509,0.0318471337579617,0.0127388535031847
https://doi.org/10.1002/maco.202213468,24.33333333333333,6.506849315068493,0.6232876712328768,0.6095890410958904,0.0205479452054794,0.0205479452054794
https://doi.org/10.1002/maco.202213440,25.0,6.742857142857143,0.6971428571428572,0.5942857142857143,0.0171428571428571,0.0114285714285714
https://doi.org/10.1002/maco.202213120,17.555555555555557,7.120253164556962,0.6835443037974683,0.6455696202531646,0.0316455696202531,0.0126582278481012
https://doi.org/10.1002/maco.202213103,22.0,5.858585858585859,0.6919191919191919,0.6515151515151515,0.0303030303030303,0.0151515151515151
https://doi.org/10.1002/maco.202213129,19.3,6.689119170984456,0.6839378238341969,0.5803108808290155,0.0362694300518134,0.0207253886010362
https://doi.org/10.1002/maco.202213229,12.923076923076923,6.726190476190476,0.6726190476190477,0.5833333333333334,0.0357142857142857,0.0297619047619047
https://doi.org/10.1002/maco.202213348,25.25,7.02970297029703,0.693069306930693,0.7029702970297029,0.0792079207920792,0.0
https://doi.org/10.1002/maco.202213420,38.0,6.578947368421052,0.6403508771929824,0.543859649122807,0.0263157894736842,0.0263157894736842
https://doi.org/10.1002/maco.202213451,23.77777777777778,6.94392523364486,0.7009345794392523,0.6074766355140186,0.0420560747663551,0.0093457943925233
https://doi.org/10.1002/maco.202213473,20.33333333333333,6.934426229508197,0.6967213114754098,0.6967213114754098,0.0491803278688524,0.0081967213114754
https://doi.org/10.1002/maco.202213663,22.857142857142858,7.3125,0.6875,0.5625,0.04375,0.01875
https://doi.org/10.1002/maco.202112931,20.77777777777778,6.374331550802139,0.6363636363636364,0.6256684491978609,0.0213903743315508,0.0374331550802139
https://doi.org/10.1002/maco.202213142,18.88888888888889,6.447058823529412,0.6588235294117647,0.6,0.0411764705882352,0.0058823529411764
https://doi.org/10.1002/maco.202213254,16.333333333333332,5.551020408163265,0.7193877551020408,0.4948979591836734,0.0153061224489795,0.0051020408163265
https://doi.org/10.1002/maco.202213464,18.8,6.143617021276596,0.6436170212765957,0.5691489361702128,0.0478723404255319,0.0
https://doi.org/10.1002/maco.202213373,23.166666666666668,6.316546762589928,0.6690647482014388,0.5539568345323741,0.0503597122302158,0.0215827338129496
https://doi.org/10.1002/maco.202213413,19.5,6.183150183150183,0.717948717948718,0.5641025641025641,0.0402930402930402,0.0146520146520146
https://doi.org/10.1002/maco.202213338,20.5,6.065040650406504,0.6666666666666666,0.5447154471544715,0.048780487804878,0.008130081300813
https://doi.org/10.1002/maco.202112951,23.9,5.631799163179917,0.7447698744769874,0.5313807531380753,0.0209205020920502,0.0125523012552301
https://doi.org/10.1002/maco.202112815,20.666666666666668,7.693548387096774,0.6720430107526881,0.6559139784946236,0.0698924731182795,0.0161290322580645
https://doi.org/10.1002/maco.202112839,25.285714285714285,7.022598870056497,0.6384180790960452,0.5875706214689266,0.0508474576271186,0.0112994350282485
https://doi.org/10.1002/maco.202213088,28.5,6.807017543859649,0.6403508771929824,0.6008771929824561,0.0263157894736842,0.0394736842105263
https://doi.org/10.1002/maco.202213347,27.625,5.583710407239819,0.6561085972850679,0.4615384615384615,0.0542986425339366,0.004524886877828
https://doi.org/10.1002/maco.202213480,14.857142857142858,6.5048076923076925,0.6730769230769231,0.5913461538461539,0.0336538461538461,0.0096153846153846
https://doi.org/10.1002/maco.202112977,30.33333333333333,7.324175824175824,0.7087912087912088,0.6043956043956044,0.0549450549450549,0.0
https://doi.org/10.1002/maco.202213341,20.25,7.08641975308642,0.7283950617283951,0.654320987654321,0.037037037037037,0.0123456790123456
https://doi.org/10.1002/maco.202112995,28.428571428571427,6.045226130653266,0.7085427135678392,0.5527638190954773,0.0452261306532663,0.0050251256281407
https://doi.org/10.1002/maco.202113008,18.5,6.643243243243243,0.6810810810810811,0.4864864864864865,0.0324324324324324,0.0054054054054054
https://doi.org/10.1002/maco.202112881,22.55555555555556,6.266009852216749,0.6551724137931034,0.4975369458128079,0.0246305418719211,0.0098522167487684
https://doi.org/10.1002/maco.202213406,25.5,6.911764705882353,0.6568627450980392,0.7009803921568627,0.0147058823529411,0.0147058823529411
https://doi.org/10.1002/maco.202213384,20.2,7.326732673267327,0.7227722772277227,0.693069306930693,0.0792079207920792,0.0
https://doi.org/10.1002/maco.202270011,32.666666666666664,7.397959183673469,0.7755102040816326,0.7551020408163265,0.0510204081632653,0.0204081632653061
https://doi.org/10.1002/maco.202113026,14.5,6.206896551724138,0.7068965517241379,0.7155172413793104,0.0603448275862069,0.0172413793103448
https://doi.org/10.1002/maco.202112687,9.25,6.275675675675676,0.654054054054054,0.6594594594594595,0.027027027027027,0.0216216216216216
https://doi.org/10.1002/maco.202213068,19.727272727272727,6.433179723502304,0.6589861751152074,0.631336405529954,0.0138248847926267,0.0138248847926267
https://doi.org/10.1002/maco.202213052,34.0,7.0,0.696078431372549,0.6568627450980392,0.0392156862745098,0.0294117647058823
https://doi.org/10.1002/maco.202213084,13.0,5.702564102564103,0.7435897435897436,0.5025641025641026,0.0153846153846153,0.0102564102564102
https://doi.org/10.1002/maco.202213179,20.75,6.030120481927711,0.6626506024096386,0.6686746987951807,0.0120481927710843,0.0120481927710843
https://doi.org/10.1002/maco.202213281,22.0,6.601010101010101,0.702020202020202,0.6616161616161617,0.0303030303030303,0.0353535353535353
https://doi.org/10.1002/maco.202213244,33.6,6.9523809523809526,0.6785714285714286,0.6488095238095238,0.0297619047619047,0.0238095238095238
https://doi.org/10.1002/maco.202213476,29.0,6.718390804597701,0.632183908045977,0.5977011494252874,0.0344827586206896,0.028735632183908
https://doi.org/10.1002/maco.202213383,13.941176470588236,6.6835443037974684,0.6666666666666666,0.6455696202531646,0.0253164556962025,0.0253164556962025
https://doi.org/10.1002/maco.202112843,24.33333333333333,6.472602739726027,0.684931506849315,0.6986301369863014,0.0205479452054794,0.0068493150684931
https://doi.org/10.1002/maco.202112930,16.166666666666668,6.896907216494846,0.6804123711340206,0.6907216494845361,0.0618556701030927,0.0412371134020618
https://doi.org/10.1002/maco.202270021,12.444444444444445,6.491071428571429,0.7321428571428571,0.7946428571428571,0.0357142857142857,0.0178571428571428
https://doi.org/10.1002/maco.202112770,17.428571428571427,6.163934426229508,0.6557377049180327,0.6885245901639344,0.0163934426229508,0.0163934426229508
https://doi.org/10.1002/maco.202270031,16.0,6.958333333333333,0.7083333333333334,0.75,0.0520833333333333,0.03125
https://doi.org/10.1002/maco.202270051,19.0,6.649122807017544,0.7456140350877193,0.6491228070175439,0.0263157894736842,0.0350877192982456
https://doi.org/10.1002/maco.202270041,15.833333333333334,6.442105263157894,0.7684210526315789,0.6526315789473685,0.0421052631578947,0.0210526315789473
https://doi.org/10.1002/maco.202213150,24.875,5.693467336683417,0.6683417085427136,0.4874371859296482,0.0301507537688442,0.0100502512562814
https://doi.org/10.1002/maco.202270061,28.25,7.176991150442478,0.7256637168141593,0.7433628318584071,0.0707964601769911,0.0265486725663716
https://doi.org/10.1002/maco.202270071,27.75,7.18018018018018,0.7387387387387387,0.6846846846846847,0.027027027027027,0.036036036036036
https://doi.org/10.1002/maco.202213268,14.214285714285714,6.608040201005025,0.6633165829145728,0.5979899497487438,0.0301507537688442,0.0100502512562814
https://doi.org/10.1002/maco.202270081,28.666666666666668,6.8023255813953485,0.7674418604651163,0.7441860465116279,0.0465116279069767,0.0232558139534883
https://doi.org/10.1002/maco.202270091,12.22222222222222,5.7727272727272725,0.7363636363636363,0.7090909090909091,0.0454545454545454,0.0272727272727272
https://doi.org/10.1002/maco.202270101,20.0,6.283333333333333,0.7,0.7083333333333334,0.025,0.0166666666666666
https://doi.org/10.1002/maco.202270111,13.666666666666666,7.268292682926829,0.8048780487804879,0.8292682926829268,0.024390243902439,0.024390243902439
https://doi.org/10.1002/maco.202270121,18.5,7.297297297297297,0.7837837837837838,1.0,0.054054054054054,0.054054054054054
https://doi.org/10.1002/maco.202213499,16.916666666666668,6.975369458128079,0.6995073891625616,0.5763546798029556,0.0197044334975369,0.0246305418719211
https://doi.org/10.1108/acmm-04-2023-2796,18.4,6.989130434782608,0.7228260869565217,0.5597826086956522,0.0380434782608695,0.0217391304347826
https://doi.org/10.1108/acmm-12-2022-2738,17.428571428571427,7.122950819672131,0.6639344262295082,0.639344262295082,0.0327868852459016,0.0163934426229508
https://doi.org/10.1108/acmm-01-2023-2747,22.22222222222222,6.32,0.665,0.475,0.04,0.01
https://doi.org/10.1108/acmm-05-2023-2816,12.76923076923077,7.518072289156627,0.7228915662650602,0.7168674698795181,0.036144578313253,0.0240963855421686
https://doi.org/10.1108/acmm-03-2023-2769,24.166666666666668,6.951724137931034,0.6482758620689655,0.5241379310344828,0.0206896551724137,0.0206896551724137
https://doi.org/10.1108/acmm-07-2023-2858,31.0,6.7695852534562215,0.6589861751152074,0.4746543778801843,0.032258064516129,0.0138248847926267
https://doi.org/10.1108/acmm-08-2023-2888,26.5,7.122641509433962,0.6084905660377359,0.4952830188679245,0.0094339622641509,0.0235849056603773
https://doi.org/10.1108/acmm-11-2022-2725,15.076923076923077,7.35204081632653,0.6938775510204082,0.4336734693877551,0.0306122448979591,0.0204081632653061
https://doi.org/10.1108/acmm-06-2023-2843,20.55555555555556,7.0162162162162165,0.6702702702702703,0.4756756756756757,0.0162162162162162,0.0108108108108108
https://doi.org/10.1108/acmm-04-2023-2793,24.857142857142858,7.390804597701149,0.6839080459770115,0.6149425287356322,0.028735632183908,0.0172413793103448
https://doi.org/10.1108/acmm-03-2023-2773,24.714285714285715,6.971098265895954,0.6936416184971098,0.6011560693641619,0.0346820809248554,0.0346820809248554
https://doi.org/10.1108/acmm-03-2023-2772,19.3,6.761658031088083,0.6580310880829016,0.5492227979274611,0.0259067357512953,0.0207253886010362
https://doi.org/10.1108/acmm-07-2023-2856,21.454545454545453,7.059322033898305,0.6567796610169492,0.5423728813559322,0.0338983050847457,0.0296610169491525
https://doi.org/10.1108/acmm-02-2023-2755,15.923076923076923,6.879227053140097,0.6376811594202898,0.4830917874396135,0.0338164251207729,0.0338164251207729
https://doi.org/10.1108/acmm-02-2023-2763,23.0,6.788043478260869,0.6630434782608695,0.5597826086956522,0.0163043478260869,0.0163043478260869
https://doi.org/10.1108/acmm-08-2023-2883,27.875,7.340807174887892,0.695067264573991,0.515695067264574,0.0313901345291479,0.0179372197309417
https://doi.org/10.1108/acmm-07-2023-2853,20.0,7.177272727272728,0.6727272727272727,0.55,0.0318181818181818,0.0181818181818181
https://doi.org/10.1108/acmm-05-2023-2812,27.33333333333333,7.701219512195122,0.7317073170731707,0.5609756097560976,0.024390243902439,0.0182926829268292
https://doi.org/10.1108/acmm-07-2023-2861,17.3,6.566473988439307,0.6994219653179191,0.5086705202312138,0.0173410404624277,0.0057803468208092
https://doi.org/10.1108/acmm-09-2023-2899,11.705882352941176,6.552763819095477,0.7286432160804021,0.5125628140703518,0.0201005025125628,0.0100502512562814
https://doi.org/10.1108/acmm-04-2023-2797,25.272727272727277,6.712230215827338,0.658273381294964,0.564748201438849,0.0215827338129496,0.0071942446043165
https://doi.org/10.1108/acmm-05-2023-2811,20.125,6.937888198757764,0.7080745341614907,0.5838509316770186,0.0372670807453416,0.0124223602484472
https://doi.org/10.1108/acmm-03-2023-2775,24.857142857142858,6.028735632183908,0.6264367816091954,0.4712643678160919,0.0459770114942528,0.0172413793103448
https://doi.org/10.1108/acmm-03-2023-2765,18.09090909090909,7.0954773869346734,0.6884422110552764,0.592964824120603,0.0251256281407035,0.0201005025125628
https://doi.org/10.1108/acmm-04-2023-2788,18.875,7.430463576158941,0.7019867549668874,0.5562913907284768,0.0662251655629139,0.0132450331125827
https://doi.org/10.1108/acmm-06-2023-2840,15.571428571428571,6.559633027522936,0.6330275229357798,0.5504587155963303,0.0458715596330275,0.0091743119266055
https://doi.org/10.1108/acmm-03-2023-2780,21.33333333333333,6.390625,0.70703125,0.61328125,0.02734375,0.015625
https://doi.org/10.1108/acmm-04-2023-2791,16.333333333333332,6.908163265306122,0.6887755102040817,0.5459183673469388,0.0408163265306122,0.010204081632653
https://doi.org/10.1108/acmm-09-2022-2700,14.928571428571429,6.913875598086125,0.6889952153110048,0.5167464114832536,0.0334928229665071,0.0239234449760765
https://doi.org/10.1108/acmm-06-2023-2826,21.5,6.953488372093023,0.6589147286821705,0.4961240310077519,0.0232558139534883,0.0155038759689922
https://doi.org/10.1108/acmm-06-2023-2829,29.666666666666668,6.915730337078652,0.7134831460674157,0.5617977528089888,0.0449438202247191,0.0112359550561797
https://doi.org/10.1108/acmm-07-2023-2855,25.25,6.782178217821782,0.6831683168316832,0.504950495049505,0.0297029702970297,0.0099009900990099
https://doi.org/10.1108/acmm-03-2023-2774,19.73333333333333,6.929054054054054,0.7128378378378378,0.4628378378378378,0.0304054054054054,0.0135135135135135
https://doi.org/10.1108/acmm-09-2023-2903,13.1875,6.549763033175355,0.6777251184834123,0.5876777251184834,0.0379146919431279,0.0142180094786729
https://doi.org/10.1108/acmm-02-2023-2762,21.857142857142858,6.333333333333333,0.7254901960784313,0.6143790849673203,0.0392156862745098,0.0130718954248366
https://doi.org/10.1108/acmm-06-2023-2819,26.857142857142858,7.680851063829787,0.7021276595744681,0.6223404255319149,0.0212765957446808,0.0212765957446808
https://doi.org/10.1108/acmm-05-2023-2809,15.571428571428571,6.440366972477064,0.6743119266055045,0.4495412844036697,0.0275229357798165,0.0091743119266055
https://doi.org/10.1108/acmm-09-2023-2891,24.9,6.670682730923695,0.6465863453815262,0.5180722891566265,0.0240963855421686,0.0240963855421686
https://doi.org/10.1108/acmm-11-2022-2728,24.0,6.683333333333334,0.7083333333333334,0.5666666666666667,0.0583333333333333,0.0166666666666666
https://doi.org/10.1108/acmm-02-2023-2754,24.58333333333333,7.36271186440678,0.6813559322033899,0.5050847457627119,0.023728813559322,0.0203389830508474
https://doi.org/10.1108/acmm-07-2023-2854,18.09090909090909,6.341708542713568,0.6884422110552764,0.5577889447236181,0.0201005025125628,0.0100502512562814
https://doi.org/10.1108/acmm-01-2023-2746,26.5,6.723270440251572,0.660377358490566,0.5786163522012578,0.0251572327044025,0.0125786163522012
https://doi.org/10.1108/acmm-05-2023-2814,21.444444444444443,6.818652849740933,0.689119170984456,0.5906735751295337,0.0310880829015544,0.005181347150259
https://doi.org/10.1108/acmm-06-2023-2845,23.5,6.4361702127659575,0.6808510638297872,0.526595744680851,0.0212765957446808,0.0212765957446808
https://doi.org/10.1108/acmm-06-2023-2833,15.733333333333333,5.86864406779661,0.597457627118644,0.5084745762711864,0.0211864406779661,0.0127118644067796
https://doi.org/10.1108/acmm-09-2023-2894,18.26315789473684,6.916426512968299,0.659942363112392,0.4870317002881844,0.0172910662824207,0.0201729106628242
https://doi.org/10.1108/acmm-11-2022-2720,21.83333333333333,6.66412213740458,0.6183206106870229,0.5038167938931297,0.0305343511450381,0.0229007633587786
https://doi.org/10.1108/acmm-08-2023-2873,20.285714285714285,6.992957746478873,0.7112676056338029,0.5845070422535211,0.0422535211267605,0.028169014084507
https://doi.org/10.1108/acmm-11-2022-2731,25.22222222222222,6.779735682819383,0.6387665198237885,0.4757709251101321,0.0308370044052863,0.0088105726872246
https://doi.org/10.1108/acmm-09-2023-2896,12.61904761904762,7.249056603773585,0.7471698113207547,0.5169811320754717,0.0415094339622641,0.0150943396226415
https://doi.org/10.1108/acmm-02-2023-2761,22.666666666666668,7.0588235294117645,0.6911764705882353,0.5220588235294118,0.0294117647058823,0.0073529411764705
https://doi.org/10.1108/acmm-05-2023-2806,18.916666666666668,7.052863436123348,0.6872246696035242,0.4889867841409692,0.026431718061674,0.0176211453744493
https://doi.org/10.1108/acmm-08-2023-2882,17.88888888888889,7.3229813664596275,0.6521739130434783,0.5652173913043478,0.0248447204968944,0.0248447204968944
https://doi.org/10.1108/acmm-04-2023-2784,23.923076923076923,6.588424437299035,0.6527331189710611,0.3987138263665595,0.0192926045016077,0.0128617363344051
https://doi.org/10.1108/acmm-07-2023-2860,25.88888888888889,6.278969957081545,0.6781115879828327,0.4678111587982833,0.0214592274678111,0.0128755364806866
https://doi.org/10.1108/acmm-04-2023-2787,35.5,6.436619718309859,0.676056338028169,0.4929577464788732,0.0140845070422535,0.0187793427230046
https://doi.org/10.1108/acmm-05-2023-2799,27.25,6.811926605504588,0.6788990825688074,0.6100917431192661,0.0275229357798165,0.0275229357798165
https://doi.org/10.1108/acmm-12-2022-2737,24.1,6.315352697095436,0.6307053941908713,0.5311203319502075,0.0207468879668049,0.0290456431535269
https://doi.org/10.1108/acmm-04-2023-2782,26.33333333333333,6.436708860759493,0.6075949367088608,0.5822784810126582,0.0316455696202531,0.0189873417721519
https://doi.org/10.1108/acmm-03-2023-2764,19.07692307692308,6.42741935483871,0.6733870967741935,0.5120967741935484,0.0282258064516129,0.0080645161290322
https://doi.org/10.1108/acmm-03-2023-2779,16.833333333333332,6.381188118811881,0.6881188118811881,0.5247524752475248,0.0198019801980198,0.0148514851485148
https://doi.org/10.1108/acmm-06-2023-2823,24.5,6.959183673469388,0.6224489795918368,0.5918367346938775,0.0510204081632653,0.0510204081632653
https://doi.org/10.1108/acmm-06-2023-2837,26.5,6.213836477987422,0.610062893081761,0.5974842767295597,0.0314465408805031,0.0188679245283018
https://doi.org/10.1108/acmm-08-2023-2870,20.88888888888889,6.675531914893617,0.723404255319149,0.6436170212765957,0.0478723404255319,0.0053191489361702
https://doi.org/10.1108/acmm-03-2023-2771,25.33333333333333,6.4605263157894735,0.6644736842105263,0.5789473684210527,0.006578947368421,0.0263157894736842
https://doi.org/10.1108/acmm-07-2023-2865,17.333333333333332,6.557692307692308,0.6666666666666666,0.5833333333333334,0.0128205128205128,0.0192307692307692
https://doi.org/10.1108/acmm-07-2023-2857,16.7,7.25748502994012,0.6946107784431138,0.5988023952095808,0.059880239520958,0.0239520958083832
https://doi.org/10.1108/acmm-07-2023-2851,27.428571428571427,7.338541666666667,0.703125,0.5625,0.0260416666666666,0.015625
https://doi.org/10.5006/4428,27.454545454545453,7.377483443708609,0.6589403973509934,0.6026490066225165,0.0066225165562913,0.0198675496688741
https://doi.org/10.5006/4346,19.545454545454547,7.306976744186047,0.6837209302325581,0.6604651162790698,0.0186046511627906,0.0093023255813953
https://doi.org/10.5006/4300,13.066666666666666,7.5,0.75,0.576530612244898,0.0255102040816326,0.0204081632653061
https://doi.org/10.5006/4336,26.75,7.046728971962617,0.6869158878504673,0.705607476635514,0.0373831775700934,0.0093457943925233
https://doi.org/10.5006/4272,31.142857142857142,6.477064220183486,0.6284403669724771,0.5412844036697247,0.036697247706422,0.0091743119266055
https://doi.org/10.5006/4199,21.8,6.541284403669724,0.6880733944954128,0.5871559633027523,0.018348623853211,0.0091743119266055
https://doi.org/10.5006/4289,26.285714285714285,6.864130434782608,0.6983695652173914,0.5597826086956522,0.029891304347826,0.0190217391304347
https://doi.org/10.5006/4370,27.77777777777778,6.988,0.704,0.612,0.044,0.016
https://doi.org/10.5006/4436,21.1,5.985781990521327,0.6255924170616114,0.5924170616113744,0.0142180094786729,0.0047393364928909
https://doi.org/10.5006/4437,25.5,6.509803921568627,0.6372549019607843,0.6225490196078431,0.0294117647058823,0.0441176470588235
https://doi.org/10.5006/4236,12.0,6.6,0.7055555555555556,0.6555555555555556,0.0111111111111111,0.0166666666666666
https://doi.org/10.5006/4316,25.727272727272727,7.3250883392226145,0.7455830388692579,0.6360424028268551,0.0565371024734982,0.0247349823321554
https://doi.org/10.5006/4245,23.75,7.484210526315789,0.7473684210526316,0.7473684210526316,0.0526315789473684,0.0105263157894736
https://doi.org/10.5006/4319,17.0,7.38562091503268,0.7124183006535948,0.5359477124183006,0.0457516339869281,0.0065359477124183
https://doi.org/10.5006/4277,16.25,6.823076923076923,0.6384615384615384,0.6,0.0615384615384615,0.0
https://doi.org/10.5006/4348,26.55555555555556,7.054393305439331,0.7196652719665272,0.5481171548117155,0.0418410041841004,0.0125523012552301
https://doi.org/10.5006/4392,20.8,6.451923076923077,0.6923076923076923,0.6634615384615384,0.048076923076923,0.0096153846153846
https://doi.org/10.5006/4196,26.90909090909091,5.719594594594595,0.6587837837837838,0.3952702702702703,0.0371621621621621,0.0101351351351351
https://doi.org/10.5006/4395,19.166666666666668,6.904347826086957,0.6347826086956522,0.7565217391304347,0.0695652173913043,0.017391304347826
https://doi.org/10.5006/4229,21.9,6.963470319634703,0.7397260273972602,0.6529680365296804,0.0410958904109589,0.0091324200913242
https://doi.org/10.5006/4239,21.714285714285715,7.0131578947368425,0.6776315789473685,0.6973684210526315,0.0394736842105263,0.0131578947368421
https://doi.org/10.5006/4241,17.4,6.655172413793103,0.7183908045977011,0.6839080459770115,0.0689655172413793,0.0172413793103448
https://doi.org/10.5006/4244,21.875,6.931428571428572,0.6971428571428572,0.6171428571428571,0.0342857142857142,0.0285714285714285
https://doi.org/10.5006/4311,22.545454545454547,7.07258064516129,0.7096774193548387,0.6008064516129032,0.0362903225806451,0.0201612903225806
https://doi.org/10.5006/4443,23.142857142857142,6.561728395061729,0.6049382716049383,0.6172839506172839,0.0432098765432098,0.0246913580246913
https://doi.org/10.5006/4162,23.0,6.973913043478261,0.6608695652173913,0.6,0.0695652173913043,0.0
https://doi.org/10.5006/4240,18.875,6.09271523178808,0.6622516556291391,0.5695364238410596,0.0397350993377483,0.0066225165562913
https://doi.org/10.5006/4363,21.181818181818183,6.356223175965665,0.6523605150214592,0.5364806866952789,0.0128755364806866,0.0128755364806866
https://doi.org/10.5006/4237,21.666666666666668,6.794871794871795,0.6102564102564103,0.5794871794871795,0.041025641025641,0.0051282051282051
https://doi.org/10.5006/4268,16.866666666666667,6.984189723320158,0.7114624505928854,0.616600790513834,0.0355731225296442,0.0079051383399209
https://doi.org/10.5006/4356,24.5,6.341836734693878,0.6479591836734694,0.5663265306122449,0.0408163265306122,0.010204081632653
https://doi.org/10.5006/4267,26.1,7.049808429118774,0.6551724137931034,0.5977011494252874,0.0229885057471264,0.0114942528735632
https://doi.org/10.5006/4305,14.38888888888889,6.150579150579151,0.7065637065637066,0.6293436293436293,0.027027027027027,0.0308880308880308
https://doi.org/10.5006/4280,24.0,6.816666666666666,0.65,0.6333333333333333,0.05,0.0166666666666666
https://doi.org/10.5006/4234,13.875,6.900900900900901,0.7027027027027027,0.7567567567567568,0.018018018018018,0.027027027027027
https://doi.org/10.5006/4288,20.75,6.27710843373494,0.6385542168674698,0.5783132530120482,0.0602409638554216,0.0120481927710843
https://doi.org/10.5006/4344,20.75,7.108433734939759,0.6666666666666666,0.6024096385542169,0.0321285140562249,0.0281124497991967
https://doi.org/10.5006/4355,24.33333333333333,6.609589041095891,0.6438356164383562,0.589041095890411,0.0342465753424657,0.0068493150684931
https://doi.org/10.5006/4296,26.22222222222222,6.817796610169491,0.6440677966101694,0.5847457627118644,0.0381355932203389,0.0254237288135593
https://doi.org/10.5006/4301,21.571428571428573,7.324503311258278,0.6688741721854304,0.6423841059602649,0.0331125827814569,0.0397350993377483
https://doi.org/10.5006/4364,18.11111111111111,7.110429447852761,0.6809815950920245,0.5828220858895705,0.0429447852760736,0.0368098159509202
https://doi.org/10.5006/4238,24.33333333333333,6.561643835616438,0.6,0.5178082191780822,0.010958904109589,0.0136986301369863
https://doi.org/10.5006/4401,27.25,7.238532110091743,0.6788990825688074,0.7798165137614679,0.055045871559633,0.0091743119266055
https://doi.org/10.5006/4380,22.285714285714285,7.621794871794871,0.7051282051282052,0.6282051282051282,0.0256410256410256,0.0192307692307692
https://doi.org/10.5006/4400,16.0,6.770833333333333,0.6458333333333334,0.6979166666666666,0.0520833333333333,0.0
https://doi.org/10.5006/4282,15.142857142857142,6.79245283018868,0.6886792452830188,0.6132075471698113,0.0471698113207547,0.0094339622641509
https://doi.org/10.5006/4427,20.2,6.237623762376238,0.6237623762376238,0.5,0.0346534653465346,0.0396039603960396
https://doi.org/10.5006/4204,15.7,7.312101910828026,0.7006369426751592,0.5923566878980892,0.0445859872611464,0.019108280254777
https://doi.org/10.5006/4386,19.3,6.435233160621761,0.6373056994818653,0.5233160621761658,0.0310880829015544,0.0362694300518134
https://doi.org/10.5006/4320,29.2,7.102739726027397,0.684931506849315,0.7328767123287672,0.0273972602739726,0.0205479452054794
https://doi.org/10.5006/4382,31.125,6.626506024096385,0.6947791164658634,0.5301204819277109,0.0281124497991967,0.0200803212851405
https://doi.org/10.5006/4190,15.7,5.942675159235669,0.6178343949044586,0.6305732484076433,0.0318471337579617,0.0063694267515923
https://doi.org/10.5006/4141,22.22222222222222,6.97,0.715,0.685,0.065,0.005
https://doi.org/10.5006/4287,24.166666666666668,6.5793103448275865,0.6068965517241379,0.593103448275862,0.0275862068965517,0.0137931034482758
https://doi.org/10.5006/4269,19.7,6.426395939086294,0.6395939086294417,0.649746192893401,0.0253807106598984,0.0101522842639593
https://doi.org/10.5006/4265,29.83333333333333,6.4581005586592175,0.6536312849162011,0.5754189944134078,0.0446927374301676,0.0335195530726257
https://doi.org/10.5006/4322,19.5,6.420512820512821,0.6615384615384615,0.5692307692307692,0.0256410256410256,0.0153846153846153
https://doi.org/10.5006/4434,15.333333333333334,6.452173913043478,0.6391304347826087,0.4913043478260869,0.017391304347826,0.0043478260869565
https://doi.org/10.5006/4461,29.4,6.3979591836734695,0.6564625850340136,0.5204081632653061,0.0340136054421768,0.0340136054421768
https://doi.org/10.5006/4284,16.6,5.975903614457831,0.6506024096385542,0.6445783132530121,0.0542168674698795,0.0180722891566265
https://doi.org/10.5006/4359,23.33333333333333,6.352380952380952,0.6095238095238096,0.4761904761904761,0.0285714285714285,0.0047619047619047
https://doi.org/10.5006/4279,28.375,7.400881057268722,0.6784140969162996,0.5550660792951542,0.0220264317180616,0.0044052863436123
https://doi.org/10.5006/4333,26.181818181818183,6.378472222222222,0.65625,0.5277777777777778,0.0208333333333333,0.0069444444444444
https://doi.org/10.5006/4368,26.857142857142858,6.664893617021277,0.6648936170212766,0.6170212765957447,0.0478723404255319,0.0053191489361702
https://doi.org/10.5006/4384,23.125,7.091891891891892,0.7567567567567568,0.7081081081081081,0.0432432432432432,0.0054054054054054
https://doi.org/10.5006/4235,27.83333333333333,7.4431137724550895,0.7005988023952096,0.6766467065868264,0.0359281437125748,0.0119760479041916
https://doi.org/10.5006/4285,29.5,6.757062146892656,0.6497175141242938,0.5084745762711864,0.0225988700564971,0.0112994350282485
https://doi.org/10.5006/4409,34.333333333333336,7.145631067961165,0.6666666666666666,0.656957928802589,0.0226537216828478,0.0129449838187702
https://doi.org/10.5006/4378,24.666666666666668,6.72972972972973,0.6351351351351351,0.5743243243243243,0.0135135135135135,0.0135135135135135
https://doi.org/10.5006/4420,23.0,6.878260869565217,0.7652173913043478,0.6782608695652174,0.0260869565217391,0.0260869565217391
https://doi.org/10.5006/4313,19.444444444444443,6.868571428571428,0.6685714285714286,0.5828571428571429,0.0228571428571428,0.0171428571428571
https://doi.org/10.5006/4260,22.444444444444443,7.183168316831683,0.6732673267326733,0.6435643564356436,0.0346534653465346,0.0247524752475247
https://doi.org/10.5006/4329,21.0,6.888888888888889,0.6666666666666666,0.5767195767195767,0.0211640211640211,0.0264550264550264
https://doi.org/10.5006/4314,19.0,6.545454545454546,0.6602870813397129,0.645933014354067,0.0334928229665071,0.0239234449760765
https://doi.org/10.5006/4421,25.142857142857142,6.767045454545454,0.6704545454545454,0.6988636363636364,0.0227272727272727,0.0227272727272727
https://doi.org/10.5006/4418,14.133333333333333,6.768867924528302,0.7122641509433962,0.5047169811320755,0.0141509433962264,0.0188679245283018
https://doi.org/10.5006/4324,26.22222222222222,6.580508474576271,0.5889830508474576,0.4915254237288136,0.0254237288135593,0.0084745762711864
https://doi.org/10.5006/4130,20.5,6.471544715447155,0.6991869918699187,0.6991869918699187,0.040650406504065,0.0
https://doi.org/10.5006/4146,19.75,7.006329113924051,0.7341772151898734,0.7088607594936709,0.0189873417721519,0.0253164556962025
https://doi.org/10.5006/4163,20.846153846153847,6.498154981549815,0.6088560885608856,0.4317343173431734,0.011070110701107,0.018450184501845
https://doi.org/10.5006/4248,25.571428571428573,6.35754189944134,0.6983240223463687,0.6368715083798883,0.0391061452513966,0.0
https://doi.org/10.5006/4167,25.857142857142858,6.613259668508287,0.6298342541436464,0.6132596685082873,0.0165745856353591,0.0165745856353591
https://doi.org/10.5006/4295,30.0,6.625,0.625,0.6166666666666667,0.0333333333333333,0.025
https://doi.org/10.5006/4439,30.6,6.901960784313726,0.6928104575163399,0.6928104575163399,0.0196078431372549,0.0261437908496732
https://doi.org/10.5006/4415,28.428571428571427,6.904522613065327,0.6633165829145728,0.6231155778894473,0.0150753768844221,0.0251256281407035
https://doi.org/10.5006/4203,33.44444444444444,6.657807308970099,0.6411960132890365,0.4119601328903654,0.0265780730897009,0.0265780730897009
https://doi.org/10.5006/4250,20.11111111111111,6.30939226519337,0.6519337016574586,0.6685082872928176,0.0552486187845303,0.0331491712707182
https://doi.org/10.5006/4278,20.0,6.590909090909091,0.6636363636363637,0.5954545454545455,0.0227272727272727,0.0363636363636363
https://doi.org/10.5006/4325,24.75,6.727272727272728,0.6936026936026936,0.5993265993265994,0.0101010101010101,0.0168350168350168
https://doi.org/10.5006/4252,26.33333333333333,6.487341772151899,0.6708860759493671,0.6392405063291139,0.0253164556962025,0.0379746835443038
https://doi.org/10.5006/4292,17.90909090909091,6.482233502538071,0.6852791878172588,0.6446700507614214,0.0507614213197969,0.0253807106598984
https://doi.org/10.5006/4281,23.285714285714285,6.96319018404908,0.6871165644171779,0.5705521472392638,0.0490797546012269,0.0122699386503067
https://doi.org/10.5006/4312,25.857142857142858,6.81767955801105,0.6519337016574586,0.6629834254143646,0.0276243093922651,0.0220994475138121
https://doi.org/10.5006/4445,15.63157894736842,6.008978675645342,0.5791245791245792,0.4904601571268238,0.0067340067340067,0.0235690235690235
https://doi.org/10.5006/4412,21.428571428571427,6.4,0.6133333333333333,0.6066666666666667,0.04,0.0066666666666666
https://doi.org/10.5006/4334,28.25,7.1946902654867255,0.6637168141592921,0.5663716814159292,0.0442477876106194,0.0088495575221238
https://doi.org/10.5006/4290,24.83333333333333,6.442953020134228,0.6375838926174496,0.6040268456375839,0.0268456375838926,0.0201342281879194
https://doi.org/10.5006/4487,15.411764705882351,6.454198473282442,0.601145038167939,0.5286259541984732,0.0133587786259541,0.0190839694656488
https://doi.org/10.5006/4438,22.384615384615383,7.189003436426117,0.6838487972508591,0.6632302405498282,0.0652920962199312,0.0274914089347079
https://doi.org/10.5006/4473,20.5,7.134146341463414,0.6341463414634146,0.6829268292682927,0.024390243902439,0.0121951219512195
https://doi.org/10.5006/4430,10.588235294117649,6.7444444444444445,0.6833333333333333,0.5777777777777777,0.0444444444444444,0.0166666666666666
https://doi.org/10.5006/4475,13.363636363636363,6.170068027210885,0.6598639455782312,0.5850340136054422,0.0476190476190476,0.0204081632653061
https://doi.org/10.1080/1478422x.2023.2180195,16.666666666666668,6.933333333333334,0.6133333333333333,0.6533333333333333,0.0466666666666666,0.0066666666666666
https://doi.org/10.1080/1478422x.2023.2218634,18.142857142857142,7.039370078740157,0.6850393700787402,0.6220472440944882,0.0314960629921259,0.0
https://doi.org/10.1080/1478422x.2023.2204260,21.666666666666668,6.915384615384616,0.6230769230769231,0.676923076923077,0.0384615384615384,0.0461538461538461
https://doi.org/10.1080/1478422x.2023.2209961,24.5,6.741496598639456,0.673469387755102,0.5374149659863946,0.0476190476190476,0.0204081632653061
https://doi.org/10.1080/1478422x.2023.2248710,24.83333333333333,7.140939597315437,0.6912751677852349,0.7248322147651006,0.0536912751677852,0.0604026845637583
https://doi.org/10.1080/1478422x.2023.2165634,24.83333333333333,6.671140939597316,0.6174496644295302,0.6778523489932886,0.0201342281879194,0.0201342281879194
https://doi.org/10.1080/1478422x.2023.2182457,14.88888888888889,6.798507462686567,0.7014925373134329,0.6417910447761194,0.0820895522388059,0.0149253731343283
https://doi.org/10.1080/1478422x.2023.2190441,32.25,7.062015503875969,0.6201550387596899,0.5426356589147286,0.0465116279069767,0.0077519379844961
https://doi.org/10.1080/1478422x.2023.2202062,23.4,6.623931623931624,0.6666666666666666,0.6923076923076923,0.0427350427350427,0.017094017094017
https://doi.org/10.1080/1478422x.2023.2244236,20.58333333333333,6.421052631578948,0.659919028340081,0.6032388663967612,0.0323886639676113,0.0121457489878542
https://doi.org/10.1080/1478422x.2023.2197334,20.0,5.935714285714286,0.5357142857142857,0.5642857142857143,0.05,0.0142857142857142
https://doi.org/10.1080/1478422x.2023.2212471,20.0,7.2,0.69,0.68,0.03,0.02
https://doi.org/10.1080/1478422x.2023.2198786,26.75,6.925233644859813,0.7289719626168224,0.7102803738317757,0.0467289719626168,0.0093457943925233
https://doi.org/10.1080/1478422x.2023.2200008,24.0,6.833333333333333,0.7083333333333334,0.7013888888888888,0.0486111111111111,0.0069444444444444
https://doi.org/10.1080/1478422x.2023.2190443,18.625,6.469798657718121,0.6174496644295302,0.5771812080536913,0.046979865771812,0.0268456375838926
https://doi.org/10.1080/1478422x.2023.2250960,21.857142857142858,6.26797385620915,0.6535947712418301,0.5686274509803921,0.0261437908496732,0.0065359477124183
https://doi.org/10.1080/1478422x.2023.2241229,25.0,6.726666666666667,0.6466666666666666,0.5066666666666667,0.04,0.0133333333333333
https://doi.org/10.1080/1478422x.2023.2259660,12.666666666666666,6.657894736842105,0.7171052631578947,0.5328947368421053,0.0526315789473684,0.0197368421052631
https://doi.org/10.1080/1478422x.2023.2262215,18.5,7.04054054054054,0.6554054054054054,0.527027027027027,0.027027027027027,0.0337837837837837
https://doi.org/10.1080/1478422x.2023.2165238,14.4,6.8125,0.6875,0.7569444444444444,0.0277777777777777,0.0138888888888888
https://doi.org/10.1080/1478422x.2023.2188637,20.571428571428573,6.666666666666667,0.6666666666666666,0.6458333333333334,0.0416666666666666,0.0138888888888888
https://doi.org/10.1080/1478422x.2023.2212466,16.555555555555557,6.644295302013423,0.7248322147651006,0.6510067114093959,0.0671140939597315,0.0134228187919463
https://doi.org/10.1080/1478422x.2023.2183551,21.4,6.981308411214953,0.7102803738317757,0.7476635514018691,0.0560747663551401,0.0093457943925233
https://doi.org/10.1080/1478422x.2023.2245643,21.142857142857142,6.567567567567568,0.722972972972973,0.6148648648648649,0.054054054054054,0.0067567567567567
https://doi.org/10.1080/1478422x.2023.2261782,21.0,6.172619047619048,0.7321428571428571,0.6369047619047619,0.0535714285714285,0.0119047619047619
https://doi.org/10.1080/1478422x.2023.2184521,25.33333333333333,7.243421052631579,0.6644736842105263,0.6052631578947368,0.0526315789473684,0.0131578947368421
https://doi.org/10.1080/1478422x.2023.2247666,23.857142857142858,6.029940119760479,0.6646706586826348,0.6826347305389222,0.029940119760479,0.0239520958083832
https://doi.org/10.1080/1478422x.2022.2162661,21.666666666666668,6.6692307692307695,0.6384615384615384,0.6076923076923076,0.0384615384615384,0.0153846153846153
https://doi.org/10.1080/1478422x.2023.2247883,21.8,6.275229357798165,0.6605504587155964,0.5091743119266054,0.0412844036697247,0.018348623853211
https://doi.org/10.1080/1478422x.2023.2242654,20.83333333333333,6.888,0.672,0.64,0.048,0.016
https://doi.org/10.1080/1478422x.2023.2190442,24.666666666666668,6.817567567567568,0.6418918918918919,0.6148648648648649,0.0608108108108108,0.027027027027027
https://doi.org/10.1080/1478422x.2023.2245642,25.0,6.3,0.64,0.6333333333333333,0.02,0.02
https://doi.org/10.1080/1478422x.2023.2250156,20.375,6.012269938650307,0.6319018404907976,0.5766871165644172,0.0245398773006134,0.0184049079754601
https://doi.org/10.1080/1478422x.2023.2252258,20.666666666666668,6.82258064516129,0.6693548387096774,0.6048387096774194,0.0483870967741935,0.0
https://doi.org/10.1080/1478422x.2023.2247236,24.0,6.875,0.6833333333333333,0.6916666666666667,0.025,0.0166666666666666
https://doi.org/10.1080/1478422x.2023.2262214,49.0,7.639455782312925,0.6666666666666666,0.6598639455782312,0.0340136054421768,0.0204081632653061
https://doi.org/10.1080/1478422x.2023.2264655,26.8,7.17910447761194,0.6716417910447762,0.6492537313432836,0.0522388059701492,0.0
https://doi.org/10.1080/1478422x.2023.2243727,36.0,6.340277777777778,0.6319444444444444,0.6388888888888888,0.0486111111111111,0.0069444444444444
https://doi.org/10.1080/1478422x.2023.2243736,15.666666666666666,6.709219858156028,0.6737588652482269,0.5815602836879432,0.0141843971631205,0.0141843971631205
https://doi.org/10.1080/1478422x.2023.2185987,31.0,7.0,0.6290322580645161,0.6693548387096774,0.032258064516129,0.0080645161290322
https://doi.org/10.1080/1478422x.2023.2193777,19.714285714285715,6.456521739130435,0.6376811594202898,0.644927536231884,0.0507246376811594,0.0652173913043478
https://doi.org/10.1080/1478422x.2023.2209962,26.0,6.876923076923077,0.676923076923077,0.6461538461538462,0.0153846153846153,0.0076923076923076
https://doi.org/10.1080/1478422x.2023.2212456,25.0,6.093333333333334,0.68,0.5666666666666667,0.02,0.02
https://doi.org/10.1080/1478422x.2023.2238388,14.0,6.651785714285714,0.6696428571428571,0.6517857142857143,0.0357142857142857,0.0089285714285714
https://doi.org/10.1080/1478422x.2022.2163335,21.818181818181817,6.025,0.6125,0.5791666666666667,0.025,0.025
https://doi.org/10.1080/1478422x.2023.2182458,24.666666666666668,6.533783783783784,0.6554054054054054,0.75,0.027027027027027,0.027027027027027
https://doi.org/10.1080/1478422x.2023.2247661,15.25,7.254098360655738,0.6639344262295082,0.7131147540983607,0.0737704918032786,0.0163934426229508
https://doi.org/10.1080/1478422x.2023.2244234,25.0,6.6466666666666665,0.64,0.5666666666666667,0.0333333333333333,0.0
https://doi.org/10.1080/1478422x.2023.2259668,12.636363636363637,6.244604316546763,0.6834532374100719,0.6618705035971223,0.0359712230215827,0.014388489208633
https://doi.org/10.1080/1478422x.2023.2185991,38.0,7.350877192982456,0.7368421052631579,0.7807017543859649,0.0789473684210526,0.0175438596491228
https://doi.org/10.1080/1478422x.2023.2238389,24.666666666666668,6.141891891891892,0.6081081081081081,0.722972972972973,0.0135135135135135,0.027027027027027
https://doi.org/10.1080/1478422x.2023.2257948,19.857142857142858,7.330935251798561,0.6906474820143885,0.6258992805755396,0.0503597122302158,0.014388489208633
https://doi.org/10.1016/j.corsci.2023.111017,20.8,6.538461538461538,0.6730769230769231,0.5865384615384616,0.0673076923076923,0.0192307692307692
https://doi.org/10.1016/j.corsci.2023.111112,21.83333333333333,6.847328244274809,0.6793893129770993,0.6717557251908397,0.0229007633587786,0.0458015267175572
https://doi.org/10.1016/j.corsci.2023.111025,19.25,7.714285714285714,0.7402597402597403,0.6363636363636364,0.0259740259740259,0.0
https://doi.org/10.1016/j.corsci.2023.111296,20.0,6.61,0.68,0.74,0.03,0.02
https://doi.org/10.1016/j.corsci.2023.111591,24.0,7.0625,0.6770833333333334,0.6458333333333334,0.0520833333333333,0.0104166666666666
https://doi.org/10.1016/j.corsci.2023.111764,20.0,6.96,0.73,0.81,0.08,0.02
https://doi.org/10.1016/j.corsci.2023.111372,19.4,7.278350515463917,0.7010309278350515,0.6907216494845361,0.0515463917525773,0.0103092783505154
https://doi.org/10.1016/j.corsci.2023.111453,16.666666666666668,7.32,0.71,0.74,0.06,0.01
https://doi.org/10.1016/j.corsci.2023.111361,24.5,6.938775510204081,0.7346938775510204,0.8163265306122449,0.0612244897959183,0.0306122448979591
https://doi.org/10.1016/j.corsci.2023.111570,20.0,6.82,0.7,0.8,0.07,0.03
https://doi.org/10.1016/j.corsci.2023.110965,16.666666666666668,6.69,0.67,0.75,0.03,0.0
https://doi.org/10.1016/j.corsci.2023.111271,10.7,7.579439252336448,0.6915887850467289,0.7663551401869159,0.0186915887850467,0.0373831775700934
https://doi.org/10.1016/j.corsci.2023.111809,11.5,6.836956521739131,0.717391304347826,0.6956521739130435,0.0760869565217391,0.0108695652173913
https://doi.org/10.1016/j.corsci.2023.111125,14.142857142857142,5.96969696969697,0.696969696969697,0.6464646464646465,0.0303030303030303,0.0
https://doi.org/10.1016/j.corsci.2023.111030,28.25,6.36283185840708,0.6814159292035398,0.584070796460177,0.0353982300884955,0.0088495575221238
https://doi.org/10.1016/j.corsci.2023.111031,26.5,6.462264150943396,0.660377358490566,0.5471698113207547,0.0377358490566037,0.0094339622641509
https://doi.org/10.1016/j.corsci.2023.111357,30.666666666666668,6.923913043478261,0.6195652173913043,0.7065217391304348,0.0326086956521739,0.0108695652173913
https://doi.org/10.1016/j.corsci.2023.111045,29.5,6.372881355932203,0.7711864406779662,0.6949152542372882,0.0338983050847457,0.0169491525423728
https://doi.org/10.1016/j.corsci.2023.111600,21.5,6.325581395348837,0.627906976744186,0.6434108527131783,0.0077519379844961,0.0
https://doi.org/10.1016/j.corsci.2023.111118,20.2,6.762376237623762,0.6633663366336634,0.6435643564356436,0.0297029702970297,0.0
https://doi.org/10.1016/j.corsci.2023.111234,24.0,6.635416666666667,0.71875,0.75,0.0416666666666666,0.0104166666666666
https://doi.org/10.1016/j.corsci.2023.111051,35.0,6.8,0.7619047619047619,0.923809523809524,0.0380952380952381,0.019047619047619
https://doi.org/10.1016/j.corsci.2023.111076,44.333333333333336,6.37593984962406,0.6917293233082706,0.6691729323308271,0.0526315789473684,0.0150375939849624
https://doi.org/10.1016/j.corsci.2023.111230,24.5,7.1938775510204085,0.7857142857142857,0.8775510204081632,0.0714285714285714,0.010204081632653
https://doi.org/10.1016/j.corsci.2023.111238,21.0,7.114285714285714,0.6857142857142857,0.7428571428571429,0.0476190476190476,0.019047619047619
https://doi.org/10.1016/j.corsci.2023.111669,25.0,6.91,0.65,0.72,0.08,0.02
https://doi.org/10.1016/j.corsci.2023.111013,22.8,6.394736842105263,0.7543859649122807,0.5964912280701754,0.0701754385964912,0.0
https://doi.org/10.1016/j.corsci.2023.111333,24.75,7.454545454545454,0.7474747474747475,0.7474747474747475,0.0707070707070707,0.0303030303030303
https://doi.org/10.1016/j.corsci.2023.111513,23.75,6.842105263157895,0.7052631578947368,0.7263157894736842,0.0105263157894736,0.0105263157894736
https://doi.org/10.1016/j.corsci.2023.111018,25.25,6.663366336633663,0.7227722772277227,0.7425742574257426,0.0891089108910891,0.0099009900990099
https://doi.org/10.1016/j.corsci.2023.111022,20.0,6.48,0.7,0.71,0.06,0.01
https://doi.org/10.1016/j.corsci.2023.111358,20.2,6.396039603960396,0.6633663366336634,0.693069306930693,0.0693069306930693,0.0099009900990099
https://doi.org/10.1016/j.corsci.2023.110964,33.333333333333336,6.82,0.7,0.81,0.03,0.03
https://doi.org/10.1016/j.corsci.2023.111733,24.25,7.969072164948454,0.7216494845360825,0.845360824742268,0.0309278350515463,0.0
https://doi.org/10.1016/j.corsci.2022.110956,12.5,7.08,0.78,0.76,0.07,0.01
https://doi.org/10.1016/j.corsci.2023.111262,25.25,6.98019801980198,0.6732673267326733,0.801980198019802,0.0396039603960396,0.0198019801980198
https://doi.org/10.1016/j.corsci.2023.111724,18.8,7.308510638297872,0.7021276595744681,0.776595744680851,0.0212765957446808,0.0106382978723404
https://doi.org/10.1016/j.corsci.2023.111415,16.833333333333332,7.01980198019802,0.693069306930693,0.594059405940594,0.0594059405940594,0.0
https://doi.org/10.1016/j.corsci.2023.111124,17.6,6.988636363636363,0.6931818181818182,0.6931818181818182,0.0113636363636363,0.034090909090909
https://doi.org/10.1016/j.corsci.2023.111140,20.0,7.6,0.68,0.75,0.06,0.05
https://doi.org/10.1016/j.corsci.2023.111139,12.25,6.469387755102041,0.6938775510204082,0.673469387755102,0.0204081632653061,0.0714285714285714
https://doi.org/10.1016/j.corsci.2023.111336,33.666666666666664,6.356435643564357,0.6435643564356436,0.6633663366336634,0.0198019801980198,0.0198019801980198
https://doi.org/10.1016/j.corsci.2023.111651,19.8,7.03030303030303,0.6363636363636364,0.7171717171717171,0.0404040404040404,0.0505050505050505
https://doi.org/10.1016/j.corsci.2023.110960,11.555555555555555,5.961538461538462,0.7211538461538461,0.7403846153846154,0.0288461538461538,0.0096153846153846
https://doi.org/10.1016/j.corsci.2023.111012,8.333333333333334,6.42,0.74,0.7,0.07,0.0
https://doi.org/10.1016/j.corsci.2023.111698,18.0,7.311111111111111,0.7222222222222222,0.7777777777777778,0.0666666666666666,0.0
https://doi.org/10.1016/j.corsci.2023.111093,16.6,6.855421686746988,0.6746987951807228,0.7349397590361446,0.036144578313253,0.0120481927710843
https://doi.org/10.1016/j.corsci.2023.110999,24.25,6.216494845360825,0.5979381443298969,0.6701030927835051,0.0824742268041237,0.0103092783505154
https://doi.org/10.1016/j.corsci.2023.111210,25.0,7.12,0.67,0.63,0.02,0.0
https://doi.org/10.1016/j.corsci.2023.111309,23.5,6.968085106382978,0.7340425531914894,0.723404255319149,0.0106382978723404,0.0212765957446808
https://doi.org/10.1016/j.corsci.2023.111598,16.833333333333332,7.267326732673268,0.6633663366336634,0.8613861386138614,0.0594059405940594,0.0198019801980198
https://doi.org/10.1016/j.corsci.2023.111114,25.5,7.333333333333333,0.7058823529411765,0.6764705882352942,0.0784313725490196,0.0098039215686274
https://doi.org/10.1016/j.corsci.2023.111155,22.25,6.910112359550562,0.6292134831460674,0.6853932584269663,0.0561797752808988,0.0337078651685393
https://doi.org/10.1016/j.corsci.2023.111654,33.333333333333336,6.88,0.73,0.77,0.03,0.0
https://doi.org/10.1016/j.corsci.2023.111135,16.166666666666668,6.989690721649485,0.6494845360824743,0.7010309278350515,0.0206185567010309,0.0309278350515463
https://doi.org/10.1016/j.corsci.2023.111166,24.75,6.808080808080808,0.6363636363636364,0.8080808080808081,0.0505050505050505,0.0101010101010101
https://doi.org/10.1016/j.corsci.2023.111703,18.666666666666668,5.767857142857143,0.7053571428571429,0.6875,0.0357142857142857,0.0
https://doi.org/10.1016/j.corsci.2023.111771,11.88888888888889,6.252336448598131,0.6728971962616822,0.5514018691588785,0.02803738317757,0.0093457943925233
https://doi.org/10.1016/j.corsci.2023.111047,16.5,6.090909090909091,0.6161616161616161,0.5555555555555556,0.0303030303030303,0.0
https://doi.org/10.1016/j.corsci.2023.111057,20.83333333333333,5.792,0.696,0.632,0.04,0.008
https://doi.org/10.1016/j.corsci.2023.111163,19.2,7.666666666666667,0.8229166666666666,0.8125,0.0625,0.0208333333333333
https://doi.org/10.1016/j.corsci.2023.111773,19.8,7.484848484848484,0.7676767676767676,0.8181818181818182,0.0606060606060606,0.0101010101010101
https://doi.org/10.1016/j.corsci.2023.111008,18.2,6.626373626373627,0.7252747252747253,0.7692307692307693,0.0549450549450549,0.0439560439560439
https://doi.org/10.1016/j.corsci.2023.111109,17.2,7.325581395348837,0.7093023255813954,0.7209302325581395,0.0697674418604651,0.0116279069767441
https://doi.org/10.1016/j.corsci.2023.111410,11.444444444444445,6.388349514563107,0.7087378640776699,0.7378640776699029,0.0485436893203883,0.0194174757281553
https://doi.org/10.1016/j.corsci.2023.111767,10.88888888888889,7.051020408163265,0.7755102040816326,0.8163265306122449,0.0612244897959183,0.0204081632653061
https://doi.org/10.1016/j.corsci.2023.111552,25.25,6.891089108910891,0.693069306930693,0.7227722772277227,0.0594059405940594,0.0099009900990099
https://doi.org/10.1016/j.corsci.2023.111594,15.833333333333334,6.894736842105263,0.7157894736842105,0.7473684210526316,0.0526315789473684,0.0105263157894736
https://doi.org/10.1016/j.corsci.2023.111387,26.5,7.150943396226415,0.6792452830188679,0.7264150943396226,0.0471698113207547,0.0377358490566037
https://doi.org/10.1016/j.corsci.2023.111569,15.666666666666666,6.9361702127659575,0.7340425531914894,0.776595744680851,0.0425531914893617,0.0531914893617021
https://doi.org/10.1016/j.corsci.2023.111046,21.666666666666668,6.2846153846153845,0.7307692307692307,0.6846153846153846,0.0538461538461538,0.0153846153846153
https://doi.org/10.1016/j.corsci.2023.111463,23.33333333333333,6.707142857142857,0.7071428571428572,0.7428571428571429,0.0214285714285714,0.0285714285714285
https://doi.org/10.1016/j.corsci.2023.111557,34.333333333333336,7.009708737864078,0.7281553398058253,0.7669902912621359,0.058252427184466,0.0097087378640776
https://doi.org/10.1016/j.corsci.2023.111658,19.8,6.414141414141414,0.6262626262626263,0.6363636363636364,0.0404040404040404,0.0404040404040404
https://doi.org/10.1016/j.corsci.2023.111562,14.285714285714286,7.06,0.63,0.73,0.02,0.0
https://doi.org/10.1016/j.corsci.2023.111704,19.142857142857142,7.074626865671642,0.7014925373134329,0.7089552238805971,0.0373134328358208,0.0373134328358208
https://doi.org/10.1016/j.corsci.2023.111744,24.75,6.404040404040404,0.7070707070707071,0.696969696969697,0.0606060606060606,0.0202020202020202
https://doi.org/10.1016/j.corsci.2023.111209,25.25,6.485148514851486,0.6336633663366337,0.594059405940594,0.0198019801980198,0.0198019801980198
https://doi.org/10.1016/j.corsci.2023.111434,14.571428571428571,5.980392156862745,0.6372549019607843,0.7254901960784313,0.0392156862745098,0.0490196078431372
https://doi.org/10.1016/j.corsci.2023.111385,16.333333333333332,6.76530612244898,0.6632653061224489,0.6938775510204082,0.0816326530612244,0.0306122448979591
https://doi.org/10.1016/j.corsci.2023.111728,25.0,6.91,0.73,0.81,0.05,0.01
https://doi.org/10.1016/j.corsci.2023.111263,26.5,6.188679245283019,0.6698113207547169,0.7075471698113207,0.0471698113207547,0.0188679245283018
https://doi.org/10.1016/j.corsci.2023.111613,20.8,6.519230769230769,0.6730769230769231,0.7115384615384616,0.048076923076923,0.0192307692307692
https://doi.org/10.1016/j.corsci.2023.111797,18.666666666666668,5.75,0.75,0.75,0.0535714285714285,0.0
https://doi.org/10.1016/j.corsci.2023.111722,20.2,6.653465346534653,0.6831683168316832,0.7128712871287128,0.0495049504950495,0.0
https://doi.org/10.1016/j.corsci.2023.111376,9.9,6.414141414141414,0.696969696969697,0.8080808080808081,0.0808080808080808,0.0101010101010101
https://doi.org/10.1016/j.corsci.2023.111388,20.0,6.78,0.64,0.69,0.05,0.01
https://doi.org/10.1016/j.corsci.2023.110959,19.8,5.9393939393939394,0.6565656565656566,0.7676767676767676,0.0505050505050505,0.0202020202020202
https://doi.org/10.1016/j.corsci.2023.111010,16.333333333333332,7.204081632653061,0.7653061224489796,0.9081632653061223,0.0510204081632653,0.0
https://doi.org/10.1016/j.corsci.2023.111364,25.0,6.38,0.72,0.77,0.05,0.05
https://doi.org/10.1016/j.corsci.2023.111675,13.714285714285714,7.15625,0.7083333333333334,0.8333333333333334,0.0416666666666666,0.0
https://doi.org/10.1016/j.corsci.2023.111284,16.833333333333332,6.603960396039604,0.7029702970297029,0.8118811881188119,0.0495049504950495,0.0495049504950495
https://doi.org/10.1016/j.corsci.2023.111805,24.0,5.8125,0.6354166666666666,0.7604166666666666,0.0208333333333333,0.0
https://doi.org/10.1016/j.corsci.2023.111142,26.0,6.721153846153846,0.7019230769230769,0.75,0.048076923076923,0.0192307692307692
https://doi.org/10.1016/j.corsci.2023.111616,15.666666666666666,5.702127659574468,0.6808510638297872,0.7127659574468085,0.0425531914893617,0.0212765957446808
https://doi.org/10.1016/j.corsci.2023.111217,16.5,6.848484848484849,0.696969696969697,0.7777777777777778,0.0404040404040404,0.0101010101010101
https://doi.org/10.1016/j.corsci.2023.111565,19.2,6.552083333333333,0.6875,0.8125,0.03125,0.0208333333333333
https://doi.org/10.1016/j.corsci.2023.111153,20.0,6.033333333333333,0.75,0.8833333333333333,0.0333333333333333,0.0166666666666666
https://doi.org/10.1016/j.corsci.2023.111024,33.875,6.760147601476015,0.6678966789667896,0.6420664206642066,0.033210332103321,0.011070110701107
https://doi.org/10.3390/cmd4020015,25.625,7.346341463414634,0.6634146341463415,0.6634146341463415,0.0195121951219512,0.0195121951219512
https://doi.org/10.3390/cmd4040031,25.571428571428573,6.88268156424581,0.6759776536312849,0.6480446927374302,0.0223463687150838,0.0279329608938547
https://doi.org/10.3390/cmd4040033,22.88888888888889,6.713592233009709,0.5679611650485437,0.5679611650485437,0.0145631067961165,0.0145631067961165
https://doi.org/10.3390/cmd4040032,24.625,6.918781725888325,0.7106598984771574,0.5532994923857868,0.0355329949238578,0.0050761421319796
https://doi.org/10.3390/cmd4010004,15.88888888888889,7.699300699300699,0.6573426573426573,0.5804195804195804,0.0209790209790209,0.0209790209790209
https://doi.org/10.3390/cmd4030024,20.428571428571427,6.601398601398602,0.6153846153846154,0.6573426573426573,0.0069930069930069,0.0209790209790209
https://doi.org/10.3390/cmd4040029,29.25,7.358974358974359,0.6068376068376068,0.5384615384615384,0.0299145299145299,0.0128205128205128
https://doi.org/10.3390/cmd4010010,18.3,7.054644808743169,0.6939890710382514,0.546448087431694,0.0327868852459016,0.0109289617486338
https://doi.org/10.3390/cmd4030026,33.8,6.579881656804734,0.6804733727810651,0.591715976331361,0.0355029585798816,0.0118343195266272
https://doi.org/10.3390/cmd4010009,20.857142857142858,7.1506849315068495,0.7123287671232876,0.7602739726027398,0.047945205479452,0.0205479452054794
https://doi.org/10.3390/cmd4030019,14.0,7.223214285714286,0.75,0.75,0.0178571428571428,0.0178571428571428
https://doi.org/10.3390/cmd4020013,24.666666666666668,6.462162162162162,0.5918918918918918,0.5405405405405406,0.0081081081081081,0.0189189189189189
https://doi.org/10.3390/cmd4030022,24.571428571428573,7.337209302325581,0.6511627906976745,0.6395348837209303,0.0348837209302325,0.0348837209302325
https://doi.org/10.3390/cmd4010007,12.0,6.833333333333333,0.6323529411764706,0.5294117647058824,0.0441176470588235,0.0196078431372549
https://doi.org/10.3390/cmd4020012,19.666666666666668,6.927966101694915,0.6652542372881356,0.6186440677966102,0.0296610169491525,0.0254237288135593
https://doi.org/10.3390/cmd4020014,24.5,6.36734693877551,0.6151603498542274,0.4693877551020408,0.0058309037900874,0.0291545189504373
https://doi.org/10.3390/cmd4010011,19.88888888888889,6.709497206703911,0.7150837988826816,0.6368715083798883,0.0223463687150838,0.0111731843575419
https://doi.org/10.3390/cmd4040034,29.857142857142858,7.401913875598086,0.6842105263157895,0.5550239234449761,0.0382775119617224,0.0095693779904306
https://doi.org/10.3390/cmd4030020,25.75,6.723300970873787,0.6407766990291263,0.5922330097087378,0.0194174757281553,0.0097087378640776
https://doi.org/10.3390/cmd4010006,18.88888888888889,6.811764705882353,0.6941176470588235,0.6588235294117647,0.0235294117647058,0.0176470588235294
https://doi.org/10.3390/cmd4030027,27.25,6.8807339449541285,0.6788990825688074,0.5779816513761468,0.0642201834862385,0.0091743119266055
https://doi.org/10.3390/cmd4030018,23.55555555555556,6.660377358490566,0.6273584905660378,0.5613207547169812,0.0188679245283018,0.0188679245283018
https://doi.org/10.3390/cmd4030023,21.285714285714285,6.691275167785235,0.6912751677852349,0.6442953020134228,0.0134228187919463,0.0201342281879194
https://doi.org/10.3390/cmd4040030,25.0,6.5,0.67,0.67,0.03,0.025
https://doi.org/10.3390/cmd4030025,12.0,6.618055555555555,0.6666666666666666,0.6944444444444444,0.0486111111111111,0.0
https://doi.org/10.3390/cmd4010008,18.9,7.095238095238095,0.6931216931216931,0.5555555555555556,0.037037037037037,0.0211640211640211
https://doi.org/10.3390/cmd4020016,23.3,6.201716738197425,0.6523605150214592,0.5407725321888412,0.0257510729613733,0.0171673819742489
https://doi.org/10.3390/cmd4040028,12.0,6.196969696969697,0.6590909090909091,0.696969696969697,0.0151515151515151,0.0227272727272727
https://doi.org/10.3390/cmd4010005,20.727272727272727,5.93859649122807,0.6578947368421053,0.5307017543859649,0.0175438596491228,0.0175438596491228
https://doi.org/10.3390/cmd4020017,19.8,7.015151515151516,0.6363636363636364,0.5656565656565656,0.0101010101010101,0.0151515151515151
https://doi.org/10.3390/cmd4030021,18.875,6.264900662251655,0.5827814569536424,0.5827814569536424,0.0264900662251655,0.0397350993377483
https://doi.org/10.1002/maco.202213705,21.8,7.339449541284404,0.6330275229357798,0.6880733944954128,0.036697247706422,0.0091743119266055
https://doi.org/10.1002/maco.202313743,27.0,7.308641975308642,0.6790123456790124,0.6666666666666666,0.0308641975308641,0.0432098765432098
https://doi.org/10.1002/maco.202313931,19.166666666666668,7.330434782608695,0.7130434782608696,0.5826086956521739,0.0260869565217391,0.0
https://doi.org/10.1002/maco.202313955,23.83333333333333,6.986013986013986,0.7132867132867133,0.6783216783216783,0.0209790209790209,0.0139860139860139
https://doi.org/10.1002/maco.202314046,23.625,6.306878306878307,0.6402116402116402,0.6613756613756614,0.0211640211640211,0.0317460317460317
https://doi.org/10.1002/maco.202313907,14.636363636363637,7.018633540372671,0.7204968944099379,0.6521739130434783,0.031055900621118,0.0248447204968944
https://doi.org/10.1002/maco.202313950,19.625,7.0,0.6305732484076433,0.6050955414012739,0.0127388535031847,0.0382165605095541
https://doi.org/10.1002/maco.202313869,24.6,6.40650406504065,0.6991869918699187,0.6341463414634146,0.040650406504065,0.016260162601626
https://doi.org/10.1002/maco.202313757,37.0,6.021621621621621,0.7189189189189189,0.5783783783783784,0.0486486486486486,0.0216216216216216
https://doi.org/10.1002/maco.202213549,23.142857142857142,7.148148148148148,0.6851851851851852,0.5740740740740741,0.037037037037037,0.0061728395061728
https://doi.org/10.1002/maco.202313943,20.83333333333333,6.88,0.68,0.648,0.056,0.008
https://doi.org/10.1002/maco.202313766,34.8,6.339080459770115,0.6379310344827587,0.5574712643678161,0.0229885057471264,0.0229885057471264
https://doi.org/10.1002/maco.202313858,23.0,7.038043478260869,0.7010869565217391,0.6413043478260869,0.0163043478260869,0.0163043478260869
https://doi.org/10.1002/maco.202313927,13.727272727272728,7.377483443708609,0.6821192052980133,0.6754966887417219,0.0463576158940397,0.0
https://doi.org/10.1002/maco.202314004,18.666666666666668,6.910714285714286,0.5982142857142857,0.6160714285714286,0.0178571428571428,0.0267857142857142
https://doi.org/10.1002/maco.202313763,29.666666666666668,6.719101123595506,0.6460674157303371,0.6685393258426966,0.0112359550561797,0.0224719101123595
https://doi.org/10.1002/maco.202213719,23.714285714285715,6.795180722891566,0.6807228915662651,0.6686746987951807,0.0542168674698795,0.0240963855421686
https://doi.org/10.1002/maco.202313882,19.625,7.038216560509555,0.6878980891719745,0.5796178343949044,0.0573248407643312,0.0063694267515923
https://doi.org/10.1002/maco.202313863,33.666666666666664,7.02970297029703,0.6237623762376238,0.6633663366336634,0.0297029702970297,0.0396039603960396
https://doi.org/10.1002/maco.202313821,18.8,6.829787234042553,0.6914893617021277,0.776595744680851,0.0425531914893617,0.0212765957446808
https://doi.org/10.1002/maco.202213438,22.571428571428573,6.924050632911392,0.7025316455696202,0.5569620253164557,0.0569620253164556,0.0253164556962025
https://doi.org/10.1002/maco.202313759,14.923076923076923,6.381443298969073,0.6443298969072165,0.6288659793814433,0.0309278350515463,0.0360824742268041
https://doi.org/10.1002/maco.202313798,21.125,6.550295857988166,0.727810650887574,0.6272189349112426,0.0355029585798816,0.0177514792899408
https://doi.org/10.1002/maco.202313778,25.33333333333333,6.717105263157895,0.6381578947368421,0.6381578947368421,0.0197368421052631,0.0263157894736842
https://doi.org/10.1002/maco.202313949,27.5,7.159090909090909,0.6727272727272727,0.5863636363636363,0.0181818181818181,0.0136363636363636
https://doi.org/10.1002/maco.202313895,20.88888888888889,5.97872340425532,0.6702127659574468,0.5159574468085106,0.0212765957446808,0.0053191489361702
https://doi.org/10.1002/maco.202313957,18.88888888888889,6.847058823529411,0.7,0.6647058823529411,0.0176470588235294,0.0117647058823529
https://doi.org/10.1002/maco.202313930,22.77777777777778,5.84390243902439,0.6780487804878049,0.6292682926829268,0.0097560975609756,0.024390243902439
https://doi.org/10.1002/maco.202313909,10.666666666666666,6.1625,0.64375,0.625,0.06875,0.0
https://doi.org/10.1002/maco.202313937,30.25,7.1570247933884295,0.6859504132231405,0.6115702479338843,0.0578512396694214,0.0165289256198347
https://doi.org/10.1002/maco.202314054,17.0,6.270588235294118,0.7,0.6529411764705882,0.0352941176470588,0.0058823529411764
https://doi.org/10.1002/maco.202213653,24.285714285714285,6.658823529411765,0.6529411764705882,0.611764705882353,0.0176470588235294,0.0117647058823529
https://doi.org/10.1002/maco.202313990,19.22222222222222,6.907514450867052,0.7052023121387283,0.6647398843930635,0.0462427745664739,0.0231213872832369
https://doi.org/10.1002/maco.202313912,17.2,6.72093023255814,0.6918604651162791,0.5813953488372093,0.0348837209302325,0.0
https://doi.org/10.1002/maco.202313902,27.875,6.331838565022421,0.6591928251121076,0.5829596412556054,0.0313901345291479,0.0
https://doi.org/10.1002/maco.202213496,24.666666666666668,7.932432432432432,0.7297297297297297,0.7837837837837838,0.027027027027027,0.0
https://doi.org/10.1002/maco.202313755,23.83333333333333,7.118881118881119,0.6503496503496503,0.7202797202797203,0.0349650349650349,0.0349650349650349
https://doi.org/10.1002/maco.202313770,24.25,7.030927835051546,0.6391752577319587,0.6597938144329897,0.0309278350515463,0.0206185567010309
https://doi.org/10.1002/maco.202313768,21.625,6.838150289017341,0.6878612716763006,0.6589595375722543,0.0231213872832369,0.0346820809248554
https://doi.org/10.1002/maco.202313904,12.076923076923077,6.471337579617835,0.6751592356687898,0.6305732484076433,0.0254777070063694,0.0382165605095541
https://doi.org/10.1002/maco.202313841,13.166666666666666,6.512658227848101,0.7088607594936709,0.6645569620253164,0.0443037974683544,0.0063291139240506
https://doi.org/10.1002/maco.202213616,23.8,7.3277310924369745,0.6638655462184874,0.5882352941176471,0.0756302521008403,0.0084033613445378
https://doi.org/10.1002/maco.202213718,17.833333333333332,6.700934579439252,0.6542056074766355,0.6728971962616822,0.0373831775700934,0.0093457943925233
https://doi.org/10.1002/maco.202213640,19.0,6.578947368421052,0.6608187134502924,0.5672514619883041,0.0175438596491228,0.023391812865497
https://doi.org/10.1002/maco.202213703,27.0,7.1234567901234565,0.6666666666666666,0.6172839506172839,0.0617283950617283,0.0123456790123456
https://doi.org/10.1002/maco.202213515,11.666666666666666,6.6535714285714285,0.7142857142857143,0.4857142857142857,0.0214285714285714,0.0142857142857142
https://doi.org/10.1002/maco.202313729,20.0,6.616666666666666,0.6388888888888888,0.5944444444444444,0.0166666666666666,0.0111111111111111
https://doi.org/10.1002/maco.202313848,16.77777777777778,6.880794701986755,0.6887417218543046,0.695364238410596,0.0463576158940397,0.0066225165562913
https://doi.org/10.1002/maco.202313767,26.571428571428573,6.370967741935484,0.6720430107526881,0.5645161290322581,0.032258064516129,0.0161290322580645
https://doi.org/10.1002/maco.202313899,20.0,7.585714285714285,0.7071428571428572,0.7071428571428572,0.0214285714285714,0.0214285714285714
https://doi.org/10.1002/maco.202313900,10.625,6.270588235294118,0.7470588235294118,0.6823529411764706,0.0529411764705882,0.0176470588235294
https://doi.org/10.1002/maco.202213679,18.571428571428573,7.707692307692308,0.7307692307692307,0.7692307692307693,0.023076923076923,0.023076923076923
https://doi.org/10.1002/maco.202313753,20.33333333333333,6.0,0.5819672131147541,0.639344262295082,0.040983606557377,0.0163934426229508
https://doi.org/10.1002/maco.202313825,27.666666666666668,5.698795180722891,0.6987951807228916,0.5060240963855421,0.0481927710843373,0.0120481927710843
https://doi.org/10.1002/maco.202313940,20.33333333333333,6.885245901639344,0.680327868852459,0.7540983606557377,0.0573770491803278,0.0081967213114754
https://doi.org/10.1002/maco.202314017,40.6,6.354679802955665,0.7044334975369458,0.541871921182266,0.0344827586206896,0.0098522167487684
https://doi.org/10.1002/maco.202313748,15.166666666666666,6.428571428571429,0.6758241758241759,0.6483516483516484,0.0329670329670329,0.0054945054945054
https://doi.org/10.1002/maco.202313727,16.666666666666668,6.466666666666667,0.66,0.6333333333333333,0.0333333333333333,0.0066666666666666
https://doi.org/10.1002/maco.202313962,28.5,6.783625730994152,0.5847953216374269,0.5964912280701754,0.0292397660818713,0.0643274853801169
https://doi.org/10.1002/maco.202213684,25.5,6.163398692810458,0.6405228758169934,0.5620915032679739,0.065359477124183,0.0196078431372549
https://doi.org/10.1002/maco.202213223,12.058823529411764,5.35609756097561,0.7560975609756098,0.5365853658536586,0.048780487804878,0.0
https://doi.org/10.1002/maco.202213717,24.0,6.708333333333333,0.6547619047619048,0.6428571428571429,0.0297619047619047,0.0238095238095238
https://doi.org/10.1002/maco.202313852,20.0,6.471428571428572,0.6571428571428571,0.6142857142857143,0.0571428571428571,0.0142857142857142
https://doi.org/10.1002/maco.202213699,31.8,6.836477987421383,0.6289308176100629,0.6666666666666666,0.0440251572327044,0.0440251572327044
https://doi.org/10.1002/maco.202213584,17.636363636363637,6.371134020618556,0.7216494845360825,0.5360824742268041,0.0412371134020618,0.0051546391752577
https://doi.org/10.1002/maco.202313865,26.0,6.474358974358975,0.6538461538461539,0.7692307692307693,0.0512820512820512,0.0128205128205128
https://doi.org/10.1002/maco.202313934,17.2,6.877906976744186,0.6511627906976745,0.627906976744186,0.0232558139534883,0.0116279069767441
https://doi.org/10.1002/maco.202314008,27.5,7.006060606060606,0.6363636363636364,0.6424242424242425,0.0363636363636363,0.0303030303030303
https://doi.org/10.1002/maco.202313914,24.285714285714285,6.994117647058824,0.6352941176470588,0.6352941176470588,0.0411764705882352,0.0235294117647058
https://doi.org/10.1002/maco.202213721,23.25,6.118279569892473,0.5806451612903226,0.5913978494623656,0.0161290322580645,0.021505376344086
https://doi.org/10.1002/maco.202313873,18.88888888888889,6.452941176470588,0.6764705882352942,0.5470588235294118,0.0294117647058823,0.0176470588235294
https://doi.org/10.1002/maco.202213660,19.25,7.175324675324675,0.7402597402597403,0.6623376623376623,0.0649350649350649,0.0064935064935064
https://doi.org/10.1002/maco.202314029,21.428571428571427,7.006666666666667,0.6733333333333333,0.6266666666666667,0.0266666666666666,0.0
https://doi.org/10.1002/maco.202314123,20.375,5.699386503067485,0.6687116564417178,0.5766871165644172,0.0184049079754601,0.0061349693251533
https://doi.org/10.1002/maco.202213687,22.0,6.386363636363637,0.6534090909090909,0.5056818181818182,0.0227272727272727,0.0056818181818181
https://doi.org/10.1002/maco.202313764,24.33333333333333,6.2465753424657535,0.5958904109589042,0.589041095890411,0.0136986301369863,0.0342465753424657
https://doi.org/10.1002/maco.202313746,30.2,6.344370860927152,0.6423841059602649,0.6887417218543046,0.0132450331125827,0.0529801324503311
https://doi.org/10.1002/maco.202213680,20.0,7.36875,0.7,0.68125,0.0375,0.04375
https://doi.org/10.1002/maco.202213666,14.0,6.904761904761905,0.7083333333333334,0.7321428571428571,0.0535714285714285,0.0238095238095238
https://doi.org/10.1002/maco.202313919,34.833333333333336,6.488038277511961,0.645933014354067,0.5023923444976076,0.0669856459330143,0.0143540669856459
https://doi.org/10.1002/maco.202213689,23.0,6.639751552795032,0.6335403726708074,0.6273291925465838,0.0434782608695652,0.031055900621118
https://doi.org/10.1002/maco.202313886,18.25,6.554794520547945,0.6575342465753424,0.5616438356164384,0.0136986301369863,0.0068493150684931
https://doi.org/10.1002/maco.202213671,21.77777777777778,6.5,0.6887755102040817,0.576530612244898,0.0510204081632653,0.010204081632653
https://doi.org/10.1002/maco.202313733,21.285714285714285,6.382550335570469,0.6778523489932886,0.5302013422818792,0.046979865771812,0.0201342281879194
https://doi.org/10.1002/maco.202213652,20.166666666666668,6.793388429752066,0.6859504132231405,0.5950413223140496,0.0330578512396694,0.0165289256198347
https://doi.org/10.1002/maco.202213602,16.285714285714285,6.93859649122807,0.7280701754385965,0.7631578947368421,0.0175438596491228,0.0
https://doi.org/10.1002/maco.202213620,9.210526315789474,5.634285714285714,0.68,0.4914285714285714,0.0514285714285714,0.0057142857142857
https://doi.org/10.1002/maco.202213711,29.0,7.0,0.6896551724137931,0.646551724137931,0.043103448275862,0.0172413793103448
https://doi.org/10.1002/maco.202313819,17.166666666666668,6.699029126213592,0.7281553398058253,0.6213592233009708,0.0679611650485436,0.0097087378640776
https://doi.org/10.1002/maco.202313826,24.33333333333333,6.849315068493151,0.6712328767123288,0.636986301369863,0.0342465753424657,0.0205479452054794
https://doi.org/10.1002/maco.202313762,36.5,6.582191780821918,0.5958904109589042,0.6438356164383562,0.047945205479452,0.0205479452054794
https://doi.org/10.1002/maco.202313769,23.33333333333333,7.164285714285715,0.6571428571428571,0.6571428571428571,0.0285714285714285,0.0357142857142857
https://doi.org/10.1002/maco.202213697,17.571428571428573,7.121951219512195,0.6991869918699187,0.7073170731707317,0.016260162601626,0.016260162601626
https://doi.org/10.1002/maco.202313835,18.625,7.395973154362416,0.7046979865771812,0.6308724832214765,0.0134228187919463,0.0134228187919463
https://doi.org/10.1002/maco.202313765,24.857142857142858,6.35632183908046,0.6264367816091954,0.6091954022988506,0.0229885057471264,0.0229885057471264
https://doi.org/10.1002/maco.202370071,15.272727272727272,7.047619047619048,0.7380952380952381,0.7619047619047619,0.0297619047619047,0.0416666666666666
https://doi.org/10.1002/maco.202313954,16.77777777777778,6.4635761589403975,0.7549668874172185,0.695364238410596,0.0397350993377483,0.0066225165562913
https://doi.org/10.1002/maco.202314074,16.1,7.291925465838509,0.6894409937888198,0.6211180124223602,0.0186335403726708,0.0124223602484472
https://doi.org/10.1002/maco.202313773,27.5,7.072727272727272,0.6484848484848484,0.6060606060606061,0.0242424242424242,0.0181818181818181
https://doi.org/10.1002/maco.202313751,23.666666666666668,6.901408450704225,0.6197183098591549,0.7746478873239436,0.0422535211267605,0.0
https://doi.org/10.1002/maco.202313786,19.33333333333333,6.810344827586207,0.6609195402298851,0.6839080459770115,0.0229885057471264,0.0344827586206896
https://doi.org/10.1002/maco.202314120,23.125,6.335135135135135,0.6486486486486487,0.4810810810810811,0.0378378378378378,0.0
https://doi.org/10.1002/maco.202314129,16.77777777777778,6.443708609271523,0.6490066225165563,0.5165562913907285,0.0331125827814569,0.0132450331125827
https://doi.org/10.1002/maco.202370031,26.75,6.990654205607477,0.6915887850467289,0.719626168224299,0.0373831775700934,0.02803738317757
https://doi.org/10.1002/maco.202370041,26.0,6.707692307692308,0.7,0.676923076923077,0.0461538461538461,0.0153846153846153
https://doi.org/10.1002/maco.202370061,22.0,6.672727272727273,0.6727272727272727,0.7545454545454545,0.0454545454545454,0.0454545454545454
https://doi.org/10.1002/maco.202313771,25.142857142857142,6.744318181818182,0.6193181818181818,0.6590909090909091,0.0227272727272727,0.034090909090909
https://doi.org/10.1002/maco.202313894,30.2,6.933774834437086,0.609271523178808,0.5496688741721855,0.0331125827814569,0.0264900662251655
https://doi.org/10.1002/maco.202314140,15.7,6.70063694267516,0.6942675159235668,0.6942675159235668,0.0127388535031847,0.0127388535031847
https://doi.org/10.1002/maco.202314115,16.555555555555557,7.583892617449664,0.6442953020134228,0.6241610738255033,0.0268456375838926,0.0268456375838926
https://doi.org/10.1002/maco.202313813,23.666666666666668,5.866197183098592,0.7746478873239436,0.647887323943662,0.0211267605633802,0.0070422535211267
https://doi.org/10.1002/maco.202313792,16.083333333333332,6.181347150259067,0.6735751295336787,0.6010362694300518,0.0362694300518134,0.0155440414507772
https://doi.org/10.1002/maco.202313925,26.0,6.492307692307692,0.5846153846153846,0.5923076923076923,0.0307692307692307,0.0153846153846153
https://doi.org/10.1002/maco.202313872,35.333333333333336,6.490566037735849,0.6226415094339622,0.5849056603773585,0.0377358490566037,0.0094339622641509
https://doi.org/10.1002/maco.202313918,26.25,6.238095238095238,0.7238095238095238,0.5904761904761905,0.0380952380952381,0.0
https://doi.org/10.1002/maco.202370011,29.25,6.794871794871795,0.6752136752136753,0.7435897435897436,0.0341880341880341,0.0256410256410256
https://doi.org/10.1002/maco.202213405,19.6,6.428571428571429,0.6938775510204082,0.7142857142857143,0.0612244897959183,0.010204081632653
https://doi.org/10.1002/maco.202370021,26.25,6.161904761904762,0.7333333333333333,0.780952380952381,0.0571428571428571,0.0380952380952381
https://doi.org/10.1002/maco.202213545,20.625,6.13939393939394,0.6181818181818182,0.5878787878787879,0.0181818181818181,0.0181818181818181
https://doi.org/10.1002/maco.202213604,23.25,6.150537634408602,0.6989247311827957,0.6881720430107527,0.0268817204301075,0.010752688172043
https://doi.org/10.1002/maco.202213366,30.142857142857142,5.791469194312796,0.6398104265402843,0.5687203791469194,0.0094786729857819,0.0236966824644549
https://doi.org/10.1002/maco.202213560,32.333333333333336,5.298969072164948,0.6804123711340206,0.4175257731958763,0.0257731958762886,0.0103092783505154
https://doi.org/10.1002/maco.202313772,18.5,6.4391891891891895,0.6418918918918919,0.7432432432432432,0.027027027027027,0.0337837837837837
https://doi.org/10.1002/maco.202370051,18.0,5.824074074074074,0.7222222222222222,0.7592592592592593,0.0555555555555555,0.0462962962962962
https://doi.org/10.1002/maco.202313961,21.142857142857142,6.6824324324324325,0.7162162162162162,0.7027027027027027,0.0405405405405405,0.0202702702702702
https://doi.org/10.1002/maco.202370081,47.5,5.905263157894737,0.7684210526315789,0.7684210526315789,0.0210526315789473,0.0210526315789473
https://doi.org/10.1002/maco.202370091,23.0,6.75,0.7608695652173914,0.8152173913043478,0.0217391304347826,0.0326086956521739
https://doi.org/10.1002/maco.202370101,24.0,6.05,0.6,0.65,0.0166666666666666,0.0166666666666666
https://doi.org/10.1002/maco.202370111,9.666666666666666,6.206896551724138,0.6206896551724138,0.8620689655172413,0.0,0.0
https://doi.org/10.1108/acmm-12-2023-2935,19.61111111111111,6.7025495750708215,0.6770538243626062,0.4589235127478753,0.0113314447592068,0.0254957507082152
https://doi.org/10.1108/acmm-03-2024-2976,21.90909090909091,6.804979253112033,0.6473029045643154,0.5311203319502075,0.0290456431535269,0.0124481327800829
https://doi.org/10.1108/acmm-06-2023-2832,31.4,7.1528662420382165,0.6401273885350318,0.5414012738853503,0.0286624203821656,0.019108280254777
https://doi.org/10.1108/acmm-03-2024-2988,12.117647058823527,7.334951456310679,0.7135922330097088,0.6213592233009708,0.0242718446601941,0.0194174757281553
https://doi.org/10.1108/acmm-09-2024-3100,31.0,7.622580645161291,0.7193548387096774,0.6129032258064516,0.0161290322580645,0.0096774193548387
https://doi.org/10.1108/acmm-08-2023-2889,21.33333333333333,6.661458333333333,0.7135416666666666,0.625,0.0208333333333333,0.03125
https://doi.org/10.1108/acmm-06-2024-3040,19.384615384615383,6.948412698412699,0.6785714285714286,0.5595238095238095,0.0436507936507936,0.0158730158730158
https://doi.org/10.1108/acmm-04-2024-2999,15.875,7.173228346456693,0.6614173228346457,0.5669291338582677,0.0236220472440944,0.0236220472440944
https://doi.org/10.1108/acmm-11-2023-2917,22.8,6.728070175438597,0.6271929824561403,0.5263157894736842,0.0219298245614035,0.0219298245614035
https://doi.org/10.1108/acmm-12-2023-2937,14.947368421052632,6.038732394366197,0.7429577464788732,0.5246478873239436,0.0211267605633802,0.0140845070422535
https://doi.org/10.1108/acmm-08-2023-2877,16.25,8.36923076923077,0.7384615384615385,0.6923076923076923,0.0307692307692307,0.0461538461538461
https://doi.org/10.1108/acmm-02-2024-2968,22.0,7.107954545454546,0.6363636363636364,0.5454545454545454,0.0284090909090909,0.0113636363636363
https://doi.org/10.1108/acmm-03-2024-2989,18.666666666666668,6.767857142857143,0.6741071428571429,0.5267857142857143,0.03125,0.0223214285714285
https://doi.org/10.1108/acmm-11-2023-2924,23.416666666666668,6.622775800711744,0.6619217081850534,0.501779359430605,0.0213523131672597,0.0106761565836298
https://doi.org/10.1108/acmm-01-2024-2950,16.3125,6.053639846743295,0.6666666666666666,0.5555555555555556,0.0306513409961685,0.0114942528735632
https://doi.org/10.1108/acmm-02-2024-2963,19.88888888888889,7.4581005586592175,0.6815642458100558,0.5698324022346368,0.0391061452513966,0.0055865921787709
https://doi.org/10.1108/acmm-03-2024-2982,31.0,7.06989247311828,0.6666666666666666,0.532258064516129,0.010752688172043,0.010752688172043
https://doi.org/10.1108/acmm-05-2024-3016,15.142857142857142,6.610062893081761,0.7138364779874213,0.5062893081761006,0.0220125786163522,0.0188679245283018
https://doi.org/10.1108/acmm-10-2024-3106,29.428571428571427,6.946601941747573,0.6990291262135923,0.5533980582524272,0.0242718446601941,0.0388349514563106
https://doi.org/10.1108/acmm-10-2023-2907,20.181818181818183,7.274774774774775,0.6936936936936937,0.5405405405405406,0.036036036036036,0.009009009009009
https://doi.org/10.1108/acmm-08-2024-3073,27.25,6.844036697247707,0.6284403669724771,0.4678899082568807,0.036697247706422,0.018348623853211
https://doi.org/10.1108/acmm-08-2024-3071,20.285714285714285,6.845070422535211,0.7253521126760564,0.6091549295774648,0.0316901408450704,0.0105633802816901
https://doi.org/10.1108/acmm-03-2024-2991,25.375,6.497536945812808,0.6847290640394089,0.5369458128078818,0.0147783251231527,0.0098522167487684
https://doi.org/10.1108/acmm-04-2024-3008,29.8,6.906040268456376,0.6577181208053692,0.6174496644295302,0.0402684563758389,0.0201342281879194
https://doi.org/10.1108/acmm-09-2024-3094,13.76,7.305232558139535,0.752906976744186,0.5872093023255814,0.0203488372093023,0.0232558139534883
https://doi.org/10.1108/acmm-01-2024-2954,17.4,6.787356321839081,0.6609195402298851,0.632183908045977,0.0229885057471264,0.0172413793103448
https://doi.org/10.1108/acmm-06-2023-2835,22.625,7.104972375690608,0.6685082872928176,0.5359116022099447,0.0276243093922651,0.005524861878453
https://doi.org/10.1108/acmm-08-2023-2878,22.181818181818183,6.864754098360656,0.6885245901639344,0.569672131147541,0.0245901639344262,0.0245901639344262
https://doi.org/10.1108/acmm-11-2023-2919,33.0,6.696969696969697,0.6818181818181818,0.5833333333333334,0.0606060606060606,0.0378787878787878
https://doi.org/10.1108/acmm-02-2024-2972,20.2,7.237623762376238,0.6683168316831684,0.5297029702970297,0.0445544554455445,0.0099009900990099
https://doi.org/10.1108/acmm-12-2023-2939,23.2,7.017241379310345,0.7370689655172413,0.6508620689655172,0.0258620689655172,0.021551724137931
https://doi.org/10.1108/acmm-06-2023-2818,18.7,6.983957219251337,0.6310160427807486,0.5026737967914439,0.053475935828877,0.0267379679144385
https://doi.org/10.1108/acmm-08-2023-2874,22.0,6.4363636363636365,0.6818181818181818,0.5863636363636363,0.0227272727272727,0.0136363636363636
https://doi.org/10.1108/acmm-08-2023-2869,16.6,6.897590361445783,0.6807228915662651,0.572289156626506,0.0662650602409638,0.0120481927710843
https://doi.org/10.1108/acmm-02-2024-2969,26.625,6.704225352112676,0.6431924882629108,0.6009389671361502,0.0187793427230046,0.0187793427230046
https://doi.org/10.1108/acmm-04-2023-2794,18.428571428571427,6.767441860465116,0.6821705426356589,0.5503875968992248,0.0310077519379844,0.0155038759689922
https://doi.org/10.1108/acmm-03-2023-2766,19.8,6.388888888888889,0.696969696969697,0.5151515151515151,0.0555555555555555,0.0151515151515151
https://doi.org/10.1108/acmm-11-2023-2918,27.142857142857142,6.289473684210527,0.6631578947368421,0.6263157894736842,0.0157894736842105,0.0263157894736842
https://doi.org/10.1108/acmm-06-2023-2839,24.63636363636364,6.701107011070111,0.6014760147601476,0.4686346863468634,0.011070110701107,0.014760147601476
https://doi.org/10.1108/acmm-01-2024-2956,19.875,6.823899371069182,0.6666666666666666,0.4968553459119497,0.0188679245283018,0.0125786163522012
https://doi.org/10.1108/acmm-01-2024-2948,20.166666666666668,7.975206611570248,0.7272727272727273,0.6942148760330579,0.0330578512396694,0.024793388429752
https://doi.org/10.1108/acmm-07-2024-3060,16.2,7.238683127572016,0.6666666666666666,0.551440329218107,0.0246913580246913,0.0246913580246913
https://doi.org/10.1108/acmm-09-2024-3091,30.714285714285715,7.148837209302326,0.7209302325581395,0.4651162790697674,0.027906976744186,0.0186046511627906
https://doi.org/10.1108/acmm-10-2024-3108,18.8125,7.372093023255814,0.6744186046511628,0.5581395348837209,0.0199335548172757,0.0132890365448504
https://doi.org/10.1108/acmm-09-2024-3101,21.714285714285715,7.184210526315789,0.6907894736842105,0.5526315789473685,0.0197368421052631,0.006578947368421
https://doi.org/10.1108/acmm-12-2023-2930,20.7,6.5893719806763285,0.7439613526570048,0.5458937198067633,0.0628019323671497,0.0241545893719806
https://doi.org/10.1108/acmm-04-2024-3006,23.857142857142858,6.880239520958084,0.688622754491018,0.5029940119760479,0.0179640718562874,0.0059880239520958
https://doi.org/10.1108/acmm-04-2024-3007,14.833333333333334,7.01685393258427,0.7696629213483146,0.7191011235955056,0.0337078651685393,0.0168539325842696
https://doi.org/10.1108/acmm-03-2024-2987,27.83333333333333,5.826347305389222,0.7365269461077845,0.4251497005988024,0.0119760479041916,0.0059880239520958
https://doi.org/10.1108/acmm-02-2024-2961,20.1,7.253731343283582,0.6766169154228856,0.5671641791044776,0.0348258706467661,0.0149253731343283
https://doi.org/10.1108/acmm-11-2023-2916,28.272727272727277,6.665594855305466,0.6237942122186495,0.4694533762057878,0.0160771704180064,0.0192926045016077
https://doi.org/10.1108/acmm-07-2023-2849,20.33333333333333,7.049180327868853,0.6174863387978142,0.546448087431694,0.0218579234972677,0.0218579234972677
https://doi.org/10.1108/acmm-04-2024-3000,26.714285714285715,6.32620320855615,0.679144385026738,0.5294117647058824,0.0213903743315508,0.0213903743315508
https://doi.org/10.1108/acmm-07-2024-3057,21.55555555555556,6.88659793814433,0.7010309278350515,0.5463917525773195,0.0154639175257731,0.0103092783505154
https://doi.org/10.1108/acmm-06-2024-3033,24.6,6.2560975609756095,0.6585365853658537,0.4390243902439024,0.0284552845528455,0.016260162601626
https://doi.org/10.1108/acmm-04-2024-2998,25.6,7.03125,0.6640625,0.5078125,0.046875,0.0078125
https://doi.org/10.1108/acmm-07-2024-3050,15.45,6.627831715210356,0.6925566343042071,0.5792880258899676,0.0194174757281553,0.0226537216828478
https://doi.org/10.1108/acmm-08-2024-3064,24.1,7.149377593360996,0.6597510373443983,0.5477178423236515,0.0331950207468879,0.0248962655601659
https://doi.org/10.1108/acmm-11-2023-2923,30.714285714285715,6.683720930232558,0.6511627906976745,0.4883720930232558,0.013953488372093,0.0093023255813953
https://doi.org/10.1108/acmm-01-2024-2953,28.5,7.818713450292398,0.6491228070175439,0.5087719298245614,0.0175438596491228,0.0175438596491228
https://doi.org/10.1108/acmm-02-2024-2965,22.33333333333333,7.164179104477612,0.6766169154228856,0.5373134328358209,0.0348258706467661,0.0149253731343283
https://doi.org/10.1108/acmm-12-2023-2941,18.846153846153847,7.171428571428572,0.7020408163265306,0.5551020408163265,0.0326530612244898,0.0081632653061224
https://doi.org/10.1108/acmm-12-2023-2932,24.5,6.908163265306122,0.7193877551020408,0.5408163265306123,0.0510204081632653,0.010204081632653
https://doi.org/10.1108/acmm-10-2023-2910,31.83333333333333,7.481675392670157,0.6701570680628273,0.5392670157068062,0.0523560209424083,0.0209424083769633
https://doi.org/10.1108/acmm-02-2024-2967,16.6,7.632530120481928,0.6867469879518072,0.5180722891566265,0.0301204819277108,0.0060240963855421
https://doi.org/10.1108/acmm-11-2023-2920,21.714285714285715,7.394736842105263,0.6842105263157895,0.5427631578947368,0.0427631578947368,0.0197368421052631
https://doi.org/10.1108/acmm-05-2023-2803,20.8,6.355769230769231,0.6971153846153846,0.5288461538461539,0.0144230769230769,0.0144230769230769
https://doi.org/10.1108/acmm-01-2024-2959,37.0,6.945945945945946,0.6810810810810811,0.5297297297297298,0.0216216216216216,0.0108108108108108
https://doi.org/10.1108/acmm-06-2024-3031,20.09090909090909,5.959276018099548,0.6832579185520362,0.4841628959276018,0.0271493212669683,0.0090497737556561
https://doi.org/10.1108/acmm-06-2024-3037,22.33333333333333,7.291044776119403,0.664179104477612,0.6194029850746269,0.0149253731343283,0.0149253731343283
https://doi.org/10.1108/acmm-04-2024-3005,21.444444444444443,6.958549222797927,0.689119170984456,0.5492227979274611,0.0362694300518134,0.0155440414507772
https://doi.org/10.1108/acmm-08-2024-3078,19.1,7.094240837696336,0.7015706806282722,0.581151832460733,0.0261780104712041,0.0157068062827225
https://doi.org/10.1108/acmm-05-2024-3027,24.7,7.165991902834008,0.6194331983805668,0.582995951417004,0.0242914979757085,0.0161943319838056
https://doi.org/10.1108/acmm-11-2023-2915,19.90909090909091,7.036529680365297,0.6894977168949772,0.547945205479452,0.0319634703196347,0.0182648401826484
https://doi.org/10.1108/acmm-01-2024-2949,27.571428571428573,6.66321243523316,0.7253886010362695,0.466321243523316,0.0259067357512953,0.0103626943005181
https://doi.org/10.1108/acmm-12-2023-2933,24.625,6.751269035532995,0.649746192893401,0.5380710659898477,0.015228426395939,0.0101522842639593
https://doi.org/10.1108/acmm-04-2024-3009,16.41176470588235,6.924731182795699,0.6594982078853047,0.5412186379928315,0.028673835125448,0.021505376344086
https://doi.org/10.1108/acmm-05-2024-3023,12.105263157894736,6.769565217391304,0.6782608695652174,0.5695652173913044,0.017391304347826,0.0130434782608695
https://doi.org/10.1108/acmm-08-2024-3074,16.833333333333332,7.079207920792079,0.636963696369637,0.4818481848184818,0.0231023102310231,0.0198019801980198
https://doi.org/10.1108/acmm-01-2024-2955,18.0,6.9523809523809526,0.6746031746031746,0.4682539682539682,0.0238095238095238,0.0119047619047619
https://doi.org/10.1108/acmm-09-2024-3095,9.066666666666666,6.602941176470588,0.6470588235294118,0.5955882352941176,0.0441176470588235,0.0294117647058823
https://doi.org/10.1108/acmm-12-2023-2929,26.5,6.79245283018868,0.6320754716981132,0.5094339622641509,0.0330188679245283,0.0283018867924528
https://doi.org/10.1108/acmm-03-2024-2984,39.8,7.105527638190955,0.6683417085427136,0.5829145728643216,0.0402010050251256,0.0201005025125628
https://doi.org/10.1108/acmm-07-2024-3053,25.428571428571427,7.123595505617978,0.6573033707865169,0.5842696629213483,0.0561797752808988,0.0224719101123595
https://doi.org/10.1108/acmm-05-2024-3029,16.77777777777778,7.28476821192053,0.6887417218543046,0.6622516556291391,0.0463576158940397,0.0198675496688741
https://doi.org/10.1108/acmm-06-2024-3035,22.9,5.716157205240175,0.6593886462882096,0.4716157205240174,0.0393013100436681,0.0131004366812227
https://doi.org/10.1108/acmm-09-2024-3090,28.666666666666668,6.961240310077519,0.686046511627907,0.4147286821705426,0.0310077519379844,0.0232558139534883
https://doi.org/10.5006/4507,23.11111111111111,6.788461538461538,0.6490384615384616,0.6538461538461539,0.0288461538461538,0.048076923076923
https://doi.org/10.5006/4459,19.1,7.214659685863874,0.6910994764397905,0.6335078534031413,0.0523560209424083,0.0157068062827225
https://doi.org/10.5006/4529,19.8,6.94949494949495,0.6464646464646465,0.696969696969697,0.0505050505050505,0.0202020202020202
https://doi.org/10.5006/4457,29.3,6.955631399317406,0.6962457337883959,0.6518771331058021,0.0136518771331058,0.0375426621160409
https://doi.org/10.5006/4512,33.75,7.2,0.6592592592592592,0.6222222222222222,0.0296296296296296,0.0222222222222222
https://doi.org/10.5006/4491,17.333333333333332,6.432692307692308,0.6923076923076923,0.5168269230769231,0.0336538461538461,0.0072115384615384
https://doi.org/10.5006/4505,25.0,7.228571428571429,0.68,0.6971428571428572,0.0171428571428571,0.0342857142857142
https://doi.org/10.5006/4622,11.0,6.118881118881119,0.6783216783216783,0.6083916083916084,0.0489510489510489,0.0069930069930069
https://doi.org/10.5006/4377,23.125,6.783783783783784,0.6378378378378379,0.5567567567567567,0.0216216216216216,0.0162162162162162
https://doi.org/10.5006/4537,21.4,6.806853582554517,0.7258566978193146,0.5825545171339563,0.0342679127725856,0.0218068535825545
https://doi.org/10.5006/4532,29.166666666666668,6.605714285714286,0.6228571428571429,0.6628571428571428,0.0285714285714285,0.0628571428571428
https://doi.org/10.5006/4398,17.285714285714285,6.867768595041323,0.7107438016528925,0.6694214876033058,0.0413223140495867,0.0165289256198347
https://doi.org/10.5006/4645,14.75,6.016949152542373,0.7853107344632768,0.655367231638418,0.0451977401129943,0.0112994350282485
https://doi.org/10.5006/4630,17.8,6.932584269662922,0.6629213483146067,0.7078651685393258,0.0561797752808988,0.0337078651685393
https://doi.org/10.5006/4669,26.666666666666668,7.7,0.71875,0.725,0.025,0.01875
https://doi.org/10.5006/4519,23.0,7.118012422360248,0.6645962732919255,0.5217391304347826,0.031055900621118,0.0248447204968944
https://doi.org/10.5006/4480,24.571428571428573,6.017441860465116,0.6162790697674418,0.4883720930232558,0.0348837209302325,0.0232558139534883
https://doi.org/10.5006/4451,23.714285714285715,7.548192771084337,0.6867469879518072,0.7168674698795181,0.0301204819277108,0.0180722891566265
https://doi.org/10.5006/4424,21.285714285714285,6.818791946308725,0.6912751677852349,0.5436241610738255,0.0436241610738255,0.0067114093959731
https://doi.org/10.5006/4490,20.285714285714285,6.21830985915493,0.676056338028169,0.5352112676056338,0.0422535211267605,0.0211267605633802
https://doi.org/10.5006/4493,17.071428571428573,7.2761506276150625,0.7154811715481172,0.5606694560669456,0.0251046025104602,0.0167364016736401
https://doi.org/10.5006/4608,18.94736842105263,6.380555555555556,0.6416666666666667,0.4527777777777778,0.0111111111111111,0.0111111111111111
https://doi.org/10.5006/4520,23.285714285714285,7.159509202453988,0.7239263803680982,0.656441717791411,0.0490797546012269,0.0245398773006134
https://doi.org/10.5006/4506,115.69767441860463,4.942512562814071,0.3646231155778894,0.0482412060301507,0.0030150753768844,0.0028140703517587
https://doi.org/10.5006/4558,22.571428571428573,6.962025316455696,0.6518987341772152,0.620253164556962,0.0443037974683544,0.0189873417721519
https://doi.org/10.5006/4591,21.375,6.105263157894737,0.6900584795321637,0.5321637426900585,0.0467836257309941,0.0116959064327485
https://doi.org/10.5006/4553,11.307692307692308,6.653061224489796,0.6870748299319728,0.6122448979591837,0.0544217687074829,0.0204081632653061
https://doi.org/10.5006/4634,11.3125,6.856353591160221,0.7237569060773481,0.712707182320442,0.0276243093922651,0.0276243093922651
https://doi.org/10.5006/4631,21.2,5.981132075471698,0.6132075471698113,0.5471698113207547,0.0235849056603773,0.0047169811320754
https://doi.org/10.5006/4467,23.818181818181817,7.0,0.7022900763358778,0.5687022900763359,0.0305343511450381,0.0114503816793893
https://doi.org/10.5006/4448,31.0,6.929032258064516,0.6709677419354839,0.6709677419354839,0.0451612903225806,0.0129032258064516
https://doi.org/10.5006/4108,11.625,6.698924731182796,0.7016129032258065,0.521505376344086,0.0188172043010752,0.0161290322580645
https://doi.org/10.5006/4446,17.75,6.52112676056338,0.6690140845070423,0.5845070422535211,0.028169014084507,0.0211267605633802
https://doi.org/10.5006/4498,23.375,5.877005347593583,0.5989304812834224,0.4919786096256685,0.0160427807486631,0.0106951871657754
https://doi.org/10.5006/4517,17.0,6.623529411764705,0.6588235294117647,0.615686274509804,0.0156862745098039,0.0156862745098039
https://doi.org/10.5006/4513,30.09090909090909,6.187311178247734,0.6283987915407855,0.4471299093655589,0.0422960725075528,0.0181268882175226
https://doi.org/10.5006/4615,9.125,6.191780821917808,0.6917808219178082,0.6095890410958904,0.047945205479452,0.0136986301369863
https://doi.org/10.5006/4643,26.571428571428573,6.526881720430108,0.7043010752688172,0.5806451612903226,0.0268817204301075,0.010752688172043
https://doi.org/10.5006/4627,20.5,7.054878048780488,0.6524390243902439,0.573170731707317,0.0304878048780487,0.0182926829268292
https://doi.org/10.5006/4655,17.428571428571427,6.319672131147541,0.680327868852459,0.5819672131147541,0.0327868852459016,0.0327868852459016
https://doi.org/10.5006/4504,21.6,7.185185185185185,0.75,0.6018518518518519,0.0416666666666666,0.0185185185185185
https://doi.org/10.5006/4548,22.22222222222222,6.595,0.605,0.55,0.03,0.01
https://doi.org/10.5006/4482,39.2,6.433673469387755,0.5816326530612245,0.5306122448979592,0.0153061224489795,0.0204081632653061
https://doi.org/10.5006/4509,19.2,6.458333333333333,0.6875,0.6770833333333334,0.03125,0.0
https://doi.org/10.5006/4534,24.285714285714285,6.823529411764706,0.6,0.5176470588235295,0.0176470588235294,0.0352941176470588
https://doi.org/10.5006/4433,31.63636363636364,6.637931034482759,0.6293103448275862,0.4482758620689655,0.0201149425287356,0.0172413793103448
https://doi.org/10.5006/4388,27.22222222222222,6.824489795918368,0.6571428571428571,0.5265306122448979,0.0244897959183673,0.0
https://doi.org/10.5006/4435,23.75,6.2,0.6105263157894737,0.431578947368421,0.0263157894736842,0.0105263157894736
https://doi.org/10.5006/4511,26.181818181818183,6.708333333333333,0.6631944444444444,0.5208333333333334,0.0208333333333333,0.0277777777777777
https://doi.org/10.5006/4391,20.46153846153846,6.654135338345864,0.6766917293233082,0.4586466165413533,0.0263157894736842,0.0263157894736842
https://doi.org/10.5006/4564,28.0,6.3520408163265305,0.6632653061224489,0.4540816326530612,0.0561224489795918,0.0051020408163265
https://doi.org/10.5006/4580,25.142857142857142,6.659090909090909,0.6931818181818182,0.5056818181818182,0.0170454545454545,0.0056818181818181
https://doi.org/10.5006/4673,13.521739130434783,6.681672025723473,0.6655948553054662,0.5594855305466238,0.0192926045016077,0.0289389067524115
https://doi.org/10.5006/4531,24.7,6.995951417004049,0.6153846153846154,0.5222672064777328,0.0121457489878542,0.0161943319838056
https://doi.org/10.5006/4593,26.375,6.886255924170616,0.6919431279620853,0.6492890995260664,0.0521327014218009,0.0236966824644549
https://doi.org/10.5006/4610,13.285714285714286,6.473118279569892,0.7526881720430108,0.6290322580645161,0.0268817204301075,0.0
https://doi.org/10.5006/4661,28.83333333333333,6.907514450867052,0.6358381502890174,0.5780346820809249,0.0289017341040462,0.0289017341040462
https://doi.org/10.5006/4640,21.166666666666668,6.929133858267717,0.6850393700787402,0.7480314960629921,0.0551181102362204,0.0078740157480314
https://doi.org/10.5006/4597,13.8125,6.289592760180995,0.6832579185520362,0.6425339366515838,0.0226244343891402,0.0226244343891402
https://doi.org/10.5006/4543,28.166666666666668,7.088757396449704,0.6390532544378699,0.5976331360946746,0.0236686390532544,0.0236686390532544
https://doi.org/10.5006/4460,22.33333333333333,6.455223880597015,0.7089552238805971,0.6343283582089553,0.0298507462686567,0.0149253731343283
https://doi.org/10.5006/4514,26.4,7.007575757575758,0.6363636363636364,0.6363636363636364,0.053030303030303,0.0151515151515151
https://doi.org/10.5006/4667,26.666666666666668,7.125,0.7041666666666667,0.5916666666666667,0.0291666666666666,0.025
https://doi.org/10.5006/4431,32.75,6.8320610687022905,0.6908396946564885,0.5419847328244275,0.0381679389312977,0.0190839694656488
https://doi.org/10.5006/4341,17.9,6.597765363128492,0.6815642458100558,0.6759776536312849,0.0279329608938547,0.0167597765363128
https://doi.org/10.5006/4508,18.9,7.201058201058201,0.7142857142857143,0.6349206349206349,0.037037037037037,0.0211640211640211
https://doi.org/10.5006/4582,22.545454545454547,7.524193548387097,0.7258064516129032,0.6411290322580645,0.0241935483870967,0.0161290322580645
https://doi.org/10.5006/4642,24.8,6.830645161290323,0.717741935483871,0.8064516129032258,0.0483870967741935,0.0241935483870967
https://doi.org/10.5006/4274,26.0,6.975961538461538,0.6923076923076923,0.6201923076923077,0.0432692307692307,0.0192307692307692
https://doi.org/10.5006/4478,25.285714285714285,5.80225988700565,0.632768361581921,0.4745762711864407,0.0508474576271186,0.0282485875706214
https://doi.org/10.5006/4609,26.285714285714285,6.4103260869565215,0.6277173913043478,0.5081521739130435,0.0190217391304347,0.0326086956521739
https://doi.org/10.5006/4453,41.71428571428572,6.681506849315069,0.6438356164383562,0.5582191780821918,0.0171232876712328,0.0171232876712328
https://doi.org/10.5006/4365,22.0,6.596590909090909,0.6306818181818182,0.6022727272727273,0.0625,0.0113636363636363
https://doi.org/10.5006/4535,20.444444444444443,6.809782608695652,0.717391304347826,0.6630434782608695,0.0326086956521739,0.0271739130434782
https://doi.org/10.5006/4541,22.63636363636364,6.823293172690763,0.6947791164658634,0.5542168674698795,0.0281124497991967,0.0281124497991967
https://doi.org/10.5006/4590,25.2,6.785714285714286,0.6428571428571429,0.626984126984127,0.0238095238095238,0.0396825396825396
https://doi.org/10.5006/4624,12.363636363636363,5.772058823529412,0.6764705882352942,0.6838235294117647,0.0220588235294117,0.0073529411764705
https://doi.org/10.5006/4550,10.96,6.806569343065694,0.7007299270072993,0.6459854014598541,0.0218978102189781,0.0255474452554744
https://doi.org/10.5006/4638,19.76923076923077,6.5136186770428015,0.6731517509727627,0.5953307392996109,0.0350194552529182,0.0116731517509727
https://doi.org/10.5006/4625,17.0,6.895424836601308,0.6993464052287581,0.7124183006535948,0.0261437908496732,0.0196078431372549
https://doi.org/10.5006/4611,19.1,6.450261780104712,0.6544502617801047,0.5287958115183246,0.0261780104712041,0.0157068062827225
https://doi.org/10.5006/4680,18.902439024390244,6.443870967741936,0.5961290322580645,0.4787096774193548,0.0116129032258064,0.0258064516129032
https://doi.org/10.5006/4524,17.8,7.0,0.6460674157303371,0.5786516853932584,0.0112359550561797,0.0505617977528089
https://doi.org/10.5006/4479,27.428571428571427,6.130208333333333,0.65625,0.4270833333333333,0.0260416666666666,0.0104166666666666
https://doi.org/10.5006/4503,21.22222222222222,6.806282722513089,0.680628272251309,0.6335078534031413,0.0471204188481675,0.0157068062827225
https://doi.org/10.5006/4497,28.782608695652176,6.685800604229607,0.620845921450151,0.5181268882175226,0.0090634441087613,0.0166163141993957
https://doi.org/10.5006/4477,18.571428571428573,6.961538461538462,0.6923076923076923,0.6384615384615384,0.0615384615384615,0.0153846153846153
https://doi.org/10.5006/4466,19.375,6.864516129032258,0.6774193548387096,0.5483870967741935,0.032258064516129,0.0129032258064516
https://doi.org/10.5006/4575,14.428571428571429,7.396039603960396,0.7128712871287128,0.6633663366336634,0.0297029702970297,0.0198019801980198
https://doi.org/10.5006/4549,19.0,7.578947368421052,0.6526315789473685,0.6526315789473685,0.0631578947368421,0.0105263157894736
https://doi.org/10.5006/4546,27.142857142857142,6.815789473684211,0.6157894736842106,0.6210526315789474,0.0263157894736842,0.0157894736842105
https://doi.org/10.5006/4489,20.0,6.575,0.6333333333333333,0.6916666666666667,0.0416666666666666,0.0083333333333333
https://doi.org/10.5006/4602,25.2,6.158730158730159,0.6666666666666666,0.5515873015873016,0.0396825396825396,0.0039682539682539
https://doi.org/10.5006/4604,23.857142857142858,6.748502994011976,0.6407185628742516,0.688622754491018,0.0778443113772455,0.0179640718562874
https://doi.org/10.5006/4592,17.444444444444443,6.044585987261146,0.6878980891719745,0.5668789808917197,0.0445859872611464,0.019108280254777
https://doi.org/10.5006/4621,29.571428571428573,7.193236714975845,0.6570048309178744,0.5507246376811594,0.038647342995169,0.0144927536231884
https://doi.org/10.5006/4619,12.466666666666669,6.561497326203209,0.7005347593582888,0.5721925133689839,0.0267379679144385,0.0160427807486631
https://doi.org/10.5006/4600,36.8,6.369565217391305,0.717391304347826,0.4782608695652174,0.0163043478260869,0.0163043478260869
https://doi.org/10.5006/4577,25.75,6.237864077669903,0.6213592233009708,0.5048543689320388,0.029126213592233,0.0242718446601941
https://doi.org/10.5006/4601,18.76923076923077,6.774590163934426,0.6967213114754098,0.6147540983606558,0.0327868852459016,0.0081967213114754
https://doi.org/10.1177/1478422x241229621,31.4,7.095541401273885,0.7006369426751592,0.7070063694267515,0.019108280254777,0.0318471337579617
https://doi.org/10.1177/1478422x241278895,22.0,6.829545454545454,0.6477272727272727,0.6704545454545454,0.034090909090909,0.0227272727272727
https://doi.org/10.1177/1478422x241241390,19.9,6.8040201005025125,0.6934673366834171,0.6080402010050251,0.0150753768844221,0.0150753768844221
https://doi.org/10.1177/1478422x241286297,30.6,7.339869281045751,0.7058823529411765,0.6405228758169934,0.065359477124183,0.0065359477124183
https://doi.org/10.1177/1478422x241227829,12.666666666666666,6.875,0.6578947368421053,0.6973684210526315,0.0657894736842105,0.0394736842105263
https://doi.org/10.1177/1478422x241277631,19.07692307692308,6.294354838709677,0.7096774193548387,0.4919354838709677,0.0241935483870967,0.0120967741935483
https://doi.org/10.1177/1478422x241257318,11.882352941176473,6.247524752475248,0.6584158415841584,0.6287128712871287,0.0297029702970297,0.0148514851485148
https://doi.org/10.1177/1478422x241293953,14.142857142857142,6.782828282828283,0.7171717171717171,0.5707070707070707,0.0252525252525252,0.0202020202020202
https://doi.org/10.1177/1478422x241298112,30.75,7.154471544715447,0.6747967479674797,0.6747967479674797,0.065040650406504,0.008130081300813
https://doi.org/10.1177/1478422x241241389,22.63636363636364,6.775100401606426,0.6224899598393574,0.5341365461847389,0.0281124497991967,0.0240963855421686
https://doi.org/10.1177/1478422x241231661,32.166666666666664,6.27979274611399,0.6217616580310881,0.5181347150259067,0.0362694300518134,0.0310880829015544
https://doi.org/10.1177/1478422x241240369,11.05,6.67420814479638,0.7149321266968326,0.669683257918552,0.0226244343891402,0.004524886877828
https://doi.org/10.1177/1478422x241264926,23.0,5.68944099378882,0.6708074534161491,0.5279503105590062,0.0062111801242236,0.0
https://doi.org/10.1177/1478422x241302144,12.5,6.73,0.71,0.71,0.04,0.0
https://doi.org/10.1177/1478422x231212960,29.33333333333333,5.823863636363637,0.6647727272727273,0.5965909090909091,0.0227272727272727,0.0454545454545454
https://doi.org/10.1177/1478422x241272082,21.166666666666668,6.488188976377953,0.6692913385826772,0.5826771653543307,0.0472440944881889,0.0118110236220472
https://doi.org/10.1177/1478422x241266735,18.09090909090909,6.9798994974874375,0.6633165829145728,0.5778894472361809,0.0301507537688442,0.0150753768844221
https://doi.org/10.1177/1478422x241270134,17.666666666666668,6.59433962264151,0.660377358490566,0.6037735849056604,0.0188679245283018,0.0094339622641509
https://doi.org/10.1177/1478422x241301973,18.375,6.9523809523809526,0.673469387755102,0.6326530612244898,0.0204081632653061,0.0272108843537414
https://doi.org/10.1177/1478422x241246677,14.6,6.095890410958904,0.6917808219178082,0.6095890410958904,0.0958904109589041,0.0068493150684931
https://doi.org/10.1177/1478422x241261787,19.6,6.408163265306122,0.6530612244897959,0.6581632653061225,0.0408163265306122,0.0051020408163265
https://doi.org/10.1177/1478422x241276727,20.0,7.845454545454546,0.740909090909091,0.6772727272727272,0.0227272727272727,0.0181818181818181
https://doi.org/10.1177/1478422x241270136,20.571428571428573,6.979166666666667,0.6840277777777778,0.5798611111111112,0.0277777777777777,0.0104166666666666
https://doi.org/10.1177/1478422x241247943,23.428571428571427,6.487804878048781,0.725609756097561,0.676829268292683,0.0365853658536585,0.0121951219512195
https://doi.org/10.1177/1478422x241254043,38.8,7.505154639175258,0.6237113402061856,0.5979381443298969,0.0154639175257731,0.0206185567010309
https://doi.org/10.1177/1478422x241264925,24.25,7.185567010309279,0.7216494845360825,0.6701030927835051,0.0824742268041237,0.0103092783505154
https://doi.org/10.1177/1478422x241297611,15.363636363636363,7.183431952662722,0.7041420118343196,0.7159763313609467,0.029585798816568,0.0059171597633136
https://doi.org/10.1177/1478422x241233075,25.11111111111111,6.641592920353983,0.6460176991150443,0.6238938053097345,0.0265486725663716,0.0221238938053097
https://doi.org/10.1177/1478422x241246345,19.9,7.1457286432160805,0.678391959798995,0.5778894472361809,0.0100502512562814,0.0251256281407035
https://doi.org/10.1177/1478422x241258321,22.5,6.785185185185185,0.6666666666666666,0.5777777777777777,0.0666666666666666,0.0296296296296296
https://doi.org/10.1177/1478422x241267363,6.25,6.715,0.705,0.44,0.025,0.015
https://doi.org/10.1177/1478422x241298181,33.4,6.562874251497006,0.6526946107784432,0.6586826347305389,0.0059880239520958,0.0419161676646706
https://doi.org/10.1177/1478422x241304209,15.714285714285714,6.172727272727273,0.7363636363636363,0.6272727272727273,0.0272727272727272,0.0136363636363636
https://doi.org/10.1177/1478422x231221061,15.7,5.898089171974522,0.7197452229299363,0.6050955414012739,0.0382165605095541,0.0
https://doi.org/10.1177/1478422x241239191,28.571428571428573,5.91,0.645,0.56,0.03,0.01
https://doi.org/10.1177/1478422x241271499,23.25,6.844086021505376,0.6612903225806451,0.5967741935483871,0.0376344086021505,0.021505376344086
https://doi.org/10.1177/1478422x241270113,19.22222222222222,7.138728323699422,0.7341040462427746,0.7167630057803468,0.0462427745664739,0.0173410404624277
https://doi.org/10.1177/1478422x241280434,15.818181818181818,6.764367816091954,0.735632183908046,0.7471264367816092,0.028735632183908,0.0114942528735632
https://doi.org/10.1177/1478422x241304217,18.5,7.054054054054054,0.6824324324324325,0.581081081081081,0.0675675675675675,0.0135135135135135
https://doi.org/10.1177/1478422x241257033,16.2,7.041152263374485,0.6995884773662552,0.5925925925925926,0.0205761316872428,0.0205761316872428
https://doi.org/10.1177/1478422x241261786,14.6,6.102739726027397,0.6643835616438356,0.678082191780822,0.0205479452054794,0.0205479452054794
https://doi.org/10.1177/1478422x241233074,15.88888888888889,5.874125874125874,0.6573426573426573,0.5874125874125874,0.0349650349650349,0.0139860139860139
https://doi.org/10.1177/1478422x241272080,20.90909090909091,6.6,0.6652173913043479,0.5,0.017391304347826,0.0043478260869565
https://doi.org/10.1177/1478422x241272083,15.9,6.572327044025157,0.6792452830188679,0.7044025157232704,0.0251572327044025,0.0062893081761006
https://doi.org/10.1177/1478422x241238071,19.357142857142858,6.413284132841328,0.6383763837638377,0.5461254612546126,0.022140221402214,0.022140221402214
https://doi.org/10.1177/1478422x241250151,16.75,6.462686567164179,0.7014925373134329,0.7014925373134329,0.0373134328358208,0.0074626865671641
https://doi.org/10.1177/1478422x241249306,27.428571428571427,6.140625,0.6666666666666666,0.5625,0.0260416666666666,0.0104166666666666
https://doi.org/10.1177/1478422x241236031,22.125,6.649717514124294,0.6779661016949152,0.576271186440678,0.0225988700564971,0.0112994350282485
https://doi.org/10.1177/1478422x241235804,32.6,6.45398773006135,0.5950920245398773,0.6134969325153374,0.0184049079754601,0.0184049079754601
https://doi.org/10.1177/1478422x231218072,26.0,6.7,0.676923076923077,0.5769230769230769,0.023076923076923,0.0
https://doi.org/10.1177/1478422x241261785,15.714285714285714,6.681818181818182,0.7454545454545455,0.5909090909090909,0.0272727272727272,0.0181818181818181
https://doi.org/10.1177/1478422x241231658,15.1,6.801324503311259,0.7350993377483444,0.6622516556291391,0.0331125827814569,0.0264900662251655
https://doi.org/10.1177/1478422x241249305,17.583333333333332,6.417061611374408,0.7061611374407583,0.6398104265402843,0.0379146919431279,0.0142180094786729
https://doi.org/10.1177/1478422x241252509,30.5,6.80327868852459,0.6994535519125683,0.6229508196721312,0.0163934426229508,0.0054644808743169
https://doi.org/10.1177/1478422x241262625,13.105263157894736,6.626506024096385,0.6827309236947792,0.5983935742971888,0.0200803212851405,0.0240963855421686
https://doi.org/10.1177/1478422x241275298,17.7,6.169491525423729,0.655367231638418,0.6610169491525424,0.0225988700564971,0.0
https://doi.org/10.1177/1478422x241276909,16.22222222222222,6.417808219178082,0.6575342465753424,0.6917808219178082,0.0342465753424657,0.0342465753424657
https://doi.org/10.1177/1478422x241285290,29.6,6.54054054054054,0.6418918918918919,0.6351351351351351,0.0337837837837837,0.0135135135135135
https://doi.org/10.1177/1478422x241297610,17.9,6.648044692737431,0.6815642458100558,0.6983240223463687,0.0335195530726257,0.0279329608938547
https://doi.org/10.1177/1478422x241242575,10.2,6.065359477124183,0.6797385620915033,0.5620915032679739,0.065359477124183,0.0065359477124183
https://doi.org/10.1177/1478422x241236261,13.083333333333334,5.095541401273885,0.6624203821656051,0.5605095541401274,0.0445859872611464,0.0127388535031847
https://doi.org/10.1177/1478422x241246611,24.0,7.285714285714286,0.7321428571428571,0.7202380952380952,0.0357142857142857,0.0357142857142857
https://doi.org/10.1177/1478422x241264084,18.5,7.081081081081081,0.6396396396396397,0.7207207207207207,0.054054054054054,0.027027027027027
https://doi.org/10.1177/1478422x241275299,14.357142857142858,6.890547263681592,0.7562189054726368,0.7263681592039801,0.0248756218905472,0.0099502487562189
https://doi.org/10.1177/1478422x241286329,20.625,7.430303030303031,0.6787878787878788,0.5757575757575758,0.0484848484848484,0.006060606060606
https://doi.org/10.1177/1478422x241287104,18.83333333333333,6.68141592920354,0.7522123893805309,0.6548672566371682,0.0353982300884955,0.0088495575221238
https://doi.org/10.1177/1478422x241286328,21.375,7.619883040935672,0.6842105263157895,0.5789473684210527,0.0409356725146198,0.0116959064327485
https://doi.org/10.1177/1478422x241292157,19.88888888888889,6.675977653631285,0.6983240223463687,0.7430167597765364,0.0502793296089385,0.0223463687150838
https://doi.org/10.1177/1478422x241288800,19.0,7.467836257309941,0.7251461988304093,0.6432748538011696,0.0409356725146198,0.0116959064327485
https://doi.org/10.1177/1478422x241288625,26.2,7.198473282442748,0.648854961832061,0.7022900763358778,0.0534351145038167,0.0229007633587786
https://doi.org/10.1177/1478422x241302148,20.33333333333333,7.021857923497268,0.6721311475409836,0.5956284153005464,0.0273224043715847,0.0273224043715847
https://doi.org/10.1177/1478422x241306374,21.625,6.456647398843931,0.6820809248554913,0.6069364161849711,0.0462427745664739,0.0115606936416184
https://doi.org/10.1016/j.corsci.2024.112636,29.25,7.418803418803419,0.7264957264957265,0.8632478632478633,0.094017094017094,0.0
https://doi.org/10.1016/j.corsci.2024.111988,15.857142857142858,7.54054054054054,0.7297297297297297,0.6846846846846847,0.09009009009009,0.018018018018018
https://doi.org/10.1016/j.corsci.2024.112399,11.647058823529411,6.696969696969697,0.702020202020202,0.6363636363636364,0.0505050505050505,0.0202020202020202
https://doi.org/10.1016/j.corsci.2024.111889,14.285714285714286,7.2,0.76,0.74,0.06,0.03
https://doi.org/10.1016/j.corsci.2024.112066,20.0,6.42,0.72,0.75,0.07,0.0
https://doi.org/10.1016/j.corsci.2024.111846,20.0,8.03,0.69,0.71,0.05,0.0
https://doi.org/10.1016/j.corsci.2024.111854,31.33333333333333,7.053191489361702,0.6382978723404256,0.7553191489361702,0.0638297872340425,0.0106382978723404
https://doi.org/10.1016/j.corsci.2024.111939,19.6,7.122448979591836,0.7346938775510204,0.7653061224489796,0.0306122448979591,0.0204081632653061
https://doi.org/10.1016/j.corsci.2024.112064,23.75,7.621052631578947,0.7157894736842105,0.8210526315789474,0.0736842105263157,0.0210526315789473
https://doi.org/10.1016/j.corsci.2024.111959,16.666666666666668,7.63,0.68,0.77,0.07,0.01
https://doi.org/10.1016/j.corsci.2024.112227,10.0,6.93,0.76,0.73,0.06,0.02
https://doi.org/10.1016/j.corsci.2024.112542,19.22222222222222,6.69364161849711,0.7456647398843931,0.6242774566473989,0.0462427745664739,0.0057803468208092
https://doi.org/10.1016/j.corsci.2024.112004,25.0,7.35,0.77,0.8,0.05,0.02
https://doi.org/10.1016/j.corsci.2024.112031,19.4,7.969072164948454,0.7010309278350515,0.7628865979381443,0.0824742268041237,0.0206185567010309
https://doi.org/10.1016/j.corsci.2024.112235,16.666666666666668,6.62,0.71,0.77,0.04,0.0
https://doi.org/10.1016/j.corsci.2024.111904,25.5,6.588235294117647,0.6078431372549019,0.803921568627451,0.0588235294117647,0.0196078431372549
https://doi.org/10.1016/j.corsci.2024.111919,10.0,7.24,0.77,0.84,0.04,0.03
https://doi.org/10.1016/j.corsci.2024.111872,20.4,6.803921568627451,0.6568627450980392,0.7156862745098039,0.0392156862745098,0.0196078431372549
https://doi.org/10.1016/j.corsci.2024.112202,24.75,6.909090909090909,0.7171717171717171,0.7373737373737373,0.0808080808080808,0.0202020202020202
https://doi.org/10.1016/j.corsci.2024.112067,20.0,7.3,0.78,0.78,0.03,0.02
https://doi.org/10.1016/j.corsci.2024.112322,16.666666666666668,6.24,0.69,0.79,0.03,0.01
https://doi.org/10.1016/j.corsci.2024.112628,26.33333333333333,6.322784810126582,0.7215189873417721,0.6329113924050633,0.0569620253164556,0.0063291139240506
https://doi.org/10.1016/j.corsci.2024.111867,16.666666666666668,6.65,0.67,0.73,0.04,0.0
https://doi.org/10.1016/j.corsci.2024.112453,20.5,6.695121951219512,0.7012195121951219,0.5182926829268293,0.0426829268292682,0.0121951219512195
https://doi.org/10.1016/j.corsci.2024.112053,12.25,7.173469387755102,0.7755102040816326,0.7653061224489796,0.0816326530612244,0.0
https://doi.org/10.1016/j.corsci.2024.112088,15.8,6.7025316455696204,0.7151898734177216,0.5,0.050632911392405,0.0
https://doi.org/10.1016/j.corsci.2024.112204,20.0,6.36,0.63,0.64,0.01,0.04
https://doi.org/10.1016/j.corsci.2024.112328,14.714285714285714,6.786407766990291,0.6893203883495146,0.7475728155339806,0.029126213592233,0.0194174757281553
https://doi.org/10.1016/j.corsci.2024.112629,25.75,5.951456310679611,0.6601941747572816,0.7184466019417476,0.058252427184466,0.0194174757281553
https://doi.org/10.1016/j.corsci.2024.112174,20.0,6.75,0.73,0.76,0.01,0.01
https://doi.org/10.1016/j.corsci.2024.112171,13.125,6.971428571428572,0.7428571428571429,0.7619047619047619,0.0571428571428571,0.019047619047619
https://doi.org/10.1016/j.corsci.2024.112253,19.8,6.96969696969697,0.696969696969697,0.6565656565656566,0.0303030303030303,0.0202020202020202
https://doi.org/10.1016/j.corsci.2024.111880,17.0,6.7745098039215685,0.7156862745098039,0.5490196078431373,0.0490196078431372,0.0196078431372549
https://doi.org/10.1016/j.corsci.2024.112150,24.0,6.552083333333333,0.5833333333333334,0.6666666666666666,0.0416666666666666,0.0625
https://doi.org/10.1016/j.corsci.2024.112648,19.22222222222222,5.601156069364162,0.6936416184971098,0.5028901734104047,0.0231213872832369,0.0
https://doi.org/10.1016/j.corsci.2024.112274,18.3,6.945355191256831,0.6830601092896175,0.6994535519125683,0.0163934426229508,0.0327868852459016
https://doi.org/10.1016/j.corsci.2024.112271,17.454545454545453,7.09375,0.6875,0.671875,0.046875,0.0052083333333333
https://doi.org/10.1016/j.corsci.2024.112329,24.75,5.96969696969697,0.7171717171717171,0.7171717171717171,0.0303030303030303,0.0303030303030303
https://doi.org/10.1016/j.corsci.2024.112396,24.5,6.551020408163265,0.6326530612244898,0.6224489795918368,0.0408163265306122,0.0306122448979591
https://doi.org/10.1016/j.corsci.2024.112468,18.2,7.021978021978022,0.7362637362637363,0.6813186813186813,0.0109890109890109,0.0
https://doi.org/10.1016/j.corsci.2024.112354,18.4,7.608695652173913,0.7065217391304348,0.8586956521739131,0.0543478260869565,0.0108695652173913
https://doi.org/10.1016/j.corsci.2024.112524,17.4,6.934865900383142,0.6896551724137931,0.5670498084291188,0.0191570881226053,0.0153256704980842
https://doi.org/10.1016/j.corsci.2024.112000,20.0,7.41,0.71,0.78,0.03,0.01
https://doi.org/10.1016/j.corsci.2024.112219,11.066666666666666,6.536144578313253,0.7349397590361446,0.6506024096385542,0.0542168674698795,0.0120481927710843
https://doi.org/10.1016/j.corsci.2024.112523,16.333333333333332,7.26530612244898,0.7755102040816326,0.6666666666666666,0.0544217687074829,0.0272108843537414
https://doi.org/10.1016/j.corsci.2024.112439,20.2,7.148514851485149,0.6831683168316832,0.7623762376237624,0.0297029702970297,0.0198019801980198
https://doi.org/10.1016/j.corsci.2024.112551,25.5,6.803921568627451,0.7058823529411765,0.6928104575163399,0.0196078431372549,0.0
https://doi.org/10.1016/j.corsci.2024.112669,21.0,6.257142857142857,0.638095238095238,0.6857142857142857,0.0571428571428571,0.0285714285714285
https://doi.org/10.1016/j.corsci.2024.112627,20.08333333333333,6.842323651452282,0.6556016597510373,0.5767634854771784,0.0373443983402489,0.0124481327800829
https://doi.org/10.1016/j.corsci.2024.112091,12.5,7.7,0.75,0.86,0.05,0.0
https://doi.org/10.1016/j.corsci.2024.111896,16.333333333333332,7.357142857142857,0.6836734693877551,0.7142857142857143,0.0612244897959183,0.0204081632653061
https://doi.org/10.1016/j.corsci.2024.112133,19.8,6.424242424242424,0.6363636363636364,0.6161616161616161,0.0404040404040404,0.0
https://doi.org/10.1016/j.corsci.2024.112519,18.8,6.079787234042553,0.6329787234042553,0.4734042553191489,0.0319148936170212,0.0053191489361702
https://doi.org/10.1016/j.corsci.2024.112651,25.0,6.47,0.65,0.75,0.08,0.03
https://doi.org/10.1016/j.corsci.2024.112455,21.375,6.701754385964913,0.7660818713450293,0.6842105263157895,0.0409356725146198,0.0116959064327485
https://doi.org/10.1016/j.corsci.2024.112585,18.666666666666668,5.75,0.6845238095238095,0.4761904761904761,0.0297619047619047,0.0178571428571428
https://doi.org/10.1016/j.corsci.2024.112637,11.77777777777778,6.79245283018868,0.7075471698113207,0.7924528301886793,0.0566037735849056,0.0
https://doi.org/10.1016/j.corsci.2024.112248,25.0,6.77,0.67,0.73,0.05,0.02
https://doi.org/10.1016/j.corsci.2024.112092,17.0,7.742647058823529,0.7279411764705882,0.5514705882352942,0.0367647058823529,0.0367647058823529
https://doi.org/10.1016/j.corsci.2024.112123,24.0,5.75,0.65625,0.65625,0.03125,0.0208333333333333
https://doi.org/10.1016/j.corsci.2024.112118,19.4,6.989690721649485,0.7628865979381443,0.7731958762886598,0.0618556701030927,0.0103092783505154
https://doi.org/10.1016/j.corsci.2024.111945,21.0,6.714285714285714,0.7047619047619048,0.7523809523809524,0.0380952380952381,0.0285714285714285
https://doi.org/10.1016/j.corsci.2024.112043,20.0,6.95,0.69,0.67,0.07,0.04
https://doi.org/10.1016/j.corsci.2024.112580,8.73913043478261,5.6318407960199,0.7761194029850746,0.3233830845771144,0.0199004975124378,0.0049751243781094
https://doi.org/10.1016/j.corsci.2024.112584,21.625,6.583815028901734,0.6763005780346821,0.6589595375722543,0.0231213872832369,0.0115606936416184
https://doi.org/10.1016/j.corsci.2024.111989,26.5,6.490566037735849,0.6886792452830188,0.7169811320754716,0.0566037735849056,0.0094339622641509
https://doi.org/10.1016/j.corsci.2024.111910,16.444444444444443,7.074324324324325,0.6824324324324325,0.7094594594594594,0.027027027027027,0.0202702702702702
https://doi.org/10.1016/j.corsci.2024.112417,22.25,7.662921348314606,0.7303370786516854,0.7191011235955056,0.0337078651685393,0.0112359550561797
https://doi.org/10.1016/j.corsci.2024.112459,25.5,5.96078431372549,0.6764705882352942,0.7156862745098039,0.0588235294117647,0.0098039215686274
https://doi.org/10.1016/j.corsci.2024.111868,39.66666666666666,5.310924369747899,0.7058823529411765,0.5714285714285714,0.0336134453781512,0.0168067226890756
https://doi.org/10.1016/j.corsci.2024.111902,20.6,5.883495145631068,0.7961165048543689,0.6990291262135923,0.058252427184466,0.0097087378640776
https://doi.org/10.1016/j.corsci.2024.111940,8.083333333333334,6.814432989690721,0.6907216494845361,0.5567010309278351,0.0309278350515463,0.0
https://doi.org/10.1016/j.corsci.2024.112409,15.375,6.300813008130081,0.6666666666666666,0.6016260162601627,0.040650406504065,0.0
https://doi.org/10.1016/j.corsci.2024.112556,18.46153846153846,7.054166666666666,0.775,0.5666666666666667,0.0291666666666666,0.0125
https://doi.org/10.1016/j.corsci.2024.112018,32.666666666666664,7.020408163265306,0.7040816326530612,0.8163265306122449,0.0408163265306122,0.0204081632653061
https://doi.org/10.1016/j.corsci.2024.112135,24.75,7.151515151515151,0.6363636363636364,0.7070707070707071,0.0505050505050505,0.0101010101010101
https://doi.org/10.1016/j.corsci.2024.112160,25.9,6.583011583011583,0.640926640926641,0.5945945945945946,0.0308880308880308,0.0308880308880308
https://doi.org/10.1016/j.corsci.2024.112428,21.8,7.293577981651376,0.7247706422018348,0.7706422018348624,0.0642201834862385,0.018348623853211
https://doi.org/10.1016/j.corsci.2024.112151,11.0,6.323232323232324,0.7171717171717171,0.7676767676767676,0.0404040404040404,0.0
https://doi.org/10.1016/j.corsci.2024.112177,24.5,7.285714285714286,0.6326530612244898,0.7551020408163265,0.0408163265306122,0.010204081632653
https://doi.org/10.1016/j.corsci.2024.112194,23.33333333333333,7.192857142857143,0.6,0.6428571428571429,0.05,0.0142857142857142
https://doi.org/10.1016/j.corsci.2024.112501,37.66666666666666,5.557522123893805,0.7079646017699115,0.7256637168141593,0.0176991150442477,0.0
https://doi.org/10.1016/j.corsci.2024.112558,20.428571428571427,6.153846153846154,0.6993006993006993,0.6363636363636364,0.0349650349650349,0.0139860139860139
https://doi.org/10.1016/j.corsci.2024.112047,20.0,7.17,0.75,0.75,0.04,0.02
https://doi.org/10.1016/j.corsci.2024.112050,16.833333333333332,6.287128712871287,0.7128712871287128,0.7029702970297029,0.0396039603960396,0.0
https://doi.org/10.1016/j.corsci.2024.112265,20.0,5.94,0.77,0.7,0.06,0.0
https://doi.org/10.1016/j.corsci.2024.111845,25.0,6.87,0.66,0.7,0.05,0.02
https://doi.org/10.1016/j.corsci.2024.111998,15.571428571428571,7.137614678899083,0.7339449541284404,0.7798165137614679,0.018348623853211,0.036697247706422
https://doi.org/10.1016/j.corsci.2024.112179,25.33333333333333,6.434210526315789,0.6535087719298246,0.631578947368421,0.0350877192982456,0.0263157894736842
https://doi.org/10.1016/j.corsci.2024.112333,25.5,6.186274509803922,0.696078431372549,0.7352941176470589,0.0490196078431372,0.0098039215686274
https://doi.org/10.1016/j.corsci.2024.112429,17.8,6.247191011235955,0.7584269662921348,0.550561797752809,0.0168539325842696,0.0224719101123595
https://doi.org/10.1016/j.corsci.2024.112462,16.666666666666668,6.84,0.7133333333333334,0.6133333333333333,0.0266666666666666,0.0066666666666666
https://doi.org/10.1016/j.corsci.2024.112513,21.0,6.158730158730159,0.7671957671957672,0.4867724867724867,0.0264550264550264,0.0
https://doi.org/10.1016/j.corsci.2024.112565,25.25,6.633663366336633,0.6732673267326733,0.5841584158415841,0.0693069306930693,0.0198019801980198
https://doi.org/10.1016/j.corsci.2024.112485,19.33333333333333,5.82183908045977,0.7816091954022989,0.5344827586206896,0.0172413793103448,0.0057471264367816
https://doi.org/10.1016/j.corsci.2024.112472,17.428571428571427,6.467213114754099,0.6557377049180327,0.6475409836065574,0.0327868852459016,0.0163934426229508
https://doi.org/10.1016/j.corsci.2024.111955,16.5,6.505050505050505,0.696969696969697,0.6868686868686869,0.0404040404040404,0.0
https://doi.org/10.1016/j.corsci.2024.111937,20.4,6.421568627450981,0.6470588235294118,0.6666666666666666,0.0588235294117647,0.0196078431372549
https://doi.org/10.1016/j.corsci.2024.111954,11.0,7.236363636363636,0.8,0.7727272727272727,0.0363636363636363,0.009090909090909
https://doi.org/10.1016/j.corsci.2024.112027,16.666666666666668,7.17,0.67,0.75,0.05,0.01
https://doi.org/10.1016/j.corsci.2024.112061,29.2,6.671232876712328,0.6986301369863014,0.678082191780822,0.0342465753424657,0.0205479452054794
https://doi.org/10.1016/j.corsci.2024.112261,19.6,7.408163265306122,0.673469387755102,0.7653061224489796,0.0714285714285714,0.0204081632653061
https://doi.org/10.1016/j.corsci.2024.112451,16.666666666666668,6.78,0.7466666666666667,0.6333333333333333,0.0133333333333333,0.0133333333333333
https://doi.org/10.1016/j.corsci.2024.112605,18.77777777777778,6.201183431952662,0.7455621301775148,0.5976331360946746,0.0177514792899408,0.0118343195266272
https://doi.org/10.1016/j.corsci.2024.112284,17.5,7.042857142857143,0.7571428571428571,0.8142857142857143,0.0428571428571428,0.0285714285714285
https://doi.org/10.1016/j.corsci.2024.112045,16.333333333333332,7.622448979591836,0.7040816326530612,0.8163265306122449,0.0714285714285714,0.0408163265306122
https://doi.org/10.1016/j.corsci.2024.112115,20.0,6.05,0.7,0.77,0.04,0.02
https://doi.org/10.1016/j.corsci.2024.112212,20.6,7.446601941747573,0.6990291262135923,0.7475728155339806,0.058252427184466,0.0194174757281553
https://doi.org/10.1016/j.corsci.2024.112270,16.666666666666668,7.29,0.66,0.78,0.09,0.0
https://doi.org/10.1016/j.corsci.2024.112318,22.0,7.602272727272727,0.7045454545454546,0.7840909090909091,0.0568181818181818,0.034090909090909
https://doi.org/10.1016/j.corsci.2024.112410,17.375,6.9496402877697845,0.7338129496402878,0.6115107913669064,0.0575539568345323,0.0215827338129496
https://doi.org/10.1016/j.corsci.2024.112604,14.727272727272728,6.179012345679013,0.7345679012345679,0.5925925925925926,0.037037037037037,0.0123456790123456
https://doi.org/10.1016/j.corsci.2024.111909,32.333333333333336,6.938144329896907,0.6701030927835051,0.6185567010309279,0.0412371134020618,0.0
https://doi.org/10.1016/j.corsci.2024.112090,20.5,7.195121951219512,0.6463414634146342,0.7439024390243902,0.073170731707317,0.0121951219512195
https://doi.org/10.1016/j.corsci.2024.112056,16.272727272727273,6.134078212290503,0.6312849162011173,0.6312849162011173,0.0223463687150838,0.0223463687150838
https://doi.org/10.1016/j.corsci.2024.112149,16.5,6.707070707070707,0.7070707070707071,0.7373737373737373,0.0404040404040404,0.0101010101010101
https://doi.org/10.1016/j.corsci.2024.112518,15.0,6.8133333333333335,0.7733333333333333,0.6,0.0266666666666666,0.02
https://doi.org/10.1016/j.corsci.2024.112423,23.375,5.828877005347594,0.7593582887700535,0.5935828877005348,0.0320855614973262,0.0213903743315508
https://doi.org/10.1016/j.corsci.2024.112122,15.454545454545457,6.376470588235295,0.6882352941176471,0.6705882352941176,0.0294117647058823,0.0294117647058823
https://doi.org/10.1016/j.corsci.2024.111843,20.2,5.930693069306931,0.6732673267326733,0.6534653465346535,0.0396039603960396,0.0
https://doi.org/10.1016/j.corsci.2024.112668,18.444444444444443,6.234939759036145,0.6867469879518072,0.5180722891566265,0.0180722891566265,0.0060240963855421
https://doi.org/10.1016/j.corsci.2024.112175,14.285714285714286,6.97,0.69,0.69,0.05,0.01
https://doi.org/10.1016/j.corsci.2024.112361,17.77777777777778,6.1875,0.71875,0.60625,0.04375,0.00625
https://doi.org/10.1016/j.corsci.2024.112420,16.833333333333332,6.574257425742574,0.6633663366336634,0.7326732673267327,0.0198019801980198,0.0396039603960396
https://doi.org/10.1016/j.corsci.2024.112496,19.571428571428573,6.2773722627737225,0.7518248175182481,0.5766423357664233,0.0072992700729927,0.0072992700729927
https://doi.org/10.1016/j.corsci.2024.112476,26.77777777777778,7.0,0.6763485477178424,0.5975103734439834,0.0207468879668049,0.0082987551867219
https://doi.org/10.1016/j.corsci.2024.112473,17.77777777777778,6.7125,0.7,0.59375,0.0375,0.0375
https://doi.org/10.1016/j.corsci.2024.112545,15.818181818181818,6.287356321839081,0.7701149425287356,0.5517241379310345,0.0229885057471264,0.0
https://doi.org/10.3390/cmd5020013,30.5,6.852459016393443,0.6516393442622951,0.610655737704918,0.0204918032786885,0.0286885245901639
https://doi.org/10.3390/cmd5020007,26.83333333333333,7.198757763975156,0.639751552795031,0.6832298136645962,0.0248447204968944,0.0248447204968944
https://doi.org/10.3390/cmd5020008,20.58333333333333,6.502024291497976,0.6234817813765182,0.5182186234817814,0.0283400809716599,0.0161943319838056
https://doi.org/10.3390/cmd5040031,27.83333333333333,7.934131736526946,0.718562874251497,0.6407185628742516,0.0479041916167664,0.0119760479041916
https://doi.org/10.3390/cmd5040023,24.75,6.363636363636363,0.6262626262626263,0.5656565656565656,0.0151515151515151,0.0252525252525252
https://doi.org/10.3390/cmd5010002,25.125,7.203980099502488,0.7114427860696517,0.582089552238806,0.0348258706467661,0.0099502487562189
https://doi.org/10.3390/cmd5040024,17.8,6.955056179775281,0.6629213483146067,0.7191011235955056,0.0449438202247191,0.0112359550561797
https://doi.org/10.3390/cmd5020012,17.4,7.258620689655173,0.6724137931034483,0.632183908045977,0.0344827586206896,0.0402298850574712
https://doi.org/10.3390/cmd5030015,23.0,6.896739130434782,0.6521739130434783,0.625,0.0597826086956521,0.0108695652173913
https://doi.org/10.3390/cmd5020009,16.90909090909091,6.870967741935484,0.6774193548387096,0.6666666666666666,0.0376344086021505,0.010752688172043
https://doi.org/10.3390/cmd5030019,24.0,6.386904761904762,0.6428571428571429,0.625,0.0357142857142857,0.0059523809523809
https://doi.org/10.3390/cmd5040022,29.857142857142858,6.2727272727272725,0.5885167464114832,0.5311004784688995,0.0095693779904306,0.0191387559808612
https://doi.org/10.3390/cmd5040026,19.142857142857142,7.022388059701493,0.6716417910447762,0.6791044776119403,0.0746268656716417,0.0223880597014925
https://doi.org/10.3390/cmd5030017,16.2,6.584362139917696,0.654320987654321,0.6049382716049383,0.037037037037037,0.0123456790123456
https://doi.org/10.3390/cmd5040025,19.4,7.443298969072165,0.6701030927835051,0.6907216494845361,0.0515463917525773,0.0
https://doi.org/10.3390/cmd5010006,21.33333333333333,5.890625,0.546875,0.6484375,0.03125,0.03125
https://doi.org/10.3390/cmd5010003,24.33333333333333,6.680365296803653,0.5707762557077626,0.6027397260273972,0.045662100456621,0.0410958904109589
https://doi.org/10.3390/cmd5010004,19.55555555555556,6.880681818181818,0.7045454545454546,0.7386363636363636,0.0056818181818181,0.034090909090909
https://doi.org/10.3390/cmd5040029,21.33333333333333,7.3515625,0.6875,0.703125,0.03125,0.03125
https://doi.org/10.3390/cmd5010005,15.3,6.751633986928105,0.6143790849673203,0.5555555555555556,0.0457516339869281,0.0130718954248366
https://doi.org/10.3390/cmd5020011,24.0,7.058333333333334,0.6208333333333333,0.6,0.0166666666666666,0.025
https://doi.org/10.3390/cmd5030016,22.11111111111111,7.28140703517588,0.7085427135678392,0.6180904522613065,0.0351758793969849,0.0301507537688442
https://doi.org/10.3390/cmd5040020,16.625,7.300751879699248,0.7368421052631579,0.7293233082706767,0.0150375939849624,0.0225563909774436
https://doi.org/10.3390/cmd5030014,19.125,6.235294117647059,0.6535947712418301,0.5882352941176471,0.0392156862745098,0.0261437908496732
https://doi.org/10.3390/cmd5010001,18.0,7.328282828282828,0.7272727272727273,0.6212121212121212,0.0404040404040404,0.0303030303030303
https://doi.org/10.3390/cmd5020010,17.363636363636363,6.670157068062827,0.6649214659685864,0.6178010471204188,0.0366492146596858,0.0209424083769633
https://doi.org/10.3390/cmd5030018,25.25,7.361386138613861,0.6435643564356436,0.599009900990099,0.0396039603960396,0.0148514851485148
https://doi.org/10.3390/cmd5040021,13.6,6.551470588235294,0.6985294117647058,0.6323529411764706,0.0441176470588235,0.0220588235294117
https://doi.org/10.3390/cmd5040027,39.0,7.166666666666667,0.6153846153846154,0.6538461538461539,0.0769230769230769,0.0256410256410256
https://doi.org/10.3390/cmd5040028,22.0,6.240259740259741,0.6233766233766234,0.6948051948051948,0.0259740259740259,0.0389610389610389
https://doi.org/10.3390/cmd5040030,25.857142857142858,6.480662983425415,0.6187845303867403,0.6850828729281768,0.0220994475138121,0.0165745856353591
https://doi.org/10.3390/cmd6010001,18.0,7.199074074074074,0.7037037037037037,0.6574074074074074,0.0185185185185185,0.0092592592592592
https://doi.org/10.3390/cmd6010002,16.363636363636363,6.677777777777778,0.5944444444444444,0.5555555555555556,0.0277777777777777,0.0333333333333333
https://doi.org/10.1002/maco.202314050,29.25,7.769230769230769,0.6581196581196581,0.6068376068376068,0.017094017094017,0.0256410256410256
https://doi.org/10.1002/maco.202313975,23.4,7.401709401709402,0.6239316239316239,0.6153846153846154,0.0341880341880341,0.0085470085470085
https://doi.org/10.1002/maco.202314201,19.77777777777778,6.679775280898877,0.6460674157303371,0.651685393258427,0.0449438202247191,0.0280898876404494
https://doi.org/10.1002/maco.202414625,23.714285714285715,7.518072289156627,0.6867469879518072,0.6566265060240963,0.0120481927710843,0.0120481927710843
https://doi.org/10.1002/maco.202414557,20.83333333333333,7.752,0.76,0.584,0.032,0.016
https://doi.org/10.1002/maco.202313977,21.0,6.552380952380952,0.6857142857142857,0.7142857142857143,0.0666666666666666,0.0095238095238095
https://doi.org/10.1002/maco.202414320,12.166666666666666,6.273972602739726,0.7054794520547946,0.6164383561643836,0.0410958904109589,0.0205479452054794
https://doi.org/10.1002/maco.202314162,25.666666666666668,6.8441558441558445,0.6428571428571429,0.6558441558441559,0.0259740259740259,0.0324675324675324
https://doi.org/10.1002/maco.202314187,25.571428571428573,6.418994413407821,0.659217877094972,0.547486033519553,0.0446927374301676,0.0055865921787709
https://doi.org/10.1002/maco.202414308,24.0,7.159722222222222,0.6805555555555556,0.6597222222222222,0.0486111111111111,0.0138888888888888
https://doi.org/10.1002/maco.202414664,18.375,7.285714285714286,0.7074829931972789,0.6190476190476191,0.0476190476190476,0.0204081632653061
https://doi.org/10.1002/maco.202314209,19.428571428571427,6.720588235294118,0.7132352941176471,0.7132352941176471,0.0294117647058823,0.0147058823529411
https://doi.org/10.1002/maco.202313970,13.666666666666666,6.560975609756097,0.6341463414634146,0.4634146341463415,0.024390243902439,0.0182926829268292
https://doi.org/10.1002/maco.202314244,12.625,6.891089108910891,0.7029702970297029,0.6534653465346535,0.0297029702970297,0.0198019801980198
https://doi.org/10.1002/maco.202414607,27.33333333333333,6.7073170731707314,0.7134146341463414,0.5670731707317073,0.024390243902439,0.0182926829268292
https://doi.org/10.1002/maco.202414705,18.33333333333333,6.248484848484848,0.7272727272727273,0.6181818181818182,0.0545454545454545,0.0121212121212121
https://doi.org/10.1002/maco.202314253,19.125,7.470588235294118,0.6993464052287581,0.6666666666666666,0.0457516339869281,0.0
https://doi.org/10.1002/maco.202414334,15.75,6.626984126984127,0.6349206349206349,0.5714285714285714,0.0317460317460317,0.0079365079365079
https://doi.org/10.1002/maco.202414510,13.692307692307692,6.02808988764045,0.702247191011236,0.6123595505617978,0.0224719101123595,0.0
https://doi.org/10.1002/maco.202314240,21.714285714285715,7.046052631578948,0.6907894736842105,0.6973684210526315,0.0394736842105263,0.0263157894736842
https://doi.org/10.1002/maco.202414378,23.857142857142858,7.011976047904192,0.7245508982035929,0.6107784431137725,0.0359281437125748,0.0179640718562874
https://doi.org/10.1002/maco.202414278,25.714285714285715,6.416666666666667,0.7222222222222222,0.5555555555555556,0.0388888888888888,0.0111111111111111
https://doi.org/10.1002/maco.202414624,24.33333333333333,6.431506849315069,0.6438356164383562,0.4726027397260274,0.0273972602739726,0.0068493150684931
https://doi.org/10.1002/maco.202414272,18.0,7.271604938271605,0.691358024691358,0.5740740740740741,0.0432098765432098,0.0308641975308641
https://doi.org/10.1002/maco.202314030,16.8,7.2023809523809526,0.7559523809523809,0.7797619047619048,0.0178571428571428,0.0059523809523809
https://doi.org/10.1002/maco.202414369,25.714285714285715,6.538888888888889,0.65,0.5555555555555556,0.0166666666666666,0.0111111111111111
https://doi.org/10.1002/maco.202414430,30.2,6.357615894039735,0.6423841059602649,0.6026490066225165,0.0132450331125827,0.0132450331125827
https://doi.org/10.1002/maco.202414474,21.33333333333333,6.291666666666667,0.71875,0.4114583333333333,0.015625,0.0260416666666666
https://doi.org/10.1002/maco.202314032,20.76923076923077,6.340740740740741,0.7111111111111111,0.5592592592592592,0.037037037037037,0.0074074074074074
https://doi.org/10.1002/maco.202414362,17.666666666666668,5.49685534591195,0.6918238993710691,0.5849056603773585,0.0251572327044025,0.0125786163522012
https://doi.org/10.1002/maco.202414492,16.77777777777778,6.496688741721854,0.7350993377483444,0.6821192052980133,0.0463576158940397,0.0198675496688741
https://doi.org/10.1002/maco.202314077,9.73913043478261,5.598214285714286,0.7544642857142857,0.4776785714285714,0.0044642857142857,0.0089285714285714
https://doi.org/10.1002/maco.202314111,24.25,6.43298969072165,0.7319587628865979,0.6701030927835051,0.0515463917525773,0.0103092783505154
https://doi.org/10.1002/maco.202414391,17.7,6.576271186440678,0.6214689265536724,0.5254237288135594,0.0338983050847457,0.0112994350282485
https://doi.org/10.1002/maco.202414601,37.0,6.531531531531532,0.6576576576576577,0.6486486486486487,0.054054054054054,0.0
https://doi.org/10.1002/maco.202414513,27.142857142857142,6.352631578947369,0.631578947368421,0.5263157894736842,0.0157894736842105,0.0105263157894736
https://doi.org/10.1002/maco.202414681,14.818181818181818,6.52760736196319,0.6748466257668712,0.6993865030674846,0.0306748466257668,0.0245398773006134
https://doi.org/10.1002/maco.202414279,19.5,5.671794871794872,0.5948717948717949,0.558974358974359,0.0307692307692307,0.0102564102564102
https://doi.org/10.1002/maco.202414622,18.77777777777778,6.9171597633136095,0.650887573964497,0.6745562130177515,0.0236686390532544,0.0177514792899408
https://doi.org/10.1002/maco.202314026,20.0,5.9,0.64,0.49,0.05,0.005
https://doi.org/10.1002/maco.202414529,19.77777777777778,7.640449438202247,0.7247191011235955,0.6910112359550562,0.0337078651685393,0.0112359550561797
https://doi.org/10.1002/maco.202314229,17.375,6.194244604316546,0.6402877697841727,0.6258992805755396,0.0359712230215827,0.0287769784172661
https://doi.org/10.1002/maco.202414562,23.857142857142858,7.053892215568863,0.6526946107784432,0.6167664670658682,0.0538922155688622,0.0059880239520958
https://doi.org/10.1002/maco.202314135,25.33333333333333,6.8881578947368425,0.7105263157894737,0.7171052631578947,0.0394736842105263,0.006578947368421
https://doi.org/10.1002/maco.202414280,23.0,6.356521739130435,0.6782608695652174,0.6,0.0608695652173913,0.008695652173913
https://doi.org/10.1002/maco.202414336,44.5,6.589887640449438,0.6685393258426966,0.6629213483146067,0.0505617977528089,0.0112359550561797
https://doi.org/10.1002/maco.202314174,22.5,6.316666666666666,0.6333333333333333,0.5944444444444444,0.0111111111111111,0.0111111111111111
https://doi.org/10.1002/maco.202414357,21.857142857142858,6.686274509803922,0.6274509803921569,0.6339869281045751,0.0326797385620915,0.0065359477124183
https://doi.org/10.1002/maco.202414392,29.0,6.468965517241379,0.6,0.4827586206896552,0.0482758620689655,0.0
https://doi.org/10.1002/maco.202314125,19.33333333333333,6.82183908045977,0.6436781609195402,0.5402298850574713,0.0459770114942528,0.0172413793103448
https://doi.org/10.1002/maco.202314081,20.857142857142858,7.006849315068493,0.7465753424657534,0.636986301369863,0.0410958904109589,0.0
https://doi.org/10.1002/maco.202313999,21.5,6.744186046511628,0.686046511627907,0.6511627906976745,0.0465116279069767,0.0290697674418604
https://doi.org/10.1002/maco.202414361,19.5,6.467948717948718,0.5833333333333334,0.5769230769230769,0.0448717948717948,0.0128205128205128
https://doi.org/10.1002/maco.202414420,16.88888888888889,7.421052631578948,0.7236842105263158,0.6447368421052632,0.0592105263157894,0.0263157894736842
https://doi.org/10.1002/maco.202414451,21.6,7.277777777777778,0.6666666666666666,0.7037037037037037,0.0277777777777777,0.0277777777777777
https://doi.org/10.1002/maco.202414456,17.875,6.671328671328672,0.7132867132867133,0.6853146853146853,0.0349650349650349,0.0
https://doi.org/10.1002/maco.202314097,25.33333333333333,6.381578947368421,0.6513157894736842,0.6118421052631579,0.0263157894736842,0.006578947368421
https://doi.org/10.1002/maco.202414322,24.714285714285715,6.861271676300578,0.6647398843930635,0.6127167630057804,0.0289017341040462,0.0173410404624277
https://doi.org/10.1002/maco.202314245,20.428571428571427,8.335664335664335,0.7762237762237763,0.7482517482517482,0.0279720279720279,0.0279720279720279
https://doi.org/10.1002/maco.202414491,10.615384615384617,6.644927536231884,0.6884057971014492,0.6666666666666666,0.036231884057971,0.0072463768115942
https://doi.org/10.1002/maco.202414621,15.0,6.163636363636364,0.6848484848484848,0.6303030303030303,0.0363636363636363,0.006060606060606
https://doi.org/10.1002/maco.202414499,23.0,7.055900621118012,0.6335403726708074,0.6211180124223602,0.0372670807453416,0.0248447204968944
https://doi.org/10.1002/maco.202314107,21.428571428571427,5.773333333333333,0.6666666666666666,0.6,0.04,0.02
https://doi.org/10.1002/maco.202314006,25.571428571428573,6.536312849162012,0.6703910614525139,0.4804469273743016,0.0446927374301676,0.0279329608938547
https://doi.org/10.1002/maco.202314185,23.666666666666668,5.652582159624413,0.6948356807511737,0.5633802816901409,0.0234741784037558,0.0093896713615023
https://doi.org/10.1002/maco.202313993,21.142857142857142,6.851351351351352,0.7162162162162162,0.7432432432432432,0.0405405405405405,0.0472972972972973
https://doi.org/10.1002/maco.202314227,17.333333333333332,7.5256410256410255,0.6666666666666666,0.6410256410256411,0.0576923076923076,0.0064102564102564
https://doi.org/10.1002/maco.202414389,28.75,6.652173913043479,0.6434782608695652,0.6695652173913044,0.0434782608695652,0.0347826086956521
https://doi.org/10.1002/maco.202414521,13.875,6.7207207207207205,0.7207207207207207,0.7207207207207207,0.045045045045045,0.018018018018018
https://doi.org/10.1002/maco.202414438,12.22222222222222,6.572727272727272,0.7181818181818181,0.7,0.0272727272727272,0.0181818181818181
https://doi.org/10.1002/maco.202414516,22.33333333333333,6.708955223880597,0.6567164179104478,0.6716417910447762,0.0298507462686567,0.0522388059701492
https://doi.org/10.1002/maco.202414546,27.25,7.26605504587156,0.6605504587155964,0.7247706422018348,0.036697247706422,0.036697247706422
https://doi.org/10.1002/maco.202414559,17.2,7.5,0.7209302325581395,0.8023255813953488,0.0232558139534883,0.0116279069767441
https://doi.org/10.1002/maco.202414543,29.8,5.563758389261745,0.6140939597315436,0.4463087248322148,0.0201342281879194,0.0100671140939597
https://doi.org/10.1002/maco.202414581,26.166666666666668,6.477707006369426,0.6369426751592356,0.5923566878980892,0.0382165605095541,0.019108280254777
https://doi.org/10.1002/maco.202414399,23.83333333333333,5.65034965034965,0.6783216783216783,0.6293706293706294,0.0209790209790209,0.0069930069930069
https://doi.org/10.1002/maco.202414355,32.6,6.269938650306749,0.7300613496932515,0.656441717791411,0.0429447852760736,0.0122699386503067
https://doi.org/10.1002/maco.202314256,17.666666666666668,7.292452830188679,0.6509433962264151,0.7264150943396226,0.0660377358490566,0.0188679245283018
https://doi.org/10.1002/maco.202414580,26.5,7.377358490566038,0.7169811320754716,0.6666666666666666,0.050314465408805,0.0314465408805031
https://doi.org/10.1002/maco.202314214,25.83333333333333,6.238709677419354,0.6258064516129033,0.5290322580645161,0.0258064516129032,0.0258064516129032
https://doi.org/10.1002/maco.202414292,15.7,6.630573248407643,0.643312101910828,0.6178343949044586,0.0254777070063694,0.019108280254777
https://doi.org/10.1002/maco.202414346,12.153846153846152,6.518987341772152,0.6455696202531646,0.6329113924050633,0.0632911392405063,0.0126582278481012
https://doi.org/10.1002/maco.202414367,11.882352941176473,5.603960396039604,0.6782178217821783,0.6138613861386139,0.0346534653465346,0.0049504950495049
https://doi.org/10.1002/maco.202414351,11.857142857142858,5.771084337349397,0.6566265060240963,0.6867469879518072,0.0240963855421686,0.0301204819277108
https://doi.org/10.1002/maco.202314178,28.0,6.616071428571429,0.5803571428571429,0.6875,0.0357142857142857,0.0
https://doi.org/10.1002/maco.202414302,22.666666666666668,7.492647058823529,0.6838235294117647,0.6397058823529411,0.0588235294117647,0.0147058823529411
https://doi.org/10.1002/maco.202313948,22.83333333333333,7.014598540145985,0.6788321167883211,0.7226277372262774,0.0510948905109489,0.0072992700729927
https://doi.org/10.1002/maco.202414388,18.285714285714285,6.828125,0.6484375,0.671875,0.03125,0.0078125
https://doi.org/10.1002/maco.202414545,22.0,7.681818181818182,0.7012987012987013,0.7337662337662337,0.0389610389610389,0.0129870129870129
https://doi.org/10.1002/maco.202314266,13.545454545454543,6.248322147651007,0.6644295302013423,0.5771812080536913,0.0335570469798657,0.0134228187919463
https://doi.org/10.1002/maco.202414415,22.8,6.7631578947368425,0.7105263157894737,0.6666666666666666,0.0175438596491228,0.0263157894736842
https://doi.org/10.1002/maco.202314224,14.4,7.166666666666667,0.75,0.7777777777777778,0.0416666666666666,0.0
https://doi.org/10.1002/maco.202414503,15.0,6.525,0.675,0.6333333333333333,0.025,0.0166666666666666
https://doi.org/10.1002/maco.202414469,13.6,7.161764705882353,0.7352941176470589,0.6617647058823529,0.0808823529411764,0.0367647058823529
https://doi.org/10.1002/maco.202414598,20.166666666666668,7.371900826446281,0.6942148760330579,0.768595041322314,0.0330578512396694,0.024793388429752
https://doi.org/10.1002/maco.202314252,21.2,6.754716981132075,0.7169811320754716,0.6320754716981132,0.0283018867924528,0.0188679245283018
https://doi.org/10.1002/maco.202314124,25.5,6.326797385620915,0.6470588235294118,0.5686274509803921,0.0392156862745098,0.0065359477124183
https://doi.org/10.1002/maco.202314166,28.166666666666668,6.21301775147929,0.6923076923076923,0.6923076923076923,0.029585798816568,0.0118343195266272
https://doi.org/10.1002/maco.202314257,17.5,6.594285714285714,0.6571428571428571,0.6285714285714286,0.0342857142857142,0.0114285714285714
https://doi.org/10.1002/maco.202414347,14.625,6.794871794871795,0.6752136752136753,0.7435897435897436,0.0427350427350427,0.017094017094017
https://doi.org/10.1002/maco.202414418,13.636363636363637,6.406666666666666,0.6533333333333333,0.7266666666666667,0.0533333333333333,0.0133333333333333
https://doi.org/10.1002/maco.202414299,15.285714285714286,5.392523364485982,0.7850467289719626,0.6728971962616822,0.0467289719626168,0.0
https://doi.org/10.1002/maco.202414414,18.9,6.492063492063492,0.7671957671957672,0.656084656084656,0.0264550264550264,0.0105820105820105
https://doi.org/10.1002/maco.202414525,20.77777777777778,6.358288770053476,0.7005347593582888,0.6256684491978609,0.0427807486631016,0.0267379679144385
https://doi.org/10.1002/maco.202314212,19.142857142857142,6.462686567164179,0.6791044776119403,0.6716417910447762,0.0373134328358208,0.0149253731343283
https://doi.org/10.1002/maco.202314159,18.444444444444443,6.72289156626506,0.6506024096385542,0.5903614457831325,0.0481927710843373,0.0120481927710843
https://doi.org/10.1002/maco.202414354,16.6,7.066265060240964,0.6626506024096386,0.6807228915662651,0.036144578313253,0.0301204819277108
https://doi.org/10.1002/maco.202414447,26.666666666666668,6.28125,0.5875,0.5875,0.025,0.01875
https://doi.org/10.1002/maco.202414331,13.272727272727272,6.575342465753424,0.6164383561643836,0.4794520547945205,0.0273972602739726,0.0205479452054794
https://doi.org/10.1002/maco.202414506,36.0,6.4,0.7555555555555555,0.5611111111111111,0.0333333333333333,0.0222222222222222
https://doi.org/10.1002/maco.202414432,24.444444444444443,6.0,0.6545454545454545,0.6090909090909091,0.0272727272727272,0.009090909090909
https://doi.org/10.1002/maco.202414461,18.375,7.496598639455782,0.7074829931972789,0.5578231292517006,0.0340136054421768,0.0136054421768707
https://doi.org/10.1002/maco.202414674,31.5,6.708994708994709,0.6084656084656085,0.5238095238095238,0.0423280423280423,0.0105820105820105
https://doi.org/10.1002/maco.202314215,25.33333333333333,6.552631578947368,0.618421052631579,0.4934210526315789,0.0197368421052631,0.0131578947368421
https://doi.org/10.1002/maco.202470011,40.0,5.8375,0.8375,0.8875,0.0625,0.025
https://doi.org/10.1002/maco.202470021,20.666666666666668,6.838709677419355,0.7903225806451613,0.8064516129032258,0.064516129032258,0.032258064516129
https://doi.org/10.1002/maco.202314203,20.33333333333333,6.775956284153006,0.6666666666666666,0.6010928961748634,0.0437158469945355,0.0163934426229508
https://doi.org/10.1002/maco.202314271,21.0,6.238095238095238,0.6984126984126984,0.5978835978835979,0.0158730158730158,0.0211640211640211
https://doi.org/10.1002/maco.202470031,21.2,6.39622641509434,0.7830188679245284,0.9056603773584906,0.0566037735849056,0.0283018867924528
https://doi.org/10.1002/maco.202314218,27.166666666666668,7.282208588957055,0.7852760736196319,0.7055214723926381,0.0245398773006134,0.0061349693251533
https://doi.org/10.1002/maco.202414291,13.636363636363637,5.846666666666667,0.7733333333333333,0.6333333333333333,0.0333333333333333,0.0066666666666666
https://doi.org/10.1002/maco.202470041,9.5,6.394736842105263,0.7368421052631579,0.9210526315789472,0.0526315789473684,0.0526315789473684
https://doi.org/10.1002/maco.202470051,10.714285714285714,5.96,0.7866666666666666,0.76,0.0533333333333333,0.04
https://doi.org/10.1002/maco.202414314,18.7,6.144385026737968,0.6844919786096256,0.6417112299465241,0.0320855614973262,0.0213903743315508
https://doi.org/10.1002/maco.202470061,22.0,6.340909090909091,0.7727272727272727,0.9318181818181818,0.0909090909090909,0.0454545454545454
https://doi.org/10.1002/maco.202414483,21.75,6.632183908045977,0.6494252873563219,0.5114942528735632,0.0402298850574712,0.0114942528735632
https://doi.org/10.1002/maco.202414380,14.8,6.22972972972973,0.6081081081081081,0.6148648648648649,0.0472972972972973,0.0405405405405405
https://doi.org/10.1002/maco.202414453,25.166666666666668,6.728476821192053,0.6754966887417219,0.6225165562913907,0.0264900662251655,0.0132450331125827
https://doi.org/10.1002/maco.202470071,34.0,6.485294117647059,0.7352941176470589,0.8235294117647058,0.0588235294117647,0.0294117647058823
https://doi.org/10.1002/maco.202414312,22.25,6.134831460674158,0.6966292134831461,0.5898876404494382,0.0280898876404494,0.0056179775280898
https://doi.org/10.1002/maco.202470081,18.25,5.945205479452055,0.7671232876712328,0.9041095890410958,0.0410958904109589,0.0273972602739726
https://doi.org/10.1002/maco.202470091,15.666666666666666,7.212765957446808,0.7872340425531915,0.9574468085106383,0.0425531914893617,0.0425531914893617
https://doi.org/10.1002/maco.202414564,17.375,5.741007194244604,0.6187050359712231,0.60431654676259,0.0215827338129496,0.0359712230215827
https://doi.org/10.1002/maco.202470101,21.5,6.5813953488372094,0.6976744186046512,0.8023255813953488,0.0697674418604651,0.0232558139534883
https://doi.org/10.1002/maco.202470111,12.333333333333334,6.337837837837838,0.7972972972972973,0.8378378378378378,0.0405405405405405,0.0
https://doi.org/10.1002/maco.202414502,28.0,6.732142857142857,0.6428571428571429,0.5952380952380952,0.0357142857142857,0.0416666666666666
https://doi.org/10.1002/maco.202414612,37.75,6.708609271523179,0.6556291390728477,0.5629139072847682,0.0331125827814569,0.0066225165562913
https://doi.org/10.1002/maco.202414477,23.25,7.193548387096774,0.6720430107526881,0.5698924731182796,0.032258064516129,0.021505376344086
https://doi.org/10.1002/maco.202470115,10.166666666666666,6.081967213114754,0.7540983606557377,0.9836065573770492,0.081967213114754,0.0327868852459016
https://doi.org/10.1002/maco.202414575,9.3,5.935483870967742,0.6612903225806451,0.6559139784946236,0.043010752688172,0.0053763440860215
https://doi.org/10.1002/maco.202414634,10.8,6.777777777777778,0.6851851851851852,0.5987654320987654,0.0246913580246913,0.0123456790123456
https://doi.org/10.1108/acmm-09-2024-3085,16.714285714285715,7.3931623931623935,0.6709401709401709,0.5128205128205128,0.017094017094017,0.017094017094017
https://doi.org/10.1108/acmm-05-2025-3252,23.5,8.23936170212766,0.7180851063829787,0.675531914893617,0.0159574468085106,0.0106382978723404
https://doi.org/10.1108/acmm-10-2024-3114,27.625,6.959276018099548,0.6606334841628959,0.502262443438914,0.0135746606334841,0.0135746606334841
https://doi.org/10.1108/acmm-11-2024-3133,29.6,7.31081081081081,0.6756756756756757,0.6554054054054054,0.0675675675675675,0.0135135135135135
https://doi.org/10.1108/acmm-10-2024-3107,24.444444444444443,7.840909090909091,0.7090909090909091,0.6,0.0545454545454545,0.0181818181818181
https://doi.org/10.1108/acmm-07-2024-3043,20.88888888888889,8.335106382978724,0.7180851063829787,0.7287234042553191,0.0319148936170212,0.026595744680851
https://doi.org/10.1108/acmm-08-2024-3079,25.61904761904762,6.981412639405204,0.7007434944237918,0.483271375464684,0.0167286245353159,0.0167286245353159
https://doi.org/10.1108/acmm-01-2025-3158,23.5,6.941489361702128,0.7021276595744681,0.5372340425531915,0.0478723404255319,0.0159574468085106
https://doi.org/10.1108/acmm-04-2025-3227,24.77777777777778,6.995515695067264,0.6771300448430493,0.4887892376681614,0.0179372197309417,0.0044843049327354
https://doi.org/10.1108/acmm-08-2024-3072,26.0,6.589743589743589,0.7307692307692307,0.4957264957264957,0.0384615384615384,0.0299145299145299
https://doi.org/10.1108/acmm-10-2024-3118,26.857142857142858,7.367021276595745,0.675531914893617,0.5425531914893617,0.0372340425531914,0.026595744680851
https://doi.org/10.1108/acmm-07-2024-3049,11.714285714285714,7.414634146341464,0.75,0.6707317073170732,0.024390243902439,0.0121951219512195
https://doi.org/10.1108/acmm-06-2025-3302,17.272727272727273,7.573684210526316,0.7578947368421053,0.7210526315789474,0.0578947368421052,0.0157894736842105
https://doi.org/10.1108/acmm-12-2024-3142,24.0,7.255952380952381,0.6964285714285714,0.6547619047619048,0.0238095238095238,0.0059523809523809
https://doi.org/10.1108/acmm-12-2024-3155,23.83333333333333,6.6573426573426575,0.7272727272727273,0.4405594405594406,0.0139860139860139,0.0279720279720279
https://doi.org/10.1108/acmm-12-2024-3144,12.45,6.987951807228916,0.7108433734939759,0.642570281124498,0.0281124497991967,0.0160642570281124
https://doi.org/10.1108/acmm-08-2024-3065,15.61111111111111,6.804270462633452,0.6548042704626335,0.5480427046263345,0.0106761565836298,0.0213523131672597
https://doi.org/10.1108/acmm-02-2025-3192,18.46153846153846,7.058333333333334,0.7333333333333333,0.6041666666666666,0.0416666666666666,0.0125
https://doi.org/10.1108/acmm-03-2024-2979,12.212121212121213,6.528535980148884,0.7121588089330024,0.4714640198511166,0.0124069478908188,0.009925558312655
https://doi.org/10.1108/acmm-07-2024-3061,21.125,7.023668639053255,0.6863905325443787,0.6568047337278107,0.0355029585798816,0.0236686390532544
https://doi.org/10.1108/acmm-04-2025-3224,22.08333333333333,7.426415094339623,0.6188679245283019,0.5018867924528302,0.030188679245283,0.0113207547169811
https://doi.org/10.1108/acmm-12-2024-3149,19.466666666666665,7.160958904109589,0.7191780821917808,0.5513698630136986,0.0376712328767123,0.0171232876712328
https://doi.org/10.1108/acmm-11-2024-3127,22.75,7.406593406593407,0.6996336996336996,0.4945054945054945,0.0219780219780219,0.0109890109890109
https://doi.org/10.1108/acmm-08-2024-3082,21.125,7.502958579881657,0.6923076923076923,0.6272189349112426,0.0355029585798816,0.0177514792899408
https://doi.org/10.1108/acmm-05-2025-3253,17.142857142857142,6.854166666666667,0.6666666666666666,0.5958333333333333,0.025,0.0083333333333333
https://doi.org/10.1108/acmm-07-2024-3056,26.7,6.644194756554307,0.6741573033707865,0.5393258426966292,0.0299625468164794,0.0262172284644194
https://doi.org/10.1108/acmm-01-2025-3166,30.2,7.072847682119205,0.6357615894039735,0.5629139072847682,0.0529801324503311,0.0198675496688741
https://doi.org/10.1108/acmm-09-2024-3097,17.714285714285715,7.32258064516129,0.7338709677419355,0.6693548387096774,0.0483870967741935,0.0161290322580645
https://doi.org/10.1108/acmm-03-2025-3209,11.75,8.313829787234043,0.7393617021276596,0.6648936170212766,0.0212765957446808,0.0159574468085106
https://doi.org/10.1108/acmm-09-2024-3093,24.63636363636364,7.291512915129151,0.7380073800738007,0.4981549815498155,0.033210332103321,0.018450184501845
https://doi.org/10.1108/acmm-04-2024-3012,21.666666666666668,7.158974358974359,0.6615384615384615,0.5025641025641026,0.0256410256410256,0.0102564102564102
https://doi.org/10.1108/acmm-08-2024-3063,34.8,6.218390804597701,0.6379310344827587,0.4770114942528735,0.0057471264367816,0.0114942528735632
https://doi.org/10.1108/acmm-03-2025-3214,12.428571428571429,7.620689655172414,0.7816091954022989,0.7758620689655172,0.0402298850574712,0.0114942528735632
https://doi.org/10.1108/acmm-03-2025-3210,21.1,7.293838862559242,0.6445497630331753,0.6303317535545023,0.0189573459715639,0.0284360189573459
https://doi.org/10.1108/acmm-12-2024-3150,22.0,7.737373737373737,0.7626262626262627,0.6767676767676768,0.0303030303030303,0.0101010101010101
https://doi.org/10.1108/acmm-05-2025-3275,15.142857142857142,7.561320754716981,0.7122641509433962,0.6084905660377359,0.0377358490566037,0.0094339622641509
https://doi.org/10.1108/acmm-08-2025-3349,22.0,7.575757575757576,0.7234848484848485,0.6628787878787878,0.0265151515151515,0.0151515151515151
https://doi.org/10.1108/acmm-06-2025-3306,22.5,6.970370370370371,0.7185185185185186,0.5555555555555556,0.0444444444444444,0.0148148148148148
https://doi.org/10.1108/acmm-06-2025-3312,17.307692307692307,6.377777777777778,0.6755555555555556,0.5111111111111111,0.0222222222222222,0.0222222222222222
https://doi.org/10.1108/acmm-03-2025-3203,25.666666666666668,7.045454545454546,0.6688311688311688,0.6688311688311688,0.0519480519480519,0.0129870129870129
https://doi.org/10.1108/acmm-06-2024-3038,28.0,6.665584415584416,0.672077922077922,0.4415584415584415,0.0162337662337662,0.0194805194805194
https://doi.org/10.1108/acmm-02-2024-2973,12.285714285714286,6.546511627906977,0.6976744186046512,0.5930232558139535,0.0348837209302325,0.0116279069767441
https://doi.org/10.1108/acmm-03-2025-3206,21.818181818181817,8.1875,0.8166666666666667,0.7083333333333334,0.0291666666666666,0.0083333333333333
https://doi.org/10.1108/acmm-02-2025-3181,17.41176470588235,6.858108108108108,0.7094594594594594,0.5337837837837838,0.0202702702702702,0.0135135135135135
https://doi.org/10.1108/acmm-04-2025-3229,22.2,7.387387387387387,0.7162162162162162,0.5855855855855856,0.027027027027027,0.018018018018018
https://doi.org/10.1108/acmm-04-2025-3233,15.571428571428571,7.7889908256880735,0.7064220183486238,0.6192660550458715,0.0275229357798165,0.0229357798165137
https://doi.org/10.1108/acmm-03-2025-3212,11.64,6.639175257731959,0.6563573883161512,0.5670103092783505,0.0274914089347079,0.0171821305841924
https://doi.org/10.1108/acmm-03-2025-3216,27.142857142857142,7.552631578947368,0.7052631578947368,0.4947368421052631,0.0263157894736842,0.0052631578947368
https://doi.org/10.1108/acmm-03-2025-3219,18.071428571428573,7.169960474308301,0.7628458498023716,0.6482213438735178,0.0118577075098814,0.0197628458498023
https://doi.org/10.1108/acmm-02-2025-3183,24.1,7.4149377593361,0.6887966804979253,0.5767634854771784,0.0124481327800829,0.0165975103734439
https://doi.org/10.1108/acmm-03-2025-3205,20.55555555555556,7.902702702702703,0.7027027027027027,0.5567567567567567,0.0486486486486486,0.0108108108108108
https://doi.org/10.1108/acmm-10-2024-3121,25.77777777777778,7.198275862068965,0.7068965517241379,0.4956896551724138,0.0258620689655172,0.0086206896551724
https://doi.org/10.1108/acmm-02-2025-3193,17.666666666666668,6.584905660377358,0.7044025157232704,0.5220125786163522,0.0377358490566037,0.0125786163522012
https://doi.org/10.1108/acmm-10-2024-3102,12.375,6.338383838383838,0.6818181818181818,0.6565656565656566,0.0252525252525252,0.005050505050505
https://doi.org/10.1108/acmm-01-2025-3167,20.181818181818183,7.243243243243243,0.7162162162162162,0.5855855855855856,0.0225225225225225,0.0225225225225225
https://doi.org/10.1108/acmm-01-2025-3165,29.77777777777778,6.5,0.6268656716417911,0.5634328358208955,0.0261194029850746,0.0186567164179104
https://doi.org/10.1108/acmm-04-2025-3231,15.571428571428571,7.596330275229357,0.7247706422018348,0.5871559633027523,0.0229357798165137,0.0137614678899082
https://doi.org/10.1108/acmm-08-2025-3345,11.421052631578949,7.645161290322581,0.7649769585253456,0.7142857142857143,0.0230414746543778,0.0092165898617511
https://doi.org/10.1108/acmm-10-2025-3426,17.5,7.817142857142857,0.7371428571428571,0.6971428571428572,0.0457142857142857,0.0171428571428571
https://doi.org/10.1108/acmm-06-2025-3296,25.526315789473685,6.665979381443299,0.6865979381443299,0.4597938144329896,0.0185567010309278,0.0247422680412371
https://doi.org/10.1108/acmm-09-2025-3395,25.33333333333333,7.548245614035087,0.6842105263157895,0.631578947368421,0.0175438596491228,0.0131578947368421
https://doi.org/10.1108/acmm-02-2025-3187,20.0,7.491666666666666,0.6916666666666667,0.7666666666666667,0.025,0.0166666666666666
https://doi.org/10.1108/acmm-01-2025-3163,17.5,7.020408163265306,0.6857142857142857,0.5387755102040817,0.0326530612244898,0.0081632653061224
https://doi.org/10.1108/acmm-02-2025-3177,23.875,7.225130890052356,0.743455497382199,0.6282722513089005,0.0209424083769633,0.0104712041884816
https://doi.org/10.1108/acmm-11-2024-3137,15.642857142857142,6.6118721461187215,0.6438356164383562,0.5114155251141552,0.0273972602739726,0.0136986301369863
https://doi.org/10.1108/acmm-10-2024-3125,13.666666666666666,7.404878048780488,0.7073170731707317,0.6146341463414634,0.0292682926829268,0.0097560975609756
https://doi.org/10.1108/acmm-12-2024-3153,20.166666666666668,7.033057851239669,0.6735537190082644,0.5082644628099173,0.0165289256198347,0.0082644628099173
https://doi.org/10.1108/acmm-02-2025-3180,23.33333333333333,7.438095238095238,0.6952380952380952,0.5380952380952381,0.0333333333333333,0.019047619047619
https://doi.org/10.1108/acmm-07-2024-3046,12.947368421052632,7.646341463414634,0.7520325203252033,0.5975609756097561,0.016260162601626,0.024390243902439
https://doi.org/10.1108/acmm-12-2024-3139,22.666666666666668,7.504901960784314,0.7205882352941176,0.6225490196078431,0.0098039215686274,0.0098039215686274
https://doi.org/10.1108/acmm-10-2024-3104,24.875,6.909547738693467,0.6633165829145728,0.5728643216080402,0.0351758793969849,0.0251256281407035
https://doi.org/10.1108/acmm-11-2024-3135,17.90909090909091,6.715736040609137,0.6852791878172588,0.5228426395939086,0.0203045685279187,0.0101522842639593
https://doi.org/10.1108/acmm-07-2025-010,34.0,7.264705882352941,0.5588235294117647,0.8823529411764706,0.0294117647058823,0.0
https://doi.org/10.1108/acmm-02-2025-3173,26.11111111111111,7.272340425531915,0.6553191489361702,0.574468085106383,0.0340425531914893,0.0170212765957446
https://doi.org/10.1108/acmm-01-2025-3170,19.846153846153847,6.922480620155039,0.6976744186046512,0.5077519379844961,0.0310077519379844,0.0077519379844961
https://doi.org/10.1108/acmm-04-2025-3230,22.75,7.142857142857143,0.6813186813186813,0.5989010989010989,0.0109890109890109,0.0164835164835164
https://doi.org/10.1108/acmm-02-2025-3178,14.909090909090908,7.0,0.6646341463414634,0.6158536585365854,0.048780487804878,0.0182926829268292
https://doi.org/10.1108/acmm-04-2025-3225,25.571428571428573,7.70391061452514,0.770949720670391,0.7150837988826816,0.0558659217877094,0.0167597765363128
https://doi.org/10.1108/acmm-04-2025-3236,12.25,7.1938775510204085,0.7653061224489796,0.6224489795918368,0.0561224489795918,0.010204081632653
https://doi.org/10.1108/acmm-03-2025-3204,15.125,6.847107438016529,0.6900826446280992,0.5991735537190083,0.024793388429752,0.012396694214876
https://doi.org/10.1108/acmm-02-2025-3174,21.571428571428573,8.198675496688741,0.6887417218543046,0.6225165562913907,0.0529801324503311,0.0132450331125827
https://doi.org/10.1108/acmm-12-2024-3157,20.7,6.985507246376812,0.6666666666666666,0.5893719806763285,0.0193236714975845,0.0193236714975845
https://doi.org/10.1108/acmm-03-2025-3220,18.0,7.211111111111111,0.6888888888888889,0.5185185185185185,0.0185185185185185,0.0148148148148148
https://doi.org/10.1108/acmm-05-2025-3249,21.55555555555556,7.252577319587629,0.6804123711340206,0.5876288659793815,0.0257731958762886,0.0154639175257731
https://doi.org/10.1108/acmm-06-2025-3288,30.75,6.853658536585366,0.6910569105691057,0.540650406504065,0.024390243902439,0.016260162601626
https://doi.org/10.1108/acmm-07-2025-3317,14.625,7.688034188034188,0.7222222222222222,0.6153846153846154,0.0299145299145299,0.0128205128205128
https://doi.org/10.1108/acmm-02-2025-3189,12.521739130434783,7.850694444444445,0.8055555555555556,0.7048611111111112,0.0138888888888888,0.0243055555555555
https://doi.org/10.1108/acmm-06-2025-3297,19.6,7.377551020408164,0.6836734693877551,0.673469387755102,0.0561224489795918,0.0204081632653061
https://doi.org/10.1108/acmm-06-2025-3303,12.95,6.664092664092664,0.7065637065637066,0.4980694980694981,0.0231660231660231,0.0115830115830115
https://doi.org/10.1108/acmm-06-2025-3298,24.77777777777778,6.789237668161435,0.6905829596412556,0.484304932735426,0.0269058295964125,0.0134529147982062
https://doi.org/10.1108/acmm-03-2025-3221,18.444444444444443,7.734939759036145,0.7469879518072289,0.7108433734939759,0.0240963855421686,0.0180722891566265
https://doi.org/10.1108/acmm-04-2025-3243,16.416666666666668,8.02030456852792,0.766497461928934,0.7563451776649747,0.0253807106598984,0.015228426395939
https://doi.org/10.1108/acmm-05-2025-3266,24.0,6.779761904761905,0.6904761904761905,0.5773809523809523,0.0416666666666666,0.0238095238095238
https://doi.org/10.1108/acmm-07-2025-3334,19.25,7.406926406926407,0.7056277056277056,0.683982683982684,0.0303030303030303,0.0216450216450216
https://doi.org/10.1108/acmm-06-2025-3283,25.666666666666668,8.409090909090908,0.7272727272727273,0.7142857142857143,0.0454545454545454,0.0194805194805194
https://doi.org/10.1108/acmm-07-2025-3318,20.5,7.46829268292683,0.6634146341463415,0.6195121951219512,0.024390243902439,0.0292682926829268
https://doi.org/10.1108/acmm-09-2025-3401,27.55555555555556,7.725806451612903,0.7056451612903226,0.592741935483871,0.0362903225806451,0.0120967741935483
https://doi.org/10.1108/acmm-06-2025-3299,32.0,6.5375,0.5875,0.5625,0.05,0.00625
https://doi.org/10.1108/acmm-06-2025-3310,19.2,7.234375,0.6979166666666666,0.5625,0.0364583333333333,0.0260416666666666
https://doi.org/10.1108/acmm-08-2025-3344,17.727272727272727,7.5025641025641026,0.7384615384615385,0.6307692307692307,0.0307692307692307,0.0205128205128205
https://doi.org/10.1108/acmm-04-2025-3242,15.2,7.421052631578948,0.7105263157894737,0.6513157894736842,0.0723684210526315,0.0131578947368421
https://doi.org/10.1108/acmm-08-2025-3343,17.866666666666667,7.507462686567164,0.7761194029850746,0.6492537313432836,0.0373134328358208,0.0149253731343283
https://doi.org/10.1108/acmm-09-2025-3383,23.2,6.866379310344827,0.646551724137931,0.5431034482758621,0.0172413793103448,0.0301724137931034
https://doi.org/10.1108/acmm-10-2024-3105,20.47058823529412,6.92816091954023,0.6235632183908046,0.4109195402298851,0.0201149425287356,0.014367816091954
https://doi.org/10.1108/acmm-07-2025-3319,19.5,7.480769230769231,0.7051282051282052,0.6602564102564102,0.0128205128205128,0.0064102564102564
https://doi.org/10.1108/acmm-07-2025-3324,22.285714285714285,7.480769230769231,0.7211538461538461,0.6121794871794872,0.0064102564102564,0.0128205128205128
https://doi.org/10.1108/acmm-07-2025-3320,23.454545454545453,7.104651162790698,0.686046511627907,0.627906976744186,0.0465116279069767,0.0116279069767441
https://doi.org/10.1108/acmm-10-2025-3413,14.0625,7.48,0.7422222222222222,0.6622222222222223,0.04,0.0133333333333333
https://doi.org/10.1108/acmm-07-2025-3327,14.9,8.570469798657719,0.8389261744966443,0.8322147651006712,0.0134228187919463,0.0134228187919463
https://doi.org/10.1108/acmm-05-2025-3276,17.25,7.434782608695652,0.7294685990338164,0.6231884057971014,0.0241545893719806,0.0144927536231884
https://doi.org/10.1108/acmm-08-2025-3352,21.2,7.542452830188679,0.6273584905660378,0.5566037735849056,0.0188679245283018,0.0094339622641509
https://doi.org/10.1108/acmm-06-2025-3290,25.84210526315789,7.313645621181263,0.7006109979633401,0.6130346232179226,0.0183299389002036,0.0162932790224032
https://doi.org/10.5006/4620,11.157894736842104,6.617924528301887,0.660377358490566,0.5990566037735849,0.0330188679245283,0.0188679245283018
https://doi.org/10.5006/4674,21.55555555555556,6.747422680412371,0.654639175257732,0.5515463917525774,0.056701030927835,0.0257731958762886
https://doi.org/10.5006/4685,13.875,5.684684684684685,0.6756756756756757,0.6126126126126126,0.0315315315315315,0.0135135135135135
https://doi.org/10.5006/4755,24.571428571428573,7.104651162790698,0.6686046511627907,0.627906976744186,0.0174418604651162,0.0116279069767441
https://doi.org/10.5006/4651,19.76923076923077,6.175097276264592,0.642023346303502,0.5330739299610895,0.0116731517509727,0.0311284046692607
https://doi.org/10.5006/4675,14.428571428571429,6.851485148514851,0.7623762376237624,0.6336633663366337,0.0495049504950495,0.0198019801980198
https://doi.org/10.5006/4771,22.0,6.777777777777778,0.7373737373737373,0.6414141414141414,0.0303030303030303,0.0202020202020202
https://doi.org/10.5006/4649,26.444444444444443,6.525210084033613,0.6596638655462185,0.5798319327731093,0.0126050420168067,0.0210084033613445
https://doi.org/10.5006/4695,24.428571428571427,7.269005847953216,0.695906432748538,0.7076023391812866,0.023391812865497,0.0292397660818713
https://doi.org/10.5006/4756,27.0,7.555555555555555,0.7901234567901234,0.6604938271604939,0.0185185185185185,0.0061728395061728
https://doi.org/10.5006/4808,29.166666666666668,6.434285714285714,0.6228571428571429,0.5542857142857143,0.0171428571428571,0.0057142857142857
https://doi.org/10.5006/4731,23.77777777777778,6.962616822429907,0.7009345794392523,0.6355140186915887,0.0700934579439252,0.014018691588785
https://doi.org/10.5006/4569,21.285714285714285,7.033557046979865,0.6778523489932886,0.5771812080536913,0.0335570469798657,0.0134228187919463
https://doi.org/10.5006/4734,16.11111111111111,6.379310344827586,0.6689655172413793,0.6,0.0344827586206896,0.0068965517241379
https://doi.org/10.5006/4629,17.76923076923077,6.606060606060606,0.70995670995671,0.6796536796536796,0.0216450216450216,0.0259740259740259
https://doi.org/10.5006/4665,20.77777777777778,6.721925133689839,0.6737967914438503,0.6577540106951871,0.053475935828877,0.0106951871657754
https://doi.org/10.5006/4679,18.285714285714285,6.9609375,0.65625,0.671875,0.0234375,0.0078125
https://doi.org/10.5006/4773,19.08333333333333,6.8384279475982535,0.6986899563318777,0.5895196506550219,0.0611353711790393,0.0131004366812227
https://doi.org/10.5006/4612,30.0,6.833333333333333,0.675,0.6583333333333333,0.0416666666666666,0.025
https://doi.org/10.5006/4571,34.0,6.741176470588235,0.6058823529411764,0.5647058823529412,0.0352941176470588,0.0176470588235294
https://doi.org/10.5006/4711,38.833333333333336,6.236051502145923,0.5622317596566524,0.5836909871244635,0.0171673819742489,0.0257510729613733
https://doi.org/10.5006/4708,16.42105263157895,6.535256410256411,0.6730769230769231,0.5961538461538461,0.0192307692307692,0.032051282051282
https://doi.org/10.5006/4656,26.3,6.357414448669202,0.6121673003802282,0.5437262357414449,0.0228136882129277,0.0114068441064638
https://doi.org/10.5006/4726,15.692307692307692,6.950980392156863,0.7352941176470589,0.7696078431372549,0.0539215686274509,0.0294117647058823
https://doi.org/10.5006/4819,25.625,7.3707317073170735,0.7219512195121951,0.7024390243902439,0.0390243902439024,0.0048780487804878
https://doi.org/10.5006/4837,15.875,6.606299212598425,0.6614173228346457,0.6850393700787402,0.0393700787401574,0.0314960629921259
https://doi.org/10.5006/4753,21.818181818181817,6.45,0.6291666666666667,0.4583333333333333,0.0541666666666666,0.0
https://doi.org/10.5006/4749,24.5,7.448979591836735,0.7224489795918367,0.6571428571428571,0.0612244897959183,0.0081632653061224
https://doi.org/10.5006/4752,18.785714285714285,6.722433460076045,0.6806083650190115,0.5741444866920152,0.0228136882129277,0.0228136882129277
https://doi.org/10.5006/4801,26.285714285714285,7.657608695652174,0.7228260869565217,0.7010869565217391,0.0163043478260869,0.0217391304347826
https://doi.org/10.5006/4833,24.0,6.864583333333333,0.7708333333333334,0.7291666666666666,0.0520833333333333,0.03125
https://doi.org/10.5006/4342,30.166666666666668,5.8397790055248615,0.6464088397790055,0.5248618784530387,0.0165745856353591,0.0165745856353591
https://doi.org/10.5006/4510,12.473684210526317,7.109704641350211,0.6919831223628692,0.6329113924050633,0.0295358649789029,0.0084388185654008
https://doi.org/10.5006/4666,26.0,6.1923076923076925,0.6153846153846154,0.6923076923076923,0.0576923076923076,0.048076923076923
https://doi.org/10.5006/4688,28.25,7.092920353982301,0.6769911504424779,0.5575221238938053,0.0442477876106194,0.0353982300884955
https://doi.org/10.5006/4888,28.428571428571427,7.28140703517588,0.7085427135678392,0.7085427135678392,0.0201005025125628,0.0251256281407035
https://doi.org/10.5006/4710,36.66666666666666,6.377272727272727,0.6136363636363636,0.6227272727272727,0.0136363636363636,0.0318181818181818
https://doi.org/10.5006/4816,29.166666666666668,7.102857142857143,0.7085714285714285,0.6628571428571428,0.0342857142857142,0.0057142857142857
https://doi.org/10.5006/4829,33.5,6.845771144278607,0.6965174129353234,0.6915422885572139,0.0497512437810945,0.0248756218905472
https://doi.org/10.5006/4750,9.333333333333334,7.428571428571429,0.7785714285714286,0.8642857142857143,0.0428571428571428,0.0285714285714285
https://doi.org/10.5006/4754,13.333333333333334,7.61875,0.76875,0.70625,0.025,0.01875
https://doi.org/10.5006/4658,23.125,6.283783783783784,0.6270270270270271,0.4972972972972973,0.0108108108108108,0.0135135135135135
https://doi.org/10.5006/4706,18.33333333333333,6.381818181818182,0.6409090909090909,0.5727272727272728,0.0409090909090909,0.0318181818181818
https://doi.org/10.5006/4686,20.1,6.681592039800995,0.6865671641791045,0.5124378109452736,0.044776119402985,0.0049751243781094
https://doi.org/10.5006/4742,26.88888888888889,6.43801652892562,0.628099173553719,0.5330578512396694,0.0206611570247933,0.012396694214876
https://doi.org/10.5006/4765,20.0,7.3136363636363635,0.7,0.6545454545454545,0.0227272727272727,0.009090909090909
https://doi.org/10.5006/4748,26.8,7.544776119402985,0.664179104477612,0.7089552238805971,0.0298507462686567,0.0149253731343283
https://doi.org/10.5006/4728,20.6,6.563106796116505,0.7621359223300971,0.5776699029126213,0.0631067961165048,0.0097087378640776
https://doi.org/10.5006/4745,15.9,6.314465408805032,0.6540880503144654,0.5723270440251572,0.0566037735849056,0.0062893081761006
https://doi.org/10.5006/4766,17.384615384615383,7.008849557522124,0.7433628318584071,0.7079646017699115,0.0088495575221238,0.0132743362831858
https://doi.org/10.5006/4636,27.83333333333333,5.754491017964072,0.6407185628742516,0.6167664670658682,0.0179640718562874,0.0
https://doi.org/10.5006/4568,19.727272727272727,7.612903225806452,0.7557603686635944,0.7050691244239631,0.032258064516129,0.0138248847926267
https://doi.org/10.5006/4641,19.4,7.041237113402062,0.6597938144329897,0.6804123711340206,0.0721649484536082,0.0103092783505154
https://doi.org/10.5006/4664,17.636363636363637,6.737113402061856,0.6649484536082474,0.6597938144329897,0.0412371134020618,0.0051546391752577
https://doi.org/10.5006/4662,17.5,6.504761904761905,0.6857142857142857,0.7428571428571429,0.0380952380952381,0.0285714285714285
https://doi.org/10.5006/4646,19.33333333333333,7.241379310344827,0.6896551724137931,0.646551724137931,0.0603448275862069,0.0172413793103448
https://doi.org/10.5006/4682,8.833333333333334,6.471698113207547,0.7169811320754716,0.6289308176100629,0.0188679245283018,0.0314465408805031
https://doi.org/10.5006/4692,10.5,6.958333333333333,0.6666666666666666,0.6607142857142857,0.0476190476190476,0.0178571428571428
https://doi.org/10.5006/4677,21.0,6.639455782312925,0.6802721088435374,0.6938775510204082,0.0612244897959183,0.0068027210884353
https://doi.org/10.5006/4736,29.0,5.896551724137931,0.5862068965517241,0.9655172413793104,0.0689655172413793,0.0344827586206896
https://doi.org/10.5006/4698,21.25,6.7,0.6529411764705882,0.7470588235294118,0.0235294117647058,0.0470588235294117
https://doi.org/10.5006/4691,18.875,7.066225165562914,0.7152317880794702,0.7417218543046358,0.0463576158940397,0.0066225165562913
https://doi.org/10.5006/4721,22.88888888888889,6.87378640776699,0.6359223300970874,0.6650485436893204,0.0388349514563106,0.0194174757281553
https://doi.org/10.5006/4739,21.11111111111111,6.91578947368421,0.6947368421052632,0.6842105263157895,0.0421052631578947,0.0157894736842105
https://doi.org/10.5006/4737,25.0,6.71,0.69,0.71,0.07,0.01
https://doi.org/10.5006/4740,30.285714285714285,6.6415094339622645,0.6509433962264151,0.5047169811320755,0.0330188679245283,0.0235849056603773
https://doi.org/10.5006/4705,24.6,6.914634146341464,0.6422764227642277,0.516260162601626,0.032520325203252,0.0121951219512195
https://doi.org/10.5006/4654,17.821428571428573,6.629258517034068,0.7014028056112225,0.406813627254509,0.0180360721442885,0.0200400801603206
https://doi.org/10.5006/4723,24.75,6.626262626262626,0.696969696969697,0.7777777777777778,0.0606060606060606,0.0
https://doi.org/10.5006/4684,20.5,6.939024390243903,0.6890243902439024,0.5670731707317073,0.024390243902439,0.0060975609756097
https://doi.org/10.5006/4760,14.909090909090908,6.609756097560975,0.725609756097561,0.6463414634146342,0.0670731707317073,0.024390243902439
https://doi.org/10.5006/4696,21.2,6.056603773584905,0.6556603773584906,0.6415094339622641,0.0235849056603773,0.0047169811320754
https://doi.org/10.5006/4802,23.0,7.9728260869565215,0.7228260869565217,0.6413043478260869,0.0489130434782608,0.0108695652173913
https://doi.org/10.5006/4796,20.846153846153847,6.671586715867159,0.7195571955719557,0.5350553505535055,0.029520295202952,0.014760147601476
https://doi.org/10.5006/4786,23.75,6.568421052631579,0.6263157894736842,0.5473684210526316,0.031578947368421,0.0105263157894736
https://doi.org/10.5006/4764,19.666666666666668,7.491525423728813,0.7344632768361582,0.6779661016949152,0.0621468926553672,0.0225988700564971
https://doi.org/10.5006/4762,18.666666666666668,7.263392857142857,0.6473214285714286,0.5357142857142857,0.0357142857142857,0.03125
https://doi.org/10.5006/4787,25.8,6.937984496124031,0.7131782945736435,0.6821705426356589,0.0310077519379844,0.0232558139534883
https://doi.org/10.5006/4743,22.83333333333333,6.912408759124087,0.6204379562043796,0.5401459854014599,0.0364963503649635,0.0145985401459854
https://doi.org/10.5006/4780,17.076923076923077,6.0225225225225225,0.6666666666666666,0.5585585585585585,0.0405405405405405,0.0135135135135135
https://doi.org/10.5006/4751,34.833333333333336,7.334928229665071,0.6889952153110048,0.6698564593301436,0.0334928229665071,0.0047846889952153
https://doi.org/10.5006/4741,18.8,6.824468085106383,0.6223404255319149,0.4202127659574468,0.0372340425531914,0.0159574468085106
https://doi.org/10.5006/4637,23.25,6.811827956989247,0.6559139784946236,0.6182795698924731,0.0376344086021505,0.010752688172043
https://doi.org/10.5006/4782,19.11111111111111,6.308139534883721,0.6337209302325582,0.5813953488372093,0.0290697674418604,0.0174418604651162
https://doi.org/10.5006/4730,38.42857142857143,6.565055762081784,0.7100371747211895,0.516728624535316,0.0446096654275092,0.0074349442379182
https://doi.org/10.5006/4858,21.6,6.435185185185185,0.6481481481481481,0.7314814814814815,0.0462962962962962,0.0555555555555555
https://doi.org/10.5006/4761,15.5,6.358870967741935,0.6774193548387096,0.5,0.0282258064516129,0.0120967741935483
https://doi.org/10.5006/4758,18.2,6.456043956043956,0.6978021978021978,0.5439560439560439,0.0274725274725274,0.0329670329670329
https://doi.org/10.5006/4831,26.0,6.725274725274725,0.6923076923076923,0.6098901098901099,0.0219780219780219,0.0109890109890109
https://doi.org/10.5006/4792,22.875,6.808743169398907,0.726775956284153,0.6775956284153005,0.0218579234972677,0.0163934426229508
https://doi.org/10.5006/4876,32.0,6.177083333333333,0.625,0.6875,0.0625,0.0104166666666666
https://doi.org/10.5006/4799,16.625,6.714285714285714,0.6466165413533834,0.6616541353383458,0.0300751879699248,0.0300751879699248
https://doi.org/10.1177/1478422x251351692,13.642857142857142,7.340314136125654,0.6858638743455497,0.643979057591623,0.0209424083769633,0.0104712041884816
https://doi.org/10.1177/1478422x251314174,24.7,6.425101214574899,0.6558704453441295,0.5425101214574899,0.0404858299595141,0.0323886639676113
https://doi.org/10.1177/1478422x251316979,17.5,6.560714285714286,0.65,0.6642857142857143,0.0178571428571428,0.0428571428571428
https://doi.org/10.1177/1478422x251358291,22.11111111111111,7.135678391959799,0.6482412060301508,0.6030150753768844,0.0351758793969849,0.0251256281407035
https://doi.org/10.1177/1478422x251358466,20.0,7.105,0.685,0.63,0.015,0.01
https://doi.org/10.1177/1478422x251321923,16.454545454545453,7.104972375690608,0.7016574585635359,0.6243093922651933,0.0441988950276243,0.011049723756906
https://doi.org/10.1177/1478422x251348976,15.166666666666666,7.186813186813187,0.7087912087912088,0.7417582417582418,0.0439560439560439,0.0219780219780219
https://doi.org/10.1177/1478422x251360180,24.0,6.333333333333333,0.7037037037037037,0.6759259259259259,0.0277777777777777,0.0231481481481481
https://doi.org/10.1177/1478422x241313050,12.473684210526317,7.151898734177215,0.7383966244725738,0.7088607594936709,0.0253164556962025,0.0210970464135021
https://doi.org/10.1177/1478422x251370053,14.647058823529411,8.48995983935743,0.7309236947791165,0.4899598393574297,0.0200803212851405,0.0040160642570281
https://doi.org/10.1177/1478422x241307122,15.454545454545457,6.211764705882353,0.6941176470588235,0.4764705882352941,0.0411764705882352,0.0058823529411764
https://doi.org/10.1177/1478422x251314175,18.2,7.5,0.6703296703296703,0.6703296703296703,0.0329670329670329,0.0109890109890109
https://doi.org/10.1177/1478422x251338607,15.866666666666667,6.19327731092437,0.7142857142857143,0.5798319327731093,0.0336134453781512,0.0252100840336134
https://doi.org/10.1177/1478422x241307512,19.5,7.1692307692307695,0.7282051282051282,0.7076923076923077,0.0461538461538461,0.0205128205128205
https://doi.org/10.1177/1478422x251331408,14.9,7.006711409395973,0.7046979865771812,0.6174496644295302,0.0671140939597315,0.0
https://doi.org/10.1177/1478422x251335822,21.714285714285715,6.039473684210527,0.6842105263157895,0.5394736842105263,0.0131578947368421,0.006578947368421
https://doi.org/10.1177/1478422x251342577,20.8,8.163461538461538,0.7596153846153846,0.8653846153846154,0.048076923076923,0.0288461538461538
https://doi.org/10.1177/1478422x251330033,15.0,6.4,0.7066666666666667,0.62,0.0466666666666666,0.0133333333333333
https://doi.org/10.1177/1478422x251347338,24.75,7.272727272727272,0.7323232323232324,0.6515151515151515,0.0505050505050505,0.0252525252525252
https://doi.org/10.1177/1478422x251358002,29.33333333333333,6.346590909090909,0.6420454545454546,0.5397727272727273,0.0227272727272727,0.0113636363636363
https://doi.org/10.1177/1478422x251365370,27.142857142857142,6.010526315789473,0.7,0.5842105263157895,0.0210526315789473,0.0
https://doi.org/10.1177/1478422x251380402,21.4,6.682242990654205,0.7289719626168224,0.6121495327102804,0.0186915887850467,0.014018691588785
https://doi.org/10.1177/1478422x251386990,10.63157894736842,6.737623762376238,0.7227722772277227,0.6237623762376238,0.0495049504950495,0.0049504950495049
https://doi.org/10.1177/1478422x251387524,24.0,8.091666666666667,0.7333333333333333,0.6708333333333333,0.0166666666666666,0.0125
https://doi.org/10.1177/1478422x251398913,16.53846153846154,7.274418604651163,0.8046511627906977,0.7209302325581395,0.027906976744186,0.027906976744186
https://doi.org/10.1177/1478422x251396203,25.5,6.887254901960785,0.7107843137254902,0.7156862745098039,0.0196078431372549,0.0245098039215686
https://doi.org/10.1177/1478422x251396197,26.8,6.768656716417911,0.7388059701492538,0.7089552238805971,0.0298507462686567,0.0074626865671641
https://doi.org/10.1177/1478422x251350823,8.652173913043478,7.748743718592965,0.8442211055276382,0.8442211055276382,0.0150753768844221,0.0100502512562814
https://doi.org/10.1177/1478422x241310067,39.0,6.384615384615385,0.764102564102564,0.7025641025641025,0.0461538461538461,0.0051282051282051
https://doi.org/10.1177/1478422x251338444,19.8,7.015151515151516,0.696969696969697,0.5909090909090909,0.0202020202020202,0.0151515151515151
https://doi.org/10.1177/1478422x251345985,26.714285714285715,7.160427807486631,0.6844919786096256,0.6631016042780749,0.0427807486631016,0.0213903743315508
https://doi.org/10.1177/1478422x251358463,13.642857142857142,7.041884816753926,0.7015706806282722,0.6963350785340314,0.031413612565445,0.0157068062827225
https://doi.org/10.1177/1478422x251319152,11.916666666666666,7.6573426573426575,0.6783216783216783,0.7202797202797203,0.0209790209790209,0.0069930069930069
https://doi.org/10.1177/1478422x251337561,15.538461538461538,6.376237623762377,0.6435643564356436,0.6089108910891089,0.0396039603960396,0.0148514851485148
https://doi.org/10.1177/1478422x251321938,26.0,6.42948717948718,0.6602564102564102,0.6666666666666666,0.0384615384615384,0.0064102564102564
https://doi.org/10.1177/1478422x251321934,28.5,6.7105263157894735,0.6052631578947368,0.6052631578947368,0.043859649122807,0.0263157894736842
https://doi.org/10.1177/1478422x251344224,26.88888888888889,7.43801652892562,0.6735537190082644,0.5537190082644629,0.0165289256198347,0.012396694214876
https://doi.org/10.1177/1478422x251352962,21.33333333333333,6.729166666666667,0.6875,0.6458333333333334,0.03125,0.015625
https://doi.org/10.1177/1478422x251356120,21.11111111111111,7.089473684210526,0.7210526315789474,0.6526315789473685,0.0263157894736842,0.0157894736842105
https://doi.org/10.1177/1478422x251379228,20.666666666666668,7.349462365591398,0.7688172043010753,0.6827956989247311,0.021505376344086,0.0268817204301075
https://doi.org/10.1177/1478422x241310412,20.0,6.54,0.685,0.725,0.03,0.05
https://doi.org/10.1177/1478422x241311671,22.0,7.128787878787879,0.6818181818181818,0.7121212121212122,0.0606060606060606,0.0227272727272727
https://doi.org/10.1177/1478422x251317806,15.545454545454543,7.105263157894737,0.7368421052631579,0.6783625730994152,0.0409356725146198,0.023391812865497
https://doi.org/10.1177/1478422x251317314,30.0,6.523809523809524,0.7333333333333333,0.5571428571428572,0.0285714285714285,0.0142857142857142
https://doi.org/10.1177/1478422x251321548,25.0,6.72,0.7333333333333333,0.6733333333333333,0.0466666666666666,0.0
https://doi.org/10.1177/1478422x251321942,24.0,7.534722222222222,0.7013888888888888,0.75,0.0625,0.0069444444444444
https://doi.org/10.1177/1478422x251335438,12.8,6.828125,0.71875,0.6770833333333334,0.0208333333333333,0.0104166666666666
https://doi.org/10.1177/1478422x251335439,8.73913043478261,6.72636815920398,0.6915422885572139,0.7213930348258707,0.0348258706467661,0.0348258706467661
https://doi.org/10.1177/1478422x251340712,14.526315789473683,6.648550724637682,0.6847826086956522,0.4927536231884058,0.0181159420289855,0.0181159420289855
https://doi.org/10.1177/1478422x251342407,15.75,6.992063492063492,0.6984126984126984,0.6666666666666666,0.0396825396825396,0.0158730158730158
https://doi.org/10.1177/1478422x251345243,26.428571428571427,7.367567567567567,0.6918918918918919,0.5891891891891892,0.0378378378378378,0.0162162162162162
https://doi.org/10.1177/1478422x251321928,56.5,6.557522123893805,0.672566371681416,0.6637168141592921,0.0353982300884955,0.0265486725663716
https://doi.org/10.1177/1478422x251345215,21.0,7.452380952380952,0.7797619047619048,0.7142857142857143,0.0535714285714285,0.0119047619047619
https://doi.org/10.1177/1478422x251330789,12.066666666666666,6.171270718232044,0.6132596685082873,0.6132596685082873,0.0386740331491712,0.005524861878453
https://doi.org/10.1177/1478422x251345919,33.833333333333336,7.58128078817734,0.7438423645320197,0.5665024630541872,0.0591133004926108,0.0147783251231527
https://doi.org/10.1177/1478422x251347357,20.666666666666668,7.026881720430108,0.6989247311827957,0.6505376344086021,0.021505376344086,0.043010752688172
https://doi.org/10.1177/1478422x251348756,14.666666666666666,7.221590909090909,0.7784090909090909,0.7670454545454546,0.0454545454545454,0.0170454545454545
https://doi.org/10.1177/1478422x251356535,19.3125,6.951456310679611,0.7216828478964401,0.5792880258899676,0.0129449838187702,0.0161812297734627
https://doi.org/10.1177/1478422x251358647,20.428571428571427,7.090909090909091,0.7762237762237763,0.7482517482517482,0.0629370629370629,0.0
https://doi.org/10.1177/1478422x251358467,13.833333333333334,6.734939759036145,0.6987951807228916,0.5602409638554217,0.0602409638554216,0.0120481927710843
https://doi.org/10.1177/1478422x251356126,19.0,7.038277511961723,0.7129186602870813,0.5789473684210527,0.0287081339712918,0.0095693779904306
https://doi.org/10.1177/1478422x251367599,19.0,6.169590643274854,0.7602339181286549,0.5964912280701754,0.023391812865497,0.0116959064327485
https://doi.org/10.1177/1478422x251367484,33.666666666666664,7.1683168316831685,0.6633663366336634,0.6831683168316832,0.0297029702970297,0.0
https://doi.org/10.1177/1478422x251379226,26.142857142857142,7.043715846994536,0.6885245901639344,0.6612021857923497,0.0327868852459016,0.0273224043715847
https://doi.org/10.1177/1478422x251378305,27.6,6.992753623188406,0.7028985507246377,0.6884057971014492,0.0289855072463768,0.0072463768115942
https://doi.org/10.1177/1478422x251378549,22.5,7.037037037037037,0.7185185185185186,0.6888888888888889,0.037037037037037,0.0444444444444444
https://doi.org/10.1177/1478422x251380319,14.538461538461538,7.492063492063492,0.7619047619047619,0.6296296296296297,0.0423280423280423,0.0052910052910052
https://doi.org/10.1177/1478422x251382724,17.90909090909091,7.654822335025381,0.751269035532995,0.6903553299492385,0.015228426395939,0.0203045685279187
https://doi.org/10.1177/1478422x251376903,18.444444444444443,7.397590361445783,0.7409638554216867,0.7409638554216867,0.0421686746987951,0.0301204819277108
https://doi.org/10.1177/1478422x251376907,19.923076923076923,7.343629343629344,0.7722007722007722,0.7027027027027027,0.0347490347490347,0.0154440154440154
https://doi.org/10.1177/1478422x251389038,16.375,7.366412213740458,0.7480916030534351,0.7862595419847328,0.0305343511450381,0.0
https://doi.org/10.1177/1478422x251389033,23.615384615384617,6.62214983713355,0.6807817589576547,0.5146579804560261,0.0358306188925081,0.009771986970684
https://doi.org/10.1177/1478422x251391237,23.375,7.262032085561497,0.7058823529411765,0.6310160427807486,0.0427807486631016,0.0213903743315508
https://doi.org/10.1177/1478422x251396206,18.08333333333333,7.880184331797235,0.7557603686635944,0.7235023041474654,0.0414746543778801,0.0230414746543778
https://doi.org/10.1177/1478422x251396201,19.666666666666668,7.559322033898305,0.7288135593220338,0.711864406779661,0.03954802259887,0.0169491525423728
https://doi.org/10.1177/1478422x251399710,24.625,7.558375634517766,0.7157360406091371,0.6802030456852792,0.065989847715736,0.015228426395939
https://doi.org/10.1177/1478422x251401012,24.0,6.691666666666666,0.7166666666666667,0.7416666666666667,0.0333333333333333,0.05
https://doi.org/10.1177/1478422x251405120,28.0,6.469387755102041,0.7040816326530612,0.5816326530612245,0.0357142857142857,0.0204081632653061
https://doi.org/10.1177/1478422x251406725,21.58333333333333,5.772200772200772,0.806949806949807,0.5791505791505791,0.0231660231660231,0.0193050193050193
https://doi.org/10.1177/1478422x251396700,13.6,6.872549019607843,0.7156862745098039,0.7156862745098039,0.0441176470588235,0.0
https://doi.org/10.1016/j.corsci.2025.112827,33.333333333333336,6.18,0.58,0.62,0.02,0.06
https://doi.org/10.1016/j.corsci.2025.112971,19.0,5.646616541353383,0.8045112781954887,0.6992481203007519,0.0526315789473684,0.0150375939849624
https://doi.org/10.1016/j.corsci.2025.112974,20.4,7.392156862745098,0.7450980392156863,0.6666666666666666,0.0490196078431372,0.0245098039215686
https://doi.org/10.1016/j.corsci.2025.112707,12.333333333333334,6.77027027027027,0.7162162162162162,0.6621621621621622,0.0405405405405405,0.0
https://doi.org/10.1016/j.corsci.2025.112796,15.333333333333334,6.87888198757764,0.7701863354037267,0.5559006211180124,0.031055900621118,0.0124223602484472
https://doi.org/10.1016/j.corsci.2025.112947,21.181818181818183,6.879828326180258,0.7639484978540773,0.6266094420600858,0.0429184549356223,0.0085836909871244
https://doi.org/10.1016/j.corsci.2025.112812,15.181818181818182,7.377245508982036,0.7425149700598802,0.6167664670658682,0.029940119760479,0.0119760479041916
https://doi.org/10.1016/j.corsci.2025.112943,19.0,7.239766081871345,0.7251461988304093,0.672514619883041,0.0409356725146198,0.0116959064327485
https://doi.org/10.1016/j.corsci.2025.113039,22.0,6.712121212121212,0.7222222222222222,0.6616161616161617,0.0808080808080808,0.005050505050505
https://doi.org/10.1016/j.corsci.2025.112719,18.25,6.595890410958904,0.7123287671232876,0.636986301369863,0.0342465753424657,0.0
https://doi.org/10.1016/j.corsci.2025.112769,21.5,6.0813953488372094,0.7616279069767442,0.6337209302325582,0.0406976744186046,0.0
https://doi.org/10.1016/j.corsci.2025.112799,11.333333333333334,7.166666666666667,0.7941176470588235,0.8235294117647058,0.088235294117647,0.0
https://doi.org/10.1016/j.corsci.2025.112950,21.8,7.110091743119266,0.7155963302752294,0.6146788990825688,0.0458715596330275,0.0091743119266055
https://doi.org/10.1016/j.corsci.2025.112987,20.90909090909091,6.552173913043478,0.7043478260869566,0.5304347826086957,0.0347826086956521,0.0217391304347826
https://doi.org/10.1016/j.corsci.2025.112824,18.55555555555556,6.802395209580839,0.7544910179640718,0.718562874251497,0.0179640718562874,0.0179640718562874
https://doi.org/10.1016/j.corsci.2025.112928,19.125,7.30718954248366,0.673202614379085,0.6535947712418301,0.0196078431372549,0.0392156862745098
https://doi.org/10.1016/j.corsci.2025.112938,18.142857142857142,7.275590551181103,0.8031496062992126,0.8976377952755905,0.0314960629921259,0.0078740157480314
https://doi.org/10.1016/j.corsci.2025.113063,20.11111111111111,6.795580110497237,0.6298342541436464,0.5138121546961326,0.0331491712707182,0.0276243093922651
https://doi.org/10.1016/j.corsci.2025.113171,21.90909090909091,6.796680497925311,0.7551867219917012,0.6182572614107884,0.0290456431535269,0.0207468879668049
https://doi.org/10.1016/j.corsci.2025.112849,15.333333333333334,5.905797101449275,0.7608695652173914,0.5434782608695652,0.036231884057971,0.0036231884057971
https://doi.org/10.1016/j.corsci.2025.112911,20.0,6.876923076923077,0.7346153846153847,0.5538461538461539,0.0269230769230769,0.0076923076923076
https://doi.org/10.1016/j.corsci.2025.113167,30.142857142857142,6.265402843601896,0.7535545023696683,0.6018957345971564,0.0379146919431279,0.0189573459715639
https://doi.org/10.1016/j.corsci.2025.112759,13.625,5.697247706422019,0.6972477064220184,0.7339449541284404,0.0458715596330275,0.018348623853211
https://doi.org/10.1016/j.corsci.2025.113201,23.25,6.967741935483871,0.7096774193548387,0.7956989247311828,0.075268817204301,0.010752688172043
https://doi.org/10.1016/j.corsci.2025.113355,19.25,7.095238095238095,0.7489177489177489,0.6406926406926406,0.0259740259740259,0.0086580086580086
https://doi.org/10.1016/j.corsci.2025.112695,17.88888888888889,6.739130434782608,0.6708074534161491,0.5652173913043478,0.031055900621118,0.0062111801242236
https://doi.org/10.1016/j.corsci.2025.112939,20.384615384615383,6.388679245283019,0.6867924528301886,0.4528301886792453,0.0415094339622641,0.0150943396226415
https://doi.org/10.1016/j.corsci.2025.112985,10.76923076923077,5.928571428571429,0.6964285714285714,0.4785714285714286,0.0392857142857142,0.0178571428571428
https://doi.org/10.1016/j.corsci.2025.112800,21.07692307692308,6.507299270072993,0.656934306569343,0.4708029197080292,0.0291970802919708,0.010948905109489
https://doi.org/10.1016/j.corsci.2025.112960,7.428571428571429,6.240384615384615,0.7980769230769231,0.75,0.0288461538461538,0.0
https://doi.org/10.1016/j.corsci.2025.113012,20.0,7.745833333333334,0.7291666666666666,0.7041666666666667,0.0166666666666666,0.0083333333333333
https://doi.org/10.1016/j.corsci.2025.113095,25.75,5.757281553398058,0.6796116504854369,0.7378640776699029,0.0776699029126213,0.0097087378640776
https://doi.org/10.1016/j.corsci.2025.112846,16.88888888888889,6.407894736842105,0.6644736842105263,0.4013157894736842,0.0263157894736842,0.006578947368421
https://doi.org/10.1016/j.corsci.2025.113080,19.55555555555556,6.948863636363637,0.6420454545454546,0.6818181818181818,0.0170454545454545,0.0113636363636363
https://doi.org/10.1016/j.corsci.2025.113142,15.88888888888889,6.475524475524476,0.6433566433566433,0.6853146853146853,0.0279720279720279,0.0209790209790209
https://doi.org/10.1016/j.corsci.2025.113321,23.272727272727277,6.83203125,0.671875,0.5078125,0.02734375,0.0078125
https://doi.org/10.1016/j.corsci.2025.113015,22.0,6.268939393939394,0.6325757575757576,0.5151515151515151,0.0378787878787878,0.0151515151515151
https://doi.org/10.1016/j.corsci.2025.112913,16.88235294117647,6.616724738675958,0.735191637630662,0.6062717770034843,0.0383275261324041,0.0104529616724738
https://doi.org/10.1016/j.corsci.2025.113183,27.33333333333333,7.560975609756097,0.6402439024390244,0.6524390243902439,0.024390243902439,0.0304878048780487
https://doi.org/10.1016/j.corsci.2025.112782,21.0,6.504761904761905,0.7142857142857143,0.7428571428571429,0.0476190476190476,0.0285714285714285
https://doi.org/10.1016/j.corsci.2025.112844,14.6,6.102739726027397,0.6643835616438356,0.636986301369863,0.0342465753424657,0.0342465753424657
https://doi.org/10.1016/j.corsci.2025.112929,15.7,7.407643312101911,0.7515923566878981,0.6751592356687898,0.0382165605095541,0.0254777070063694
https://doi.org/10.1016/j.corsci.2025.112803,23.09090909090909,6.078740157480315,0.6968503937007874,0.5708661417322834,0.0393700787401574,0.0118110236220472
https://doi.org/10.1016/j.corsci.2025.113129,26.0,7.532051282051282,0.7243589743589743,0.7564102564102564,0.0641025641025641,0.0192307692307692
https://doi.org/10.1016/j.corsci.2025.112851,16.071428571428573,6.688888888888889,0.72,0.6222222222222222,0.0222222222222222,0.0355555555555555
https://doi.org/10.1016/j.corsci.2025.112847,15.1,6.324503311258278,0.7682119205298014,0.5165562913907285,0.0198675496688741,0.0132450331125827
https://doi.org/10.1016/j.corsci.2025.112924,22.2,6.045045045045045,0.6936936936936937,0.7297297297297297,0.036036036036036,0.036036036036036
https://doi.org/10.1016/j.corsci.2025.113027,14.285714285714286,6.35,0.73,0.79,0.07,0.04
https://doi.org/10.1016/j.corsci.2025.113154,24.5,7.989795918367347,0.7755102040816326,0.7142857142857143,0.0918367346938775,0.010204081632653
https://doi.org/10.1016/j.corsci.2025.112677,20.2,6.98019801980198,0.7227722772277227,0.7524752475247525,0.0693069306930693,0.0
https://doi.org/10.1016/j.corsci.2025.112801,17.181818181818183,6.407407407407407,0.7566137566137566,0.5343915343915344,0.0264550264550264,0.0211640211640211
https://doi.org/10.1016/j.corsci.2025.112853,42.5,6.5019607843137255,0.6862745098039216,0.5882352941176471,0.0235294117647058,0.0117647058823529
https://doi.org/10.1016/j.corsci.2025.112861,20.0,6.9,0.72,0.68,0.06,0.03
https://doi.org/10.1016/j.corsci.2025.112896,21.125,6.183431952662722,0.7218934911242604,0.5680473372781065,0.0473372781065088,0.029585798816568
https://doi.org/10.1016/j.corsci.2025.112932,15.0,5.7696969696969695,0.7272727272727273,0.6242424242424243,0.0363636363636363,0.0121212121212121
https://doi.org/10.1016/j.corsci.2025.112967,19.933333333333334,6.05685618729097,0.6956521739130435,0.5083612040133779,0.0301003344481605,0.0167224080267558
https://doi.org/10.1016/j.corsci.2025.113052,22.384615384615383,6.154639175257732,0.7353951890034365,0.5498281786941581,0.0274914089347079,0.0171821305841924
https://doi.org/10.1016/j.corsci.2025.113081,25.285714285714285,7.0,0.6892655367231638,0.6949152542372882,0.0225988700564971,0.0225988700564971
https://doi.org/10.1016/j.corsci.2025.113260,14.857142857142858,6.264423076923077,0.7211538461538461,0.5144230769230769,0.0240384615384615,0.0144230769230769
https://doi.org/10.1016/j.corsci.2025.113241,42.75,7.099415204678363,0.6432748538011696,0.6257309941520468,0.0350877192982456,0.0467836257309941
https://doi.org/10.1016/j.corsci.2025.112992,36.75,6.2312925170068025,0.7619047619047619,0.54421768707483,0.0272108843537414,0.0
https://doi.org/10.1016/j.corsci.2025.112995,26.83333333333333,7.006211180124224,0.7329192546583851,0.6770186335403726,0.0248447204968944,0.0124223602484472
https://doi.org/10.1016/j.corsci.2025.113184,20.25,7.567901234567901,0.7592592592592593,0.6851851851851852,0.0555555555555555,0.0185185185185185
https://doi.org/10.1016/j.corsci.2025.113301,21.4,6.775700934579439,0.6822429906542056,0.8130841121495327,0.02803738317757,0.0093457943925233
https://doi.org/10.1016/j.corsci.2025.113523,25.454545454545453,6.339285714285714,0.7285714285714285,0.5035714285714286,0.025,0.0035714285714285
https://doi.org/10.1016/j.corsci.2025.112741,23.55555555555556,6.825471698113208,0.7122641509433962,0.5990566037735849,0.0283018867924528,0.0141509433962264
https://doi.org/10.1016/j.corsci.2025.112860,33.2,6.9397590361445785,0.7530120481927711,0.6204819277108434,0.0301204819277108,0.0060240963855421
https://doi.org/10.1016/j.corsci.2025.112878,22.2,6.207207207207207,0.7477477477477478,0.8558558558558559,0.045045045045045,0.018018018018018
https://doi.org/10.1016/j.corsci.2025.112909,23.0,6.768115942028985,0.7391304347826086,0.7101449275362319,0.0434782608695652,0.0144927536231884
https://doi.org/10.1016/j.corsci.2025.112903,16.555555555555557,7.214765100671141,0.7046979865771812,0.6308724832214765,0.046979865771812,0.0201342281879194
https://doi.org/10.1016/j.corsci.2025.112965,18.214285714285715,6.780392156862745,0.7137254901960784,0.5411764705882353,0.0156862745098039,0.0156862745098039
https://doi.org/10.1016/j.corsci.2025.112999,22.727272727272727,7.036,0.676,0.552,0.024,0.028
https://doi.org/10.1016/j.corsci.2025.113098,19.692307692307693,6.296875,0.68359375,0.51953125,0.01171875,0.02734375
https://doi.org/10.1016/j.corsci.2025.113121,28.5,6.192982456140351,0.6140350877192983,0.5555555555555556,0.0175438596491228,0.0292397660818713
https://doi.org/10.1016/j.corsci.2025.113251,23.0,7.021739130434782,0.6847826086956522,0.7119565217391305,0.0434782608695652,0.0108695652173913
https://doi.org/10.1016/j.corsci.2025.113319,31.11111111111111,6.5321428571428575,0.75,0.5892857142857143,0.0321428571428571,0.0107142857142857
https://doi.org/10.1016/j.corsci.2025.113394,18.545454545454547,6.617647058823529,0.7205882352941176,0.5980392156862745,0.0294117647058823,0.0098039215686274
https://doi.org/10.1016/j.corsci.2025.112745,20.23076923076923,7.136882129277566,0.688212927756654,0.5665399239543726,0.0228136882129277,0.026615969581749
https://doi.org/10.1016/j.corsci.2025.113023,27.11111111111111,6.209016393442623,0.6721311475409836,0.5245901639344263,0.0163934426229508,0.0081967213114754
https://doi.org/10.1016/j.corsci.2025.113145,19.8,8.02020202020202,0.7676767676767676,0.7676767676767676,0.0707070707070707,0.0101010101010101
https://doi.org/10.1016/j.corsci.2025.113410,18.214285714285715,7.513725490196078,0.7372549019607844,0.5490196078431373,0.0392156862745098,0.0078431372549019
https://doi.org/10.1016/j.corsci.2025.113539,22.857142857142858,7.0125,0.73125,0.725,0.025,0.025
https://doi.org/10.1016/j.corsci.2025.113561,20.0,8.01,0.77,0.87,0.02,0.01
https://doi.org/10.1016/j.corsci.2025.113495,18.857142857142858,6.890151515151516,0.7121212121212122,0.5378787878787878,0.034090909090909,0.0151515151515151
https://doi.org/10.1016/j.corsci.2025.113282,24.571428571428573,7.395348837209302,0.686046511627907,0.7558139534883721,0.0406976744186046,0.0232558139534883
https://doi.org/10.1016/j.corsci.2025.113311,15.071428571428571,5.886255924170616,0.6445497630331753,0.4407582938388625,0.0142180094786729,0.0142180094786729
https://doi.org/10.1016/j.corsci.2025.113423,18.714285714285715,6.706106870229007,0.7290076335877863,0.5534351145038168,0.0229007633587786,0.0229007633587786
https://doi.org/10.1016/j.corsci.2025.113505,31.0,6.175115207373272,0.695852534562212,0.5714285714285714,0.0276497695852534,0.0276497695852534
https://doi.org/10.1016/j.corsci.2025.112951,19.33333333333333,6.304597701149425,0.7011494252873564,0.632183908045977,0.0344827586206896,0.0459770114942528
https://doi.org/10.1016/j.corsci.2025.112930,20.666666666666668,6.814516129032258,0.75,0.7096774193548387,0.0483870967741935,0.0241935483870967
https://doi.org/10.1016/j.corsci.2025.113029,19.33333333333333,7.564655172413793,0.6982758620689655,0.646551724137931,0.0258620689655172,0.0129310344827586
https://doi.org/10.1016/j.corsci.2025.113076,29.33333333333333,7.284090909090909,0.7045454545454546,0.6931818181818182,0.0454545454545454,0.0113636363636363
https://doi.org/10.1016/j.corsci.2025.113146,19.5,7.222222222222222,0.717948717948718,0.717948717948718,0.0598290598290598,0.0256410256410256
https://doi.org/10.1016/j.corsci.2025.112843,8.352941176470589,6.394366197183099,0.7253521126760564,0.528169014084507,0.0352112676056338,0.0070422535211267
https://doi.org/10.1016/j.corsci.2025.112870,15.88888888888889,6.391608391608392,0.6538461538461539,0.486013986013986,0.0209790209790209,0.0314685314685314
https://doi.org/10.1016/j.corsci.2025.113267,23.75,6.621052631578947,0.6842105263157895,0.8631578947368421,0.0526315789473684,0.0105263157894736
https://doi.org/10.1016/j.corsci.2025.112691,36.75,6.476190476190476,0.7006802721088435,0.6190476190476191,0.0408163265306122,0.0204081632653061
https://doi.org/10.1016/j.corsci.2025.112897,22.4,6.5625,0.7678571428571429,0.6785714285714286,0.0535714285714285,0.0267857142857142
https://doi.org/10.1016/j.corsci.2025.112979,23.5,5.965957446808511,0.7148936170212766,0.548936170212766,0.0212765957446808,0.025531914893617
https://doi.org/10.1016/j.corsci.2025.113071,21.75,6.925287356321839,0.6264367816091954,0.6149425287356322,0.0517241379310344,0.0057471264367816
https://doi.org/10.1016/j.corsci.2025.113149,22.428571428571427,6.885350318471337,0.6942675159235668,0.6305732484076433,0.0318471337579617,0.0127388535031847
https://doi.org/10.1016/j.corsci.2025.113186,21.875,7.045714285714285,0.7428571428571429,0.7028571428571428,0.0457142857142857,0.0114285714285714
https://doi.org/10.1016/j.corsci.2025.113212,20.272727272727277,7.20627802690583,0.6681614349775785,0.5874439461883408,0.0224215246636771,0.0224215246636771
https://doi.org/10.1016/j.corsci.2025.113398,23.666666666666668,7.394366197183099,0.6995305164319249,0.676056338028169,0.0516431924882629,0.0093896713615023
https://doi.org/10.1016/j.corsci.2025.113496,15.76923076923077,6.263414634146342,0.7609756097560976,0.5609756097560976,0.0536585365853658,0.0
https://doi.org/10.1016/j.corsci.2025.113552,26.83333333333333,6.801242236024844,0.7267080745341615,0.4565217391304347,0.0217391304347826,0.0062111801242236
https://doi.org/10.1016/j.corsci.2025.113582,32.0,6.682291666666667,0.6927083333333334,0.6927083333333334,0.03125,0.0104166666666666
https://doi.org/10.1016/j.corsci.2025.113587,24.923076923076923,6.37962962962963,0.7037037037037037,0.558641975308642,0.0277777777777777,0.037037037037037
https://doi.org/10.1016/j.corsci.2025.113104,20.27777777777778,6.93972602739726,0.7095890410958904,0.5232876712328767,0.0191780821917808,0.010958904109589
https://doi.org/10.1016/j.corsci.2025.113409,17.181818181818183,7.201058201058201,0.7195767195767195,0.6402116402116402,0.0529100529100529,0.0105820105820105
https://doi.org/10.1016/j.corsci.2025.113443,26.125,6.952153110047847,0.7464114832535885,0.6411483253588517,0.0287081339712918,0.0526315789473684
https://doi.org/10.1016/j.corsci.2025.113486,20.2,7.445544554455446,0.7920792079207921,0.8514851485148515,0.0792079207920792,0.0099009900990099
https://doi.org/10.1016/j.corsci.2025.112899,19.916666666666668,6.7405857740585775,0.6401673640167364,0.5313807531380753,0.0209205020920502,0.00418410041841
https://doi.org/10.1016/j.corsci.2025.113290,32.111111111111114,6.038062283737024,0.7474048442906575,0.5121107266435986,0.0173010380622837,0.0034602076124567
https://doi.org/10.1016/j.corsci.2025.113323,16.65,5.870870870870871,0.7177177177177178,0.4474474474474474,0.012012012012012,0.036036036036036
https://doi.org/10.1016/j.corsci.2025.113417,27.666666666666668,6.957831325301205,0.6566265060240963,0.6445783132530121,0.0421686746987951,0.0301204819277108
https://doi.org/10.1016/j.corsci.2025.113444,20.0,6.655,0.76,0.595,0.02,0.015
https://doi.org/10.1016/j.corsci.2025.113457,27.0,7.533333333333333,0.6888888888888889,0.6888888888888889,0.074074074074074,0.0074074074074074
https://doi.org/10.1016/j.corsci.2025.113588,20.0,5.9625,0.7041666666666667,0.525,0.0125,0.0166666666666666
https://doi.org/10.1016/j.corsci.2025.112933,25.615384615384617,5.8258258258258255,0.6996996996996997,0.4594594594594595,0.012012012012012,0.006006006006006
https://doi.org/10.1016/j.corsci.2025.113386,15.923076923076923,7.0772946859903385,0.7342995169082126,0.5410628019323671,0.0193236714975845,0.0193236714975845
https://doi.org/10.1016/j.corsci.2025.112869,30.5,4.770491803278689,0.7213114754098361,0.3901639344262295,0.0163934426229508,0.0065573770491803
https://doi.org/10.1016/j.corsci.2025.112948,13.857142857142858,6.505154639175258,0.6649484536082474,0.5670103092783505,0.0412371134020618,0.0309278350515463
https://doi.org/10.1016/j.corsci.2025.112990,10.20689655172414,6.547297297297297,0.777027027027027,0.5912162162162162,0.027027027027027,0.0135135135135135
https://doi.org/10.1016/j.corsci.2025.112829,26.285714285714285,6.505434782608695,0.6793478260869565,0.6141304347826086,0.0489130434782608,0.0271739130434782
https://doi.org/10.1016/j.corsci.2025.113175,24.714285714285715,5.265895953757226,0.7052023121387283,0.4682080924855491,0.0173410404624277,0.0115606936416184
https://doi.org/10.1016/j.corsci.2025.113476,16.4,6.378048780487805,0.7682926829268293,0.5670731707317073,0.0304878048780487,0.0
https://doi.org/10.1016/j.corsci.2025.113521,22.857142857142858,6.38125,0.69375,0.65625,0.00625,0.00625
https://doi.org/10.1016/j.corsci.2025.113538,19.25,6.441558441558442,0.6796536796536796,0.5541125541125541,0.0476190476190476,0.0259740259740259
https://doi.org/10.1016/j.corsci.2025.113554,15.555555555555555,7.7214285714285715,0.75,0.7214285714285714,0.0214285714285714,0.0071428571428571
https://doi.org/10.1016/j.corsci.2025.113575,21.2,6.465408805031447,0.720125786163522,0.5471698113207547,0.0094339622641509,0.0157232704402515
https://doi.org/10.1016/j.corsci.2025.113577,34.6,6.427745664739884,0.6936416184971098,0.653179190751445,0.0289017341040462,0.0173410404624277
https://doi.org/10.3390/cmd6030038,21.0,7.82312925170068,0.7074829931972789,0.7006802721088435,0.0204081632653061,0.0204081632653061
https://doi.org/10.3390/cmd6030041,22.7,7.11453744493392,0.6563876651982379,0.5903083700440529,0.039647577092511,0.0220264317180616
https://doi.org/10.3390/cmd6010006,17.0,6.579831932773109,0.6302521008403361,0.5630252100840336,0.0168067226890756,0.0210084033613445
https://doi.org/10.3390/cmd6020018,22.83333333333333,7.715328467153284,0.7153284671532847,0.635036496350365,0.0291970802919708,0.0072992700729927
https://doi.org/10.3390/cmd6020020,22.83333333333333,6.7226277372262775,0.6861313868613139,0.7445255474452555,0.0291970802919708,0.0072992700729927
https://doi.org/10.3390/cmd6020014,23.77777777777778,6.789719626168225,0.616822429906542,0.5654205607476636,0.014018691588785,0.0186915887850467
https://doi.org/10.3390/cmd6030037,18.75,8.0,0.7066666666666667,0.84,0.0266666666666666,0.0133333333333333
https://doi.org/10.3390/cmd6010009,21.916666666666668,7.273764258555133,0.6768060836501901,0.6539923954372624,0.0228136882129277,0.0152091254752851
https://doi.org/10.3390/cmd6020015,18.09090909090909,7.075376884422111,0.7085427135678392,0.7035175879396985,0.0653266331658291,0.0100502512562814
https://doi.org/10.3390/cmd6020026,19.63636363636364,6.532407407407407,0.6296296296296297,0.5740740740740741,0.0277777777777777,0.0277777777777777
https://doi.org/10.3390/cmd6040046,21.5,7.007751937984496,0.6511627906976745,0.689922480620155,0.0387596899224806,0.0775193798449612
https://doi.org/10.3390/cmd6040051,21.7,6.857142857142857,0.6820276497695853,0.7004608294930875,0.0276497695852534,0.0230414746543778
https://doi.org/10.3390/cmd6040056,31.5,7.317460317460317,0.671957671957672,0.6190476190476191,0.0264550264550264,0.0211640211640211
https://doi.org/10.3390/cmd6010004,22.444444444444443,7.024752475247524,0.6386138613861386,0.594059405940594,0.0297029702970297,0.0297029702970297
https://doi.org/10.3390/cmd6020021,18.6875,6.5719063545150505,0.6421404682274248,0.5819397993311036,0.0133779264214046,0.0267558528428093
https://doi.org/10.3390/cmd6030029,18.5,7.936936936936937,0.7342342342342343,0.7387387387387387,0.027027027027027,0.018018018018018
https://doi.org/10.3390/cmd6030039,19.9,7.492462311557789,0.6683417085427136,0.5678391959798995,0.0251256281407035,0.0100502512562814
https://doi.org/10.3390/cmd6030044,23.875,6.806282722513089,0.6910994764397905,0.5916230366492147,0.0104712041884816,0.0209424083769633
https://doi.org/10.3390/cmd6040050,21.285714285714285,6.993288590604027,0.7315436241610739,0.7449664429530202,0.0536912751677852,0.0201342281879194
https://doi.org/10.3390/cmd6040064,23.5,7.579787234042553,0.7287234042553191,0.6648936170212766,0.0372340425531914,0.0212765957446808
https://doi.org/10.3390/cmd6030035,25.1,6.741035856573705,0.6095617529880478,0.5816733067729084,0.0199203187250996,0.0
https://doi.org/10.3390/cmd6010005,24.0,7.161458333333333,0.671875,0.5989583333333334,0.0208333333333333,0.0208333333333333
https://doi.org/10.3390/cmd6010013,22.25,6.677902621722846,0.6966292134831461,0.6367041198501873,0.0112359550561797,0.0112359550561797
https://doi.org/10.3390/cmd6030027,16.047619047619047,6.57566765578635,0.5934718100890207,0.5845697329376854,0.0178041543026706,0.029673590504451
https://doi.org/10.3390/cmd6030042,15.307692307692308,6.974874371859296,0.6633165829145728,0.6080402010050251,0.0301507537688442,0.0100502512562814
https://doi.org/10.3390/cmd6040047,23.5,7.035460992907802,0.7021276595744681,0.6879432624113475,0.0354609929078014,0.0212765957446808
https://doi.org/10.3390/cmd6030043,19.272727272727277,6.877358490566038,0.6320754716981132,0.6415094339622641,0.0141509433962264,0.0141509433962264
https://doi.org/10.3390/cmd6040049,28.25,7.199115044247788,0.7212389380530974,0.6238938053097345,0.0442477876106194,0.0088495575221238
https://doi.org/10.3390/cmd6040059,23.714285714285715,6.753012048192771,0.7228915662650602,0.5843373493975904,0.0481927710843373,0.0301204819277108
https://doi.org/10.3390/cmd6010007,20.142857142857142,6.929078014184397,0.7056737588652482,0.6312056737588653,0.0354609929078014,0.0319148936170212
https://doi.org/10.3390/cmd6010011,20.454545454545453,6.591111111111111,0.6711111111111111,0.5644444444444444,0.0133333333333333,0.0133333333333333
https://doi.org/10.3390/cmd6020017,23.125,7.237837837837838,0.6594594594594595,0.6648648648648648,0.027027027027027,0.0216216216216216
https://doi.org/10.3390/cmd6020019,19.9,6.673366834170854,0.6381909547738693,0.5728643216080402,0.0301507537688442,0.0150753768844221
https://doi.org/10.3390/cmd6030028,26.285714285714285,7.016304347826087,0.7010869565217391,0.6141304347826086,0.0380434782608695,0.0108695652173913
https://doi.org/10.3390/cmd6030034,31.4,7.127388535031847,0.6878980891719745,0.6815286624203821,0.0509554140127388,0.0
https://doi.org/10.3390/cmd6030040,30.125,7.228215767634855,0.6887966804979253,0.7136929460580913,0.0207468879668049,0.0082987551867219
https://doi.org/10.3390/cmd6040061,16.384615384615383,7.056338028169014,0.7417840375586855,0.6384976525821596,0.0375586854460093,0.0140845070422535
https://doi.org/10.3390/cmd6040066,27.25,7.614678899082569,0.6972477064220184,0.7155963302752294,0.0458715596330275,0.0
https://doi.org/10.3390/cmd7010004,21.25,8.18235294117647,0.7235294117647059,0.8,0.0529411764705882,0.0117647058823529
https://doi.org/10.3390/cmd6020025,19.33333333333333,6.948275862068965,0.6551724137931034,0.6091954022988506,0.0402298850574712,0.0172413793103448
https://doi.org/10.3390/cmd6020016,27.33333333333333,6.0,0.6707317073170732,0.6341463414634146,0.0182926829268292,0.0182926829268292
https://doi.org/10.3390/cmd6020023,12.782608695652174,6.843537414965986,0.7653061224489796,0.6836734693877551,0.0340136054421768,0.0136054421768707
https://doi.org/10.3390/cmd6030032,25.428571428571427,7.230337078651686,0.702247191011236,0.7078651685393258,0.0224719101123595,0.0112359550561797
https://doi.org/10.3390/cmd6040063,17.454545454545453,6.395833333333333,0.6614583333333334,0.5520833333333334,0.0416666666666666,0.0104166666666666
https://doi.org/10.3390/cmd6040067,18.666666666666668,7.96875,0.7276785714285714,0.7366071428571429,0.0580357142857142,0.0178571428571428
https://doi.org/10.3390/cmd6010010,24.666666666666668,6.45945945945946,0.668918918918919,0.6486486486486487,0.054054054054054,0.0202702702702702
https://doi.org/10.3390/cmd6010012,22.55555555555556,6.926108374384237,0.6995073891625616,0.6009852216748769,0.0394088669950738,0.0147783251231527
https://doi.org/10.3390/cmd6030033,24.0,7.416666666666667,0.75,0.8125,0.0833333333333333,0.0625
https://doi.org/10.3390/cmd6010003,22.5,6.422222222222223,0.6166666666666667,0.5611111111111111,0.0388888888888888,0.0333333333333333
https://doi.org/10.3390/cmd6010008,29.125,6.497854077253219,0.6180257510729614,0.6051502145922747,0.0171673819742489,0.0300429184549356
https://doi.org/10.3390/cmd6020022,28.4,7.464788732394366,0.6830985915492958,0.7394366197183099,0.0492957746478873,0.0140845070422535
https://doi.org/10.3390/cmd6020024,19.4,7.211340206185567,0.7010309278350515,0.6701030927835051,0.0103092783505154,0.0154639175257731
https://doi.org/10.3390/cmd6030030,21.25,6.805882352941176,0.6882352941176471,0.5882352941176471,0.0352941176470588,0.0235294117647058
https://doi.org/10.3390/cmd6030031,22.666666666666668,7.735294117647059,0.7205882352941176,0.7720588235294118,0.0220588235294117,0.0367647058823529
https://doi.org/10.3390/cmd6030036,22.88888888888889,6.441747572815534,0.6796116504854369,0.587378640776699,0.0242718446601941,0.0
https://doi.org/10.3390/cmd6030045,17.545454545454547,7.55440414507772,0.7202072538860104,0.6683937823834197,0.0362694300518134,0.0155440414507772
https://doi.org/10.3390/cmd6040048,25.625,6.102439024390244,0.6390243902439025,0.551219512195122,0.0195121951219512,0.0097560975609756
https://doi.org/10.3390/cmd6040052,22.857142857142858,6.81875,0.725,0.628125,0.021875,0.0125
https://doi.org/10.3390/cmd6040053,25.666666666666668,7.266233766233766,0.7207792207792207,0.7857142857142857,0.0779220779220779,0.0129870129870129
https://doi.org/10.3390/cmd6040054,22.22222222222222,6.425,0.625,0.655,0.025,0.03
https://doi.org/10.3390/cmd6040055,28.375,6.3744493392070485,0.5814977973568282,0.5198237885462555,0.0352422907488986,0.013215859030837
https://doi.org/10.3390/cmd6040057,10.25,7.117073170731707,0.7414634146341463,0.7902439024390244,0.0195121951219512,0.0195121951219512
https://doi.org/10.3390/cmd6040058,27.83333333333333,8.095808383233534,0.7485029940119761,0.7964071856287425,0.0538922155688622,0.0239520958083832
https://doi.org/10.3390/cmd6040060,15.333333333333334,7.050724637681159,0.7028985507246377,0.7681159420289855,0.0434782608695652,0.0289855072463768
https://doi.org/10.3390/cmd6040062,23.4,7.623931623931623,0.7051282051282052,0.6324786324786325,0.0128205128205128,0.0299145299145299
https://doi.org/10.3390/cmd6040065,23.90909090909091,6.593155893536122,0.6577946768060836,0.5513307984790875,0.026615969581749,0.0190114068441064
https://doi.org/10.3390/cmd7010001,24.33333333333333,6.420091324200913,0.6575342465753424,0.5296803652968036,0.0182648401826484,0.0091324200913242
https://doi.org/10.3390/cmd7010002,21.142857142857142,6.966216216216216,0.7027027027027027,0.6486486486486487,0.054054054054054,0.0202702702702702
https://doi.org/10.3390/cmd7010003,21.692307692307693,6.588652482269503,0.6312056737588653,0.5709219858156028,0.0283687943262411,0.0141843971631205
https://doi.org/10.1002/maco.202414606,20.2,6.782178217821782,0.6732673267326733,0.6831683168316832,0.0594059405940594,0.0099009900990099
https://doi.org/10.1002/maco.202414745,36.4,6.373626373626373,0.6538461538461539,0.510989010989011,0.0659340659340659,0.0
https://doi.org/10.1002/maco.12009,19.0,7.450292397660819,0.672514619883041,0.5146198830409356,0.0175438596491228,0.0116959064327485
https://doi.org/10.1002/maco.70045,27.33333333333333,7.225609756097561,0.7439024390243902,0.7317073170731707,0.0548780487804878,0.0365853658536585
https://doi.org/10.1002/maco.70051,8.705882352941176,6.804054054054054,0.7635135135135135,0.7297297297297297,0.0337837837837837,0.0202702702702702
https://doi.org/10.1002/maco.202414781,33.25,7.609022556390977,0.7293233082706767,0.7218045112781954,0.0150375939849624,0.0150375939849624
https://doi.org/10.1002/maco.202414742,10.727272727272728,7.093220338983051,0.6949152542372882,0.7457627118644068,0.0423728813559322,0.0169491525423728
https://doi.org/10.1002/maco.70047,19.75,7.341772151898734,0.740506329113924,0.7848101265822784,0.0316455696202531,0.0063291139240506
https://doi.org/10.1002/maco.202514816,20.428571428571427,7.20979020979021,0.6853146853146853,0.6153846153846154,0.0559440559440559,0.0209790209790209
https://doi.org/10.1002/maco.202414728,38.2,6.240837696335079,0.6858638743455497,0.5130890052356021,0.0261780104712041,0.0157068062827225
https://doi.org/10.1002/maco.12005,14.0,6.181818181818182,0.7207792207792207,0.5974025974025974,0.0519480519480519,0.0064935064935064
https://doi.org/10.1002/maco.12012,20.142857142857142,6.716312056737588,0.7092198581560284,0.6666666666666666,0.0354609929078014,0.0283687943262411
https://doi.org/10.1002/maco.70035,21.5,6.616279069767442,0.5988372093023255,0.5116279069767442,0.0174418604651162,0.0174418604651162
https://doi.org/10.1002/maco.202414673,22.571428571428573,7.120253164556962,0.689873417721519,0.6708860759493671,0.0253164556962025,0.0063291139240506
https://doi.org/10.1002/maco.202514840,22.571428571428573,6.879746835443038,0.6835443037974683,0.6329113924050633,0.0189873417721519,0.0126582278481012
https://doi.org/10.1002/maco.202414726,15.4,6.733766233766234,0.6818181818181818,0.6688311688311688,0.0389610389610389,0.0129870129870129
https://doi.org/10.1002/maco.202414776,17.75,7.183098591549296,0.704225352112676,0.6830985915492958,0.0140845070422535,0.0633802816901408
https://doi.org/10.1002/maco.202414727,14.375,6.443478260869565,0.7565217391304347,0.5782608695652174,0.0217391304347826,0.008695652173913
https://doi.org/10.1002/maco.202414671,21.0,7.707482993197279,0.7006802721088435,0.6462585034013606,0.0476190476190476,0.0340136054421768
https://doi.org/10.1002/maco.202514934,19.714285714285715,6.920289855072464,0.6594202898550725,0.6231884057971014,0.0434782608695652,0.0289855072463768
https://doi.org/10.1002/maco.12003,20.55555555555556,6.443243243243243,0.6810810810810811,0.6216216216216216,0.0324324324324324,0.0108108108108108
https://doi.org/10.1002/maco.70036,17.666666666666668,6.962264150943396,0.7264150943396226,0.6886792452830188,0.0660377358490566,0.0
https://doi.org/10.1002/maco.70062,16.77777777777778,7.781456953642384,0.7682119205298014,0.8079470198675497,0.0463576158940397,0.0264900662251655
https://doi.org/10.1002/maco.70084,25.166666666666668,6.814569536423841,0.6357615894039735,0.5960264900662252,0.0529801324503311,0.0066225165562913
https://doi.org/10.1002/maco.70029,12.916666666666666,6.832258064516129,0.7290322580645161,0.7612903225806451,0.064516129032258,0.0129032258064516
https://doi.org/10.1002/maco.202414703,13.75,6.945454545454545,0.7090909090909091,0.7272727272727273,0.0545454545454545,0.0242424242424242
https://doi.org/10.1002/maco.202414746,12.272727272727272,6.407407407407407,0.6296296296296297,0.5925925925925926,0.0296296296296296,0.0296296296296296
https://doi.org/10.1002/maco.202414640,21.444444444444443,6.098445595854923,0.7046632124352331,0.5803108808290155,0.0362694300518134,0.0
https://doi.org/10.1002/maco.202414476,21.75,6.844827586206897,0.735632183908046,0.6724137931034483,0.0459770114942528,0.028735632183908
https://doi.org/10.1002/maco.202414777,25.714285714285715,6.044444444444444,0.6388888888888888,0.4888888888888889,0.0555555555555555,0.0166666666666666
https://doi.org/10.1002/maco.202414736,15.0,6.433333333333334,0.7,0.675,0.0333333333333333,0.0083333333333333
https://doi.org/10.1002/maco.70020,18.875,7.026490066225166,0.7019867549668874,0.7086092715231788,0.0264900662251655,0.0397350993377483
https://doi.org/10.1002/maco.202414715,15.083333333333334,6.441988950276243,0.6740331491712708,0.5303867403314917,0.0441988950276243,0.0220994475138121
https://doi.org/10.1002/maco.202514809,12.909090909090908,6.0,0.6126760563380281,0.6267605633802817,0.0140845070422535,0.0140845070422535
https://doi.org/10.1002/maco.202514914,16.727272727272727,5.896739130434782,0.75,0.5597826086956522,0.0163043478260869,0.0108695652173913
https://doi.org/10.1002/maco.202414635,34.8,6.494252873563219,0.7241379310344828,0.5919540229885057,0.0344827586206896,0.0114942528735632
https://doi.org/10.1002/maco.12002,20.857142857142858,8.13013698630137,0.7328767123287672,0.7123287671232876,0.0616438356164383,0.0205479452054794
https://doi.org/10.1002/maco.70004,28.142857142857142,6.233502538071066,0.766497461928934,0.5329949238578681,0.0203045685279187,0.0355329949238578
https://doi.org/10.1002/maco.70040,16.0,6.777777777777778,0.7569444444444444,0.6944444444444444,0.0486111111111111,0.0138888888888888
https://doi.org/10.1002/maco.70093,26.55555555555556,7.920502092050209,0.694560669456067,0.6861924686192469,0.0167364016736401,0.0125523012552301
https://doi.org/10.1002/maco.202414651,23.22222222222222,6.497607655502392,0.6267942583732058,0.4784688995215311,0.0191387559808612,0.0239234449760765
https://doi.org/10.1002/maco.202414758,28.2,6.539007092198582,0.7304964539007093,0.6666666666666666,0.0283687943262411,0.0212765957446808
https://doi.org/10.1002/maco.202414733,20.125,7.279503105590062,0.7018633540372671,0.5652173913043478,0.0434782608695652,0.0062111801242236
https://doi.org/10.1002/maco.202414761,16.0,6.758928571428571,0.6428571428571429,0.6517857142857143,0.0625,0.0
https://doi.org/10.1002/maco.202414732,22.33333333333333,7.186567164179104,0.6865671641791045,0.6044776119402985,0.0597014925373134,0.0149253731343283
https://doi.org/10.1002/maco.202414718,10.153846153846152,6.409090909090909,0.7348484848484849,0.696969696969697,0.0681818181818181,0.0227272727272727
https://doi.org/10.1002/maco.202414762,21.375,6.695906432748538,0.6549707602339181,0.5321637426900585,0.0467836257309941,0.0058479532163742
https://doi.org/10.1002/maco.202514881,22.8,6.798245614035087,0.6666666666666666,0.7017543859649122,0.0263157894736842,0.0087719298245614
https://doi.org/10.1002/maco.202414647,24.83333333333333,6.10738255033557,0.697986577181208,0.7315436241610739,0.046979865771812,0.0067114093959731
https://doi.org/10.1002/maco.12010,23.2,6.301724137931035,0.6810344827586207,0.6810344827586207,0.0517241379310344,0.0
https://doi.org/10.1002/maco.12001,20.25,7.703703703703703,0.7037037037037037,0.7037037037037037,0.0246913580246913,0.0246913580246913
https://doi.org/10.1002/maco.70003,16.363636363636363,6.3277777777777775,0.6944444444444444,0.5722222222222222,0.0388888888888888,0.0111111111111111
https://doi.org/10.1002/maco.70013,25.0,6.708571428571428,0.6857142857142857,0.6514285714285715,0.0285714285714285,0.0228571428571428
https://doi.org/10.1002/maco.70012,26.33333333333333,6.981012658227848,0.689873417721519,0.6962025316455697,0.0253164556962025,0.0189873417721519
https://doi.org/10.1002/maco.70022,21.428571428571427,7.366666666666666,0.7733333333333333,0.7266666666666667,0.0533333333333333,0.0133333333333333
https://doi.org/10.1002/maco.70024,22.0,7.428571428571429,0.6688311688311688,0.6948051948051948,0.0129870129870129,0.0129870129870129
https://doi.org/10.1002/maco.70030,21.857142857142858,7.300653594771242,0.6209150326797386,0.5882352941176471,0.0261437908496732,0.0065359477124183
https://doi.org/10.1002/maco.70046,25.0,7.046666666666667,0.6266666666666667,0.68,0.0333333333333333,0.0266666666666666
https://doi.org/10.1002/maco.70049,13.166666666666666,6.158227848101266,0.7341772151898734,0.620253164556962,0.0379746835443038,0.0126582278481012
https://doi.org/10.1002/maco.70057,20.5,6.512195121951219,0.6504065040650406,0.5528455284552846,0.016260162601626,0.0203252032520325
https://doi.org/10.1002/maco.70055,14.090909090909092,7.374193548387097,0.7612903225806451,0.7548387096774194,0.0451612903225806,0.0064516129032258
https://doi.org/10.1002/maco.70061,23.5,7.574468085106383,0.6737588652482269,0.6737588652482269,0.0425531914893617,0.0070921985815602
https://doi.org/10.1002/maco.70070,15.0,7.859259259259259,0.8074074074074075,0.8296296296296296,0.037037037037037,0.0222222222222222
https://doi.org/10.1002/maco.12006,19.77777777777778,6.421348314606742,0.6741573033707865,0.550561797752809,0.0280898876404494,0.0112359550561797
https://doi.org/10.1002/maco.202414759,18.714285714285715,5.8396946564885495,0.6564885496183206,0.5572519083969466,0.0229007633587786,0.0229007633587786
https://doi.org/10.1002/maco.70021,21.285714285714285,6.671140939597316,0.7114093959731543,0.738255033557047,0.0402684563758389,0.0067114093959731
https://doi.org/10.1002/maco.70079,22.125,6.711864406779661,0.6666666666666666,0.6779661016949152,0.03954802259887,0.0338983050847457
https://doi.org/10.1002/maco.70102,24.428571428571427,6.081871345029239,0.7017543859649122,0.4912280701754385,0.0584795321637426,0.0058479532163742
https://doi.org/10.1002/maco.202414608,21.571428571428573,6.642384105960265,0.7218543046357616,0.6490066225165563,0.0198675496688741,0.0264900662251655
https://doi.org/10.1002/maco.70033,27.33333333333333,7.012195121951219,0.6585365853658537,0.6402439024390244,0.0304878048780487,0.0060975609756097
https://doi.org/10.1002/maco.70032,20.857142857142858,7.486301369863014,0.6917808219178082,0.684931506849315,0.0136986301369863,0.0205479452054794
https://doi.org/10.1002/maco.202414520,13.692307692307692,6.629213483146067,0.7247191011235955,0.6348314606741573,0.0674157303370786,0.0112359550561797
https://doi.org/10.1002/maco.202414735,13.083333333333334,6.535031847133758,0.6751592356687898,0.5923566878980892,0.0127388535031847,0.019108280254777
https://doi.org/10.1002/maco.202414748,22.0,6.901515151515151,0.6742424242424242,0.7045454545454546,0.0378787878787878,0.0454545454545454
https://doi.org/10.1002/maco.202414628,27.166666666666668,6.52760736196319,0.6932515337423313,0.656441717791411,0.0613496932515337,0.0122699386503067
https://doi.org/10.1002/maco.202414711,24.4,6.934426229508197,0.6475409836065574,0.6721311475409836,0.0245901639344262,0.0491803278688524
https://doi.org/10.1002/maco.202414667,12.142857142857142,6.08235294117647,0.6764705882352942,0.5705882352941176,0.0235294117647058,0.0176470588235294
https://doi.org/10.1002/maco.202514825,19.5,6.52991452991453,0.7350427350427351,0.5726495726495726,0.017094017094017,0.0
https://doi.org/10.1002/maco.12008,19.5,7.583333333333333,0.7115384615384616,0.7307692307692307,0.0512820512820512,0.0192307692307692
https://doi.org/10.1002/maco.70053,6.809523809523809,7.125874125874126,0.7132867132867133,0.7062937062937062,0.0629370629370629,0.0069930069930069
https://doi.org/10.1002/maco.70060,20.625,7.236363636363636,0.6545454545454545,0.6606060606060606,0.0484848484848484,0.0242424242424242
https://doi.org/10.1002/maco.70005,23.857142857142858,6.874251497005988,0.688622754491018,0.6526946107784432,0.0419161676646706,0.0119760479041916
https://doi.org/10.1002/maco.202570011,21.4,7.018691588785047,0.7102803738317757,0.7476635514018691,0.0467289719626168,0.0186915887850467
https://doi.org/10.1002/maco.202414679,24.166666666666668,7.56551724137931,0.696551724137931,0.6,0.0275862068965517,0.0206896551724137
https://doi.org/10.1002/maco.202414766,35.0,5.96,0.7257142857142858,0.4914285714285714,0.0171428571428571,0.0228571428571428
https://doi.org/10.1002/maco.202414782,33.6,5.904761904761905,0.6666666666666666,0.5119047619047619,0.0654761904761904,0.0
https://doi.org/10.1002/maco.202570021,26.666666666666668,6.55,0.825,0.825,0.05,0.025
https://doi.org/10.1002/maco.202514812,20.0,6.642857142857143,0.7,0.6428571428571429,0.0285714285714285,0.0214285714285714
https://doi.org/10.1002/maco.202570031,37.0,6.972972972972973,0.7432432432432432,0.9054054054054054,0.081081081081081,0.027027027027027
https://doi.org/10.1002/maco.202414538,35.0,5.809523809523809,0.6619047619047619,0.5238095238095238,0.019047619047619,0.0095238095238095
https://doi.org/10.1002/maco.202414754,15.666666666666666,6.723404255319149,0.7304964539007093,0.6453900709219859,0.0425531914893617,0.0141843971631205
https://doi.org/10.1002/maco.202514864,15.0,6.738888888888889,0.7555555555555555,0.6277777777777778,0.0166666666666666,0.0166666666666666
https://doi.org/10.1002/maco.202514828,15.75,6.023809523809524,0.626984126984127,0.7142857142857143,0.0476190476190476,0.0317460317460317
https://doi.org/10.1002/maco.202570041,25.666666666666668,6.363636363636363,0.6103896103896104,0.7012987012987013,0.0649350649350649,0.0519480519480519
https://doi.org/10.1002/maco.202414696,21.5,6.726744186046512,0.6511627906976745,0.6046511627906976,0.0348837209302325,0.0174418604651162
https://doi.org/10.1002/maco.202570051,21.5,6.133720930232558,0.6918604651162791,0.7267441860465116,0.063953488372093,0.0232558139534883
https://doi.org/10.1002/maco.12007,15.416666666666666,6.308108108108108,0.6702702702702703,0.5837837837837838,0.0216216216216216,0.0108108108108108
https://doi.org/10.1002/maco.12011,18.857142857142858,7.128787878787879,0.7954545454545454,0.6666666666666666,0.0378787878787878,0.0151515151515151
https://doi.org/10.1002/maco.12004,18.375,6.918367346938775,0.7482993197278912,0.6870748299319728,0.0748299319727891,0.0136054421768707
https://doi.org/10.1002/maco.202570061,17.5,6.942857142857143,0.7714285714285715,0.9142857142857144,0.0285714285714285,0.0857142857142857
https://doi.org/10.1002/maco.70002,15.090909090909092,7.054216867469879,0.7771084337349398,0.6867469879518072,0.0421686746987951,0.0
https://doi.org/10.1002/maco.70007,9.894736842105264,6.154255319148936,0.648936170212766,0.6276595744680851,0.026595744680851,0.0106382978723404
https://doi.org/10.1002/maco.70008,17.666666666666668,7.754716981132075,0.7924528301886793,0.8301886792452831,0.0377358490566037,0.0
https://doi.org/10.1002/maco.70006,24.5,7.068027210884353,0.6530612244897959,0.564625850340136,0.0272108843537414,0.0272108843537414
https://doi.org/10.1002/maco.70000,38.0,6.973684210526316,0.8026315789473685,0.8421052631578947,0.0526315789473684,0.0263157894736842
https://doi.org/10.1002/maco.70023,23.0,7.3478260869565215,0.6832298136645962,0.6459627329192547,0.0372670807453416,0.0062111801242236
https://doi.org/10.1002/maco.70019,22.0,6.318181818181818,0.6428571428571429,0.5714285714285714,0.0389610389610389,0.0259740259740259
https://doi.org/10.1002/maco.70014,10.375,6.036144578313253,0.7228915662650602,0.8192771084337349,0.0481927710843373,0.0240963855421686
https://doi.org/10.1002/maco.70017,25.5,6.5588235294117645,0.6176470588235294,0.5980392156862745,0.0588235294117647,0.0196078431372549
https://doi.org/10.1002/maco.70031,17.125,7.2846715328467155,0.7226277372262774,0.6788321167883211,0.0510948905109489,0.0145985401459854
https://doi.org/10.1002/maco.70038,20.571428571428573,6.527777777777778,0.7013888888888888,0.6805555555555556,0.0555555555555555,0.0138888888888888
https://doi.org/10.1002/maco.70034,14.384615384615383,6.315508021390374,0.7433155080213903,0.5668449197860963,0.0427807486631016,0.0053475935828877
https://doi.org/10.1002/maco.70027,72.0,6.111111111111111,0.7777777777777778,0.7638888888888888,0.0416666666666666,0.0277777777777777
https://doi.org/10.1002/maco.70039,10.4,6.153846153846154,0.6923076923076923,0.5641025641025641,0.0384615384615384,0.0192307692307692
https://doi.org/10.1002/maco.70037,26.0,6.589743589743589,0.6858974358974359,0.5448717948717948,0.0384615384615384,0.0
https://doi.org/10.1002/maco.70050,20.33333333333333,7.573770491803279,0.8114754098360656,0.8032786885245902,0.0327868852459016,0.0163934426229508
https://doi.org/10.1002/maco.70041,9.444444444444445,6.317647058823529,0.8117647058823529,0.9176470588235294,0.0470588235294117,0.0235294117647058
https://doi.org/10.1002/maco.70048,11.0,6.153409090909091,0.7159090909090909,0.6647727272727273,0.0227272727272727,0.0113636363636363
https://doi.org/10.1002/maco.70054,18.818181818181817,5.584541062801932,0.6811594202898551,0.5603864734299517,0.0144927536231884,0.0144927536231884
https://doi.org/10.1002/maco.70059,10.727272727272728,7.483050847457627,0.7796610169491526,0.7457627118644068,0.0254237288135593,0.0084745762711864
https://doi.org/10.1002/maco.70056,16.833333333333332,7.287128712871287,0.7920792079207921,0.8514851485148515,0.0495049504950495,0.0099009900990099
https://doi.org/10.1002/maco.70067,34.0,6.882352941176471,0.6588235294117647,0.6235294117647059,0.0411764705882352,0.0470588235294117
https://doi.org/10.1002/maco.70068,25.428571428571427,6.96067415730337,0.6629213483146067,0.5955056179775281,0.0505617977528089,0.0168539325842696
https://doi.org/10.1002/maco.70063,23.75,7.410526315789474,0.7473684210526316,0.7157894736842105,0.031578947368421,0.031578947368421
https://doi.org/10.1002/maco.70071,28.6,7.3426573426573425,0.6923076923076923,0.7342657342657343,0.0489510489510489,0.0139860139860139
https://doi.org/10.1002/maco.70072,25.285714285714285,6.666666666666667,0.615819209039548,0.6271186440677966,0.0282485875706214,0.0169491525423728
https://doi.org/10.1002/maco.70069,21.285714285714285,7.053691275167785,0.697986577181208,0.6308724832214765,0.0268456375838926,0.0134228187919463
https://doi.org/10.1002/maco.70081,20.375,6.895705521472393,0.656441717791411,0.6809815950920245,0.0306748466257668,0.0122699386503067
https://doi.org/10.1002/maco.70080,25.5,7.794117647058823,0.7745098039215687,0.7058823529411765,0.0490196078431372,0.0098039215686274
https://doi.org/10.1002/maco.70083,25.8,7.162790697674419,0.6744186046511628,0.627906976744186,0.0310077519379844,0.0077519379844961
https://doi.org/10.1002/maco.70074,14.333333333333334,5.829457364341085,0.8294573643410853,0.6976744186046512,0.0465116279069767,0.0232558139534883
https://doi.org/10.1002/maco.70085,27.285714285714285,6.104712041884817,0.6649214659685864,0.5968586387434555,0.031413612565445,0.0104712041884816
https://doi.org/10.1002/maco.70086,14.818181818181818,6.92638036809816,0.6993865030674846,0.7300613496932515,0.0245398773006134,0.0245398773006134
https://doi.org/10.1002/maco.70087,13.0,7.615384615384615,0.7482517482517482,0.7762237762237763,0.0629370629370629,0.0
https://doi.org/10.1002/maco.70089,21.857142857142858,7.320261437908496,0.6928104575163399,0.738562091503268,0.0392156862745098,0.0065359477124183
https://doi.org/10.1002/maco.70092,15.2,7.677631578947368,0.8026315789473685,0.7039473684210527,0.0592105263157894,0.0131578947368421
https://doi.org/10.1002/maco.70091,17.0,7.176470588235294,0.7777777777777778,0.7189542483660131,0.0588235294117647,0.0
https://doi.org/10.1002/maco.70088,14.4,6.638888888888889,0.7291666666666666,0.7291666666666666,0.0625,0.0069444444444444
https://doi.org/10.1002/maco.70098,27.2,7.139705882352941,0.5882352941176471,0.6397058823529411,0.0367647058823529,0.0220588235294117
https://doi.org/10.1002/maco.70073,30.857142857142858,5.569444444444445,0.7129629629629629,0.4814814814814814,0.0185185185185185,0.0231481481481481
https://doi.org/10.1002/maco.70100,10.555555555555555,6.157894736842105,0.7421052631578947,0.7105263157894737,0.0368421052631578,0.0052631578947368
https://doi.org/10.1002/maco.70103,26.4,5.984848484848484,0.6515151515151515,0.5909090909090909,0.0303030303030303,0.0303030303030303
https://doi.org/10.1002/maco.70090,13.363636363636363,7.040816326530612,0.7006802721088435,0.6394557823129252,0.0544217687074829,0.0272108843537414
https://doi.org/10.1002/maco.70077,23.5,6.48936170212766,0.7446808510638298,0.7872340425531915,0.0425531914893617,0.0212765957446808
https://doi.org/10.1002/maco.70082,24.5,8.068027210884354,0.7346938775510204,0.7278911564625851,0.0340136054421768,0.0136054421768707
https://doi.org/10.1002/maco.70099,15.666666666666666,6.670212765957447,0.7287234042553191,0.648936170212766,0.026595744680851,0.0106382978723404
https://doi.org/10.1002/maco.70104,20.142857142857142,6.97872340425532,0.6737588652482269,0.6879432624113475,0.0496453900709219,0.0283687943262411
https://doi.org/10.1002/maco.70101,15.090909090909092,6.674698795180723,0.7048192771084337,0.6867469879518072,0.0301204819277108,0.0120481927710843
https://doi.org/10.1108/acmm-10-2024-3117,29.666666666666668,7.421348314606742,0.702247191011236,0.6179775280898876,0.0280898876404494,0.0224719101123595
https://doi.org/10.1108/acmm-09-2025-3381,18.875,7.503311258278146,0.7350993377483444,0.6556291390728477,0.0264900662251655,0.0264900662251655
https://doi.org/10.1108/acmm-10-2025-3414,9.80952380952381,6.461165048543689,0.7718446601941747,0.6650485436893204,0.0436893203883495,0.0145631067961165
https://doi.org/10.1108/acmm-09-2025-3404,18.0,7.615384615384615,0.7649572649572649,0.7350427350427351,0.0256410256410256,0.0085470085470085
https://doi.org/10.1108/acmm-02-2025-3184,17.428571428571427,7.442622950819672,0.7295081967213115,0.7540983606557377,0.0327868852459016,0.0163934426229508
https://doi.org/10.1108/acmm-08-2025-3365,19.428571428571427,7.955882352941177,0.7132352941176471,0.6323529411764706,0.0514705882352941,0.0220588235294117
https://doi.org/10.1108/acmm-02-2025-3185,22.5,7.057777777777778,0.7111111111111111,0.5822222222222222,0.0222222222222222,0.0133333333333333
https://doi.org/10.1108/acmm-04-2025-3244,19.09090909090909,6.433333333333334,0.6619047619047619,0.5333333333333333,0.019047619047619,0.0238095238095238
https://doi.org/10.1108/acmm-09-2025-3400,20.857142857142858,7.715753424657534,0.7157534246575342,0.6095890410958904,0.0410958904109589,0.0102739726027397
https://doi.org/10.1108/acmm-08-2025-3351,22.272727272727277,6.587755102040816,0.6285714285714286,0.5551020408163265,0.0244897959183673,0.0122448979591836
https://doi.org/10.1108/acmm-07-2025-3330,28.5,7.497076023391813,0.7485380116959064,0.631578947368421,0.023391812865497,0.0116959064327485
https://doi.org/10.1108/acmm-07-2025-3325,18.071428571428573,7.090909090909091,0.6798418972332015,0.4822134387351778,0.0158102766798418,0.0197628458498023
https://doi.org/10.1108/acmm-09-2025-3391,21.8,7.596330275229357,0.7110091743119266,0.6192660550458715,0.0458715596330275,0.0137614678899082
https://doi.org/10.1108/acmm-10-2025-3430,17.77777777777778,8.60625,0.75,0.5625,0.0375,0.0125
https://doi.org/10.1108/acmm-12-2024-3138,27.0,6.675925925925926,0.5879629629629629,0.4537037037037037,0.0416666666666666,0.0185185185185185
https://doi.org/10.1108/acmm-10-2025-3445,24.4,7.413934426229508,0.7172131147540983,0.6762295081967213,0.0286885245901639,0.0245901639344262
https://doi.org/10.1108/acmm-10-2025-3432,29.11111111111111,7.362595419847328,0.6908396946564885,0.5725190839694656,0.0458015267175572,0.0190839694656488
https://doi.org/10.1108/acmm-09-2025-3406,21.125,7.094674556213017,0.6745562130177515,0.5088757396449705,0.0355029585798816,0.0118343195266272
https://doi.org/10.1108/acmm-08-2025-3346,16.7,7.197604790419161,0.718562874251497,0.6407185628742516,0.0239520958083832,0.0119760479041916
https://doi.org/10.1108/acmm-09-2025-3394,13.6,7.5,0.7303921568627451,0.6323529411764706,0.034313725490196,0.0147058823529411
https://doi.org/10.1108/acmm-10-2025-3443,24.9,8.028112449799197,0.7429718875502008,0.4257028112449799,0.0200803212851405,0.0040160642570281
https://doi.org/10.1108/acmm-08-2025-3363,19.181818181818183,7.672985781990521,0.7819905213270142,0.6919431279620853,0.0284360189573459,0.0142180094786729
https://doi.org/10.1108/acmm-10-2025-3450,13.647058823529411,7.081896551724138,0.7068965517241379,0.6120689655172413,0.0344827586206896,0.0129310344827586
https://doi.org/10.1108/acmm-08-2023-2875,22.8,6.307017543859649,0.6798245614035088,0.4956140350877193,0.0394736842105263,0.0175438596491228
https://doi.org/10.1108/acmm-03-2025-3222,18.571428571428573,7.065384615384615,0.7230769230769231,0.6730769230769231,0.0269230769230769,0.0269230769230769
https://doi.org/10.1108/acmm-08-2025-3366,18.9,7.714285714285714,0.7195767195767195,0.6455026455026455,0.0264550264550264,0.0158730158730158
https://doi.org/10.1108/acmm-06-2025-3284,16.695652173913043,8.28125,0.7604166666666666,0.546875,0.0182291666666666,0.0104166666666666
https://doi.org/10.1108/acmm-09-2025-3397,12.736842105263158,8.099173553719009,0.743801652892562,0.7272727272727273,0.0495867768595041,0.0082644628099173
https://doi.org/10.1108/acmm-08-2025-3367,17.214285714285715,7.95850622406639,0.7468879668049793,0.7676348547717843,0.0373443983402489,0.0124481327800829
https://doi.org/10.1108/acmm-01-2026-3511,18.666666666666668,6.924107142857143,0.6741071428571429,0.5669642857142857,0.0178571428571428,0.0223214285714285
https://doi.org/10.1108/acmm-11-2025-3451,26.142857142857142,7.530054644808743,0.73224043715847,0.6065573770491803,0.0273224043715847,0.0218579234972677
https://doi.org/10.1108/acmm-09-2025-3396,18.363636363636363,7.202970297029703,0.7722772277227723,0.6386138613861386,0.0198019801980198,0.0148514851485148
https://doi.org/10.1108/acmm-01-2026-3508,26.2,7.396946564885496,0.6793893129770993,0.7022900763358778,0.0381679389312977,0.015267175572519
https://doi.org/10.1108/acmm-10-2025-3419,26.714285714285715,6.368983957219252,0.6844919786096256,0.5454545454545454,0.0374331550802139,0.0053475935828877
https://doi.org/10.1108/acmm-11-2025-3470,18.666666666666668,7.559523809523809,0.7440476190476191,0.6428571428571429,0.0238095238095238,0.0238095238095238
https://doi.org/10.1108/acmm-01-2026-3523,17.5,6.96,0.6685714285714286,0.6057142857142858,0.04,0.0057142857142857
https://doi.org/10.1108/acmm-12-2025-3482,19.33333333333333,7.968390804597701,0.7586206896551724,0.5632183908045977,0.0258620689655172,0.0229885057471264
https://doi.org/10.1108/acmm-07-2025-3316,25.666666666666668,6.597402597402597,0.6796536796536796,0.5714285714285714,0.0216450216450216,0.0216450216450216
https://doi.org/10.1108/acmm-01-2026-3512,21.11111111111111,8.43157894736842,0.7473684210526316,0.7052631578947368,0.0210526315789473,0.0210526315789473
https://doi.org/10.1108/acmm-01-2026-3514,21.0,8.347619047619048,0.7571428571428571,0.638095238095238,0.0285714285714285,0.0095238095238095
https://doi.org/10.1108/acmm-08-2025-3371,21.25,7.4,0.7254901960784313,0.6666666666666666,0.0235294117647058,0.0078431372549019
https://doi.org/10.1108/acmm-10-2025-3429,24.714285714285715,6.907514450867052,0.6242774566473989,0.4913294797687861,0.0057803468208092,0.0462427745664739
https://doi.org/10.1108/acmm-01-2026-3513,22.6,7.522123893805309,0.7345132743362832,0.6106194690265486,0.0221238938053097,0.0176991150442477
https://doi.org/10.1108/acmm-01-2026-3504,19.5,7.3076923076923075,0.7564102564102564,0.7628205128205128,0.0448717948717948,0.0128205128205128
https://doi.org/10.1108/acmm-10-2025-3434,26.428571428571427,7.832432432432433,0.7243243243243244,0.6054054054054054,0.0432432432432432,0.0108108108108108
https://doi.org/10.1108/acmm-01-2026-3530,20.0,6.925,0.74375,0.6625,0.0375,0.0125
https://doi.org/10.1108/acmm-03-2026-3575,27.33333333333333,7.654471544715447,0.7154471544715447,0.5934959349593496,0.048780487804878,0.016260162601626
https://doi.org/10.1108/acmm-03-2026-3548,13.714285714285714,7.489583333333333,0.7291666666666666,0.7760416666666666,0.046875,0.0104166666666666
https://doi.org/10.1108/acmm-11-2025-3460,28.0,6.982142857142857,0.6607142857142857,0.6339285714285714,0.0267857142857142,0.0178571428571428
https://doi.org/10.1108/acmm-03-2026-3584,24.5,7.908163265306122,0.7295918367346939,0.6326530612244898,0.0408163265306122,0.0204081632653061
https://doi.org/10.1108/acmm-11-2025-3454,24.666666666666668,7.763513513513513,0.7162162162162162,0.6486486486486487,0.0405405405405405,0.0135135135135135
https://doi.org/10.1108/acmm-02-2026-3535,28.25,7.809734513274336,0.6946902654867256,0.6902654867256637,0.0398230088495575,0.0132743362831858
https://doi.org/10.1108/acmm-03-2026-3557,18.058823529411764,7.58957654723127,0.7003257328990228,0.5928338762214984,0.0260586319218241,0.009771986970684
https://doi.org/10.1108/acmm-01-2026-3527,13.6,8.080882352941176,0.7794117647058824,0.8161764705882353,0.0367647058823529,0.0147058823529411
https://doi.org/10.1108/acmm-09-2025-3408,20.8,6.432692307692308,0.7067307692307693,0.5528846153846154,0.0240384615384615,0.0144230769230769
https://doi.org/10.1108/acmm-04-2026-3604,14.545454545454543,7.825,0.75625,0.65625,0.0375,0.0125
https://doi.org/10.1108/acmm-01-2026-3529,17.7,7.570621468926554,0.7288135593220338,0.711864406779661,0.0451977401129943,0.0169491525423728
https://doi.org/10.1108/acmm-04-2026-3601,25.727272727272727,7.332155477031802,0.7031802120141343,0.5477031802120141,0.0282685512367491,0.0106007067137809
https://doi.org/10.1108/acmm-12-2025-3487,32.5,7.184615384615385,0.7025641025641025,0.6307692307692307,0.0153846153846153,0.0256410256410256
https://doi.org/10.1108/acmm-03-2026-3564,18.11111111111111,7.858895705521473,0.7300613496932515,0.549079754601227,0.0276073619631901,0.0153374233128834
https://doi.org/10.1108/acmm-12-2025-3496,16.714285714285715,7.97008547008547,0.8076923076923077,0.7393162393162394,0.0256410256410256,0.0128205128205128
https://doi.org/10.1108/acmm-01-2026-3507,14.875,7.714285714285714,0.7478991596638656,0.6512605042016807,0.0252100840336134,0.0168067226890756
https://doi.org/10.1108/acmm-02-2026-3532,14.0,7.483516483516484,0.7362637362637363,0.6978021978021978,0.0439560439560439,0.0054945054945054
https://doi.org/10.1108/acmm-04-2026-3590,20.666666666666668,8.129032258064516,0.7473118279569892,0.6935483870967742,0.021505376344086,0.010752688172043
https://doi.org/10.1108/acmm-03-2026-3566,10.785714285714286,7.966887417218543,0.8278145695364238,0.7483443708609272,0.0397350993377483,0.0132450331125827
https://doi.org/10.1108/acmm-09-2025-3389,21.727272727272727,7.615062761506276,0.7489539748953975,0.7071129707112971,0.0334728033472803,0.0209205020920502
https://doi.org/10.1108/acmm-03-2026-3547,19.071428571428573,8.265917602996256,0.7490636704119851,0.5955056179775281,0.0337078651685393,0.0149812734082397
https://doi.org/10.5006/4856,17.142857142857142,7.320833333333334,0.6958333333333333,0.6791666666666667,0.0291666666666666,0.0125
https://doi.org/10.5006/4867,33.75,6.548148148148148,0.6259259259259259,0.5222222222222223,0.0259259259259259,0.0185185185185185
https://doi.org/10.5006/4825,22.0,7.1477272727272725,0.7613636363636364,0.6136363636363636,0.0511363636363636,0.0170454545454545
https://doi.org/10.5006/4824,22.83333333333333,6.7226277372262775,0.656934306569343,0.6204379562043796,0.0218978102189781,0.0291970802919708
https://doi.org/10.5006/4815,20.25,7.24074074074074,0.7283950617283951,0.6358024691358025,0.0555555555555555,0.0246913580246913
https://doi.org/10.5006/4859,18.63636363636364,6.507317073170731,0.6634146341463415,0.6048780487804878,0.0341463414634146,0.0195121951219512
https://doi.org/10.5006/4832,22.181818181818183,6.704918032786885,0.6434426229508197,0.5819672131147541,0.0327868852459016,0.0122950819672131
https://doi.org/10.5006/4844,24.8,6.306451612903226,0.6491935483870968,0.5483870967741935,0.0241935483870967,0.0040322580645161
https://doi.org/10.5006/4804,28.714285714285715,7.1393034825870645,0.7412935323383084,0.681592039800995,0.0149253731343283,0.0199004975124378
https://doi.org/10.5006/4860,15.714285714285714,6.736363636363636,0.7045454545454546,0.6227272727272727,0.0545454545454545,0.0181818181818181
https://doi.org/10.5006/4868,28.0,7.964285714285714,0.6741071428571429,0.6339285714285714,0.03125,0.0133928571428571
https://doi.org/10.5006/4852,21.666666666666668,7.484615384615385,0.7153846153846154,0.6807692307692308,0.0384615384615384,0.0269230769230769
https://doi.org/10.5006/4908,27.8,7.255395683453237,0.7014388489208633,0.697841726618705,0.0215827338129496,0.0215827338129496
https://doi.org/10.5006/4848,18.625,7.89261744966443,0.7718120805369127,0.8187919463087249,0.046979865771812,0.0201342281879194
https://doi.org/10.5006/4877,16.0,6.75,0.7633928571428571,0.6785714285714286,0.0357142857142857,0.0089285714285714
https://doi.org/10.5006/4894,25.11111111111111,6.800884955752212,0.6415929203539823,0.5752212389380531,0.0265486725663716,0.0309734513274336
https://doi.org/10.5006/4864,30.142857142857142,6.729857819905213,0.6540284360189573,0.6208530805687204,0.0284360189573459,0.0142180094786729
https://doi.org/10.5006/4872,18.88235294117647,6.900311526479751,0.6884735202492211,0.6012461059190031,0.0311526479750778,0.0093457943925233
https://doi.org/10.5006/4912,20.923076923076923,7.680147058823529,0.7242647058823529,0.6948529411764706,0.025735294117647,0.0220588235294117
https://doi.org/10.5006/4875,19.25,7.155844155844156,0.7532467532467533,0.8246753246753247,0.0649350649350649,0.0
https://doi.org/10.5006/4873,24.9,6.811244979919679,0.6827309236947792,0.6224899598393574,0.0281124497991967,0.0160642570281124
https://doi.org/10.5006/4887,24.125,7.632124352331606,0.7616580310880829,0.7875647668393783,0.0259067357512953,0.0310880829015544
https://doi.org/10.5006/4905,30.4,6.875,0.7631578947368421,0.8092105263157895,0.0657894736842105,0.0
https://doi.org/10.5006/4886,19.08333333333333,7.545851528384279,0.7903930131004366,0.7685589519650655,0.0305676855895196,0.0174672489082969
https://doi.org/10.5006/4880,25.375,7.507389162561576,0.7487684729064039,0.7339901477832512,0.0394088669950738,0.0246305418719211
https://doi.org/10.5006/4851,22.875,6.262295081967213,0.6885245901639344,0.6721311475409836,0.0382513661202185,0.0327868852459016
https://doi.org/10.5006/4869,18.454545454545453,6.916256157635468,0.7241379310344828,0.6748768472906403,0.0394088669950738,0.0098522167487684
https://doi.org/10.5006/4919,24.0,6.5625,0.6354166666666666,0.5451388888888888,0.0243055555555555,0.0277777777777777
https://doi.org/10.5006/4921,33.0,6.111111111111111,0.6262626262626263,0.6868686868686869,0.0303030303030303,0.0101010101010101
https://doi.org/10.5006/4904,16.0,8.045454545454545,0.8011363636363636,0.7102272727272727,0.0454545454545454,0.0113636363636363
https://doi.org/10.5006/4897,16.23076923076923,7.786729857819905,0.7962085308056872,0.7535545023696683,0.0284360189573459,0.0189573459715639
https://doi.org/10.5006/4871,25.22222222222222,6.625550660792952,0.6828193832599119,0.5594713656387665,0.0308370044052863,0.0044052863436123
https://doi.org/10.5006/4846,16.0,6.576388888888889,0.7569444444444444,0.6805555555555556,0.0555555555555555,0.0069444444444444
https://doi.org/10.5006/4874,31.23076923076923,7.152709359605911,0.6945812807881774,0.583743842364532,0.0295566502463054,0.0123152709359605
https://doi.org/10.5006/4811,21.33333333333333,7.03125,0.6953125,0.7109375,0.03125,0.046875
https://doi.org/10.5006/4932,27.571428571428573,7.404145077720207,0.6787564766839378,0.5854922279792746,0.0466321243523316,0.0155440414507772
https://doi.org/10.5006/4931,17.166666666666668,6.097087378640777,0.6699029126213593,0.7766990291262136,0.0388349514563106,0.0194174757281553
https://doi.org/10.5006/4901,23.666666666666668,7.422535211267606,0.7183098591549296,0.7464788732394366,0.0704225352112676,0.0140845070422535
https://doi.org/10.5006/4937,21.0,6.154761904761905,0.6507936507936508,0.6150793650793651,0.0158730158730158,0.0119047619047619
https://doi.org/10.5006/4893,18.181818181818183,6.52,0.65,0.57,0.035,0.005
https://doi.org/10.5006/4884,25.33333333333333,7.267543859649122,0.6710526315789473,0.6666666666666666,0.0307017543859649,0.0175438596491228
https://doi.org/10.1177/1478422x261417816,17.818181818181817,7.295918367346939,0.7091836734693877,0.6836734693877551,0.0459183673469387,0.010204081632653
https://doi.org/10.1177/1478422x261454111,16.181818181818183,6.98314606741573,0.6853932584269663,0.6573033707865169,0.0112359550561797,0.0056179775280898
https://doi.org/10.1177/1478422x251412031,25.428571428571427,6.859550561797753,0.7415730337078652,0.6235955056179775,0.0337078651685393,0.0224719101123595
https://doi.org/10.1177/1478422x251414247,21.0,7.666666666666667,0.7248677248677249,0.6296296296296297,0.0423280423280423,0.0105820105820105
https://doi.org/10.1177/1478422x251358464,21.571428571428573,5.953642384105961,0.6821192052980133,0.5960264900662252,0.0331125827814569,0.0132450331125827
https://doi.org/10.1177/1478422x261416684,40.0,6.854166666666667,0.7125,0.6208333333333333,0.025,0.025
https://doi.org/10.1177/1478422x261416689,24.166666666666668,7.420689655172413,0.7379310344827587,0.7379310344827587,0.0827586206896551,0.0068965517241379
https://doi.org/10.1177/1478422x261416686,17.666666666666668,6.084905660377358,0.6037735849056604,0.5990566037735849,0.0377358490566037,0.0094339622641509
https://doi.org/10.1177/1478422x261416685,18.272727272727277,7.661691542288557,0.7860696517412935,0.8059701492537313,0.0646766169154228,0.0099502487562189
https://doi.org/10.1177/1478422x261416687,19.6,7.163265306122449,0.7142857142857143,0.5867346938775511,0.0357142857142857,0.0051020408163265
https://doi.org/10.1177/1478422x261416688,9.5,6.39766081871345,0.7426900584795322,0.7192982456140351,0.0409356725146198,0.0058479532163742
https://doi.org/10.1177/1478422x251414248,18.5,7.054054054054054,0.6441441441441441,0.6216216216216216,0.0315315315315315,0.018018018018018
https://doi.org/10.1177/1478422x261422336,18.916666666666668,7.841409691629956,0.7533039647577092,0.7004405286343612,0.0176211453744493,0.013215859030837
https://doi.org/10.1177/1478422x261420383,27.166666666666668,7.079754601226994,0.6809815950920245,0.6012269938650306,0.0368098159509202,0.0061349693251533
https://doi.org/10.1177/1478422x261416690,16.7,7.67065868263473,0.7784431137724551,0.7844311377245509,0.029940119760479,0.0239520958083832
https://doi.org/10.1177/1478422x261419537,9.821428571428571,10.414545454545454,0.850909090909091,0.5709090909090909,0.0218181818181818,0.0145454545454545
https://doi.org/10.1177/1478422x261423250,13.68421052631579,7.265384615384615,0.7269230769230769,0.7346153846153847,0.023076923076923,0.0115384615384615
https://doi.org/10.1177/1478422x261422329,21.166666666666668,7.665354330708661,0.7283464566929134,0.6299212598425197,0.0354330708661417,0.0118110236220472
https://doi.org/10.1177/1478422x261427152,23.0,7.614906832298137,0.7204968944099379,0.7142857142857143,0.0559006211180124,0.0434782608695652
https://doi.org/10.1177/1478422x261427154,22.1,7.619909502262443,0.7375565610859729,0.6877828054298643,0.0271493212669683,0.0226244343891402
https://doi.org/10.1177/1478422x261434419,13.8,8.065217391304348,0.8478260869565217,0.782608695652174,0.072463768115942,0.0072463768115942
https://doi.org/10.1177/1478422x261436166,20.3,6.3399014778325125,0.6945812807881774,0.5024630541871922,0.0394088669950738,0.0147783251231527
https://doi.org/10.1177/1478422x261436488,29.666666666666668,7.03932584269663,0.702247191011236,0.7359550561797753,0.0280898876404494,0.0224719101123595
https://doi.org/10.1177/1478422x261436210,18.727272727272727,7.349514563106796,0.7330097087378641,0.7378640776699029,0.0339805825242718,0.0048543689320388
https://doi.org/10.1177/1478422x261434454,38.285714285714285,6.947761194029851,0.7201492537313433,0.6044776119402985,0.0261194029850746,0.0149253731343283
https://doi.org/10.1177/1478422x261438598,26.625,6.164319248826291,0.6150234741784038,0.4553990610328638,0.0140845070422535,0.0187793427230046
https://doi.org/10.1177/1478422x261438600,24.25,7.149484536082475,0.711340206185567,0.7010309278350515,0.0206185567010309,0.0257731958762886
https://doi.org/10.1177/1478422x261423255,20.33333333333333,7.174863387978142,0.7540983606557377,0.7158469945355191,0.0546448087431694,0.0163934426229508
https://doi.org/10.1177/1478422x261434420,15.3,6.542483660130719,0.7973856209150327,0.7189542483660131,0.0392156862745098,0.0326797385620915
https://doi.org/10.1177/1478422x261430398,30.875,6.854251012145749,0.6396761133603239,0.4898785425101215,0.0121457489878542,0.0040485829959514
https://doi.org/10.1177/1478422x261438601,13.933333333333334,6.626794258373206,0.7416267942583732,0.6555023923444976,0.0287081339712918,0.0287081339712918
https://doi.org/10.1177/1478422x261416638,22.11111111111111,7.934673366834171,0.7236180904522613,0.7738693467336684,0.0150753768844221,0.0251256281407035
https://doi.org/10.1177/1478422x261446377,32.2,8.006211180124224,0.7391304347826086,0.7577639751552795,0.031055900621118,0.0062111801242236
https://doi.org/10.1177/1478422x261445304,18.90909090909091,7.6298076923076925,0.7355769230769231,0.6730769230769231,0.0288461538461538,0.0096153846153846
https://doi.org/10.1177/1478422x261443060,22.55555555555556,7.5911330049261085,0.7438423645320197,0.6600985221674877,0.0443349753694581,0.0246305418719211
https://doi.org/10.1177/1478422x261445301,26.285714285714285,8.065217391304348,0.7282608695652174,0.6086956521739131,0.0597826086956521,0.0163043478260869
https://doi.org/10.1177/1478422x261447945,13.533333333333331,7.068965517241379,0.7931034482758621,0.6995073891625616,0.0246305418719211,0.0197044334975369
https://doi.org/10.1177/1478422x261451623,19.0,6.9605263157894735,0.6578947368421053,0.6842105263157895,0.0394736842105263,0.0197368421052631
https://doi.org/10.1177/1478422x261450911,17.46153846153846,7.422907488986784,0.748898678414097,0.6211453744493393,0.0176211453744493,0.013215859030837
https://doi.org/10.1177/1478422x261451961,14.428571428571429,6.876237623762377,0.7425742574257426,0.6584158415841584,0.0544554455445544,0.0099009900990099
https://doi.org/10.1177/1478422x261453749,14.125,7.15929203539823,0.7964601769911505,0.8761061946902655,0.0530973451327433,0.0176991150442477
https://doi.org/10.1177/1478422x261451314,16.76923076923077,5.811926605504588,0.7568807339449541,0.555045871559633,0.0229357798165137,0.018348623853211
https://doi.org/10.1177/1478422x261450473,14.833333333333334,7.707865168539326,0.7584269662921348,0.8089887640449438,0.0280898876404494,0.0056179775280898
https://doi.org/10.1177/1478422x261457309,8.62962962962963,6.399141630901288,0.759656652360515,0.7124463519313304,0.0257510729613733,0.0042918454935622
https://doi.org/10.1177/1478422x261451319,31.33333333333333,8.292553191489361,0.7925531914893617,0.8138297872340425,0.0319148936170212,0.0053191489361702
https://doi.org/10.1177/1478422x261457681,18.857142857142858,7.416666666666667,0.7424242424242424,0.8181818181818182,0.0606060606060606,0.0227272727272727
https://doi.org/10.1177/1478422x261464777,26.0,6.897435897435898,0.6666666666666666,0.5897435897435898,0.0833333333333333,0.0192307692307692
https://doi.org/10.1177/1478422x261464830,23.428571428571427,6.689024390243903,0.6524390243902439,0.6097560975609756,0.0426829268292682,0.0
https://doi.org/10.1177/1478422x261464780,24.666666666666668,8.22972972972973,0.7702702702702703,0.7027027027027027,0.0472972972972973,0.0135135135135135
https://doi.org/10.1177/1478422x261465565,26.666666666666668,7.40625,0.7375,0.74375,0.0125,0.0125
https://doi.org/10.1016/j.corsci.2026.113592,26.0,5.747863247863248,0.6324786324786325,0.5683760683760684,0.0384615384615384,0.0085470085470085
https://doi.org/10.1016/j.corsci.2026.113629,26.25,7.419047619047619,0.6904761904761905,0.6285714285714286,0.0142857142857142,0.0095238095238095
https://doi.org/10.1016/j.corsci.2026.113711,25.6,7.35546875,0.734375,0.5390625,0.0234375,0.00390625
https://doi.org/10.1016/j.corsci.2026.113678,18.125,7.158620689655172,0.8,0.7793103448275862,0.0758620689655172,0.0
https://doi.org/10.1016/j.corsci.2026.113746,27.727272727272727,6.727868852459016,0.7049180327868853,0.5540983606557377,0.0196721311475409,0.0163934426229508
https://doi.org/10.1016/j.corsci.2026.113598,18.916666666666668,7.643171806167401,0.7709251101321586,0.5859030837004405,0.052863436123348,0.0044052863436123
https://doi.org/10.1016/j.corsci.2026.113597,23.0,6.237154150197629,0.758893280632411,0.6284584980237155,0.0632411067193675,0.0118577075098814
https://doi.org/10.1016/j.corsci.2026.113667,24.1,7.311203319502074,0.7468879668049793,0.6431535269709544,0.0373443983402489,0.0082987551867219
https://doi.org/10.1016/j.corsci.2026.113740,28.2,5.595744680851064,0.7092198581560284,0.624113475177305,0.0283687943262411,0.0212765957446808
https://doi.org/10.1016/j.corsci.2026.113651,14.68,6.326975476839237,0.7656675749318801,0.55858310626703,0.0326975476839237,0.0054495912806539
https://doi.org/10.1016/j.corsci.2026.113718,20.666666666666668,7.467741935483871,0.7150537634408602,0.7634408602150538,0.0376344086021505,0.010752688172043
https://doi.org/10.1016/j.corsci.2026.113732,14.80952380952381,6.311897106109325,0.7363344051446945,0.472668810289389,0.0257234726688102,0.0
https://doi.org/10.1016/j.corsci.2026.113736,14.0,6.877551020408164,0.7142857142857143,0.8163265306122449,0.0510204081632653,0.0
https://doi.org/10.1016/j.corsci.2026.113779,16.53846153846154,6.032558139534884,0.7488372093023256,0.5023255813953489,0.027906976744186,0.0
https://doi.org/10.1016/j.corsci.2026.113765,17.77777777777778,7.3125,0.71875,0.725,0.03125,0.00625
https://doi.org/10.1016/j.corsci.2026.113915,28.125,7.404444444444445,0.7555555555555555,0.6266666666666667,0.0222222222222222,0.0133333333333333
https://doi.org/10.1016/j.corsci.2026.113713,27.11111111111111,5.672131147540983,0.7049180327868853,0.5,0.0163934426229508,0.0204918032786885
https://doi.org/10.1016/j.corsci.2026.113731,14.333333333333334,7.073643410852713,0.7713178294573644,0.7015503875968992,0.0193798449612403,0.0116279069767441
https://doi.org/10.1016/j.corsci.2026.113767,22.266666666666666,6.775449101796407,0.6946107784431138,0.4760479041916167,0.029940119760479,0.0089820359281437
https://doi.org/10.1016/j.corsci.2026.113781,17.933333333333334,6.754646840148699,0.758364312267658,0.5241635687732342,0.0185873605947955,0.0037174721189591
https://doi.org/10.1016/j.corsci.2026.113814,18.294117647058822,7.067524115755627,0.7041800643086816,0.5466237942122186,0.0289389067524115,0.0257234726688102
https://doi.org/10.1016/j.corsci.2026.113815,11.5625,5.513513513513513,0.7243243243243244,0.5567567567567567,0.0162162162162162,0.0108108108108108
https://doi.org/10.1016/j.corsci.2026.113921,32.0,7.96875,0.725,0.8125,0.0125,0.01875
https://doi.org/10.1016/j.corsci.2026.113955,21.6,5.675925925925926,0.6666666666666666,0.7314814814814815,0.0555555555555555,0.0185185185185185
https://doi.org/10.1016/j.corsci.2026.113960,17.571428571428573,7.357723577235772,0.7154471544715447,0.8373983739837398,0.032520325203252,0.016260162601626
https://doi.org/10.1016/j.corsci.2026.113993,21.818181818181817,7.129166666666666,0.7125,0.6791666666666667,0.0458333333333333,0.0208333333333333
https://doi.org/10.1016/j.corsci.2026.113839,20.0,6.43,0.65,0.63,0.05,0.01
https://doi.org/10.1016/j.corsci.2026.114019,19.53846153846154,6.909448818897638,0.7519685039370079,0.6181102362204725,0.0078740157480314,0.0236220472440944
https://doi.org/10.1016/j.corsci.2026.113604,19.6,7.1479591836734695,0.7448979591836735,0.7551020408163265,0.0255102040816326,0.0204081632653061
https://doi.org/10.1016/j.corsci.2026.113626,31.142857142857142,6.458715596330276,0.6513761467889908,0.573394495412844,0.0275229357798165,0.0091743119266055
https://doi.org/10.1016/j.corsci.2026.113644,22.285714285714285,6.506410256410256,0.7628205128205128,0.6794871794871795,0.0448717948717948,0.0064102564102564
https://doi.org/10.1016/j.corsci.2026.113645,15.181818181818182,5.994011976047904,0.7904191616766467,0.6946107784431138,0.0658682634730539,0.0239520958083832
https://doi.org/10.1016/j.corsci.2026.113723,30.166666666666668,6.585635359116022,0.6906077348066298,0.7016574585635359,0.0276243093922651,0.0386740331491712
https://doi.org/10.1016/j.corsci.2026.113631,16.666666666666668,6.6,0.695,0.65,0.025,0.015
https://doi.org/10.1016/j.corsci.2026.113730,23.63636363636364,7.1923076923076925,0.7423076923076923,0.6576923076923077,0.0192307692307692,0.0115384615384615
https://doi.org/10.1016/j.corsci.2026.113733,17.8125,7.273684210526316,0.7578947368421053,0.6350877192982456,0.0456140350877193,0.0070175438596491
https://doi.org/10.1016/j.corsci.2026.113761,18.416666666666668,6.457013574660634,0.6787330316742082,0.5067873303167421,0.0361990950226244,0.0180995475113122
https://doi.org/10.1016/j.corsci.2026.113764,24.22222222222222,7.605504587155964,0.7064220183486238,0.5871559633027523,0.0321100917431192,0.0137614678899082
https://doi.org/10.1016/j.corsci.2026.113819,24.142857142857142,7.331360946745562,0.6923076923076923,0.6272189349112426,0.0532544378698224,0.0118343195266272
https://doi.org/10.1016/j.corsci.2026.113888,24.75,7.368686868686868,0.7626262626262627,0.7424242424242424,0.0404040404040404,0.0151515151515151
https://doi.org/10.1016/j.corsci.2026.113886,27.0,5.955555555555556,0.725925925925926,0.5444444444444444,0.0222222222222222,0.0074074074074074
https://doi.org/10.1016/j.corsci.2026.113880,24.7,7.704453441295547,0.7246963562753036,0.5991902834008097,0.0242914979757085,0.0121457489878542
https://doi.org/10.1016/j.corsci.2026.113898,28.22222222222222,7.125984251968504,0.7362204724409449,0.5669291338582677,0.0275590551181102,0.0118110236220472
https://doi.org/10.1016/j.corsci.2026.113916,15.9,7.911949685534591,0.7484276729559748,0.6477987421383647,0.0251572327044025,0.0440251572327044
https://doi.org/10.1016/j.corsci.2026.113910,26.0,6.526923076923077,0.7384615384615385,0.5807692307692308,0.0269230769230769,0.0192307692307692
https://doi.org/10.1016/j.corsci.2026.113938,19.2,7.284722222222222,0.7326388888888888,0.4791666666666667,0.03125,0.0104166666666666
https://doi.org/10.1016/j.corsci.2026.113911,22.0,7.6115702479338845,0.7272727272727273,0.7727272727272727,0.024793388429752,0.0206611570247933
https://doi.org/10.1016/j.corsci.2026.113948,18.09090909090909,7.0,0.6834170854271356,0.6934673366834171,0.0351758793969849,0.0100502512562814
https://doi.org/10.1016/j.corsci.2026.113954,7.52,5.420212765957447,0.7606382978723404,0.4148936170212766,0.0106382978723404,0.0079787234042553
https://doi.org/10.1016/j.corsci.2026.113963,19.857142857142858,7.748201438848921,0.7661870503597122,0.7158273381294964,0.0359712230215827,0.0035971223021582
https://doi.org/10.1016/j.corsci.2026.113957,18.0,6.972222222222222,0.7881944444444444,0.6284722222222222,0.0381944444444444,0.0138888888888888
https://doi.org/10.1016/j.corsci.2026.113975,21.444444444444443,7.005181347150259,0.7098445595854922,0.6839378238341969,0.0880829015544041,0.005181347150259
https://doi.org/10.1016/j.corsci.2026.113956,23.5,6.714893617021277,0.7531914893617021,0.7148936170212766,0.0170212765957446,0.0042553191489361
https://doi.org/10.1016/j.corsci.2026.113997,26.363636363636363,6.751724137931035,0.7931034482758621,0.6137931034482759,0.0137931034482758,0.0206896551724137
https://doi.org/10.1016/j.corsci.2026.114008,21.75,6.831417624521073,0.7203065134099617,0.6934865900383141,0.0268199233716475,0.0191570881226053
https://doi.org/10.1016/j.corsci.2026.114007,15.625,7.032,0.692,0.656,0.028,0.024
https://doi.org/10.1016/j.corsci.2026.114027,27.666666666666668,7.855421686746988,0.7530120481927711,0.7530120481927711,0.0421686746987951,0.0120481927710843
https://doi.org/10.1016/j.corsci.2026.114034,30.5,7.098360655737705,0.7254098360655737,0.6352459016393442,0.0204918032786885,0.0163934426229508
https://doi.org/10.1016/j.corsci.2026.114045,18.857142857142858,6.3106060606060606,0.6893939393939394,0.6287878787878788,0.0454545454545454,0.0075757575757575
https://doi.org/10.1016/j.corsci.2026.114058,17.142857142857142,7.216666666666667,0.7583333333333333,0.7041666666666667,0.0375,0.0208333333333333
https://doi.org/10.1016/j.corsci.2026.114053,31.83333333333333,7.785340314136126,0.7382198952879581,0.6910994764397905,0.031413612565445,0.0052356020942408
https://doi.org/10.1016/j.corsci.2026.114065,24.8,7.762096774193548,0.717741935483871,0.6774193548387096,0.0604838709677419,0.0080645161290322
https://doi.org/10.1016/j.corsci.2026.114073,24.5,5.639455782312925,0.6802721088435374,0.6258503401360545,0.0204081632653061,0.0
https://doi.org/10.1016/j.corsci.2026.114076,25.714285714285715,7.433333333333334,0.7222222222222222,0.7111111111111111,0.0222222222222222,0.0222222222222222
https://doi.org/10.1016/j.corsci.2026.114085,23.75,7.031578947368421,0.7105263157894737,0.5894736842105263,0.031578947368421,0.0105263157894736
https://doi.org/10.1016/j.corsci.2026.114086,24.11111111111111,7.589861751152074,0.7327188940092166,0.7004608294930875,0.0460829493087557,0.0184331797235023
https://doi.org/10.1016/j.corsci.2026.114095,17.866666666666667,6.634328358208955,0.7014925373134329,0.5932835820895522,0.044776119402985,0.0149253731343283
https://doi.org/10.1016/j.corsci.2026.114100,23.77777777777778,7.098130841121495,0.7663551401869159,0.6728971962616822,0.0420560747663551,0.0046728971962616
https://doi.org/10.3390/cmd7010006,19.83333333333333,6.2521008403361344,0.6470588235294118,0.680672268907563,0.042016806722689,0.0084033613445378
https://doi.org/10.3390/cmd7010009,25.571428571428573,7.849162011173185,0.7094972067039106,0.7821229050279329,0.0391061452513966,0.0111731843575419
https://doi.org/10.3390/cmd7010010,26.0,7.3538461538461535,0.6692307692307692,0.7153846153846154,0.0538461538461538,0.0076923076923076
https://doi.org/10.3390/cmd7010011,28.375,7.26431718061674,0.6651982378854625,0.5770925110132159,0.0440528634361233,0.0176211453744493
https://doi.org/10.3390/cmd7010016,13.68421052631579,6.923076923076923,0.7038461538461539,0.6923076923076923,0.0153846153846153,0.0115384615384615
https://doi.org/10.3390/cmd7010014,21.09090909090909,7.5,0.75,0.6853448275862069,0.0474137931034482,0.0258620689655172
https://doi.org/10.3390/cmd7010005,18.125,7.055172413793104,0.7517241379310344,0.7172413793103448,0.0344827586206896,0.0344827586206896
https://doi.org/10.3390/cmd7010007,3.333333333333333,4.0,0.5,1.1,0.0,0.0
https://doi.org/10.3390/cmd7010008,28.88888888888889,6.976923076923077,0.6269230769230769,0.5807692307692308,0.0153846153846153,0.0423076923076923
https://doi.org/10.3390/cmd7010012,18.384615384615383,7.527196652719665,0.7112970711297071,0.5690376569037657,0.0376569037656903,0.0209205020920502
https://doi.org/10.3390/cmd7010013,21.666666666666668,7.930769230769231,0.7615384615384615,0.7153846153846154,0.0538461538461538,0.023076923076923
https://doi.org/10.3390/cmd7010015,39.833333333333336,7.602510460251046,0.7071129707112971,0.6778242677824268,0.0460251046025104,0.00836820083682
https://doi.org/10.3390/cmd7010018,20.923076923076923,6.264705882352941,0.6691176470588235,0.4448529411764705,0.025735294117647,0.0073529411764705
https://doi.org/10.3390/cmd7010020,33.166666666666664,7.336683417085427,0.6532663316582915,0.5829145728643216,0.0351758793969849,0.0100502512562814
https://doi.org/10.3390/cmd7010019,25.0,6.382222222222223,0.6488888888888888,0.56,0.0488888888888888,0.0044444444444444
https://doi.org/10.3390/cmd7010021,15.818181818181818,7.626436781609195,0.7471264367816092,0.7758620689655172,0.0114942528735632,0.0172413793103448
https://doi.org/10.3390/cmd7020022,9.909090909090908,8.055045871559633,0.7706422018348624,0.6972477064220184,0.0045871559633027,0.0137614678899082
https://doi.org/10.3390/cmd7020023,11.454545454545457,7.777777777777778,0.7936507936507936,0.8888888888888888,0.0476190476190476,0.0158730158730158
https://doi.org/10.3390/cmd7020024,19.5,6.558974358974359,0.6820512820512821,0.5897435897435898,0.0307692307692307,0.0256410256410256
https://doi.org/10.3390/cmd7020025,20.6,7.315533980582524,0.6601941747572816,0.6359223300970874,0.0631067961165048,0.029126213592233
https://doi.org/10.3390/cmd7020027,28.357142857142858,6.55919395465995,0.6498740554156172,0.5465994962216625,0.0201511335012594,0.0251889168765743
https://doi.org/10.3390/cmd7020028,18.0,7.522222222222222,0.8055555555555556,0.8166666666666667,0.0111111111111111,0.0
https://doi.org/10.3390/cmd7020029,21.615384615384617,8.07473309608541,0.7224199288256228,0.5907473309608541,0.0106761565836298,0.0249110320284697
https://doi.org/10.3390/cmd7020030,15.933333333333334,7.251046025104602,0.7280334728033473,0.7196652719665272,0.0585774058577405,0.0125523012552301
https://doi.org/10.3390/cmd7020031,18.8,6.840425531914893,0.7074468085106383,0.6276595744680851,0.0106382978723404,0.0212765957446808
https://doi.org/10.3390/cmd7020032,17.8125,7.673684210526316,0.7192982456140351,0.6070175438596491,0.031578947368421,0.0105263157894736
https://doi.org/10.3390/cmd7020033,20.63636363636364,6.977973568281938,0.7048458149779736,0.6431718061674009,0.0220264317180616,0.0220264317180616
https://doi.org/10.3390/cmd7020034,15.538461538461538,8.014851485148515,0.7326732673267327,0.6782178217821783,0.0544554455445544,0.0049504950495049
https://doi.org/10.3390/cmd7020035,47.5,7.442105263157894,0.712280701754386,0.6105263157894737,0.0210526315789473,0.0105263157894736
https://doi.org/10.3390/cmd7020036,23.2,7.245689655172414,0.6767241379310345,0.6336206896551724,0.021551724137931,0.0086206896551724
https://doi.org/10.3390/cmd7020037,10.041666666666666,7.302904564315352,0.7468879668049793,0.6390041493775933,0.0041493775933609,0.0124481327800829
https://doi.org/10.3390/cmd7020038,22.88888888888889,6.330097087378641,0.6699029126213593,0.558252427184466,0.029126213592233,0.0097087378640776
https://doi.org/10.3390/cmd7020039,20.444444444444443,7.114130434782608,0.7065217391304348,0.6521739130434783,0.0271739130434782,0.0054347826086956
https://doi.org/10.3390/cmd7020040,13.352941176470589,6.757709251101321,0.7092511013215859,0.6343612334801763,0.013215859030837,0.026431718061674
https://doi.org/10.3390/cmd7030041,13.692307692307692,6.96067415730337,0.6910112359550562,0.6910112359550562,0.0561797752808988,0.0168539325842696
https://doi.org/10.3390/cmd7030042,24.3,7.279835390946502,0.6872427983539094,0.6419753086419753,0.0246913580246913,0.0288065843621399
https://doi.org/10.3390/cmd7030043,17.1,7.1988304093567255,0.7017543859649122,0.6549707602339181,0.023391812865497,0.0058479532163742
https://doi.org/10.1002/maco.70106,16.5,8.568181818181818,0.803030303030303,0.7727272727272727,0.053030303030303,0.0151515151515151
https://doi.org/10.1002/maco.70113,17.11111111111111,7.0,0.7727272727272727,0.6818181818181818,0.0714285714285714,0.0
https://doi.org/10.1002/maco.70114,26.5,7.056603773584905,0.6666666666666666,0.6981132075471698,0.0251572327044025,0.0188679245283018
https://doi.org/10.1002/maco.70152,12.666666666666666,6.021052631578947,0.6684210526315789,0.6368421052631579,0.0368421052631578,0.0
https://doi.org/10.1002/maco.70105,20.125,6.850931677018633,0.7391304347826086,0.7267080745341615,0.0372670807453416,0.0186335403726708
https://doi.org/10.1002/maco.70158,32.166666666666664,6.150259067357513,0.7202072538860104,0.5751295336787565,0.0259067357512953,0.0155440414507772
https://doi.org/10.1002/maco.70153,20.666666666666668,7.048387096774194,0.6935483870967742,0.6854838709677419,0.032258064516129,0.0080645161290322
https://doi.org/10.1002/maco.70097,26.75,6.214953271028038,0.6448598130841121,0.6355140186915887,0.0467289719626168,0.02803738317757
https://doi.org/10.1002/maco.70107,23.857142857142858,7.155688622754491,0.7365269461077845,0.6586826347305389,0.029940119760479,0.0059880239520958
https://doi.org/10.1002/maco.70112,20.25,8.438271604938272,0.808641975308642,0.7407407407407407,0.0308641975308641,0.0123456790123456
https://doi.org/10.1002/maco.70115,26.25,6.866666666666666,0.5523809523809524,0.6095238095238096,0.019047619047619,0.0476190476190476
https://doi.org/10.1002/maco.70110,29.5,6.152542372881356,0.7457627118644068,0.8813559322033898,0.0677966101694915,0.0338983050847457
https://doi.org/10.1002/maco.70116,25.8,8.131782945736434,0.7364341085271318,0.7054263565891473,0.0387596899224806,0.0155038759689922
https://doi.org/10.1002/maco.70118,14.2,8.105633802816902,0.7394366197183099,0.7605633802816901,0.056338028169014,0.0070422535211267
https://doi.org/10.1002/maco.70125,27.166666666666668,6.957055214723926,0.7300613496932515,0.6196319018404908,0.0306748466257668,0.0
https://doi.org/10.1002/maco.70119,23.375,6.032085561497326,0.7593582887700535,0.46524064171123,0.0267379679144385,0.0
https://doi.org/10.1002/maco.70126,11.5,7.615942028985507,0.7391304347826086,0.6956521739130435,0.0289855072463768,0.036231884057971
https://doi.org/10.1002/maco.70124,13.77777777777778,8.290322580645162,0.8387096774193549,0.8709677419354839,0.1129032258064516,0.032258064516129
https://doi.org/10.1002/maco.70129,24.666666666666668,7.006756756756757,0.7635135135135135,0.75,0.0743243243243243,0.0
https://doi.org/10.1002/maco.70117,18.75,5.92,0.7333333333333333,0.5733333333333334,0.04,0.0066666666666666
https://doi.org/10.1002/maco.70120,19.8,6.656565656565657,0.696969696969697,0.7676767676767676,0.0505050505050505,0.0303030303030303
https://doi.org/10.1002/maco.70127,23.0,8.08695652173913,0.6956521739130435,0.7934782608695652,0.0217391304347826,0.0108695652173913
https://doi.org/10.1002/maco.70136,27.166666666666668,7.0552147239263805,0.7484662576687117,0.754601226993865,0.0306748466257668,0.0
https://doi.org/10.1002/maco.70139,18.875,7.874172185430464,0.7549668874172185,0.7682119205298014,0.0529801324503311,0.0198675496688741
https://doi.org/10.1002/maco.70138,19.875,7.30188679245283,0.6981132075471698,0.6729559748427673,0.0314465408805031,0.0062893081761006
https://doi.org/10.1002/maco.70137,20.375,7.085889570552148,0.7239263803680982,0.6871165644171779,0.0490797546012269,0.0122699386503067
https://doi.org/10.1002/maco.70135,23.33333333333333,8.264285714285714,0.7214285714285714,0.6714285714285714,0.0642857142857142,0.0071428571428571
https://doi.org/10.1002/maco.70142,14.909090909090908,5.884146341463414,0.7804878048780488,0.7073170731707317,0.0548780487804878,0.0060975609756097
https://doi.org/10.1002/maco.70143,16.88888888888889,6.315789473684211,0.6776315789473685,0.6578947368421053,0.0263157894736842,0.0131578947368421
https://doi.org/10.1002/maco.70145,13.8,6.760869565217392,0.6956521739130435,0.5797101449275363,0.0652173913043478,0.0144927536231884
https://doi.org/10.1002/maco.70146,12.833333333333334,6.577922077922078,0.7142857142857143,0.6753246753246753,0.0259740259740259,0.0194805194805194
https://doi.org/10.1002/maco.70130,23.166666666666668,7.172661870503597,0.6834532374100719,0.6690647482014388,0.0359712230215827,0.0071942446043165
https://doi.org/10.1002/maco.70128,16.666666666666668,7.86,0.7266666666666667,0.7266666666666667,0.06,0.0
https://doi.org/10.1002/maco.70141,20.75,6.867469879518072,0.6987951807228916,0.7048192771084337,0.0421686746987951,0.0301204819277108
https://doi.org/10.1002/maco.70140,10.8,6.981481481481482,0.6851851851851852,0.7962962962962963,0.0277777777777777,0.0092592592592592
https://doi.org/10.1002/maco.70131,13.428571428571429,6.851063829787234,0.8404255319148937,0.851063829787234,0.0531914893617021,0.0212765957446808
https://doi.org/10.1002/maco.70147,23.8,6.0588235294117645,0.6638655462184874,0.7058823529411765,0.0336134453781512,0.0252100840336134
https://doi.org/10.1002/maco.70144,25.75,6.388349514563107,0.6407766990291263,0.6504854368932039,0.058252427184466,0.0097087378640776
https://doi.org/10.1002/maco.70154,25.142857142857142,6.659090909090909,0.6534090909090909,0.5909090909090909,0.034090909090909,0.0227272727272727
https://doi.org/10.1002/maco.70155,12.076923076923077,7.375796178343949,0.7579617834394905,0.7579617834394905,0.0318471337579617,0.0
https://doi.org/10.1002/maco.70156,14.0,7.071428571428571,0.7738095238095238,0.7202380952380952,0.0297619047619047,0.0119047619047619
https://doi.org/10.1002/maco.70159,8.705882352941176,6.527027027027027,0.7364864864864865,0.6824324324324325,0.0608108108108108,0.0337837837837837
https://doi.org/10.1002/maco.70160,23.166666666666668,7.050359712230216,0.7050359712230215,0.6834532374100719,0.079136690647482,0.0359712230215827
https://doi.org/10.1002/maco.70157,28.5,7.029239766081871,0.7309941520467836,0.6081871345029239,0.0467836257309941,0.0116959064327485
https://doi.org/10.1002/maco.70148,17.0,6.96078431372549,0.7647058823529411,0.7156862745098039,0.0392156862745098,0.0294117647058823
https://doi.org/10.1002/maco.70164,28.0,7.057142857142857,0.6857142857142857,0.65,0.0642857142857142,0.0142857142857142
https://doi.org/10.1002/maco.70162,18.266666666666666,6.981751824817518,0.7408759124087592,0.5693430656934306,0.0364963503649635,0.010948905109489
https://doi.org/10.1002/maco.70169,22.75,6.472527472527473,0.6813186813186813,0.5769230769230769,0.0219780219780219,0.0109890109890109
https://doi.org/10.1002/maco.70171,17.444444444444443,7.464968152866242,0.6942675159235668,0.6496815286624203,0.0509554140127388,0.0254777070063694
https://doi.org/10.1002/maco.70172,16.3,7.134969325153374,0.7239263803680982,0.7116564417177914,0.0429447852760736,0.0184049079754601
https://doi.org/10.1002/maco.70174,18.25,6.801369863013699,0.7054794520547946,0.7534246575342466,0.0410958904109589,0.0068493150684931
https://doi.org/10.1002/maco.70173,26.0,6.406593406593407,0.6648351648351648,0.5659340659340659,0.0549450549450549,0.0109890109890109
https://doi.org/10.1002/maco.70165,34.25,6.467153284671533,0.6642335766423357,0.583941605839416,0.0437956204379562,0.0218978102189781
https://doi.org/10.1002/maco.70163,17.125,8.248175182481752,0.8102189781021898,0.781021897810219,0.0948905109489051,0.0072992700729927
https://doi.org/10.1002/maco.70183,25.5,6.901960784313726,0.6928104575163399,0.6143790849673203,0.0457516339869281,0.0065359477124183
https://doi.org/10.1002/maco.70182,26.0,7.048076923076923,0.7019230769230769,0.6826923076923077,0.0865384615384615,0.0096153846153846
https://doi.org/10.1002/maco.70189,15.363636363636363,6.911242603550296,0.7100591715976331,0.650887573964497,0.0473372781065088,0.029585798816568
https://doi.org/10.1002/maco.70185,19.2,6.15625,0.6770833333333334,0.5572916666666666,0.0260416666666666,0.0260416666666666
https://doi.org/10.1002/maco.70188,22.142857142857142,7.245161290322581,0.7290322580645161,0.6967741935483871,0.032258064516129,0.032258064516129
https://doi.org/10.1002/maco.70187,22.714285714285715,6.786163522012578,0.6666666666666666,0.6540880503144654,0.0251572327044025,0.0440251572327044
https://doi.org/10.1002/maco.70190,17.666666666666668,7.490566037735849,0.7421383647798742,0.7610062893081762,0.0188679245283018,0.0125786163522012
https://doi.org/10.1002/maco.70181,14.923076923076923,5.974226804123711,0.711340206185567,0.6958762886597938,0.0257731958762886,0.0154639175257731
https://doi.org/10.1002/maco.70193,15.3,6.823529411764706,0.7581699346405228,0.7189542483660131,0.065359477124183,0.0
https://doi.org/10.1002/maco.70180,24.33333333333333,8.013698630136986,0.7534246575342466,0.7534246575342466,0.0342465753424657,0.0136986301369863
https://doi.org/10.1002/maco.70186,25.75,7.883495145631068,0.7281553398058253,0.7864077669902912,0.058252427184466,0.0097087378640776
https://doi.org/10.1002/maco.70192,29.2,7.876712328767123,0.773972602739726,0.7465753424657534,0.0547945205479452,0.0410958904109589
https://doi.org/10.1002/maco.70198,25.0,6.386666666666667,0.6866666666666666,0.68,0.0466666666666666,0.0066666666666666
https://doi.org/10.1002/maco.70196,20.428571428571427,6.881118881118881,0.8181818181818182,0.7552447552447552,0.0419580419580419,0.0209790209790209
https://doi.org/10.1002/maco.70199,20.125,7.074534161490683,0.7329192546583851,0.7018633540372671,0.0248447204968944,0.0124223602484472
https://doi.org/10.1002/maco.70202,20.875,6.922155688622754,0.7784431137724551,0.7365269461077845,0.0359281437125748,0.0359281437125748
https://doi.org/10.1002/maco.70197,32.8,7.067073170731708,0.6890243902439024,0.7195121951219512,0.0365853658536585,0.0121951219512195
https://doi.org/10.1002/maco.70191,19.83333333333333,6.932773109243698,0.6302521008403361,0.7647058823529411,0.042016806722689,0.0336134453781512
https://doi.org/10.1002/maco.70200,27.8,6.992805755395684,0.6906474820143885,0.6906474820143885,0.0215827338129496,0.0215827338129496
https://doi.org/10.1002/maco.70211,19.33333333333333,6.758620689655173,0.6781609195402298,0.6551724137931034,0.028735632183908,0.0229885057471264
https://doi.org/10.1002/maco.70201,17.7,6.68361581920904,0.7457627118644068,0.6949152542372882,0.03954802259887,0.0169491525423728
https://doi.org/10.1002/maco.70178,12.0,5.866666666666666,0.6333333333333333,0.6666666666666666,0.0666666666666666,0.0
https://doi.org/10.1002/maco.70195,15.2,6.927631578947368,0.7368421052631579,0.6447368421052632,0.0263157894736842,0.0263157894736842
https://doi.org/10.1002/maco.70212,21.142857142857142,6.763513513513513,0.668918918918919,0.5675675675675675,0.0337837837837837,0.0067567567567567
https://doi.org/10.1002/maco.70194,23.0,7.626086956521739,0.7304347826086957,0.7565217391304347,0.0521739130434782,0.0
https://doi.org/10.1002/maco.70203,11.22222222222222,6.212871287128713,0.693069306930693,0.5792079207920792,0.0396039603960396,0.0099009900990099
