doc_id,Dim1,Dim2,Dim3,Dim4
https://doi.org/10.1108/acmm-02-2014-1352,-0.046929725138017,0.8917117348896402,1.6548191473198328,0.49695192895061074
https://doi.org/10.1108/acmm-10-2013-1302,1.1269510375189804,0.7242445803142259,0.08574664237563011,-0.2584739815573751
https://doi.org/10.1108/acmm-10-2013-1307,1.6694471025363717,0.811235829790797,-0.7877749249388656,1.2284478747478282
https://doi.org/10.1108/acmm-01-2014-1339,0.11126746093647961,0.6026689401243612,-0.9752620118897775,-0.5350698392753411
https://doi.org/10.1108/acmm-05-2014-1389,0.807796185285021,0.2290335589797881,1.8477109454436003,0.2819266030258259
https://doi.org/10.1108/acmm-04-2014-1375,0.04524450701561936,-1.1066398161744253,-0.11680025341226771,0.29265043246996203
https://doi.org/10.1108/acmm-11-2013-1324,0.030580988700905348,1.6030342768404204,-0.4216131168850858,-0.8413891090755833
https://doi.org/10.1108/acmm-11-2013-1319,-0.5847202213292789,-0.009186321071851833,0.21609039159322302,0.2304144351207962
https://doi.org/10.1108/acmm-05-2014-1381,-0.03454299895280312,0.307548595348658,1.4062651303517908,-1.0590558925305653
https://doi.org/10.1108/acmm-10-2013-1308,0.22528595892951592,0.6540463109459576,-0.22893154357192083,-0.25762695693745136
https://doi.org/10.1108/acmm-06-2014-1396,1.464424019693877,0.5249488936274888,-0.36667868139526044,-1.1762707432718245
https://doi.org/10.1108/acmm-12-2013-1333,-0.40124752267539454,0.29644233621057287,0.02439424337595364,-0.6160114270481225
https://doi.org/10.1108/acmm-11-2013-1321,1.0624425390882857,-0.039415545270992544,-0.20534684624691135,0.3924976574708126
https://doi.org/10.1108/acmm-05-2014-1388,0.6738201914806932,0.6313061773462829,-0.2510392618320411,0.8516887546365262
https://doi.org/10.1108/acmm-01-2014-1342,0.3897195527366458,0.25993346387370037,-0.7425300165429621,-0.18410576943899382
https://doi.org/10.1108/acmm-01-2015-1498,1.3551799167717993,0.8361007243023992,-0.9713597604856895,0.20388743536175333
https://doi.org/10.1108/acmm-04-2014-1367,0.4920904303332901,-0.27841690447835776,0.15420959963246425,0.1729047639047702
https://doi.org/10.1108/acmm-10-2013-1305,-0.4670324111762702,1.5780854842682512,0.46576786806975995,0.6880838127974187
https://doi.org/10.1108/acmm-12-2013-1331,0.09619239321607016,-0.17174349082209625,-1.0341617356243287,-0.8838688930032472
https://doi.org/10.1108/acmm-11-2013-1320,-0.30509239490277384,-0.4223182084208157,-0.025535186485381854,0.22745487122127386
https://doi.org/10.1108/acmm-03-2014-1364,1.3295624497721639,-0.10806683562997374,-0.8459804862159723,0.9987346878076472
https://doi.org/10.1108/acmm-12-2013-1336,0.8677351719187412,1.2019776607609354,0.5769054548588491,-0.5830777607860582
https://doi.org/10.1108/acmm-10-2013-1311,0.9406073712452965,0.5578229024395374,0.670295339305291,-0.003573322671754302
https://doi.org/10.1108/acmm-11-2013-1317,0.08242072623766551,1.1923118852835362,-0.28805986338589123,1.1104473751272919
https://doi.org/10.1108/acmm-01-2014-1343,-0.13246292988244737,0.16419556658206633,0.3011200800625678,-0.5975897640833133
https://doi.org/10.1108/acmm-07-2013-1276,1.595210231230137,1.3303618733123734,1.1100895168909326,-0.7313612547286619
https://doi.org/10.1108/acmm-07-2014-1410,0.4763035899836036,-0.5818011938618131,1.362312230074314,0.6316160196479832
https://doi.org/10.1108/acmm-12-2014-1475,-0.37213578136746917,0.0016867123528826067,0.07036807924882747,-0.11947172902256449
https://doi.org/10.1108/acmm-06-2013-1271,0.10255679298719518,-0.3528631298140007,-0.18248650792636226,0.0460938901860217
https://doi.org/10.1108/acmm-01-2015-1495,-0.3208774365879513,1.4598789097855436,-0.16574715389403427,-1.0147336566150396
https://doi.org/10.1108/acmm-01-2015-1490,-0.7515941575822342,0.47443097743991997,0.12873400046447042,0.4878017139795068
https://doi.org/10.1108/acmm-09-2014-1433,-0.21137095384637897,0.2597312598703156,0.17019179258774375,-0.9105387772582771
https://doi.org/10.1108/acmm-01-2015-1492,0.8070406311364581,0.887124965229738,0.722500063792714,0.3140042543257421
https://doi.org/10.1108/acmm-03-2014-1357,-1.0465606099775635,0.47719269434903516,0.5103584359036618,0.8386353581752609
https://doi.org/10.1108/acmm-11-2013-1323,0.4259587119046402,-0.543920002983224,0.5594493500409881,-0.2563355101676577
https://doi.org/10.1108/acmm-01-2014-1340,-0.49153564764812796,0.4440249482056519,-0.4313569788074925,-0.1264323278882342
https://doi.org/10.1108/acmm-01-2014-1344,-0.6663945334224182,0.4021457490374683,-0.3040337315714678,-1.2019918906217735
https://doi.org/10.1108/acmm-12-2013-1329,1.1732768728856013,-1.4353339213553562,-1.1379982270502076,-0.3372235781794237
https://doi.org/10.1108/acmm-03-2014-1359,0.6040176390466465,0.36559252873141473,0.540014449860472,-0.38798089392145296
https://doi.org/10.1108/acmm-12-2013-1338,0.26150871214210775,-1.0650232883588726,0.8367109070357792,2.9912964475983417
https://doi.org/10.1108/acmm-10-2013-1312,0.4069276597780354,0.9041636003843004,-0.5156032731267708,-1.2969576642793825
https://doi.org/10.1108/acmm-01-2015-1496,-0.5468736980188321,1.2355880525293823,-1.204937238326916,-0.7193036612253099
https://doi.org/10.1108/acmm-01-2015-1497,0.4946950432313679,1.8226181491654558,1.520573597012583,1.818760235586053
https://doi.org/10.1108/acmm-01-2014-1347,1.2738964594936417,-0.13184461503932515,0.14338044282348011,1.3952879854166533
https://doi.org/10.1108/acmm-01-2015-1488,0.4652203123190042,0.5599548885817256,-0.994299444665309,-1.2359078685260967
https://doi.org/10.1108/acmm-11-2013-1326,0.014564011833759195,-0.07361894376838407,-0.011985979824341991,-1.3546622051793473
https://doi.org/10.1108/acmm-01-2015-1487,1.6974098775685087,0.3195608980068975,0.46203014587235436,0.26310271425518283
https://doi.org/10.1108/acmm-01-2015-1486,3.7425608085176023,2.0911660471594713,2.8571772030549156,0.6433095581269687
https://doi.org/10.1108/acmm-10-2013-1304,1.1599046541342357,-1.0943485767859198,-0.6842179967703694,-0.22039696084427518
https://doi.org/10.1108/acmm-10-2013-1301,-0.37204579211934535,0.6394116695419182,-0.660349894542413,-0.9705092576875975
https://doi.org/10.1108/acmm-07-2013-1290,0.6608104495827348,0.8732865258331517,-0.6811518234849179,-1.1331080529166593
https://doi.org/10.1108/acmm-07-2011-1137,-0.5496445701288724,0.0371484748837156,-0.7450871828663118,0.8468929346184224
https://doi.org/10.1108/acmm-07-2014-1413,-0.3436856102504698,0.8138697795853111,0.7344707029595763,1.0567110740673784
https://doi.org/10.1108/acmm-04-2014-1378,0.6830497199454194,1.5645512754324502,1.6473985848519292,0.058114458622650786
https://doi.org/10.1108/acmm-03-2014-1366,-0.7903802698093059,1.0393563261312697,-0.2660609233293893,-0.4335298524224556
https://doi.org/10.1108/acmm-01-2014-1345,0.47757368870371736,0.005824281666833646,-0.797107432088721,-0.9602755211090385
https://doi.org/10.5006/1787,-0.3863351582232338,-3.017415208397534,1.308285008658629,0.6655291530747173
https://doi.org/10.5006/1709,-0.280148293730511,-1.117822407966987,1.392103782971703,1.282139243773622
https://doi.org/10.5006/1818,-0.8681557845013611,-1.2185677421588763,0.32740411210794007,-0.3724587316499633
https://doi.org/10.5006/1837,0.7509144442935676,-0.6587117495423638,-1.3771475270079614,-0.8321123022224193
https://doi.org/10.5006/1927,1.612343334392593,-0.9557101743961459,-0.4088787940397028,-0.16590106575389557
https://doi.org/10.5006/1566,-0.4378881027752936,0.785449719244503,1.3050844948744917,-0.2172183396771425
https://doi.org/10.5006/1766,0.7426718147939546,-1.5599531565011708,-1.4644626606297984,-1.2460082555870173
https://doi.org/10.5006/1770,0.22703426109736144,-0.9638690953666857,-0.11145297559301849,-0.4637642668073341
https://doi.org/10.5006/1672,-0.009163629221021763,-0.8378204950850127,-1.3218983594522935,-1.5553756686418623
https://doi.org/10.5006/1916,-1.5707928275064809,-1.3962664296339102,0.17150014585886536,0.4864185045248249
https://doi.org/10.5006/1848,-0.49923277294079876,-0.5575024753345312,-0.7301290168882459,-1.322707546612488
https://doi.org/10.5006/1703,-0.1430847380783585,1.8537117881137515,0.46034126084078353,0.5685504632185892
https://doi.org/10.5006/1852,1.9328126170817455,-1.104393813694127,-1.8219386826359385,-1.6151155470891587
https://doi.org/10.5006/1865,0.9412960044534978,-1.13753491551731,1.5274562133744762,-0.8369383482887462
https://doi.org/10.5006/1949,-0.40569548989646875,-0.0488585486216495,-0.12916227003425287,-1.0378782952747898
https://doi.org/10.5006/1888,-0.23069474140158472,0.31547780966869177,0.9770725836384719,1.1752396889885104
https://doi.org/10.5006/1833,-0.6867335759224249,-0.7577298853278237,0.020379359689651582,-0.833117756041182
https://doi.org/10.5006/1338,-0.046985643178655015,0.5267072812586088,1.393180153130304,0.5374061345760769
https://doi.org/10.5006/1657,-1.9489106636711098,0.15425647008165091,0.09789051762813511,-0.8102930413215994
https://doi.org/10.5006/1777,-0.37191171185256344,0.051612262576769666,0.30065581112491285,0.4784945384912891
https://doi.org/10.5006/1804,1.4370040255626955,-0.8977968309492295,0.598689458139128,0.41398139686640434
https://doi.org/10.5006/1918,-1.5001100797602898,0.3804219287724695,1.0080470574709728,-1.5148911114168833
https://doi.org/10.5006/1692,-0.29131616110800734,-1.8536913088472773,0.12677665966787144,-1.6347980149015018
https://doi.org/10.5006/1811,1.5030142602464145,0.9091388410813875,-0.9963256063062202,-0.06878804239894191
https://doi.org/10.5006/1700,0.82256074274072,1.5014789996847948,-0.4642194868505209,-0.4824239817541897
https://doi.org/10.5006/1876,-0.22288693251352756,1.340362105252081,0.733589856013142,1.7981178091553156
https://doi.org/10.5006/1861,0.10075844260225866,0.2080533420012161,0.28529311332484236,-0.6278070318151375
https://doi.org/10.5006/1696,-1.3444948381216328,-0.09824963704633467,-0.2270256694766024,0.3657064672347755
https://doi.org/10.5006/1753,-0.5160695510292027,0.6125332639720993,-0.6825358371300673,-0.8626428068145078
https://doi.org/10.5006/1851,0.27648253863318156,0.6004387906947927,-0.4180500740997995,-0.2929456149604715
https://doi.org/10.5006/1601,-0.9053880505857758,1.0222595766881941,-0.434977737242866,0.32052008600680804
https://doi.org/10.5006/1806,-0.5425319422167231,0.8643643781400165,0.6611276813559628,1.0056368265355593
https://doi.org/10.5006/1892,-0.21363057005086286,0.733294383308738,0.3695239845867385,0.6883807572326875
https://doi.org/10.5006/1617,-0.28073621496260626,1.002034723620445,-0.6944612600980024,-1.119779097309224
https://doi.org/10.5006/1909,-1.3427945582728915,0.07033518430142886,1.4597486985162644,1.2410905135253683
https://doi.org/10.5006/1643,-0.2319943807896764,1.1040504109721196,-0.334252248281116,-1.8422094371416897
https://doi.org/10.5006/1757,-0.6282609214456691,1.8684402249455698,3.46392513407226,0.14344522289468728
https://doi.org/10.5006/1675,1.2145774752968868,-1.1259817233334979,1.9140616707571825,2.087179120806832
https://doi.org/10.5006/1546,-0.6556490314598729,1.0318143926972767,0.5070670462991954,-0.2272812543842341
https://doi.org/10.5006/1925,-0.2512943258026887,-0.6187726272555912,0.9321033016460449,-0.2772552048528014
https://doi.org/10.5006/1524,1.3156646172083255,1.1080660098824253,0.13999237604964418,-1.1970420063875586
https://doi.org/10.5006/1887,1.2674357801792127,-2.1699267925805295,-0.16050372266018847,-0.6270367513203321
https://doi.org/10.5006/1694,0.46805150466450224,1.4548697263451178,0.8906007134908773,1.2710528424351102
https://doi.org/10.5006/1899,0.1248285715587581,0.7232678982080455,-1.3379521308778706,-1.176920387024425
https://doi.org/10.5006/1543,2.5774222705855205,0.8656434759410891,-0.1342764594294704,-0.8079631488587784
https://doi.org/10.5006/1494,-0.23369927142257163,-0.7526163275304928,1.5733969978443854,0.20448430731106942
https://doi.org/10.5006/1813,0.4915381347659735,1.5066437646851467,1.3493019995767093,1.6779880851748041
https://doi.org/10.5006/1875,0.388463428478202,-0.5309327233656436,-0.5744506570160667,-1.4203721306885202
https://doi.org/10.5006/1705,-0.8299427374574847,1.4863542724227934,-0.2527280187986651,0.5159005789682695
https://doi.org/10.5006/1798,-1.6868683576088204,0.921817157795481,-0.7301903659634804,-1.267713692948576
https://doi.org/10.5006/1649,0.5429355289901912,-0.31238110740127256,-0.654886136544651,-0.16763669975455808
https://doi.org/10.5006/1736,-0.22453111903849993,-2.439736151063122,-0.4868357261418534,1.7043336419722728
https://doi.org/10.5006/1840,-0.5788913166672628,1.633319866575931,-0.47156487109336015,-0.356197713078742
https://doi.org/10.5006/1365,-0.10643580326798323,1.88363147811322,0.13931128305077004,0.21356154262236315
https://doi.org/10.5006/1624,1.679580815169517,1.7457791491464238,-1.0305471129550727,-0.737244045470491
https://doi.org/10.5006/1729,0.8978391457292886,0.8032180278372444,-0.9626932498978406,-0.7703906825239825
https://doi.org/10.5006/1652,-0.27082708708569325,-0.2042883368220332,-0.6109184237728311,0.00012493700752142927
https://doi.org/10.5006/1645,0.09631308177316808,-0.23198192805558854,0.6726894463368551,0.6698024710764114
https://doi.org/10.5006/1578,0.7500558257920226,0.12965983954095855,0.5201553878095354,-0.09131726139519278
https://doi.org/10.5006/1120,-0.22478861446344323,1.1555967954720971,-0.5496059688071697,-0.23497566848235393
https://doi.org/10.5006/1701,0.6572541410290084,0.9532145346374225,-0.24898656501140518,1.7577702825568307
https://doi.org/10.5006/1872,1.0942685079624737,-1.2933608895171396,0.4783029558268137,0.39779259907315034
https://doi.org/10.5006/1854,-0.10789359955384215,1.3268929440051664,0.41896719284919437,0.5307981754228013
https://doi.org/10.5006/1373,-1.2227219911455283,-0.24405915549250118,-0.6110017914952075,1.0621566867813887
https://doi.org/10.5006/1500,0.6797777095577359,1.7307698788156127,-0.41954640744335664,1.5675685021438435
https://doi.org/10.5006/1871,-1.3275858089051833,1.2405355466924475,0.8077243205819906,-0.049026270587550866
https://doi.org/10.5006/1802,-0.730178924612802,0.8390627060030116,0.5089271421599081,1.2606657205497505
https://doi.org/10.5006/1786,-1.4538390658832008,-0.09521987000644885,0.09055046846976492,0.42677448090724046
https://doi.org/10.5006/1885,1.2376530040848968,0.6840604010004576,0.4958519637055034,-0.8739993043707278
https://doi.org/10.5006/1556,0.31013694517846857,0.6626760895089014,0.0359870368791951,-0.9626422039105159
https://doi.org/10.5006/1328,-0.9717197465040462,-0.8043358938471242,-0.3458436854880885,0.636986317783508
https://doi.org/10.5006/1763,0.5643536059534385,0.9916064073149776,0.03767670045393625,-0.6794202495804662
https://doi.org/10.5006/1870,-0.1872537670275535,-0.6136592552546856,-0.7132909879238862,-0.5727927829164705
https://doi.org/10.5006/1898,-1.1890719175902953,-0.4754237297485687,1.9592819200340708,0.4437490127442287
https://doi.org/10.5006/1859,-0.4580371326708007,0.4919426355574025,-0.3437047775371885,-0.08780254504349917
https://doi.org/10.5006/1632,-0.22168313287089172,0.8125632028829773,-1.0886665157154245,0.3227600683178472
https://doi.org/10.5006/1829,0.4327668411817724,0.703298477725729,-0.819314071371459,0.729317919360989
https://doi.org/10.5006/1714,0.3339976051573061,1.403791459640357,0.1874391765613646,2.064149835208645
https://doi.org/10.5006/1817,0.4616278526305507,0.25828533359493866,2.0421049057792504,1.8230319629082166
https://doi.org/10.5006/1737,-0.11091262842160429,0.953780320423516,0.9157265491345448,-0.6743593391601456
https://doi.org/10.5006/1719,1.3509934954797094,0.3549901348026769,-0.7080109092598843,-0.39498370717556175
https://doi.org/10.5006/1819,1.3695192480640603,0.36194751060104136,0.7511474312335155,-0.6987552724947567
https://doi.org/10.5006/1794,-0.16269420186580155,1.4297904574955538,-0.8717059273690484,1.5230534558079514
https://doi.org/10.5006/1495,-0.5501064671832074,2.300576001095219,0.31123042092123443,1.9642621359477528
https://doi.org/10.5006/1913,0.3601016250425503,0.5538796253633786,0.06139100828863347,0.34468807661126394
https://doi.org/10.5006/1922,-0.3144626791739573,-1.3748140985836834,-0.3770071965882894,-0.3605164262112225
https://doi.org/10.5006/1485,-1.8110107913661238,-0.03573650618831904,0.19653957273788383,-0.887631431056712
https://doi.org/10.5006/1754,-1.217635246549709,0.8592778609001754,1.062936807309845,-1.0726933963050163
https://doi.org/10.5006/1738,0.3812307373663915,0.897394046529532,0.9765549186835994,-0.5083254522523436
https://doi.org/10.5006/1648,0.18367308797143297,-0.9520011504142285,-1.4082370115503189,-0.156522019019031
https://doi.org/10.5006/1677,-0.10061348687609192,0.31805651369630183,0.30829574818881605,-0.5757906153183415
https://doi.org/10.5006/1761,-0.20901482061410462,-0.791448424700779,0.01197325192927133,-0.5476750834132674
https://doi.org/10.5006/1594,-1.6487757949120196,1.5158705873684282,0.4566048877819392,-0.31782205120778817
https://doi.org/10.5006/1691,0.4621119761215695,-0.47600424355433246,0.36529516137519535,-0.5880784121790522
https://doi.org/10.5006/1581,-0.4599147753281224,0.7998741715743215,1.0700182161968927,1.0608863820586865
https://doi.org/10.5006/1681,-0.17424749232885892,-1.5280417138707838,-0.0993965656999967,0.15761861909833252
https://doi.org/10.5006/1858,1.2106556913530606,-1.524880590131205,-0.6866883319791444,1.4600674173981434
https://doi.org/10.5006/1830,-0.3284700925813387,0.6556411735897054,0.3702833456584313,1.919733064627101
https://doi.org/10.5006/1633,-0.5270184769188475,-0.4136297973579456,1.4231993293736571,0.6664585587073031
https://doi.org/10.5006/1874,-1.3879436459524326,0.27663908821367245,-0.220200200147367,-0.11554634139217669
https://doi.org/10.5006/1780,0.8391335335021253,0.915987054113354,-1.4187587376434219,-1.3721387106013816
https://doi.org/10.5006/1554,0.4487705826129836,1.6425925690752894,-0.20959788085058245,-0.18688201313243485
https://doi.org/10.5006/1715,-0.2643448343365603,-0.29925254299183024,-0.28338453100451705,1.7490309195891798
https://doi.org/10.5006/1671,-0.7221369951259506,1.631860257968167,-0.9193944682979781,0.5483139180913205
https://doi.org/10.5006/1750,0.5472068526855751,-1.0701007690115254,1.4865655978891035,-0.32704996960064087
https://doi.org/10.5006/1539,-0.19332262402545405,-0.46360834730627765,0.15254746513882156,0.26475325019787677
https://doi.org/10.5006/1442,-0.612701906474768,-1.7024181550919912,-1.5709979703929082,-0.5694124913055084
https://doi.org/10.5006/1686,-1.2453877221052287,1.3907014948242098,-0.3703651164723097,-0.8951685506735136
https://doi.org/10.5006/1690,-1.5246849423378837,0.8188420937684303,-0.032739713479415546,0.15587286322383528
https://doi.org/10.5006/1689,-0.6703757564615771,0.9124891896907857,-1.0312419742251424,-0.050666554373399016
https://doi.org/10.5006/1868,0.010389035827222332,0.2206143853655196,0.3795505645605018,0.8859683274350357
https://doi.org/10.5006/1791,-0.16429343262663787,1.1084638864534595,-0.759710933935577,-0.7380561180192756
https://doi.org/10.5006/1808,1.5844146762824431,-0.4660044717036634,1.513604263432354,-0.3259218360166561
https://doi.org/10.5006/1327,0.9329696875235834,-0.7384905218328983,1.3604989819090583,1.165920418137396
https://doi.org/10.5006/1505,-0.6754846395513567,0.9262517478332875,0.27161234888892216,-0.13420373797891844
https://doi.org/10.5006/1720,-1.025199683698424,-0.5062619951400646,2.584347696315857,0.07006938768766129
https://doi.org/10.5006/1904,0.06124226494337383,0.41607079282882287,-0.8731660013422776,-0.5834274618422155
https://doi.org/10.5006/1646,0.35724002023185575,1.544601734838595,0.21676865880659582,1.9003226491734349
https://doi.org/10.5006/1638,0.5163967389779162,-0.9151464130943721,2.5308276120155226,-0.7809379411362366
https://doi.org/10.1179/1743278215y.0000000057,1.5144809532464119,-1.173786803575319,0.3480913757168427,-0.005379074947024364
https://doi.org/10.1179/1743278215y.0000000029,0.31613643326580315,2.168259969649764,-0.79552096236775,0.5699668288400305
https://doi.org/10.1179/1743278215y.0000000013,-0.2789846129243675,-1.696237328538886,3.189004398119646,1.265420591007737
https://doi.org/10.1179/1743278215y.0000000058,0.1245010012988833,0.0418996843607589,-0.8308817755593735,0.8724544068865271
https://doi.org/10.1179/1743278215y.0000000012,1.1823125330981323,-1.219345974436994,1.6056981614881398,0.7486921458028687
https://doi.org/10.1179/1743278214y.0000000248,0.6435404960912943,-1.6171810576930936,1.6926146667403228,-0.5350626886781147
https://doi.org/10.1179/1743278215y.0000000038,-1.146619807312065,-0.9276932563937599,0.8991799041514349,-0.23577893814940845
https://doi.org/10.1179/1743278215y.0000000007,-0.6135225186255988,-2.5073050358542037,1.19807964297551,-1.300010646372632
https://doi.org/10.1179/1743278215y.0000000031,-1.0431858713448996,0.7026974474283966,0.47829628856527945,1.2053491326288073
https://doi.org/10.1179/1743278214y.0000000246,-0.8446331399810089,-0.6765598368635597,-0.45020128132153603,-0.30656057404401693
https://doi.org/10.1179/1743278215y.0000000042,0.5375979057512824,-0.32366665684755236,0.34058975624478494,1.064705062710891
https://doi.org/10.1179/1743278215y.0000000008,-0.6846768821751932,-0.3871454920089669,0.8710493159477906,1.3162946784114147
https://doi.org/10.1179/1743278215y.0000000015,-1.313861665400793,1.8157405758628433,-0.1858520541276086,-0.18207322859740813
https://doi.org/10.1179/1743278215y.0000000004,0.11109437917806222,0.877531900411894,0.6303655570726782,0.32226338664846005
https://doi.org/10.1179/1743278215y.0000000055,2.1945938236470255,2.119050721408536,0.32730954602078827,-0.3987351075439251
https://doi.org/10.1179/1743278215y.0000000028,-0.33235345617673007,-1.5032773692932568,-0.745977077793571,-0.8825848177127912
https://doi.org/10.1179/1743278215y.0000000051,-0.4701765689859723,-0.5489253224011827,-0.31424159628458725,-1.2304351214428353
https://doi.org/10.1179/1743278215y.0000000016,0.9439579874395789,-0.5186252980886172,-0.8163783918793852,-0.6478679540582812
https://doi.org/10.1179/1743278215y.0000000040,0.04468572918093005,1.7082348691674138,-0.5679905018050231,1.8964400501346148
https://doi.org/10.1179/1743278215y.0000000005,-0.3594723315674806,-1.2018267294350349,1.5674581276612207,-0.2549874271707779
https://doi.org/10.1179/1743278215y.0000000044,-0.3906865344679501,-0.9487451439041614,-0.13321243483228015,-1.0105426158487494
https://doi.org/10.1179/1743278215y.0000000011,1.1987158297529308,0.3578265737879708,-0.2786538151377703,0.39725047420394577
https://doi.org/10.1179/1743278215y.0000000047,0.7535656080504636,1.4980833375467106,-0.05315102869811921,-0.6191121584487903
https://doi.org/10.1179/1743278215y.0000000022,0.5207503523829452,-0.018433560194205948,-0.7649561413335652,0.2936440742602923
https://doi.org/10.1179/1743278215y.0000000049,-0.5968173876557059,0.6828967249084591,-0.9578967997899551,-0.309672273677803
https://doi.org/10.1179/1743278215y.0000000033,0.2392208043237405,1.8820124777378267,0.8810035643525221,2.072397234260592
https://doi.org/10.1179/1743278215y.0000000017,0.2904656864107439,-1.0308356561384153,0.9155142117428579,-0.6236505580608821
https://doi.org/10.1179/1743278215y.0000000003,-0.06169955508344053,-0.30252949078168334,0.8584738390208344,-0.6049200605950718
https://doi.org/10.1179/1743278215y.0000000041,0.7879172547331018,-0.02462796647878774,1.2015755374774006,0.8670443456576343
https://doi.org/10.1179/1478422x15z.000000000335,-2.0943405350737363,-0.003781172136702217,0.10042666761564083,-1.4404328634056038
https://doi.org/10.1179/1743278215y.0000000026,1.216294855892087,2.1556677257566528,0.474014052231043,1.8498099402269865
https://doi.org/10.1179/1743278215y.0000000050,-1.2739232327506935,0.7491755814255971,-0.4351575833933497,0.6887621484446094
https://doi.org/10.1179/1743278215y.0000000030,0.9019628142000862,1.2608357140459197,-0.7479815896809735,2.083548223714439
https://doi.org/10.1179/1743278215y.0000000037,0.1568408571735567,1.8959973370280925,0.3211954607861728,-0.0554547755258355
https://doi.org/10.1179/1743278215y.0000000024,0.49176837762533976,1.2178403028325924,0.2089446986514532,-0.8915216936027699
https://doi.org/10.1179/1743278215y.0000000006,-1.6024265793294858,-1.4251520139954843,1.2793755463303882,0.27704340414739714
https://doi.org/10.1179/1478422x15z.000000000336,-1.1557775038265028,0.2832162822773309,-0.7453273131694019,-1.3736430525658774
https://doi.org/10.1179/1743278215y.0000000043,0.5262469500672569,0.7778568256558405,-0.713720416389879,-0.16671356686784541
https://doi.org/10.1179/1743278215y.0000000036,0.7550716648970249,0.1683737349446613,-0.5720757509942718,0.8006343711828815
https://doi.org/10.1179/1743278215y.0000000020,-1.0049232046615473,0.19952697070387626,1.6830161829626704,0.8297000130499979
https://doi.org/10.1179/1743278215y.0000000009,-1.138179040793098,0.23748035637259016,0.6405287824668087,1.464246491645328
https://doi.org/10.1179/1743278215y.0000000032,-1.0851566434700421,0.22525451491972134,-0.14343580038960632,0.07406362313257515
https://doi.org/10.1179/1743278215y.0000000001,-1.1783867206984395,0.7506016087269753,-0.20291106508374052,0.3868898791583308
https://doi.org/10.1179/1743278215y.0000000039,-0.2716841624176818,2.4086843027398785,0.3067327831047712,1.8433305961557054
https://doi.org/10.1179/1743278215y.0000000018,-1.370106130302846,1.1142499146691458,0.2797929229488033,1.955117841355565
https://doi.org/10.1179/1743278215y.0000000019,-0.38430657988014505,1.1721130066622745,0.8615701527325961,-1.0422563331345962
https://doi.org/10.1179/1743278215y.0000000053,-0.462357028629135,0.4810136984629246,0.17806791506878203,-0.8450716034743148
https://doi.org/10.1179/1743278215y.0000000023,0.867020601337855,1.6415950267469308,0.9308476733458586,0.5279305724914648
https://doi.org/10.1179/1743278215y.0000000046,-0.29866742252798023,1.8150857371155522,1.1664427596971902,2.6650526612574743
https://doi.org/10.1179/1743278214y.0000000247,-1.1516219575229318,1.2561324662731532,0.22594698611540842,0.4439365027125643
https://doi.org/10.1179/1743278215y.0000000035,-0.4249151799640058,0.8747673604936346,-0.33928187595250386,0.7041704001764755
https://doi.org/10.1179/1743278215y.0000000048,0.634783386669566,1.8440508321401006,0.3972012503772081,2.244143137874103
https://doi.org/10.1179/1743278215y.0000000014,-0.43834694202860913,-0.753286473626576,-0.5631883976379287,0.2558150492668599
https://doi.org/10.1179/1743278215y.0000000002,0.11363993369483301,0.3958859868086901,0.7718811316582795,2.027884576833716
https://doi.org/10.1179/1743278215y.0000000010,-1.3244713033302087,0.9501786872539202,1.8064574662313309,0.6641268543699453
https://doi.org/10.1179/1743278215y.0000000052,-0.46821166465388653,0.5935623733086933,-1.0813289739924792,-0.3411761388727742
https://doi.org/10.1179/1478422x14z.000000000315,-1.6260501551679059,0.7011119627809264,-0.2246644368923173,-0.40369403666885206
https://doi.org/10.1179/1743278215y.0000000027,1.386047274398744,0.26077298727938325,-0.7003864439543382,-0.7781446390780494
https://doi.org/10.1179/1743278215y.0000000056,1.101827169306673,-0.18996755121675304,1.718345332304237,1.1046762039397136
https://doi.org/10.1179/1743278214y.0000000245,-1.6935000845915638,-1.3167813267646826,2.6112756076623875,-0.12813770516739748
https://doi.org/10.1179/1743278215y.0000000045,-2.5516648732543428,2.1034657161605157,-0.38532541581925606,-0.5864906669259691
https://doi.org/10.1179/1743278215y.0000000034,1.4504300007494402,-0.7520134560439456,0.1947024804460644,-0.777060404439366
https://doi.org/10.1179/1743278215y.0000000054,-0.1873990962835592,-0.2867225316851286,-0.7559629131020192,0.5252186433681139
https://doi.org/10.1179/1743278215y.0000000021,-0.04578677237075711,-0.5142315693692786,-0.42989717930602594,-0.4783198746198704
https://doi.org/10.1179/1743278215y.0000000025,-1.7524867798672779,1.3390951505152726,0.011169682672069848,-0.6550616169503286
https://doi.org/10.1179/1478422x15z.000000000384,-1.8818862043083262,1.5345705209552194,-1.3850430744125068,-1.476617363825213
https://doi.org/10.1179/1478422x15z.000000000364,-0.31197704780540775,0.6025152836464582,-0.6864302879861999,-0.8072693892760104
https://doi.org/10.1016/j.corsci.2015.06.035,0.7952826541748285,0.6346088980755219,1.350806191815413,1.6761648256590715
https://doi.org/10.1016/j.corsci.2015.11.013,-1.1666958377177654,-0.9315382715577952,-0.9760199661945583,-0.567674310227109
https://doi.org/10.1016/j.corsci.2015.06.023,-0.0897994946424908,0.0075932455030075985,-0.5125652617615556,-0.36361403645002954
https://doi.org/10.1016/j.corsci.2015.06.009,1.1292058162701741,-1.5482110712960475,0.02027555237160297,0.4318058378715745
https://doi.org/10.1016/j.corsci.2015.05.063,1.7427180234285473,0.22418228505063587,-0.7137197275152336,-0.8666285499422083
https://doi.org/10.1016/j.corsci.2015.06.008,0.6705147754783661,-0.868430545100295,0.4602850225709964,-0.890338548784379
https://doi.org/10.1016/j.corsci.2015.10.019,-1.368208200277361,1.449143702512916,1.5257253019548638,-0.06042311580939023
https://doi.org/10.1016/j.corsci.2015.08.027,0.370849204897007,1.890766594415944,-0.4100014668155562,0.02115756790432661
https://doi.org/10.1016/j.corsci.2015.05.013,0.9452133306909068,-0.9734209504709246,1.9855288833670461,-0.9269975721016873
https://doi.org/10.1016/j.corsci.2015.10.027,-0.9257694837619791,-0.07718463317041153,1.3801711097729663,-0.854369545256291
https://doi.org/10.1016/j.corsci.2015.04.023,-1.2595857968239974,1.272349036610283,-1.268902411920541,-0.7061412356354511
https://doi.org/10.1016/j.corsci.2015.05.002,0.2499367026312084,0.6778454620334224,-0.0783458002014777,-0.12131677523384832
https://doi.org/10.1016/j.corsci.2015.06.033,-1.5592599736743484,-0.21085674822290035,0.5114694564965778,0.4505001352900032
https://doi.org/10.1016/j.corsci.2015.08.019,-0.9858487138846604,1.2894690407835838,-0.008480881485545261,-1.3685871514458126
https://doi.org/10.1016/j.corsci.2015.03.013,-0.7094519840075155,1.776695523000466,1.1629697185261232,2.113897178061396
https://doi.org/10.1016/j.corsci.2015.11.020,-0.829955812034847,-1.5465533549930324,-0.40639128367892113,-0.603654206047868
https://doi.org/10.1002/maco.201508488,0.01726532218063676,-1.5057108560043744,-0.9517192603938905,-1.1687203973679414
https://doi.org/10.1002/maco.201408058,0.2373048388869688,1.5586774193116546,0.27889347434034734,-1.2417601231262665
https://doi.org/10.1002/maco.201408090,1.811136084189678,-0.6497531402485869,1.2440249491478232,1.5910739085477896
https://doi.org/10.1002/maco.201408211,-0.32609995789201157,-0.5706794611435065,-1.4753351891385134,1.2041068609564063
https://doi.org/10.1002/maco.201408141,0.0948776348479906,-2.3897851582507115,-0.062358554867377576,-0.0025737477664841604
https://doi.org/10.1002/maco.201508701,0.4688483565280753,0.5845022228278067,0.15637432180174857,0.6187656377512348
https://doi.org/10.1002/maco.201508365,1.3056658786365287,-1.3695563637724122,-0.9764184839675717,0.9174848250344141
https://doi.org/10.1002/maco.201408213,-1.1674809573642184,1.6644034243930848,0.17444920901199004,2.0488663711546002
https://doi.org/10.1002/maco.201408189,0.027110520859190575,-1.3119428570150193,-0.9765659738181123,-0.1043073829075552
https://doi.org/10.1002/maco.201408081,1.980454958617811,-0.6480757424815676,-0.8269586382302826,-1.1226606138562634
https://doi.org/10.1002/maco.201508629,1.3773437241069335,0.6519659806555506,-1.133109309303489,-0.8338587818407025
https://doi.org/10.1002/maco.201508605,0.6420339220432199,0.13554045253750147,1.4403273086052286,1.895728154607526
https://doi.org/10.1002/maco.201408174,-0.7931814532011715,0.6353222676359348,-0.8594514907761354,-1.9885646034143014
https://doi.org/10.1002/maco.201508585,-0.8930713473071381,0.9858161049672322,1.0675953839294257,0.9189765894184345
https://doi.org/10.1002/maco.201508380,-0.5229027721341621,-0.9645515241599297,-0.506226341146918,0.1925890088175139
https://doi.org/10.1002/maco.201508685,-0.17675967469039408,-1.1030946658027712,0.10256598836487701,-0.6311921449507233
https://doi.org/10.1002/maco.201508349,-1.4902247048097674,-0.2561590172596847,-0.1610580880235545,0.016590391151631325
https://doi.org/10.1002/maco.201508255,-0.33950584027791675,1.417273363486209,-0.7821101884186618,1.2078659864718104
https://doi.org/10.1002/maco.201508509,-0.8943116207421856,0.8142854388589593,-0.21157901569263576,1.215766254607416
https://doi.org/10.1002/maco.201508562,0.7331683441300562,-1.3924512510923701,2.329886124481609,-0.24036254834477105
https://doi.org/10.1002/maco.201508231,1.5794767084364347,1.3451695377255704,0.04735683226057345,2.5540631572512034
https://doi.org/10.1002/maco.201408167,0.7248050365562096,1.01866853947821,-1.1627947818929505,0.6079331087259733
https://doi.org/10.1002/maco.201408215,-1.0030244699416833,1.4580935476048245,-0.3996460158031052,0.8199473891730799
https://doi.org/10.1002/maco.201508641,-0.4557403592135997,-1.1325705216431612,0.13018212931870063,1.0664277159241022
https://doi.org/10.1002/maco.201408048,0.6900901412031568,-0.18735770331563462,0.21773502113021856,0.8939838419453355
https://doi.org/10.1002/maco.201508597,0.3770846856585792,0.9900755577510377,-0.7008829637240118,-0.7283987054844028
https://doi.org/10.1002/maco.201508552,-0.51445851147395,0.5778370378554758,-1.1265539255270791,-0.2551742646202075
https://doi.org/10.1002/maco.201508323,1.1071950949185017,1.1868120173319299,1.8633876299601393,1.4562445796698722
https://doi.org/10.1002/maco.201407810,0.15861702112508883,-0.10977787451052319,2.1435808827501917,-0.22552372823644262
https://doi.org/10.1002/maco.201407948,-0.06118975969056175,0.8653095300027052,-1.3857786424428653,-1.6229494422836332
https://doi.org/10.1002/maco.201508359,-1.403635759470025,1.14396677910341,1.2744052440257319,1.124791027951139
https://doi.org/10.1002/maco.201408202,0.845160241532866,-0.3328988920969646,1.7246699761210669,2.471876717473281
https://doi.org/10.1002/maco.201408130,1.0114911944506244,-1.1031184430885173,2.4605287603940873,0.0683033041135277
https://doi.org/10.1002/maco.201408012,-0.6135207801493029,-0.044425343403586844,0.12544375905089966,-0.02339267095886723
https://doi.org/10.1002/maco.201408173,0.7768672084847492,1.2508507531042077,1.2884003384079898,-0.30245532147102067
https://doi.org/10.1002/maco.201508304,-0.2557495285998405,1.2301919504884207,-0.5381319829929229,0.8192081692966148
https://doi.org/10.1002/maco.201508618,-0.9973268868568134,0.6150034143260006,-0.21797422245356582,0.9149848109487716
https://doi.org/10.1002/maco.201508502,-0.258447277837608,1.738408999923057,-0.960884847718178,-1.45450326996715
https://doi.org/10.1002/maco.201508454,-0.3656039813903885,-1.0544221640002924,3.5476202809012256,2.4646816093192165
https://doi.org/10.1002/maco.201408071,-0.7897544525900055,1.4024777682402496,-0.564179361631494,-0.20332793078228628
https://doi.org/10.1002/maco.201508404,0.2310020183768285,0.9244109521214595,0.37158231775192324,1.6703541429957078
https://doi.org/10.1002/maco.201408115,-0.18616750091242704,-0.189055354595366,0.541359384171853,0.4287037939183069
https://doi.org/10.1002/maco.201508708,-1.875422209224781,-0.06497655516934471,1.2261630212851993,-0.11845860519784591
https://doi.org/10.1002/maco.201508555,0.004397835967401253,-0.9569084555919575,0.20268795342922755,-0.4138062462865187
https://doi.org/10.1002/maco.201408013,-1.1700485044483357,-0.6466198701916049,1.2740514394264926,2.5083609968276415
https://doi.org/10.1002/maco.201408037,-0.8676540411391627,1.615827718635945,-0.46774281807214696,-0.009335496868180162
https://doi.org/10.1002/maco.201508586,0.8853571659088357,-0.3294958148240162,0.22594486452659768,0.35539612466505904
https://doi.org/10.1002/maco.201508422,-2.3260509091340267,0.7260907271930394,-1.4237668577689715,0.20886993097319947
https://doi.org/10.1002/maco.201508569,0.17864499439033146,-0.7869053395957212,0.07425143286423855,0.7732697393177806
https://doi.org/10.1002/maco.201508315,-1.1863507853980366,0.8685806658347286,-1.282597085499754,-1.7179011433540596
https://doi.org/10.1002/maco.201508382,-1.9515204339648409,1.6696021863255377,0.4878348840574888,-1.4228510142775324
https://doi.org/10.1002/maco.201408105,0.32489547742424724,2.1875053759408702,-0.4471379604128577,0.4203860014602259
https://doi.org/10.1002/maco.201407910,-0.11167797409403775,-0.8192275284006515,2.6217652729857823,0.9283006380704176
https://doi.org/10.1002/maco.201408059,0.15965945087910546,1.548526934006258,-0.35807523579219197,-0.019101371628553934
https://doi.org/10.1002/maco.201508272,-0.8966639910079819,0.9133939608563502,0.19454063706903651,0.019708075203208518
https://doi.org/10.1002/maco.201508505,-0.5779759415545661,0.7451259072204125,-0.6506839395537537,-0.2988440022853567
https://doi.org/10.1002/maco.201508719,1.131126092828736,0.09931785742097493,1.5184131961079788,1.7953046799855144
https://doi.org/10.1002/maco.201508625,-0.39835114566570917,0.5088274052247518,-1.2310591074200152,-0.5502748239206995
https://doi.org/10.1002/maco.201408160,-0.7729080436276378,0.5319049915884277,0.05333177290368245,-0.8274598052349127
https://doi.org/10.1002/maco.201508589,-0.9018665350290126,0.3773318285602638,-1.3000344649681728,-1.1445086134285025
https://doi.org/10.1002/maco.201508607,-0.8551636808059109,0.4198782878574157,0.6350743434381383,0.34704987061723586
https://doi.org/10.1002/maco.201508506,-0.46270176068321056,1.2158182706909315,1.663435056479288,0.7105884076385399
https://doi.org/10.1002/maco.201508344,-0.4092380531772432,1.3326858236111123,0.6784740638216298,0.2551581444432626
https://doi.org/10.1002/maco.201508419,0.2994156734937771,-0.8379538817032199,-0.6026110160201363,1.849529265012472
https://doi.org/10.1002/maco.201508246,-0.1736894953588175,-0.7364994979538929,-0.30429709191611803,0.7637142841790022
https://doi.org/10.1002/maco.201407886,-0.8679036734392991,1.120130418972866,-0.296612385182911,-0.23528482859567595
https://doi.org/10.1002/maco.201508229,-0.8392922659113663,1.5773048611673453,0.8016998746636449,-0.7649504963764893
https://doi.org/10.1002/maco.201508434,-0.023802553631634922,0.21318392221655216,-0.3054199321140041,0.560424898508574
https://doi.org/10.1002/maco.201508312,-0.011096476245877191,-0.38337823344834815,0.4459882478619551,-0.21884713602019368
https://doi.org/10.1002/maco.201508436,-0.3495454967942587,-1.2393038959879457,0.2192573241904777,-0.15701387868923897
https://doi.org/10.1002/maco.201508360,-1.3915883543256358,0.054358873256895465,-0.07450643876003277,1.7561267196298989
https://doi.org/10.1002/maco.201408046,-0.771787000608181,1.0624926784450601,-0.029659303998330788,-0.8012833885770922
https://doi.org/10.1002/maco.201508511,0.013363687292317478,1.500596457812921,0.42518827779337115,-0.7059647042853842
https://doi.org/10.1002/maco.201508384,0.13114561893199414,1.0590298177076392,-0.8673229569232445,0.02707727986727677
https://doi.org/10.1002/maco.201408156,0.235667996660627,-0.05911215370720064,0.06820980993758655,0.06499916464414081
https://doi.org/10.1002/maco.201408112,-0.006728794441593884,-0.3107097672221993,2.373049995215037,-2.0774858184825113
https://doi.org/10.1002/maco.201408203,0.5634504539440193,0.518454900197318,-0.9954116431759232,-0.7204982883367925
https://doi.org/10.1002/maco.201508257,0.8323021023188918,-1.236663146982633,-1.1062437454054446,-0.17725794081772978
https://doi.org/10.1002/maco.201508608,0.575663487265933,-0.14546166848052913,-0.8262871128204125,-0.24859867005197925
https://doi.org/10.1002/maco.201408168,-0.2469709853011041,-0.7553209204102829,1.3958180302190093,-0.5824718639862813
https://doi.org/10.1002/maco.201408077,-0.25594340469001553,0.35941982004187717,1.1060984554456919,0.12239400244755663
https://doi.org/10.1002/maco.201408056,-0.5174898691200942,-0.6208581104147951,-0.7666828998062903,-1.2558223294564579
https://doi.org/10.1002/maco.201408222,-1.10236539033507,1.5296913036594286,4.330943374955711,2.268023726204273
https://doi.org/10.1002/maco.201408057,1.7156917644155996,-1.1956107727509422,-0.9730602956850074,0.3571331354813004
https://doi.org/10.1002/maco.201508383,-0.25744365756029164,2.0623016812217134,-0.7355140921844551,0.061297057949847085
https://doi.org/10.1002/maco.201508448,-0.905239203815512,0.9980699125396474,0.3711591217589879,1.4322431968689502
https://doi.org/10.1002/maco.201408066,-0.37731425499604143,-0.6481750790831682,0.16553781168829354,0.08497379464753432
https://doi.org/10.1002/maco.201508609,-0.594666447152265,0.2760734922027512,-0.2383585537669493,0.037102124377121126
https://doi.org/10.1002/maco.201508396,0.42590095840489434,0.2657792107316833,-0.09018883197382171,0.260429206443616
https://doi.org/10.1002/maco.201508635,0.6793807881759149,-0.18038380879796506,-1.2441559841239722,-0.9576975290866022
https://doi.org/10.1002/maco.201508599,0.22654759512492983,-0.4890247729056469,0.9837157445799841,0.9419556260254788
https://doi.org/10.1002/maco.201508410,-0.6428322034500183,1.2091245318119193,-0.13816132921626392,1.583688670141114
https://doi.org/10.1002/maco.201408025,-1.305951734296324,-0.6212789306275234,-0.038497611957882004,-1.0102872392186515
https://doi.org/10.1002/maco.201407881,2.809503080291269,-0.1406276894887798,0.7966123616826186,2.327412984386821
https://doi.org/10.1002/maco.201408185,0.2598426338691967,0.10382105981922451,-0.31192660509656295,0.8195613659538521
https://doi.org/10.1002/maco.201508507,-1.0644868132588596,-0.33735818498641984,-0.16849868356145226,0.35881514323364855
https://doi.org/10.1002/maco.201408210,1.18041480409047,-1.3882197467012207,1.289325831655861,-0.024980140721303945
https://doi.org/10.1002/maco.201408043,-1.688858586788187,-0.5532651980341187,1.7048143001407863,-1.5640872607453684
https://doi.org/10.1002/maco.201508378,1.2419182566724996,0.13595888299442116,-0.23909539143457456,-0.7309396701595937
https://doi.org/10.1002/maco.201508402,-0.43000209121266453,0.3751408956464292,1.982134640440707,-0.5870657225985692
https://doi.org/10.1002/maco.201508508,0.19184386499621087,0.38144548331743044,-1.0525941141725876,-1.2464558280519682
https://doi.org/10.1002/maco.201408172,0.11474318712002916,-0.004299584583197728,0.46676263063924606,2.887950501374537
https://doi.org/10.1002/maco.201508659,0.172331311871665,0.055622332992470304,2.0497542301829994,0.5702210780846718
https://doi.org/10.1002/maco.201508339,-0.2146269585401605,0.39397595645026495,-0.8160173982548544,-0.6708470721315398
https://doi.org/10.1002/maco.201408091,-0.26394305772227994,-0.5471702376391252,-0.45274531002012225,-0.323123211602069
https://doi.org/10.1002/maco.201408146,0.6963188452703112,0.8116707800002111,1.043946845928305,-0.09888546748588188
https://doi.org/10.1002/maco.201508545,-0.1144791888871164,-0.7495101270468204,-0.17749131140820917,-1.1160821022479053
https://doi.org/10.1002/maco.201508263,-0.74675828216248,0.24715205257068076,-0.4456417370874298,-0.6887066336833206
https://doi.org/10.1002/maco.201508643,-0.07036034113457143,-0.7439445479178118,-0.45793042421014934,-1.0407731405409106
https://doi.org/10.1002/maco.201508273,-0.12092698920324153,1.4717443383415314,0.6416396253930657,0.35253672847731965
https://doi.org/10.1002/maco.201508327,0.7795966615820962,1.4146231370300508,0.4395418790266239,-0.07484117159107921
https://doi.org/10.1002/maco.201508566,-0.6104488145844746,0.652314606408815,1.2508087958316159,1.146231386468719
https://doi.org/10.1002/maco.201508307,0.669923462755585,0.176144286116915,1.0748256879266185,2.5412132498543385
https://doi.org/10.1002/maco.201508325,0.29160510542668766,0.4807435916349659,-0.4401313621786043,-1.1722830752407094
https://doi.org/10.1002/maco.201508442,-0.6303103247560938,0.9876030600874466,-0.2298369990571841,-1.0558400325398163
https://doi.org/10.1002/maco.201408164,-0.6239369954262026,1.513046999378711,0.6987570822997171,-0.3437201283441487
https://doi.org/10.1002/maco.201508390,-1.1310021900967173,1.009423394331238,0.26489173928397114,1.1348001592866603
https://doi.org/10.1002/maco.201408124,-0.4673430149499596,1.0342886595364864,1.1342575313370151,2.5141104475931413
https://doi.org/10.1002/maco.201508249,0.3159985224945414,0.2946061416976148,-0.5319470973403305,0.10766201612801227
https://doi.org/10.1002/maco.201508320,-1.8092815225392027,-0.6083195118602266,-1.1172952341628064,0.4925874988669151
https://doi.org/10.1002/maco.201408169,-0.6360594867854092,0.48506047712899436,-0.8569107076184852,0.06658743582912265
https://doi.org/10.1002/maco.201408190,-1.3158573057868677,-0.23681048727704174,-0.07756095030533525,-0.35344375787289706
https://doi.org/10.1002/maco.201508462,-0.6610773145566983,2.051601116263832,0.30214851916809576,0.5518392115228219
https://doi.org/10.1002/maco.201408110,-2.4561700982362598,0.3507034826582545,-1.2166280369367568,-0.8532742372523227
https://doi.org/10.1002/maco.201407969,-1.0823149839754445,1.1404904798310582,1.456714497053891,0.03597703227431368
https://doi.org/10.1002/maco.201570051,-0.4428643145408276,0.076291319464235,0.026883822706771164,0.28243657503540703
https://doi.org/10.1002/maco.201570101,1.047046609711108,-0.4151738209840564,-1.1327339993237815,-0.09366949408038668
https://doi.org/10.1002/maco.201570121,-0.4806979431421383,0.01947645648334374,-0.9396040779571704,-0.015561221192069536
https://doi.org/10.1002/maco.201570071,0.010331465310407306,0.37897795070864304,0.7340143072711738,1.3815071604071294
https://doi.org/10.1002/maco.201570111,-1.2471226659141834,-0.12162693315535321,0.2172017982507905,0.661877696436112
https://doi.org/10.1002/maco.201570031,0.047387971457973445,0.14936997123220253,-1.2834917645535218,-1.6036252569666223
https://doi.org/10.1002/maco.201570021,-0.4498024682478065,0.912080108488342,1.052786350102886,0.5464659837230988
https://doi.org/10.1002/maco.201570081,-0.6012338104508108,-0.5791536027519194,-0.07762683581662436,0.17193521435604392
https://doi.org/10.1002/maco.201570024,-0.5123960681938708,-1.064908070042058,0.28414205826767935,0.3539938258574061
https://doi.org/10.1002/maco.201570041,-1.0082983410520772,0.6324765346686043,-0.7580506971873568,-0.8025104928564698
https://doi.org/10.1108/acmm-11-2015-1597,1.4666561684709483,0.4194071679349127,1.3365485975749536,0.5213201791440326
https://doi.org/10.1108/acmm-11-2015-1605,0.8617798878502011,1.0096571908916294,0.20427645452485532,-0.9549452008095337
https://doi.org/10.1108/acmm-11-2014-1461,0.7417461393473973,-0.7133017592565927,-0.5283131136501086,-0.33801195249392796
https://doi.org/10.1108/acmm-10-2014-1444,0.7337530125554061,0.33545488540111523,-0.6115596856046578,-0.13593586044977352
https://doi.org/10.1108/acmm-11-2015-1606,0.3154229352112108,1.5282099810454979,-0.6518462576918499,0.8859697883783609
https://doi.org/10.1108/acmm-10-2014-1443,-0.2471962088273496,-0.7771608623197098,0.012859389562054893,-0.5457132809187618
https://doi.org/10.1108/acmm-10-2014-1447,0.41754994739373685,0.2148588352336917,0.9411835332134595,0.12601410599309848
https://doi.org/10.1108/acmm-01-2015-1485,0.5424616742722594,-1.463353617413284,-0.27927039304263307,-0.6934906430972684
https://doi.org/10.1108/acmm-05-2014-1384,-0.10008915344168652,-0.7994183735221856,0.4917999806864955,0.4193126536887259
https://doi.org/10.1108/acmm-05-2014-1390,-0.5905099677440048,-1.493432608907021,0.46966704311384627,-0.5983624210204055
https://doi.org/10.1108/acmm-07-2014-1401,0.538487236498663,0.17104869186373592,1.3310578150997074,-0.17783753671091235
https://doi.org/10.1108/acmm-08-2013-1298,0.1702903781334257,1.6737642250035494,0.20534700547573506,1.5565364288978223
https://doi.org/10.1108/acmm-12-2014-1480,0.3673140717341415,0.5815450578370336,0.48936630391334346,-0.07604962151960518
https://doi.org/10.1108/acmm-12-2014-1479,0.5378382107110711,-0.7638527691604318,2.1375810473777586,-0.04845412123138261
https://doi.org/10.1108/acmm-11-2014-1458,1.63708134937199,0.7329237482216772,0.05470927107311914,0.18440402750536986
https://doi.org/10.1108/acmm-10-2014-1454,-1.224688183639052,0.528175332421497,-0.454501717541418,-0.7120004231908228
https://doi.org/10.1108/acmm-05-2015-1538,0.4958947908009648,0.19654243572266245,-0.4541281684552351,-1.3705120642744903
https://doi.org/10.1108/acmm-12-2014-1473,-0.40165949439153975,0.32399241317181293,-1.1469293613149745,-0.6246986828904288
https://doi.org/10.1108/acmm-11-2015-1610,1.4224678338961807,0.03206610377728959,-0.039069913219035274,0.7810907762371373
https://doi.org/10.1108/acmm-01-2015-1483,-0.8620715704571714,-1.2232941984228516,0.1710265463634304,-1.4391077521793008
https://doi.org/10.1108/acmm-11-2014-1470,0.1667338580090083,-0.4850378634859507,0.6358996304305652,-1.6702147616437295
https://doi.org/10.1108/acmm-04-2014-1371,1.8855712715255082,0.17215549734722327,-0.12283909688613759,-0.8236750051374613
https://doi.org/10.1108/acmm-11-2015-1609,0.7363041035669042,1.3135853988418247,-0.04872903665639958,1.0620499823235672
https://doi.org/10.1108/acmm-11-2014-1466,0.9916110938993912,0.3152457639940598,0.020010083291966768,-1.1147013318776289
https://doi.org/10.1108/acmm-10-2015-1588,1.0593208613569094,0.6088282118278324,0.8448113761149636,-0.8985238834119393
https://doi.org/10.1108/acmm-01-2015-1489,0.4011089927191305,0.6282711915893322,1.1048485924618587,1.2702683584391739
https://doi.org/10.1108/acmm-09-2015-1573,-0.9344664607994575,-0.09899541946402471,-0.39029700141436846,-0.843291808548785
https://doi.org/10.1108/acmm-12-2015-1622,0.6914053800639636,1.5842026919130234,-0.6491895766508102,0.21124106070203827
https://doi.org/10.1108/acmm-11-2015-1613,1.0915393423833115,1.2528910806761755,0.38330585276302725,0.0873608214639667
https://doi.org/10.1108/acmm-10-2014-1452,0.9811331364765675,0.4870203233454164,-0.3306329871502303,-0.39083444337722834
https://doi.org/10.1108/acmm-06-2014-1394,-0.31106864251327615,1.3106571758820158,-0.3203501597069478,-0.22982194563978983
https://doi.org/10.1108/acmm-12-2014-1474,-1.408779626512296,0.15496842882180442,-1.242220234285562,-1.6139037737896489
https://doi.org/10.1108/acmm-11-2015-1608,2.1418091363672467,-1.4705229404492692,-0.9983238108935957,-0.5359784677049118
https://doi.org/10.1108/acmm-08-2014-1424,-1.047559645441334,-0.37155779984629284,-0.7164126615765605,0.7378745964013482
https://doi.org/10.1108/acmm-01-2015-1500,-0.30090367283891567,0.4442752654008732,-0.17387250579453642,-0.4053156990933385
https://doi.org/10.1108/acmm-08-2014-1416,1.1382696806317438,-0.04715986894133008,-0.4336496706865693,-0.9294548186490955
https://doi.org/10.1108/acmm-07-2014-1406,1.065916717617605,1.095027463660705,0.8009913505058258,-0.1526002494439327
https://doi.org/10.1108/acmm-09-2014-1426,1.4286784170045463,-0.6160075997874553,0.9406948159202142,0.31304320874024716
https://doi.org/10.1108/acmm-02-2015-1503,1.1391349093356855,-0.08926600532745384,-0.10039595681618164,-0.6555749627420328
https://doi.org/10.1108/acmm-10-2014-1449,0.2109252562404746,0.9394421908050552,0.4484600203380337,1.9496822388064343
https://doi.org/10.1108/acmm-04-2014-1370,-0.7290270386940162,0.9762970271782798,-0.5467679482262183,-0.15712774403859292
https://doi.org/10.1108/acmm-10-2014-1441,1.0132985775300651,1.1056385811970868,-0.6682818598661804,-0.6388318852855741
https://doi.org/10.1108/acmm-04-2016-1662,0.2974819819125639,-0.08198707406456604,0.28616390994862767,-0.6344108200560743
https://doi.org/10.1108/acmm-11-2015-1615,0.5848421476554292,0.13175349856289847,0.8497179533428492,-0.14875823237145508
https://doi.org/10.1108/acmm-11-2014-1460,-0.22484165901151915,0.12638364502855018,-0.2880853321329319,-0.9095422894640113
https://doi.org/10.1108/acmm-09-2014-1427,0.6939602158505541,0.9507439664269558,-0.40386485935840055,-0.5478697420476597
https://doi.org/10.1108/acmm-04-2014-1377,0.3490172970943916,-0.3627037127192721,-0.29224486166987224,-1.1575094138217346
https://doi.org/10.1108/acmm-11-2015-1604,0.7007735798079877,0.9455254152744063,-0.46198182280605543,1.484016504121021
https://doi.org/10.1108/acmm-11-2015-1614,-0.22189969554704156,0.8023679484921736,0.1604403206411297,-0.7301368272301391
https://doi.org/10.1108/acmm-11-2015-1611,2.9740448964639907,-0.6979855891728514,1.3983936574456375,-0.6519955812305677
https://doi.org/10.1108/acmm-11-2015-1607,-0.33497973832805045,0.39777356690952,1.3095315885347283,0.40599356635829253
https://doi.org/10.1108/acmm-08-2014-1419,0.7293523170174949,-1.4721863663662662,1.7456212315472015,0.736031805261441
https://doi.org/10.1108/acmm-03-2015-1516,1.7745233659082535,0.2591047474405056,-0.44967988933575276,-0.7013932355593645
https://doi.org/10.1108/acmm-11-2015-1612,-0.20093271076578875,0.6597525990376658,0.8904598978924747,-0.5569859543698097
https://doi.org/10.5006/1958,1.2613088840369402,-1.0301245200622822,0.10304323660297253,-0.07858469285404127
https://doi.org/10.5006/2137,1.1814897756132878,-0.060460396083313946,1.9977142133118724,2.698446427387881
https://doi.org/10.5006/2026,-0.6411806488837526,0.42560314940678023,-0.3841471462892643,-0.29234016032464594
https://doi.org/10.5006/1910,1.2351044876081803,1.081856500705664,0.3575961687900734,2.030573491047216
https://doi.org/10.5006/2107,-1.6089335521171848,-0.5381090095811762,0.847998916213904,-0.4065539647529151
https://doi.org/10.5006/2185,-0.3812529169080704,0.22880525695559725,0.04029236353205927,1.877839404950018
https://doi.org/10.5006/1667,0.33366991198941376,-0.9502929534308732,0.08209496610027553,-1.281494921111533
https://doi.org/10.5006/2261,-0.21671602386117683,0.30993310245132355,-0.10737603505528732,-0.9529056707615706
https://doi.org/10.5006/2097,1.0012883931267886,1.9419752269140893,0.06723773950387021,-0.9306049089248527
https://doi.org/10.5006/2121,-0.8999378866436936,1.16015734956278,1.1540436405253671,0.03141139075703435
https://doi.org/10.5006/1967,-0.6947128653278093,-0.5328262071722475,3.2181462051880954,-0.22757439968073453
https://doi.org/10.5006/2246,0.5423113843271343,-0.7769079004685787,0.054600071309770244,-0.24575776238660602
https://doi.org/10.5006/2249,-0.9213660512036619,1.1140992147513433,0.24868717247004418,1.4044477732560312
https://doi.org/10.5006/2030,-0.23007656707298005,-0.575175015015375,2.864576716157296,0.29047900019651113
https://doi.org/10.5006/2104,0.33697396161274207,1.1432694977364521,-0.8732422947775381,-0.5492016084355156
https://doi.org/10.5006/2021,0.9459754224353537,2.144246657073467,-0.34377753976928754,0.9111921500195713
https://doi.org/10.5006/2317,-1.0569285629394733,-1.1431208574842697,-0.5976680456570472,0.16537278661925417
https://doi.org/10.5006/2255,1.0406161742872673,0.04615190925319011,-0.1581813545604652,0.6193939257705766
https://doi.org/10.5006/2141,0.4472742243963251,0.4737831577087438,-0.8199960100687657,0.21297190937775265
https://doi.org/10.5006/1893,-0.1979464444668534,0.3641639039938162,-0.7134481007024641,-0.761538307716227
https://doi.org/10.5006/2274,-0.22830301173758666,1.1657841556578132,-1.105192700212233,-1.0609813441271478
https://doi.org/10.5006/2177,-0.23735157005856236,0.2746624621674475,0.5069211945620282,2.9281623700965373
https://doi.org/10.5006/1920,1.8335108081273654,-1.250977137198964,0.22071633286512363,-1.7067190607389437
https://doi.org/10.5006/2028,-0.21765237749139982,0.4979615185107077,-0.23120995953261855,1.4954783535067573
https://doi.org/10.5006/2057,-1.5795345593243708,0.5084753956819614,-1.2778095874899695,-1.5256817851042297
https://doi.org/10.5006/2282,-1.5749332166273737,-0.7145754820716301,1.3318592299297443,0.5019994888122978
https://doi.org/10.5006/2016,-1.1043454324233375,-1.0622502268748497,0.8485726522477869,-0.1759402734072461
https://doi.org/10.5006/2175,-0.5641086080940496,0.17515480735573177,-1.1859604733428846,-1.206484295060633
https://doi.org/10.5006/2193,-0.5264576244398607,-0.8034475269146995,-1.253162192759666,-1.2671747229290267
https://doi.org/10.5006/2277,-0.05776096760836998,1.217262900940229,-0.6759532789155213,0.19398861851685634
https://doi.org/10.5006/2299,-0.23431482133252723,-1.3599290180401615,0.36522813895540546,0.450798588718242
https://doi.org/10.5006/2172,-1.6558799997268245,0.634286577027766,-0.5413595047343817,0.6392945339269416
https://doi.org/10.5006/1982,-0.5358842113182458,0.8935747791911473,0.016231046900983998,-0.002023359834765046
https://doi.org/10.5006/2059,-0.9158386469441158,-1.4911841261203116,-0.026244037167507065,0.12918844775723243
https://doi.org/10.5006/2078,-0.31793062353747853,0.5744940255435376,-0.4223482497198396,-0.1536461853018096
https://doi.org/10.5006/2179,-0.8591288541248353,0.9915319688699371,-1.42744736006046,-1.322187294449157
https://doi.org/10.5006/2200,-0.9754993224576662,0.3626981714795045,-1.2945872611328748,-0.7718548930277576
https://doi.org/10.5006/2254,0.2174561684893277,1.2119533398516,1.9154667851884446,-1.9724740650518788
https://doi.org/10.5006/2052,1.05509809201574,1.4035337050922347,-0.5421477743528529,-0.8501931912729134
https://doi.org/10.5006/2187,-0.028251960489035652,1.3607092396450042,-0.7231493175140251,-1.1417868949575645
https://doi.org/10.5006/2079,-1.6588142113284265,0.2650052371105231,-0.44055612002799577,-1.4723052991222703
https://doi.org/10.5006/2203,0.7072270175565634,-0.627017937266326,0.8738095137247157,0.546876886267271
https://doi.org/10.5006/2198,-1.0815392294178872,1.5783920754908003,0.1389283625123776,1.4922645132871148
https://doi.org/10.5006/2139,-0.6467748705408689,1.089173506662055,0.5812734563400319,-0.877234151255517
https://doi.org/10.5006/2045,0.35907006791516954,-0.7260109350851927,-1.0873309481295157,0.015589356374335239
https://doi.org/10.5006/1956,-0.4714006167113762,0.0973539949257361,-0.10676952404901835,0.14030630124981205
https://doi.org/10.5006/1926,0.1587612169252555,-0.32805427006285137,-0.0031475894089688303,1.5704026941109697
https://doi.org/10.5006/1945,0.09644813052363203,0.22712110285259152,1.1831807726723964,1.1607724320613946
https://doi.org/10.5006/1936,1.0243578427648763,0.7454335542681813,0.43917577770750027,0.445715819983003
https://doi.org/10.5006/1955,-0.7290295022271895,0.8598263626741444,0.22165031042166178,1.635568201117684
https://doi.org/10.5006/1940,0.28436807201792574,0.4093549507900866,1.0703794011688041,-0.3486230325191194
https://doi.org/10.5006/1957,-0.7499661922924178,-0.4924056380956088,1.4001037702484873,0.8390145881158165
https://doi.org/10.5006/2136,0.0862549392649769,0.2679701114158105,-1.3339539538572203,-0.4570266564206305
https://doi.org/10.5006/2142,-0.4044497123806079,-0.33536559032511554,-0.3783810452735033,0.10987390226541491
https://doi.org/10.5006/1944,0.30703455753257314,-0.9450868415238118,3.108351066064203,0.5477511182106717
https://doi.org/10.5006/2033,-0.7796227997738338,-1.1054274360851832,0.6031749030622425,-1.1769444156495297
https://doi.org/10.5006/2035,-0.46056978925134334,-1.2538500568339757,-0.5072816233953076,-0.02081576402147878
https://doi.org/10.5006/2013,-0.3848154094551878,0.3319990574177875,0.6850976135831752,-0.29131640789892826
https://doi.org/10.5006/2039,-1.4904987486693855,-1.0954763981061832,-0.6375026896680398,1.0566664790560232
https://doi.org/10.5006/2132,1.0003658320486595,0.9168112666899774,-0.3015995395437631,1.5282042548068442
https://doi.org/10.5006/2049,-0.9542423660635968,1.4966971103461268,0.06888902594872637,-1.653839652073688
https://doi.org/10.5006/2108,1.0918769743241583,0.9078305825905105,1.1494177943658117,-0.06067896799174014
https://doi.org/10.5006/2213,0.5557738085430887,-1.1237186474199439,-0.5280658886640289,-1.2075226691926084
https://doi.org/10.5006/2252,0.387292185108512,2.101843968663756,-0.2799497010702274,2.0265415598955396
https://doi.org/10.5006/1884,0.9171362306906037,1.5579277888772476,-1.8414749520318652,1.5095101700716984
https://doi.org/10.5006/2212,0.43796088978731446,-1.5701020009226447,-0.5259308062571065,1.599880448436491
https://doi.org/10.5006/2063,1.7126112190558835,1.5420167826448008,0.7994187527558412,-0.7720055389416192
https://doi.org/10.5006/2086,0.05739275369671559,1.7015078792608822,-0.06673585477609534,-0.8030491466086623
https://doi.org/10.5006/2233,0.5742321589425018,0.7460690436677848,-1.4954684837431755,-1.8434260960675197
https://doi.org/10.5006/2181,-0.697639257112893,0.490928722429576,0.30729850026177397,1.5886928638706161
https://doi.org/10.5006/2234,0.09083568641209314,-0.9642236834776876,2.210826383364618,-0.9122661620488587
https://doi.org/10.5006/2123,0.4414296035640313,-0.5314378091300108,0.8549071066849379,0.9350553297674712
https://doi.org/10.5006/2235,1.6082532743691227,-1.6277204183504146,2.066803896668441,-1.2987656584775382
https://doi.org/10.5006/1923,0.5285584117810762,-1.1996978975413461,1.1818353891043023,-0.9507872839087284
https://doi.org/10.5006/1849,0.5961672105137129,-1.1763777884430413,0.14205562786914763,-0.9385898269173986
https://doi.org/10.5006/2103,0.1525033578145132,0.8240771146060265,-0.951666915638811,0.015300569848607474
https://doi.org/10.5006/2115,0.5694733114437783,-0.1806720065837533,0.8927369870959192,0.10817552998349798
https://doi.org/10.5006/1600,0.11203092269205592,-0.8687723735582094,-1.0570405166684886,-1.1393928677843947
https://doi.org/10.5006/1637,-0.9560575820940741,-0.04719417293610679,0.7598538600137764,0.08776001647119136
https://doi.org/10.5006/2210,0.6099432356775706,-0.7246616860059777,-0.9825388189185957,-0.37812622743361307
https://doi.org/10.5006/2085,-0.028784706393337994,-1.2215414328164935,0.8644247249766482,-0.23099237521278404
https://doi.org/10.5006/2257,-1.2946069891773548,-0.5552446348353065,-0.3567273162839884,-1.3790471321895545
https://doi.org/10.5006/2000,-1.537518671552313,0.1079597145611871,0.10098273197910028,0.4327040418700065
https://doi.org/10.5006/2043,-0.7789862805275822,1.897769138001318,-0.3942738826141479,-0.07018339201273355
https://doi.org/10.5006/1995,-0.7503778049513453,1.0785340646292383,-0.9274763965192253,-1.2957593990228125
https://doi.org/10.5006/2171,-0.16548197604827164,-1.4889015673864643,-0.6306553113670609,-0.29849051981469493
https://doi.org/10.5006/2089,0.1560841208972017,1.9623448359246656,-0.316119178801951,-0.36053020031960453
https://doi.org/10.5006/1941,-0.23583853070583569,-1.3978243905096952,-0.16008053137404274,0.7930877778166426
https://doi.org/10.5006/2192,-0.3160656230620499,0.781468584747208,-0.7278605170231577,0.6339849153121679
https://doi.org/10.5006/2005,0.9656316148518388,0.7135330118740224,1.343011047779564,-0.7715127260153836
https://doi.org/10.5006/2206,-0.7201599109377649,-0.6822224894492633,-0.2790985775761008,0.5910087772467278
https://doi.org/10.5006/2186,-1.2300558344911103,0.009767572102153965,2.225915965095045,2.2385962830549326
https://doi.org/10.5006/2129,-0.7066571515916746,0.24034067378507604,0.6216873436322882,0.9232735146862077
https://doi.org/10.5006/2084,-0.9112844502807957,-0.1901701948100153,0.37669877088677,0.5285584521335197
https://doi.org/10.5006/2018,-0.4403466798692937,1.364317596439037,-1.0725203707336657,-1.3152680262536693
https://doi.org/10.5006/2162,0.9627001146913984,-1.2687677722518464,-0.2758503886410865,-1.2272200786456713
https://doi.org/10.5006/1803,1.606653208250445,-0.25680476698432886,-0.567974662530123,-0.6223309072148152
https://doi.org/10.5006/2050,-0.7461845243264781,-1.1126569923733305,-1.2506404243735674,1.3535553368447777
https://doi.org/10.5006/2118,0.1894713154071822,2.436548249195022,-0.8259366640645717,-0.6957578117477818
https://doi.org/10.5006/2126,0.25169408108956487,1.330330786208683,-1.0314604728782277,-1.2269043130930941
https://doi.org/10.5006/2101,-0.5999074031161196,0.8074460942990517,1.2255500169509461,1.0548562925606633
https://doi.org/10.5006/2152,-1.9345385817438532,1.7128504273167227,0.5439086311868839,-0.6082584813846332
https://doi.org/10.5006/2037,-0.3814516805924598,0.683155366880413,-0.5989524604428096,0.5424646241821922
https://doi.org/10.5006/2053,-0.18785878604954812,1.0483178527935149,-1.6030975701355539,-1.529617629489771
https://doi.org/10.5006/2065,1.1645040779902904,-2.100472222316633,-0.4228163382472518,0.17397045142715814
https://doi.org/10.5006/2124,-2.2348662541244444,0.6396205594735973,-0.4137664415714682,-0.810553452692579
https://doi.org/10.5006/2221,-0.13560596273072362,-0.33065288327190123,-0.8991800580242876,-0.4137395909385777
https://doi.org/10.5006/0010-9312-72.4.451,-1.3055760958711604,-0.5720231726441708,0.8835170444006185,-0.6024516489893901
https://doi.org/10.5006/2081,-0.7139870651149683,0.04833687973840306,-0.16554297100985252,2.4971433247081247
https://doi.org/10.5006/2166,-1.1912302335004883,0.9246290072948585,-0.23054201264062868,0.0711798806798546
https://doi.org/10.5006/2156,2.326520136076248,0.08129531754129082,0.35370955350472966,-0.5233790237334279
https://doi.org/10.5006/1994,-1.489693566990352,1.31127747750693,-0.5486154407717354,-0.42032519517166655
https://doi.org/10.5006/2058,-0.772429374804358,0.7815411409827041,1.1695816017352791,-0.02448020432904168
https://doi.org/10.5006/2230,-2.7443312213229896,-0.04009519401146847,1.0438527017633759,-0.20155917314601382
https://doi.org/10.5006/2070,0.864510069325267,-1.0708788238620108,-1.7171695599092158,-1.7083505303550015
https://doi.org/10.1080/1478422x.2016.1142161,0.09250007464038569,-0.07831514711083458,0.41086918504101355,0.08720516525611155
https://doi.org/10.1080/1478422x.2016.1175773,-0.3970931685602713,-0.5550262112749185,0.7527149328859377,-0.2212199557085065
https://doi.org/10.1080/1478422x.2015.1117267,-0.06510105430058412,0.9651574682521009,0.19987015834895241,-0.07666089760198667
https://doi.org/10.1080/1478422x.2015.1131493,0.7873260012157979,2.522322950785211,0.8239600774220383,2.932406921889665
https://doi.org/10.1080/1478422x.2016.1141744,-0.747795480534805,-1.3443260436661397,-0.4053776029674105,-1.1668818917119304
https://doi.org/10.1080/1478422x.2016.1234803,0.40979008626970326,-0.42100492250469,1.2084984156377785,0.9213847755493069
https://doi.org/10.1080/1478422x.2015.1110963,-0.25308751913998345,0.7580918409080436,0.11219248030255834,-0.5101499921423253
https://doi.org/10.1080/1478422x.2016.1158226,-0.27801132476461227,1.8675153328478173,1.626688725570376,1.526807138256223
https://doi.org/10.1080/1478422x.2015.1110373,-0.15406508638505534,-0.9186530017870822,-0.15881373630776216,0.1493249783816411
https://doi.org/10.1080/1478422x.2015.1124503,0.33310715476239583,-0.051609952454701485,-0.6566202085873236,-1.4846177341792035
https://doi.org/10.1080/1478422x.2015.1131799,0.7300445860528384,-0.15645747342781052,-0.29463437582153734,3.2578671780723756
https://doi.org/10.1080/1478422x.2016.1173313,0.8207928732417457,0.9110415001527274,-0.4519075660430048,-0.14742139577209024
https://doi.org/10.1080/1478422x.2016.1167304,0.7919698089978936,-1.081442394173168,-2.2462945835306076,-0.7219422731636475
https://doi.org/10.1080/1478422x.2015.1122295,0.17070958751257942,-0.7282926609870968,-0.7180876963927665,-1.0274509146335589
https://doi.org/10.1080/1478422x.2016.1144265,0.1427776728262997,1.4667800701786975,3.287240166719878,-1.0314683370127427
https://doi.org/10.1080/1478422x.2016.1209354,1.462915501198864,1.5990495206842583,-0.08147825466305342,0.6141075741704598
https://doi.org/10.1080/1478422x.2015.1104065,-1.4383936881506287,0.7934912301822153,-1.2810226015382646,-1.1249411616152343
https://doi.org/10.1080/1478422x.2015.1104062,-0.11508314624780418,-0.8958343130988888,0.15058831831016098,0.2277400008086478
https://doi.org/10.1080/1478422x.2016.1139319,-1.1141891606864198,-1.506962048530385,-0.3910248862257399,0.33053059631501724
https://doi.org/10.1080/1478422x.2016.1141546,-0.359906907751533,1.4158804555324032,0.09849296027344376,1.4270236370200173
https://doi.org/10.1080/1478422x.2016.1173420,-0.8978765799327902,-0.3361540558167193,-1.8167249352524382,-0.8188076642101811
https://doi.org/10.1080/1478422x.2016.1216661,-0.40126208855060747,2.1509596401503264,1.5336718261634388,1.0813148358572375
https://doi.org/10.1080/1478422x.2016.1173421,-0.5410729614279575,0.3355346610438083,-0.021666187824448017,0.46215007723918694
https://doi.org/10.1080/1478422x.2015.1124598,0.6359088946467989,2.045128721035505,0.752847928867947,0.0742717139654347
https://doi.org/10.1080/1478422x.2015.1114167,-0.8189614032222686,-0.5908139113976605,2.158375493062269,1.753623454659647
https://doi.org/10.1080/1478422x.2016.1166706,-0.5682367160066003,0.2371334470799035,-0.027542272604539238,-0.35258039405864317
https://doi.org/10.1080/1478422x.2016.1152747,-0.5049741112434863,0.5980850464685161,0.019756192383975742,0.562408837047562
https://doi.org/10.1080/1478422x.2015.1120404,0.4045812944303748,0.7041712041235908,0.011307304575304726,-0.1852475596088938
https://doi.org/10.1080/1478422x.2016.1166594,-0.9461062116920589,0.23462612942743535,1.9053431986965508,-0.21757499825736615
https://doi.org/10.1080/1478422x.2016.1174326,0.2381174380511282,0.13190893747498514,0.8086154341392727,0.597987061938472
https://doi.org/10.1080/1478422x.2015.1110418,-0.9088325709627101,-0.8700886358390996,-0.7079420893213477,-0.160209917600426
https://doi.org/10.1080/1478422x.2016.1179845,0.8789163505259244,0.3575266285819578,-0.017570183254367783,-0.6289263503377306
https://doi.org/10.1080/1478422x.2016.1167303,-0.3043234279492109,-1.0589456706266738,-0.30825032649370815,-1.2963978019143887
https://doi.org/10.1080/1478422x.2016.1223263,-1.7171875862100185,0.5568534827223094,-1.7558474752785365,-0.6386097826989013
https://doi.org/10.1080/1478422x.2015.1137431,-0.9897719175680154,-1.1785905785393973,-1.2649969236769587,-0.6211910561221778
https://doi.org/10.1080/1478422x.2015.1130296,-1.070264039662795,0.8859943215169176,1.4173364957131644,0.5164303365179371
https://doi.org/10.1080/1478422x.2015.1104064,-1.105679511851526,-0.5760453555796758,0.5213144587678242,-0.041319796078093905
https://doi.org/10.1080/1478422x.2016.1185568,-1.8609920119556729,1.139796573037635,0.7610295983523496,1.8583181041444914
https://doi.org/10.1080/1478422x.2016.1172429,0.4288346995209588,0.0022792207278884416,0.32656423177858523,1.208981073390534
https://doi.org/10.1080/1478422x.2016.1187964,-1.6799253989846368,1.0628999008517894,-0.34921301856862585,0.46665377213336284
https://doi.org/10.1080/1478422x.2015.1110919,1.6403044857370381,1.7013560351468013,1.9329370165494024,-0.41867143143691415
https://doi.org/10.1080/1478422x.2015.1136916,0.5728820905684103,0.7623106907640574,-0.2761149070391176,0.18260890962862958
https://doi.org/10.1080/1478422x.2016.1160607,-0.5087214722416381,1.1225709597744746,0.32520414497352557,1.1281716721498078
https://doi.org/10.1080/1478422x.2015.1104066,-0.5507655530359844,1.3807838576140155,-0.32444573335027,1.3811421052096433
https://doi.org/10.1080/1478422x.2015.1104063,-0.2697463644960234,1.577042658842068,-1.3764193850471182,-1.0953720994066456
https://doi.org/10.1080/1478422x.2016.1173303,-3.1085906791114724,1.4567609885620512,-1.1845147399197147,-1.088176391317927
https://doi.org/10.1016/j.corsci.2016.02.018,-0.4552601067051086,-1.358925867839239,0.9137293359852592,1.4544510210867005
https://doi.org/10.1016/j.corsci.2016.12.005,0.3803916353425331,-0.6692946446008915,-0.7639028985093298,-0.219987879176484
https://doi.org/10.1016/j.corsci.2016.03.003,-1.7255761588954166,-0.23477622852767877,-0.5514883914429509,-1.602232073132219
https://doi.org/10.1016/j.corsci.2016.05.022,-0.27373101399691757,0.6294283029505777,2.070797165824269,1.5690999413403497
https://doi.org/10.1016/j.corsci.2016.01.028,-1.140275156947826,0.8096033724621727,-1.4404497496181978,-1.422495773621197
https://doi.org/10.1016/j.corsci.2016.08.001,0.7200855975715489,0.8061298471596007,-0.9608952794415293,-0.5942681248492654
https://doi.org/10.1016/j.corsci.2016.11.010,-0.3134205750351498,-0.4723076265566209,0.24861139288808717,0.016173780989875063
https://doi.org/10.1016/j.corsci.2016.01.018,-0.8235095436073722,-0.28797797935288216,-0.903642371574171,0.17183918893089642
https://doi.org/10.1016/j.corsci.2016.10.007,0.7367685723207591,0.47497676162162805,-0.9375435137107989,0.030827228362268422
https://doi.org/10.1016/j.corsci.2016.04.009,-1.2724169107878323,-1.0891631720739199,0.6141752390978592,0.7021923678709607
https://doi.org/10.1002/maco.201508783,-1.0076400239601508,0.2859788011617502,-0.9092687624000807,-0.6692366561814668
https://doi.org/10.1002/maco.201609201,1.708380687243817,1.4127455622644494,-1.2183923670925767,1.6634319109103999
https://doi.org/10.1002/maco.201609075,-1.4893128909310245,-0.6970982932265756,-0.33502842074898415,-0.09269135773576431
https://doi.org/10.1002/maco.201608862,-0.7353885621411687,-1.4179154060463106,1.361944297348518,0.4817206354696185
https://doi.org/10.1002/maco.201608843,-0.3525068960376695,0.10959074491629288,0.48803846145965063,1.7754986329515374
https://doi.org/10.1002/maco.201609102,-0.23842787676474733,0.4786519080281119,-0.35005006325596305,-0.4361904108923158
https://doi.org/10.1002/maco.201508796,-1.9072837159029745,0.6045600457698711,-1.379609327421169,-0.7200363949543528
https://doi.org/10.1002/maco.201608831,-1.2150021361061822,1.1065736924435134,-0.32405360241520104,-0.21876598834763475
https://doi.org/10.1002/maco.201609041,-0.2218314922456975,1.651721261406336,0.4584393024852438,0.935720609592308
https://doi.org/10.1002/maco.201609090,-0.3112338432492002,-0.9327696947768879,-0.7139426145092841,-0.7916522692762068
https://doi.org/10.1002/maco.201508781,-0.5634167974552458,-0.9480649261353575,1.2280020962571634,0.5995537946486847
https://doi.org/10.1002/maco.201609245,2.9868314446927284,1.3499892881748794,-0.9081375814644069,-0.35838109235996374
https://doi.org/10.1002/maco.201609146,-1.5525599165619082,-0.9243726767818663,-0.9428905353443471,-0.933363029719863
https://doi.org/10.1002/maco.201608881,-1.375876594845925,-0.283678866322151,0.22068624914078933,-0.3102533012061535
https://doi.org/10.1002/maco.201608893,0.684233869734226,-1.7689877321199572,0.003975371637183359,0.14020823641520064
https://doi.org/10.1002/maco.201609104,2.4401270608286127,0.17015092434183798,0.0513617054794894,0.5010275926431476
https://doi.org/10.1002/maco.201609310,-0.23125267199594984,-0.7378497803303711,0.04031256824997294,0.5057446654698384
https://doi.org/10.1002/maco.201609173,0.42942352014865587,0.00975190330922554,-0.4737201464006052,-0.12902573953430713
https://doi.org/10.1002/maco.201609141,0.4832601203322767,-1.5252387581889129,0.0747387495271467,1.2000223807331332
https://doi.org/10.1002/maco.201508795,1.2585249540456191,-1.1606917787611204,-0.8307591166802496,-0.5365068815819105
https://doi.org/10.1002/maco.201608969,1.12054531423316,-1.0457206428635206,0.7203613456808243,-0.40602903674194724
https://doi.org/10.1002/maco.201508670,-0.8200061736949168,-0.07904090160728604,-0.18497120250789795,-0.09171877345727224
https://doi.org/10.1002/maco.201608841,-0.7999367280959266,-1.9654670464946808,2.074315351074676,2.169016670989587
https://doi.org/10.1002/maco.201609307,0.44161568260658424,0.32909474091672586,-1.1114143969606294,-0.06766911438215746
https://doi.org/10.1002/maco.201609295,-0.4371388989281112,-1.787628170297882,1.0439261999476375,2.766394308083906
https://doi.org/10.1002/maco.201508655,-1.4227439946465983,2.0937189251267934,0.5452617207666715,1.1789852024789869
https://doi.org/10.1002/maco.201609165,0.9872566973485712,1.0296310750398519,-1.5610207608392934,-0.375765660195582
https://doi.org/10.1002/maco.201508598,0.42400906790345,1.020599492359146,-0.8886629086629838,0.05870424769610835
https://doi.org/10.1002/maco.201608962,-0.5880505834603065,-0.637592315804206,-0.2550421149107749,-0.947213826480754
https://doi.org/10.1002/maco.201609061,1.0852984460731214,-1.838659874049467,-0.5600529163968557,0.5256968315775209
https://doi.org/10.1002/maco.201609149,0.21330646422567956,0.8256338358189137,-2.2390112988128212,-1.4497287909026468
https://doi.org/10.1002/maco.201508727,-2.331184676265559,0.2541961809004856,-0.1964443367724588,-1.4128026406609053
https://doi.org/10.1002/maco.201508758,-1.4416859259118318,1.3064422859702096,1.1485865187144526,-0.3365592204451324
https://doi.org/10.1002/maco.201508792,0.7449632716999283,0.5940855477740393,-0.19960059770141098,-0.2652452637089515
https://doi.org/10.1002/maco.201609139,-0.09497666021961158,0.5614059928929411,-1.0119363733436493,-0.32833254794340666
https://doi.org/10.1002/maco.201608925,1.151532839115032,-0.23688044568531105,-0.9214197540095582,0.10222927626447186
https://doi.org/10.1002/maco.201609071,-0.43730425031829623,0.6916586984190224,-0.9700254945281285,1.7215296774169984
https://doi.org/10.1002/maco.201608837,-1.875972589780245,0.6586291145384242,-1.4681823221227936,-0.79363145354463
https://doi.org/10.1002/maco.201608844,-0.2232410732935799,-0.0960029015665721,-0.8869020289138924,-0.5742747316619606
https://doi.org/10.1002/maco.201608954,-0.3645390154656717,-0.24774178297229488,-1.0382351449702962,1.6491003280432566
https://doi.org/10.1002/maco.201508777,0.9396290148301167,-0.7862681490314428,0.9846871046238643,-0.6610672301677334
https://doi.org/10.1002/maco.201608942,-0.9557901125625282,-1.7992066906797526,-0.19638028678863123,-0.6036934443995355
https://doi.org/10.1002/maco.201609048,-0.8091334704376766,2.1551411901818827,0.46767073708546647,-0.7976985879745445
https://doi.org/10.1002/maco.201609160,-1.8398380569996124,0.873914467661844,0.40905566167795404,-1.0595579846110819
https://doi.org/10.1002/maco.201609155,0.4985089843538812,-1.05971406635589,1.2217996355492635,0.38241887489019594
https://doi.org/10.1002/maco.201609177,-0.2778489974838134,0.18816627191837057,-0.09600861305174731,0.03068981269332025
https://doi.org/10.1002/maco.201609174,-0.8464947636835769,0.770536065037016,0.4255425612126819,-0.9870229141367322
https://doi.org/10.1002/maco.201609188,0.5386303872909856,-0.9175880681154676,-0.3642074394651897,-0.41121780151677206
https://doi.org/10.1002/maco.201508803,0.5696029955202434,-1.4130763817367948,0.6481847537504002,-1.0120213383618835
https://doi.org/10.1002/maco.201608978,-0.3483438359149236,1.1896108212393044,-0.3849801302760545,0.15718979531722488
https://doi.org/10.1002/maco.201609088,0.9871825234941519,-1.2214090258839325,-0.23378307288976402,-0.6607226346243539
https://doi.org/10.1002/maco.201609047,-1.3697318373779943,2.047426782570964,-0.28241986437821287,0.19463360313801478
https://doi.org/10.1002/maco.201609233,-0.6202496347465105,0.09128978130356194,1.2603099821183854,0.4519232917830011
https://doi.org/10.1002/maco.201508788,-0.6726141889259214,1.3420131067341143,0.45657675850066276,-0.2266298212247709
https://doi.org/10.1002/maco.201608827,0.4576490058425766,-0.32451561561968706,-0.2975511472138539,-0.488259305710633
https://doi.org/10.1002/maco.201609067,0.32968223803918834,1.960418591736845,-1.3086772571933574,0.8995663345529398
https://doi.org/10.1002/maco.201508737,-0.3279703792577515,0.39033339150722857,-1.1199419250130211,-1.2778307272584946
https://doi.org/10.1002/maco.201508766,1.0113813592046597,1.3256799007016056,1.102416164136928,-0.16332701601386573
https://doi.org/10.1002/maco.201608856,0.30091743711982777,1.2482181459766741,0.6252062736276534,0.258202519374734
https://doi.org/10.1002/maco.201609058,-0.7953865938804436,1.9226594088154592,-1.1264284190745661,0.5278017639269695
https://doi.org/10.1002/maco.201609301,-0.25318828874781324,-0.06496133758994703,-0.06322432298724417,-0.020145484511618687
https://doi.org/10.1002/maco.201608957,0.9336025012215664,-1.1370047456525865,0.329548224654628,-0.37363363097013114
https://doi.org/10.1002/maco.201608917,0.6795399140340477,-1.3465803838572132,2.385298148510568,0.2233784843486
https://doi.org/10.1002/maco.201508741,-0.16233939792362986,1.4938454429984191,0.9464924530511087,2.053099011114206
https://doi.org/10.1002/maco.201609083,-0.8432176658575847,0.7556306573400307,-0.904484715300474,-0.6725228140029902
https://doi.org/10.1002/maco.201609030,-0.492337126396286,0.6841127041382823,0.6443952061636428,1.5240123431050474
https://doi.org/10.1002/maco.201609159,-0.8912078239760809,-1.413127926676466,-1.3060138857481878,0.8776600393976294
https://doi.org/10.1002/maco.201508799,-0.27959182161452384,1.2363667630974657,2.967094939037798,2.252375480216608
https://doi.org/10.1002/maco.201609018,2.8123126641521337,-0.5785629666407887,0.750488987947836,0.6091355776984907
https://doi.org/10.1002/maco.201609119,-0.5752171238716088,-1.2384794526962457,-0.5265953941546111,1.7760910371378513
https://doi.org/10.1002/maco.201608918,-1.0867989498550388,1.1729075591855052,-1.0177215904958563,-1.335268189835553
https://doi.org/10.1002/maco.201609076,-0.6453166030381613,0.5393592371348592,-0.8036938306619554,-0.18892931719085235
https://doi.org/10.1002/maco.201608848,0.4388378375788107,0.29240615279419124,0.8039432191990458,-1.67459373458134
https://doi.org/10.1002/maco.201608929,-2.6216520547156366,0.8796089584929053,-0.5956581547422113,-1.4021812158585172
https://doi.org/10.1002/maco.201608854,-0.6633819263063452,-0.9280782117455454,0.3546271449024731,0.2869260965308836
https://doi.org/10.1002/maco.201609045,-1.320034865574755,1.311249447690715,2.1345377400148853,0.6790265330217298
https://doi.org/10.1002/maco.201609176,-1.5201491590073066,0.701087333710373,-0.7595878140969105,-0.573393438930721
https://doi.org/10.1002/maco.201508709,0.496112892108118,-1.591159112670218,-1.794874835614231,0.08305140665677707
https://doi.org/10.1002/maco.201508705,1.0546812186706036,-0.7490617289094451,-1.3402956842416927,0.5201764909797573
https://doi.org/10.1002/maco.201508753,-1.0044969080053836,-0.7252125210870648,0.0052908824834232435,0.5434518843300508
https://doi.org/10.1002/maco.201608863,1.565787917164282,-1.225956231222615,0.3454813593111553,-1.989665398935487
https://doi.org/10.1002/maco.201608979,-0.29465097251066114,0.693427802931039,-0.4088377568869242,-0.05773243175954631
https://doi.org/10.1002/maco.201608968,0.7656511782857225,0.4320317728019374,1.351677571380543,3.173636259677111
https://doi.org/10.1002/maco.201609247,-0.5399410021784198,-1.2422518686783766,0.9441306984888567,-0.274474381252414
https://doi.org/10.1002/maco.201508735,-0.47635841213276836,1.5081823006008945,-0.29460708827094084,0.058201113222128016
https://doi.org/10.1002/maco.201609253,-0.8172360757910443,1.9560832855473596,0.5601263248460967,2.588127813099736
https://doi.org/10.1002/maco.201508778,-0.5908482386463196,1.148736109522816,1.073106310843148,-1.3186890803987634
https://doi.org/10.1002/maco.201508736,-0.8559651241172627,-0.43926628489277164,2.7062296810367865,-0.7628679973838427
https://doi.org/10.1002/maco.201608832,1.000564374862905,-0.815176332899146,2.3258391520028727,-0.8433546757849267
https://doi.org/10.1002/maco.201508763,0.08892031382802902,1.0230753142828264,-0.40889439873617606,-0.36155298226970256
https://doi.org/10.1002/maco.201608855,0.007592866476664209,-1.546599769809957,0.3447656159242305,0.31328272153486825
https://doi.org/10.1002/maco.201608930,-1.2131294825032435,-1.920047300411273,-0.4640260774322132,1.304801680555756
https://doi.org/10.1002/maco.201609091,0.5464925443838565,1.2423006941406232,0.9167062746999995,1.5786642125467172
https://doi.org/10.1002/maco.201508693,-0.5770971202525675,1.1066848836547132,-0.16921003449695046,-0.8325943164208722
https://doi.org/10.1002/maco.201608996,-0.609878692582194,-0.9715282878550252,-1.4527647474428824,0.554927549331063
https://doi.org/10.1002/maco.201508779,0.07551101390124042,-0.6303447055246347,1.3607904150853793,-2.026800950471983
https://doi.org/10.1002/maco.201609152,1.128197656530841,0.510287709308105,0.9742620042895697,0.47098752882805456
https://doi.org/10.1002/maco.201508771,-1.5549542556357245,1.14239386571943,1.2866554570284237,-0.34488280431738527
https://doi.org/10.1002/maco.201608894,0.5621501928129458,1.2519711215863765,1.7981435468388949,-0.8544867737679893
https://doi.org/10.1002/maco.201609199,-0.1443048750968636,1.2912308571325473,-0.9188601166621212,-0.5250293364102382
https://doi.org/10.1002/maco.201609219,-0.10818282022044812,-0.5961145690355395,0.008369730492243672,0.4489296652207073
https://doi.org/10.1002/maco.201608924,0.4807678265312409,-0.3403532324676172,-0.2967749211520488,-0.8550071417527556
https://doi.org/10.1002/maco.201508764,0.591636925579467,-0.10598040859596097,-1.513046944587085,0.7370680351650198
https://doi.org/10.1002/maco.201508638,-2.8139067329506635,0.5592362033742635,-1.6707408569940423,-1.7779084681128143
https://doi.org/10.1002/maco.201508774,-1.3198477113724958,0.9410985413706413,1.0932258373361199,1.1163843960935316
https://doi.org/10.1002/maco.201508772,0.5264548595844206,-0.9833535674557381,0.8051889981070945,0.44226664463691595
https://doi.org/10.1002/maco.201609158,-0.39148287235333845,-1.0699231708117194,0.19168797354649786,0.5865595461460049
https://doi.org/10.1002/maco.201508745,-0.7737947654223081,0.12899790970597177,-1.5353461415017997,-1.5522424845394656
https://doi.org/10.1002/maco.201609182,-0.3269003261618786,1.539626357721508,-0.5824140692860537,0.41876841865449155
https://doi.org/10.1002/maco.201609200,-1.2844412936642247,0.4277577201479526,-0.46398464008207696,-0.006692930932892462
https://doi.org/10.1002/maco.201508785,-0.7571522235089224,1.5434650107925145,0.9707295826022593,0.7989332381622519
https://doi.org/10.1002/maco.201508680,-0.63576832852128,0.9845941558002822,2.142899224400472,-1.8848152433220213
https://doi.org/10.1002/maco.201608903,-1.0901931245153285,-0.24428062715396637,-1.46022361693591,-1.1447431545228943
https://doi.org/10.1002/maco.201608935,0.2988993272769138,0.11589772160173002,1.9887711104219254,-0.3918151691779537
https://doi.org/10.1002/maco.201608966,0.3870022535661764,0.40651457123399826,-0.36872956535042467,-1.1094774854638176
https://doi.org/10.1002/maco.201608967,0.7013245688048468,0.463273329661911,-0.7210889774773795,-0.5931180449613102
https://doi.org/10.1002/maco.201608998,-1.3011252700284415,-1.2667521586529062,-1.2798013586105692,0.43983536412448926
https://doi.org/10.1002/maco.201609151,-0.7709523728652375,-1.4613351811738855,2.4590277344065847,-1.0847672164314794
https://doi.org/10.1002/maco.201508686,-1.4378251146529024,0.5581583054610482,-0.536411905055534,1.0271293969006858
https://doi.org/10.1002/maco.201609024,-1.8202479001151022,0.4508722895418038,0.7432487822703726,-0.10645465366013619
https://doi.org/10.1002/maco.201609110,-0.011317386867806298,1.8459928014795564,-0.6491475629118162,0.8856832246293475
https://doi.org/10.1002/maco.201508733,-0.5057861955293361,0.5335821940488087,0.8149789140159353,0.9518483048377764
https://doi.org/10.1002/maco.201609052,0.1940007157480974,1.2877289594526586,-1.0771225521964398,-0.6218089510363143
https://doi.org/10.1002/maco.201508804,-0.19593703740957139,2.176762736020233,0.4400681429696976,1.3870744069842842
https://doi.org/10.1002/maco.201609163,-0.6403362406600893,-0.994486295749663,0.9670707438669701,1.4007788058839052
https://doi.org/10.1002/maco.201670051,-1.6957229213077498,-0.017239737009664594,0.0748998503903267,0.363287752977517
https://doi.org/10.1002/maco.201670011,-1.6209205005531389,-0.9133665636746625,-0.1420290928613147,-1.2068899407743467
https://doi.org/10.1002/maco.201609288,0.18819467472095178,-0.6907396564451158,0.8007724764139037,-0.33896073744212213
https://doi.org/10.1002/maco.201670121,0.8079534905023431,-0.01572290308073029,-2.127730781335802,-1.503607349162729
https://doi.org/10.1002/maco.201670021,-0.13975243886123334,-0.4992049467316339,-1.4457192147828635,-2.0228335080502875
https://doi.org/10.1002/maco.201670124,-1.2422752463539193,-0.3595118096633771,0.03168115105239141,-0.48470000457251766
https://doi.org/10.1002/maco.201670041,2.373541276281899,-0.719344533293457,1.044438058866723,1.3103420625017048
https://doi.org/10.1002/maco.201670081,0.22929544966662313,-1.0853094077713605,-0.11538830045248602,-1.4800544531261075
https://doi.org/10.1002/maco.201670071,0.22929544966662313,-1.0853094077713605,-0.11538830045248602,-1.4800544531261075
https://doi.org/10.1002/maco.201670061,-1.6844306811297964,-0.2815099722763193,0.11209844786063852,2.1774328644775838
https://doi.org/10.1002/maco.201670101,0.6436280991904666,0.7254728364007383,0.8704497303197241,1.2733674939250768
https://doi.org/10.1002/maco.201670091,0.12427548504690931,0.20177154119919527,-0.7328738624587033,1.146934758797838
https://doi.org/10.1108/acmm-04-2017-1784,-0.024468988629079345,0.45124887171312356,-1.1015898642950932,-0.3176466015290729
https://doi.org/10.1108/acmm-12-2015-1620,0.38122089813874666,0.8375513149554376,-0.31129733852974784,0.04051735218373436
https://doi.org/10.1108/acmm-10-2016-1716,0.882774208447251,0.1971191613664067,1.4802567818049719,0.2649013861247358
https://doi.org/10.1108/acmm-08-2016-1703,-0.9643120917742284,0.133944995098174,-0.7301770124593034,-1.1469053710257016
https://doi.org/10.1108/acmm-11-2015-1594,0.8663048330203863,-0.004087381518454492,0.9374814028948741,-0.7027351691185905
https://doi.org/10.1108/acmm-07-2015-1562,1.1792506184718536,0.8268019743255655,-0.09618421690174686,0.8023615222101016
https://doi.org/10.1108/acmm-05-2016-1667,-0.2160296984403267,-0.6064312506654427,-0.966431040517555,-0.05399905912658779
https://doi.org/10.1108/acmm-12-2016-1741,-0.04076792167064627,-0.5715970614992995,0.5066138310256016,-0.19261298621001277
https://doi.org/10.1108/acmm-03-2017-1779,0.6163205966154816,-1.8923379423095814,-0.10339217177576661,-0.8907898004813825
https://doi.org/10.1108/acmm-04-2016-1665,0.7656157430452248,1.532758001306247,-0.33258500635519617,-0.826777118762812
https://doi.org/10.1108/acmm-01-2016-1640,-0.2744826819316319,0.6305091862217385,-0.14447974385620993,-0.9667239259718097
https://doi.org/10.1108/acmm-12-2016-1737,-0.6354338470868828,0.5005455260831881,-0.12432983902297212,-0.39595060218264133
https://doi.org/10.1108/acmm-11-2015-1599,-0.25643329746709775,0.2990938199142631,1.6362866062149364,-0.20303008182066573
https://doi.org/10.1108/acmm-06-2015-1548,0.07197744293490713,0.41779384656483903,-0.31105430787738614,-1.006006489673894
https://doi.org/10.1108/acmm-02-2016-1645,1.3198390618304339,-1.0466788682683605,-1.2625065735344334,-0.454122378112218
https://doi.org/10.1108/acmm-04-2017-1783,1.164701863648764,0.06319840023581266,-1.0943227436204286,1.39658904930198
https://doi.org/10.1108/acmm-04-2017-1788,-0.18894618592414195,0.41944953324357714,-0.3792891016091022,0.8114578291247075
https://doi.org/10.1108/acmm-05-2016-1672,0.44225013644055094,0.03136821785182246,0.12102952131990395,-0.2255624348027647
https://doi.org/10.1108/acmm-11-2015-1592,-0.16747778324375334,-1.0247275605933128,-0.18042978179730856,-0.7127710814656366
https://doi.org/10.1108/acmm-09-2016-1708,0.1321028271889254,-0.8232473917969123,1.0641511720617,0.7002957847465809
https://doi.org/10.1108/acmm-01-2017-1748,0.5866520912618266,0.25832918624094986,-0.26319001843779904,-0.21760344721755448
https://doi.org/10.1108/acmm-08-2016-1707,-0.7710733411552286,-0.23820324342726729,-0.5135739542110719,-0.40121438719974944
https://doi.org/10.1108/acmm-02-2016-1646,0.2541352448747648,0.2861863881872881,0.3738168426786425,-0.3462145342822744
https://doi.org/10.1108/acmm-03-2017-1769,-0.4199826895339846,0.3843278721086692,0.8234219572064136,-0.7282424396704316
https://doi.org/10.1108/acmm-03-2015-1513,0.1975465946783063,1.8063393690963618,-0.45543944662293917,0.9660026129932787
https://doi.org/10.1108/acmm-09-2016-1712,-0.5969533648178973,-0.7979612560730984,-1.2801133158960913,-0.5114322170052715
https://doi.org/10.1108/acmm-12-2015-1617,0.044276010236622004,0.4030283405359111,-0.4626067510156473,0.9963449843534642
https://doi.org/10.1108/acmm-03-2015-1512,-0.7770482375196537,0.39684347437892625,0.2307992686415309,-0.06947983076026723
https://doi.org/10.1108/acmm-04-2015-1528,-0.11759968286659254,0.43499839446418653,-0.27834152526461753,-0.20078193436747738
https://doi.org/10.1108/acmm-02-2017-1760,0.5552307796000019,0.8111152741408358,-0.32849655039973047,-0.02134409336325041
https://doi.org/10.1108/acmm-02-2017-1756,1.4334784067350026,0.7689124533345568,0.6417459531905286,1.7419573079740438
https://doi.org/10.1108/acmm-03-2015-1520,-0.29700321242265476,-0.805687480685242,0.21915629388667351,-0.6513331414584448
https://doi.org/10.1108/acmm-02-2017-1764,0.9930231362820889,-0.8864600300724026,0.6397116987859203,-0.627528975004508
https://doi.org/10.1108/acmm-01-2016-1634,-0.41617678531879376,0.5126584991938754,-0.7059225917730985,0.22967895590295354
https://doi.org/10.1108/acmm-03-2017-1776,0.23149352792065916,1.3782058890007398,0.8249184952511893,-0.7865877848919565
https://doi.org/10.1108/acmm-10-2016-1722,-0.7742238460643986,-0.550388962274607,-0.18556163733926145,-0.36188718865749053
https://doi.org/10.1108/acmm-02-2016-1647,-0.3287876372862265,0.22210748593241128,-0.3792134977114629,-1.1722325116740615
https://doi.org/10.1108/acmm-11-2015-1593,-0.7501194429214237,1.0295262387765245,1.270576192722793,1.3260700918068864
https://doi.org/10.1108/acmm-02-2017-1755,0.6990294471887307,0.41977416880438156,-0.17367637696501934,-0.26161257189674625
https://doi.org/10.1108/acmm-11-2016-1734,0.41478350168059036,-0.541513100780269,-0.3734320121056265,-0.6554189451732358
https://doi.org/10.1108/acmm-05-2017-1797,1.4737341341685444,0.5641030620034081,-0.3686411540970419,-0.3183442427670078
https://doi.org/10.1108/acmm-02-2017-1757,0.6223707857140509,0.7044260972764634,-0.43156458878149573,-0.38884783188342803
https://doi.org/10.1108/acmm-03-2015-1511,0.9805553925838619,1.081885199436753,-0.25785464706450617,-1.0611173417175561
https://doi.org/10.1108/acmm-11-2015-1602,-1.1207081557176102,-1.2804132372731634,1.0403641754698958,-0.4287247394347037
https://doi.org/10.1108/acmm-12-2015-1618,-1.0693562505424918,0.9818232401046418,0.09194469236733345,-0.13882397645346115
https://doi.org/10.1108/acmm-08-2016-1700,-0.5648429567559188,0.43360344227803177,-0.022547118024113147,-0.8524765354746708
https://doi.org/10.1108/acmm-02-2017-1766,0.34013522729315543,-0.5274935023933809,0.35713117718953047,0.3990268978014525
https://doi.org/10.1108/acmm-03-2016-1654,0.9281138207178379,-0.35303289507352187,-0.9095825389796174,-0.8747952942356615
https://doi.org/10.1108/acmm-03-2015-1519,0.7242141186062248,1.2876055393369614,-0.41588021480371873,0.9420661170448326
https://doi.org/10.1108/acmm-02-2015-1507,1.5762071466743588,-0.2499924803692695,-0.9725654233781711,-0.2610184398436906
https://doi.org/10.1108/acmm-04-2017-1780,0.1066586255709158,0.03765371098499921,-1.3780571424666297,-1.3762234333803973
https://doi.org/10.1108/acmm-12-2015-1627,-0.5872343828198437,-0.04310934393329366,-0.6318358763919388,-0.1336640802447142
https://doi.org/10.1108/acmm-03-2015-1522,0.30908472093586165,0.542254813850808,0.12263213759760257,-0.920953430728015
https://doi.org/10.1108/acmm-10-2015-1581,1.08473226880743,-1.4624501445395528,-0.459840422756168,1.3049915885070955
https://doi.org/10.1108/acmm-02-2016-1648,0.1571555526811874,0.8599837328312085,0.6472128443329098,-0.17614972460964437
https://doi.org/10.1108/acmm-11-2016-1726,0.7496321735322117,1.0093738450029313,1.2384209211245842,1.1753354993290843
https://doi.org/10.1108/acmm-04-2016-1666,0.4521870055500423,-0.29680674637089577,-0.37435091782225555,-0.3990136740258407
https://doi.org/10.1108/acmm-10-2016-1725,0.9277467723109349,0.3645134384326169,0.20905620890212492,0.34102958219762153
https://doi.org/10.1108/acmm-02-2016-1649,1.1967732313112809,-0.45630749594966574,1.188700434205108,3.6324737865148404
https://doi.org/10.1108/acmm-08-2015-1564,-0.21637453367349774,0.19996578667966705,1.598986040718115,-0.8728335397391804
https://doi.org/10.1108/acmm-02-2016-1650,-0.8917030452546004,-0.6481897969626509,0.5047725195325343,1.3955093798509748
https://doi.org/10.1108/acmm-09-2015-1576,1.192366466727267,-0.004287210501784381,-0.7094639798527351,0.6966026698397483
https://doi.org/10.1108/acmm-11-2015-1595,1.1744787034996482,-0.8687438685046504,-0.3841466358776573,-1.0759855384588721
https://doi.org/10.1108/acmm-06-2016-1678,-0.8667704079308608,0.8915149584724795,-0.05503182461792044,-0.36370930562318876
https://doi.org/10.1108/acmm-11-2015-1591,-0.3635464919976569,-0.8196476848227628,-0.085350269194848,-0.24044124328941782
https://doi.org/10.1108/acmm-05-2016-1677,0.16992767857291902,1.539856244858555,-0.8729513167304015,-0.035402586011256405
https://doi.org/10.1108/acmm-04-2016-1660,0.6054604357015201,-0.47222817587069743,-0.5726461784444079,-1.5623406110434537
https://doi.org/10.1108/acmm-02-2016-1643,-0.9373148785558845,-0.28228004627226916,-0.1604211359040211,0.6191268255378198
https://doi.org/10.1108/acmm-05-2016-1674,-1.1033256656683466,-0.42352741427771384,-0.1522731738564451,-0.38110533176696776
https://doi.org/10.1108/acmm-10-2016-1719,0.0044085269217901185,0.6329657118297358,-0.5407265846421662,0.4301668607101847
https://doi.org/10.1108/acmm-09-2016-1709,-0.02265364111518801,0.699012212963775,-1.0227788853836457,-0.6656463218188182
https://doi.org/10.1108/acmm-09-2016-1713,-0.882861853815502,0.5470592102236753,-0.0398886553006954,0.04898036672356059
https://doi.org/10.1108/acmm-07-2016-1688,0.37406614361479584,-1.1223835920857448,-0.5721750617103922,0.41182447943569267
https://doi.org/10.1108/acmm-05-2016-1673,0.2031879166576953,0.8819620138153496,0.3049683905168612,-0.08442768665625217
https://doi.org/10.1108/acmm-01-2016-1628,-0.6750061575534154,0.9453464250968534,-0.4546131980462207,-0.4316330755755674
https://doi.org/10.1108/acmm-03-2015-1509,0.4065039690981918,-0.46688858019844653,-0.33856561773511507,-0.07376289916976884
https://doi.org/10.1108/acmm-10-2015-1582,1.6005065476976625,-0.21073143722740478,0.5297386693958458,0.43850171778862923
https://doi.org/10.1108/acmm-05-2015-1540,0.8364939503890866,-0.2956728486560844,0.6166914711981213,-0.8100422895651384
https://doi.org/10.1108/acmm-09-2015-1577,0.3025026466327882,-0.29426022309196564,0.9719994556389037,-0.03633071766207336
https://doi.org/10.1108/acmm-05-2016-1675,0.8818602841170148,-0.22709591866211476,0.28867335342446004,0.15182636862539944
https://doi.org/10.1108/acmm-03-2016-1658,0.5809957519887914,0.5091851442766443,0.45521793179847936,0.22038104441846576
https://doi.org/10.1108/acmm-11-2016-1732,0.937269339026942,-0.7926597495413198,0.8892698199701405,-1.191468964654973
https://doi.org/10.1108/acmm-01-2016-1631,0.18242764811033285,0.16664614093984811,0.05300524293749844,-0.5958319389878798
https://doi.org/10.1108/acmm-02-2017-1761,0.23402123574835837,-0.5531078034052194,-0.16724434467887853,-0.907816014236228
https://doi.org/10.1108/acmm-02-2017-1754,0.5591789385850016,0.45614489208314246,-1.0477539494443893,-0.25609813741035875
https://doi.org/10.1108/acmm-06-2015-1554,-0.37012308451503584,-0.00540736804086535,-0.5886032687963583,-0.2997230584246427
https://doi.org/10.1108/acmm-05-2016-1669,-0.07094626326190773,0.14332237248770735,0.944662919408186,-0.22058356687014685
https://doi.org/10.1108/acmm-12-2015-1623,0.4361200294507887,0.9794898322517063,0.22409706655993136,-1.200059704418919
https://doi.org/10.5006/2365,0.7192391640152529,1.5214856176155829,-0.5033433559396691,1.2066492595893168
https://doi.org/10.5006/2563,0.24613357145840542,-1.1104365989965042,-0.14565617207300913,-0.40335209085471113
https://doi.org/10.5006/2458,-0.16438967304973084,-1.2767422491975604,0.9118564888479579,-0.24143925660753998
https://doi.org/10.5006/2506,-0.20121129972219623,1.1717050560454596,0.3385083293282244,1.394773067471873
https://doi.org/10.5006/2615,2.3651191754632253,-1.6980302736386217,-0.30915759220203615,-1.0641280431047766
https://doi.org/10.5006/2242,-1.1531798104280764,-0.4848753165111851,1.04957990515593,2.2480986330257826
https://doi.org/10.5006/2354,0.9546671505090021,-0.9001565425589481,0.1434976711864381,-0.6593462127168561
https://doi.org/10.5006/2334,1.1440093791022223,0.597202392661263,0.24379165283558918,-0.3024109568488885
https://doi.org/10.5006/2454,-0.6740507454019028,-0.8499197772218843,-0.4871169784732451,-1.033396164870408
https://doi.org/10.5006/2497,-0.3194057567031377,1.3856796767517843,-0.18723199318562614,0.6845147613825767
https://doi.org/10.5006/2415,0.7735106389095443,-0.09839464771167356,-0.37665430944037487,-0.11568264930906018
https://doi.org/10.5006/2581,0.18824809848433804,0.2153736311626966,-1.2410988830001146,-1.618874447122924
https://doi.org/10.5006/2470,-0.875846996979222,0.7152832233392957,0.888559092748554,1.0859392232308218
https://doi.org/10.5006/2328,-0.7722237624737784,-0.9510923686747518,0.6055694392977177,-0.18999778279508048
https://doi.org/10.5006/2385,1.3391116179390143,1.0714809159925254,0.3827833903540458,-0.5579072146507468
https://doi.org/10.5006/2723,-0.0953429643838475,0.6988863943417135,-0.49503379096375666,1.2384392805627804
https://doi.org/10.5006/2418,-0.48383365525448757,-1.604205047322792,1.0556958421351437,1.4817234482107635
https://doi.org/10.5006/2247,0.003318339568625808,0.9157241442525672,0.2048324530457804,-0.7113777554468766
https://doi.org/10.5006/2620,0.00406884613677295,-2.258879307454647,0.9648568027132665,-0.27066071556050963
https://doi.org/10.5006/2366,-0.22718328579278618,1.5448578893928981,-0.5676462618342548,-0.17122598734503644
https://doi.org/10.5006/2523,-0.2671184542806889,1.3531931962697465,1.3408403815330106,0.9585499162541279
https://doi.org/10.5006/2222,-0.5699487087220788,0.3091929606528646,0.6368320190600868,-0.880922770178898
https://doi.org/10.5006/2504,-1.015257357961717,1.1054324165152152,0.2601421203754661,-0.6298323586876678
https://doi.org/10.5006/2541,-0.1500961194450954,0.6205479153955965,-0.5330638219532533,-1.0173225917398934
https://doi.org/10.5006/2308,0.04068933754733334,1.075655524414192,-1.1006839140247218,-1.2576026683450112
https://doi.org/10.5006/2586,-0.879150152087052,-0.9796666608717891,2.285561630170805,1.4607246347239013
https://doi.org/10.5006/2568,0.3024794324720891,0.6355729012619191,0.28974812482834333,-0.4968097933365922
https://doi.org/10.5006/2422,-1.7083708026431315,0.451636550253708,1.1542018160444598,-1.2061426937102944
https://doi.org/10.5006/2392,0.5920074892741861,-0.15924220999071445,0.06509579551676903,-0.4156373465914968
https://doi.org/10.5006/2451,-0.7721569484994993,0.988986652581698,1.730048357953069,-0.858809995308712
https://doi.org/10.5006/2280,-0.4326631049238589,-0.8621960551087818,-0.3397698912229387,0.1222187765397808
https://doi.org/10.5006/2565,0.7474389407443155,-0.7550549771857472,-1.739106046563863,-0.13726817553074072
https://doi.org/10.5006/2224,0.6809298891685964,-1.303297585568669,1.404041456315561,0.4782852254823921
https://doi.org/10.5006/2705,-1.1596603501340736,1.2322018889483441,-0.8447526154015497,-0.5303350636500053
https://doi.org/10.5006/2436,-1.6102192930010968,1.2608557881926994,1.0155488620682445,-0.2636391154635692
https://doi.org/10.5006/2433,0.7295010933961066,-0.7754892679331727,-1.3296753281098568,-0.03384076809194304
https://doi.org/10.5006/2555,0.021390099539248055,-1.3781867409367214,-0.6257004264625206,0.19524181533313714
https://doi.org/10.5006/2353,-0.08330153407526181,0.8592422908090228,-0.25504179478950845,-1.5741702142308505
https://doi.org/10.5006/2400,-0.25319714470605614,1.382656408003239,-0.5294744256415984,1.5873494068536744
https://doi.org/10.5006/2547,-0.5711899499409882,-0.14252347810411398,-0.8617081534848632,-1.4419559032336613
https://doi.org/10.5006/2695,-0.6949921963832866,0.8073695352082788,-1.3423708983972606,-1.2591193607914575
https://doi.org/10.5006/2335,-1.3639811399162367,-0.5213443889363661,-0.08220839263961705,-0.8497518835868079
https://doi.org/10.5006/2372,-0.7702188703673527,0.5123634970156177,0.37815844519680847,-1.1728910301864885
https://doi.org/10.5006/2449,-0.29804448263772465,0.9049578142541174,0.0035553564386657855,-0.30438657582469975
https://doi.org/10.5006/2453,-1.0622645205141326,1.3328170624258586,-0.9681177965989629,0.7427041572042229
https://doi.org/10.5006/2269,0.23660271283810527,1.5637474551261468,-1.1045912142914116,-1.2320954538408773
https://doi.org/10.5006/2522,-0.3773842666002089,-0.688302716018024,0.22577707307872227,0.0493140566050968
https://doi.org/10.5006/2268,-0.67615174472811,-0.7465427970891081,1.548813778895021,1.950449738658497
https://doi.org/10.5006/2232,-0.14039375377191532,0.5043381718345803,-1.5309899866305294,0.6578345412111803
https://doi.org/10.5006/2429,1.061721431611556,1.997404038348218,-0.21845636669430923,0.32161467698099067
https://doi.org/10.5006/2664,-1.8388331559097986,-1.4224759684678525,-0.1535898382052023,-0.9151141737811084
https://doi.org/10.5006/2343,0.17691139911463283,0.4735976342077911,-1.6101490532270646,-0.6406609700588732
https://doi.org/10.5006/2638,-1.1704947156043377,-0.8728719318361611,-0.058449962250273504,-1.1963457640677466
https://doi.org/10.5006/2161,-0.02214671538639376,-0.1913354759204132,0.09714902103957118,0.5872473141559192
https://doi.org/10.5006/2510,0.549786511105845,-1.4805581294283368,0.596458874133545,0.5453670161435702
https://doi.org/10.5006/2406,-1.2203056122441363,1.3859124645645797,0.4798928999566825,-0.12740551121797974
https://doi.org/10.5006/2408,-0.8011796319712778,0.8108562040320714,-0.7739764203198624,-0.8727710430272871
https://doi.org/10.5006/2459,-0.032789015184327114,0.6664034850970622,0.13813166266151766,0.8987673611603995
https://doi.org/10.5006/2576,0.635658795973779,-0.6253204141692893,1.0897376385525361,1.168775153097904
https://doi.org/10.5006/2637,-0.9679167991104832,0.5336274907905953,-0.3899752126431656,1.0206573638471264
https://doi.org/10.5006/2505,-0.6894566784422014,1.8181566864779477,0.4704330363638084,1.8705530494025482
https://doi.org/10.5006/2561,-1.4185244667964492,1.7082350698047453,-0.6385463656150043,-0.6143157532617156
https://doi.org/10.5006/2391,-0.33680262477888856,-0.16662139829579958,-0.18979334147650895,-0.7145735589197293
https://doi.org/10.5006/2437,-0.5365277996746444,-1.1430698493952383,-0.3902201750252395,-1.1660304019438674
https://doi.org/10.5006/2614,-1.331350652741666,0.4383932274801557,1.0387035865005931,0.8159252078882817
https://doi.org/10.5006/2655,-0.4809264507322817,1.156487452345399,0.2803904550386431,-1.2284323967043127
https://doi.org/10.5006/2577,-0.4473258818600325,-1.444851705907709,-0.8915006976318369,-1.0639169758319655
https://doi.org/10.5006/2356,-0.31396684995733554,0.8805377436921261,-0.8032048811182935,-0.1311931520396293
https://doi.org/10.5006/2492,-0.53014627980419,0.45724250130364297,0.29450033592589875,-0.6606567963841334
https://doi.org/10.5006/2229,-0.521377119107484,-0.18044463170771494,1.395638130268284,-1.251229784949094
https://doi.org/10.5006/2311,-2.3112797785826267,0.8512109994253665,0.5086071474247396,0.3617879984727711
https://doi.org/10.5006/2545,-0.5545203459687396,0.6667984584775536,-0.6632945401900244,-0.10538148985780853
https://doi.org/10.5006/2507,-1.2143146727295289,1.833439235168172,1.1436315767804897,0.5562212228678719
https://doi.org/10.5006/2526,-0.8915809584853601,0.4453838724121398,1.0486369946669922,0.253976122143915
https://doi.org/10.5006/2734,-0.3527507314909484,-1.035407956482268,-0.3606648612069319,-0.7680668304096492
https://doi.org/10.5006/2216,-0.540607208710632,1.2524514366706747,-1.2597554614642745,0.8746611116010014
https://doi.org/10.5006/2444,-0.7906610841904487,0.9919161034693339,-0.7148309080235672,0.5040062875463759
https://doi.org/10.5006/2517,-0.4889270619260884,1.1195416769723678,-0.18618170813784543,-1.3520393225311274
https://doi.org/10.5006/2208,1.2010964097552086,0.22830670398938213,-1.1852284456420654,0.4622742900060288
https://doi.org/10.5006/2572,-1.2372040400105677,0.537629683837255,-0.14963626482778677,-0.21071806559690054
https://doi.org/10.5006/2430,-0.537506595092566,0.1793373292981467,-0.27005331290184686,-1.4697789125234058
https://doi.org/10.5006/2635,-0.16702522996372457,-0.5319894330005459,3.237938917281352,-0.623400944604894
https://doi.org/10.5006/2669,-1.3876809481462888,0.5375117339314536,-1.1045480385908124,0.11450741276875896
https://doi.org/10.5006/2339,-1.8008423810534175,0.4913383400419308,1.4799605804783624,0.29311134650441295
https://doi.org/10.5006/2531,-1.370685119116276,0.26211343148787536,-0.7286075222042872,-1.098551118895084
https://doi.org/10.5006/2284,-0.20881109588177962,0.12778618352939294,0.8985339756411524,1.0719208801858093
https://doi.org/10.5006/2260,0.34243118859985977,0.864152644096669,1.7950808080730412,1.691054221153837
https://doi.org/10.5006/2511,-0.6480648351152505,-1.2765327496962018,-0.05094064239211744,0.21228116048164164
https://doi.org/10.5006/2508,-0.7860023020476475,-0.07631274512344684,0.025214762947460747,0.6650755049843519
https://doi.org/10.5006/2509,-0.9131961890264539,1.4527418397824332,-0.3948564411267658,1.1513128796712002
https://doi.org/10.5006/2562,-0.9559067571190413,0.10647888236120062,-1.0010107052458364,-1.2975613509959198
https://doi.org/10.5006/2612,-0.4191119536686743,0.4308553358590156,-0.6415344017588639,0.025682285277442662
https://doi.org/10.5006/2143,-0.6414265711671219,1.3516844559255117,-1.1839089192790648,-1.4237979857083076
https://doi.org/10.5006/2514,2.783272005684257,-0.27046546821589673,-0.04453656422501036,1.7730876884594633
https://doi.org/10.5006/2370,-1.295262392969077,0.9014122874943322,-0.3148415779892732,-0.6680647364305979
https://doi.org/10.5006/2445,-0.28534242341263333,-0.9940741072663339,-0.7625719740637472,0.8397915104079665
https://doi.org/10.5006/2471,0.2676052711243521,0.37425335550306776,-0.6271897666674026,0.0904663029006321
https://doi.org/10.5006/2544,0.21671710238249703,0.29990742492581474,1.1863101692757954,0.707907220632418
https://doi.org/10.5006/2465,-0.5858454576452545,-0.9059820579045679,0.952358777606819,0.3903474444884804
https://doi.org/10.5006/2301,-0.5327808900184593,-0.8879434261299032,1.662205462735652,-1.6134124989806038
https://doi.org/10.5006/2228,-1.0537188302418137,0.8522324990572464,-0.09930292266341179,-0.6283656810030895
https://doi.org/10.5006/2654,-0.5458538869195463,1.344536088689595,-1.011289585763448,-0.6205111688348437
https://doi.org/10.5006/2566,-0.19076901215208403,-0.0752928032526908,0.3452053366485028,0.5250545054133801
https://doi.org/10.5006/2160,0.99169620749913,-0.20185653172096077,-0.5356624145671207,0.7654434731638766
https://doi.org/10.5006/2338,-1.6935973888692872,1.5492784601206615,-0.2096776757450166,-0.666482431510571
https://doi.org/10.5006/2227,-0.0898782739160423,-1.1130500434480388,1.3332675073620404,-0.5636489225104072
https://doi.org/10.5006/2159,-0.7051319330834374,-0.24265575385545404,0.3995939502583439,0.13517635005984577
https://doi.org/10.5006/2379,-2.0229290282389774,-1.4305419458989412,0.628420596621447,-0.6413326589226795
https://doi.org/10.5006/2330,-1.2346283921794632,0.027576513328583806,0.1715087631122016,0.3787046837826805
https://doi.org/10.5006/2324,1.7295167269310963,2.2724712745912576,1.0707124985946788,2.350476588692792
https://doi.org/10.5006/2647,-0.9775502505684912,1.4784376131248018,0.30330311185711334,-0.31798926758436685
https://doi.org/10.5006/2064,-0.7980445005701192,1.4645137477555314,-0.0013880553736376263,0.03950703615860261
https://doi.org/10.5006/2264,0.0313139008972419,2.192544811425238,0.6978244647137364,1.2369497657115802
https://doi.org/10.5006/2618,-0.30367468270105824,0.8398032572719673,-0.691625142839982,-0.5781401318734959
https://doi.org/10.5006/2564,-1.2674539337788941,-0.4825705878964795,-0.19296821210370577,-0.547266601974311
https://doi.org/10.5006/2627,1.2858272841710956,-0.8623163909089391,0.7770773247632236,-0.7783249153471247
https://doi.org/10.5006/2323,-0.5610027657988857,0.7016698570019763,-0.8636353051044596,-1.748929275847116
https://doi.org/10.5006/2031,-0.17753623294684617,-0.9794354945820128,0.8526922376987598,-1.591388746467903
https://doi.org/10.5006/2305,-0.29227471896733964,2.2512537616992554,-0.26118001223906695,0.016585649066716505
https://doi.org/10.5006/2442,-1.0366797505101373,0.21039492022819747,-0.136176465228663,-1.513997854320619
https://doi.org/10.5006/2558,-0.4710813441377414,0.32673915466352293,-1.2313482529967155,-0.9404185556661957
https://doi.org/10.5006/2501,-0.07701469176518998,0.3570265803954281,-0.22873392068817922,-1.1745915131250726
https://doi.org/10.5006/2632,0.14972016226880122,0.5045921260947928,0.916994440314368,-0.6222424441041663
https://doi.org/10.5006/2604,-1.981171420407458,-0.3541353026664749,-0.7490563901753535,0.1684980220165543
https://doi.org/10.5006/2384,-2.184050355977323,0.8809797360781689,-0.4906698756054467,-0.3380016803433258
https://doi.org/10.5006/2382,0.2433117867260305,-0.11782475672850842,-1.9136408524360784,-0.15376573972120278
https://doi.org/10.5006/2333,-1.6251588812858484,-1.2189243775678502,1.772693538396496,0.10992197091709825
https://doi.org/10.5006/2447,-0.9183882499548646,1.418959951901507,-1.5868064125899448,-0.996592347856912
https://doi.org/10.5006/2374,-0.48215509326356903,1.2043624457781965,-0.049533920652312664,0.13376772362189643
https://doi.org/10.5006/2496,0.32338109787755936,-0.013189037787790774,0.15986177029039395,-0.043729780614607465
https://doi.org/10.5006/2640,-0.636013907061173,1.5167615315428662,-1.1285083385597197,-0.8370795459120489
https://doi.org/10.5006/2621,-1.390798603184285,-0.04292964388958331,2.288376661981308,1.2897758482638708
https://doi.org/10.5006/2283,-0.2183985811045758,0.7312902985263922,-0.7874152210168666,-0.188817102731486
https://doi.org/10.5006/2344,0.4090232814634964,0.26885912296096387,-0.322156216526558,0.04518524489793648
https://doi.org/10.5006/0010-9312-73.3.215,-1.794695976702045,0.27008606412198993,2.123760714754751,2.338475798956982
https://doi.org/10.5006/2315,-2.104197695091574,1.7018884870154005,-0.17652006693396155,0.0722179810790223
https://doi.org/10.5006/2425,-2.0186456505618326,-1.8863182235729663,1.9127280985640864,2.3090948951810604
https://doi.org/10.5006/2183,-0.5859907844698685,0.39026733052381873,-0.5751367555655221,0.15085113510794332
https://doi.org/10.5006/2592,-2.6756744777574046,-1.233030581244359,3.924933459268535,2.1963048962791816
https://doi.org/10.5006/2538,-1.2974397430393967,0.4652229036304327,2.0072906745610966,0.20146326442343487
https://doi.org/10.5006/2644,-3.1395505212308215,-1.4454071955224392,5.959176098782302,2.1568958499172006
https://doi.org/10.1080/1478422x.2017.1304690,1.6439354815312868,-0.9548778406814179,2.7452665231180253,-0.004203394367413738
https://doi.org/10.1080/1478422x.2017.1330736,-0.23800037535425408,-1.3263089865454096,2.732978317292029,-0.2518842102729027
https://doi.org/10.1080/1478422x.2016.1275419,-0.44367219819319204,-0.9706217203086035,1.4973842640541173,-2.200399373489235
https://doi.org/10.1080/1478422x.2017.1384609,-0.0004479789094851675,-1.6268123939242871,0.8144643929875475,-0.09279695280490086
https://doi.org/10.1080/1478422x.2017.1300363,0.6676202368214073,-1.2069060709047919,1.285770513958081,-0.6156033233769579
https://doi.org/10.1080/1478422x.2017.1388648,0.19387445357278799,0.2571502473662735,0.3668966206106315,2.7797240811071102
https://doi.org/10.1080/1478422x.2017.1320117,-0.4997405175235376,1.1514475259787147,-1.5817267920927542,1.4368396613920056
https://doi.org/10.1080/1478422x.2017.1344416,1.095128253598222,-1.0162826261225664,0.032856082536262265,-1.7878699113407104
https://doi.org/10.1080/1478422x.2017.1417072,-1.1090907654899695,-0.8454943525103237,-0.015384581031302785,-0.5209643230847245
https://doi.org/10.1080/1478422x.2016.1244619,-0.8489901025280466,-1.4063760467323099,-1.4094395017270342,-1.0371080941721345
https://doi.org/10.1080/1478422x.2017.1316088,0.9044950896833254,0.2283091449471715,0.3870367239792332,-1.4947173807178342
https://doi.org/10.1080/1478422x.2017.1340227,-0.47432937275437537,-0.6359338488136781,1.864934436006227,-1.318523826895341
https://doi.org/10.1080/1478422x.2017.1315233,-0.2149305179971896,0.060535660030637296,-0.2789098081417477,-1.7477958627687482
https://doi.org/10.1080/1478422x.2017.1297575,0.3036723121875524,-1.4934082171467749,1.9028728074358512,-1.8940894829102086
https://doi.org/10.1080/1478422x.2016.1271161,0.4892122287389486,0.05683038045749635,0.8947477505978724,-2.104488928955546
https://doi.org/10.1080/1478422x.2017.1413160,0.5159925824286832,1.8038118820953077,0.07376177651135105,-0.10128267804221365
https://doi.org/10.1080/1478422x.2016.1213974,0.479880421720513,0.8305658616603201,1.6060922468400087,0.4910372036139961
https://doi.org/10.1080/1478422x.2016.1274088,-1.3560685761267397,-1.7296040562798642,4.079752424137362,-0.9848102046684761
https://doi.org/10.1080/1478422x.2016.1278512,-0.057988558816941954,1.4640355399406138,-0.05641714404591771,-0.4473560160058386
https://doi.org/10.1080/1478422x.2016.1245957,-0.8773547803961353,1.7209310519307606,-0.8561652827713773,-0.852068348466285
https://doi.org/10.1080/1478422x.2016.1213061,-0.6913523933827997,-0.7561507081063493,-0.9267885095311429,-1.4828746394086763
https://doi.org/10.1080/1478422x.2017.1356973,0.18773390825035982,-0.7139070010353742,2.351082105021124,-0.11118730652798825
https://doi.org/10.1080/1478422x.2016.1274839,0.8790913295933585,0.43279160537906214,1.3298668969602971,-0.7075511581428128
https://doi.org/10.1080/1478422x.2017.1305537,0.049115507794403476,0.18506689455262718,-1.5647738182815436,-1.2510410384613961
https://doi.org/10.1080/1478422x.2016.1267932,-0.769916266847896,2.018914480874107,0.5212552013857736,0.625804525360713
https://doi.org/10.1080/1478422x.2017.1300379,-0.19654585841561018,-0.49003499126631916,1.9583940803995423,-0.693258326717273
https://doi.org/10.1080/1478422x.2017.1288353,-0.46128232152521803,-0.35128805681724795,-0.6656092176236909,-1.0735368122796
https://doi.org/10.1080/1478422x.2017.1356981,-0.4012914542657511,-1.21132177722737,0.8496360846912333,-0.3318582092349532
https://doi.org/10.1080/1478422x.2017.1292345,-0.5256930860449177,-1.2133901224692516,2.0447644620458676,-0.8337171596074854
https://doi.org/10.1080/1478422x.2017.1384628,0.48905596153203584,1.2382170864111093,0.3570939428415926,0.5213692428328742
https://doi.org/10.1080/1478422x.2016.1275418,-0.04826105406858715,1.6960377504903201,0.578665547651996,0.2192315612218936
https://doi.org/10.1080/1478422x.2016.1278513,1.6448136169852858,1.3133205315211944,-1.4201995340083813,-0.7225550868987451
https://doi.org/10.1080/1478422x.2017.1341221,2.316362434798691,-0.4215026803347356,-0.6078031621720231,0.28947814400968824
https://doi.org/10.1080/1478422x.2017.1306972,0.12340493053025067,-0.8180889739222316,1.5026951402839588,-0.07733891205046914
https://doi.org/10.1080/1478422x.2017.1288336,-0.6078485757972752,-0.07761377984344012,1.208721957419509,-0.5044131800460581
https://doi.org/10.1080/1478422x.2017.1368216,0.7962790557407019,0.9713730187364847,-0.462928040188931,-0.07308271268619429
https://doi.org/10.1080/1478422x.2017.1344038,-0.21058603292735603,-0.31647506526770447,0.07805423387057489,-1.2825779190619038
https://doi.org/10.1080/1478422x.2016.1254447,0.7804085109551718,1.517936594469677,-1.0573580476862874,0.73401144308588
https://doi.org/10.1080/1478422x.2017.1311074,-0.3513895913605735,-1.4313102436599823,0.5190465388326619,0.5220255496668037
https://doi.org/10.1080/1478422x.2017.1348761,0.4934435489715276,-0.8722196024422351,-1.5791981934274792,0.35581515997205837
https://doi.org/10.1080/1478422x.2017.1300748,-0.94865659007323,-2.112271033556059,1.5927473456441685,0.6273271008651231
https://doi.org/10.1080/1478422x.2016.1227024,-0.15870316018555866,-1.1510676342960804,1.7672359676806726,-2.4375313004365435
https://doi.org/10.1080/1478422x.2017.1350326,-0.5814105339004727,-1.4817549523752211,-0.06323577325842919,0.27836964889259874
https://doi.org/10.1080/1478422x.2017.1320155,-0.5998727369576898,-0.11071073322831423,1.660985487995358,-1.087409708860385
https://doi.org/10.1080/1478422x.2017.1292200,0.5309726024944392,0.9002038156319524,0.27758450860778683,-1.2541046987929223
https://doi.org/10.1080/1478422x.2017.1340245,0.24745958865224307,0.7177306871374696,-1.1857612118627336,-0.7515559177834581
https://doi.org/10.1080/1478422x.2017.1400291,-0.49907388945890163,-1.7201823201114559,-0.3684321187168573,0.014276559720974235
https://doi.org/10.1080/1478422x.2016.1262096,0.5411807355857778,-1.2063236822493912,0.21830358085644985,-0.5850872948095522
https://doi.org/10.1080/1478422x.2017.1388649,0.501973965957621,0.6169249933949046,-0.11641611658279802,0.7432648485658625
https://doi.org/10.1080/1478422x.2017.1292202,-0.30945611480168533,-0.8556143276674159,2.048928158709943,2.3987635416086928
https://doi.org/10.1080/1478422x.2017.1330024,-0.33502434166216716,-1.396986869598503,2.330347399856818,-2.2766004979378467
https://doi.org/10.1080/1478422x.2017.1348762,0.3310248844343158,-0.848081912725475,0.1755136694062363,-1.007728954490833
https://doi.org/10.1080/1478422x.2017.1296224,-1.2035318779301136,0.6173680903109559,1.0812394522931805,0.9651251691880512
https://doi.org/10.1080/1478422x.2016.1211862,1.099465082893149,0.579940091228659,0.8422300084415506,2.054405498568135
https://doi.org/10.1080/1478422x.2017.1355658,-0.20234263123642682,0.7173324393870545,0.31066159048858927,0.041205875726623396
https://doi.org/10.1080/1478422x.2017.1320156,0.40184135628859613,-0.23556240623254224,0.8047040930953592,-0.29410534635847757
https://doi.org/10.1080/1478422x.2017.1396410,0.4093938263461991,-0.023714326166829496,-0.36389443081724904,-0.7951795074285976
https://doi.org/10.1080/1478422x.2017.1303102,-0.5008422935140923,1.3970412721154284,2.714739074933566,-1.4081769196272977
https://doi.org/10.1080/1478422x.2017.1305675,-0.515643957862614,0.26072222538722917,-0.0741708079678108,-1.5940354832445405
https://doi.org/10.1080/1478422x.2017.1294355,0.8933854555871634,0.08958646125443182,1.1770119343768946,-1.0374464941382815
https://doi.org/10.1080/1478422x.2016.1179965,-0.3443023559723323,1.6905118231903153,-0.1201907182101605,1.9303337680899804
https://doi.org/10.1080/1478422x.2016.1263456,-0.2926737934140169,0.0009618541224538514,-1.4138146292981963,0.23954471193625093
https://doi.org/10.1080/1478422x.2017.1316087,-0.5636393554033731,0.6652156207806009,-0.7690821081710753,-0.3626900343909634
https://doi.org/10.1080/1478422x.2017.1330025,-1.3520776038785476,0.01776810735740485,0.7170764933523562,1.1220805766298054
https://doi.org/10.1080/1478422x.2017.1284393,0.23318488773656698,-1.0542472053625378,0.4376856680522312,-0.08727722188717751
https://doi.org/10.1080/1478422x.2016.1245945,-0.28726025069367245,0.7011960075860076,-0.377375286358845,0.1976505014339689
https://doi.org/10.1080/1478422x.2016.1254422,0.8101002822020101,-0.341082024751253,0.5666039527861388,2.0294884277669194
https://doi.org/10.1080/1478422x.2017.1355657,-0.7307991548691511,1.8011347949661396,-0.27759256212983185,0.23219724838067146
https://doi.org/10.1080/1478422x.2016.1213082,0.6425537997309826,0.5889307668574434,3.715059212088987,2.518713752677244
https://doi.org/10.1080/1478422x.2017.1386017,-0.2523550734919161,-1.1932554010970706,0.5506974567457393,0.6936932826704553
https://doi.org/10.1080/1478422x.2017.1312200,0.29154739204914837,1.004439827104428,3.037514593263546,0.6756972465635137
https://doi.org/10.1080/1478422x.2017.1285855,0.47150138061605057,-0.9311349391909881,2.2471536983908975,-2.069315604189489
https://doi.org/10.1080/1478422x.2017.1398540,1.413410539711158,0.1752021982517564,-0.3299247401215038,0.4428716566656218
https://doi.org/10.1080/1478422x.2017.1402499,-0.6014244721290782,-0.15197316527038027,-0.5795365558917907,-1.1555118432186169
https://doi.org/10.1080/1478422x.2017.1305651,-0.12284384341213381,-0.9896608001436156,1.4559231246032085,-1.2195626754875206
https://doi.org/10.1080/1478422x.2017.1402513,1.8193871983230776,-0.2014885571862368,-0.26959655305422,1.3593572330098571
https://doi.org/10.1080/1478422x.2017.1330800,1.276023582702566,1.210442694254382,-0.2195404056529961,-0.1518318077945711
https://doi.org/10.1080/1478422x.2017.1291119,-1.1215785444878847,0.27554510052944586,0.18678742882656071,0.7182253940375112
https://doi.org/10.1080/1478422x.2017.1318242,-0.8632054129378357,0.8388271153545336,-1.1717409294977124,0.35737150285884606
https://doi.org/10.1080/1478422x.2017.1319682,0.7263770084088924,-0.5623437611237274,0.25302032114439127,-0.4116871948985463
https://doi.org/10.1080/1478422x.2017.1306962,-1.2293650413538932,-0.5087046443154036,2.103909817124584,-0.8873994363199847
https://doi.org/10.1080/1478422x.2017.1292201,-0.9845664495756857,0.46084707271599873,0.07219462643483956,-0.435777689213084
https://doi.org/10.1080/1478422x.2017.1336003,0.10358941381340639,-0.9031513105228263,0.18988612627356083,0.2292246470311079
https://doi.org/10.1080/1478422x.2017.1376943,-0.5304686153884336,0.7530811856523715,-0.6939594803278752,-1.0957846122318673
https://doi.org/10.1080/1478422x.2017.1325989,-0.06894767211248248,-0.4057149079545547,-0.6874338196603572,0.12534072986690642
https://doi.org/10.1080/1478422x.2016.1277315,0.3197941705081988,-0.45859722884608056,0.21043610928323522,-0.523725434139639
https://doi.org/10.1080/1478422x.2017.1288352,0.5086574124387602,-0.24823013482716821,0.8878205367338045,0.4345208884810186
https://doi.org/10.1080/1478422x.2017.1329247,1.603010672433987,-0.04228313987775256,0.11775352610270629,0.5132511273523817
https://doi.org/10.1080/1478422x.2017.1335531,0.6429112117481488,-0.7172138870430961,-1.2453162614413444,0.3567275287210293
https://doi.org/10.1080/1478422x.2017.1294356,0.5174777492835837,-1.7224209507453765,1.2466698021608573,-1.215390395955428
https://doi.org/10.1080/1478422x.2017.1306390,-0.011329840057743875,-0.43112836760994905,1.5346708959773003,0.9195350437779282
https://doi.org/10.1080/1478422x.2017.1300378,-0.46911778393300074,-0.754627563321167,-0.5296057133619763,-0.6463799442222595
https://doi.org/10.1080/1478422x.2017.1357959,-0.33988583641324494,-0.18628602255018448,0.014738471580578607,-0.593788144246181
https://doi.org/10.1080/1478422x.2017.1344039,-2.0500939550143316,-0.4869931310340135,1.8949111557741039,0.6553569204025962
https://doi.org/10.1080/1478422x.2017.1362158,-0.8958405436155705,-0.9843570791259747,-0.16490912597696125,-0.046350421896200714
https://doi.org/10.1080/1478422x.2017.1319148,-0.11264410738512437,-1.4098326492558548,0.43665724598902034,1.61938839610739
https://doi.org/10.1080/1478422x.2017.1348090,-0.011524245115390347,-0.32552163505683207,-0.10443397362189778,-1.0459882501480449
https://doi.org/10.1080/1478422x.2017.1296225,-0.7883990870297991,-0.1349535820966984,1.863630710926472,-0.7833254757180454
https://doi.org/10.1080/1478422x.2017.1350327,-0.4525283613333602,0.13184644742888826,-0.11239431418746522,0.3951032901971406
https://doi.org/10.1080/1478422x.2017.1373446,-0.1552830416740912,-0.14126187212866323,-0.2960636399137506,-0.6948884989376325
https://doi.org/10.1080/1478422x.2017.1340228,-0.08107038466854607,0.9958929319707509,1.6823489834890357,2.6846004732026523
https://doi.org/10.1080/1478422x.2016.1253445,-0.7289056000296482,-0.804269627567279,0.25606564201704585,-0.5771828332486248
https://doi.org/10.1080/1478422x.2016.1245956,0.5359048927749132,0.26156561009637636,-0.10716977278942996,-0.463214797548755
https://doi.org/10.1080/1478422x.2016.1212158,-0.6591646577061074,0.967870341831779,0.2198265066579043,-0.12671429605514478
https://doi.org/10.1080/1478422x.2017.1304618,-1.9488144657595436,-0.8558318065470178,1.1206309562516499,0.28075920437077845
https://doi.org/10.1080/1478422x.2017.1300218,0.625339704989902,-0.41307029576989757,-0.29779131794673686,-0.8681385729360216
https://doi.org/10.1080/1478422x.2017.1367113,0.18226807986958413,-1.189645424370579,0.3831229568046236,1.1335146706272063
https://doi.org/10.1080/1478422x.2017.1323709,-0.37734527116852534,-0.3283830129598468,-0.20225669415124092,0.3505180799311646
https://doi.org/10.1080/1478422x.2017.1357960,-0.024056449469792025,1.2873875556318528,-0.15811132115697712,-0.3718989760457392
https://doi.org/10.1080/1478422x.2016.1255370,-1.5140070150489893,-0.772770284215728,-1.770266323699573,-1.5741872347179342
https://doi.org/10.1080/1478422x.2016.1277322,0.16310825282819486,1.192023670302505,0.6886331411947562,0.8556137754682659
https://doi.org/10.1080/1478422x.2017.1297601,-1.2541476983112319,1.4318737097130523,-0.5865366380963312,0.04556463930092755
https://doi.org/10.1080/1478422x.2017.1306991,-0.12529359924462483,2.0246978590595166,1.6515692370289148,-0.10878862452595957
https://doi.org/10.1080/1478422x.2017.1325988,-0.20671215733655013,1.8709152687320167,-0.6081961005201767,-0.14537278798717063
https://doi.org/10.1080/1478422x.2017.1410318,-0.8510990136319134,0.767156767054551,-0.17611010043028733,-1.1594499439530246
https://doi.org/10.1080/1478422x.2017.1371387,-1.0224093884384426,1.399341116558036,-0.5611449354900112,-1.1031833222387826
https://doi.org/10.1080/1478422x.2017.1304845,0.17861867881821228,0.7010110062508561,-1.380010615060984,-0.4512330949958197
https://doi.org/10.1080/1478422x.2017.1291186,-1.12396786286836,0.8471024181347903,-0.7929870956080417,-0.038292115932533115
https://doi.org/10.1080/1478422x.2017.1314082,-0.5943776229550398,0.7091273770514204,-0.9534354526222074,-0.1625904909523019
https://doi.org/10.1016/j.corsci.2017.06.006,1.1870152559405445,-1.261048811144383,-0.4568210602497759,0.02972050296231604
https://doi.org/10.1016/j.corsci.2017.09.014,-1.3413662525368377,-1.447913619534708,-0.4558915014040097,-0.3192364530627018
https://doi.org/10.1016/j.corsci.2017.05.025,-1.1089474677281455,-1.0869129095438312,-0.8639010449397402,1.0636981718406573
https://doi.org/10.1016/j.corsci.2017.09.015,-1.4262026218071342,-0.7312463969346445,-0.8131368087766889,0.7966635928829756
https://doi.org/10.1016/j.corsci.2017.04.012,-2.843228476056796,2.0484154989560284,0.6756028214355448,-1.1494857243181924
https://doi.org/10.1016/j.corsci.2017.07.008,-0.9421831595279728,-1.2810510190287483,-0.30537571376429984,1.53047768329543
https://doi.org/10.1016/j.corsci.2017.05.023,0.4396994534866824,0.5011614992289293,1.9833752478154278,0.3364429884377493
https://doi.org/10.1016/j.corsci.2017.10.022,0.07662568536694772,0.7400399411625375,0.3782680672916221,1.1575069037802561
https://doi.org/10.1016/j.corsci.2017.03.004,-0.138752171903478,0.21234926299344656,-1.6209054842754071,0.24571958768208396
https://doi.org/10.1016/j.corsci.2017.11.017,-1.4324104339966555,0.8759100875627105,-0.5054106760829518,-0.4680887452314915
https://doi.org/10.1016/j.corsci.2017.03.014,-0.6373617129585171,1.2871452539911217,0.01541259480353637,-1.3459205071937481
https://doi.org/10.1016/j.corsci.2017.11.014,-0.7458287202207087,-1.2887445707163099,-0.37695743253643776,-1.2264456853045291
https://doi.org/10.1016/j.corsci.2017.11.018,-0.2491671413340029,-0.1405035883986214,3.1784620201639706,2.1780567877031487
https://doi.org/10.1002/maco.201609210,0.8964095682597026,1.0484039890362997,0.898943233105651,1.9392489903998122
https://doi.org/10.1002/maco.201709656,-0.22735867466852444,-0.7331090268138085,1.5125386973415542,-1.3794468122413068
https://doi.org/10.1002/maco.201609211,-1.880706358815793,1.3728284856903195,0.2590101358988285,0.6975231207966953
https://doi.org/10.1002/maco.201609300,-1.2349134230382235,1.3726542369722694,-0.6282008235855485,-0.6589038584920716
https://doi.org/10.1002/maco.201709833,-1.6694865030435866,-0.5195351383461764,0.32183691964382566,1.4717961678925267
https://doi.org/10.1002/maco.201709597,0.28394955976171266,1.020730562139279,-0.7276952974885829,3.1597991147801365
https://doi.org/10.1002/maco.201709478,-0.2835079786251641,0.14356726411624054,1.196814479867308,0.8216659632925801
https://doi.org/10.1002/maco.201709655,0.2680831329833046,-1.27834810124837,0.020340788547017836,0.6080053429796374
https://doi.org/10.1002/maco.201609312,-0.15557554201010518,1.4911349281103645,-0.6682639707051243,-0.7631997020732426
https://doi.org/10.1002/maco.201709418,-0.11788503080013597,1.2803803815160895,-0.6053322968519477,2.0289867335868594
https://doi.org/10.1002/maco.201709715,-1.4941578423547135,-0.7900368925140782,-0.8093542931473953,0.4157066925209283
https://doi.org/10.1002/maco.201709514,0.3421377374832852,-1.2254910467389688,-1.2100599376629542,0.3207409543785063
https://doi.org/10.1002/maco.201709527,1.7393028973532463,1.6486570378981296,-0.7704919807980576,0.139621895687354
https://doi.org/10.1002/maco.201709563,-1.2365864678681984,0.7202587547590698,-1.4764507580204538,-1.1728427313231227
https://doi.org/10.1002/maco.201709641,0.7482762790949823,-0.39057412486659804,2.402378100197449,-0.5317011816534901
https://doi.org/10.1002/maco.201709735,2.1205753821080195,-0.7250325936615697,-1.6039469803764006,0.6993196918950079
https://doi.org/10.1002/maco.201709497,0.9960745395811643,0.862374019866669,-0.24841778974753703,-1.3338141963361678
https://doi.org/10.1002/maco.201709636,0.9657792672307155,0.8839654247572325,-0.4500394964551446,0.5151070921112187
https://doi.org/10.1002/maco.201709473,0.12768694751954773,1.9498985732740788,0.2125960863906399,0.7091546555108263
https://doi.org/10.1002/maco.201709587,0.7620543865829725,1.114793834179721,0.592791809929565,-0.7017676530252956
https://doi.org/10.1002/maco.201709723,-0.933478385911048,-1.6340742867793667,-0.7604034965082984,0.0028260490031443834
https://doi.org/10.1002/maco.201709761,-0.33635919091277505,-1.20295510867341,0.058420505150656214,0.13886517399596882
https://doi.org/10.1002/maco.201709873,-0.9462971780627901,-1.0877222393269173,1.1248740521782286,-0.3015889309735162
https://doi.org/10.1002/maco.201609415,0.48660704043666225,1.2623304690067785,0.5013247809419731,0.33684254039707584
https://doi.org/10.1002/maco.201709432,-1.155470331276438,-0.2571722743290531,0.9981820472981188,-1.3039272724821438
https://doi.org/10.1002/maco.201709554,0.597976157468116,-0.5484734223688156,-1.0606260104339038,-0.0937211098975529
https://doi.org/10.1002/maco.201709920,0.8822047505148399,-0.12496490153866283,1.7111363379733495,1.3089740780499985
https://doi.org/10.1002/maco.201709738,0.1201226133075442,-0.07493581025543541,-1.0850463509147215,1.2703068705675182
https://doi.org/10.1002/maco.201709694,0.23992793410615126,-0.8948681743241726,-0.0009778730369044784,1.894699879974791
https://doi.org/10.1002/maco.201709813,-0.05573653182371888,-0.9787660892955353,-0.6577673398876694,-0.12794623711335337
https://doi.org/10.1002/maco.201609317,0.3376155759455254,-0.35392037455218417,-0.6622665421756597,1.815579309758145
https://doi.org/10.1002/maco.201709581,1.336345254550277,-0.9897620854202521,-0.0898338944827084,0.6865907579417097
https://doi.org/10.1002/maco.201709476,-0.989880967378203,0.3385857787175266,-0.06637908512047878,0.6870895881916957
https://doi.org/10.1002/maco.201709815,1.436576920633382,2.1339632751693873,-0.8054752829882762,-0.42016726031822055
https://doi.org/10.1002/maco.201709818,2.2509188424766933,-1.3511127055283456,-1.177172257808467,-0.17560446171308103
https://doi.org/10.1002/maco.201709526,-1.236161127890048,1.211351991253562,-0.824421102396707,0.19202937194687672
https://doi.org/10.1002/maco.201709843,0.12208218773993572,1.084442549597475,-1.4195518384384598,0.20842694216211813
https://doi.org/10.1002/maco.201709684,-0.9641392853169173,1.0190992493288835,-1.9049837495752113,0.7607225235392424
https://doi.org/10.1002/maco.201609347,0.7150345637028294,1.4831227996086886,0.14474708071486353,0.8037379952499164
https://doi.org/10.1002/maco.201709648,0.327300492454773,1.5995752031603374,0.24423912738201503,1.2179665074331087
https://doi.org/10.1002/maco.201709907,-0.5710527315315209,0.09551613824861545,-0.5405960304669144,-0.6728011340070177
https://doi.org/10.1002/maco.201709676,1.6150818493255121,0.1932543274095007,2.9689122426440724,0.698195196337489
https://doi.org/10.1002/maco.201709940,-0.4630873318414107,-0.19031523563799643,1.9210937892799251,0.8426491064462112
https://doi.org/10.1002/maco.201609319,0.28559436866131027,-0.9613370427186998,-0.1702500529976388,0.2834703515894931
https://doi.org/10.1002/maco.201709781,-0.5973117072872818,-1.0015892895089866,-0.4861629116889265,-1.1583530772960693
https://doi.org/10.1002/maco.201709879,2.1190723156755586,-0.598643351529535,-0.016462749537194423,0.41137766675101684
https://doi.org/10.1002/maco.201709882,1.2523104973906534,1.399013285781509,-0.48506779203803385,0.9725668860115153
https://doi.org/10.1002/maco.201709620,0.44699041027663344,-1.1544264176321415,0.802112402312918,-0.021500595642679064
https://doi.org/10.1002/maco.201709685,0.7579716646558686,1.7496835772271109,-0.1186201048876435,0.5594325643900343
https://doi.org/10.1002/maco.201709705,-1.2792569945762597,0.30915227366635506,0.8464497969495381,-1.090003565579891
https://doi.org/10.1002/maco.201709765,2.4714363502667838,-0.8185844771484933,1.0877077913368947,0.2896288337612877
https://doi.org/10.1002/maco.201709880,0.4470507622072248,-1.4992996903587794,-0.5257879478649666,-0.21518996287601802
https://doi.org/10.1002/maco.201709502,0.903254854800758,-0.830351761277655,-0.8965969391601835,-0.20057205362008326
https://doi.org/10.1002/maco.201709742,0.5332938001378424,1.8742409108643048,-0.3138240686670637,-0.4299404146715194
https://doi.org/10.1002/maco.201709465,0.5216495514263293,1.258852677635657,0.6299427322041636,0.38779326189904884
https://doi.org/10.1002/maco.201709915,0.02275017735682598,0.8969996274006643,-0.44634978069172837,1.4252612873034187
https://doi.org/10.1002/maco.201709736,-1.1318231337079812,0.8435244521521409,0.7641180623024151,1.1420910570027554
https://doi.org/10.1002/maco.201609215,0.702004976811055,0.1836100164479272,-0.16884776870105472,0.35140772812992405
https://doi.org/10.1002/maco.201609358,1.4267952740446195,-0.009294838382401855,-0.45791987999733574,0.349290702264546
https://doi.org/10.1002/maco.201709688,-0.1391401629501563,-1.7218339961810725,-1.4881489079564885,-0.3513872289423756
https://doi.org/10.1002/maco.201709577,-1.9148592956816965,0.7125007774471735,-0.3931036982519384,-0.3813432502251506
https://doi.org/10.1002/maco.201609276,0.9220614380011395,0.4111171252626591,0.6297666704461347,-0.6817191353456057
https://doi.org/10.1002/maco.201709488,0.0027838996900917744,0.6049180999722701,-0.45909086047400643,-0.09150956100806759
https://doi.org/10.1002/maco.201709515,-0.6755867848046314,-0.6578130428678561,-0.4392089699708498,0.041678371303282745
https://doi.org/10.1002/maco.201709814,-0.6172232665978151,-0.697188330232223,1.925010637356517,-0.7673321022993547
https://doi.org/10.1002/maco.201709903,0.6651532009740146,0.1084518044202339,-1.3000898528176634,1.4202342858498176
https://doi.org/10.1002/maco.201609168,1.8321102579190307,1.2994852147582985,-1.2919910896122873,-0.5822937335317075
https://doi.org/10.1002/maco.201709462,-0.4791564436297832,0.29582820069599747,0.8156806727832616,0.3872631274702946
https://doi.org/10.1002/maco.201709507,1.1043917954883373,0.02862357167915203,-0.7343174714596549,0.5801569140538906
https://doi.org/10.1002/maco.201709494,-0.5233659403039331,1.2083406759013842,0.01477351226100854,-0.10527446487670085
https://doi.org/10.1002/maco.201709865,0.14860010958742725,-1.5519869342204173,0.265114825058143,1.4696935666065223
https://doi.org/10.1002/maco.201709609,-0.5983082417603172,-1.2603300598769893,0.5052893470773618,1.0332290464982226
https://doi.org/10.1002/maco.201709487,0.002830733223063588,1.3470156133004925,0.4453800368880924,0.87028385640967
https://doi.org/10.1002/maco.201709600,-1.668966436123571,1.1485176046823946,-1.102205381794891,-1.4607763904096187
https://doi.org/10.1002/maco.201709461,0.904729154180146,-1.073021042795227,2.616544311832235,-0.0887060275344452
https://doi.org/10.1002/maco.201709472,-1.5016883647594956,1.7263045296256299,-1.0892673108479753,0.3802583440399469
https://doi.org/10.1002/maco.201709484,-1.5473578156890029,-0.9821397754649227,-1.6836932233223987,-0.01960685230353077
https://doi.org/10.1002/maco.201609386,2.5769267327552483,-0.7262228561459249,0.3641073419341716,0.8489566280500928
https://doi.org/10.1002/maco.201609363,-0.23170051442638886,1.6461889615812508,1.3478157980037377,1.9404051178839476
https://doi.org/10.1002/maco.201609351,-0.6911434993371484,0.5027182158337886,0.1799753449708516,-1.5465521499499266
https://doi.org/10.1002/maco.201709649,0.7083263824339397,-1.4072667065413107,-0.5111465117274292,0.49640606906099455
https://doi.org/10.1002/maco.201709794,0.2700423458219536,1.4492454590586419,-0.4375647938638647,0.7918549541740767
https://doi.org/10.1002/maco.201609346,-0.2496098038913665,0.1762216333351565,-0.2805171107450431,1.1719827938535523
https://doi.org/10.1002/maco.201609388,0.36201935977812066,-1.2098322629168932,1.4410989592060388,-1.2563546242489825
https://doi.org/10.1002/maco.201609369,-0.2641055210162198,1.8844030351759438,0.1962427686782381,0.3795082103096008
https://doi.org/10.1002/maco.201709888,1.091127307620313,-0.6396969851531837,-0.26611844546200786,-0.29687935930163295
https://doi.org/10.1002/maco.201709924,-0.6576383220824062,-0.4863098916495305,-0.6873356777556744,-1.0944033914133162
https://doi.org/10.1002/maco.201709419,0.9356877048548786,0.7948613398524059,-0.7646150459020081,0.8076311572970893
https://doi.org/10.1002/maco.201709702,0.02170152986822614,0.5941368969483295,-0.11426247009117786,1.9725883317839243
https://doi.org/10.1002/maco.201609408,-0.7309232028267826,0.7689662587722759,-0.0006858717654651498,-0.5244866688554947
https://doi.org/10.1002/maco.201709797,0.07000819763432656,-0.1394016119871408,-0.03549684264142135,1.4835508373832063
https://doi.org/10.1002/maco.201709712,-1.3996367156795115,0.3857424171166609,-1.6357694918512338,-1.7669529871272098
https://doi.org/10.1002/maco.201709658,-0.21143037388770264,-0.371388499791278,-1.3566847319111295,-0.6304261634286211
https://doi.org/10.1002/maco.201609389,0.07939318964376768,-0.8747032245237281,0.07411612633792033,3.1115506378455065
https://doi.org/10.1002/maco.201709637,0.8997839473096156,1.335609729381263,0.09425974083019568,0.02927000933279963
https://doi.org/10.1002/maco.201609387,1.8655815368188107,2.588147127669719,2.0829446159925955,1.2505637426127512
https://doi.org/10.1002/maco.201709513,-1.6895446417110425,1.3294252712967578,1.3224379140634244,2.0139279352748636
https://doi.org/10.1002/maco.201609414,-0.6777014873703788,0.7650798667896609,-1.4427229255840874,-1.674044756246541
https://doi.org/10.1002/maco.201709604,1.4534590185694045,-0.8819196412370353,-0.8286136295454015,0.06629475354689139
https://doi.org/10.1002/maco.201609406,1.3479811013311984,-0.18666979078289467,-0.39219745403733125,0.8557953082397316
https://doi.org/10.1002/maco.201709522,-0.983516317849242,-1.4695625220324555,2.858377267474796,1.6259919336661683
https://doi.org/10.1002/maco.201609265,-1.3955031463808119,0.7636021244877595,-0.0502874334074951,0.5232191759240029
https://doi.org/10.1002/maco.201709469,1.0017926518303566,0.39440717616241594,-0.7836281682500971,0.24634189280226715
https://doi.org/10.1002/maco.201709555,-0.010155296569119145,-0.9438766136545368,-1.7054128852598216,-0.2915684163686776
https://doi.org/10.1002/maco.201709753,0.5833125622272942,-1.6134801386468558,1.4369142070894814,1.440264382324127
https://doi.org/10.1002/maco.201709703,-0.8766422541455512,-1.5629312513939881,-1.8683569099769686,0.07955162469100896
https://doi.org/10.1002/maco.201609336,0.7817172956661799,1.478422743084443,-0.44955317151759533,-0.45299344010204595
https://doi.org/10.1002/maco.201609341,0.2022204746780823,0.017934558108328696,0.7706075248008519,-0.6638809730402682
https://doi.org/10.1002/maco.201709756,1.0542495796363855,0.07229383040878537,0.4337291430896018,1.74385771941093
https://doi.org/10.1002/maco.201609202,0.4310044467151979,-1.7837768480231522,1.139650331188454,-0.1686991556776907
https://doi.org/10.1002/maco.201609343,-0.7052950297718823,1.1895055377685815,-1.8959181355585966,-0.16365868497479788
https://doi.org/10.1002/maco.201709727,-0.5384967144980773,-0.3603706682079819,-0.8647663934156395,0.02619367280657028
https://doi.org/10.1002/maco.201709647,-0.35572424636532707,0.9588038319535435,0.09202407209287355,-1.1142538746434407
https://doi.org/10.1002/maco.201609313,1.188691822318992,0.5513029121738524,0.03144569200168621,0.18479203518801438
https://doi.org/10.1002/maco.201709602,-0.45596114724765957,0.4923071190828025,0.964601503985023,-0.46766363214591505
https://doi.org/10.1002/maco.201709521,-0.7351663059325252,0.9989431535436096,2.2716877071368877,-0.7349205150386492
https://doi.org/10.1002/maco.201709929,0.7758267575737503,-0.4913239632997222,1.019863315477837,2.3030503782346576
https://doi.org/10.1002/maco.201609350,-0.03793455226757489,0.839636590933725,2.0239071675710885,-0.0894999237282516
https://doi.org/10.1002/maco.201609394,-0.5146160332626802,1.353049169922866,-1.1839045316229573,0.9405156022200412
https://doi.org/10.1002/maco.201709453,0.04263273885922857,-0.47073314786776005,-0.7337710511944481,-0.6463354742028445
https://doi.org/10.1002/maco.201609289,-0.39186640865405,0.019777406663055174,-0.2854167124904721,-0.9053414458467158
https://doi.org/10.1002/maco.201709659,1.4331860579695124,1.4889320166194946,-0.9961769995719906,-0.3608256507064097
https://doi.org/10.1002/maco.201709528,-0.04564891571659443,0.49099102090719965,1.5050320120002965,0.05470458844108718
https://doi.org/10.1002/maco.201709932,-1.5301293100216267,-1.819377047313585,0.8676850008416391,0.15560318149154295
https://doi.org/10.1002/maco.201709464,-0.03746540378673833,-1.2406660282008288,-0.01672403434117612,-1.4617410879724206
https://doi.org/10.1002/maco.201609405,-1.082169589552459,2.0229287653924777,-0.025989724285209702,0.7951734358873317
https://doi.org/10.1002/maco.201709550,-0.19299395843823455,0.3121513383290104,-0.15879905904546152,0.5556387141295884
https://doi.org/10.1002/maco.201709895,-0.4976152524318774,0.6220111616971696,-1.1207268691433174,0.22532737696315858
https://doi.org/10.1002/maco.201770011,-1.0159474147285408,0.3018120481021351,-0.42448323195236726,1.2004265656213444
https://doi.org/10.1002/maco.201609333,-0.8431530371874274,-1.0513219118112356,-0.6271006544825296,-0.8313215484341939
https://doi.org/10.1002/maco.201609304,0.900503994306598,0.5829756185889268,-0.4109457731506505,-0.7411635780975603
https://doi.org/10.1002/maco.201709564,0.5818153636479619,-0.6992137591914312,0.09067562832939988,1.3450230836654717
https://doi.org/10.1002/maco.201709498,-0.8822151803978676,0.7493755002671767,-0.26145613729667105,0.2534233081154961
https://doi.org/10.1002/maco.201709671,0.6637676544964994,-1.2882591346337253,0.4720760694886621,1.1958338475581423
https://doi.org/10.1002/maco.201709902,0.3288733648548526,1.4091136562476176,-0.5227842304016965,-0.3109145650924224
https://doi.org/10.1002/maco.201709456,-0.7559442078674075,-0.827169954653822,0.05375513747782726,-0.5607254139542625
https://doi.org/10.1002/maco.201609244,-2.0870472415152914,0.28430255570895874,-1.9587802756642285,-1.830726655080708
https://doi.org/10.1002/maco.201609184,0.4112365292871716,1.6417368745381775,0.945329576516506,0.9845766884932033
https://doi.org/10.1002/maco.201709665,0.7231640974748614,-0.4177203937181365,2.7120547056284603,-0.2107478900730197
https://doi.org/10.1002/maco.201770021,-0.1557515102558144,0.43234166622602754,-0.0046965640406123246,-1.470585716892161
https://doi.org/10.1002/maco.201770064,-1.4345390977370303,-0.8608831034845036,0.24421645891605542,-1.2764779505565749
https://doi.org/10.1002/maco.201770051,1.0419737035788252,-0.3271037821261015,-0.6727779323142258,-0.33410501859926983
https://doi.org/10.1002/maco.201770074,-1.13701239439183,-1.8130875766129604,2.6506330697491793,1.3484449330936528
https://doi.org/10.1002/maco.201770071,-1.4762195894259145,-0.851542452325458,1.9018008130642796,1.0011930762422863
https://doi.org/10.1002/maco.201770101,-1.6528638123362833,-0.7518708176115597,1.0387084233007986,0.024200567624842392
https://doi.org/10.1002/maco.201770121,-1.302914860690914,-0.5565924237543053,0.34071827236223523,-1.5530219051322103
https://doi.org/10.1002/maco.201770035,-1.9441567784666152,-0.300654187506555,-1.5197961390972288,-1.1566742012045248
https://doi.org/10.1002/maco.201770056,-2.248151467051902,-0.8177791333753173,4.146826919098237,-1.026716788679661
https://doi.org/10.1002/maco.201770041,0.6260345301915669,-0.027800802951799625,1.890546026955848,0.1899919237914164
https://doi.org/10.1002/maco.201770061,-0.3141808707011011,0.4049796656508832,-0.24230655981472018,-0.6855763974565969
https://doi.org/10.1002/maco.201770081,-0.5080474790364499,-1.1108327474266237,-0.4229092002441807,0.7922186672309272
https://doi.org/10.1108/acmm-06-2018-1955,1.299888954103955,1.0556899641740893,1.6185900088377172,1.1858877294806571
https://doi.org/10.1108/acmm-12-2017-1866,-0.9799938061929897,0.3240440322957991,-0.29922429312964477,-0.8684165606571604
https://doi.org/10.1108/acmm-03-2017-1778,-0.33891994640120165,0.16870503529663092,-0.6303572674123779,0.4915267872167543
https://doi.org/10.1108/acmm-03-2018-1911,1.4048364508175937,0.7655165900050643,0.6840564555100332,-1.056789642970718
https://doi.org/10.1108/acmm-03-2017-1775,0.7933793976010148,-0.797676830475139,-0.46220048839773165,-0.022485293617255504
https://doi.org/10.1108/acmm-06-2018-1957,-0.10371942537194295,-0.9355755833162358,0.013407735530010956,-0.38323094561780385
https://doi.org/10.1108/acmm-05-2018-1946,0.24093941061178767,-0.06642687186586357,0.24216311463838994,-0.9334048032039114
https://doi.org/10.1108/acmm-12-2017-1869,1.7523954476578663,-0.26554474904705433,-0.7067762403940687,-0.5638542050126484
https://doi.org/10.1108/acmm-05-2018-1939,-0.5347826906140601,-0.010680369004955738,-0.1536477346375141,-1.187373886867806
https://doi.org/10.1108/acmm-06-2018-1954,0.381706944079001,0.28909232246438027,-0.5820526252328593,-0.37763479692150104
https://doi.org/10.1108/acmm-04-2018-1920,2.0291537617960587,-0.9901575177446039,0.6525430691938291,2.235986860138029
https://doi.org/10.1108/acmm-09-2017-1837,0.32061309837233937,-0.760745922362827,-0.32613858713685184,-0.7083410889075095
https://doi.org/10.1108/acmm-04-2017-1785,0.5290065596218972,-0.07623868976368217,0.6917254729178816,1.0622589818885688
https://doi.org/10.1108/acmm-07-2018-1969,0.6270264103293998,1.6703494387542226,-0.051741331659538994,-0.8481604322124429
https://doi.org/10.1108/acmm-02-2018-1897,1.3625074528157721,-1.0685320762348536,-0.06525168213084931,-0.04691737951433186
https://doi.org/10.1108/acmm-03-2018-1917,-0.5748062102090453,-0.2075755973870234,-0.4569860291772998,0.5426427248578821
https://doi.org/10.1108/acmm-06-2018-1959,0.5568970065953874,0.46950092989162473,-0.09989557776378745,0.09139066318212985
https://doi.org/10.1108/acmm-07-2018-1973,0.4395968625033294,0.09508611175288216,0.16501789606430936,0.7820135100496138
https://doi.org/10.1108/acmm-06-2017-1810,0.6079335415923739,0.5189638725442692,-0.10643205414944369,0.06549554782604683
https://doi.org/10.1108/acmm-06-2017-1808,0.6039323409882492,0.7736021753422136,-0.6365163965911302,0.5923589028717843
https://doi.org/10.1108/acmm-02-2018-1900,0.02041778740749237,-0.7112518783303275,-0.28009528643397313,0.2967748817178006
https://doi.org/10.1108/acmm-05-2018-1941,-0.9564289709348202,-0.08973309464228175,-0.501565524649835,-0.7736613232971155
https://doi.org/10.1108/acmm-06-2018-1958,0.0330318030793376,-0.46240082100925667,-1.2265707618031019,-1.448775909087392
https://doi.org/10.1108/acmm-08-2017-1824,0.9001803730273746,0.23019692114884896,0.3358298901136787,0.17066718214694038
https://doi.org/10.1108/acmm-05-2018-1928,0.13046474943439243,0.2919025349250532,1.2245047755400338,-0.4884884333996976
https://doi.org/10.1108/acmm-10-2017-1857,1.609258009106009,-0.13948596129690222,-0.3778229318726939,-0.029928144656347112
https://doi.org/10.1108/acmm-12-2017-1874,-0.0674528951841353,1.3679216917035046,0.7149429804237291,-1.247881647840077
https://doi.org/10.1108/acmm-05-2018-1937,0.9191433565906851,0.5663784840464765,-0.11022052935485376,0.8515986915231339
https://doi.org/10.1108/acmm-02-2018-1901,0.5877698473714734,0.6250973693879568,-0.578006977794136,0.08967670333395947
https://doi.org/10.1108/acmm-11-2016-1735,0.4059759547212321,-1.0422381881312686,-1.0643739483029142,0.0886515849849075
https://doi.org/10.1108/acmm-12-2017-1867,0.8325184107097754,-0.4427671829003387,-0.4853332986598761,-0.2525980720363627
https://doi.org/10.1108/acmm-04-2018-1922,-0.4714595452825785,0.241431052149493,-0.7443399746449351,-0.5688654328044324
https://doi.org/10.1108/acmm-03-2018-1913,0.4017781028167722,-0.056081243892952555,0.07825487966900331,-0.6926642574331805
https://doi.org/10.1108/acmm-01-2018-1886,-0.22612150384662374,-0.13631272207631506,-0.8536876046075009,0.09530301760563939
https://doi.org/10.1108/acmm-05-2018-1932,0.7892743440138066,0.40884289185895833,-0.5989529826455099,0.05462468916860944
https://doi.org/10.1108/acmm-05-2018-1942,0.6556992682675901,0.5435313930628154,1.2820116360475475,-0.8565056677781927
https://doi.org/10.1108/acmm-06-2017-1805,0.20089700198707536,0.3175836950702435,-0.348056224558927,-0.2203312811168962
https://doi.org/10.1108/acmm-04-2018-1927,1.3182564275273336,-0.31122244351725675,0.036552352120600214,1.8358821282440783
https://doi.org/10.1108/acmm-03-2017-1770,-1.0836552117638487,0.003172281092671167,1.1338889218873984,0.3045333055562333
https://doi.org/10.1108/acmm-09-2017-1839,2.0687901190340257,1.8614084921984404,0.04279960631468566,1.3183597487991163
https://doi.org/10.1108/acmm-09-2017-1850,-0.49638927709095704,0.5211597284760483,0.39323852417030086,-0.5534895932837859
https://doi.org/10.1108/acmm-05-2018-1935,0.8966417212972851,-0.07932036221279651,-0.2944013800813057,-0.3210025502465119
https://doi.org/10.1108/acmm-01-2018-1891,0.8989300817350276,-0.12248042699081206,0.6317268974113743,0.2121376764109194
https://doi.org/10.1108/acmm-09-2017-1847,-0.3848593674511455,1.5663519589532282,0.9364794024022223,-0.8318352704429273
https://doi.org/10.1108/acmm-07-2018-1977,0.1496611711109459,0.048208843528885915,-0.300464645172484,-0.3942679453571621
https://doi.org/10.1108/acmm-01-2017-1750,-0.5642110149188362,-0.6074694884610307,-0.556431488581758,-0.14877829233611473
https://doi.org/10.1108/acmm-05-2018-1934,1.099469435994837,-1.0989713129701173,0.2620312562388725,-0.47077636757290775
https://doi.org/10.1108/acmm-07-2018-1961,1.7410159552491404,1.2075395225063215,-0.5644133437725775,0.6245587542187706
https://doi.org/10.1108/acmm-06-2018-1950,-0.22691889361489143,-1.6956957979981298,-0.24628989144466562,-1.0360561292525399
https://doi.org/10.1108/acmm-04-2017-1789,1.6937539492603182,0.3492749976481466,-0.7900363357968562,-0.334492791825578
https://doi.org/10.1108/acmm-05-2018-1929,-0.21672812607318137,-0.9042008686518801,-1.428651131701473,-0.8578437899741811
https://doi.org/10.1108/acmm-04-2018-1918,1.6769465548398959,0.05391919264968328,-0.2101787717852187,-0.4086182980803838
https://doi.org/10.1108/acmm-03-2018-1916,-0.27385070079951895,0.11235370230010962,0.30598929957562354,-1.1030170930896146
https://doi.org/10.1108/acmm-05-2017-1795,-0.17608483597626284,-0.2552786147603973,0.012264079496228037,-0.48281343244867075
https://doi.org/10.1108/acmm-04-2018-1924,-0.23782329358212145,0.5948720755241569,-0.6688042987775932,0.26994316980979927
https://doi.org/10.1108/acmm-11-2016-1730,-0.05579484224276487,1.2627257263207707,-0.28237555230280187,0.12427521760015574
https://doi.org/10.1108/acmm-01-2018-1889,-0.019230580505523977,-0.16957035962225936,0.3083830895892342,1.63198429008254
https://doi.org/10.1108/acmm-06-2017-1811,0.8920978592646681,0.7228206927208327,0.46721023932065864,0.5886823831026712
https://doi.org/10.1108/acmm-12-2016-1739,-0.4983060398142747,-0.8553422820062191,-0.9502681350054162,-0.38850550727118627
https://doi.org/10.1108/acmm-08-2018-1978,1.564291440293332,-0.7038256561890804,1.2343672219802788,-0.5035274124773792
https://doi.org/10.1108/acmm-01-2018-1890,1.4947800745767748,0.16324714120980724,-0.35181324465468844,-0.3443390913827697
https://doi.org/10.1108/acmm-07-2017-1814,-0.051754175869639096,-0.5641313032466105,0.20276781438521474,0.43163771587804356
https://doi.org/10.1108/acmm-01-2018-1888,1.874939224537576,-0.5154219722891172,0.09733502597321797,-0.3193855025170777
https://doi.org/10.1108/acmm-06-2018-1948,-0.10155674391569057,0.48599103090121765,-0.4446703479690815,-1.2331308262236458
https://doi.org/10.1108/acmm-04-2018-1926,0.4792586852471129,-1.0516597247265058,0.5970720741403849,0.1508874876662752
https://doi.org/10.1108/acmm-03-2018-1915,1.1592858310072096,-0.9369211626519819,-0.011408213056238705,-0.22074124548437005
https://doi.org/10.1108/acmm-12-2017-1876,-1.12352519880432,0.8396300813035115,0.4041377248474466,-1.2566303224474453
https://doi.org/10.1108/acmm-01-2018-1883,-0.3219070248813087,0.7671564026846254,-0.1563484758794632,0.361222612818104
https://doi.org/10.1108/acmm-08-2018-1980,0.4415727175702567,0.5708153130641134,-0.7838764399348345,-1.061417795965349
https://doi.org/10.1108/acmm-07-2017-1817,-1.2643112875404297,0.7599535615546816,0.40057616742337937,0.3172756706983017
https://doi.org/10.1108/acmm-09-2018-1999,0.1097729346762622,1.2695501498601545,-0.2205531843618465,-0.12340321295552897
https://doi.org/10.1108/acmm-10-2015-1589,0.6365541722774256,-0.26891357647742625,-1.2294282109629207,0.1959222186396214
https://doi.org/10.1108/acmm-06-2018-1949,0.3156238982265489,0.27484708801421376,0.06614827324243486,0.3640079859413292
https://doi.org/10.1108/acmm-10-2015-1586,-1.3782606850001196,0.8154854341194313,0.8214422992555466,0.506406531562976
https://doi.org/10.1108/acmm-12-2016-1744,2.3160206063339404,-0.8201593188907617,0.18434740199743682,0.2665702366660467
https://doi.org/10.1108/acmm-12-2017-1877,0.08798653772098476,1.2232682917104363,-0.2291778326050914,0.2961637202492233
https://doi.org/10.1108/acmm-12-2017-1875,0.458867832486465,-0.5956946757474438,-0.3555710547107527,-0.4522367327661187
https://doi.org/10.1108/acmm-04-2017-1790,-0.601915343855976,-0.46282443124351624,1.3135585703255004,0.6742784775082988
https://doi.org/10.1108/acmm-03-2018-1914,0.3141415113419652,1.096493743589767,-0.22410917504114605,-0.7789592119164638
https://doi.org/10.1108/acmm-03-2018-1909,0.057534997772099486,1.1340033620205479,-0.13995698479987423,-1.0687069459104601
https://doi.org/10.1108/acmm-05-2018-1936,-0.522183640706791,-0.49387039470942223,0.3188843301988405,-1.2860172599235018
https://doi.org/10.1108/acmm-02-2018-1905,0.7603254190015273,0.7302238620229786,-0.014489415194704858,-0.3906577191279397
https://doi.org/10.1108/acmm-07-2018-1975,-0.6451673499747936,0.8957717931907077,-0.464141989221346,-1.4181803062249214
https://doi.org/10.1108/acmm-03-2017-1773,1.6841035317972772,1.1284370396103596,0.3642904970319739,1.8991129738692865
https://doi.org/10.1108/acmm-10-2017-1851,0.019790305681866717,0.6987182747872467,0.7423500191773634,-0.1764939705539206
https://doi.org/10.1108/acmm-07-2018-1965,0.8329665018806443,0.9433117188053163,-0.31672506581434057,-1.31486345750067
https://doi.org/10.5006/2926,0.9247324674481676,-1.1278845306762177,0.2699851873590875,1.29726509604054
https://doi.org/10.5006/2904,0.5157478610661539,-1.1526215777809719,1.712902757825434,1.180034497023527
https://doi.org/10.5006/2976,-0.3326732884569582,-1.1667030093598476,-0.1885547430017241,0.046620579555841035
https://doi.org/10.5006/3093,0.31093866672924914,-0.4509741918500968,1.3282778111404636,-0.19813909720852502
https://doi.org/10.5006/2807,-0.35054303977286855,0.49628595631275485,0.19959156216706478,1.9659644929635218
https://doi.org/10.5006/2792,-0.8599422468609549,0.6824590588709888,1.1697353144126006,2.2156282754342738
https://doi.org/10.5006/2881,-0.6167634515279382,-1.1541620381549225,1.6751647153696276,-0.9454916103089059
https://doi.org/10.5006/2860,0.7108384874852633,0.27284866292088217,0.08055608077304072,0.8153518608483534
https://doi.org/10.5006/2537,-0.36358920448655635,-0.9949484624808249,-1.1049691413133809,-0.7155897129555359
https://doi.org/10.5006/2918,-0.3032592978600564,-0.4040098778075266,-1.0094550990688111,0.26306808921969177
https://doi.org/10.5006/3076,0.08567945988548153,0.8239482182338552,-0.31976336996699467,0.3306647848391864
https://doi.org/10.5006/2847,-0.4659293504569358,-0.6815283203926968,0.7697587992963305,-0.7672932602894709
https://doi.org/10.5006/3026,-0.4266261022463914,1.2668153939040188,1.392868966740851,0.00854640341985759
https://doi.org/10.5006/2995,-0.5379510959678283,1.42121707978825,0.3405136678174706,1.5032152939380654
https://doi.org/10.5006/2899,-0.7280325139890048,-1.419623538926769,0.6319285995509533,-1.595076494924024
https://doi.org/10.5006/3075,0.29233847459116163,-0.2725238967873913,0.844992347226321,-0.6181210038216552
https://doi.org/10.5006/2743,-0.09220386322230398,1.3605450660105862,0.3538362742076118,0.30030053737758655
https://doi.org/10.5006/2634,-0.756742932890305,-0.27251437169773574,-0.09033869983935813,1.1722429720258227
https://doi.org/10.5006/2997,-1.0734549550933274,1.3831408292266372,1.5554766642002893,-0.25717452472396707
https://doi.org/10.5006/2994,-0.07119892838826133,-1.9755786462541074,3.9275938211675037,-0.8437949449070928
https://doi.org/10.5006/2928,-0.3300188295334697,-1.0479042907765967,0.771473240224674,-0.36396449854585167
https://doi.org/10.5006/2979,-0.2389312751671891,-0.9282793212861898,1.3513818807988451,0.3992629888330508
https://doi.org/10.5006/2690,1.1727335120769038,2.4654626495453797,0.23079488673889662,0.3410403958337461
https://doi.org/10.5006/2788,-0.3754664386646079,-1.842383664136361,-1.2042080472424996,-1.2090578458796688
https://doi.org/10.5006/2815,-0.08514728771634318,0.25523382483317997,-0.11945336312748982,-0.8268526738118325
https://doi.org/10.5006/2867,-0.4582903322516044,0.3232785244325209,-0.6241287280692839,-0.955799051283297
https://doi.org/10.5006/2959,-0.3857453354390069,-0.8676914058448898,0.0762512038862365,0.6108874669832207
https://doi.org/10.5006/2613,0.23845324386871974,-1.1249442270015722,-0.16186376098997637,-0.07120215097407964
https://doi.org/10.5006/2853,0.5847503194967526,0.26493470296299065,-0.5820136625952632,-0.16947037402177376
https://doi.org/10.5006/2967,-0.43462579733761714,0.6791493742844065,-0.27745365310781517,-0.07028768953383308
https://doi.org/10.5006/2969,0.7820040443409648,0.18296304533280677,0.11490861258336081,-0.27506415005151774
https://doi.org/10.5006/2775,-0.9234905171719117,-0.8552780268178237,-0.4983022284114131,1.5422821481545281
https://doi.org/10.5006/2706,0.24228926438779436,-1.1826279053359119,1.0427143659634552,-0.236652265467878
https://doi.org/10.5006/2935,-0.19798603348121388,-0.06313160775665493,0.018225095768325213,-0.93526568253435
https://doi.org/10.5006/2855,-0.2165724293660745,-0.13468953107610993,2.3639986492937464,-0.7706480126526766
https://doi.org/10.5006/2885,-1.5027611155876328,0.8051356689383548,-0.6756456747252055,-0.10950845025911554
https://doi.org/10.5006/2794,1.44729783204053,-1.3354452315895047,0.13806729644338656,0.7895819995620547
https://doi.org/10.5006/2893,1.1614670295268605,-1.1273844194620009,3.35655857542688,-0.1692554472454284
https://doi.org/10.5006/2879,0.2588318358681017,0.7117165845313657,-0.2788626950868889,-0.2979761262031911
https://doi.org/10.5006/2552,-1.023777844180069,-0.9513865110937372,1.0816079847510074,0.15509895002237106
https://doi.org/10.5006/2942,-0.3853833723670932,-0.8751691345554783,1.741701611560024,1.5828502083734874
https://doi.org/10.5006/2724,-0.8183947085934294,0.019271474536799754,-1.0917144019432083,-0.6792863122148454
https://doi.org/10.5006/2970,1.5832883635283657,-1.7471238443615038,1.0765064615014366,-1.4768322394769209
https://doi.org/10.5006/2680,-0.26828895104650063,-1.4017084598317027,-1.072905405426562,1.5898672290494105
https://doi.org/10.5006/3029,-0.6986611841981394,0.6355452183106035,-0.5061502689049701,0.5273112473641574
https://doi.org/10.5006/2902,0.2656958077981879,0.9442030886095834,-0.4274541023444296,1.3688493586429296
https://doi.org/10.5006/2802,-1.5735152832664219,0.9865381770476381,-0.9666245344196713,-1.0992767388948266
https://doi.org/10.5006/2769,0.46127700111159625,0.6843961934145795,-0.30239396309085936,-0.39700797364586404
https://doi.org/10.5006/2726,-0.5443762364502658,-0.12153201161614403,1.7506997429105298,-0.9723788417250511
https://doi.org/10.5006/2764,-0.34187751647849784,-0.678672565832916,0.331181041852445,-0.4776951603058328
https://doi.org/10.5006/2937,1.0050125774831125,-1.0287184729391252,0.18131541465050854,-0.5915819158805482
https://doi.org/10.5006/2951,-0.46302875019604056,-1.0924518271948507,0.37352878179849014,-0.7934725505600051
https://doi.org/10.5006/2676,-0.678751555336075,-0.9037916068691088,-0.7910480831468564,2.0532874887530523
https://doi.org/10.5006/2626,0.5142049319383601,0.7175919251175359,0.6048776797253562,-0.4693099515332944
https://doi.org/10.5006/2872,0.5692133767283516,0.15683521518008456,-1.2304353197045126,-0.8870482306229118
https://doi.org/10.5006/2852,-0.0788850465956106,-0.07887581158610922,-0.01566938333553724,-0.558012640203155
https://doi.org/10.5006/2965,0.1518292172035257,-0.9894095634355734,-0.7590292435803907,-1.4372586907968001
https://doi.org/10.5006/2770,-2.300051319210753,-0.5220952633463675,2.299435224029431,0.36555375822234704
https://doi.org/10.5006/2569,-0.12543559696286455,-0.7072951721789396,0.22562275704759216,0.29947118321915767
https://doi.org/10.5006/2923,-1.5841673541310193,1.4774393308461622,-0.3366672750688719,-0.8591410459404489
https://doi.org/10.5006/2804,-0.678501462682473,0.5551229024459459,-1.3510896584927552,-0.4196191194409117
https://doi.org/10.5006/3007,-1.3942517523299367,-0.4851965995407253,2.1740489049863863,0.7653922505612748
https://doi.org/10.5006/2922,-1.2809171922936118,-0.7644452835116964,-0.2342323267432171,0.23552797375183845
https://doi.org/10.5006/2927,-0.40842822725905964,0.7277768223116102,-0.09748403421440652,-0.4023736224451683
https://doi.org/10.5006/2900,0.4834290283936118,0.4843501184389336,-0.9181916099503787,0.6432281899281991
https://doi.org/10.5006/2755,0.9376600532994648,1.0446421873440608,1.0183910354215522,0.09906468321392309
https://doi.org/10.5006/2757,0.3079781995206291,0.36673316871147643,0.5035241425189587,-0.5793765804891468
https://doi.org/10.5006/2975,-0.9609436315670965,-0.661815408856241,-0.22861452365122878,2.2245626864973342
https://doi.org/10.5006/2605,1.3125473332957025,0.47931892499950635,-0.4692496812660055,-0.9215364833487967
https://doi.org/10.5006/2595,0.6997508062891208,0.5615807896380359,1.2642257658101854,1.645236575166148
https://doi.org/10.5006/3004,0.006341669441689845,0.34765134246710133,-0.3018414405264145,0.06494176974204913
https://doi.org/10.5006/2424,0.2934362457036459,1.3392383153588054,-0.6127462818202254,-1.0822553747448806
https://doi.org/10.5006/2688,-0.13674671528454296,-0.8053260319534976,0.22404565175606944,0.14596501301985537
https://doi.org/10.5006/2319,-0.04692842948315929,1.5237144532078326,0.33110903814445874,0.12545244078297146
https://doi.org/10.5006/2974,0.2678226064147406,-0.30393122876192286,0.4013310727700206,-0.8213605270048804
https://doi.org/10.5006/3092,-0.2821041613375606,-1.4260527970115946,0.4653248512015324,0.19429107901411005
https://doi.org/10.5006/2865,-2.0767134456981,-1.3408051230694062,-1.21584580474533,-0.01777995590773754
https://doi.org/10.5006/3031,-0.10684805067092629,-0.760657013140183,-0.11194085114228339,0.49139861929023176
https://doi.org/10.5006/2866,-0.984166696528907,-0.688597522224841,0.6703497098639464,-0.5817356829715494
https://doi.org/10.5006/2720,-0.3698712902128049,-0.9356835332445165,-0.38336744222015,-0.8847863948775887
https://doi.org/10.5006/3074,-1.2592859351021413,0.19457861831143,-0.8981171162766994,0.4933535796060462
https://doi.org/10.5006/2710,-0.8489201522009718,-0.762154515481736,1.386818819826045,0.2356490220055224
https://doi.org/10.5006/2776,-1.1996568181061855,-0.650190950405322,0.6858436135380996,1.9747415718510015
https://doi.org/10.5006/2883,-0.8958374720592691,-0.2821641842227553,1.1553355655697508,3.6223020510515433
https://doi.org/10.5006/2729,-0.1905984818717208,-1.1366133027186154,-0.18502218510290533,0.0969681758828766
https://doi.org/10.5006/2786,0.8017573170030441,-0.5606256655048876,1.7063868263376443,-1.309690838571534
https://doi.org/10.5006/2914,-0.2910274853492814,1.4250739796673835,-1.0652071408006507,-0.48105221834570855
https://doi.org/10.5006/2850,0.8147029624105318,1.3548093973755608,-0.30313143388122943,0.1346138769366038
https://doi.org/10.5006/3105,1.4071503902747264,1.8965570834257401,0.8674491465925065,-0.31638989423315483
https://doi.org/10.5006/2607,0.5233861961453143,-0.8338745373520647,0.729726683179469,-2.0535659238660555
https://doi.org/10.5006/2880,-0.17130101928592958,-1.4540603259167708,-0.1993729952020646,0.5679483283974054
https://doi.org/10.5006/2998,-1.5544253460521908,-1.3551357468451186,-0.8835686449127542,0.1545464002516391
https://doi.org/10.5006/2749,0.49119157827843607,0.1891606699242767,-0.0806377971587143,0.687821361145679
https://doi.org/10.5006/2748,-0.17222346518503587,0.71484021081636,-0.17457854574278864,-0.2401355985748107
https://doi.org/10.5006/2832,-1.8629793561655223,0.3214508956163185,0.281648265453225,-0.664090418426118
https://doi.org/10.5006/2805,-1.312486139261306,-0.4666871127378566,1.1302446304884477,1.6548471562464835
https://doi.org/10.5006/2817,-1.7727205799627186,0.5478622168537295,-0.11000701618554531,-0.8906354878977878
https://doi.org/10.5006/2913,0.42915485090865685,1.0546002227805444,3.525103353914147,-0.17809341162487552
https://doi.org/10.5006/2939,0.21756249208367975,-0.008342622935483223,-2.0991686665425235,-1.347208160915294
https://doi.org/10.5006/2966,-1.021175563027641,0.5145762745645787,-0.29344531111143274,-0.08854392749024062
https://doi.org/10.5006/2963,-0.8665329004415543,-1.5054420308849406,0.5380051746529022,-0.5189979046505088
https://doi.org/10.5006/2673,-0.1816983580589182,-0.5944012608864226,-0.5973295955827312,0.05070132379200729
https://doi.org/10.5006/2828,0.602759378172019,-0.6808406743693076,-0.586502076406653,-0.6176391254856999
https://doi.org/10.5006/2715,-1.5993790481394425,1.03701792211608,0.04752347181082803,-0.45335122471373734
https://doi.org/10.5006/2674,0.6469276887312163,0.1792915365129462,0.0002577384891409884,-0.07006272940620481
https://doi.org/10.5006/2675,2.7265125665747836,1.3908895397648708,0.741473779824131,-0.07698632425645097
https://doi.org/10.5006/3032,-1.3635294772218158,-2.4234139804226116,2.52475992025721,1.959594932639869
https://doi.org/10.5006/2859,-0.7018628204837295,0.36921242723030623,-0.4778443192657162,-1.2928922317201843
https://doi.org/10.5006/2692,1.0333127358817755,1.2641801388175988,-0.9544197332172231,-0.5089779382391834
https://doi.org/10.5006/2861,-0.20346347455301617,1.3289764378857032,-0.2154972140614185,2.657097486679986
https://doi.org/10.5006/2727,-0.894734093500155,-1.4570917860271533,1.414682170078253,0.884073452384573
https://doi.org/10.5006/2890,0.09619199395658554,1.7108015966448287,-0.2407970395815282,-0.7289591102792042
https://doi.org/10.5006/3017,0.6182761068536292,-0.7616461005039987,2.930868607780488,0.7548863886475236
https://doi.org/10.5006/2772,0.3017807347885552,-0.675869909354171,-0.6326934261888211,-0.7148034563450596
https://doi.org/10.5006/2925,-0.4250647067882062,0.29849780893029176,0.2128164319669757,0.49527191823264255
https://doi.org/10.5006/2964,-0.3641248834806504,0.06326391757403874,-0.030555663422432353,1.036187895264522
https://doi.org/10.1080/1478422x.2018.1511327,-0.37109684548561317,0.09320816416748924,1.9753672142924523,-0.2546234013219976
https://doi.org/10.1080/1478422x.2018.1511326,1.6935974488234598,-1.2529725778732415,0.9841019779029809,0.39671919554741697
https://doi.org/10.1080/1478422x.2018.1537157,1.4058165321435696,1.0169051889872491,-0.7944916860524087,0.22705624481744016
https://doi.org/10.1080/1478422x.2018.1483221,-0.2545266330596571,-1.4210960808064315,0.05590766022988595,-0.7709535616576089
https://doi.org/10.1080/1478422x.2018.1548098,0.8283491343611854,-0.7187257209356048,1.1146244374151886,-1.212003176682202
https://doi.org/10.1080/1478422x.2018.1556865,0.4364860618519796,-0.04204997754601432,-0.4621467348331465,-0.061921338144207874
https://doi.org/10.1080/1478422x.2018.1476818,0.5504912454952116,0.806703687676432,2.9609416913254054,0.08556734161459638
https://doi.org/10.1080/1478422x.2017.1396648,-1.2580846768161635,0.48298191401197654,-1.0883575545873372,-0.1795584628827581
https://doi.org/10.1080/1478422x.2018.1521590,0.6082188487498836,1.3813986308494028,-1.1795351356558943,-0.833577751475282
https://doi.org/10.1080/1478422x.2017.1394020,0.24068989067937577,1.564312417211991,-0.17373900918056928,0.19487592906174764
https://doi.org/10.1080/1478422x.2018.1558932,-1.0001839080194244,0.11869729273776447,-0.8983478205395666,0.7820736813043526
https://doi.org/10.1080/1478422x.2018.1459064,-2.185602337815482,0.9868036358359454,0.35350852712488706,1.244416412392455
https://doi.org/10.1080/1478422x.2018.1533677,-0.32418795061061567,0.1902273880266481,-0.8155912604861933,0.5420986241355104
https://doi.org/10.1080/1478422x.2018.1429701,0.47611799798850285,1.5826352562680641,-0.3363298586490272,2.613837380189098
https://doi.org/10.1080/1478422x.2018.1471250,-0.8651072891457463,-0.7107892793913346,1.6488260625020652,-0.17156768895686975
https://doi.org/10.1080/1478422x.2018.1500978,-0.7128903176108915,-0.6343336133373874,-0.05300478667290464,-0.355697364190285
https://doi.org/10.1080/1478422x.2018.1443991,-2.3075208723265277,0.5815749110581777,-0.8241784301574426,-0.9412019959190467
https://doi.org/10.1080/1478422x.2018.1521591,0.4456798858152254,0.7850468806841172,-0.3637788702070794,0.8387860033856934
https://doi.org/10.1080/1478422x.2017.1372246,-1.0114251745743625,-0.5194591840509469,0.0496606773538613,-1.481805966739913
https://doi.org/10.1080/1478422x.2018.1544742,0.8250318492783572,0.19700316015883979,1.1611817987780417,1.0713696992379071
https://doi.org/10.1080/1478422x.2018.1522087,-0.3573473243393302,-0.3723116093162658,-1.3599276637237698,-0.8358669228193157
https://doi.org/10.1080/1478422x.2018.1456633,0.21388157640799849,0.6881569838558127,0.7079773435726607,0.9998642686066309
https://doi.org/10.1080/1478422x.2018.1459063,0.22622932303492657,-0.7425297073972599,0.7391158025819172,0.923016865040836
https://doi.org/10.1080/1478422x.2018.1463009,-0.6550866842714579,-0.8793997225791755,0.8272300568612482,-1.192094882107327
https://doi.org/10.1080/1478422x.2018.1495679,0.4461030617284001,2.285850478478833,0.3946950477886623,1.2967443227751243
https://doi.org/10.1080/1478422x.2018.1511325,0.9911139340722308,-1.076277434694481,1.3154862746964127,0.44693785910688666
https://doi.org/10.1080/1478422x.2018.1443621,0.2788331192273974,0.9024334849753214,-0.18054194450820402,1.7230249113360696
https://doi.org/10.1080/1478422x.2018.1491111,0.16530397641788036,-1.1460149555521522,-0.6361865850815596,-0.20463133311709952
https://doi.org/10.1080/1478422x.2018.1525829,0.9569791587647475,1.3496270566353339,0.03702388602952081,0.43714348297106786
https://doi.org/10.1080/1478422x.2018.1467150,0.0006170319633739779,0.49072016124072687,0.5927915978375925,-0.5881841737370185
https://doi.org/10.1080/1478422x.2018.1432738,1.144941552585981,1.2601779914499946,-1.8780204576379589,-1.5946021024008272
https://doi.org/10.1080/1478422x.2018.1446582,0.14345379083461673,0.3789369655099273,-1.1377005566884126,-1.5544416735606188
https://doi.org/10.1080/1478422x.2018.1512222,-1.1920120198240518,-0.8855522431615227,-1.2340690573824953,-0.5357939603413396
https://doi.org/10.1080/1478422x.2018.1425178,-0.7020012129099865,0.4408165096316299,-0.6490817356581318,-0.11665354689393208
https://doi.org/10.1080/1478422x.2018.1436736,-0.40943549792409645,1.4710380608210993,-0.8028387787951433,0.6392899985352736
https://doi.org/10.1080/1478422x.2017.1374049,-0.832611607124148,0.4940309694624525,-0.6769777768605181,-1.2265087698065158
https://doi.org/10.1080/1478422x.2018.1499169,-0.1719891919160757,1.392557857616475,-0.24314415249877788,-0.5219551224551432
https://doi.org/10.1080/1478422x.2018.1505804,-0.7485810513637082,0.7143393920808897,2.143979242950508,-0.6373876036289128
https://doi.org/10.1080/1478422x.2018.1523291,-0.20813759279392371,-1.3231465132701457,-0.6544723968287387,0.41484098432192307
https://doi.org/10.1080/1478422x.2018.1473318,0.11499114128626778,0.06481628969364868,0.8139401083861715,-0.038212421525635566
https://doi.org/10.1080/1478422x.2017.1374051,-0.5114568625787898,-0.585613075254766,0.5530133456621887,0.4348737420868146
https://doi.org/10.1080/1478422x.2018.1495143,-1.4647403225978155,-1.092277306049702,0.43651455929220473,-0.7894555342500629
https://doi.org/10.1080/1478422x.2018.1496219,-1.0120764441044168,0.6957311386826261,0.832133820907557,0.6241817984694636
https://doi.org/10.1080/1478422x.2018.1519102,-1.3945781705395308,1.3640990360472973,0.5670550981918472,0.014253988654176503
https://doi.org/10.1080/1478422x.2018.1557914,0.10817257323584512,-0.384466579322671,0.898712519150732,0.6727204065568158
https://doi.org/10.1080/1478422x.2018.1450466,-1.108058625593498,1.0402297925894364,-0.563037950595838,1.3631539899797849
https://doi.org/10.1080/1478422x.2018.1474329,-0.20659890331975778,1.4365862850292657,-1.24553851298322,0.6251717915499208
https://doi.org/10.1080/1478422x.2018.1507335,-0.11048911035276622,1.5044251748198427,-0.17834982202626706,2.6948418723397056
https://doi.org/10.1080/1478422x.2018.1508398,-0.2843306386120095,0.22598251401038788,-0.5805423022247713,-1.1978293607931758
https://doi.org/10.1080/1478422x.2018.1540143,-0.07951068814757532,2.598660038934781,3.523273026913482,5.917660372915705
https://doi.org/10.1080/1478422x.2018.1544759,0.9884937818881661,0.42988064352415006,0.021403215003520895,-0.5534788689814369
https://doi.org/10.1080/1478422x.2018.1427845,0.553562193239431,-1.3335888214438112,0.49727423508250246,0.046151133918522845
https://doi.org/10.1080/1478422x.2018.1511328,0.6277074147987638,-0.14952255375770518,-0.09316542233983988,-1.1215592810317507
https://doi.org/10.1080/1478422x.2017.1389370,-0.417539295786755,2.08700906593423,0.28910856281591635,1.952960316744246
https://doi.org/10.1080/1478422x.2017.1420536,-0.08610091759522202,0.014580888283552905,-1.1316731085438831,-0.582346814168165
https://doi.org/10.1080/1478422x.2018.1516539,1.4915699396108888,-1.0347514889713414,0.41179682448314575,1.3235010281038964
https://doi.org/10.1080/1478422x.2018.1469328,-2.0582461358202817,0.985370675303873,-0.060625369131686084,0.007041687959643225
https://doi.org/10.1080/1478422x.2018.1542556,0.826833198804628,0.5851039313353918,1.171786966126444,-0.41194736677309185
https://doi.org/10.1080/1478422x.2018.1514133,-0.3021011427809434,0.8406162851712213,-0.23963263271495935,-1.238759863472348
https://doi.org/10.1080/1478422x.2018.1450921,0.22101485344714533,0.5047829804092656,1.1456750390242927,-0.35442457298429697
https://doi.org/10.1080/1478422x.2018.1470397,1.4741961448216643,0.776940806534189,-0.7040715585225699,0.9695330471146248
https://doi.org/10.1080/1478422x.2018.1517468,-0.49517357502017295,1.2101911158344427,-1.5589639408051181,-1.136114390146681
https://doi.org/10.1080/1478422x.2018.1523774,-0.18402523866721598,-0.9324948736873248,-1.371840993206357,2.3603790945271417
https://doi.org/10.1080/1478422x.2018.1459077,-0.6489218020353583,1.0340593759667418,-0.25285978218754923,0.3614733105497812
https://doi.org/10.1080/1478422x.2018.1495678,-0.1960942718713424,-0.8856727998909276,0.6545377781080625,-0.31648923822771075
https://doi.org/10.1080/1478422x.2018.1513619,-2.215522819480405,-0.4919024833642797,-1.1528146430775208,-1.526196043659814
https://doi.org/10.1080/1478422x.2017.1348089,-0.48719456674862127,1.493156644323537,0.4267548927516559,-0.19101234063455114
https://doi.org/10.1080/1478422x.2017.1370876,0.19871375415062953,-0.6582271692213351,-0.37271964143311087,0.22618218525893716
https://doi.org/10.1080/1478422x.2018.1523290,-0.1544080394112438,-0.4551386339071075,-0.8195209411507862,0.12342524449350144
https://doi.org/10.1080/1478422x.2018.1548410,-0.46037929678837564,0.7488042451539827,0.28042995833514556,-0.11205982619427302
https://doi.org/10.1080/1478422x.2017.1393245,0.4341100130038114,-0.2600121859516597,0.013650514688696564,-1.0650132848887304
https://doi.org/10.1080/1478422x.2018.1509812,0.061236845675144154,-0.20557606514086257,-0.4118600976924135,-0.5934599358334124
https://doi.org/10.1080/1478422x.2018.1527820,0.860239937139029,2.1723141336021037,-0.3926518178942866,-0.41192114983998684
https://doi.org/10.1080/1478422x.2017.1386018,-1.3505451198230702,0.05640856378661002,-0.06341745627520487,1.8860983094190718
https://doi.org/10.1080/1478422x.2018.1433106,-0.3970365348042857,0.6348483598584862,-0.7298985053175682,-0.6427269264719001
https://doi.org/10.1080/1478422x.2017.1370853,-1.2559039456956351,-0.38352487756601344,-0.9735221869221051,-1.6262911432768443
https://doi.org/10.1080/1478422x.2017.1377990,0.12453270463521673,0.5585192871446514,0.14697360318644412,-1.3049109864604644
https://doi.org/10.1080/1478422x.2018.1542550,-0.05618292678264063,0.9931350749693234,-0.27675740472917,-0.6495586249164202
https://doi.org/10.1080/1478422x.2017.1421447,0.5477520938170842,1.4483912717493757,1.156283346491191,-0.4640419526141238
https://doi.org/10.1080/1478422x.2018.1425602,-0.8832511339476593,0.39353385512581907,0.10264403538243481,1.0899975117669507
https://doi.org/10.1080/1478422x.2018.1511314,-0.013767510506784599,2.268418308723961,-0.35430155603425967,0.6861079287793892
https://doi.org/10.1080/1478422x.2018.1456634,-1.3038590302364614,-1.3946483124496096,0.6341981916168664,-1.409946333983561
https://doi.org/10.1016/j.corsci.2018.08.005,0.6385143945274158,-1.5682503337633684,-0.9750901754222869,-1.412547522919098
https://doi.org/10.1016/j.corsci.2018.03.002,0.7122326265653299,-0.8427894808346262,2.852454781167978,0.4867694738849275
https://doi.org/10.1016/j.corsci.2018.06.024,-0.2138345651674645,0.3267226325112183,-1.2068829443160989,-0.6158474216959912
https://doi.org/10.1016/j.corsci.2018.04.003,-0.22340509647612744,1.6034548971387321,1.0875388309369134,2.409200235441415
https://doi.org/10.1016/j.corsci.2018.02.044,-0.23242836606410652,-1.17923935693209,-0.27335232363864065,-0.35862536022845287
https://doi.org/10.1016/j.corsci.2018.08.047,1.5039886128226758,-0.7374448687899151,-1.2553726125854303,-0.4234575357218042
https://doi.org/10.1016/j.corsci.2018.02.047,-1.0210378559060576,1.7375303334339436,0.745740313921914,-0.1535735119250616
https://doi.org/10.1016/j.corsci.2018.02.025,-0.22662661577617657,1.3841423426221466,2.1439233910342224,2.376870834257696
https://doi.org/10.1016/j.corsci.2018.12.020,0.6781081517462144,1.0887366530568154,0.9714720962833298,2.0005522502709034
https://doi.org/10.1016/j.corsci.2018.04.034,-1.6526391963520952,1.4808126180693937,1.5412468442587144,2.1956729581794248
https://doi.org/10.1016/j.corsci.2018.09.004,-0.7319903021535943,0.312343208829462,-1.7093030694437548,0.8798925434705909
https://doi.org/10.1016/j.corsci.2018.02.008,-0.12150796030449253,-1.1492255266578943,2.660621213149442,2.0330235900305533
https://doi.org/10.1016/j.corsci.2018.03.019,-0.14372675586313396,1.350775897656747,-1.368473349579669,-1.3895870372147958
https://doi.org/10.1016/j.corsci.2018.05.033,-0.3065519376928577,-0.6741155617778163,2.312361424438869,1.2335535997830291
https://doi.org/10.1016/j.corsci.2018.07.009,-1.0789396947594752,-1.170165959812517,1.9408266300361816,-0.33330251745240536
https://doi.org/10.1016/j.corsci.2018.01.027,-0.14299026921596927,-0.8518872743798744,-0.40248267195386245,-1.0576827271775362
https://doi.org/10.1016/j.corsci.2018.11.019,0.47972058823958647,-0.23564304896990854,2.213958188446275,1.3633891611867537
https://doi.org/10.1016/j.corsci.2018.02.030,-1.6524804532800104,1.3524308445006887,-1.2487327958066965,-0.9040475705880808
https://doi.org/10.3390/cmd1010004,-0.03644848020551939,-1.4587004859012522,3.5043127819713593,2.0497839052005484
https://doi.org/10.3390/cmd1010005,-1.436875508540155,-1.8720903384714416,0.5628259530300791,1.8022964691568581
https://doi.org/10.3390/cmd1010002,-0.30752288380425713,1.120014984760692,-0.007341424688640134,-0.6639949783073886
https://doi.org/10.3390/cmd1010003,-0.8893278589527779,-1.935239680044943,0.6843427135143351,-0.13120866008239784
https://doi.org/10.1002/maco.201810377,-0.0819099738328862,-0.18217032313345027,-0.37647138504841626,-0.1762577795980913
https://doi.org/10.1002/maco.201810501,-0.0008186787158800872,0.34927405471447664,0.3176938015572756,1.3061659982952458
https://doi.org/10.1002/maco.201810252,0.9629232857647333,1.2344611399746541,-0.32592507022901174,0.1900996980484429
https://doi.org/10.1002/maco.201810263,0.9908014197789834,0.12469778973197863,0.9771934585856518,-1.6427198773710097
https://doi.org/10.1002/maco.201810442,0.4141043924520497,-0.022559810987752463,1.5764822764398274,-1.0804842096622957
https://doi.org/10.1002/maco.201709942,-0.9820948204936097,0.8046611886612135,-0.6391520118835372,0.3999026606142995
https://doi.org/10.1002/maco.201810293,-0.9572147341352567,-0.8229043763503322,-1.255036144097561,0.5956183128982261
https://doi.org/10.1002/maco.201810221,0.4997859014909085,-0.4433703686939979,-0.7679726503675822,-0.0060814601033609495
https://doi.org/10.1002/maco.201810161,0.3134193616330127,0.682637481563064,0.7019513499431307,-0.5199421842537777
https://doi.org/10.1002/maco.201709840,1.173895549840958,1.8673789034082808,0.24998663867222137,1.5832053323067872
https://doi.org/10.1002/maco.201810479,0.11214799180769305,2.292758577491522,0.9107538932353548,3.3596260954790176
https://doi.org/10.1002/maco.201810312,-0.32203229457962784,-0.1460628668948021,1.21120678052715,1.154024317876935
https://doi.org/10.1002/maco.201810366,0.46407287786353013,-0.510166003804744,0.13689528342323745,1.6587178189127816
https://doi.org/10.1002/maco.201810169,-0.8004628683884495,0.629825173841106,0.5513913656301723,-0.08982217289349131
https://doi.org/10.1002/maco.201810635,0.9838869846343918,-0.03837945272683124,-0.11630869379151629,-0.7579324778942162
https://doi.org/10.1002/maco.201810203,0.08335131898789615,-0.9850786243008737,-1.1217649034844859,-0.4051641776086734
https://doi.org/10.1002/maco.201810171,-0.19213701064175887,-0.8167891740013145,0.5021853975536167,-1.3700706922513035
https://doi.org/10.1002/maco.201810232,1.4505466737695882,-0.855108274501059,-0.4976807275928136,1.1753545134131813
https://doi.org/10.1002/maco.201810327,-0.1755426691746156,-0.09296025055731968,-0.1828798439979983,-0.22005251670764048
https://doi.org/10.1002/maco.201810542,1.1011922993610168,1.863296503614234,-0.959714715213072,0.0251218985616258
https://doi.org/10.1002/maco.201709908,-1.5354432579092305,0.7675873434117508,1.4395580654179208,-0.12637364229950937
https://doi.org/10.1002/maco.201810159,-0.1701788669513338,-0.2864217271823542,0.18981208911735903,1.3596941566437208
https://doi.org/10.1002/maco.201810310,-0.2750408693128684,-0.24808254680246694,0.9182317235018543,0.8886276758498173
https://doi.org/10.1002/maco.201810622,0.24135510682443387,1.0937289156456806,0.061181198481166925,-0.2559478106593233
https://doi.org/10.1002/maco.201810450,0.4562983445331765,-1.505978085177118,0.8377795946324839,-0.13005522041105683
https://doi.org/10.1002/maco.201709972,0.6490335866804644,0.3537158416872468,0.3159470547913522,-0.9632554028483307
https://doi.org/10.1002/maco.201810289,-0.7063402833108692,0.2575400525365903,-1.2716808224914298,0.7600546048704231
https://doi.org/10.1002/maco.201709709,0.5801846516846532,0.45779394268442597,-0.7913115262320323,0.3060581140153201
https://doi.org/10.1002/maco.201810397,1.4457842447980462,0.28707581835205825,0.03871753378101774,2.1906499916703996
https://doi.org/10.1002/maco.201810047,0.5413685909867884,-1.1448706980367789,-0.8963928732816514,-0.4089344654305606
https://doi.org/10.1002/maco.201810053,-0.06119989507971631,-1.2335124352517566,-0.1237054031033825,1.5282197653755105
https://doi.org/10.1002/maco.201709960,-0.10923459793853961,1.4421920505675638,-0.7541428113496178,1.1304921550887506
https://doi.org/10.1002/maco.201810156,-1.4737905931349164,1.7710913499193595,0.06760841760944933,0.5466567915560515
https://doi.org/10.1002/maco.201810568,-0.6079696173060827,0.6098875407719887,0.408263429992179,0.25881684503347097
https://doi.org/10.1002/maco.201810342,-1.825837724501574,-0.8863626055766929,-0.14703754675240863,-0.5584129665977495
https://doi.org/10.1002/maco.201810383,0.6299126623693354,-1.674873367296583,-0.5406845455928831,0.22626232661519113
https://doi.org/10.1002/maco.201810401,-0.7070484039627597,1.770004366064902,0.15096594403225724,-0.14828565448924946
https://doi.org/10.1002/maco.201810209,0.5888019146506632,-1.2965912617942459,0.3586052737194633,-0.43149485822361294
https://doi.org/10.1002/maco.201709896,-0.7414698863165122,-0.03128399399244649,-0.35642927981622885,-0.23264141742277214
https://doi.org/10.1002/maco.201810116,-1.4525864890958426,-0.2163043025451375,0.09819069169718811,-0.17005142540241916
https://doi.org/10.1002/maco.201709963,-0.3315326270653759,1.4476626845093825,-0.9775704751223558,0.6493570042489314
https://doi.org/10.1002/maco.201810362,-0.4455592749023018,1.2751089548672798,-0.9638239214779073,-0.28288540767671055
https://doi.org/10.1002/maco.201709827,-0.4556912134811512,-1.5445414621547169,0.37331393059506257,0.4154975609992244
https://doi.org/10.1002/maco.201810391,-0.03539771767547754,0.4832529674973797,1.282709846011411,-0.23296794326365053
https://doi.org/10.1002/maco.201810039,-0.4424258730337028,-0.9037475930086442,-0.8658911042348498,-0.6360911940017691
https://doi.org/10.1002/maco.201810380,0.30583270793651446,-1.114070419403203,0.46537609838896843,0.6207315238219033
https://doi.org/10.1002/maco.201810070,0.3494317295564294,1.958409223996096,0.5336367265071699,0.367329555131034
https://doi.org/10.1002/maco.201810148,-0.3507017956442345,-1.516709884023595,1.0254890787123074,-0.2931430419651581
https://doi.org/10.1002/maco.201810307,0.3899923714315049,0.6092216633849044,-0.04604370414454966,0.05778734651586792
https://doi.org/10.1002/maco.201810454,0.06687082722202474,1.3003907116185593,-0.40804366804660763,1.686328259407254
https://doi.org/10.1002/maco.201810036,-0.875368293107506,-1.2764082445175637,0.8337561957927306,1.559200977968221
https://doi.org/10.1002/maco.201709802,-1.0702359080183472,0.8749726866617697,-0.23947225661675878,-0.5504879773097796
https://doi.org/10.1002/maco.201709894,1.106624335039055,-1.5250840750976593,-1.7585601615438886,-0.04423383545979359
https://doi.org/10.1002/maco.201710005,-1.6343383598920873,0.6846082292074386,-1.0068838128987105,-0.6548003076162543
https://doi.org/10.1002/maco.201810108,-0.7316579501324825,0.33669651570043235,0.1465449521237049,0.7977296665696294
https://doi.org/10.1002/maco.201810170,3.098181756904444,0.4511978541960014,-0.7445403326659613,-0.46821778977701123
https://doi.org/10.1002/maco.201810125,1.3655136291148589,1.6117415148104217,1.5167701549923622,2.914872591975104
https://doi.org/10.1002/maco.201810306,1.145042050161351,1.3893118388607468,1.0491832834850154,-1.029527073339674
https://doi.org/10.1002/maco.201810485,-0.8636627645670394,0.5098684375152237,-0.2301746314971085,-0.11473671051676108
https://doi.org/10.1002/maco.201810201,0.3545586458757043,1.5362264072283374,-0.5952728965827098,0.19202207664574647
https://doi.org/10.1002/maco.201810438,-0.4515937554552616,-1.146189256048442,-1.1601188490432317,0.14182092105608643
https://doi.org/10.1002/maco.201810536,1.2415343376479782,1.3389768523890953,0.10031456707799938,-0.37628240848800343
https://doi.org/10.1002/maco.201709872,0.7483115547490714,1.1417126538977036,0.0687731683889843,2.859312189932662
https://doi.org/10.1002/maco.201709957,-0.383890447783317,-0.8444996957596532,-0.8798874624720536,-0.8313847468540779
https://doi.org/10.1002/maco.201810222,-1.100583400754047,-0.9124259667920066,-0.4766719509855156,-0.08832551887896134
https://doi.org/10.1002/maco.201810119,1.4944140150855982,1.3310498932614694,1.6097549720006188,-0.7186727696236045
https://doi.org/10.1002/maco.201810457,0.8920562971705404,-1.0880554676116998,-1.2952777735700791,-1.3118616961020058
https://doi.org/10.1002/maco.201810566,-0.17876646236655436,-0.35894782502914135,-0.8640688739490344,-1.6638537551265904
https://doi.org/10.1002/maco.201709945,-0.15477871692642856,-1.1371447638716652,-0.38395969477423986,0.6622270521858398
https://doi.org/10.1002/maco.201709995,-1.403800027646528,-0.4132696275589074,-0.2717475793484334,-0.13283126200987072
https://doi.org/10.1002/maco.201810477,0.25100784016912087,-1.7533532540370302,-1.3987457859983576,1.4249020512603687
https://doi.org/10.1002/maco.201810302,-1.1996016108028753,-1.0934345756732602,-0.6147647054296834,-0.39800092065240034
https://doi.org/10.1002/maco.201810300,0.6352814229933732,1.0695882369319842,-0.7453730098554869,0.18925377207395488
https://doi.org/10.1002/maco.201810423,-2.03501430658265,0.9734666508229461,-0.6962945865464043,-0.9346827519921329
https://doi.org/10.1002/maco.201810208,-0.9890380916847779,1.1396127271791316,-0.19730301796073102,-0.05547891035588837
https://doi.org/10.1002/maco.201810206,0.08279052058266863,1.7951228947437334,0.5572039630111669,0.3812641816060728
https://doi.org/10.1002/maco.201810456,0.3147090487569842,1.1257875371728714,-0.48777949166813256,1.791652192012582
https://doi.org/10.1002/maco.201710014,-0.38701777222741196,-0.3214910765787164,3.2568224523790343,-1.0450635628811409
https://doi.org/10.1002/maco.201810173,0.5501805553779114,-0.9395926190531103,0.7330205894514218,1.314864423997161
https://doi.org/10.1002/maco.201810358,-0.11625812522348264,-0.47987672623823535,-1.0037815771062322,-0.4222729802841227
https://doi.org/10.1002/maco.201810436,0.4501748729402203,0.9080356334342228,-0.31618648174657465,-1.157816115769013
https://doi.org/10.1002/maco.201810582,0.7521477603175792,2.2438377298119874,1.5165782490136301,1.8150769755214227
https://doi.org/10.1002/maco.201709925,1.6012940505189184,-0.3211706682753138,-0.0853471642270744,2.225269195545954
https://doi.org/10.1002/maco.201810072,-1.9628504106110287,-0.6971475710325314,0.31300353223117683,-0.019555270593465915
https://doi.org/10.1002/maco.201810237,0.03470105670856455,1.3683604473053037,0.9604795112528047,1.1828353614186227
https://doi.org/10.1002/maco.201810299,-0.25643954818706505,-0.9964527306652908,1.0813853478247604,-0.11055717659949177
https://doi.org/10.1002/maco.201810356,-0.9733016022698651,-0.12803648577073526,-1.5662865801005004,-1.756396354146407
https://doi.org/10.1002/maco.201810552,0.6494996552831072,1.968639897348149,0.8037219430521053,-0.7560248326058103
https://doi.org/10.1002/maco.201709984,-0.15372422950722453,-0.7293947841605338,-0.8278685221617637,0.12176785382346345
https://doi.org/10.1002/maco.201810660,-1.2718174111237648,0.950273430545498,-0.49701916031515325,0.6673088748189332
https://doi.org/10.1002/maco.201810215,1.8872513729455642,-1.448894298235359,-1.605436538727301,-1.4695722695191145
https://doi.org/10.1002/maco.201810121,-0.7635361328038829,-0.40607917475979444,0.44986365372731174,-0.9785899576898325
https://doi.org/10.1002/maco.201810395,-0.48608889694043816,-0.4950419959132095,0.05404434142546456,-0.1468237137440853
https://doi.org/10.1002/maco.201810174,-0.19628826547081554,-0.41745979244340364,0.4476256802898613,-0.8664302586006308
https://doi.org/10.1002/maco.201710016,-0.729935457938786,0.08477088296279607,-0.14407256926563985,0.2898052841598414
https://doi.org/10.1002/maco.201810337,-1.6429778841614349,-0.47248264314029426,0.5321066551741508,-0.026141684971553857
https://doi.org/10.1002/maco.201810147,0.339969690857747,0.1645482251936101,-1.0066820614641754,-1.4654059614906916
https://doi.org/10.1002/maco.201810367,1.0014566218461658,-0.5837701428831996,2.6222825575722197,-0.1376414290500075
https://doi.org/10.1002/maco.201709947,-0.024002079745740024,1.8859588193844379,1.420388425589338,0.47996123764387755
https://doi.org/10.1002/maco.201709674,-0.6718270038174835,-0.7557690309687427,0.9779359621951487,2.8111119367702626
https://doi.org/10.1002/maco.201709892,-0.7060979521862505,-0.985274404032083,-0.42789233616226574,-0.4999649290766356
https://doi.org/10.1002/maco.201810318,-0.06605695541432707,0.33356506563055754,-0.26054038962416604,0.9126233668724786
https://doi.org/10.1002/maco.201810094,1.4675587721049765,-0.39385779970857004,-0.6422945222890138,0.630668108579669
https://doi.org/10.1002/maco.201709876,1.88011681872525,1.7239385424690012,-0.1971037851118077,1.5593378005000547
https://doi.org/10.1002/maco.201810487,-1.2145699356993087,1.554718573535901,-0.7990635285130867,-0.11648340672729637
https://doi.org/10.1002/maco.201709770,-0.4620437389975712,0.7544984811467236,0.38897937421893697,-1.48737794964481
https://doi.org/10.1002/maco.201709992,-1.5831397291320815,1.2166468500204959,-0.44977542110313473,-0.7217694815148796
https://doi.org/10.1002/maco.201709969,-0.337487854762944,-1.0184036628403974,0.476924354566757,1.2769824151548907
https://doi.org/10.1002/maco.201810462,0.7106114800410677,1.35576783107943,1.248839582685797,0.1640394311004806
https://doi.org/10.1002/maco.201709949,1.716545832656462,-0.8305838139775664,-0.01515878209987108,0.1502242023697711
https://doi.org/10.1002/maco.201810123,-0.3721148611969734,-0.4335881639706088,-0.9171239342885327,-0.45928596990919407
https://doi.org/10.1002/maco.201810317,-0.5381741021683148,-0.013573344337943825,2.8457896073768465,2.5871448362524307
https://doi.org/10.1002/maco.201810580,-0.630227991517955,1.61815951506052,2.812413653404111,2.3482133396929514
https://doi.org/10.1002/maco.201810109,-0.7261422683125556,0.08666020989084956,-1.04832282865196,-0.3584383695115574
https://doi.org/10.1002/maco.201810182,-1.3093981077568955,-1.470270192072211,-0.2893663990501792,-1.1995467522477379
https://doi.org/10.1002/maco.201810150,0.7720902682374091,-0.3742582643692335,1.4641990980195965,1.41387921881351
https://doi.org/10.1002/maco.201810557,-0.16067837604435556,-0.6311609611821596,-0.1960398611137298,-0.06143990440091678
https://doi.org/10.1002/maco.201810385,-0.9773125981908144,0.49638395380119105,0.7299384135248532,0.021208906851408256
https://doi.org/10.1002/maco.201870011,-0.47057112113036115,0.4744383598428841,0.37138870739891194,-0.18264464646439976
https://doi.org/10.1002/maco.201810407,0.27648717002947815,-0.48014515075846276,-0.46203245982363933,-1.0749938175591698
https://doi.org/10.1002/maco.201810636,0.06071721239729761,-0.9586357976903025,-0.06117698913894121,-0.3667697591414338
https://doi.org/10.1002/maco.201810049,0.5754538240107379,-1.1440636480275403,-0.23067962802893865,0.6200095558705151
https://doi.org/10.1002/maco.201810086,-0.9754088282055303,-0.6967632942062785,-0.7482144953663119,-0.39146895283424055
https://doi.org/10.1002/maco.201810424,-0.041582840062019476,0.5660573843287043,-0.3622635045424283,0.33195485214426085
https://doi.org/10.1002/maco.201810326,0.17848518295552654,-1.3156916269904297,-0.11251374046381424,-0.9188901403100442
https://doi.org/10.1002/maco.201810493,-1.7054208503278463,0.4942371181836453,0.06324188712308468,-0.8520465421498388
https://doi.org/10.1002/maco.201810420,1.1100144657425437,1.5710957764760942,-0.1788118821989018,-0.10062453305011877
https://doi.org/10.1002/maco.201810386,0.41703051416637077,-1.147185330115536,0.40325496015369455,-1.7314145014411562
https://doi.org/10.1002/maco.201810098,-0.5197752624374975,-0.8045781165261802,2.113751424071582,-1.2992267154214152
https://doi.org/10.1002/maco.201810113,-1.6367516688640305,-0.40885221375853803,0.43710522321220086,-0.9630394210783657
https://doi.org/10.1002/maco.201810278,-0.15496322148157685,1.4284539056118166,-0.19982293348680424,-1.3811352814059585
https://doi.org/10.1002/maco.201810218,-0.878893923341596,0.48028981755186795,0.0036864806275237983,-0.3025603914467677
https://doi.org/10.1002/maco.201709836,-1.581890332873995,1.3013411739448504,-1.2324630764782651,-1.349086620686624
https://doi.org/10.1002/maco.201810085,0.14057768977063484,-0.813072412035402,3.2585359892605683,-0.08246308669840387
https://doi.org/10.1002/maco.201810132,0.2574228678169462,-0.583025554099733,-0.15743044884458052,-0.7382470432161267
https://doi.org/10.1002/maco.201810153,0.7207633101180771,0.21001142760019975,1.7419423161991974,-0.8518167813093972
https://doi.org/10.1002/maco.201810419,0.5065200224439785,0.7564267309674828,0.7962221639844437,0.260207853315627
https://doi.org/10.1002/maco.201810514,-2.0008968562932394,0.5331649978204676,-0.606226872206274,0.974188142269686
https://doi.org/10.1002/maco.201810554,0.4229423605721019,-1.1085659261496221,1.2607107211646003,-0.4269970389520511
https://doi.org/10.1002/maco.201709722,-0.2001970140556162,2.254344283259666,-0.41250015182188216,0.00490159392809881
https://doi.org/10.1002/maco.201810134,1.0979561670268967,-0.5337005566190085,-0.5131735832709363,-1.644941510264213
https://doi.org/10.1002/maco.201810480,-1.8769179939289373,1.3115800579727661,-1.2754677766557188,-1.106956414154723
https://doi.org/10.1002/maco.201810425,-0.010605609404959608,0.8843094860257201,0.2913299132807951,0.4568941173410843
https://doi.org/10.1002/maco.201810486,-0.20223365268454724,-1.3349283055033172,0.6867648189889756,-0.9994777603045779
https://doi.org/10.1002/maco.201810382,-0.31383880296826067,1.093146406628481,-0.04867019281989266,0.006651365689062658
https://doi.org/10.1002/maco.201810165,1.8948908224086762,1.700412369917603,1.4759936721572724,1.8867717872109118
https://doi.org/10.1002/maco.201810136,0.3846702037296827,-0.9435268149068373,0.8153324870598091,-0.4682881036843199
https://doi.org/10.1002/maco.201709878,-0.6434834032199085,0.24939107395923868,-0.5736691998699397,-1.5411365997798505
https://doi.org/10.1002/maco.201810160,0.5636842317958949,0.7022043831304355,0.31144318077659705,1.4262996438414624
https://doi.org/10.1002/maco.201810259,0.436621772321454,-1.0630755408010795,-1.077686521008802,-0.21966073301365469
https://doi.org/10.1002/maco.201810277,0.08989851457008322,0.8504701396906298,0.20714050575855586,0.992846299462347
https://doi.org/10.1002/maco.201709820,-1.5644496787502733,0.9014886346333146,1.0222281514087421,0.32036766108942694
https://doi.org/10.1002/maco.201710017,-0.8256496183859164,0.6150393041181933,-1.1190651720684182,1.1630750425010665
https://doi.org/10.1002/maco.201709950,0.3715860386012012,0.08413329894662507,-1.789700125637731,-1.1032915327685573
https://doi.org/10.1002/maco.201810495,-1.4117591018258913,0.5552606130234713,0.31294587400308366,-0.1547942680957145
https://doi.org/10.1002/maco.201810502,-0.41466775943135337,-0.36482684716812747,0.20953718381897507,-1.5567105729353827
https://doi.org/10.1002/maco.201810565,-0.4300563520811104,0.9616227302725749,0.7063850499021621,2.679192576503725
https://doi.org/10.1002/maco.201709980,-0.14186712577322183,1.9176033029378479,-0.052183493310603894,-0.4272153784996991
https://doi.org/10.1002/maco.201810155,0.5388270413067744,0.3620373185971575,-0.19955262536591917,-0.19319623933497357
https://doi.org/10.1002/maco.201810151,1.6674910042661424,1.4870496903071215,-0.560815646819092,1.3481395638929445
https://doi.org/10.1002/maco.201810199,-1.020234065724672,-0.6255463528923115,-0.14200477289201197,0.450025004583588
https://doi.org/10.1002/maco.201810413,-0.9056099490564306,-1.4263046797886154,0.1751013259893252,-0.37854318877254134
https://doi.org/10.1002/maco.201810441,-0.21446335329746807,1.2528730649914739,-0.7937588338480923,-1.0235991522343695
https://doi.org/10.1002/maco.201709996,-0.03515047878509548,-0.19147599303386326,-0.8977015755446657,2.6652544275097343
https://doi.org/10.1002/maco.201810248,1.0874111570395502,-0.7924912292051799,0.061522067379527,-1.1409583332667217
https://doi.org/10.1002/maco.201810042,0.03568363864548623,-0.8776384235401767,2.2638517043154938,0.23560015142878998
https://doi.org/10.1002/maco.201810543,0.4517849590006841,-0.9955401716154673,1.1680650968619146,-1.134039340485739
https://doi.org/10.1002/maco.201870074,-1.2814343757184679,-1.0351519575335555,0.23552310302723456,-1.100227242524595
https://doi.org/10.1002/maco.201870111,-2.5591681353566207,-0.9585294319584168,-0.4050467935161653,-0.7881250208533235
https://doi.org/10.1002/maco.201870041,-0.9966816256202383,0.4422738431143646,0.3553066304368748,-0.36504959549743937
https://doi.org/10.1002/maco.201870071,-1.2981752851772905,-1.2475849274745445,0.0024965228722540487,0.6937415900947084
https://doi.org/10.1002/maco.201870021,-0.4597654535640383,-0.6610442377975603,-1.4426744258411925,-1.0796367655862544
https://doi.org/10.1002/maco.201870101,-2.190286246750723,0.202658689900206,0.33412109758169156,0.17218340398385268
https://doi.org/10.1002/maco.201870091,-0.8485041117492098,-0.8394562545844749,0.6515576607680416,-0.04604707592905814
https://doi.org/10.1002/maco.201870031,0.03151439223727938,-0.19910511294930347,0.4993305609195792,-0.5393411984983737
https://doi.org/10.1002/maco.201870121,0.0008760750098127723,-0.026868737680225588,1.5921473836952735,0.9499733437269767
https://doi.org/10.1002/maco.201870051,-0.16190867810034834,0.4323447249570258,-0.005585295147878177,-1.4719988156247636
https://doi.org/10.1002/maco.201870081,-1.2981752851772905,-1.2475849274745445,0.0024965228722540487,0.6937415900947084
https://doi.org/10.1002/maco.201870061,0.802225380479815,-0.23938796578137417,-0.6277552913441666,-0.8923165011180991
https://doi.org/10.1108/acmm-12-2018-2042,-0.021396597297083025,0.4957920278124727,1.1538365407823714,-0.8334112772490969
https://doi.org/10.1108/acmm-07-2018-1964,1.184870264178629,0.37162633389375155,-0.18710516877046668,-1.7905678328627246
https://doi.org/10.1108/acmm-10-2018-2016,-0.012492762608366206,-0.9964353877149302,0.010871202192360678,-1.3912305347359437
https://doi.org/10.1108/acmm-10-2018-2018,0.41432434068726354,-0.160148125519693,-0.1416253546826738,0.5515254611459258
https://doi.org/10.1108/acmm-06-2019-2131,-0.0267874616299977,0.003341781434217751,-0.1409469679921509,0.11812463625390228
https://doi.org/10.1108/acmm-10-2018-2009,-0.49239405730712116,0.3047852222438024,-0.7436479315972664,-0.9124783711931511
https://doi.org/10.1108/acmm-02-2018-1906,0.22685810122769368,-0.2151666418678032,-0.3864523928680081,-0.10053298923441754
https://doi.org/10.1108/acmm-01-2019-2056,0.41882090753121826,-1.6079598617123032,-1.0096110076083462,-0.2284977670144337
https://doi.org/10.1108/acmm-06-2019-2146,2.287179582631683,0.9928338264319652,-0.5008027508260335,-0.7222032772225344
https://doi.org/10.1108/acmm-12-2018-2045,0.8088392306517554,0.17797778969599937,-0.0013422184457463732,-0.509286574983371
https://doi.org/10.1108/acmm-08-2018-1986,-0.5618436619343223,-0.9699765738485359,1.94210677951113,-0.5840620544899969
https://doi.org/10.1108/acmm-01-2019-2065,0.11836773707262212,0.8409337878543518,-0.05128656042176281,-0.6707143990873794
https://doi.org/10.1108/acmm-01-2019-2070,0.6650435750239502,1.0199862405660574,-0.4361009922848506,-0.8963829745862794
https://doi.org/10.1108/acmm-11-2017-1858,0.02004075444864069,-1.2465884303563115,1.2916116666820432,-0.04340343701804698
https://doi.org/10.1108/acmm-02-2019-2082,1.052566268236685,1.4347030046908391,-0.6053566685279408,0.1871034321467354
https://doi.org/10.1108/acmm-05-2019-2128,0.20695790203017952,0.37014563351050384,-0.07696758645552525,-0.7173348368696025
https://doi.org/10.1108/acmm-08-2018-1992,0.6452660194014467,1.2749631656588813,-0.2391068344964736,0.8603641314659245
https://doi.org/10.1108/acmm-10-2018-2013,-0.4439240225917885,-0.9201954604677117,-0.3547831927934873,-0.41589677890458016
https://doi.org/10.1108/acmm-04-2018-1921,0.37710202149669675,-1.459595767361811,1.5626497495895446,-0.8089511521649978
https://doi.org/10.1108/acmm-06-2018-1953,1.2546777702328498,-0.02510667093631095,-1.2441865630831477,-1.0824457185982879
https://doi.org/10.1108/acmm-10-2017-1856,-0.08623228411393069,-0.43226991665752873,-0.655718632155085,1.0592141400461215
https://doi.org/10.1108/acmm-07-2017-1816,0.7258699382167568,-0.4524870644896991,-0.33353705462140415,-0.5162389959336401
https://doi.org/10.1108/acmm-03-2019-2086,-0.8998766002137762,-0.04445556078022579,-0.9192426978095334,-1.1866718778675072
https://doi.org/10.1108/acmm-04-2019-2107,2.2864582371928126,-0.8033068393661207,-0.7293791029743442,-1.0961087884191403
https://doi.org/10.1108/acmm-09-2018-1996,0.5018548246388449,-0.577910906168787,1.0410393598332037,1.2549019025544792
https://doi.org/10.1108/acmm-01-2019-2074,0.7395914440537079,0.5097670953087857,-0.4159245711271891,-0.7690827792029017
https://doi.org/10.1108/acmm-01-2019-2054,-0.4775835243580513,0.3083478759026936,0.08478526136616618,0.21166545243364093
https://doi.org/10.1108/acmm-07-2018-1976,0.590451937202232,-0.3659526237326634,2.4757195641413374,0.6578435895864706
https://doi.org/10.1108/acmm-09-2019-2176,-1.0371170628504351,-1.0522228692671274,-0.022723890737655284,-1.05254444819957
https://doi.org/10.1108/acmm-03-2019-2100,-0.28748382567966463,-0.7392612650589393,0.7108983856707143,-0.3645845511216352
https://doi.org/10.1108/acmm-03-2019-2092,0.3488549525483123,1.2758929932594498,0.45775403561118255,-0.17844268334201507
https://doi.org/10.1108/acmm-10-2018-2005,0.5399478204020232,0.46892983875660216,-0.588057966743963,-0.6831346380266601
https://doi.org/10.1108/acmm-03-2019-2095,0.6042686414430225,1.0537810216499661,-0.7096171033267831,0.957556185566397
https://doi.org/10.1108/acmm-09-2018-1993,-0.7577253085909882,-0.29389191717319335,-1.0834607978833084,-0.9431034627087961
https://doi.org/10.1108/acmm-01-2019-2053,-0.917212873399606,-0.8896512897683054,-0.37382342375647876,-0.6611774318132151
https://doi.org/10.1108/acmm-05-2019-2119,0.6635463999320405,1.5398771721760467,0.03147723313262445,0.8921945406454497
https://doi.org/10.1108/acmm-10-2018-2023,-0.2856673895368237,0.23922440391518102,-1.1568250036941508,-0.9227226023108213
https://doi.org/10.1108/acmm-01-2019-2066,2.0244141594071507,-1.199398897023073,-1.4668770367701094,0.5625275315765551
https://doi.org/10.1108/acmm-09-2017-1836,-0.2580969645667716,1.5824176939687347,0.29126226540768135,0.19329327796957885
https://doi.org/10.1108/acmm-03-2019-2090,1.2248703205501439,0.6697185950821183,1.9706637427367977,-0.07082260844017674
https://doi.org/10.1108/acmm-06-2018-1960,0.9595186617140501,-0.905006346523087,-0.8151341019741415,-0.5521905406930258
https://doi.org/10.1108/acmm-12-2018-2051,1.262947266634203,-0.478257943132057,-0.4472483765975706,-1.680657666665421
https://doi.org/10.1108/acmm-01-2019-2061,-0.09755094017926817,0.6708267516899535,-0.1920663120908845,0.24124038818390736
https://doi.org/10.1108/acmm-09-2017-1846,0.07469791802839963,-0.12140272271577542,0.07793527622988743,-0.014973882118355562
https://doi.org/10.1108/acmm-08-2018-1981,0.17624054956125051,0.6180778087521129,-0.08458949395152085,1.162667406047604
https://doi.org/10.1108/acmm-09-2018-2003,0.3243294449091929,1.071521884021774,-0.5716425905360716,0.021241100611329042
https://doi.org/10.1108/acmm-08-2018-1988,-0.09573303680488082,-0.5431795002867599,-0.41534618746543855,-1.2849113854117307
https://doi.org/10.1108/acmm-02-2019-2083,0.3411448228416141,-0.55663683447768,-0.9424018853344701,0.6388304927715983
https://doi.org/10.1108/acmm-04-2019-2113,0.7991008974636138,0.2536028655220219,-0.40843160138249274,0.47462413085730576
https://doi.org/10.1108/acmm-01-2019-2055,0.5131202114175272,-1.0264329464367499,-0.9182527616060177,-0.6239719570266911
https://doi.org/10.1108/acmm-08-2017-1826,0.004769493910467365,-1.2696514029878676,1.2977812684207053,0.1411639141532019
https://doi.org/10.1108/acmm-03-2019-2087,0.828469409014684,1.5994550795310511,-0.2662964558743927,-0.1694335061387981
https://doi.org/10.1108/acmm-03-2019-2094,0.5414714688768782,1.2125672783671442,0.5578840851448287,-0.41818475545302347
https://doi.org/10.1108/acmm-09-2018-2002,-0.8217054495558367,-0.4861398323728336,-0.339493060108749,-1.5705174521446457
https://doi.org/10.1108/acmm-05-2018-1947,-0.28771064656912004,-0.7031899348332685,1.1743591229290302,0.26981343981032235
https://doi.org/10.1108/acmm-10-2018-2007,-0.12169876885536456,0.24672679708065987,-0.15445999525103074,0.2372719528501176
https://doi.org/10.1108/acmm-03-2019-2102,0.7856608173245281,-1.6378975051886646,0.6139312658720066,0.6470595609183836
https://doi.org/10.1108/acmm-10-2018-2015,-0.8338214017989096,-0.016164025135391665,-0.6378849566464029,-1.1410182227893828
https://doi.org/10.1108/acmm-11-2018-2034,2.829134661748955,0.3202390876806231,-0.5523221890581039,-0.1279935652064569
https://doi.org/10.1108/acmm-02-2019-2081,0.6462453669302625,1.6142704852132252,-0.7074219913617072,-0.900863732990865
https://doi.org/10.1108/acmm-11-2018-2026,-0.6511466879088117,1.4964176351386278,0.41765626786399257,1.043345453095859
https://doi.org/10.1108/acmm-12-2018-2046,2.22307982217634,-1.0897194665558279,0.7442854505912627,0.30141720755698126
https://doi.org/10.1108/acmm-07-2018-1974,-1.1440843617597385,1.442724333037691,-0.24976374583223693,0.04588510224304326
https://doi.org/10.1108/acmm-10-2018-2011,1.3429952943123944,0.5451100265433664,1.0555220427766843,-0.3366644219011469
https://doi.org/10.1108/acmm-08-2018-1982,0.12709974635848312,-0.9109176237855386,-1.4147687443816372,-1.3733885289490335
https://doi.org/10.1108/acmm-02-2019-2079,-0.41899462148166083,0.2699919308517074,0.7752869535520621,0.5765494431199238
https://doi.org/10.1108/acmm-09-2018-2001,0.256866656271426,-1.0690699011897369,-0.7038477655236909,-1.289615566185584
https://doi.org/10.1108/acmm-01-2019-2057,1.110598138885112,0.27610272752027404,-0.3867784050387666,-0.19697999704179384
https://doi.org/10.1108/acmm-02-2019-2075,0.25110417175147903,0.3722765519928539,-0.486403616821769,-0.6062384776348865
https://doi.org/10.1108/acmm-11-2018-2035,1.4693802074200963,-0.5619797743748031,-0.46844791529412694,-0.9849720648020239
https://doi.org/10.1108/acmm-04-2019-2111,0.07707308449024174,-0.11235172995614812,0.822850477754508,0.09821659384708357
https://doi.org/10.1108/acmm-04-2019-2105,0.5794829966207995,-0.9846366886094269,1.077137868313341,-0.6830113087361007
https://doi.org/10.1108/acmm-05-2019-2125,0.4992214914005693,1.1535175665553792,-0.3911426466935811,0.9012708818859818
https://doi.org/10.1108/acmm-07-2018-1972,-0.29142322419252387,-1.6263429132474936,-0.9323862367403003,-0.4480273749746088
https://doi.org/10.1108/acmm-12-2018-2043,-1.563058322313708,-0.7741086795074371,-0.25522707605950795,-0.665338560412072
https://doi.org/10.1108/acmm-03-2017-1771,-0.16291497822843695,1.6610900584779669,-0.6926135769869072,-0.7181531313965827
https://doi.org/10.1108/acmm-12-2018-2040,0.36545999978545474,-0.8352505523604092,-0.3433083733076719,-1.1549542806519162
https://doi.org/10.1108/acmm-11-2018-2037,-0.7266746546866687,-0.5496417111379677,0.4967283856319879,-0.5403563633741001
https://doi.org/10.1108/acmm-08-2018-1984,0.14869639845608332,-0.5653237205868735,-0.6876970207741737,-0.47090750515553087
https://doi.org/10.1108/acmm-11-2018-2029,-1.1129157509924772,-0.10426759888358256,-0.21245538130371985,-0.1760659288033375
https://doi.org/10.1108/acmm-12-2017-1879,0.8369566706349015,0.8232841503153618,-1.515979633608416,-0.908580003628888
https://doi.org/10.5006/3355,-0.442596708340045,-1.4269243599089387,0.4159738165445309,1.1558964353465635
https://doi.org/10.5006/3336,0.10916802807142924,-1.939088892398255,0.03070160921658948,-0.059887169620143316
https://doi.org/10.5006/3282,-0.7547180908073992,-1.6259949421245137,0.6836793588070633,-0.16283456967725748
https://doi.org/10.5006/3050,0.396236149991027,-0.8177317598549226,0.021381197369068936,-1.150235486640634
https://doi.org/10.5006/3111,-1.0616126964403372,0.8092436912448528,0.9014388314591227,-0.7275122225936967
https://doi.org/10.5006/3110,-0.9650843246676787,0.3808327814027793,2.310818393983505,0.870872599871508
https://doi.org/10.5006/3308,-0.8446021052626803,0.29222492181615933,1.2530704781999356,-1.2056092855244882
https://doi.org/10.5006/3397,-0.5816613968396294,-0.8180875450487034,0.4222157514158911,0.6373384342458257
https://doi.org/10.5006/3233,1.8842400076977746,0.09967033982979778,0.9729716361486532,0.5114416731034527
https://doi.org/10.5006/3369,0.2308363263706946,-1.1204658288308327,0.9882914403565639,-0.07547621718650455
https://doi.org/10.5006/3118,-0.20345661156240227,-0.18735409623966517,-0.2889227216218267,-1.1753601921229173
https://doi.org/10.5006/3211,-1.213011464948116,-0.9168923843480855,0.7299836832932195,0.6520439328331173
https://doi.org/10.5006/3290,0.2081337880842334,-0.2207400633577679,0.4599692878206503,-0.28633827513756244
https://doi.org/10.5006/3195,0.01243916230661781,-1.3441907052239066,-0.3255011974977481,-0.8692088561328387
https://doi.org/10.5006/3223,0.6702101715840577,0.7987222908149372,-0.295567012999338,-1.7182466055142385
https://doi.org/10.5006/3097,-0.42831345760791834,0.5196297910415937,0.06033470479020752,-0.19470819539285578
https://doi.org/10.5006/3119,0.6902075413063845,-1.767353646556754,1.2190395650964359,0.7060199469504241
https://doi.org/10.5006/3139,-1.2683851556294998,2.255337430088949,0.3702530775744553,2.7675784626033617
https://doi.org/10.5006/2765,-0.21064525797989,0.7116260755504961,-0.4301004013231933,0.0014580017499454593
https://doi.org/10.5006/3054,-1.1341784914337332,1.396096456214306,0.6401612344776247,-0.589268744468802
https://doi.org/10.5006/3168,0.19397137760626665,-0.857745495126999,-0.05542022162005877,-0.0007991698755730229
https://doi.org/10.5006/3318,-1.0631333844647606,0.8182113257459948,-1.0954020563236202,-0.15059367408995067
https://doi.org/10.5006/3192,0.1911395742086906,0.24580604794596866,1.1406016217186405,0.47959026464749355
https://doi.org/10.5006/3085,0.5116491537247209,-0.5132041379495884,1.5032751580411634,0.8542566092805013
https://doi.org/10.5006/3060,-0.01786551060671507,0.697716203080021,-1.253454738578168,-0.5695637040765135
https://doi.org/10.5006/3028,-1.376624096270713,-1.0385533889817267,0.37057668779266983,0.10850195632755752
https://doi.org/10.5006/3104,-0.04228797684804417,-1.2959971330865718,-0.7903407597221414,-0.3160451276228279
https://doi.org/10.5006/3310,0.22035475150570047,1.3883905765153883,-0.47219966328850227,-0.08350683295949994
https://doi.org/10.5006/3403,-1.3162092980001678,-0.7509417913218138,-0.5657356439431822,-0.36865063215330074
https://doi.org/10.5006/3000,1.4137821022534776,-1.7195002053471387,-0.6180264217869712,-1.3034277855235779
https://doi.org/10.5006/2991,0.9751981179691489,-1.4684492469497294,-1.188917251049983,0.11781291156069293
https://doi.org/10.5006/3362,0.6471592963507031,0.26869300211004166,1.90406470725546,0.11703275121668949
https://doi.org/10.5006/3432,-0.995121012355381,-1.2339547041473022,0.5447562622721092,-0.769393561522653
https://doi.org/10.5006/3120,-0.05202771834700661,-1.2023407575849325,-0.48118178141752227,0.3363839286262366
https://doi.org/10.5006/3396,-0.00959651005716268,-1.4086363936734618,-1.5310921459190137,-0.5426688388831552
https://doi.org/10.5006/3185,-1.5578161909213046,-0.1686629929381814,-0.5656467254168125,-0.8508906659285523
https://doi.org/10.5006/3257,1.1195327572396334,0.6846336888360496,-0.8112122637695037,-0.7445427590260376
https://doi.org/10.5006/3164,-0.3634242978584809,0.0914892676672385,1.0377512366753365,1.172231127017269
https://doi.org/10.5006/3176,-0.5684282752563238,1.574496919996903,-0.37775826344567465,0.5048100226906046
https://doi.org/10.5006/3091,1.585529735591987,0.9451598203550856,-1.482138688666681,-0.8932557443272939
https://doi.org/10.5006/3278,-0.9670587844393932,0.36425729984299265,0.20847891575682573,-0.9555560643191894
https://doi.org/10.5006/3090,-0.23367450995932648,0.8198492461452476,-0.38627281727389357,-0.46691898924711533
https://doi.org/10.5006/3134,0.8172564563188197,0.3627371925574345,-1.478909293988044,0.6071028969571772
https://doi.org/10.5006/3374,0.8967062743325015,-0.3535657767400478,1.2524391909963954,0.7500479843736791
https://doi.org/10.5006/2709,-0.004837304808397793,1.216779775891567,-0.41618071095503356,-0.625715928887111
https://doi.org/10.5006/3113,0.5349559544558501,-1.2233340374153687,0.07784344753713526,0.4330726643277863
https://doi.org/10.5006/3335,-0.9415932481713875,1.0100082562522033,0.6768148526842809,-1.395286884716711
https://doi.org/10.5006/3334,-0.629053142138547,1.7471177716235071,1.2186148638881606,-0.23480692568569367
https://doi.org/10.5006/3066,-0.7463650052452246,0.5030754342059726,-0.7031645829030221,-0.8278070862231656
https://doi.org/10.5006/2960,0.701230352017581,1.2452002723668067,-0.860296842504485,1.4556703452872073
https://doi.org/10.5006/3242,-1.2521187637678923,0.07023837552996094,1.1678649345387802,-0.3710832790768752
https://doi.org/10.5006/3051,-0.10876752499588714,0.5087363967413978,0.3665014554534484,-0.5106975490229195
https://doi.org/10.5006/2952,-0.11384365073815265,1.3701483826174794,0.310593018012903,0.001635154623995097
https://doi.org/10.5006/3081,-1.4978622518514135,0.39520190365978247,0.6833745100733257,-0.10076345887276082
https://doi.org/10.5006/3303,0.03456271411540448,1.2302532757814157,-1.1226922994002795,-1.5352625615441928
https://doi.org/10.5006/3343,-0.41250101819312385,1.2310447527315345,-0.8930251757004753,1.5906805160563555
https://doi.org/10.5006/3262,-0.5541019501614698,-0.7483438727827673,0.41763556459564055,-1.2132211231111394
https://doi.org/10.5006/3253,0.13541163149995533,-0.3719206844943753,0.5890245714258505,-1.3544058777403867
https://doi.org/10.5006/2992,-0.6801002238432976,0.56019442781939,0.3686854787808706,0.06833882678884087
https://doi.org/10.5006/3309,-0.5436316674952579,-1.4198884042882365,-0.84686321422284,-0.7832346834970865
https://doi.org/10.5006/3106,-0.1822983452953456,-0.10237024466708261,0.7761205399679139,-0.2745856837390314
https://doi.org/10.5006/3227,-1.0140261326780184,-0.9366091022076359,-0.23442220127755276,0.04142381747131541
https://doi.org/10.5006/3197,-0.43418677166314357,0.4716822394200318,2.3195464528524807,-0.9319843207118707
https://doi.org/10.5006/3080,0.5005371568956104,0.12487100771870091,-0.6412060402043767,-0.6189636672356681
https://doi.org/10.5006/3124,0.09131991468436891,-1.2370164268635866,1.4633701249594717,3.0462185259704415
https://doi.org/10.5006/2971,0.4703338919599687,1.569375941692112,-0.772682700148323,0.08498801880904726
https://doi.org/10.5006/2916,-0.38943665605381245,-0.014082074889236238,0.598051990671497,0.1079462500103559
https://doi.org/10.5006/3360,0.0508236327349017,-0.4100319306930544,-0.30854778060380683,0.8093003377700745
https://doi.org/10.5006/3341,0.9670289103800999,-0.538009304400442,-1.4940163300339664,-1.724193886963968
https://doi.org/10.5006/2858,-0.8233833209408007,0.9614533073625048,0.27074281895039554,-0.15230553967267055
https://doi.org/10.5006/3171,0.7869369209846488,0.7805847155157736,-0.4182658712917666,1.887337946086505
https://doi.org/10.5006/3101,-0.6252063958348232,-0.3627199717130221,0.10742514771972227,1.5257039181500038
https://doi.org/10.5006/2864,0.13019493486632353,-0.8494449632429467,-1.000566160832555,-0.6968472724559729
https://doi.org/10.5006/3128,0.5849395860000834,-0.0713119455400627,-0.5438398370554682,-0.8215594365822909
https://doi.org/10.5006/3284,-1.3746430596037564,-0.9140171596423601,0.01566169453095207,0.4722952450189511
https://doi.org/10.5006/3067,-1.1014929206998987,-0.07260592293824517,0.5027022350875056,1.300918251855059
https://doi.org/10.5006/3131,0.22387746073191261,1.4983582730931417,1.7719842867688584,-0.1628376486223205
https://doi.org/10.5006/3063,0.4506323767937999,-1.018539721245248,-0.22955399893271863,0.9767334211087219
https://doi.org/10.5006/3319,1.9832927488530783,-0.28608116082058627,-0.8237736744335564,-1.3978481447636113
https://doi.org/10.5006/3254,0.6707566195193331,-1.2096080081987606,-0.09295024215626721,-0.4738960461905656
https://doi.org/10.5006/3025,-0.7767618786938374,1.1297595451297306,-1.3158731647990212,0.9832302022358947
https://doi.org/10.5006/3047,-1.1221701997418005,-0.10232359074188009,1.6463221615049342,0.39853933736609237
https://doi.org/10.5006/3100,-1.3883561686499546,-0.42748420653943614,0.7165768023377919,-1.5632653189337924
https://doi.org/10.5006/3380,-0.11531870431902046,0.482303592958777,0.17240654056266938,-0.20998257608532445
https://doi.org/10.5006/3366,-1.565399506635782,0.5051376318684488,-0.32827018131720787,0.5033395260706343
https://doi.org/10.5006/3225,-0.7874095122766804,1.965450874957347,-0.007386152988998151,0.35086383929432424
https://doi.org/10.5006/2915,0.4982039663315529,1.6346488633297227,-0.4713812455402005,0.34851154616246244
https://doi.org/10.5006/3218,0.6451879148278582,-0.17051932850693124,-0.9205773464878355,-0.07249107528912842
https://doi.org/10.5006/3393,-0.3391448041917384,0.2248819289632339,-0.4706375457391496,-0.0007968093860904959
https://doi.org/10.5006/2990,0.15907698119036756,1.5237509208091995,-0.7508018198885605,-0.833777790148702
https://doi.org/10.5006/3273,-0.5246505460079518,0.5798335796600236,-0.6729838967374304,0.05151202006527596
https://doi.org/10.5006/3402,-1.4389849012177303,0.39041697681879933,1.183686438288583,0.07258310640170736
https://doi.org/10.5006/3167,-0.37847140533008095,0.7750843172209219,-0.4807253407787167,0.15242638268419378
https://doi.org/10.5006/3224,1.333082226667515,1.2836412280817595,0.6491143656051146,0.7905540794956133
https://doi.org/10.5006/3087,-0.5421583360221445,-0.3648036302689697,-1.2968961095537346,-0.31670373445075845
https://doi.org/10.5006/3140,0.544049076169946,0.9401031372257347,0.46214530181318764,-0.521643779578734
https://doi.org/10.5006/3234,1.2028161747759487,1.5333157983073342,0.1594486952112435,-0.33423173845455856
https://doi.org/10.5006/3152,0.06916112533537408,1.2152278154335774,-0.5983455661057578,-1.1503238251108672
https://doi.org/10.5006/3121,-0.8386848576696723,1.2719210513647685,-0.8626001594810988,-1.491157399666061
https://doi.org/10.5006/2930,0.817244082444401,0.4993630579401725,-0.14919536427881788,0.8505542076086359
https://doi.org/10.5006/3294,-0.9112409966955316,0.3915442700662789,0.5635658710519823,1.6146895582193956
https://doi.org/10.5006/3327,-0.7699684621914102,1.5911112177377114,1.518224668591623,0.8843498069971558
https://doi.org/10.5006/3042,-0.25881985935080226,-0.2095323573494802,-0.8061008924229542,-1.7047319075674128
https://doi.org/10.5006/3199,-0.5144351180299616,0.7157990731940937,-0.09409362711358223,-1.8217594240889183
https://doi.org/10.5006/3020,-0.007966555249132147,0.024898740186668395,-0.8354566245326872,1.2338598520396564
https://doi.org/10.5006/3145,-1.558685011987074,0.7805819384926312,0.4462221121304832,-0.6249604891194581
https://doi.org/10.5006/3033,-0.4547303901524755,1.3337157677887728,-0.049428701466819644,1.60396419889284
https://doi.org/10.5006/3173,-0.014602173020393171,1.08317258580168,1.6923609981620642,2.3444161418000626
https://doi.org/10.5006/3412,-2.605954463251437,-0.6246697297061139,0.053121927683532626,0.1576846097279807
https://doi.org/10.5006/3347,-0.1631922237037159,-0.9814678150334625,0.7296458551623108,-0.28826015430473584
https://doi.org/10.1080/1478422x.2019.1583436,-0.016353973354144402,-0.70452606491076,1.232348183947635,0.9207499700740864
https://doi.org/10.1080/1478422x.2019.1613780,1.6638630900467963,1.003328749437912,-0.8924355049850038,2.3559102609940634
https://doi.org/10.1080/1478422x.2019.1637077,1.2447153906602253,1.7861821602020502,-0.4677149489442328,-1.1847429365857234
https://doi.org/10.1080/1478422x.2019.1613779,1.4833093199566585,1.0304163990304793,1.2323322003830666,0.8668708269161965
https://doi.org/10.1080/1478422x.2019.1605472,-0.24231576619104495,1.808329747940492,-1.0206390746850822,1.3061409121737926
https://doi.org/10.1080/1478422x.2019.1700642,0.5182297792627193,0.9306838858286789,-0.023865351933041956,0.86011263841127
https://doi.org/10.1080/1478422x.2019.1619979,1.2049340786447724,-0.8587934642549374,0.14968151091207985,0.008358578166172687
https://doi.org/10.1080/1478422x.2019.1575553,0.028828498434877038,-0.7602521297608864,-1.127360734739895,1.0586146454853256
https://doi.org/10.1080/1478422x.2019.1619290,1.4008046530202405,-1.3779463291011689,-1.0221746431089476,1.568596985649931
https://doi.org/10.1080/1478422x.2019.1661569,1.1858911316502216,-0.7311823838676295,-0.6946882493085477,0.922378315186567
https://doi.org/10.1080/1478422x.2019.1652428,-1.1886431761217857,-0.1441900745601728,0.36362333433448957,-0.4067932379081476
https://doi.org/10.1080/1478422x.2019.1591737,-1.2120903495871678,1.2036956292693912,-0.6220607382687828,-1.473286192447033
https://doi.org/10.1080/1478422x.2019.1661132,2.057966436945034,0.9268309480799339,-1.487307115312752,0.09546148935212861
https://doi.org/10.1080/1478422x.2019.1658437,-0.608742863966087,-2.9129358724244065,-0.2781661471054518,1.181791417702721
https://doi.org/10.1080/1478422x.2019.1695390,0.649186955856244,-0.6393486512984536,1.6175117214287422,3.8231770322925027
https://doi.org/10.1080/1478422x.2019.1671644,-0.18924633905382138,0.7093939721119477,-0.8872368278033457,-0.2542329198266986
https://doi.org/10.1080/1478422x.2019.1619289,1.51458656595477,2.153945651320019,-0.3683860434942921,1.4286228728881776
https://doi.org/10.1080/1478422x.2019.1636484,-0.7800700259291287,0.07393303189831371,-0.5426872601704654,0.12885527344859327
https://doi.org/10.1080/1478422x.2019.1654218,0.2727287724105442,0.5234862379365127,-0.5691286375346613,-0.5567563578306881
https://doi.org/10.1080/1478422x.2019.1669762,-0.6907483792221648,0.7679970130829505,-0.5057194827350698,2.2669629772038316
https://doi.org/10.1080/1478422x.2019.1702616,-1.6483445487808148,0.5199997399899531,-0.721933308172363,-0.5378662424499147
https://doi.org/10.1080/1478422x.2019.1666458,-0.3337932750249928,1.3268423121174795,-1.3716424509187128,2.568385144159366
https://doi.org/10.1080/1478422x.2019.1638564,-0.7413267616077817,0.9582709885994712,-0.5286174939056223,1.0259355117805704
https://doi.org/10.1080/1478422x.2019.1574955,0.15963468660177849,1.011325127104833,0.5551551589728959,0.5663239002823661
https://doi.org/10.1080/1478422x.2019.1681152,-0.1846959738722961,0.45635274531436004,-0.34090529357195576,-1.6980631779098387
https://doi.org/10.1080/1478422x.2019.1600836,-1.5506067908861734,0.13300709212485767,0.9344240436082583,0.969934906232126
https://doi.org/10.1080/1478422x.2019.1595296,-1.048564788258954,-1.3891366089038568,-0.5883089252671135,0.44411820346866937
https://doi.org/10.1080/1478422x.2019.1578067,1.4646692378292763,-1.792673810524176,1.8211265833757966,-1.3196505408959294
https://doi.org/10.1080/1478422x.2019.1645802,-0.24811748332370273,-0.4769879226355597,-0.16749404289653225,-0.780344051266215
https://doi.org/10.1080/1478422x.2019.1658427,-0.7241158088610054,-0.9369829082207233,2.154545085786648,-1.4556890165201621
https://doi.org/10.1080/1478422x.2019.1567028,0.08234731495500833,-0.4563061037709241,-0.8822539513747892,-0.16185281132472867
https://doi.org/10.1080/1478422x.2019.1590959,-0.08742443393385142,-1.599222253310657,-0.2915604650939212,1.134964684575743
https://doi.org/10.1080/1478422x.2019.1657703,1.4165420451540094,-0.3827325201887908,-0.1667220952228922,0.3129497625807756
https://doi.org/10.1080/1478422x.2019.1665873,-0.3337106480540918,1.5446638179395968,-0.5450163864323613,0.4916662665861729
https://doi.org/10.1080/1478422x.2019.1593651,-0.5806036361120382,-1.141772576665672,1.9916332269098542,-1.0226957559115746
https://doi.org/10.1080/1478422x.2019.1663027,-1.0795249875054787,1.2617460776412295,0.37599814955277655,0.4487624010685625
https://doi.org/10.1080/1478422x.2019.1594526,0.5455011243346766,0.5442932570674281,0.7537215341256253,-0.004448187932098365
https://doi.org/10.1080/1478422x.2019.1672008,0.2613831337051491,0.1848470785750563,0.01581442215613089,-0.0007481811254363241
https://doi.org/10.1080/1478422x.2019.1684020,-0.15213128487103877,-0.7906827762550638,-0.6455427700724575,-0.505322799210089
https://doi.org/10.1080/1478422x.2019.1599177,0.7498733511519987,1.4732685625852844,-0.3287785030504897,0.626989832216747
https://doi.org/10.1080/1478422x.2019.1631515,0.9573100755310523,-1.3400236150643798,0.8987550510284787,-1.4264752275860368
https://doi.org/10.1080/1478422x.2019.1700654,0.06349508935642122,1.042390651455254,1.2151389501120589,-0.17698165498565055
https://doi.org/10.1080/1478422x.2019.1621456,-0.09258270575934012,2.0868584694574257,-1.529097262876675,1.613587109077157
https://doi.org/10.1080/1478422x.2019.1646007,-0.16793294270494621,1.441997504549269,0.5494578780324842,-0.7344871966602065
https://doi.org/10.1080/1478422x.2018.1564984,0.17654574915176444,0.310148103609815,-0.242986719784676,-0.37318800971420935
https://doi.org/10.1080/1478422x.2019.1608411,2.273065094390638,1.2591091919400412,-0.08776144697321185,0.5991592784074445
https://doi.org/10.1080/1478422x.2019.1589675,0.004840972757812712,0.5296446194717155,-0.9428486479829696,-0.5894793392210222
https://doi.org/10.1080/1478422x.2019.1589979,-0.5517163182671428,-0.5369038218239974,0.9225993248159612,0.8154493800836758
https://doi.org/10.1080/1478422x.2019.1576351,-0.23428591559438847,1.1626972960186093,-0.37367764474175763,0.7874238925049625
https://doi.org/10.1080/1478422x.2019.1615741,0.9599657878319062,-1.6708746878757086,2.049470749328411,-0.003432844248120181
https://doi.org/10.1080/1478422x.2019.1637052,-0.14092974664426428,0.591073357586778,-2.0745275028725723,1.8368059267586379
https://doi.org/10.1080/1478422x.2019.1622881,-1.2192480898301463,0.06244455762196738,-0.9960011963300758,0.0037354239091528887
https://doi.org/10.1080/1478422x.2019.1655199,-1.5943842068679315,1.3370844255040235,-0.04640015452573681,0.4295335026225391
https://doi.org/10.1080/1478422x.2019.1654219,1.1294819911271508,1.1233673042975814,-1.0690505254645102,-0.21387248664865208
https://doi.org/10.1080/1478422x.2019.1573498,-1.6808942982701947,0.844263592960301,-0.22147047104710618,-0.7408891570536122
https://doi.org/10.1080/1478422x.2019.1663007,-0.9383361662383738,-1.812619405937417,-0.7893268786767553,-0.008734896208158262
https://doi.org/10.1080/1478422x.2019.1586328,0.5105280481219111,1.6418016425748905,0.5088603063476635,1.0099621124316827
https://doi.org/10.1080/1478422x.2019.1703499,-0.3767598328355361,0.2770379605387916,0.03793926117643766,-1.006764424298577
https://doi.org/10.1080/1478422x.2019.1699261,-1.8243550157933297,0.016891767400347892,0.9732768637956739,0.4293768525372902
https://doi.org/10.1080/1478422x.2019.1611248,-1.1981744842893542,2.390433476927681,-0.04638667817336091,0.6385785603830381
https://doi.org/10.1080/1478422x.2019.1636176,-0.47706112276758617,2.0081877412657207,0.15123676187372512,-0.2471392150718511
https://doi.org/10.1080/1478422x.2019.1655285,0.459646700608148,2.263563556746778,1.0832117379785458,0.8006605471524552
https://doi.org/10.1080/1478422x.2019.1590512,1.3761417484673077,-0.18029003969946839,-0.9164860730113531,-1.2628620216052329
https://doi.org/10.1080/1478422x.2019.1656368,1.1614951299604899,0.7700003396876881,-0.51236464051354,-0.5225449562831376
https://doi.org/10.1080/1478422x.2019.1669761,-0.76326534555549,0.709709583480131,-0.3763415772521962,-0.33746740028759686
https://doi.org/10.1080/1478422x.2019.1579436,-2.695764623725013,1.4348571914617934,-1.288612758955682,-1.3960787295760895
https://doi.org/10.1080/1478422x.2019.1602502,-2.534808170410074,1.4985542869115325,-1.2470791575579598,-1.3500927332697172
https://doi.org/10.1016/j.corsci.2019.02.029,-0.8032676041924308,0.08251353684145388,0.09690810953905932,-0.23524108785535244
https://doi.org/10.1016/j.corsci.2019.03.024,-1.6347936537096779,1.0042883726499814,0.9460734548195775,-0.3685400125373326
https://doi.org/10.1016/j.corsci.2019.108390,-1.262637220151008,2.207151306668234,-0.8087689634652345,0.5777634088527301
https://doi.org/10.1016/j.corsci.2019.01.030,0.5432071961663498,-0.7701134212956428,0.7641755511584034,2.690429952584147
https://doi.org/10.1016/j.corsci.2019.04.036,0.8714487140113614,-1.142646142611765,-0.5047493311207486,0.5367512218419132
https://doi.org/10.1016/j.corsci.2019.05.025,-1.5463961299554172,-0.6869603049451434,0.3516078902926206,-1.3355914354681149
https://doi.org/10.1016/j.corsci.2019.01.002,1.5073295186504208,0.21464015126331223,0.22934508760809552,0.8681614174954834
https://doi.org/10.1016/j.corsci.2019.108251,-0.24814356907547364,1.5917371799911453,-0.48161364885803754,0.8319238396902228
https://doi.org/10.1016/j.corsci.2019.03.036,-0.8453253265760303,-0.849315734366237,-0.49808344014448375,0.3962587747628504
https://doi.org/10.1016/j.corsci.2018.12.040,-1.9134618430618617,-1.0530920380649404,-1.4748626603859512,0.1246839972929102
https://doi.org/10.1016/j.corsci.2019.108113,-0.0936358414668617,-1.0022727459515792,0.3692942155886587,1.915573386876459
https://doi.org/10.1016/j.corsci.2019.108245,1.357585639873411,-0.9932917685877828,2.3805977599678294,-0.7949517672886918
https://doi.org/10.1016/j.corsci.2019.108198,-0.24897614066674384,1.0636435305461602,0.7393692301424492,0.028762481582139246
https://doi.org/10.1016/j.corsci.2019.108406,-0.871115391656417,1.1482813101346363,-0.46041207584372335,0.35079300863821133
https://doi.org/10.1016/j.corsci.2019.06.028,-0.9926274018663815,-0.8759502445938172,0.11083900483726189,0.5815797313214571
https://doi.org/10.1016/j.corsci.2019.05.030,0.11760608519831149,0.8784502155512771,0.3652347417019929,0.9119865973841146
https://doi.org/10.1016/j.corsci.2019.07.014,-0.14946500763001114,-1.4179889812368816,-1.2616291129064658,-1.2310525832546766
https://doi.org/10.1016/j.corsci.2019.07.003,-2.2538318908117856,0.36177240084209283,1.3158100137397413,0.934161779016034
https://doi.org/10.1016/j.corsci.2019.06.012,-0.135779740715342,-1.7517251249262673,0.7801191538134646,2.6547656283091
https://doi.org/10.1016/j.corsci.2019.108335,-2.569102029848673,-0.15368448669612858,-1.2127389121324024,-1.0531681685027579
https://doi.org/10.1016/j.corsci.2019.06.008,1.4993649202431178,-1.3757758830786642,-0.22535634310409977,-0.24698034686322945
https://doi.org/10.1016/j.corsci.2019.04.037,1.4651825335824222,-0.21489909984311023,-0.4750143370040974,-1.0592138891485332
https://doi.org/10.1016/j.corsci.2019.108234,-0.03836509753806985,-1.4911659013709513,0.5944015413920131,1.6155627834244413
https://doi.org/10.1016/j.corsci.2019.01.029,-0.3147737027101437,-1.6863448439060102,-0.10703906876608425,0.011763502249685968
https://doi.org/10.1016/j.corsci.2019.02.016,0.6615379776532343,1.8848541798964469,0.6301280794450536,2.0396244619933537
https://doi.org/10.1016/j.corsci.2019.02.017,-0.7396750080024,2.998216261664446,3.9172724211759986,4.327461434298678
https://doi.org/10.1016/j.corsci.2019.108293,0.3430030773890431,0.7772252784977428,1.2711055348492013,1.1728083121956177
https://doi.org/10.1016/j.corsci.2019.01.038,-1.9687125063409332,1.2916434165735762,-1.2913431642844206,0.059657436453204954
https://doi.org/10.1016/j.corsci.2019.108332,-0.3280879453833558,-0.6124708566999993,-0.2526643447705512,-1.6389968881171986
https://doi.org/10.1002/maco.201910792,-0.9255082080993333,-1.7368817052955365,-0.25562301223943995,-0.748790142230228
https://doi.org/10.1002/maco.201911150,0.48471755817596635,-0.3139982766998279,-0.562059809960607,-0.4134623744353369
https://doi.org/10.1002/maco.201810652,0.009955594905323974,-0.5595558051412933,1.0872218175763093,-1.2440267560343652
https://doi.org/10.1002/maco.201911357,0.33295360736555446,-1.776091983913577,-0.8009967428241698,0.0967893659184969
https://doi.org/10.1002/maco.201910847,1.51340479026137,2.064450925310092,-0.14153642870387115,0.8768441865305034
https://doi.org/10.1002/maco.201911010,-1.650707116371421,0.7225033061382412,0.43068894493532883,1.9629763278770531
https://doi.org/10.1002/maco.201910777,-0.33283566553541105,-0.9450794155903833,0.8642542125159909,1.160126577671217
https://doi.org/10.1002/maco.201911340,0.24109528114074447,-0.7725887128416482,-0.19803602204504955,0.7944308978957423
https://doi.org/10.1002/maco.201810648,0.6347069547779207,-1.0907337047961085,-1.003330792525128,-1.2467150976264736
https://doi.org/10.1002/maco.201910890,1.8500272128237518,0.12621775584313524,-0.7468026090506379,0.3154588411313449
https://doi.org/10.1002/maco.201911171,0.7805303977288446,1.7926279646803072,1.329929102104244,0.1739202134526958
https://doi.org/10.1002/maco.201810360,-1.5828368504505825,2.023543249276601,0.9902146019512728,1.289964451113594
https://doi.org/10.1002/maco.201810638,-1.0734409032919154,-0.03402252224467297,0.6378275127488378,0.08072529794349427
https://doi.org/10.1002/maco.201810655,-0.8033788802109846,0.378045637105568,-0.19041280056180648,-0.11365048224014675
https://doi.org/10.1002/maco.201910845,-1.8760226706619711,0.4105158350241331,-0.853693347479086,-0.9313273591051024
https://doi.org/10.1002/maco.201810667,0.3287417227404647,0.17031559669281965,-0.7131980513320522,1.5381951086827808
https://doi.org/10.1002/maco.201810715,-0.07132628076475636,0.7860895127272022,-1.287303294656642,1.0480568516469373
https://doi.org/10.1002/maco.201911049,-0.7423050355748542,-0.2699688935109623,-0.3390986145605216,-1.478396475903677
https://doi.org/10.1002/maco.201911022,0.31699042076659595,1.595889780837414,0.30712272475642954,1.4085036969725087
https://doi.org/10.1002/maco.201911065,0.6355697100012766,1.2550023829281767,1.032522129478328,1.7539280274139428
https://doi.org/10.1002/maco.201911224,2.1052632344924467,1.322682979803832,-1.1076643685045742,-0.021022093369711475
https://doi.org/10.1002/maco.201911335,-0.5967079878757688,-0.509941079052364,-0.16054024436442196,-0.6143818723049713
https://doi.org/10.1002/maco.201810570,0.5820744788255975,-0.8591869544192934,0.8010734064543908,0.30167619661509487
https://doi.org/10.1002/maco.201810666,0.5327312911111308,0.25766063850701376,-1.253973884751512,-0.4515849011419124
https://doi.org/10.1002/maco.201810620,-0.8827712818764946,0.3108174060763963,-0.744482366572863,-1.1439209556993348
https://doi.org/10.1002/maco.201810751,-1.041644803941297,0.9216879009723271,3.431919820276118,2.581977246635622
https://doi.org/10.1002/maco.201911353,-1.835544688818752,1.143321563034393,-0.9430437178318335,-0.14597708826217567
https://doi.org/10.1002/maco.201810700,0.960181014266338,-1.2062632901429653,-0.6460151832308854,1.889787215363142
https://doi.org/10.1002/maco.201911270,-0.3248825792384643,-0.5779647219753811,-1.0185329205682347,0.29261367996782145
https://doi.org/10.1002/maco.201911323,-0.8183773555180986,1.197088545163101,0.6292227436342016,1.5465248648320604
https://doi.org/10.1002/maco.201810653,0.8503712173398639,2.0844880105217767,1.8368504400046104,0.5448558387636192
https://doi.org/10.1002/maco.201911101,1.2479315737201913,-0.8057509455069349,1.8146777595857928,1.2249628246542819
https://doi.org/10.1002/maco.201910887,-0.1561463190504442,0.5687084523912963,-0.23295544296450313,1.014612994519248
https://doi.org/10.1002/maco.201911336,-1.6129657326806892,-0.6490484347377795,-1.2292992284417124,-0.658860877265849
https://doi.org/10.1002/maco.201911250,0.24761948014994015,-0.608446486500084,0.46528190181641643,0.7402580054114184
https://doi.org/10.1002/maco.201810618,0.24209472432992812,1.3701869555925847,-0.09514771601742388,1.1788062838396502
https://doi.org/10.1002/maco.201911100,0.7452425802687827,1.3776364661649132,-0.9840297150230922,-0.8631032415291786
https://doi.org/10.1002/maco.201911338,0.1160360796847889,0.781318573235184,1.1385265596062606,-0.5024277958132998
https://doi.org/10.1002/maco.201910937,-0.12068255906995498,-0.7266517507970652,-0.38966032337705836,-1.2079703019552193
https://doi.org/10.1002/maco.201911000,0.9026059211428521,-0.03147194569729271,-1.070460583002376,0.9223330052481545
https://doi.org/10.1002/maco.201911196,-0.48806759401790595,-1.7960902824920117,1.0603963737815123,3.1994514739208757
https://doi.org/10.1002/maco.201911329,-0.4776629095202745,1.4771407023756324,-0.5665792317696935,-0.09522292941102128
https://doi.org/10.1002/maco.201910962,0.5222205750713164,-0.342967875861694,2.702322004447974,1.8530974845649573
https://doi.org/10.1002/maco.201911057,0.005493493129840273,-0.11930693573305189,-1.091138233569401,-1.4247752210442273
https://doi.org/10.1002/maco.201911185,0.3733414754301657,-0.9592117060565294,-0.9185833077305771,-0.41583450936512595
https://doi.org/10.1002/maco.201911154,0.6554080180239714,1.7508087322717907,0.859868954469588,1.0882121149093447
https://doi.org/10.1002/maco.201911135,0.254658689117666,2.0914901075030037,0.12699399512590873,0.3403749107388771
https://doi.org/10.1002/maco.201810576,-0.1466691063987044,-0.6083021205947927,0.09682681328576706,0.8805004709650646
https://doi.org/10.1002/maco.201910816,-0.5038914783686063,-1.1497071009187212,-1.0632879426941881,1.1622285287622922
https://doi.org/10.1002/maco.201910883,-0.5908907887161807,-1.1701317210951545,-0.06071703420158684,-0.39709096943163547
https://doi.org/10.1002/maco.201911155,-1.287360407433302,0.9804537010487386,0.6202143181324233,-2.0206527849157934
https://doi.org/10.1002/maco.201911223,-0.17139970025094622,0.4171693702763906,0.9395266120831598,1.6010629336667694
https://doi.org/10.1002/maco.201810451,-1.3772696439391978,-0.9000669230159434,-1.3275295055640939,-1.0948527093230678
https://doi.org/10.1002/maco.201910797,-0.5682479580654076,-0.9362539840240647,-0.3174058733211439,0.7003891822949808
https://doi.org/10.1002/maco.201911369,-1.258234867117022,1.548200946328964,0.21145472081220323,0.8658532125875745
https://doi.org/10.1002/maco.201810701,-1.0850982858955442,1.4188284585394206,-0.1428412532900944,-0.013031104797948072
https://doi.org/10.1002/maco.201911017,-1.3331470245683523,1.32352784527529,-0.733945203543228,2.9343339586032635
https://doi.org/10.1002/maco.201911068,-0.8344440080733377,0.6335396090226433,-0.724487811427958,-0.7357337072367622
https://doi.org/10.1002/maco.201810210,0.7228233437864278,-1.0487450299786012,2.686864074469976,-1.4901528431336755
https://doi.org/10.1002/maco.201810764,-0.1807406303544614,-1.5691629722353038,-0.783012869236857,-0.20919158006923025
https://doi.org/10.1002/maco.201810675,-1.5481300057893455,0.582144737710812,1.2526085490811227,-1.2931162829951823
https://doi.org/10.1002/maco.201910801,-0.3004209707495301,1.6115359070571784,-0.5960858353742002,1.0681511614071968
https://doi.org/10.1002/maco.201910940,-1.372280516287219,0.9515653536283621,-0.7596393646367219,-0.8070618119549121
https://doi.org/10.1002/maco.201810549,1.0288810875470842,0.563230284836072,0.10883009293408251,0.30993927634846963
https://doi.org/10.1002/maco.201910963,-0.2105706660925372,0.5457877993243162,-1.0242826908105065,1.5000678698928385
https://doi.org/10.1002/maco.201911193,-0.08349183095910488,0.15807459557190565,-0.2805667665894277,1.1500780071560635
https://doi.org/10.1002/maco.201911337,-1.1616176808964553,-0.23358563033597557,0.23094987531364844,0.6392656788673212
https://doi.org/10.1002/maco.201911384,-0.19172893106381417,0.0610590037611302,-0.4259176605117386,0.05633655059188454
https://doi.org/10.1002/maco.201911375,-0.06729407196518161,1.2485932369295158,-2.1163337986903,-1.5610042612449553
https://doi.org/10.1002/maco.201911123,1.7891156968921138,0.32113352404684237,-0.9705378566804719,3.21414513111163
https://doi.org/10.1002/maco.201911108,-0.06155483430409861,1.1609382146496598,-1.335599157340806,-0.01566764585289977
https://doi.org/10.1002/maco.201911137,0.9993428921006876,1.3818792623977092,-1.099991594049418,0.19725153229709785
https://doi.org/10.1002/maco.201910807,-0.9976023321016861,0.5914217300890651,-0.6300520293400672,0.1750010215786563
https://doi.org/10.1002/maco.201910872,1.5359828139007867,-1.3992541323116843,0.0962189454819403,3.8143347680972073
https://doi.org/10.1002/maco.201910995,0.4987898089822003,-1.0847669651184342,0.012216584844477043,1.4762990468371577
https://doi.org/10.1002/maco.201910896,-0.5047069788456788,-0.0078584585453232,-1.032141421715991,2.168906199832343
https://doi.org/10.1002/maco.201810753,0.32033108956155143,0.8768618384168312,-0.7031882839212152,-0.5272596632858235
https://doi.org/10.1002/maco.201910893,-1.574428947122338,-1.286014717155109,0.6772339475366017,-0.445615050498208
https://doi.org/10.1002/maco.201910810,0.8342806648132622,-0.6408964167501178,-0.9954603696572775,1.8240714854629732
https://doi.org/10.1002/maco.201911104,-0.36997552218856367,-0.7658917231394641,-0.1772107839473544,-0.6112889623823408
https://doi.org/10.1002/maco.201810663,-1.0042018571879208,-0.2745312279519066,1.2524156807848548,0.35371692566342966
https://doi.org/10.1002/maco.201810695,-0.7161947899359757,0.6208299311616345,-0.14729819844287934,0.16709026987846856
https://doi.org/10.1002/maco.201911084,0.184396889674513,1.4611838051143675,0.11560967139677521,-0.21429119472221633
https://doi.org/10.1002/maco.201910869,0.12457257792639334,-2.4400584965828593,-0.9801980558232383,0.5383489883121272
https://doi.org/10.1002/maco.201810744,-0.9814480372850731,-0.22243254811654037,2.349761275512837,0.3821511851364082
https://doi.org/10.1002/maco.201911219,-0.4883960386724993,-0.7088801141865789,-0.00863051114613433,-0.5132702557232994
https://doi.org/10.1002/maco.201911346,-2.151459301939471,0.9701609784729769,-0.4760074479829395,0.29117394198703284
https://doi.org/10.1002/maco.201810696,0.6415851176576526,-0.6053654017150784,-0.5091786750738295,-0.013747021874940224
https://doi.org/10.1002/maco.201810645,-0.8614064293188278,0.24916110230168897,-0.47851635538694054,0.45553333052277784
https://doi.org/10.1002/maco.201810524,1.0245914918933596,0.21234735997433263,-0.37604497639798984,0.18225807183681686
https://doi.org/10.1002/maco.201910928,2.0840922408210147,-0.8253094400343274,-1.162360499902295,1.1301518757474631
https://doi.org/10.1002/maco.201910892,1.3023613695108511,1.04039713014345,-0.12756914470443348,1.3352154959597016
https://doi.org/10.1002/maco.201911235,-1.077978938147396,0.12755666584772501,0.488828235321648,-0.7423502810893454
https://doi.org/10.1002/maco.201911304,-0.008457204805494419,-0.5230930799535124,1.486213221902015,3.0769287215403005
https://doi.org/10.1002/maco.201911362,-2.420554351687037,0.6145207573180916,-0.7335312087353563,-1.3263126523920235
https://doi.org/10.1002/maco.201810577,0.8513437535545093,-0.09098891591706552,1.1735530661034428,1.0072733757182384
https://doi.org/10.1002/maco.201910955,-0.5951005021129112,1.1053597212727906,-0.019244315994740746,-1.3836724153413662
https://doi.org/10.1002/maco.201910932,-0.2990967163425514,0.8812148311380317,0.026289020203458725,-1.7001051754582122
https://doi.org/10.1002/maco.201810762,-0.2840971323905949,0.48599377964370943,0.5914645681646512,0.2829334330073892
https://doi.org/10.1002/maco.201810247,-1.7428793027047553,0.6964914983839536,0.5696636197727082,-0.2195674602894148
https://doi.org/10.1002/maco.201810509,-0.031063547925383055,-0.3506336705373882,-0.995493687695281,-0.9966329990457934
https://doi.org/10.1002/maco.201910834,0.6484521021686476,-1.1904106314632705,-0.34213107854144575,-0.769334017172607
https://doi.org/10.1002/maco.201910874,0.290228299895983,1.6232007740026144,0.45946991633964324,-0.9967776848975856
https://doi.org/10.1002/maco.201910842,1.0857825226187698,1.7849521985144132,1.486124727017081,0.6868165416956098
https://doi.org/10.1002/maco.201911166,-1.0116297061803963,-2.0141783405701186,-0.5685711585150933,-0.6871473991414242
https://doi.org/10.1002/maco.201911225,-0.6504962111838288,0.4024375025143505,1.829750760609817,-0.46163870683884706
https://doi.org/10.1002/maco.201810768,-0.6427792784224861,-2.1340015147936247,0.1280173191800937,0.08772277153505298
https://doi.org/10.1002/maco.201810626,0.5266924545779256,1.9510085377290511,-1.0458150550500809,0.2274212400724837
https://doi.org/10.1002/maco.201910873,1.500163961965582,0.9514672270646045,-0.11465498967587898,-1.0393542972331422
https://doi.org/10.1002/maco.201910906,0.37111235484556154,-0.048591793699976744,2.344102924481052,0.9772704693848823
https://doi.org/10.1002/maco.201911091,-0.7923423341807793,0.899896355695256,-0.252209217323052,-0.5057250536546921
https://doi.org/10.1002/maco.201810593,-1.7286522338906858,-0.7829175114252975,-1.4825431220334562,-1.080036131735006
https://doi.org/10.1002/maco.201910802,-0.1823140344536394,1.2715021832269657,1.884929054665063,2.6039476317568875
https://doi.org/10.1002/maco.201911174,-0.3715812021433382,1.8143987304274554,-0.944431853753184,0.3160718855869661
https://doi.org/10.1002/maco.201911116,-1.2761251948736627,-1.3487133461975742,-0.5602151623219302,-1.3054543585771397
https://doi.org/10.1002/maco.201911053,-1.4348394161021372,0.1358030886981507,0.5355639541728691,1.5408896502129732
https://doi.org/10.1002/maco.201911191,0.8296525282824148,0.8189371369092283,-0.656757058174517,-1.0003777825455544
https://doi.org/10.1002/maco.201810392,0.6578237082804054,-1.0610514764420216,-1.0009935321020138,0.45914893298103854
https://doi.org/10.1002/maco.201810599,-0.8482594609224487,2.0287286874103057,-0.049108708442442583,-0.28345009398643495
https://doi.org/10.1002/maco.201911078,-0.4089337673815602,-0.07099078375731399,1.9068755714486993,0.4014379545368985
https://doi.org/10.1002/maco.201910975,-0.9040884709486013,1.0651792046733775,-1.3201395869371861,0.16506453209580912
https://doi.org/10.1002/maco.201910826,0.15739003372921193,0.18501569532707166,-0.468028645181722,-0.44714826467626956
https://doi.org/10.1002/maco.201910884,1.1664814797802352,0.3775100783723524,2.069643906270168,-0.209249867229741
https://doi.org/10.1002/maco.201911192,1.0269170917702737,1.1312637067953972,1.6301199352421976,-0.9865536175292549
https://doi.org/10.1002/maco.201910809,-0.0012706825343724681,0.1448689895801436,0.40151308579501255,0.28149468111339604
https://doi.org/10.1002/maco.201911265,-1.1152771423332748,-0.9463206783361463,-0.9871687965581366,-0.7508741529791251
https://doi.org/10.1002/maco.201910961,0.1416968266465013,-1.0972054364512878,1.015410795148928,1.5510104425675233
https://doi.org/10.1002/maco.201911035,-0.6490020475380323,1.3280215383176937,-0.25524462666455955,-0.9510311079399543
https://doi.org/10.1002/maco.201911048,-0.9155207452004723,-0.3469097839531369,0.5221016156034898,1.8351956663915725
https://doi.org/10.1002/maco.201911018,-0.2746386823177159,1.3094887077947341,-1.669257939257671,-1.4819655844148802
https://doi.org/10.1002/maco.201810720,-0.5186840560610989,0.24806008884284142,-0.4859656324418927,-1.236816919199488
https://doi.org/10.1002/maco.201810766,0.24959564017680447,0.8600407418323036,1.2773799400282615,0.025186087378911787
https://doi.org/10.1002/maco.201810640,-2.100293397535002,-1.832532909998415,0.14451154127693194,-1.1584912162374879
https://doi.org/10.1002/maco.201910950,0.20954687540284778,0.9414422687247571,-1.163731470880828,-0.07561706093090331
https://doi.org/10.1002/maco.201910959,-0.5881663522291813,0.5189841665983812,-0.41964939309249677,1.6636634853063044
https://doi.org/10.1002/maco.201911146,0.9405595040051294,1.4230376056831435,0.608993153412386,0.8019486765872259
https://doi.org/10.1002/maco.201810417,0.17829902119537516,0.7441909180878014,-0.25604076004350296,-0.06547207305912152
https://doi.org/10.1002/maco.201911109,-0.598071662478664,0.24705188290645794,1.5674973549255133,0.6697793840660077
https://doi.org/10.1002/maco.201911274,-0.29125104195075957,0.3725089500982112,0.4209900126305716,0.5041516774769853
https://doi.org/10.1002/maco.201911052,-1.1453395782402522,1.0124502592770332,-0.9243199730090449,-1.2733852949171336
https://doi.org/10.1002/maco.201810658,-1.3426851156396202,2.028701942571588,0.6374409149571242,-0.06808292870185076
https://doi.org/10.1002/maco.201911051,-0.17924782098095549,-1.0086122172208187,-1.237834196069649,-1.2576988039234944
https://doi.org/10.1002/maco.201910974,-1.1751835839013882,0.25409278173544886,-0.7941763924398326,1.4981215742609504
https://doi.org/10.1002/maco.201810717,0.05377830436453263,1.6522018698348193,0.17364016047627798,1.3307449995977945
https://doi.org/10.1002/maco.201810567,-1.320471815494552,-0.7207402673793986,0.2722347802042487,0.9936233924301869
https://doi.org/10.1002/maco.201910934,0.13505841905185476,0.9461742974320116,-0.1867590396601746,-0.6442129610672187
https://doi.org/10.1002/maco.201911183,0.06155478556885351,-0.5921508609716876,-0.41854878632382087,0.16852595484084062
https://doi.org/10.1002/maco.201911121,-0.7727015357264376,0.7542335574184738,0.2746948524857138,1.6121365559419083
https://doi.org/10.1002/maco.201810579,-0.7260424035163314,-0.861122020023616,-1.251222597110661,0.05003031126150068
https://doi.org/10.1002/maco.201810643,-1.5653751449930648,-0.06886528386428666,-1.5110045514369648,0.167915314157406
https://doi.org/10.1002/maco.201810644,0.8852777941501334,-0.9660069932452773,-1.296604448417409,0.43638490760336957
https://doi.org/10.1002/maco.201911044,0.45793868363548185,1.2602978939692102,0.7715801472343753,0.9448760008867493
https://doi.org/10.1002/maco.201911257,-1.0733428970290355,0.2985616478794532,-0.7998833599813537,-0.7572531626072706
https://doi.org/10.1002/maco.201810685,-1.0157928394195783,1.1144408817108105,-1.212374800296674,-1.1036604189625623
https://doi.org/10.1002/maco.201910799,-0.8013917847705562,0.41671146999949327,1.1997312028118596,0.11759526587211289
https://doi.org/10.1002/maco.201910808,-0.4979450301759879,-0.9787865449544141,1.507605309968424,-0.2925279541772656
https://doi.org/10.1002/maco.201910971,-0.9708765755552249,0.11044259323724748,-0.2803025679819718,-0.7319690118704332
https://doi.org/10.1002/maco.201910773,-0.24563295502852076,1.6636611275739641,-0.6563840450084064,2.228938054253086
https://doi.org/10.1002/maco.201810650,-1.940973642233358,-0.4980683597293635,-0.4740972059142735,-1.0978566785566601
https://doi.org/10.1002/maco.201910794,-1.0435191245101907,0.36753523358492096,0.09527740000464917,2.9978810247288648
https://doi.org/10.1002/maco.201910941,-0.0785917384108228,-0.07352326133609949,0.3999690188914571,-0.1404519863253167
https://doi.org/10.1002/maco.201911072,0.33229900786580396,-1.263742213387595,-1.385000832513854,0.2081080040656177
https://doi.org/10.1002/maco.201911339,0.031150699227053515,-1.6734409159983872,-0.6718665456085882,0.31212728249345334
https://doi.org/10.1002/maco.201810601,2.1756859692467323,1.5869424842318978,1.0947762910558783,1.037516910520785
https://doi.org/10.1002/maco.201810730,-1.1014038079028852,-0.5105918890018384,-0.8748523446715766,-0.6827456889212234
https://doi.org/10.1002/maco.201910789,-1.277930046761886,-0.029201408199300866,0.8673707420366362,0.5729895204436388
https://doi.org/10.1002/maco.201910960,0.33904078143096866,-0.910334420982705,-1.2621047933001395,-0.22128104244950017
https://doi.org/10.1002/maco.201970011,-1.4651998269861723,-0.7110985708530055,-2.0074143341192325,-1.7271866302050345
https://doi.org/10.1002/maco.201910964,-0.34409528937500866,0.859149341158835,0.5793438512329248,-0.34838223423829595
https://doi.org/10.1002/maco.201911388,-0.20808108657023003,1.331022939967374,-0.45904768844767796,-0.4457585618031095
https://doi.org/10.1002/maco.201810453,0.18606020243346566,0.2500630741159161,-0.6000492362577828,0.3685049197202123
https://doi.org/10.1002/maco.201910856,-0.49109237766922176,-0.17753625345991603,1.6894280530699757,-0.11489921478089582
https://doi.org/10.1002/maco.201810706,-1.2905426692023958,-1.078300046420337,-0.3559207630234983,-1.1059069894498033
https://doi.org/10.1002/maco.201810532,-1.3924655859517234,-2.1406549890483304,-1.069165854082148,-1.5501563273138579
https://doi.org/10.1002/maco.201810632,0.5306313504857179,-0.14778028921492342,-0.11229025665578464,0.29045513654728294
https://doi.org/10.1002/maco.201810574,-0.4640505425901,-0.5393015060771101,-0.279596931032667,-0.04041765642383889
https://doi.org/10.1002/maco.201910916,-0.22034420963011536,-0.46172534756330047,0.3244188570898931,1.7233626011574918
https://doi.org/10.1002/maco.201910821,0.4799861710435061,1.2040692106722297,-0.03745708421513255,0.3224012433919246
https://doi.org/10.1002/maco.201911144,0.659203480387275,-1.3012421638745308,0.7718990794331849,-1.088707766072917
https://doi.org/10.1002/maco.201911309,0.03504921727463463,-0.5226564488391223,-1.2252209163005288,0.35932542464450357
https://doi.org/10.1002/maco.201970067,-2.3468690188929853,-1.7340098622846587,2.16620566897687,2.8999896389854505
https://doi.org/10.1002/maco.201970021,-0.6866707437482623,1.0135737823320494,0.137181416340661,-0.8876882613094267
https://doi.org/10.1002/maco.201810630,-0.9429928189933408,0.8158846053993672,0.7256724891309141,-1.0767778679003739
https://doi.org/10.1002/maco.201911082,-0.6035664866597925,-1.563651316662529,-0.9994444624924465,-0.25819976501172187
https://doi.org/10.1002/maco.201970034,-0.4215478406864787,-1.3199066942091482,0.7944675535328345,1.181856024456962
https://doi.org/10.1002/maco.201970084,-0.2328010054482585,-0.9600888065070117,-0.6655253384170422,-2.1456820051323087
https://doi.org/10.1002/maco.201970041,-1.7108050314497605,0.24119911980617376,-0.5139447254742727,0.46350371664348333
https://doi.org/10.1002/maco.201970031,0.049863176509431444,-0.6828384119414062,0.6749789158923194,0.5658115702057974
https://doi.org/10.1002/maco.201970061,-1.9765165457569966,-0.07904369161497475,-1.0366126036599335,-1.2212382612823587
https://doi.org/10.1002/maco.201970081,-0.5418972084756691,-0.06765997141536458,-0.650078449936376,-1.183037804928856
https://doi.org/10.1002/maco.201970101,-0.7044444239980837,-0.8696435303962228,-0.03959974640799917,-1.0471703841739586
https://doi.org/10.1002/maco.201970091,-1.5361915947030262,0.9452111650750525,1.831166493404454,-0.14580575935155732
https://doi.org/10.1002/maco.201970051,-1.9765165457569966,-0.07904369161497475,-1.0366126036599335,-1.2212382612823587
https://doi.org/10.1002/maco.201970121,1.2344891886063882,0.19503166450709927,-0.1684069274016017,-0.8721464112488174
https://doi.org/10.1002/maco.201970071,-1.4874017683208478,0.30087107313916556,-1.8677682091353613,-2.11195228414335
https://doi.org/10.1108/acmm-11-2019-2215,-0.4115120828338659,-0.1532663887526358,-0.3712957248797519,0.09766658078733677
https://doi.org/10.1108/acmm-11-2019-2204,1.1415072551809038,1.1013791437758365,0.0016505026449717458,0.4495983994902809
https://doi.org/10.1108/acmm-02-2020-2260,1.39724431004584,1.0351664379324643,0.0652163211774214,1.8666767223310692
https://doi.org/10.1108/acmm-06-2019-2136,0.04422425402479834,-0.21478823232612124,0.12345745985625187,-0.5801744526986548
https://doi.org/10.1108/acmm-07-2019-2157,0.06888540409624683,-0.9085405768197138,-0.4357282097995376,-1.2309749795510876
https://doi.org/10.1108/acmm-10-2019-2190,0.628552534602269,-0.9495445450604689,0.3946194425259516,-0.4263715062585262
https://doi.org/10.1108/acmm-10-2019-2200,1.2221989905529633,-0.4523532798922792,-0.38631257462858143,0.6446761973648429
https://doi.org/10.1108/acmm-01-2020-2247,0.26266322690691973,-0.9418496455430446,-0.7967794194415108,-0.11488187067389052
https://doi.org/10.1108/acmm-12-2019-2234,0.9251169620351523,1.1350099979355939,-1.4413581755119682,-1.7704017773296503
https://doi.org/10.1108/acmm-02-2020-2263,1.5665067546728328,0.7314915322335309,-0.9755389279918287,-0.5010203497391796
https://doi.org/10.1108/acmm-10-2018-2025,1.284651169309079,1.0100030490926168,0.6946995446383094,-0.5700064072568434
https://doi.org/10.1108/acmm-10-2019-2197,0.5376287982627497,-0.0011486427666568832,-0.8979400205804966,-1.0094313978837797
https://doi.org/10.1108/acmm-08-2019-2163,0.2477730710048802,0.3441112721986656,0.25570763821410614,-0.8412063630906387
https://doi.org/10.1108/acmm-02-2020-2262,0.9242062532763714,-0.5318087861127779,-0.8909456262958475,-0.7987571328330627
https://doi.org/10.1108/acmm-12-2019-2222,0.14996931641492553,-1.3467057969643212,0.6101167343832244,-1.081843953171827
https://doi.org/10.1108/acmm-05-2020-2312,-0.6256908841914393,-0.8722264616027267,-0.735555020119057,-0.7017539213773889
https://doi.org/10.1108/acmm-09-2019-2178,0.03719498702668059,1.0487840725618043,0.1612189593333797,-0.40524424855359514
https://doi.org/10.1108/acmm-12-2019-2228,2.16995532277933,1.3179599056990023,-0.04529616170419504,0.840763789063174
https://doi.org/10.1108/acmm-06-2020-2318,-0.594921239448843,-0.5682891290810071,-0.8459997572800964,1.1388356376234658
https://doi.org/10.1108/acmm-05-2020-2305,0.17411234777809198,1.1977429076693678,-0.13162010749373923,-0.8958087142162283
https://doi.org/10.1108/acmm-02-2020-2258,0.5489770035157471,0.12517664964143718,0.41632506619411896,-0.6663443213426684
https://doi.org/10.1108/acmm-07-2019-2161,2.1178877228410395,-0.20635834803826422,-0.3144140554953649,-0.17925621989369034
https://doi.org/10.1108/acmm-05-2020-2306,0.5908480275902087,0.5289707507170693,-0.8257773732095307,-0.5738693470563345
https://doi.org/10.1108/acmm-02-2020-2261,0.4077729291072627,0.45993524901242905,0.0933331381937701,0.10055399258177083
https://doi.org/10.1108/acmm-06-2019-2149,1.067800846896479,1.1346288088080825,0.16651445149290084,0.5204491533433957
https://doi.org/10.1108/acmm-10-2018-2021,0.03238732369941591,0.9835032826746299,-0.1594859918816957,0.7315627659079005
https://doi.org/10.1108/acmm-10-2019-2189,-0.33443859233446677,-0.7492369304569755,-0.047531139832074534,-0.30819053500458604
https://doi.org/10.1108/acmm-05-2019-2120,1.3597161691380255,0.5504459166333914,-0.5769033432917319,0.35289158157863837
https://doi.org/10.1108/acmm-01-2020-2254,-1.3861856881496881,0.6999172838594602,-1.1038113098278068,-0.40108742128108754
https://doi.org/10.1108/acmm-12-2019-2235,0.7915228281061804,2.166920971210332,1.0354328876885084,2.339534411560868
https://doi.org/10.1108/acmm-11-2019-2216,1.5269511963897662,0.8835754232915897,0.29955644930551223,-0.4782954975720103
https://doi.org/10.1108/acmm-11-2019-2210,-1.103386772792487,0.0807300534203207,-0.6275083408203651,-0.4805172738716313
https://doi.org/10.1108/acmm-05-2019-2122,0.4421923643135763,-0.6105745766065598,-0.290176156280474,-0.2012391603201085
https://doi.org/10.1108/acmm-06-2020-2324,0.7136083833733198,1.5894526145757346,-0.1537897555918811,0.24626052098437856
https://doi.org/10.1108/acmm-03-2020-2285,-0.27491628350380914,0.18023135402572482,-1.7106096671326139,-0.7568630567953526
https://doi.org/10.1108/acmm-11-2019-2220,0.11783090434421832,-0.5580298879453282,0.23158107403811606,-0.9221101482858755
https://doi.org/10.1108/acmm-12-2019-2223,0.5252893862012442,-0.2283487691013928,0.22773628460475684,0.4225446179314694
https://doi.org/10.1108/acmm-03-2020-2269,0.5046838089122688,0.822780541701858,-0.5771075235640104,-1.1113907602014461
https://doi.org/10.1108/acmm-12-2019-2237,1.5207286007044516,-0.961166348195014,0.19824350322909318,1.1822965636649392
https://doi.org/10.1108/acmm-04-2020-2296,1.1490863608368054,1.2728899667602895,-0.23847739567737528,-0.6387339305262011
https://doi.org/10.1108/acmm-09-2019-2175,-1.2353647655595807,0.09354777626115272,-0.4604448463153739,-0.8696818521817632
https://doi.org/10.1108/acmm-04-2017-1787,0.09068679132451796,-1.014843849482316,-0.5391234518051005,0.16604272560510172
https://doi.org/10.1108/acmm-10-2019-2201,0.6260552773938449,-0.5163102319593412,-0.022019522338379637,-0.8856167184633367
https://doi.org/10.1108/acmm-04-2020-2291,0.7720707973174926,-0.08032896014675366,-0.7517523866769739,-0.960634028024439
https://doi.org/10.1108/acmm-11-2019-2211,1.506254716687982,-0.990648782697989,0.28438559747532305,-0.8486588898002638
https://doi.org/10.1108/acmm-04-2020-2298,-0.8064801078050328,0.737257659002101,0.15677050663084985,-0.3400316478609043
https://doi.org/10.1108/acmm-07-2020-2343,1.8092289936613934,0.7537759384175422,-1.0642130188005336,-0.14958125438337289
https://doi.org/10.1108/acmm-11-2019-2217,-0.7127961265674829,1.1944404206626869,0.20095741441222403,-0.3490003351052085
https://doi.org/10.1108/acmm-11-2019-2203,0.052375341689196005,1.443848967197816,-0.4192027502907818,-0.12999536955068944
https://doi.org/10.1108/acmm-06-2019-2147,0.8452949773869401,-1.1255195410424899,-0.20425961876375148,-0.4907300941429169
https://doi.org/10.1108/acmm-11-2019-2209,1.6415110513280582,0.2975371430370804,-0.04317405636441195,-1.1738357339787662
https://doi.org/10.1108/acmm-10-2020-2383,0.8824774264935817,0.49291693742272824,0.022326083763501647,0.1963721663716765
https://doi.org/10.1108/acmm-09-2019-2184,-0.46749021122863776,0.04666434344796931,-1.2839265572231897,-1.4383324620866191
https://doi.org/10.1108/acmm-07-2019-2159,0.8306565306534558,-1.0972935886004531,1.1254204380113082,2.1776383580358547
https://doi.org/10.1108/acmm-10-2019-2202,0.3859572042642514,-0.9677405935276131,-0.20359285244977343,0.7865028916408623
https://doi.org/10.1108/acmm-10-2019-2194,0.5930789602273665,-0.2440631101310738,-0.6056282753470977,-0.8484850668354955
https://doi.org/10.5006/3457,-2.3615731838687783,0.5765618619022655,-0.278800910569383,0.0769359864616507
https://doi.org/10.5006/3678,-0.5085957638410359,1.0046302401499483,0.0035455967288419744,1.0550156458464781
https://doi.org/10.5006/3571,-0.7429319969590676,0.14145236600071268,-0.2206930988572514,1.4376951589762212
https://doi.org/10.5006/3379,-0.46824030576300707,-0.8509699277810673,1.0781665176975896,1.9037178471838225
https://doi.org/10.5006/3474,0.41908524255598856,-0.5420138811743833,1.0431242081682142,1.418227037662675
https://doi.org/10.5006/3513,0.22407758380630263,-1.4456212290953343,0.6586189447559069,-0.9361489641782017
https://doi.org/10.5006/3430,-0.03575752472378936,0.08590463351054221,2.05825425229478,1.0429613292555375
https://doi.org/10.5006/3418,-0.1994645473751627,1.4964269891353754,-0.41647413973135744,-0.6371220806318969
https://doi.org/10.5006/3679,0.20997293181639182,-0.6945735352703685,2.0177991692778456,0.5390231637367703
https://doi.org/10.5006/3371,1.055558779608987,-1.2882481455869819,-0.760770658757253,0.34513361896885203
https://doi.org/10.5006/3723,-1.1937742338165136,-1.3735634855617649,1.1887596370110196,-0.0320335218372813
https://doi.org/10.5006/3348,0.2743392194417885,1.324526059635055,-1.2976714110011387,0.623782828260657
https://doi.org/10.5006/3438,-1.505635386442521,0.5271764712296984,-0.13886395619564834,-0.8501087474728113
https://doi.org/10.5006/3569,0.00891714053940552,-0.07462433196919616,0.4177375159634778,0.7053436758683429
https://doi.org/10.5006/3610,-0.2897155373083629,-0.8416867583789449,0.8311866242394417,0.9252615180923995
https://doi.org/10.5006/3417,-0.12330105096373034,0.8776816983356835,0.5289438530690593,0.11254298442489431
https://doi.org/10.5006/3501,0.2761059519148211,-1.8211429310262899,0.973617590606206,-0.9038574522703264
https://doi.org/10.5006/3642,-0.6758618698880694,0.5844656500003549,-1.088261774093293,-0.6156291655630669
https://doi.org/10.5006/3421,0.10161090916766909,-1.5238679668875283,1.5592662549866219,-0.3446445592577317
https://doi.org/10.5006/3651,-0.2352992867933949,1.2563044138291415,-0.5804536018789527,1.8247015550433912
https://doi.org/10.5006/3510,-0.1865540284473624,-0.00029825780270314756,1.2035812246089574,-0.3020448959762266
https://doi.org/10.5006/3289,0.9822793295205456,-0.9107444496439466,0.015941662777089544,2.790295782746759
https://doi.org/10.5006/3478,0.23876917537898484,-1.7472875534098697,1.464395350098846,-0.7169826974932059
https://doi.org/10.5006/3384,-0.4781343349038,1.0627441288683963,0.06008514987408743,-1.2797152541244008
https://doi.org/10.5006/3485,0.8407661121870413,2.6574548111666454,0.9547951461141946,0.3162199772868577
https://doi.org/10.5006/3583,0.343314607273657,-0.2277143581761816,-0.6434743752450581,0.06733751678982255
https://doi.org/10.5006/3588,1.1534798553354877,-0.6617951761541959,-0.219527741386244,-0.6793242286600556
https://doi.org/10.5006/3472,0.44142298800675533,-0.8327145300673017,1.0148646543952444,0.45247805556342596
https://doi.org/10.5006/3328,-1.0946493222090143,0.12004995301282516,-0.12466963295013526,-0.678146646805004
https://doi.org/10.5006/3597,0.4850997224513197,0.04020459471268673,1.480151793197143,-1.0459320557466443
https://doi.org/10.5006/3377,1.534741624535324,-1.171594425553593,0.255235516124257,1.1331205025242204
https://doi.org/10.5006/3520,-0.7384056934607447,-1.8180204595385492,0.014810672134721746,0.4265995684194334
https://doi.org/10.5006/3558,1.0583730568772087,-0.2305106611757795,-0.7806793103153136,-1.4585871364745449
https://doi.org/10.5006/3552,-0.7209088308582303,0.056473337709616794,-0.03363620511388652,-0.284034549937163
https://doi.org/10.5006/3508,0.574480542872182,1.4625882836124757,-1.3056925849801293,0.6050297818191561
https://doi.org/10.5006/2813,0.2844033046125201,0.3903151088925936,-1.013181676909089,0.16793181582661418
https://doi.org/10.5006/3632,-0.36321710805599694,-0.23827355478045273,-0.2650202391827984,1.5253932975260622
https://doi.org/10.5006/3622,0.3133855564927074,0.06443666121526848,0.5154102904439742,-1.6009331783230845
https://doi.org/10.5006/3564,-1.050957799598141,0.38533741263140525,0.5248045947598802,0.6620285647772801
https://doi.org/10.5006/3659,-0.8493105590841855,1.1107348323176653,-0.29626976226650814,0.4863895055587522
https://doi.org/10.5006/3638,-0.9651822062956792,1.2669958391887024,0.8803472395288987,1.6366198809835648
https://doi.org/10.5006/3707,-0.24149241610803585,-0.07218104492144321,0.4442938372048069,0.6864087942322098
https://doi.org/10.5006/2771,-0.8349548839704218,-0.19264761109857018,2.481066984304245,-0.4426506508432913
https://doi.org/10.5006/3532,0.2442015306603838,-0.10884669882531602,-0.28942425537868044,0.40887085253063105
https://doi.org/10.5006/3524,-0.7233719630619772,-0.9333907915585217,-0.25842842406719807,-0.604510985515791
https://doi.org/10.5006/3601,0.048168839426640415,-1.070961201369296,0.657318443044768,1.1401674997027749
https://doi.org/10.5006/3426,0.03145273946756975,-0.6877448810888451,-1.440724163872411,0.45197263809346355
https://doi.org/10.5006/3523,-1.5478652324295255,1.0793277390282165,-0.5758589647805289,-0.8393057042552945
https://doi.org/10.5006/3230,-1.5497852952016287,0.345677681598089,-0.9364439584889341,-0.36037936048243235
https://doi.org/10.5006/3607,-0.835245703272063,-0.9420532137749347,0.3904804260591739,0.8902197572427009
https://doi.org/10.5006/3582,-1.0489048321735068,0.5785136063414481,0.0098334398721628,0.07352261477938021
https://doi.org/10.5006/3423,-1.2234333754786295,0.4690940650863695,1.1257767205718627,0.04142792767084269
https://doi.org/10.5006/3504,0.16635621216413593,0.5330984525802936,0.794986739305378,-0.23513842462225132
https://doi.org/10.5006/3408,-0.2819024722917322,1.315469399554481,-0.8855187070626934,-0.30898217532190725
https://doi.org/10.5006/3353,0.6839841550864908,-0.44385384128908933,1.2395087383387573,0.3881197763121492
https://doi.org/10.5006/3373,0.5192203763603558,1.1556963452052909,-0.6292816872890841,-0.09614354828835853
https://doi.org/10.5006/3467,-0.9931687797768252,0.49535777318847823,0.3524260915489642,0.47299389525127433
https://doi.org/10.5006/3560,0.9529676973518348,-1.4967259931624164,1.6850108845729037,2.020731890215699
https://doi.org/10.5006/3516,0.29302945264046365,1.2398298242154,-0.6296649580603144,-0.8885547505217384
https://doi.org/10.5006/3625,-0.004782395685897501,-0.6407255318166368,1.5093024313829133,1.6299554712056243
https://doi.org/10.5006/3672,-1.4475918654100688,0.8813292616102404,-1.8011758303785403,-1.445174821061663
https://doi.org/10.5006/3606,0.43685569799673385,-1.559961185008548,-1.169349602353169,1.083442597901703
https://doi.org/10.5006/3624,-0.6640352398647525,0.6309384601328099,1.4392582092315114,-0.324950160003741
https://doi.org/10.5006/3414,0.925252276361578,1.0518269420275361,3.1533847894232636,0.261023837320095
https://doi.org/10.5006/3551,1.2194870018155415,1.193319642666659,2.7217359028934562,-0.017935497327115323
https://doi.org/10.5006/3633,-1.5204396098455564,1.3138839264092887,0.5956578321395898,1.3659052659459778
https://doi.org/10.5006/3534,-0.6224091545294299,1.0955611211753091,-0.2909288585129585,0.2163658037339506
https://doi.org/10.5006/3515,-1.184663493437029,1.1153828671824724,0.8773764252118614,0.4252525524997667
https://doi.org/10.5006/3492,-0.5491136191258802,0.4527369964951595,1.240568618869853,1.0551825724379418
https://doi.org/10.5006/3653,-0.8092112395940081,0.7774844591237068,0.11736876034539434,0.9907659540948262
https://doi.org/10.5006/3634,-0.6812934169124573,0.1967566726234078,0.44607125720088675,0.7339504025269605
https://doi.org/10.5006/3400,1.729112946894221,-0.9080610314030343,-0.1613910779665094,0.1040407273177302
https://doi.org/10.5006/3464,-0.8665807541891747,-0.1015052772650614,-0.7794606985757802,-1.2351608260034324
https://doi.org/10.5006/3604,-1.2802912712751704,0.9220522037094673,-0.07060587684739941,0.28976592241063187
https://doi.org/10.5006/3592,0.4734185758360306,-1.7553732983550345,-0.11011954994705613,0.6973876893454471
https://doi.org/10.5006/3682,-0.5911406331244675,-0.5169630178758138,-0.12775744521902818,0.5310419692071899
https://doi.org/10.5006/3240,-0.6149152315863018,0.6343923191525506,0.21263538853782937,-1.2142448288302043
https://doi.org/10.5006/3550,-0.3134239447910159,1.1784048169555754,0.5593039005887195,0.19747678778676156
https://doi.org/10.5006/3345,0.26194363736208875,0.48135859980690177,0.26629338435232647,-0.816935514584704
https://doi.org/10.5006/3404,-0.07968461525743196,1.8160204753610363,-0.21904565989720814,0.4577670665366533
https://doi.org/10.5006/3431,-0.7579822695996912,-1.50247622156701,0.4100818866154692,0.6036079133919418
https://doi.org/10.5006/3428,1.199483597947407,0.8557907313694206,-0.7422075549875404,0.16010628364295554
https://doi.org/10.5006/3468,-1.0837198943072288,-0.0936459045510418,1.2289468992414687,1.7808304900931375
https://doi.org/10.5006/3498,-0.5408102237306177,-1.21327184619949,-0.09288630011176698,0.15768179776478422
https://doi.org/10.5006/3487,-1.4943916223576545,-0.359018129124094,-0.22074361897555794,-0.6178166415644664
https://doi.org/10.5006/3641,-0.2914224902031366,1.1703226170351966,2.0167528787373135,0.34023363985005595
https://doi.org/10.5006/3324,-0.8931901081396613,1.1213763671745436,-0.6045044515011881,-1.6139935998833024
https://doi.org/10.5006/3429,-0.3504956781425424,-0.06452728805395143,-0.5999507565305935,-0.16488252078753832
https://doi.org/10.5006/2896,0.1860341477597582,-0.2808406624339961,0.19547893835830876,-0.6095179550420531
https://doi.org/10.5006/3559,-0.3789778071308811,-0.8868422113528538,1.3562159135878502,0.621880551668459
https://doi.org/10.5006/3562,-1.3290420432611074,1.1713290450012248,0.07162823861060211,-0.022773569180294544
https://doi.org/10.5006/3574,-0.5505946448395558,-1.2746662045237367,-0.15051662439214597,-0.210918531771436
https://doi.org/10.5006/3567,-0.20904470627811847,0.6875568337101778,-1.018983800188565,-0.2501987476957875
https://doi.org/10.5006/3545,1.0618860238944983,2.0288902990618136,-0.7338406739291516,-0.10656509957782603
https://doi.org/10.5006/3655,0.02898129795566047,-0.19077769463368777,0.10327759780847996,1.628289210333678
https://doi.org/10.5006/3596,-0.5146915607642364,0.33529302523770327,0.173781943993644,0.500867125001289
https://doi.org/10.5006/3590,-0.3238485256690545,-0.5669298388791633,0.17900531539046632,-0.5853096644636009
https://doi.org/10.5006/3614,-1.4292735470064155,-1.4148927519735093,-0.052352432662702016,0.5235653787567752
https://doi.org/10.5006/3493,-1.1247935086129763,-0.264821929942933,-0.3962432827721918,-1.1143196191365463
https://doi.org/10.5006/3476,0.1579429851967438,0.3770879199204616,1.6423787813754185,-0.808466276641531
https://doi.org/10.5006/3668,-1.2866414542070248,0.7006119961369798,-1.3882737910970915,-1.1253381240331963
https://doi.org/10.5006/3295,-0.4374481181793899,-0.4813304721761781,-0.16885329967677626,0.684215829941028
https://doi.org/10.5006/3557,-0.6889855164698558,1.7369426739231093,0.5926354938782216,-1.0975379872333317
https://doi.org/10.5006/3443,-1.7046484219978526,0.6792874015317619,-0.5682234336351466,-0.7738247225662092
https://doi.org/10.5006/3690,0.07876754353635033,-2.0981612647403107,0.8049300415518571,1.8380822100875183
https://doi.org/10.5006/3203,-1.062441239218549,0.8296419439614966,-0.6925682558423342,1.2500928076088114
https://doi.org/10.5006/3441,-0.9045856354407039,-0.6107118054739843,0.6550675597125062,-0.7377256355351317
https://doi.org/10.5006/3603,-0.3096146572227327,1.560246042051695,0.5415337205004996,-0.049079270276897236
https://doi.org/10.5006/3629,0.5974988895031883,-0.10516065286881847,2.11839244283268,-1.0380630992859614
https://doi.org/10.5006/3541,-0.27566218935494496,-1.054691877247958,0.11291276353612262,-0.3009193512009289
https://doi.org/10.5006/3593,-0.6728671453126882,-1.005132116917252,-0.25575518659246277,-0.8115086873525392
https://doi.org/10.5006/3628,-1.2452654252460826,-1.4340229003171845,1.143041383589691,1.0076433550915238
https://doi.org/10.1080/1478422x.2020.1746039,2.290786990306037,0.3202669094380772,-0.4723236197208551,-0.9794496341364368
https://doi.org/10.1080/1478422x.2020.1765476,0.021985341325552576,-0.11416018735725975,-1.0557298289439958,-0.7466561726527456
https://doi.org/10.1080/1478422x.2020.1754600,-0.7665720916761584,-0.3419482769162838,0.794717716640125,-0.7072713704692756
https://doi.org/10.1080/1478422x.2020.1753929,0.6472919097712612,-0.8574483713957982,0.7443596842456559,0.09129895583486104
https://doi.org/10.1080/1478422x.2020.1769273,0.6555826325390036,1.0696053390284794,-0.3494067184565199,-0.24483713815319566
https://doi.org/10.1080/1478422x.2020.1745355,-0.4789586775403219,0.5570190148360994,-0.9369953722930581,-0.6879333053874733
https://doi.org/10.1080/1478422x.2019.1701237,0.8810684537002266,-2.056828213306669,-0.07150297526661271,-1.5706391700328626
https://doi.org/10.1080/1478422x.2020.1766863,0.9534071894014037,0.16586622948716706,-0.275382736713403,0.16284227731238318
https://doi.org/10.1080/1478422x.2020.1807163,-0.403516271646313,-0.8011280981422413,2.370613173175757,-1.5215039722449955
https://doi.org/10.1080/1478422x.2020.1827348,0.41737530607531526,1.116874947117238,0.4296544800499874,2.7688111194960414
https://doi.org/10.1080/1478422x.2020.1834675,1.4536714530016486,0.8492957185782439,-0.3291947179325595,2.4030487653244523
https://doi.org/10.1080/1478422x.2020.1735716,-0.13968639210422135,0.6069688759810135,0.7792520167290039,-0.5319269481791661
https://doi.org/10.1080/1478422x.2020.1737384,1.5001750354779173,-1.4268996503431843,-1.3830022797744477,-1.3725800098071552
https://doi.org/10.1080/1478422x.2020.1759484,0.0464642682704829,-0.5868047597549906,-0.9607249231541017,-0.902372644069815
https://doi.org/10.1080/1478422x.2020.1768643,1.7408348768716078,0.17757265374593661,0.42182994719464967,-0.8801365922471021
https://doi.org/10.1080/1478422x.2020.1772527,0.06129575994555739,1.2036629974206983,0.16524649706598202,-0.8938114457458394
https://doi.org/10.1080/1478422x.2020.1772587,0.9735182793466287,1.306549002574329,0.6182326294637754,0.5978969818571358
https://doi.org/10.1080/1478422x.2020.1806606,-0.6907586630996179,-0.009726143797398855,1.1331537931491185,2.404146241617774
https://doi.org/10.1080/1478422x.2020.1836880,-0.9438598717575569,-0.7332869021381424,0.48295619745373153,0.6935374901281433
https://doi.org/10.1080/1478422x.2020.1750162,-0.6364996762607191,-0.5662381291254869,0.35525505921847494,0.7506253051857903
https://doi.org/10.1080/1478422x.2020.1804094,0.08894338113818538,1.6297767812436728,1.454388133522625,2.203672067132385
https://doi.org/10.1080/1478422x.2020.1843819,0.6700593974717636,-0.12708653081455837,-1.6487767622592802,-0.37481720239316096
https://doi.org/10.1080/1478422x.2020.1791446,-0.5367071879745718,-0.48476498762732184,0.6081530364784722,0.6312600443195258
https://doi.org/10.1080/1478422x.2020.1777363,-0.853296815474081,0.44573033261193634,0.47482121411621997,1.7383226437592663
https://doi.org/10.1080/1478422x.2020.1789371,-0.6105514863485897,-1.479814899848074,1.0244634725801072,0.010633943773683612
https://doi.org/10.1080/1478422x.2020.1721945,-0.3673026259273367,-0.3193326272427797,0.4337898661830061,-0.49734274789742905
https://doi.org/10.1080/1478422x.2020.1735715,-0.6434464506171641,-1.7743884092103588,5.988601213841776,5.394958246373853
https://doi.org/10.1080/1478422x.2020.1747759,0.939087924397583,1.5589792216477312,-1.1723920729676436,-0.3127582341341568
https://doi.org/10.1080/1478422x.2020.1850401,-0.3272595052816576,1.0679210677098951,0.09214416234277853,0.9058617361367328
https://doi.org/10.1080/1478422x.2020.1734739,-0.04967859606563554,-0.4029710753444713,-1.4993501845605357,-1.4079766108548728
https://doi.org/10.1080/1478422x.2020.1862447,-0.9858943391778461,1.251574778368033,0.7871593401983527,0.6683373408961824
https://doi.org/10.1080/1478422x.2020.1774106,-0.8760231250126633,-0.9249573569044328,3.0664048847884042,0.9324164757642304
https://doi.org/10.1080/1478422x.2020.1836301,0.37521070339327306,1.6247995402772502,-0.9021756046148888,-0.3337244508560732
https://doi.org/10.1080/1478422x.2020.1734738,-0.9555836890373867,1.5095164848219462,-0.9212698491678942,-1.6997203400458794
https://doi.org/10.1080/1478422x.2020.1777022,0.6273674050562078,-1.213420631055839,6.4681795497824,-0.3346414988901644
https://doi.org/10.1080/1478422x.2020.1742410,-0.3574178364247508,1.070909476983436,-0.5627571278649476,0.059978703813285614
https://doi.org/10.1080/1478422x.2020.1785650,-1.07364938753741,0.6989811344180797,0.20190593279050548,0.14530193540249686
https://doi.org/10.1080/1478422x.2020.1734737,-0.007467145773965891,-0.7758150668571122,-0.4855550734970214,0.5405954991954713
https://doi.org/10.1080/1478422x.2020.1815460,-0.4726773436993251,1.0439113764229553,1.5664696729558143,0.56647639521891
https://doi.org/10.1080/1478422x.2020.1742997,0.08782421320557686,-0.4545906539923296,1.3202339012490034,0.7560730245138045
https://doi.org/10.1080/1478422x.2020.1772535,0.0773787287280541,-0.6058296988455574,1.908943571168405,0.03563572681626293
https://doi.org/10.1080/1478422x.2020.1767322,-0.5856292454264713,-0.06953623539402509,-1.3957669497192358,-0.4724183579851764
https://doi.org/10.1080/1478422x.2020.1713533,-0.5434978854826243,2.2952263084467335,-0.29546738730369515,0.3415657290790709
https://doi.org/10.1080/1478422x.2020.1732113,-1.716047874734929,1.2122358650189549,-1.2211408371301737,-1.2803347204974556
https://doi.org/10.1080/1478422x.2020.1762385,0.6158266302659784,-0.7186833731498186,2.1542479816749807,-1.6402252920142568
https://doi.org/10.1080/1478422x.2020.1862390,-1.2356468695697358,1.4452650741766055,0.3904939469106996,1.1228663579447575
https://doi.org/10.1080/1478422x.2020.1812818,-0.3137761142347541,1.9056829714823476,0.7657120629112124,1.8623433114643977
https://doi.org/10.1080/1478422x.2020.1721808,-0.23976884291429587,0.8954294314115795,-0.10888307861745018,-0.4191824808239083
https://doi.org/10.1080/1478422x.2020.1740856,0.21673436793315481,1.7624065940073115,0.5785361725765938,-1.3694694200631339
https://doi.org/10.1080/1478422x.2020.1824441,0.18293840093780753,0.6292094533777465,1.4365834402838351,0.39626703645576566
https://doi.org/10.1080/1478422x.2020.1793468,-0.1787796179482641,1.4525824303485515,0.9164076970846525,-0.16198032369126758
https://doi.org/10.1080/1478422x.2020.1815950,-1.5372988702719195,0.8801422430907639,0.41699757300605034,0.9887290687508723
https://doi.org/10.1080/1478422x.2020.1820157,-0.2152933196504946,-1.109885005224943,1.7522497747276453,0.6581230971104465
https://doi.org/10.1080/1478422x.2020.1750161,-0.6155409924687468,-0.5350215277030247,1.5000759658295837,0.5596059244401282
https://doi.org/10.1080/1478422x.2020.1807087,-1.2635336566459858,-0.154879224057539,0.28810966806694216,0.05183409015631412
https://doi.org/10.1080/1478422x.2020.1765088,-0.3332998595490624,-0.08076927493260275,1.5088837084780984,-1.6705647851658019
https://doi.org/10.1080/1478422x.2020.1827746,-0.9324199692333173,-0.13673397064305295,-1.7659072030574927,-0.1331855670869157
https://doi.org/10.1080/1478422x.2020.1859708,-0.5635382739130337,-1.3779214715332002,-0.29457185173832645,0.46808431002279516
https://doi.org/10.1080/1478422x.2019.1710660,0.44858423250510077,-1.6447718681263508,1.2879321182808086,1.1081539444099828
https://doi.org/10.1080/1478422x.2019.1710665,-2.634755180847575,0.7442515205319088,-0.22675735513491782,-0.6230211075064004
https://doi.org/10.1080/1478422x.2020.1721806,-0.006789998828577491,1.1572892020429901,-0.3096372941612246,-0.4322885362772699
https://doi.org/10.1080/1478422x.2020.1770414,-0.19743656749928262,1.4758701775627894,-1.0690919081434063,-0.17356809181561134
https://doi.org/10.1080/1478422x.2019.1710663,0.6273839439535421,-2.0683533067993776,-0.8928311231159415,-0.43226112732621574
https://doi.org/10.1080/1478422x.2020.1721807,-0.604932683159801,-0.8959341823080696,-1.9710661237259968,-0.25671892292813137
https://doi.org/10.1080/1478422x.2020.1860730,0.12672433136528033,-1.146025857774254,-0.2581948701053995,-0.42649403518410806
https://doi.org/10.1080/1478422x.2020.1732122,-0.3566927061373424,0.7320110007609814,0.8100402298802896,-1.0859407354657489
https://doi.org/10.1080/1478422x.2020.1826138,0.05393623878572427,2.0345052457075736,-0.09729257256648675,0.9326818387271204
https://doi.org/10.1080/1478422x.2020.1741869,-1.605707884479915,0.4790239757122391,-1.0923669881839102,-0.4394528362824952
https://doi.org/10.1080/1478422x.2020.1774961,1.864338361644448,1.018656988547589,0.5243803657993316,-0.2137995413228458
https://doi.org/10.1080/1478422x.2020.1824442,-1.3334162151554196,0.44775140275723063,-0.38554115559673996,0.16725776923677405
https://doi.org/10.1080/1478422x.2020.1745407,-0.6404676363186066,0.36337326460952657,0.6719713589221511,1.9093835315140109
https://doi.org/10.1080/1478422x.2020.1763685,0.010370129194342744,1.8896308537925346,-0.7364953368519395,1.991636831702839
https://doi.org/10.1080/1478422x.2020.1850070,-0.4303384000903865,-1.0250830299347058,0.9178759398038621,1.4483759899758095
https://doi.org/10.1080/1478422x.2020.1849995,-0.33388958193366924,0.0059994728711109235,-0.6133263437507481,-0.4524018124337185
https://doi.org/10.1080/1478422x.2020.1836879,1.7791892737264379,0.06185249878960242,0.7528356148559369,1.221223259889556
https://doi.org/10.1080/1478422x.2020.1844408,-0.6154779073947656,1.0236160138274777,0.039966798642378516,0.493258239094784
https://doi.org/10.1080/1478422x.2020.1733310,-0.1918364197110898,0.030179073478020773,-0.3687285029174084,-1.1012356476362768
https://doi.org/10.1080/1478422x.2020.1739191,1.5360619294176385,-1.1876933966654422,-0.7265936555004187,-1.0124913978938896
https://doi.org/10.1080/1478422x.2020.1798677,0.3250936603952877,0.4444779873294425,-0.9035024131300071,-0.6328801653581283
https://doi.org/10.1080/1478422x.2020.1785651,0.33000683792345475,0.0368505196727096,2.4296437745984574,0.41355900232802856
https://doi.org/10.1080/1478422x.2020.1843226,-0.7648428655279015,0.4027896982645561,1.0342664182098877,0.675688735501112
https://doi.org/10.1080/1478422x.2020.1742408,0.07422499558417739,0.05657089654673648,-1.1635109219364095,1.407536174994726
https://doi.org/10.1080/1478422x.2020.1713534,-0.39848056358085976,0.7665344952691018,0.3093237875893902,0.059644196551947734
https://doi.org/10.1080/1478422x.2019.1710662,-1.0840883286637768,0.017341609546242556,-0.8146971867295931,0.7532446045380354
https://doi.org/10.1080/1478422x.2020.1742409,-0.1378931437744083,0.9442048072901713,1.6646509528350468,1.5854178859738037
https://doi.org/10.1080/1478422x.2020.1741867,-2.299113709728876,1.4818027993821383,0.17751364713663284,-0.5753049174912167
https://doi.org/10.1080/1478422x.2020.1745356,-0.1172254983515655,1.2104905674699868,-1.4582476669131201,-1.2630604821336273
https://doi.org/10.1080/1478422x.2020.1721944,-1.2430985681373965,1.3895465445932276,-1.076609106771794,-0.944785981879712
https://doi.org/10.1080/1478422x.2020.1747722,0.4012457297461663,0.0208976219521652,0.5050904314154696,-1.511464856288552
https://doi.org/10.1080/1478422x.2020.1759725,-1.8875220701391486,-0.9663134205216249,1.8025967432581367,2.3583749225565347
https://doi.org/10.1080/1478422x.2020.1762349,0.22896894917620395,0.21710613956906152,-0.33517110258071586,-1.6808446661552883
https://doi.org/10.1080/1478422x.2020.1788772,-1.9813071816880714,-2.02848591253507,-1.247139883437245,0.10936344438038104
https://doi.org/10.1016/j.corsci.2020.108641,0.40959592920791665,-1.677459825915598,4.6671722350171185,3.353292334387295
https://doi.org/10.1016/j.corsci.2020.108722,0.9577762318117077,-1.7705880398251144,0.9710391394054971,2.1840239479865944
https://doi.org/10.1016/j.corsci.2020.108697,0.8447089128651138,0.9637957746406421,1.6109838531291676,-0.5288562199442203
https://doi.org/10.1016/j.corsci.2020.108856,0.21438991404041413,-1.1044113257489745,0.49749003871974956,1.5735171550013072
https://doi.org/10.1016/j.corsci.2020.108947,0.20484127978101382,-1.6641774260122484,1.4390229352781898,0.4313372791539617
https://doi.org/10.1016/j.corsci.2020.109189,0.13857210887374638,-0.9353321663620647,1.0813725911227696,1.1581523447761721
https://doi.org/10.1016/j.corsci.2020.108912,1.7693484982186776,-1.5080295830067099,0.38676184638363403,-0.11400714194208923
https://doi.org/10.1016/j.corsci.2020.108506,-1.39883577719563,2.751266572229873,0.5156500352979038,1.0736798756777983
https://doi.org/10.1016/j.corsci.2020.108585,-1.22498647093844,1.7944905869259187,0.790583995016086,-0.2453811785859643
https://doi.org/10.1016/j.corsci.2020.108488,-0.7624514442643335,0.5742764648424392,-0.22204068431292703,0.2824485375456034
https://doi.org/10.1016/j.corsci.2020.108658,0.7305541074045545,2.0255628876961667,1.06372525522282,3.0642133007793615
https://doi.org/10.1016/j.corsci.2020.109156,-0.09686637593445661,-0.9648063013122624,-1.0374622530750404,-1.8271331955262102
https://doi.org/10.1016/j.corsci.2020.108701,-1.2061054127711788,-0.03608935535588189,-0.31348899550825216,0.6294725076532378
https://doi.org/10.1016/j.corsci.2020.109083,-0.788546122011991,0.042979649573119144,-0.8163901043313152,-0.2149014655626417
https://doi.org/10.1016/j.corsci.2020.109112,-1.841573820779019,0.3042050487563606,1.689685276410772,0.2715697616553689
https://doi.org/10.1016/j.corsci.2020.108477,-0.7030330822395184,-1.190283770315893,-0.5757046852294053,-1.3573894584579849
https://doi.org/10.1016/j.corsci.2020.109053,0.08902966096071976,1.3164668389262317,0.0008146876476979322,-0.2105622907606931
https://doi.org/10.1016/j.corsci.2020.108640,-0.6160095363852338,0.8437944036960494,1.089503516752894,0.6414459670372213
https://doi.org/10.1016/j.corsci.2020.108780,1.0318352075797044,-1.1870866327607248,-0.5110059664572978,0.6509928658107087
https://doi.org/10.1016/j.corsci.2020.108859,-1.1024032559094277,1.0151628468436973,0.8014061166378792,-0.1941930381581552
https://doi.org/10.1016/j.corsci.2020.109060,-0.0678989554153808,1.0680056653878256,-1.8065941400476775,-1.543943801890092
https://doi.org/10.1016/j.corsci.2020.109179,-0.21049507872866574,0.5190900837319845,-0.42669609249629775,0.8943475214910411
https://doi.org/10.1016/j.corsci.2020.109228,0.7779243750513685,1.912123593736833,0.7488335390088429,-0.2630754677676817
https://doi.org/10.1016/j.corsci.2020.108961,0.17705487791665755,-1.4880575936674156,-0.10647936269863287,0.6449314347396305
https://doi.org/10.1016/j.corsci.2019.108414,0.6717225964559448,-0.1483815106494394,-1.0641644433925832,-1.2925735296766026
https://doi.org/10.1016/j.corsci.2020.108841,-1.5111852583206842,-1.3505593444024528,-1.412474104601889,-1.3353133882606636
https://doi.org/10.1016/j.corsci.2020.109042,-0.6279780857947319,0.3690571909546984,-2.038487248493843,-1.0916238518002566
https://doi.org/10.1016/j.corsci.2020.108850,0.02977430733260078,0.8423350330137004,0.280932447616578,-0.08369695233327161
https://doi.org/10.1016/j.corsci.2020.108849,0.13433901761595776,0.4569756670437635,3.0274802659232827,-0.3911181070240103
https://doi.org/10.1016/j.corsci.2020.108956,-2.415270399287029,0.8168137611987002,0.10001150063513053,0.4252497891488154
https://doi.org/10.1016/j.corsci.2020.108855,0.5846685946028485,1.1502466100496087,-0.360590486526523,0.7360066880774563
https://doi.org/10.1016/j.corsci.2020.108584,-1.0078421888323996,0.15509170429355038,0.28793195047541076,-1.2680555067155843
https://doi.org/10.1016/j.corsci.2020.109155,-1.1260510351099808,-0.2755340557415868,0.959289084731939,1.6141034714369766
https://doi.org/10.1016/j.corsci.2020.108588,-0.429294033976697,0.5829555530454686,1.5911680727864808,1.6917231455173403
https://doi.org/10.1016/j.corsci.2020.109153,0.22595970967748083,0.9556252822871798,0.24709874561748124,0.07299667915682416
https://doi.org/10.1016/j.corsci.2020.109134,-1.0604338475447772,-0.9052495692286286,0.6067985272678089,0.4408072100511255
https://doi.org/10.1016/j.corsci.2020.109021,0.5584967737341511,0.26582415082162236,1.0082016970825727,0.960586873201435
https://doi.org/10.1016/j.corsci.2020.108566,-1.2285195722467315,1.6843743369771407,0.5576497804376946,-0.2581904298036946
https://doi.org/10.1016/j.corsci.2020.108834,-0.7452624009507699,-0.8029065455437454,-0.5057195805538552,0.3318320920634007
https://doi.org/10.1016/j.corsci.2020.108899,-0.7546921118887195,-0.025051983072400478,-0.07831624760229917,-0.4934858689367057
https://doi.org/10.1016/j.corsci.2020.108822,-1.472951205925909,-1.5206521530368744,2.425035083509929,0.8682340780192597
https://doi.org/10.1016/j.corsci.2020.108809,0.47594746196603555,0.4498560237815823,-0.03530716335573805,0.3029708363401639
https://doi.org/10.1016/j.corsci.2020.108514,1.7980319148545876,0.18623181876974204,-0.6307734529996708,3.098305652581651
https://doi.org/10.1016/j.corsci.2020.108634,-0.6600696677906983,1.2945394448044611,-0.07449242531322921,0.5851131042571965
https://doi.org/10.1016/j.corsci.2020.108699,1.4362151119241822,-0.7544609006392329,-1.0915133126531449,0.7203960823033235
https://doi.org/10.3390/cmd1010010,-0.5364301003652656,-0.52513200519288,-0.2017041122857004,-0.35276514945903575
https://doi.org/10.3390/cmd1010007,1.237861604002321,-1.4311347695157137,-0.9972871019861931,0.44480214560407405
https://doi.org/10.3390/cmd2010001,0.23178920572064443,-1.340958861685493,1.58444273627964,-0.2252320851481151
https://doi.org/10.3390/cmd1030017,0.7436837124278095,-0.9786993006542815,0.7014948539753078,2.2747857882084146
https://doi.org/10.3390/cmd1030015,-0.8544526466388762,-0.9892071912872902,0.5283607177414525,-0.15598976604074902
https://doi.org/10.3390/cmd1030019,2.6017684157650955,-0.8753792532878683,0.8390890672423278,0.34656484312538277
https://doi.org/10.3390/cmd1020007,1.237861604002321,-1.4311347695157137,-0.9972871019861931,0.44480214560407405
https://doi.org/10.3390/cmd1020011,0.3480298213799854,0.1821463802792397,0.8052398840680107,-0.6556853629593512
https://doi.org/10.3390/cmd1010009,0.3660202455793513,1.0757827406227605,-0.24168380203566375,0.69340392915549
https://doi.org/10.3390/cmd1020014,-0.20297377763688682,0.02763114051447797,1.766877741578638,0.8703925118517567
https://doi.org/10.3390/cmd1010006,0.21184053449209092,-0.5748206714002272,0.7184570854406332,1.7539861074532215
https://doi.org/10.3390/cmd1020013,-0.35479860181351347,-1.5917874088259016,-1.0052784389771483,-0.36128945831906106
https://doi.org/10.3390/cmd1020012,-0.9813309775951482,0.8700749432046443,-0.7529711433468949,-0.35711428743895823
https://doi.org/10.3390/cmd1030016,0.8708157609466732,-1.2482203802429312,0.14336146171163403,-0.8304259692828031
https://doi.org/10.3390/cmd1010008,-0.12499801382195408,-0.1843525871392354,1.0420613128020038,-0.8231515158983318
https://doi.org/10.3390/cmd1030018,-0.4762508364550283,-1.7986635717024282,0.4317064956562391,0.836136881134661
https://doi.org/10.1002/maco.202011722,-0.3982873685535164,-0.6602567793936422,0.8883462200241302,-0.7195453799617965
https://doi.org/10.1002/maco.202011676,-0.08999253270519969,-0.6463514943890392,-1.0474161428814985,-1.3348904493624232
https://doi.org/10.1002/maco.201911347,1.1680549956143027,0.3259103078766424,-0.2903997518079914,0.30879274354152114
https://doi.org/10.1002/maco.201911487,-0.1134925902305424,-0.47268731440832495,-1.421577893496403,0.25458880325012234
https://doi.org/10.1002/maco.202011650,-0.5299705079219409,0.8313603401044,1.3001069839939081,1.4570534746484523
https://doi.org/10.1002/maco.202011763,-0.3485320402179055,-0.19763771695623267,1.5464580997531239,-1.1814692637504611
https://doi.org/10.1002/maco.202011807,-0.09125860744287613,1.0883545359495268,-0.6352020132817227,-0.7307684424456284
https://doi.org/10.1002/maco.201911433,0.2915633412423445,0.8432732366605485,-0.5713472429904553,0.7246442457469422
https://doi.org/10.1002/maco.202011775,1.6708446848650722,-0.7936837963401373,-1.2637149055701227,1.0176437414086899
https://doi.org/10.1002/maco.202011695,-0.9347153892823935,0.11137153023433666,-0.3918960579007155,-0.6454764232004607
https://doi.org/10.1002/maco.202011799,0.9229343608778284,0.6471399717097601,-1.40371990399542,-0.38904709335873044
https://doi.org/10.1002/maco.202011709,0.3223349603893603,-0.6727545316849984,0.3919541696908579,1.4141100745158643
https://doi.org/10.1002/maco.202011839,-0.825819811319579,1.6260194176400429,-0.7344892001741105,0.0728876310336449
https://doi.org/10.1002/maco.202011963,-1.9309627910728244,-1.7139974623288352,-0.488971894305189,-0.6692115854798046
https://doi.org/10.1002/maco.202011587,-1.2926388853988195,-1.630337583383839,0.2787703592441169,0.2657228380631703
https://doi.org/10.1002/maco.202012111,-0.6248372228522714,0.5623517078202427,-0.4798301421164655,0.4387757209601023
https://doi.org/10.1002/maco.202011557,-0.7779145877787046,-0.773425479088023,0.29531111199370835,-1.0259465736072308
https://doi.org/10.1002/maco.202011710,-0.19424580287115611,0.8785444096543031,-0.3652354266983472,0.5966088592679917
https://doi.org/10.1002/maco.202011597,0.9858564840247919,1.3608145709369097,-1.3401845818575335,0.4084443807417642
https://doi.org/10.1002/maco.202011805,-0.059268219781186564,-0.8027271994978954,-0.5989780722211766,-0.8077029053785312
https://doi.org/10.1002/maco.202011977,-0.41509956001780124,-0.8454940911527095,1.2715268428894633,2.9359289437430363
https://doi.org/10.1002/maco.201911449,-0.4103631851577844,0.11584233549264375,0.024208782881816188,-0.5561050405981153
https://doi.org/10.1002/maco.202011707,-0.2526222284134568,-0.11076286093522306,1.015029329523253,-0.4051773219965227
https://doi.org/10.1002/maco.201911467,-0.3003352273651085,-1.7112107437213615,0.7250026953673394,1.7216091469886083
https://doi.org/10.1002/maco.202011883,-1.401677741969272,-1.2928981702899218,-0.20801979825749656,-0.9862932101657558
https://doi.org/10.1002/maco.202011978,-0.11277401199962908,-2.4335764839409384,-0.6821095349726161,2.8373543185238033
https://doi.org/10.1002/maco.202011778,-0.6544013972552071,-0.4401889979916851,3.323953225768522,-1.0956744180324798
https://doi.org/10.1002/maco.202011715,-0.42603928515031886,-1.4982017051696472,-0.340088736631433,0.8218590395694907
https://doi.org/10.1002/maco.201911407,1.274134837574994,0.9196743830190806,-0.3442156061567926,-0.034480235825114246
https://doi.org/10.1002/maco.201911322,-0.6245889970123483,1.5842350551441384,-0.03478819771751096,1.87255928983993
https://doi.org/10.1002/maco.202011542,0.21576009403776522,-1.4172244033239831,-0.9013716608772732,-0.2163824512700109
https://doi.org/10.1002/maco.202011533,-0.3636687304676991,-1.473534996608976,-1.0889140078945365,0.010958026092398774
https://doi.org/10.1002/maco.202011699,-0.2570620307584221,-0.5925160338661539,-1.6775936129869367,0.13064242072264393
https://doi.org/10.1002/maco.201911462,-0.3332762029003191,0.5605028828542731,-0.4880064133242318,-0.9968136805051456
https://doi.org/10.1002/maco.201911464,0.41109809916940665,1.1763372139932053,-0.15563603480040794,1.9062046594933648
https://doi.org/10.1002/maco.202011682,0.007534993424378896,-0.31223393470056576,0.07915952681578894,-0.6831550621047717
https://doi.org/10.1002/maco.202011674,-0.9255860647167711,-0.45346196135695954,-0.9688045375183075,-0.6594525419568
https://doi.org/10.1002/maco.201911390,-1.1240319177273614,0.5952774660027568,-0.42767782619313,-0.6100779112128039
https://doi.org/10.1002/maco.202070086,-0.6061764776543986,-0.8676056078815287,-0.5705389888070995,-1.025631193105179
https://doi.org/10.1002/maco.202011505,-0.9186391781176729,-1.048405480828695,-0.5040033113753571,0.17846980677585814
https://doi.org/10.1002/maco.202011830,-0.13545052505575883,1.5280131219650364,0.3577069848483903,3.5370753922507663
https://doi.org/10.1002/maco.202012169,1.7044394531993199,1.2423511235537428,-0.7692061550430052,1.0301272128491252
https://doi.org/10.1002/maco.202012134,-0.3596867915250027,-2.0407364420919207,0.06294539690869255,-0.42166276079588866
https://doi.org/10.1002/maco.202011659,-0.09589589691998944,0.1769126707850099,1.2301370182830145,-1.7430892605920776
https://doi.org/10.1002/maco.202011770,0.35809712504089386,-0.8515055231962824,0.8548817323517874,-1.2670624166040292
https://doi.org/10.1002/maco.202011666,-0.21871560401548518,0.8966290751326819,-0.33300665402269575,-0.5594276477438658
https://doi.org/10.1002/maco.201911469,-0.9938189546077074,0.777851938433734,-1.0785603753375363,-0.40012981032233885
https://doi.org/10.1002/maco.201911472,1.3391486942748674,-0.7596488725295018,0.21685014902764402,0.14436582223555353
https://doi.org/10.1002/maco.202011516,-0.053135884890356824,1.2223279486094627,-1.5159720218299506,-0.49170579884764887
https://doi.org/10.1002/maco.202011875,-0.2501407794084665,-1.3623237107737622,0.43442298182731337,-0.3395105667962654
https://doi.org/10.1002/maco.202011785,-0.19257353674182076,0.5084127869429264,-0.5303568062140193,-0.36074328598014577
https://doi.org/10.1002/maco.202011541,-0.4320418631009451,0.7045570394531244,0.7576881965034175,0.012236988133005697
https://doi.org/10.1002/maco.202011784,-0.9975517632435978,-0.9849731117805857,2.8115273739037656,-0.8035032034191837
https://doi.org/10.1002/maco.202011847,0.030686623831199505,0.4134489282739137,-1.3897379770227993,-0.3094996954428074
https://doi.org/10.1002/maco.201911221,-1.3117347496317746,0.615901882896052,-1.764641103530011,-0.46876173727244513
https://doi.org/10.1002/maco.202011894,0.8402504395613022,1.2170512681620154,-0.24506774415839996,0.7065875089571999
https://doi.org/10.1002/maco.202012064,0.30624467516739245,2.0743749496734556,0.29910867592540535,0.34638105572272077
https://doi.org/10.1002/maco.201911398,0.6712725923352003,0.3535947526931814,0.3157834999375861,-0.0788615789461027
https://doi.org/10.1002/maco.201911425,-0.2612008243178382,-1.0961440725762714,-0.5382093554812692,-0.6734165789220945
https://doi.org/10.1002/maco.202011588,0.26455250587624674,-1.4104146588476427,-0.8758894498572206,0.05414088087457627
https://doi.org/10.1002/maco.202011686,-0.7333393404189097,-1.5935769808942597,-0.5991381918388987,-1.428508669033443
https://doi.org/10.1002/maco.202011780,-0.3985397095349526,0.5970198129692204,2.6059531486727168,-0.2940600421756347
https://doi.org/10.1002/maco.202012198,0.34998951321522714,-0.04222633627074683,-1.2647234770126141,-1.591014481723977
https://doi.org/10.1002/maco.202011598,-0.14271662332746862,-0.18622703813782618,1.3004085825827112,-0.10787050960577853
https://doi.org/10.1002/maco.202011798,-0.16039459324318234,0.19890053725481446,-0.4250339145602096,0.4546205834452358
https://doi.org/10.1002/maco.202012139,-2.635852328109432,0.4340646557582024,-1.6758811568182168,-1.56948345202653
https://doi.org/10.1002/maco.202012123,-0.06816266308885899,-0.7014951493518856,0.5598587703473171,1.4931482859543743
https://doi.org/10.1002/maco.202011667,-1.2965063038697822,-0.6820626851455378,-1.6517685973805132,-1.325971041430517
https://doi.org/10.1002/maco.202011696,-0.13642520061365543,0.8902960884726119,-7.889667815883849e-05,0.5838373026604675
https://doi.org/10.1002/maco.202011779,-0.4582512116068486,0.46936796604309133,0.24731285903703829,-1.3740404512228481
https://doi.org/10.1002/maco.202012144,1.141308211739789,-1.7313727497072986,1.9406549275810423,2.7269399218756174
https://doi.org/10.1002/maco.202012124,-0.13026399057540677,-0.14843148527323466,-0.9837103856432244,-0.2287864971084161
https://doi.org/10.1002/maco.202011507,0.444463711387111,-2.2392471764836035,-0.5162931980978926,1.8476842561823859
https://doi.org/10.1002/maco.202011687,-0.05324902450879763,0.055551841484956066,1.217349559487267,-0.24735663845266143
https://doi.org/10.1002/maco.202012130,-1.279017457595498,1.3607104363338767,-0.5036563653593453,0.46657059353824526
https://doi.org/10.1002/maco.201911488,0.047549711981515135,0.6010756303618943,-0.645344243031882,-0.006211912855393329
https://doi.org/10.1002/maco.202011543,-0.702394032807936,-0.9815970030784092,0.16652552183971975,-1.1750474270559976
https://doi.org/10.1002/maco.202011565,-0.8136902701303573,0.7875595863365406,-1.0800797584654003,-0.05093488791049686
https://doi.org/10.1002/maco.201911373,-0.04892934867753932,-0.7975753193783471,0.4282700375573396,0.23340066034437013
https://doi.org/10.1002/maco.202011679,-0.5234148752697438,-0.3812046610957581,-0.30442051933895037,-1.7179575089253898
https://doi.org/10.1002/maco.202011658,0.8310774657773051,-0.46186391326958554,-0.17701803888729578,1.4553293096961457
https://doi.org/10.1002/maco.202011783,-0.5936240963170188,-0.45341727970531587,1.4817442241808851,-0.6782715526720701
https://doi.org/10.1002/maco.202011948,-0.042933473976404055,1.099668638308483,-0.7719872220011709,-0.3511058406458083
https://doi.org/10.1002/maco.202012020,-0.7071217113003199,-1.1358889059082486,-0.41707722533770514,-1.0085560115803225
https://doi.org/10.1002/maco.202011500,0.0595569620204483,1.8333499709010668,-0.09417972822062406,1.5143080894265581
https://doi.org/10.1002/maco.202011771,0.30643641402721444,-1.0319919472249608,-0.2806472567628752,0.004980320472742085
https://doi.org/10.1002/maco.202011826,-0.5307039259276327,-0.31356979330886325,-0.20411265481702243,0.4695476854017201
https://doi.org/10.1002/maco.202011725,-0.29236243195467415,1.2604916898131364,0.8062237959439361,0.7650773019811085
https://doi.org/10.1002/maco.202011855,-0.05399593920673473,-0.4123522553174403,1.0982606156030255,-0.6680811112374028
https://doi.org/10.1002/maco.202011985,-1.4191962289837785,-0.5579383553326566,1.603296464340361,1.1084975786095113
https://doi.org/10.1002/maco.202011782,-0.6106316408233421,0.16185361064449016,0.6292656218039572,-1.0192653728038084
https://doi.org/10.1002/maco.202011544,0.3660312693512276,-1.6302808364744288,2.840305044038765,-0.03272605668167331
https://doi.org/10.1002/maco.202011584,0.7507785898284983,-1.1345073795291023,-0.6653887817286303,0.09717138494338623
https://doi.org/10.1002/maco.202011887,0.061660641871588526,1.9182191498786747,-0.026253199320585566,-0.21419190884742503
https://doi.org/10.1002/maco.202012067,1.4039934011341992,-0.6174410415888939,-0.1716746110653305,-0.3225483965697747
https://doi.org/10.1002/maco.202011979,-0.10842161367138031,1.24456107212663,-0.43180237073598027,-1.4095542440520177
https://doi.org/10.1002/maco.202012191,-0.0057772263467396915,-0.06760556714065002,2.5004263389987855,1.069246739956991
https://doi.org/10.1002/maco.201911293,1.507428390098075,0.4698110217509639,1.3905108025238335,0.43237124046744635
https://doi.org/10.1002/maco.202011846,-0.8641788938539087,-1.0799505009998775,0.5002915316913649,0.4385002843453556
https://doi.org/10.1002/maco.202011731,-1.9890016333292757,1.2071126566315422,-1.2529137082662638,-0.09202696322425528
https://doi.org/10.1002/maco.202011736,1.179055707631199,-0.13441458637289272,-0.505989610518001,0.20096529906691815
https://doi.org/10.1002/maco.202011937,2.3203445582657456,-1.2249749570430042,0.6957085660739498,0.236144536005223
https://doi.org/10.1002/maco.201911427,-1.4088933110206479,-1.8174990967543063,-1.3567195448200196,-0.7360156012270485
https://doi.org/10.1002/maco.201911402,-0.31849380317013165,-0.8916965321769633,0.07266732821972413,-0.8190408956262459
https://doi.org/10.1002/maco.202011952,0.22232037368778132,-0.3716119213821814,0.1379321516434393,0.2663799035680318
https://doi.org/10.1002/maco.201911468,1.1076115931828425,-0.8083527580693151,0.6959801129718043,-0.057497526769209495
https://doi.org/10.1002/maco.202011872,-1.7004721909925313,-1.2689384327761413,-0.45789938653054335,-0.7652833882166437
https://doi.org/10.1002/maco.202012136,1.1686718000327632,-1.6584355010114464,0.4548780438963774,1.342837080751035
https://doi.org/10.1002/maco.202012046,-0.9194099379597829,-1.330232217192603,0.36605010553750417,-0.4523297948302527
https://doi.org/10.1002/maco.201911489,-0.6534455700970419,-0.5517690088053924,1.324543948279191,-0.12536019307559068
https://doi.org/10.1002/maco.202011954,-1.2180932820164774,-0.614274011793224,0.9704263913990893,-0.604338034180185
https://doi.org/10.1002/maco.201911401,0.8503585894536949,-2.7817705651369113,1.4884953327812842,1.8264496243051325
https://doi.org/10.1002/maco.202011490,0.6287426174871279,-0.08031081610356659,-0.7670425391937843,-0.34331742664511605
https://doi.org/10.1002/maco.201911444,-1.66148683001086,-1.5927484151442906,-1.8325581232737338,-0.2410116616038722
https://doi.org/10.1002/maco.202011793,-0.1795890020333422,-1.3974885169253237,-0.6300627503726085,0.3929681062275766
https://doi.org/10.1002/maco.202011867,0.009465331517024748,-0.5368411549536194,0.867175632942541,-0.5567168499551775
https://doi.org/10.1002/maco.202011794,-0.6301123614914708,-1.2022297316033417,2.2463886350522357,0.21420272487803035
https://doi.org/10.1002/maco.201911376,-1.2275568049285797,-1.0582425381767806,-0.37059988768371793,-1.289427309463747
https://doi.org/10.1002/maco.202011692,-0.08548462695350742,-1.283796696805766,-0.8102349275127723,-0.23129176911585794
https://doi.org/10.1002/maco.201911386,-0.8020519244234633,-1.3005660744998,-0.07286642433151697,-0.4168003993870296
https://doi.org/10.1002/maco.202011620,-0.7495771076778742,-0.18578474967434955,3.1935205573351384,0.9830665914565302
https://doi.org/10.1002/maco.202011596,-0.4177960905109323,-2.0675878940830836,0.6630044782219499,1.0605407795127517
https://doi.org/10.1002/maco.202011787,2.633985634140071,0.03521271239721015,0.48017523392525646,1.8993451824872973
https://doi.org/10.1002/maco.202011865,1.4902237706549448,-1.721608878472085,-0.06830271128329653,0.16761796279550545
https://doi.org/10.1002/maco.202011723,-2.4582414529695353,0.9069455382050499,0.13873249358655965,-1.5594750858663613
https://doi.org/10.1002/maco.202012166,-1.5854807556204744,-1.6031575835264453,0.5844017820508162,-0.6219622997582126
https://doi.org/10.1002/maco.202012010,-0.3067471385500322,-0.16015217995278316,-0.01694474407891221,0.24921818851479743
https://doi.org/10.1002/maco.202011548,-0.6913474620746032,1.269610461971661,-0.18139601463083668,-0.5990570975885905
https://doi.org/10.1002/maco.202011530,0.7568607851727043,0.13395921419893733,-0.1392541111818997,0.3031590453340642
https://doi.org/10.1002/maco.202011772,1.3281567267380314,-1.9076111892978678,2.250975425881408,1.8469505572503007
https://doi.org/10.1002/maco.202011767,0.9831209527702535,-0.5993462089544601,0.9413111290828468,1.2061856583913728
https://doi.org/10.1002/maco.202011774,-0.8410942585005259,1.3461051397029817,-0.03527036828201412,0.7768093175746087
https://doi.org/10.1002/maco.201911424,-1.2278688058238287,-0.2619877026327485,-0.5966398777152951,1.2007321501826222
https://doi.org/10.1002/maco.202011635,-0.7856972669051167,0.8722491622668034,-0.8146648782442059,1.7970847380016337
https://doi.org/10.1002/maco.202011766,-0.40610925594042924,1.5517719853427774,-0.632451946718196,-0.1678802657446396
https://doi.org/10.1002/maco.202012192,0.17741300904259466,0.04126664084799759,-0.45034151654585053,0.7466646648500025
https://doi.org/10.1002/maco.202012051,0.13484166035539166,-1.9691982053346375,0.9486049639981691,2.1511072307943446
https://doi.org/10.1002/maco.202011540,-0.729306090929616,-0.6811274093646441,0.7281880905041892,-0.7195588172080165
https://doi.org/10.1002/maco.202011728,0.7594666973810795,1.1466757525444333,2.702309264562351,0.29402844439761733
https://doi.org/10.1002/maco.202011661,1.0897244038432725,-1.0055128254562773,2.8018289064036326,2.271523820322888
https://doi.org/10.1002/maco.202011993,0.13692719117589866,1.1411805362494587,-0.45744443965770054,0.19156124076911432
https://doi.org/10.1002/maco.201911325,0.07439120641066632,-1.333790132465565,0.5879022365849489,0.9979291132893612
https://doi.org/10.1002/maco.202011663,-0.6755141476502905,-0.5889018914935542,0.8192496215255741,0.9993556996078581
https://doi.org/10.1002/maco.201911327,-0.4887981517634177,-0.0945350151264344,0.933311841100338,-0.7024359858533709
https://doi.org/10.1002/maco.202011554,-0.5080855597196619,-0.40596916842681285,-0.8644874609423987,-0.65686534022538
https://doi.org/10.1002/maco.202011882,-1.1063711690149174,-0.08892034078203565,-0.6035831266176725,-0.8269402083362565
https://doi.org/10.1002/maco.202012056,0.2277720704587678,0.10122263365886523,-0.5206210842928867,-0.1286111535691233
https://doi.org/10.1002/maco.202012039,-0.25906271803378433,-1.175120742569072,-0.9967939724538352,-1.0322688482075524
https://doi.org/10.1002/maco.202011546,-0.3143834395033441,1.3308291487098325,0.04291659274819165,0.33845859825892344
https://doi.org/10.1002/maco.202011578,-0.2881915515164616,-1.236002288003966,0.26620760939981153,0.1840364409094306
https://doi.org/10.1002/maco.202012183,-0.11417499379044048,-1.2450161548912346,-0.03449134866235127,0.5218032887831182
https://doi.org/10.1002/maco.202011567,1.2094279775918026,-0.9863055376455919,-0.4832263962701881,0.17757533645968337
https://doi.org/10.1002/maco.202011558,-0.9675422923649866,-1.3605146998404982,-0.2223586135549291,-0.24331576345280392
https://doi.org/10.1002/maco.202011980,-0.3434862232678979,0.40119346949994644,2.854544074467885,2.662720774920443
https://doi.org/10.1002/maco.202011886,0.4242061983300105,0.8940057191012978,0.08465502825778562,1.61418822763554
https://doi.org/10.1002/maco.202011653,1.371210913043401,1.1898117151877066,0.038729404015961845,1.096577210981563
https://doi.org/10.1002/maco.202011938,-1.246694000437244,-0.2112327797390995,-0.4811378012378314,-0.429875557595023
https://doi.org/10.1002/maco.202011878,-2.000329380964237,1.758284269691615,0.40267408964267365,1.359443127646391
https://doi.org/10.1002/maco.202011539,-0.6058739199592386,-1.4262328219823535,-0.600419801833288,0.20501326566973652
https://doi.org/10.1002/maco.202011665,0.1965784180100991,-0.02487812009978161,0.3319657747376375,0.5314284936204915
https://doi.org/10.1002/maco.202011669,-0.06992257453194994,0.8250278722820207,1.2782038154095363,0.2061081113788054
https://doi.org/10.1002/maco.202011689,-0.05785191361714779,-0.46249193603305466,1.5011591440596608,-0.4333457502844248
https://doi.org/10.1002/maco.202011842,0.06157975258143946,-0.3035835728453032,1.9584843893695758,-1.2382425933825263
https://doi.org/10.1002/maco.202070011,-1.1357223110272923,0.6894502446095898,-0.7441977210076898,0.07211139149787939
https://doi.org/10.1002/maco.202011777,0.15732972806382736,0.287407166752165,0.10650959090508309,0.08368868560761368
https://doi.org/10.1002/maco.201911389,-1.0718944875782945,-1.120421042463027,-1.2408430709840523,0.40356939692547084
https://doi.org/10.1002/maco.202011721,-0.2542709220963377,0.20803614935339548,1.2649571001107418,-1.0625502513295302
https://doi.org/10.1002/maco.202011579,-0.9874302078282587,0.6085796445161977,0.1195294388789757,1.4400957805136552
https://doi.org/10.1002/maco.202011781,-0.8135470186903023,-0.6836089808699372,-0.718078318624126,-0.8649798407688704
https://doi.org/10.1002/maco.202070074,0.13904338542298675,-0.6509984564118195,1.0097968711411476,1.9006985903958282
https://doi.org/10.1002/maco.202011850,-1.3846517603422857,1.7729250365489941,0.8160635460536106,-0.4300149494828317
https://doi.org/10.1002/maco.202012194,-1.1104383125658455,1.267677717275557,-0.05437223739370903,0.3387844798165236
https://doi.org/10.1002/maco.201911378,0.02142970822868963,1.8572373531571742,-0.4033876859802553,1.1579204112209436
https://doi.org/10.1002/maco.201911167,-0.39701110692090175,-0.1592043644933014,-0.7477397040968939,-0.39700865228413484
https://doi.org/10.1002/maco.202011527,0.5743996460117765,-1.189592063561453,-1.097648498000562,0.1968053054670203
https://doi.org/10.1002/maco.202011902,-0.6523484022291484,1.0150236400007446,1.9575197022842161,1.7262634005367656
https://doi.org/10.1002/maco.201911421,-0.41554955578349256,-0.8214452512719082,0.3052734611364303,0.1605847185597708
https://doi.org/10.1002/maco.202011545,1.388289347651728,0.4958214055284771,1.2199509351366615,-0.8563258744222374
https://doi.org/10.1002/maco.201911387,-1.0835092038029028,1.311715441670017,-1.2410527491230225,0.18862655399213749
https://doi.org/10.1002/maco.202011662,-1.8086209186899935,-1.2761374275091732,-0.8137167044863315,-0.2577234941988955
https://doi.org/10.1002/maco.202011827,0.7352401699622856,-0.8890312246907283,-0.08242847149698414,-1.1595124385469424
https://doi.org/10.1002/maco.202012197,0.357957308140647,0.2440733536798258,0.8083490950073796,1.0516786325912129
https://doi.org/10.1002/maco.202011657,0.9687850266901642,0.7823584107431566,0.1762457398615579,0.48962783817899724
https://doi.org/10.1002/maco.202011940,-0.6556850756878064,1.6338815910801001,-0.9370012388837319,-1.2553296637544915
https://doi.org/10.1002/maco.202012188,-0.030589653378819182,0.23736125694622306,2.0315972678283996,1.6912667895248972
https://doi.org/10.1002/maco.202012120,0.33180815928418655,-0.4955625327721847,2.1385980683963854,0.6835399446712608
https://doi.org/10.1002/maco.202011604,-0.07217024044629887,-0.3341843587525601,-0.22566786967791908,1.0837740306291532
https://doi.org/10.1002/maco.202070024,-1.516059794763834,-1.5262304578104569,0.21624738410413974,-1.6094686558868454
https://doi.org/10.1002/maco.202070036,-1.771997039246587,-1.3419037745504265,-1.5455076257005402,-0.49717942634621126
https://doi.org/10.1002/maco.202070034,-1.469160949099892,0.17208583271155314,1.1198582115477973,1.4152751840657598
https://doi.org/10.1002/maco.202011654,-0.48729765739228215,-0.5099855626224746,0.39991897968632567,-0.2841186812618775
https://doi.org/10.1002/maco.202070054,-0.7693883358840848,-1.1148014725362285,0.4427733994075722,-0.03133852756856657
https://doi.org/10.1002/maco.202070066,-1.1600010079446963,-1.6128508839146163,-0.6466051791835047,-0.2509040346047969
https://doi.org/10.1002/maco.202070076,-0.9296342784568531,-0.820501519451056,-1.7402284782293826,-0.45863533238665516
https://doi.org/10.1002/maco.202070104,-1.0682596209071962,-1.5021443537082912,0.8660505620918341,0.0940096343033151
https://doi.org/10.1002/maco.202070106,-1.3154535884578735,-0.552892282991218,-1.171930717588144,-0.49616156211318113
https://doi.org/10.1002/maco.202070126,-1.2688298390908892,-1.2175253494255014,-1.095685308892154,-0.7412959085948504
https://doi.org/10.1002/maco.202070041,-2.2544542733729522,-1.0318542902281578,-0.19785301490099594,-1.1168754897705833
https://doi.org/10.1002/maco.202070031,-0.4992674074069033,0.20753105614188996,-0.05739903631035419,-0.5451121058283626
https://doi.org/10.1002/maco.202070021,-1.1331716205288678,0.041787868460926796,0.4393502060828134,2.533057034383472
https://doi.org/10.1002/maco.202070071,1.2594619632509878,-0.2158916343657125,-0.6318207632672349,-0.9420178623530934
https://doi.org/10.1002/maco.202070121,-1.445011095787806,-0.41764175122468505,-0.2445108247413871,-1.6917635992833324
https://doi.org/10.1002/maco.202070091,-1.327290695047688,0.30854631273917066,-0.019068311603684135,-0.7711489613120375
https://doi.org/10.1002/maco.202070061,-0.5932901935496047,-1.0492716803908322,0.7208251403015775,-1.3811355601635795
https://doi.org/10.1002/maco.202070051,-0.21270921611972943,-0.6787647769159881,0.06064746202523606,0.24141457225079607
https://doi.org/10.1002/maco.202070114,-1.4540184179062603,-1.0569222056749144,0.7072025896734462,-0.32381992955790556
https://doi.org/10.1002/maco.202070101,-0.9656453453463216,-0.6109487166155568,-0.7831462191465036,-1.2225237594489602
https://doi.org/10.1002/maco.202070081,-1.051038565895372,-1.359029361007491,1.4713679601248635,0.21201529148678158
https://doi.org/10.1002/maco.202070111,-1.6680433164332835,-0.48040877183259983,-0.777556773218116,-0.9232883938975558
https://doi.org/10.1108/acmm-01-2021-2422,0.37228658587724056,0.559165831645836,-0.32824860233980246,1.38352855809482
https://doi.org/10.1108/acmm-07-2021-2522,0.9736721956576818,0.7074038130431421,-0.6530551163519914,0.17110193022933237
https://doi.org/10.1108/acmm-05-2021-2487,-0.035676027655290835,0.028652966601496046,-0.2496344317706597,-0.779155520353856
https://doi.org/10.1108/acmm-01-2021-2426,1.0251742132350856,-0.6898504545490158,-0.18525849846798104,1.2314646452696796
https://doi.org/10.1108/acmm-07-2021-2518,-1.6608568699544215,-0.10079183030450654,-0.7891809022071384,0.011121116922044746
https://doi.org/10.1108/acmm-03-2020-2286,0.6701167645742366,-1.8134066699933535,-0.5329972350173044,-1.3681459520068537
https://doi.org/10.1108/acmm-07-2020-2342,1.20055161656998,-0.6070262571262638,0.3343450334682521,-0.9876603008221282
https://doi.org/10.1108/acmm-06-2020-2338,-0.28902516897522407,0.1441114071377498,-0.03279338877714764,-0.8026296223034569
https://doi.org/10.1108/acmm-03-2021-2459,1.9464067030490049,1.2116002743620973,0.8825261322847684,-0.29875406578993874
https://doi.org/10.1108/acmm-11-2020-2407,0.2494420483506707,1.8212570265497199,-0.048754318604330375,-0.1398169818910251
https://doi.org/10.1108/acmm-09-2020-2367,0.737144030350284,-0.8051267201753851,-1.036418912814452,-1.0542223981793017
https://doi.org/10.1108/acmm-03-2021-2453,-0.5816467878076009,-1.1080306647905065,-0.7429378739107956,-0.09762418292916854
https://doi.org/10.1108/acmm-05-2021-2488,1.7641197836473523,0.17078207795524825,0.17309289784570958,-1.5420872665326928
https://doi.org/10.1108/acmm-04-2021-2470,-0.23151685471914835,0.9332057623622892,0.2918697007117301,0.7736799862486882
https://doi.org/10.1108/acmm-03-2021-2462,1.842839152426562,1.4798185519446787,-0.9288116466198915,-0.07227790288622646
https://doi.org/10.1108/acmm-12-2020-2414,0.15077693837582534,0.4530450252834424,0.060661663129648075,-0.7968694736141673
https://doi.org/10.1108/acmm-01-2021-2429,1.0427537803017413,-0.812680477590222,0.04255644200065979,-0.6676134100770952
https://doi.org/10.1108/acmm-09-2020-2377,1.7001050576050307,-0.6065797810437193,-0.1719455728467406,-0.3427344477886914
https://doi.org/10.1108/acmm-04-2021-2478,0.47938147037966705,0.9847831480141083,-0.9047567692871106,0.19785385925205162
https://doi.org/10.1108/acmm-05-2021-2486,0.05755103860968059,0.44802932682044994,0.43993676592274006,0.10772512532340484
https://doi.org/10.1108/acmm-03-2021-2447,1.5296519607311552,1.0523319889038465,-0.8321773083529638,0.12220932418030798
https://doi.org/10.1108/acmm-09-2020-2378,-0.4303990179454944,0.9768914419011354,0.640685012559231,0.36193761358695103
https://doi.org/10.1108/acmm-08-2020-2357,-1.0087417494890232,-0.36067604149180743,-0.5043310285456036,0.3948665461880935
https://doi.org/10.1108/acmm-02-2020-2265,1.2060773344566376,1.4414940756924601,-0.3181846332006383,-0.4086849524594005
https://doi.org/10.1108/acmm-11-2020-2402,-0.10365260072613815,0.6690278715086277,1.1402281689053453,-0.2361077042744112
https://doi.org/10.1108/acmm-12-2020-2417,0.7408223378696078,0.1526895568252728,-1.234353315896068,-0.8815628141157937
https://doi.org/10.1108/acmm-05-2021-2483,0.8770647574866443,-1.50249272812401,0.2153697236365529,-0.9447834997735914
https://doi.org/10.1108/acmm-06-2020-2336,0.3045421706148103,-0.08269519800275035,0.2599491451686436,-1.8531588280823557
https://doi.org/10.1108/acmm-08-2021-2524,0.6388432989038856,-0.5818226796444883,0.4967187725454417,-1.3277286232704473
https://doi.org/10.1108/acmm-12-2020-2412,0.2760890474352537,0.20699122452822333,0.11914457096355234,0.055456662891867264
https://doi.org/10.1108/acmm-10-2020-2385,-0.8840173682211035,-0.1382888079731456,-1.5389851648443202,-1.003172404687739
https://doi.org/10.1108/acmm-11-2020-2403,-0.08028537217204541,0.6843900399242615,-0.5334650744073767,0.11793094860452946
https://doi.org/10.1108/acmm-06-2021-2496,0.5174395511164744,0.5319225457914724,-0.3464289885896672,0.24719011109942485
https://doi.org/10.1108/acmm-08-2020-2356,-0.1905453401512838,0.8309552096391446,-0.8302507153929611,-0.7523948195920453
https://doi.org/10.1108/acmm-03-2021-2463,0.2310007582110681,0.0881178312578734,-0.8765981165586634,0.3039025033538191
https://doi.org/10.1108/acmm-04-2021-2467,0.7979230614062707,1.111760223230652,-0.10870000866411637,0.08655737900568966
https://doi.org/10.1108/acmm-12-2020-2408,3.0596804525643537,-0.3932693389753175,0.1206123543762222,-0.30505039376190896
https://doi.org/10.1108/acmm-04-2021-2473,-0.5035292271203318,1.4815374273303004,0.3658452588631626,0.0982739473017089
https://doi.org/10.1108/acmm-04-2021-2471,1.891421306111364,0.6062670338800615,-0.5911860753606343,0.6635466547701621
https://doi.org/10.1108/acmm-10-2020-2388,-0.39100381771318804,-0.6140366978010783,-0.6908070028191516,-0.958060046118877
https://doi.org/10.1108/acmm-10-2020-2397,-0.2530277432816066,1.1521535767397961,1.061372749357253,-0.7320282383324562
https://doi.org/10.1108/acmm-12-2020-2413,0.6241394808035302,-1.4955809080961673,0.05389052842778421,0.06352139007466631
https://doi.org/10.1108/acmm-12-2020-2420,1.6901742284523076,-0.16200913453018148,0.3640301703528843,-0.08245115075158145
https://doi.org/10.1108/acmm-09-2020-2376,-0.22963242362004088,-0.929575783349614,0.15573917032195858,1.092775846434363
https://doi.org/10.1108/acmm-09-2020-2374,0.745172689705877,1.568874013489745,0.22334548492910397,-0.5639253732179006
https://doi.org/10.1108/acmm-07-2020-2346,0.594471215614556,-0.7081315935056008,-0.6061605669600821,-1.3339886382085107
https://doi.org/10.1108/acmm-02-2021-2440,0.4678935369533769,0.9932813537254191,-0.4741462891275283,-0.7795826644992826
https://doi.org/10.1108/acmm-06-2020-2334,-0.21488148660259615,-1.1269283896126123,0.7426717479637046,0.8453087401655247
https://doi.org/10.1108/acmm-08-2020-2359,-0.27582482586090434,1.5116521708234025,0.5443205066416013,1.3957586418093828
https://doi.org/10.1108/acmm-03-2020-2270,-1.1527934325065963,0.7271648034467472,-0.6787123290653045,-0.8045392580147961
https://doi.org/10.1108/acmm-03-2021-2449,1.5781069785031345,1.4214549013067168,-0.0733479234828065,-0.6927133875614301
https://doi.org/10.1108/acmm-11-2020-2405,-0.247786895342333,0.768628712998229,0.464453971777473,-0.8924993222701463
https://doi.org/10.1108/acmm-06-2021-2503,2.021863525219606,-0.6844385973849961,0.6121817309359505,1.7301890878384893
https://doi.org/10.1108/acmm-03-2021-2460,1.929088675793725,1.6354411984322095,2.617043446008841,1.5508190957576091
https://doi.org/10.1108/acmm-08-2021-2527,2.2682834993823002,0.5419383638809723,-0.04025741171388092,0.558553280231779
https://doi.org/10.1108/acmm-07-2020-2339,-0.22247729633945548,-0.28310581934426104,-0.5745877391895621,-0.20315747827550965
https://doi.org/10.1108/acmm-10-2020-2384,2.0950256050845546,-0.5735075800301556,2.2346339739374703,0.44054577862941
https://doi.org/10.1108/acmm-10-2021-2555,1.7021388938824458,0.8967111121656978,-0.5378078618620099,-0.4090200183083078
https://doi.org/10.1108/acmm-12-2020-2411,1.1051842792821118,0.9337941968919299,-0.2309792716414161,-0.24505601509540662
https://doi.org/10.1108/acmm-06-2020-2328,0.4407294781225882,-0.28053399802775614,1.1200059833155858,-0.3037820013841467
https://doi.org/10.1108/acmm-02-2020-2257,2.0789028848890596,0.0933729642751604,-0.770381178372191,-1.2330848655567543
https://doi.org/10.1108/acmm-07-2021-2505,0.3538337703005458,0.6649790143510413,-0.9953301396276394,-0.5291368278378964
https://doi.org/10.1108/acmm-07-2021-2521,0.16797590235034754,1.1056659737049042,-0.12238433847463503,-1.0058735606516527
https://doi.org/10.1108/acmm-03-2021-2454,0.1382076641917392,0.43094888195738834,-0.6903288280833787,-0.5451761131093222
https://doi.org/10.1108/acmm-04-2020-2295,3.150884092906678,0.09129519256135717,-0.26342427175984345,0.4089774816506465
https://doi.org/10.1108/acmm-10-2020-2389,-0.6000276289710174,-0.18140915657923004,0.277335296867185,0.7299036947568743
https://doi.org/10.1108/acmm-03-2021-2456,1.4726816138095002,1.8595972950965638,0.33212642404705117,0.2758607554836369
https://doi.org/10.1108/acmm-04-2021-2472,0.2728532426787752,0.13594852366742022,0.0037769081485815328,0.39303826209861237
https://doi.org/10.1108/acmm-12-2020-2409,0.4152983638670836,-0.09048485833647825,0.19643469026638952,-0.8265757263951979
https://doi.org/10.1108/acmm-06-2020-2335,-1.0733180155127253,0.008839799659790471,-0.5715106221497954,-0.4713951837983804
https://doi.org/10.1108/acmm-02-2021-2439,1.366357090576768,0.7420134606559055,0.012780617450446494,-0.705743153786971
https://doi.org/10.1108/acmm-03-2021-2464,-0.21445126638884698,0.890819022706021,-0.23344983995403798,-0.28105068656527843
https://doi.org/10.1108/acmm-04-2021-2468,1.5099697918190915,-0.8914557530676267,1.53236466606778,0.1114837682758434
https://doi.org/10.5006/3741,0.4403325076978072,-1.3298430047463845,-0.09854071007480862,0.6924371882169706
https://doi.org/10.5006/3749,1.0629333252520001,-0.6351686647951444,-0.8472645724065966,-1.3004753680934862
https://doi.org/10.5006/3906,-0.10607396130435488,-0.28876436155146185,-0.03503355883055212,-0.5260045039693361
https://doi.org/10.5006/3675,-0.4128199109562504,1.2118816188695412,0.7225545849303827,-0.29008131676170695
https://doi.org/10.5006/3844,0.6879183847722835,0.13897580852827404,-0.1587535692162949,0.20687087099912366
https://doi.org/10.5006/3894,-0.4564213335632311,-0.030072636277497324,-0.45454547823298974,-0.3452961406800922
https://doi.org/10.5006/3685,-0.25183142260171476,-0.7627366818046423,1.7020406942344297,0.500479326882495
https://doi.org/10.5006/3833,0.5683465370267619,0.40717972128589325,0.03522347222630747,0.04421729859393866
https://doi.org/10.5006/3872,0.1754399513199588,-1.0329407496196608,0.35684744003692276,-1.245482269134843
https://doi.org/10.5006/3490,0.4801214966965337,-0.33100658543669986,0.8809004640882403,0.5452528746583593
https://doi.org/10.5006/3902,0.5278722987787643,0.043302568576026386,-0.3442274258610761,2.9314401848369327
https://doi.org/10.5006/3667,-0.4575893445651214,0.9964493249200091,0.1302336300701806,0.6039406670488959
https://doi.org/10.5006/3879,1.1745602538365152,-1.3138067930208222,1.3351285303651528,0.5910385540039355
https://doi.org/10.5006/3699,-0.9794961373715163,0.705050152326056,0.20134355991042932,-0.1806022837535919
https://doi.org/10.5006/3797,0.9545618139514116,-0.12157421786937953,-0.36720021579676027,-0.5231052879894722
https://doi.org/10.5006/3812,-1.301290385820235,-0.7196629046766273,-1.2713715271691435,-1.1779383580084999
https://doi.org/10.5006/3561,0.9392295064142394,0.4830352721738624,-0.8760250823113318,-0.13524155189221782
https://doi.org/10.5006/3939,-0.5638493828498143,1.0440889339631465,1.5941405520193852,0.7468656882351669
https://doi.org/10.5006/3643,-0.33454200153633007,-1.167641688991464,-0.9900527019889778,-1.2582574887807672
https://doi.org/10.5006/3858,0.248046898303661,-0.6832773418275141,2.9786233135958726,0.997547862511974
https://doi.org/10.5006/3744,-1.0299982310823008,-0.5825483262579683,-0.09541618391836605,0.7430768418374659
https://doi.org/10.5006/3799,2.2319202673407195,1.1527612888599874,-0.5481564655217349,-0.43381441508250856
https://doi.org/10.5006/3730,-0.49017918835277974,0.40820481097340056,0.429738676157763,1.386412660515722
https://doi.org/10.5006/3967,0.4616733443917525,-0.8407392700374178,-0.19900718306847837,-0.9676571738866664
https://doi.org/10.5006/3711,-0.6074987750251465,0.293159317957021,-0.8584120556468272,-0.16941062661602424
https://doi.org/10.5006/3714,-0.5669932919804337,-0.7762461682006813,1.4368221132501113,2.2771696718745336
https://doi.org/10.5006/3811,-0.6406302782716451,0.10164185284869284,2.6625193358091166,0.36704615825983783
https://doi.org/10.5006/3689,-1.076223832234473,0.4110313231244391,0.7340951064424992,-1.0517422079854024
https://doi.org/10.5006/3868,-0.4247961935420889,0.16610731874492438,-0.021725918709319895,-1.139741120730221
https://doi.org/10.5006/3842,0.5728990121780637,0.8899167369614654,-0.2550258389705408,-0.5923442908277972
https://doi.org/10.5006/3802,-0.5419154529446355,0.14529991599314732,0.8026833807717393,0.49120763149507907
https://doi.org/10.5006/3697,-0.8623463123405843,0.7035823895697616,-0.1126814425481107,-0.9755642886996501
https://doi.org/10.5006/3514,-1.5057894858424197,0.4032654859796829,-1.3848733248520253,-1.338460600183689
https://doi.org/10.5006/3820,-1.660957598041301,-1.3853061963908082,0.6388970100191488,-2.0333607563474456
https://doi.org/10.5006/3908,0.3282457862382115,-0.16874055488190043,1.3477031362552734,-0.18971436113473042
https://doi.org/10.5006/3746,-0.4701035063508552,1.5209911278385317,-0.41104176855594954,-0.9103061853034646
https://doi.org/10.5006/3732,-0.3090771582354104,1.2540613532885965,0.06169395320799554,0.8640368098332788
https://doi.org/10.5006/3779,-0.47549530708211657,-1.5558303077241875,0.10298941024429165,-1.126494702649395
https://doi.org/10.5006/3871,-0.4796992471104737,0.3063593366435075,1.0919146782511804,0.5594688299397482
https://doi.org/10.5006/3548,1.0219963527589044,-1.1535496561031484,-0.5728573729980957,-0.04937352275373994
https://doi.org/10.5006/3840,-1.223820161334192,-1.9450208693452018,1.3990451133779935,3.646872874444375
https://doi.org/10.5006/3786,-0.2644708225823534,0.13770046688991547,-0.20507187741559388,-0.62222661906818
https://doi.org/10.5006/3674,-0.48993714969423013,0.5731172255463864,-0.018776383500365805,-0.29873311791161333
https://doi.org/10.5006/3778,-1.1114707167655675,0.7384903858520446,-1.0867672518236067,-0.518778681606328
https://doi.org/10.5006/4019,0.7187773220659388,-1.0608571143961247,-0.14331352415669515,-0.43941156263457504
https://doi.org/10.5006/3860,-1.0357681186237897,1.5092167382881998,-0.3715515878346097,0.030011390805966896
https://doi.org/10.5006/3736,-0.06347028148906406,0.9660016605607867,2.7548281381718813,2.4715871896613715
https://doi.org/10.5006/3618,-0.4822363776986922,1.058215597237058,0.04582220471649292,0.9634791698645375
https://doi.org/10.5006/3721,0.128179128228421,-0.1594238888874495,1.6706663649102025,1.1293660928308369
https://doi.org/10.5006/3718,-0.025107280134131237,0.508962857639484,0.5758840839665275,1.3183221816190973
https://doi.org/10.5006/3787,-1.462410916481305,-1.0300869286453807,1.1053473801949165,-2.17347375263626
https://doi.org/10.5006/3805,-0.437963264835314,-1.3840568862762201,0.0726248351729815,-1.3576178597190383
https://doi.org/10.5006/3793,-0.8529194772793448,0.05398189315587949,-0.5306951652251621,-0.7250120997182768
https://doi.org/10.5006/3763,0.08809710282907791,0.7538069329205446,-1.3540164972864444,-0.16287713341448476
https://doi.org/10.5006/3663,0.46527023350368363,1.0816036554901396,-0.37653796402610523,-0.07334964358766695
https://doi.org/10.5006/3885,1.008415471525894,-1.3678208945661274,-1.9555463381540648,-1.5620841334324163
https://doi.org/10.5006/3963,-1.3070413427854257,1.0272205459244936,0.31608377435869256,-0.5603121093149612
https://doi.org/10.5006/3717,-0.9948107677279378,1.2111113336130077,-0.3602401512766454,-0.20028429315273744
https://doi.org/10.5006/3572,-0.31085814368130643,1.2309126751275656,-1.1553450247586257,-1.2296120672780577
https://doi.org/10.5006/4000,0.8396113590918326,-0.9004064136691426,0.25888826728751885,0.16596213234838034
https://doi.org/10.5006/3790,-1.025770315051192,1.1710935563684683,0.5409409879640786,-0.3072279541277048
https://doi.org/10.5006/3949,-0.9568614451165487,0.18487504696281487,0.09924994677138818,-0.03148934174843084
https://doi.org/10.5006/3813,0.7193462595018064,-0.7495055215368908,0.06979297585297825,0.802193951697265
https://doi.org/10.5006/3942,-2.1234354661309585,1.2146100394251587,0.8215938641711401,1.1075223888553969
https://doi.org/10.5006/3854,-0.9860158006536319,0.692746213950824,-0.35906168724813914,-0.33365448992239444
https://doi.org/10.5006/3867,-0.787355650427124,-1.4824494350571495,0.9649775509058194,0.5784157932146473
https://doi.org/10.5006/3839,-0.29292720152603324,0.3576530098283626,0.01582830308108956,-1.1377484508461913
https://doi.org/10.5006/3916,0.3219927453503933,0.5741534959099115,-0.6379104353911255,-0.8977408169600579
https://doi.org/10.5006/3725,-0.3198101966612112,0.6875861813993052,-0.7383127645026427,1.4925758197096186
https://doi.org/10.5006/3759,-1.6894763591330748,0.7383386273741168,-0.5391660601565116,-1.667034789925221
https://doi.org/10.5006/3822,-0.05869842070789284,1.301557231647276,0.22477813534757543,-1.2253839699949565
https://doi.org/10.5006/3925,-0.12812797262139133,0.2830582405248853,0.5381754576447907,0.26640164147771955
https://doi.org/10.5006/3965,-0.4513706114201342,-0.9611235397044625,0.2803695113261459,-0.40289146631627404
https://doi.org/10.5006/3705,-0.3016928618798429,0.33861383234034154,-0.49848902833518005,0.2229714956889167
https://doi.org/10.5006/3774,-0.2660898998867355,-1.0015239240030946,1.0015564549292233,-1.7251312485562573
https://doi.org/10.5006/3556,-1.598472058663213,0.32619878992976525,-0.6781574131642403,-0.7181954777459832
https://doi.org/10.5006/3814,0.6437519967608686,0.49535523921535807,-0.9476866035194647,-1.2686467272470812
https://doi.org/10.5006/3454,-0.5091270838808823,0.31462420117759266,0.5394295210690417,0.3928905746099942
https://doi.org/10.5006/3852,-1.0806809263786392,0.8212120263357338,1.7539827267606425,-0.791909244393403
https://doi.org/10.5006/3703,0.7290824516416565,0.3130471959519616,-1.0393846344969087,-0.8005649315631536
https://doi.org/10.5006/3866,-0.4262794212883981,-1.254399359286036,-0.3656626458772005,-0.4854247105386126
https://doi.org/10.5006/3831,-0.1351701269895731,-0.7619585768335461,0.9887250866974518,-0.8327523516436337
https://doi.org/10.5006/3576,-0.955493908808228,0.6462373583252592,-1.0789658076885116,-0.4091981453963683
https://doi.org/10.5006/3760,-0.09667128436712669,-0.012716588821213718,1.0541987901352634,-0.06395511492349028
https://doi.org/10.5006/3688,-1.596365173309896,0.2503032201893014,1.5124293638402626,0.20025741762036925
https://doi.org/10.5006/3748,-0.336769579741892,0.6583440721495148,-1.1788896394408106,-0.8127090248090942
https://doi.org/10.5006/3782,-0.8824151676818252,-1.299166835096295,0.7218545093870503,0.07945895255038252
https://doi.org/10.5006/3686,-0.7269479214352945,1.5901744086440932,-1.1853308942187923,-0.5930683848997897
https://doi.org/10.5006/3788,0.08974372943572571,-1.1266492187972983,-0.5843487168950267,-1.2888545170056145
https://doi.org/10.5006/3881,-1.123819819125555,0.7468804151847568,-0.8122360242411685,-1.8804908109985068
https://doi.org/10.5006/3917,-1.5160077464648312,-0.358827826175027,1.8452715405593056,0.5463813210323313
https://doi.org/10.5006/3768,-0.08837913592481693,-0.1525752590049565,-0.3797388646059064,-0.512423009321076
https://doi.org/10.5006/3728,-0.32997602317152597,-1.0036122664667904,0.8288300523158777,0.5920862164883832
https://doi.org/10.5006/3742,0.44667284756243375,0.6806387349626317,1.1077359848128676,2.4159188686060946
https://doi.org/10.5006/3914,-0.7726474347806985,-1.4958278399360772,-0.555356812392628,-1.454412391076251
https://doi.org/10.5006/3824,-0.048566572983202175,-1.378936483367916,2.396188094269104,-1.3103435420489937
https://doi.org/10.5006/3912,0.8745033731620432,-0.28257392739752446,-0.5201879572592931,-0.5795491520627466
https://doi.org/10.5006/3855,0.11355526006684015,0.2898878106563243,-1.418306885620085,-1.6891677151705922
https://doi.org/10.5006/3810,1.4944598560161482,1.0907556482301497,0.022216812057650463,0.8490987009670663
https://doi.org/10.5006/3936,0.27380488317409574,-0.0682346581009629,-0.6429657770956743,-0.23573293218956906
https://doi.org/10.5006/3957,1.0271833525785037,-0.9091968677489769,-0.2785779238545647,-0.37082071027390995
https://doi.org/10.1080/1478422x.2021.1921336,0.16106860744729953,0.7204326156769693,-0.9546652167510343,-0.7252484248709817
https://doi.org/10.1080/1478422x.2021.1916236,1.0233843831463885,-0.2957387906753392,-0.4783204231059554,0.1229302537075251
https://doi.org/10.1080/1478422x.2021.1879427,-0.7306330368139723,-1.302945745096162,0.6706797958028803,0.2598642851816542
https://doi.org/10.1080/1478422x.2020.1866844,-0.03499111413691724,-1.4281689883311863,-0.9936281559123628,-0.035120219064233404
https://doi.org/10.1080/1478422x.2021.1919840,-0.12267175735979587,0.8708290839478379,-1.022331379552381,-0.21099243619323801
https://doi.org/10.1080/1478422x.2021.1961664,-0.6595457485628157,1.000346415775661,-1.3573787432263216,-0.698712486577461
https://doi.org/10.1080/1478422x.2021.2005227,0.22323790573656957,-0.6178626719584528,0.66613086664707,-0.7416326007997586
https://doi.org/10.1080/1478422x.2021.1954137,-0.8358798451338479,-1.6683231319739658,1.8454007966328552,2.1917494985367805
https://doi.org/10.1080/1478422x.2021.1976086,-1.3645238784408904,0.6425082866426963,0.6264067181705825,0.8642285529405113
https://doi.org/10.1080/1478422x.2021.1994107,-0.034812752362554954,-1.109468311404708,0.7430124785002103,0.5309953104476293
https://doi.org/10.1080/1478422x.2021.1992132,-1.1710168332365474,0.6983581492163761,-0.7122154691120239,0.4872011916902721
https://doi.org/10.1080/1478422x.2021.2019881,-0.9906544076879157,0.5735974307770795,0.5387134722238179,-0.4244121398623494
https://doi.org/10.1080/1478422x.2021.1920171,-0.10156047236234703,1.465449895039224,-0.02233267088325073,-0.15791177750091617
https://doi.org/10.1080/1478422x.2021.1931737,0.9271192779553982,-0.9356921246749274,0.4989272384724699,2.580631750109554
https://doi.org/10.1080/1478422x.2021.1987376,0.8201125164801799,-0.5545100343752623,-0.14914764500970257,-0.35174778178180566
https://doi.org/10.1080/1478422x.2021.1982113,0.4241931257299379,1.705687360595914,-0.43872868755219246,0.3126557474730063
https://doi.org/10.1080/1478422x.2020.1861732,0.12343760144442276,-0.08484422856030208,-1.1349282601622597,-0.5397662971253119
https://doi.org/10.1080/1478422x.2021.1922811,0.9495757771440969,-1.2374818300980512,-0.1322644023922001,1.0800759312379087
https://doi.org/10.1080/1478422x.2021.1917864,-1.189564745015524,-0.5839716083560995,0.02563692952149449,1.5922952081281927
https://doi.org/10.1080/1478422x.2021.1923178,-0.831452894451289,1.4821368416675023,-0.15907508412546958,1.4118079240196102
https://doi.org/10.1080/1478422x.2021.1931646,0.58992326101081,1.1878756998434394,-0.14465311286861265,0.9141519567316528
https://doi.org/10.1080/1478422x.2021.1976085,0.2711300815532964,1.37872113025199,0.7613415820179129,-0.5849965611616372
https://doi.org/10.1080/1478422x.2021.1980647,-1.6235607034330646,0.7376913902628753,-0.6054468367455847,0.7480995507699709
https://doi.org/10.1080/1478422x.2021.1937452,-0.9677763147263949,-1.0656950300035828,-0.6069936937247425,1.9071946964174984
https://doi.org/10.1080/1478422x.2021.2015823,0.1879615273732735,-0.929256161616447,-0.3201476036183231,-0.36788396920686095
https://doi.org/10.1080/1478422x.2021.2010873,1.1611904829725992,-1.1981548213945763,-0.4479307462423813,-1.2234417325237512
https://doi.org/10.1080/1478422x.2021.1879426,0.5529069600107119,-1.5043134589558231,2.8415629745517568,0.08896872277472331
https://doi.org/10.1080/1478422x.2021.1961663,1.2061899478106786,0.03826360923871381,1.0502491316602116,-0.1359628122198607
https://doi.org/10.1080/1478422x.2021.1901043,0.37327956002345714,0.9968484533608547,0.7425163545820278,-0.19549145857372122
https://doi.org/10.1080/1478422x.2021.2019880,-1.3600907753698293,1.2658521529800224,0.35530331639282375,0.4559065098917863
https://doi.org/10.1080/1478422x.2021.1904096,0.5137948059998636,-0.4933831953776521,1.8573872635556385,-0.5781559813299876
https://doi.org/10.1080/1478422x.2021.1931645,-1.172107051443383,1.7486451110563788,1.110872344739745,-0.3655771932069547
https://doi.org/10.1080/1478422x.2021.1916237,-1.9888729277285315,-0.13251440710982815,-0.9153366578418556,-0.907557077385352
https://doi.org/10.1080/1478422x.2021.1943818,0.4197677332366353,0.4124407593763082,1.001448374671359,-0.23831911899781114
https://doi.org/10.1080/1478422x.2021.1893942,-0.08969111609542131,1.5349972651789194,-0.9154007890990423,0.06095662907272191
https://doi.org/10.1080/1478422x.2021.1916689,-0.52663399240844,0.8208718664225466,-1.6152112068473303,-1.5463686572542004
https://doi.org/10.1080/1478422x.2021.2005228,0.522414479907023,-1.4014184573443091,-0.016671609001200738,0.056433821664160895
https://doi.org/10.1080/1478422x.2021.1927496,1.4469298240057555,-0.11560790530694476,-0.20696140199279625,-0.03840479168436371
https://doi.org/10.1080/1478422x.2021.1941542,-0.3689686251918662,-0.5369825867199024,-0.32094166339750135,0.6793676228359515
https://doi.org/10.1080/1478422x.2021.1998956,0.6916056080795076,-0.8066335323190198,0.1254610056569126,1.8640525126155045
https://doi.org/10.1080/1478422x.2021.1947942,0.6142830436003395,1.1175682129054743,-0.7720675107188865,-1.1481778937593727
https://doi.org/10.1080/1478422x.2021.1886739,-2.0009529380577797,0.5637584226657988,-0.7895094503408548,-0.5113001598186813
https://doi.org/10.1080/1478422x.2021.1918839,-0.25232556043042514,-0.8965097932904108,-1.2374821986315132,-1.7233866249967262
https://doi.org/10.1080/1478422x.2021.2002794,0.3321114826050167,0.11403572895516331,-0.7938047519408674,-0.452168614093876
https://doi.org/10.1080/1478422x.2020.1864097,-1.5857051610790254,-0.5216346439503196,-0.4290073878309496,0.2655245267523059
https://doi.org/10.1080/1478422x.2021.1946250,0.22951867266660586,0.2543834123152754,-0.6227160524125243,-0.6618318306167811
https://doi.org/10.1080/1478422x.2021.1916235,-1.2377869123001535,1.519914266137695,1.0537143457310225,2.9524252371953703
https://doi.org/10.1080/1478422x.2021.1937451,0.03187980644400382,-0.6225459180583889,0.7513503664335505,1.4843532697280326
https://doi.org/10.1080/1478422x.2021.1944552,0.04618205474248157,0.048542800410884754,1.3855022078028594,-1.4575796206871399
https://doi.org/10.1080/1478422x.2021.1979298,-0.0968922876355417,-0.14164841493528904,1.0124784454524673,0.8106761800010184
https://doi.org/10.1080/1478422x.2021.1973175,-0.18629347250955225,1.8038853950498908,-0.002239785817690484,-0.042051425993509035
https://doi.org/10.1080/1478422x.2021.1986248,0.2945340132266074,0.8591209073079907,-0.8593708310690137,-0.4852730256866787
https://doi.org/10.1080/1478422x.2021.1935088,0.9835278731753063,-0.4113421537713027,-0.7532086173460147,0.8611120587701964
https://doi.org/10.1080/1478422x.2021.1972249,-0.8547787624404584,1.2058552680339798,0.020548115026434808,0.1066343914437244
https://doi.org/10.1080/1478422x.2021.1998952,-1.0813362633461656,-0.7050957884590676,-0.3127537827286207,0.23538401385855512
https://doi.org/10.1080/1478422x.2020.1862967,-0.7178998815278205,-0.6536344886091856,1.0292711750457995,-1.4279016910190705
https://doi.org/10.1080/1478422x.2021.2010875,-0.8555955288173508,1.8449672389377476,-0.4579151899252242,-0.12500294831759873
https://doi.org/10.1080/1478422x.2020.1870094,0.8929874484645762,0.47994023173844286,-0.33910162038130864,-1.2398899418993412
https://doi.org/10.1080/1478422x.2021.1935086,0.5310535556452852,-1.0173931532323013,0.028699446355194464,0.06514323238549043
https://doi.org/10.1080/1478422x.2021.1886740,0.5274009890796,-1.1045544892085326,0.2782346913816586,0.995758682161903
https://doi.org/10.1080/1478422x.2021.1916688,1.7233909067668352,-0.185868637933195,-0.048639625619843814,1.54967574637175
https://doi.org/10.1080/1478422x.2021.1961665,0.9003941840936519,-0.7284663247330834,0.8235180373928315,-0.6512798953924789
https://doi.org/10.1080/1478422x.2021.1933309,0.7110452009847222,0.011977063245987808,-0.44745289065534893,-0.04974979065271203
https://doi.org/10.1080/1478422x.2021.1980648,-0.9422866085496865,0.7653260516155833,-0.5876094714278143,-0.9542941510663382
https://doi.org/10.1080/1478422x.2021.1988386,0.09992651595261175,1.3345628825000995,-0.5755059980037248,1.3127007604106258
https://doi.org/10.1080/1478422x.2021.1995582,0.013517555284374063,-1.6803016213373556,1.7121419531160655,0.8155527955547046
https://doi.org/10.1080/1478422x.2021.2016090,-1.0330067736693467,0.5794696089308067,0.0015837090936208368,0.7904097216831655
https://doi.org/10.1080/1478422x.2021.1960781,0.05403203136748055,0.3269638459055049,-1.0905023254301143,-1.2477408136725887
https://doi.org/10.1080/1478422x.2021.2016089,1.899074977250368,1.3540649405747363,0.3076774711102759,0.69089984413646
https://doi.org/10.1080/1478422x.2021.1910193,0.9534264475523967,0.6066505007445483,0.702132877997689,-2.1662141084156654
https://doi.org/10.1016/j.corsci.2021.109939,-0.6199829384272041,-1.1499690465159331,1.7509145704698312,1.4878412074891014
https://doi.org/10.1016/j.corsci.2021.109650,-0.03638324978939847,-1.3448953663703451,-0.01148567807171659,-0.5476921647321307
https://doi.org/10.1016/j.corsci.2021.109664,0.6014280562793609,1.164796521092181,-0.6523215064237657,2.6230786257679273
https://doi.org/10.1016/j.corsci.2021.110023,-0.32116636319523817,-0.11221538680660323,-0.28598045285834395,0.27837532548237964
https://doi.org/10.1016/j.corsci.2021.109343,0.2855569431122588,1.0787155223668585,0.29075179099922815,-0.08285117206443761
https://doi.org/10.1016/j.corsci.2021.109925,0.2838523641460335,1.2852738913429806,1.3768138529059963,1.1430326677256852
https://doi.org/10.1016/j.corsci.2021.110007,1.1559538044940953,-0.07521907656198906,0.0533682737521121,-0.003940639159492572
https://doi.org/10.1016/j.corsci.2021.109744,0.17873533308473558,-0.5442926913836559,1.5179118604059365,0.8842899942586926
https://doi.org/10.1016/j.corsci.2021.109836,-0.3453703403194838,-1.1485130271539497,1.3234170513331238,-0.1917351699532857
https://doi.org/10.1016/j.corsci.2021.109946,-0.11946624357829883,1.1130002713961562,-0.9373930739532537,0.21110888873471134
https://doi.org/10.1016/j.corsci.2021.109589,-2.0419660094447365,-0.053538749570262965,2.4099999193621455,0.11654276827529371
https://doi.org/10.1016/j.corsci.2021.109657,0.8237810745579414,0.04381064447913838,-0.8434379628721108,-1.0186028647241496
https://doi.org/10.1016/j.corsci.2021.109453,-0.21218451501993776,-0.7690980448284179,-1.0069767517948918,-0.47174390850423553
https://doi.org/10.1016/j.corsci.2021.109674,0.6602715592339621,0.935651812815662,2.161822490397585,-0.8929277905672673
https://doi.org/10.1016/j.corsci.2021.109514,0.8567322384875319,0.8026541649195034,-1.8237880203292174,1.8136011127041305
https://doi.org/10.1016/j.corsci.2021.109963,-0.6898124427759684,1.1514118228111692,-0.6810723698745568,0.9054582077804154
https://doi.org/10.1016/j.corsci.2021.109271,0.7033955597158905,-0.7967543907324011,-1.4188073503086112,-0.8791084952231013
https://doi.org/10.1016/j.corsci.2021.109356,0.7186392035654093,0.4551389277413044,1.7625793296385663,3.1765059237097484
https://doi.org/10.1016/j.corsci.2021.110050,-1.414268993701458,0.9091759683074921,-0.4000513293543276,-1.2821999449217087
https://doi.org/10.1016/j.corsci.2021.109995,-0.6731460251406411,-1.3758908948639048,-1.1958874739872354,0.47499049495587464
https://doi.org/10.1016/j.corsci.2021.109460,-2.3315704691490184,-1.8621073167283675,-0.4026223794495438,-0.6159841747277479
https://doi.org/10.1016/j.corsci.2021.109600,-0.6161694484986813,1.711862573675241,2.0589449829358397,2.8343250896341576
https://doi.org/10.1016/j.corsci.2021.109315,-0.6172447038759966,0.08999255746675232,-0.9564622368746191,1.1378625996875862
https://doi.org/10.1016/j.corsci.2021.109525,-0.7744378301217526,1.472891035955997,0.28731271437820394,-1.1251772279179817
https://doi.org/10.1016/j.corsci.2021.109553,-1.2166227805710383,1.0215427103126453,-0.2877071694392645,-1.182344733970024
https://doi.org/10.1016/j.corsci.2021.109272,0.3278901228684843,0.7740652953693479,3.186090320887789,0.26441988221018753
https://doi.org/10.1016/j.corsci.2021.109438,0.5711469839255886,-0.7843891519106228,0.3600941290707858,-0.1548819929120544
https://doi.org/10.1016/j.corsci.2021.109661,-0.09045713073513659,0.24889202958273846,0.2509438762091959,-0.05913416612977145
https://doi.org/10.1016/j.corsci.2021.109798,-1.864402162726891,1.454388448027823,-1.0000185436986118,0.11297988580593603
https://doi.org/10.1016/j.corsci.2021.109390,1.208696971720884,-0.25847737230470846,-1.1081474996078187,0.5952642071932659
https://doi.org/10.1016/j.corsci.2021.109444,-1.0792802484796562,0.8379092484190559,-0.5957111724421245,-0.7388294371946006
https://doi.org/10.1016/j.corsci.2021.109671,-1.367654155166208,0.7382315269763862,-0.3516301736655149,-1.2095967694479046
https://doi.org/10.1016/j.corsci.2021.110037,2.2337401399266095,0.8616722906321659,-1.4790114820888667,0.7999844962229855
https://doi.org/10.1016/j.corsci.2021.109555,2.333777396630601,1.309669275315297,-1.4263091199748201,1.6742690928947537
https://doi.org/10.1016/j.corsci.2021.109829,0.8697926069611421,1.2774830061605433,-1.053007544352751,0.28600154805337497
https://doi.org/10.1016/j.corsci.2021.109999,0.7973344979403982,1.2183988060126234,-0.4221958818540584,1.6118552714181091
https://doi.org/10.1016/j.corsci.2021.109441,0.820172941882765,0.7368309095713594,0.28524087569974277,-0.3767120255513634
https://doi.org/10.1016/j.corsci.2021.109466,0.2562583967138713,0.2501506708565007,0.9528168393283416,0.7347155444896928
https://doi.org/10.1016/j.corsci.2021.109584,0.03943482445331349,0.08105837166242177,-0.577208176103887,0.6786296507044928
https://doi.org/10.1016/j.corsci.2021.110072,-0.5044447820798607,2.4409789189056483,2.294930007985273,1.6642873425200453
https://doi.org/10.1016/j.corsci.2021.109433,0.2814694941753139,0.775574709398217,-0.9370904249402595,-1.5119473155039402
https://doi.org/10.1016/j.corsci.2021.109313,-0.7832444740239761,-0.47754993799998124,3.4358241981552817,2.9093029134936477
https://doi.org/10.1016/j.corsci.2021.109503,-0.6726507173922047,-1.991706321237728,1.9201125439461277,0.5388453229340141
https://doi.org/10.1016/j.corsci.2021.109462,0.16309903814546714,0.8192165281453002,1.247390498824537,1.9531669713031652
https://doi.org/10.1016/j.corsci.2021.109787,-0.03407546707519451,-0.9505614508912184,-0.5827978180826754,1.0153005864610583
https://doi.org/10.1016/j.corsci.2021.109651,0.9458950548796644,-0.5446813411785608,-1.0976187788915874,-1.100565464745489
https://doi.org/10.1016/j.corsci.2021.109777,-0.03010325458305982,1.3273322633008682,0.7473683869376319,-0.06236272814293948
https://doi.org/10.1016/j.corsci.2021.109557,-1.1357916052147838,0.7551297121106654,-1.233750814641705,0.44971373329677355
https://doi.org/10.1016/j.corsci.2021.109702,-0.04816302259673103,-0.618021751614996,-1.2824563840581418,-1.71327776918099
https://doi.org/10.1016/j.corsci.2021.109779,-0.3986817353818847,-0.463080610846792,1.1287401789242744,-1.5611944184195787
https://doi.org/10.1016/j.corsci.2021.109630,-0.24413892129633513,-0.4685307363922208,1.1088332234193101,3.1145971927261127
https://doi.org/10.1016/j.corsci.2021.109629,0.2547056598738628,-0.7148945213046783,-0.662952548000258,-1.1986533760095908
https://doi.org/10.1016/j.corsci.2021.109864,0.8051289697646877,-1.6485084606368503,-0.42253063906992433,0.3193997720129666
https://doi.org/10.1016/j.corsci.2021.109542,1.5359539758000764,-1.2984670873438688,1.0152418455038819,1.0622400413230706
https://doi.org/10.1016/j.corsci.2021.109327,-0.0449071519994906,0.8656392573623811,-0.3921434414299845,1.028752070180506
https://doi.org/10.1016/j.corsci.2021.109332,-1.3216101849187947,1.0643345747120567,-1.1211971698421566,-0.16559996018245582
https://doi.org/10.1016/j.corsci.2021.109857,-1.8643286230258018,-0.3105140650478458,0.009076548833445601,0.587975061092534
https://doi.org/10.1016/j.corsci.2021.109502,0.9037111377447076,-0.25830189751062316,-0.22178660426056143,-1.3993379322874722
https://doi.org/10.1016/j.corsci.2021.109426,1.411145489259909,-0.6801272791107381,-1.0949935746521353,-1.2360180229154847
https://doi.org/10.1016/j.corsci.2021.109920,-1.5344893679730598,-0.32052262574533624,-0.19053854893201894,2.0628311565289565
https://doi.org/10.1016/j.corsci.2021.109552,-0.028971899798645784,-0.6835384158623163,3.219556183676683,-1.8097245831746256
https://doi.org/10.3390/cmd2020010,-0.39619173006934183,-1.0737811412198395,-0.28153335777635025,-1.1241493695152718
https://doi.org/10.3390/cmd2040033,-0.9307851371734004,0.9503022711148663,-1.4788600991344585,0.08356932510685727
https://doi.org/10.3390/cmd2030021,-0.7486420128660333,-1.8252195711561268,-1.4276305390221502,-0.13817402353121028
https://doi.org/10.3390/cmd2020013,-0.6466543450082298,-0.6803483090578843,-0.662572665275946,-0.32696462534423
https://doi.org/10.3390/cmd2010002,-0.04092402130599698,0.5931741596584134,0.13717900431634258,-0.019301104489517412
https://doi.org/10.3390/cmd2040028,0.6418171605053903,-1.407058383647658,-1.1164453177099198,-0.6692215800573155
https://doi.org/10.3390/cmd2040037,-0.07369994609703562,-0.78580080381924,1.474694246286269,-0.05455530904007896
https://doi.org/10.3390/cmd2040030,0.11094965689583484,-0.4767005856722942,0.3911606910594192,1.185487105753576
https://doi.org/10.3390/cmd2020016,1.6074751483679668,1.0202706735916778,-0.9364783258014253,-1.1697068410105615
https://doi.org/10.3390/cmd2030023,0.9945145531826175,-0.5747289501427931,-1.5692356779808205,-0.8414143239272942
https://doi.org/10.3390/cmd2020011,-0.8729578406931202,1.6276450841805485,-0.053527798667810614,0.1747234942365012
https://doi.org/10.3390/cmd2010005,-0.9717995874083454,0.9560528220115133,0.890973912809977,0.6590965273882985
https://doi.org/10.3390/cmd2040034,0.052474576993715584,-0.9773302814948955,0.07681990251786237,-0.8994657610464188
https://doi.org/10.3390/cmd2020008,-0.2833408859218357,0.8151846226423796,-0.23974533467190692,-0.24348047859498767
https://doi.org/10.3390/cmd2030026,0.5006678659074667,-2.4038328396690307,2.188170572224084,0.8279225200558226
https://doi.org/10.3390/cmd2040029,0.3386531606689474,1.2847058248272722,0.8159884297386645,-0.2106804233901574
https://doi.org/10.3390/cmd2040032,-0.27625594065351294,0.30686022789741346,0.6978146200732218,0.12486922478389036
https://doi.org/10.3390/cmd2020017,0.37993141682964904,0.9494221233724773,-0.08550517283827065,-0.2533373349555367
https://doi.org/10.3390/cmd2010006,-0.02747530720370599,-1.5733647127796826,-0.8806457642843196,0.9067815917675051
https://doi.org/10.3390/cmd2020009,-0.27293129218559753,0.7568943301625354,1.6817256837788193,0.03329346350630977
https://doi.org/10.3390/cmd2030019,-1.0806244989130516,-0.071323325345185,0.19508459595170483,1.8475630506820466
https://doi.org/10.3390/cmd2030027,0.33328842287214777,-0.4464020108323253,0.5723676369746938,-1.1226591484811437
https://doi.org/10.3390/cmd2010003,-1.3149583048667592,1.001287580899182,0.0445084763832397,0.08871327885078875
https://doi.org/10.3390/cmd2030022,1.085838073741755,-2.6652000263307922,-0.25265402890959404,0.9000347380139028
https://doi.org/10.3390/cmd2030024,0.7150800369116042,0.4092263799137433,0.02563166833995606,-1.400646072329178
https://doi.org/10.3390/cmd2040040,-0.7807060757355955,-1.150353552270404,0.03326180862740076,-0.12969590449893978
https://doi.org/10.3390/cmd3010001,-0.9836343694706998,1.2620453996472103,-0.06182558852337748,0.651339369825706
https://doi.org/10.3390/cmd2040035,-1.3749854562438184,-1.1719551907865127,2.956285092719615,-1.2804463611897086
https://doi.org/10.3390/cmd2040031,-0.1420549408814956,-0.9476878651799757,0.5399310019907722,0.3513364109228095
https://doi.org/10.3390/cmd2040039,-1.3249807024643874,1.6913894250301813,-0.33835944340686497,0.22296734095146367
https://doi.org/10.3390/cmd2040041,1.050977437160836,-1.0625374640773082,2.5053216807993257,-0.6620423266496306
https://doi.org/10.3390/cmd2010004,0.23384616438913913,-1.0881859077005296,-0.943137681112988,-0.8688454584228908
https://doi.org/10.3390/cmd2030025,0.30343405595573536,-0.40916846475569046,0.9046070964928443,-0.9134778616658938
https://doi.org/10.3390/cmd2040038,0.25534720137663064,0.9962474712344888,1.5786262462148468,-0.15905188603190357
https://doi.org/10.3390/cmd2010007,-1.5541990392299334,0.2201695311959668,0.9372524616058667,0.022770539629877767
https://doi.org/10.3390/cmd2030018,-1.3958463089835493,1.2367573021658553,1.1619630788907305,1.632817134585489
https://doi.org/10.3390/cmd2030020,-0.4940646269871396,0.8371794768499826,-0.11661474318505588,0.1949565482698235
https://doi.org/10.3390/cmd2020012,0.503531730734672,0.3052469469333603,-1.0271934098622657,-0.35364650339377834
https://doi.org/10.3390/cmd2020014,-1.0650584606279483,0.7541675113174116,-0.39033437486528316,-0.3253905191104586
https://doi.org/10.3390/cmd2040036,-0.3699179470428352,0.0678910762821432,-0.33749937779845385,0.7984977748005193
https://doi.org/10.3390/cmd2020015,0.9460724749619048,-0.7936454895112863,0.23353322922999648,-0.5208829516314739
https://doi.org/10.1002/maco.202112569,0.013353239522381764,1.0149313656010372,1.6862111165973568,-0.055172663143024735
https://doi.org/10.1002/maco.202112485,-0.6227316583038326,-0.39896419389570686,-0.12108585695958117,0.8782434273927087
https://doi.org/10.1002/maco.202112530,-1.5757086006244954,1.7141961420060223,0.4302231478470074,1.6182444337249033
https://doi.org/10.1002/maco.202112442,-0.7473220532034864,0.07304010268565511,-0.8133583970051533,0.7343023617921663
https://doi.org/10.1002/maco.202112302,0.422191072633466,-0.3476272706325732,0.7065450604768506,1.3668321142298
https://doi.org/10.1002/maco.202112294,-0.6484469386316334,-1.5303550428050987,-1.1483796338343986,0.7913129126093615
https://doi.org/10.1002/maco.202112505,-0.877463431816792,-0.25213801159155846,-1.6017342592794148,-0.3673835815774941
https://doi.org/10.1002/maco.202112392,-0.43988804808301507,-1.1812143955408863,-0.10150457718108932,-0.8900761473830202
https://doi.org/10.1002/maco.202112347,-0.22965178838529754,0.4034875301028804,0.5000034843813836,0.4599035035020423
https://doi.org/10.1002/maco.202012082,-0.12326957199121553,-0.9391989363152491,-0.6254668620502265,-0.10417932780353464
https://doi.org/10.1002/maco.202112493,1.314116681997539,-0.7532882872770725,-0.6950019934861765,0.02666635930298854
https://doi.org/10.1002/maco.202112511,-0.13996499936689719,-0.8461429685699408,-0.2795193174539981,-0.32704869163841627
https://doi.org/10.1002/maco.202012174,0.8994826536201267,1.7035137421066766,0.2821928950526074,2.4473859785291925
https://doi.org/10.1002/maco.202011822,-0.5073337928958066,1.7630560030216236,-0.10443389239593806,-0.4802321597721068
https://doi.org/10.1002/maco.202012274,-0.13032666563002865,1.1486353344669902,-0.40235617955423575,-0.2762498517408889
https://doi.org/10.1002/maco.202112552,0.003132775306937103,2.1613470701201267,-0.9167254898477822,2.1528380649487353
https://doi.org/10.1002/maco.202112568,-0.6478795836639522,-0.6395404797046852,-0.24678012872379168,-0.5727008011861935
https://doi.org/10.1002/maco.202012133,-0.3207505048930022,1.0829388127056208,-0.29888671727801314,0.17758668058366398
https://doi.org/10.1002/maco.202112280,1.336122328255859,-0.18196225191745777,2.952894579579751,-0.3422611211362854
https://doi.org/10.1002/maco.202112483,0.3680582406828329,-1.0177452776099094,0.747289379958863,-0.46057293710656194
https://doi.org/10.1002/maco.202112289,-0.28195203472191105,-0.22093679969998553,-0.27435928177465996,-0.8821080242619191
https://doi.org/10.1002/maco.202112602,-0.9266827064133808,-0.5563681116869995,0.9454630712259519,-0.4454242708360013
https://doi.org/10.1002/maco.202112557,2.754062672044751,0.8832023905425497,0.8086034869058981,3.0558645536086315
https://doi.org/10.1002/maco.202012132,-0.5751245120615949,0.6558555721298877,-0.8982678962152838,-1.0648932584438968
https://doi.org/10.1002/maco.202112523,-1.7428214145592555,1.1686738641472723,-1.4958525431205856,-0.4010442680038867
https://doi.org/10.1002/maco.202112586,-2.1677316084713905,-0.1517460193755915,-0.7290307044982929,-0.6078541002743943
https://doi.org/10.1002/maco.202112402,-0.5370244268012762,0.7756517402260664,0.3089208058629449,-0.2722710958936226
https://doi.org/10.1002/maco.202112775,0.2358174245522384,-0.9425331207471019,-1.5755238649948076,1.1682732799249302
https://doi.org/10.1002/maco.202112636,0.7369392294693342,-0.6426415442575704,1.000637442115382,-0.8123045141611083
https://doi.org/10.1002/maco.202112551,0.48768098792241227,-0.6069708476209131,3.7558759085565883,0.7384872497079921
https://doi.org/10.1002/maco.202112637,0.534033997749027,-1.247485963820645,0.44526835343271703,-1.2586740877078313
https://doi.org/10.1002/maco.202112595,-0.6738746287089382,0.007654375123797669,0.21268662484079684,-1.7905708575618469
https://doi.org/10.1002/maco.202112791,-0.11268633594115442,0.7295180475726868,0.3276352770841892,0.6411810429883468
https://doi.org/10.1002/maco.202112640,0.6625381855148312,-0.5421398487807063,0.7044415575349757,1.1816725667870827
https://doi.org/10.1002/maco.202112744,-0.9127126781329189,1.8216314053606282,0.20359435554490962,0.9518713224184642
https://doi.org/10.1002/maco.202112363,-0.42329550640193203,1.464140359001088,1.0382030021916573,0.26944359615590563
https://doi.org/10.1002/maco.202012146,-2.0096253750106663,0.8715576056711776,-0.6444546455128057,-1.0385049700514786
https://doi.org/10.1002/maco.202012118,0.17236867261112723,-2.340630503716049,0.30536063850422307,-0.7944238195294488
https://doi.org/10.1002/maco.202112490,-0.8851101912338933,0.4446856431736987,0.00286433527552198,-0.6450791234784481
https://doi.org/10.1002/maco.202012201,0.5966590870859401,0.8739911171477949,-0.7672370340333514,-1.2592999753949883
https://doi.org/10.1002/maco.202112789,-1.4014855142205958,0.28181591192632643,-1.2487512635291456,-0.5531873131032118
https://doi.org/10.1002/maco.202112516,-0.42364563571433056,0.36493018191193716,0.25353963529659057,0.5733659319484977
https://doi.org/10.1002/maco.202112769,0.8535324035672406,1.3814125936799737,0.7072643531602244,0.47298023160021724
https://doi.org/10.1002/maco.202012241,0.350732640537705,0.4611582907411047,0.04928477807993947,0.0443653127192853
https://doi.org/10.1002/maco.202112328,-0.9989103779831142,-1.1327819975084017,0.5365536179564342,-0.00866309472742526
https://doi.org/10.1002/maco.202112371,0.13042537438798343,-0.9631809738886554,2.57742555376795,1.8204590209499725
https://doi.org/10.1002/maco.202112494,-0.028045871359146077,0.9982811941362649,-1.1526211051438415,0.5460491747009177
https://doi.org/10.1002/maco.202012095,0.9564673838393051,0.29535627439927215,0.08643943070604042,-0.25976158613012224
https://doi.org/10.1002/maco.202112298,-1.500725956308061,0.24330611633262825,0.7171962776004212,-0.0343541914457646
https://doi.org/10.1002/maco.202012075,-1.649707601754687,-1.7638894586853193,0.1947863657642814,-0.9852033206547268
https://doi.org/10.1002/maco.202112470,0.18698732070577068,-1.6791357796224162,-0.3866142935253054,2.856450974392598
https://doi.org/10.1002/maco.202112756,0.2971410789322867,1.6335405878031986,-0.17525838447008185,0.02386664345474419
https://doi.org/10.1002/maco.202112751,1.2999208244421554,1.2463665717441021,1.5429646008157787,0.045043639961373096
https://doi.org/10.1002/maco.202112866,0.42078984978736056,0.709734222414788,0.671071781752536,1.7034715618903014
https://doi.org/10.1002/maco.202012190,0.0748615580332459,1.3941925368301744,-0.4022658879717537,-0.36937253850177326
https://doi.org/10.1002/maco.202112415,0.9335536032391595,-0.18813681306323418,-0.08952317042484863,1.2555486593943717
https://doi.org/10.1002/maco.202112426,-0.3339308484873737,-1.280745822201271,-0.6143849457383388,-0.5170914705003593
https://doi.org/10.1002/maco.202112722,-0.15392621968217157,-1.5884178297035958,0.38178520639659536,0.3966172667216677
https://doi.org/10.1002/maco.202112662,0.8890139092346179,0.4038064292069648,-1.680759232245684,-1.5458248518128326
https://doi.org/10.1002/maco.202112752,-0.15699943258267107,0.003609055482104152,-0.10307360876490876,-0.10330648549654091
https://doi.org/10.1002/maco.202012205,0.3609530431870417,0.042108919745959435,-1.6487608721188927,-1.7513328340766543
https://doi.org/10.1002/maco.202012159,-1.122910717182319,-1.2120602376285547,-1.079612162066021,-0.33542233982346903
https://doi.org/10.1002/maco.202112365,1.6512853655105375,0.9577809538647553,0.03141178484299933,3.089338620125551
https://doi.org/10.1002/maco.202112450,1.36973880233275,1.3963066972098992,-0.2114807126443733,-0.4181393543207757
https://doi.org/10.1002/maco.202112826,-0.13098390002263938,-1.479038136745048,-0.689747863210166,-0.7457509056120413
https://doi.org/10.1002/maco.202112465,-0.9402595089765606,0.6995520871663251,-0.7478719515420128,-0.7340964045952614
https://doi.org/10.1002/maco.202112615,-0.527563153834622,0.051073641582252326,0.9625598891257726,2.0589014770855423
https://doi.org/10.1002/maco.202112360,-2.2101447972430046,0.6148570404122348,-0.5219901313638776,-0.6241895212996975
https://doi.org/10.1002/maco.202112373,-1.115566399832922,-1.0228657951206446,0.9959617979937124,-0.9299227473623621
https://doi.org/10.1002/maco.202112382,0.6807725001689627,1.2148975098958703,-0.2570880227032943,0.4818563624220485
https://doi.org/10.1002/maco.202112448,1.278950061477124,-0.9342623584259683,-0.3265305967214631,-1.6275908306276579
https://doi.org/10.1002/maco.202112660,-0.6788451655390527,-1.6835922343093326,0.3541534283354357,0.012762489765540891
https://doi.org/10.1002/maco.202112864,1.2553671159872017,-0.8236521250780627,0.2122596728790318,-0.7143808490215252
https://doi.org/10.1002/maco.202112701,0.7906082578740445,0.9133353295048565,-0.6990714811532788,-0.09208042393215611
https://doi.org/10.1002/maco.202112514,-1.5546125741996453,-1.4890921969095274,-0.5053828168015739,0.028634571023574893
https://doi.org/10.1002/maco.202112742,1.6202378341824295,2.056965434587871,-0.12665881891728767,2.168895483222562
https://doi.org/10.1002/maco.202112759,-0.5986249018314433,1.0884189835929037,-0.4026630827256247,1.1887491679167408
https://doi.org/10.1002/maco.202112755,-0.5411798315028418,-1.2704566517509688,-0.673555015209115,0.3309331099722926
https://doi.org/10.1002/maco.202112297,0.45794111931996656,-0.6114829754443882,1.350697047279879,-0.12617141099382564
https://doi.org/10.1002/maco.202112520,-0.2547020197354146,-2.077034962373893,-0.058124597085474225,0.0032927669462752994
https://doi.org/10.1002/maco.202112753,-1.4766487055148343,-0.9736074613741215,-0.22659849936419907,1.1860334397306602
https://doi.org/10.1002/maco.202112796,1.0545335130718236,1.480323155837614,1.014981114922708,1.5082050008155987
https://doi.org/10.1002/maco.202112795,0.08056252057270848,-0.47265032260073175,-1.088801121784273,1.5456717936977613
https://doi.org/10.1002/maco.202112527,0.0954123006245151,0.8574535304451253,-0.8779263275763513,0.08928040552817008
https://doi.org/10.1002/maco.202112708,0.1845423961734477,-0.6393136522398883,1.1205444159030475,1.194761407587825
https://doi.org/10.1002/maco.202112504,0.5258665657756884,-0.07193119175698826,-0.001262527521277707,-0.5682401922913527
https://doi.org/10.1002/maco.202112433,-0.5888163489505553,0.7305079257536607,-1.110433422192411,0.9444571645641161
https://doi.org/10.1002/maco.202112453,-0.8612856078204946,0.639044447570989,-0.9611990134373923,-0.604658741678888
https://doi.org/10.1002/maco.202112745,2.623190066652111,1.285338509346419,0.6050919333001651,1.9586856651257454
https://doi.org/10.1002/maco.202112359,0.13372478218071876,-1.5185636543155876,-1.1630874277637746,-1.5558873258906607
https://doi.org/10.1002/maco.202112803,-0.7558981092295662,-1.0721914848061602,-0.3216657805195882,0.20651372917849234
https://doi.org/10.1002/maco.202112612,0.11501906545835529,-0.8680188538375314,1.224582198060602,-0.10648576978747702
https://doi.org/10.1002/maco.202112311,-0.5719966042475199,0.0005296803217441886,0.20653489820905652,0.4435668829776797
https://doi.org/10.1002/maco.202012213,0.10355862139093854,-0.963638896626085,-0.1861588719987944,0.02662338086160943
https://doi.org/10.1002/maco.202112652,-1.0847219985314716,1.2732916936694674,-0.5870317468937952,-0.133248768598228
https://doi.org/10.1002/maco.202112385,0.1048637420871787,-0.351977523318994,0.25964078676233443,1.0837403188254608
https://doi.org/10.1002/maco.202112508,-2.0463451761853966,0.46924800558127566,0.5855491028240063,-0.19186132186849153
https://doi.org/10.1002/maco.202112451,0.08690081279503425,-0.52836173105298,1.4493584579683105,-1.180119008904482
https://doi.org/10.1002/maco.202112317,0.8743321192775525,-1.3815561901483573,-0.844901288024417,-0.0952863501316472
https://doi.org/10.1002/maco.202112432,-0.4697437368168413,0.1883535139363313,-0.8469865481373472,-0.15738329455906627
https://doi.org/10.1002/maco.202112762,0.2856919457225285,-1.2204647513781213,-0.932056112848198,-0.21998823745217136
https://doi.org/10.1002/maco.202112282,-0.8337125145290619,-0.9820915011543243,2.05732306281716,0.18332126393369
https://doi.org/10.1002/maco.202112336,-1.209197473848432,1.0820288965528473,-0.6929759057848125,0.19880594754568753
https://doi.org/10.1002/maco.202112340,0.9912983046280328,1.6051868966344711,1.7897120897735068,0.13456689725588972
https://doi.org/10.1002/maco.202112488,1.0140565091633569,0.679814043410699,0.9515066312732356,-0.038644900679514135
https://doi.org/10.1002/maco.202112517,0.4594635459263363,1.542428506604803,0.1342912927017846,0.15218155490740415
https://doi.org/10.1002/maco.202112606,-0.18363021414208927,0.026789589791600562,2.0686419950342514,1.819894572375987
https://doi.org/10.1002/maco.202112703,-1.5573479119279188,-1.1064364765784578,-1.5474634357891952,1.347550241828823
https://doi.org/10.1002/maco.202012260,-0.6032142511545662,0.15192646900120724,1.0996280160023237,-0.6045294602037216
https://doi.org/10.1002/maco.202112760,-1.218775611337634,1.6273987258475195,-0.08716127794471035,-0.06102464159220636
https://doi.org/10.1002/maco.202112836,-1.8185921831355936,-0.8891631384099229,0.197124476537404,-0.14622895632795838
https://doi.org/10.1002/maco.202170091,-0.9510312702376478,0.3234484766359422,-0.29781658045300796,-0.05692058103711883
https://doi.org/10.1002/maco.202011997,1.1563256139671236,0.6447187618288049,0.1475626320318058,-0.17425410365846353
https://doi.org/10.1002/maco.202112419,0.3247976882952006,-0.08474881145364459,-1.1767182624841777,-0.23415716509723222
https://doi.org/10.1002/maco.202112609,-0.23470831423447344,-1.4699994393190117,-0.7131143239559485,-0.7731763728583256
https://doi.org/10.1002/maco.202112459,0.11947205585396051,2.596190577160865,0.734904979794887,1.7132337711378163
https://doi.org/10.1002/maco.202012253,1.3612557721602254,0.07846594399536175,-0.5282052932611594,-0.45803656035065643
https://doi.org/10.1002/maco.202112714,1.081746600115037,-0.8696328572944942,-0.22027909361232328,0.3588519078856591
https://doi.org/10.1002/maco.202112607,-0.8744898481298575,-0.6970754061132477,-1.0586766376210888,0.22697458567763357
https://doi.org/10.1002/maco.202112648,-1.3357938944671843,1.998445772118247,1.066196891652448,0.5500191726843632
https://doi.org/10.1002/maco.202170121,0.4628212660013162,-0.6132635038430755,0.5550368995635011,-1.2964555805588616
https://doi.org/10.1002/maco.202170071,-0.06085146114979135,-1.5947536392377215,1.3376937004251517,1.6825933475438142
https://doi.org/10.1002/maco.202170101,-0.21578172608165602,-0.15491313229955506,-0.5451584606908003,-0.233730253310698
https://doi.org/10.1002/maco.202170111,-0.21544463394686061,-0.059409923091497355,0.5764140072472473,0.7218832300706474
https://doi.org/10.1002/maco.202170044,-0.8396840281435266,0.5429176429185997,1.440989785314071,0.39031773720587803
https://doi.org/10.1002/maco.202170031,-1.19925436274122,0.4002840676933116,0.18431347579425564,-0.7863142866031396
https://doi.org/10.1002/maco.202170061,-0.1849865711531939,-0.4958346411564593,-0.4567663836102421,-0.2715164801269355
https://doi.org/10.1002/maco.202170051,-0.8384475660874205,-0.11136159012148593,1.1484098298692742,0.5827924831101087
https://doi.org/10.1002/maco.202170081,-1.5611725406639685,0.7479460239609703,0.1309125717130636,0.23279811992810934
https://doi.org/10.1002/maco.202170041,-0.7540997497255504,-1.0970260761417967,-0.4248579453170258,-0.09219103030013434
https://doi.org/10.1108/acmm-08-2022-2686,0.3846342215931073,-0.5673235159561805,-0.20905395501477564,1.0666023149981148
https://doi.org/10.1108/acmm-06-2022-2664,0.8956151575558547,-0.8287500564198246,1.202952284851244,-0.9185199798909593
https://doi.org/10.1108/acmm-11-2021-2571,0.3767640158199198,-0.0572163435722918,-0.31800697797864813,-1.3658697070729562
https://doi.org/10.1108/acmm-08-2021-2529,-0.22977447719004843,0.3738250773771648,0.34884838124052175,-1.2590268276085304
https://doi.org/10.1108/acmm-11-2022-2722,3.384233339689855,0.11826979548148872,0.43536236584596266,-0.17051952713679008
https://doi.org/10.1108/acmm-03-2022-2629,0.5081164623167919,-0.914105246751976,-0.7045318148207069,0.41501256694331956
https://doi.org/10.1108/acmm-01-2022-2590,0.6392391363254484,1.7410814047853524,-0.356254871613989,0.6365147801255899
https://doi.org/10.1108/acmm-09-2022-2701,3.142597132622181,-1.7967719413952445,0.02467290933984383,-0.623516268681389
https://doi.org/10.1108/acmm-12-2021-2580,-0.3557764489956865,0.206900702404593,-0.5591898163551123,-0.16590892537835578
https://doi.org/10.1108/acmm-11-2021-2565,1.0385651689385482,0.5738217326781453,-1.3551014281130263,-0.2785292071553094
https://doi.org/10.1108/acmm-02-2022-2609,0.3919166332933718,-0.12701732111185327,-0.536367385077694,-1.1562666900601237
https://doi.org/10.1108/acmm-03-2022-2633,0.9743647249045259,-1.1670505656031906,-0.30479806740954546,-0.19042192194673904
https://doi.org/10.1108/acmm-01-2022-2597,1.7312794712218755,0.711490158141196,0.24256064808376218,-1.5646424688637668
https://doi.org/10.1108/acmm-04-2022-2640,-1.1589602296656252,0.24465712250604432,0.024090435312895,0.30634464351337176
https://doi.org/10.1108/acmm-10-2021-2557,0.27100314808313974,0.43287177780588326,-0.39916616604822036,0.01847984173515156
https://doi.org/10.1108/acmm-07-2021-2519,0.9067055898716415,0.014960988187465706,0.6120965364860463,-0.7630935740521033
https://doi.org/10.1108/acmm-09-2021-2542,1.2907237697578051,0.1464414528239196,-0.517462989565148,0.3312173319735078
https://doi.org/10.1108/acmm-08-2022-2684,-0.031017532981428782,0.7539221639065948,-0.5946184634678332,0.2650333551868173
https://doi.org/10.1108/acmm-06-2021-2490,0.1412937111934219,-1.2413711090495212,0.43276841028095936,0.049847992947993296
https://doi.org/10.1108/acmm-07-2021-2516,-0.44339822458798095,-0.7493773745556559,0.9971118776135891,0.9125609061891021
https://doi.org/10.1108/acmm-10-2021-2561,0.40207128145139553,0.4167326178849525,1.237713923235626,-0.66943878614773
https://doi.org/10.1108/acmm-11-2021-2566,0.7960984777954785,0.9903140243129271,-0.21973050980081957,0.7582203716193368
https://doi.org/10.1108/acmm-10-2022-2708,-0.07962824819527795,0.5278794862538082,-0.992321964275673,0.5379781775926973
https://doi.org/10.1108/acmm-03-2022-2627,0.5550991175291391,1.483759083061902,1.270162595039276,-0.242835685416419
https://doi.org/10.1108/acmm-08-2021-2531,0.15820917415207916,1.2709777476308042,-0.6332819164854272,-0.6588231962330454
https://doi.org/10.1108/acmm-03-2020-2274,1.089036932809292,-0.9202522499175382,-0.714657762063258,0.732453476161437
https://doi.org/10.1108/acmm-09-2021-2545,0.500653358483923,-0.7525070343070638,-0.41973051576450965,0.7468687548383288
https://doi.org/10.1108/acmm-01-2022-2589,-1.3331750599957521,-0.06257346652662014,-1.0913429303081041,-1.0402659394041933
https://doi.org/10.1108/acmm-04-2022-2642,2.66490348993166,-0.26992382454148367,-0.7217940558872169,-0.4267425374247471
https://doi.org/10.1108/acmm-12-2021-2579,1.5870158306506266,-0.7542687325096118,4.456421495165661,-1.7457872427478343
https://doi.org/10.1108/acmm-03-2022-2630,1.0195808918593599,-0.18084468029124057,0.1291268544855658,0.8737285112717658
https://doi.org/10.1108/acmm-04-2022-2646,0.3449422939053063,-0.24964212162959698,-0.6040597316705125,-1.452751960457181
https://doi.org/10.1108/acmm-08-2021-2532,0.19072358309479392,0.07872644527298824,-0.5231127539609599,0.16309953112076994
https://doi.org/10.1108/acmm-08-2021-2533,1.469025569475948,0.24928401082849894,0.5972265388578597,0.1511351200841049
https://doi.org/10.1108/acmm-03-2022-2615,-0.59012955750909,-0.91092820274713,-1.1611005245819688,-0.6614892813955933
https://doi.org/10.1108/acmm-03-2022-2621,-0.40864764853073016,-0.91107665614492,-0.8235092003808465,-0.5678039080306417
https://doi.org/10.1108/acmm-03-2022-2631,0.35165715620977567,-1.2673220407748718,-0.3322823503373393,-0.8494836822971861
https://doi.org/10.1108/acmm-03-2022-2618,0.9824657241743676,0.5735902180361826,-0.059294201708847694,0.7221157325794021
https://doi.org/10.1108/acmm-05-2022-2650,0.15181175483453122,-0.42247947116977447,-0.17471351728568588,0.5360580731460106
https://doi.org/10.1108/acmm-08-2022-2689,2.261269759819648,1.1478288321406582,1.891515325472533,0.3974852889585952
https://doi.org/10.1108/acmm-02-2022-2603,1.0182388671538027,-0.983911300964798,-0.007904893716725826,-0.26539985242763203
https://doi.org/10.1108/acmm-03-2022-2617,-0.30582547164016427,1.1095626130051615,-0.23509848814720377,0.17237630148332597
https://doi.org/10.1108/acmm-09-2021-2546,0.1285120374401195,-0.5103758036630877,0.03223698412275345,0.11434413908993596
https://doi.org/10.1108/acmm-01-2022-2595,1.17627726103212,0.2069224068751012,-0.43805221166267744,-0.6941376821922506
https://doi.org/10.1108/acmm-01-2022-2591,0.21405967025342404,0.8534666716984656,-0.15189464489963483,0.15080311009529074
https://doi.org/10.1108/acmm-11-2021-2575,-0.400197613287213,0.1575717926125277,0.2204778295596943,-1.210560023138673
https://doi.org/10.1108/acmm-06-2021-2492,-0.6175017218821784,0.8702599134352604,1.5379495039490558,0.18832783234012418
https://doi.org/10.1108/acmm-01-2022-2594,1.1163905910300134,-1.0401005703158888,2.0892574683650924,-0.3512871973079045
https://doi.org/10.1108/acmm-03-2022-2626,0.06556356823961398,-0.89346786469205,-0.2018866936991755,-1.545545777386108
https://doi.org/10.1108/acmm-08-2021-2528,0.03044339353034013,0.22474703097923132,0.9652830165678774,0.2122586402384687
https://doi.org/10.1108/acmm-11-2021-2568,0.15385094282969664,-0.3708139824313792,-0.5801017797022096,-1.2171253251015453
https://doi.org/10.1108/acmm-02-2022-2610,0.34861168572084256,0.7920856259481618,-0.07049095093634104,-0.8405728091392612
https://doi.org/10.1108/acmm-02-2022-2611,1.1083042288440619,0.21919502494476992,-0.7134942819414917,0.9021039897675207
https://doi.org/10.1108/acmm-04-2022-2641,1.37805953700819,0.9338527094256991,1.4998853631855957,-1.068751724165586
https://doi.org/10.1108/acmm-04-2022-2648,0.4202288956631036,-0.9502079422132418,0.27197394779906336,2.0223241945965413
https://doi.org/10.1108/acmm-10-2021-2553,-0.3858843585676813,-1.7625579799929472,-0.5746226809866387,0.23681308321360003
https://doi.org/10.1108/acmm-08-2022-2691,-0.5823212379013765,1.1185226940434028,-0.4407655215756138,0.39325989444219084
https://doi.org/10.1108/acmm-03-2022-2635,-0.2691763272552792,-0.7586952087448311,-0.9184863202492679,-0.8769219729240324
https://doi.org/10.1108/acmm-11-2021-2572,1.0330670647601248,-0.033343201802478975,-1.308563091583213,0.20284792600945784
https://doi.org/10.1108/acmm-05-2021-2481,1.0502349638916355,0.44052551919675287,-0.47207401964529055,-0.9390010563339801
https://doi.org/10.1108/acmm-12-2021-2581,-0.6002843336034692,0.13481126026234255,0.14503867040596957,-0.7980599146412097
https://doi.org/10.1108/acmm-01-2021-2425,1.8123157210371064,-0.009283240566162504,0.7271661138093463,0.10463904677793687
https://doi.org/10.1108/acmm-05-2022-2655,0.3127602590726777,-0.7380507765092532,-0.15252408559432035,-0.3307266435985721
https://doi.org/10.1108/acmm-07-2021-2507,-0.0023549575761630187,0.4624226015153025,-0.06112640825549082,-0.046408075627076384
https://doi.org/10.1108/acmm-01-2022-2592,1.478262481476946,-0.13820359355466005,0.722957364556368,-0.3303066396547906
https://doi.org/10.5006/4179,1.5256699223790295,-1.052780503888007,0.649164267850865,0.4477502344661756
https://doi.org/10.5006/4149,-0.31151122534979686,-0.09580327730667344,1.0522196725392032,-0.17221786314022378
https://doi.org/10.5006/4171,0.27984023266974944,-1.2985547210289454,-0.3182061130859706,0.07350365265241013
https://doi.org/10.5006/3910,0.2760759075924336,-1.645770744962451,2.943849543892674,2.210048890293369
https://doi.org/10.5006/4136,1.1447881889266844,1.146621693423307,-1.377917609461398,0.36271444499129496
https://doi.org/10.5006/4100,-0.14828123020093711,1.472131477322485,-0.41715123686495537,-0.11419858860433245
https://doi.org/10.5006/4061,-0.6650077777176306,-0.5992790970465348,-0.22907808681625666,-0.2423677095209699
https://doi.org/10.5006/4064,-0.6696370770043595,-0.36095325530027406,-0.03989601553419197,0.03489559648442235
https://doi.org/10.5006/3972,0.6007812423920158,-0.6916705392709375,-0.8921474684262319,0.07782696084367965
https://doi.org/10.5006/4116,-0.02626277380258795,1.7361360054681383,-0.2852711783265074,0.7524057567660797
https://doi.org/10.5006/4153,-0.3180713340560846,-0.12313277737941114,0.2468436903359373,-1.1774459977011216
https://doi.org/10.5006/4180,-0.11975887118641164,-0.8806998629058723,1.966596676539953,-0.0015134071136815325
https://doi.org/10.5006/4025,-0.6513115761026251,-1.2341382268672276,0.19944282974574357,-0.014203554893770759
https://doi.org/10.5006/4086,-0.22068386273976082,0.4313834867991093,1.6904836759411466,0.9505613539641123
https://doi.org/10.5006/4142,-0.502284160460788,-1.1403002466662493,0.5623704041165192,0.1933193350970313
https://doi.org/10.5006/4150,-0.7005728208111078,1.5232596199648436,-1.342344163383022,-0.025334871132175637
https://doi.org/10.5006/4177,-0.510156756253498,0.3246717719312893,-0.16619443951739277,-1.7209357423279164
https://doi.org/10.5006/3999,-0.7586341905025654,0.6063605000572354,-0.4074334010431782,0.5586292805180962
https://doi.org/10.5006/4224,0.6381849420491408,-0.48885425238858543,0.07797944825145516,0.5893810835431784
https://doi.org/10.5006/4062,0.42004017080157025,-0.7370930496634585,0.9427165002133586,1.5846830783220538
https://doi.org/10.5006/4104,0.33479981384154933,0.5876190547691572,-0.8636846417505964,-1.2564158130465584
https://doi.org/10.5006/4168,-0.030391948773912957,-1.2738708960466738,-0.7333744358007299,-1.272143210958722
https://doi.org/10.5006/4164,0.022894538780462464,-1.015654139679731,0.31294451802696466,-0.3467954257757991
https://doi.org/10.5006/4034,1.0431563227540268,-0.8670456245593238,2.755876268763344,-0.3384679542089059
https://doi.org/10.5006/4122,-1.2995079029075036,-0.1819948260171588,-1.186435572220455,-0.3502256365027219
https://doi.org/10.5006/4215,-1.2528944937952657,-2.002466319673736,2.164111978529017,0.7912041545140982
https://doi.org/10.5006/4174,-0.21191549554010078,0.9482338907416911,-0.12110036733928974,0.12569046825206964
https://doi.org/10.5006/3767,-0.7294373585484364,-0.34102678311561196,-0.37206669491757854,0.19841833165791486
https://doi.org/10.5006/3952,0.3079850794408064,0.5115791121545071,0.1807356792761886,-0.8952789364046062
https://doi.org/10.5006/4079,0.30671176026660024,0.10034589852885836,1.1306956097975271,-0.7687462470434465
https://doi.org/10.5006/3954,0.8705266451273188,0.47085658031278127,-1.0256920705407808,-1.0792890595001083
https://doi.org/10.5006/4002,-0.17963580897896614,1.0853824554349114,-1.7366491284221586,0.7140396895794614
https://doi.org/10.5006/4093,-0.859810494535992,-0.7750478864632813,1.5198020754970987,0.36741614306612647
https://doi.org/10.5006/4070,-1.5147826189437714,-0.9187985753189981,-1.2029740150079835,-0.9513554508404808
https://doi.org/10.5006/4192,-0.6371752185361079,1.545412910489512,0.8228790406814152,-0.38702347968898104
https://doi.org/10.5006/4200,-0.3132716970702822,-1.2677491573942634,0.6365465939581113,0.03372172803342155
https://doi.org/10.5006/4112,-1.5691009719391666,-0.6567436364558354,1.052858671531656,0.41937327655865875
https://doi.org/10.5006/3990,0.8507828920346386,-0.3614930267500806,0.33479014831221554,0.189897345084456
https://doi.org/10.5006/4111,-0.5705492388225891,1.142009460556099,-1.289869183146441,-0.7020454607250092
https://doi.org/10.5006/4193,1.6226068820898956,-0.37332347927966003,1.505949125764529,-0.8073846125381169
https://doi.org/10.5006/4078,-0.35157128477167054,-1.0150615352665042,-0.7994463048778914,-0.6373971089345787
https://doi.org/10.5006/3877,-0.6475314114977413,-0.8220993290855355,-0.5632324566085303,-0.5124791888792114
https://doi.org/10.5006/4145,-0.3508907262207794,0.12451754014023547,0.22029041895579993,0.08626469083846491
https://doi.org/10.5006/4184,-0.3177211327275786,-0.34060108936689837,-0.24182629238332767,-1.0022601945259126
https://doi.org/10.5006/4016,-0.669896756562482,0.4102192868205582,-1.1545849870141072,-0.807028161049264
https://doi.org/10.5006/4123,-1.7109056048214373,1.027646198833255,-1.0362150076018632,0.9703694793476546
https://doi.org/10.5006/4094,-1.0436275457149222,-0.23565131530482614,0.44572857408923994,0.03285827162540808
https://doi.org/10.5006/3975,0.41232194190238064,0.7637723073352131,0.46668231643438296,-0.42047373885878614
https://doi.org/10.5006/4013,0.13289923671810028,-0.31224433948385283,0.16342001966567912,-0.1993768796402221
https://doi.org/10.5006/4160,-0.542503711061518,-1.0036276017390784,0.5392469291172163,-0.2734439284334739
https://doi.org/10.5006/4148,0.13872010068233495,-1.2845152157064492,-0.6456780831319161,0.34920046932749715
https://doi.org/10.5006/4058,-1.0175318203350203,1.709756171190702,-0.12479536839220767,0.8051351905892755
https://doi.org/10.5006/4012,-0.9576582556402117,0.763855364668207,-0.8760515102834037,0.8454452499959064
https://doi.org/10.5006/3876,-0.18895281564162364,1.333228419033362,0.1858752346210695,0.6136817559322704
https://doi.org/10.5006/4175,1.1532960963121541,0.3538829055817171,-0.7822921331410753,-1.3945936569404676
https://doi.org/10.5006/4067,2.789106034801698,1.842151149109146,1.326887238493844,3.2963312907630717
https://doi.org/10.5006/3187,-1.3384740114624871,0.5378991859121508,-1.0810032253986646,-1.2595151867498102
https://doi.org/10.5006/4114,-0.6111610784654272,0.667258817159978,-1.6095929235226571,-1.3149202587300677
https://doi.org/10.5006/4207,-0.5323692227559588,0.3375912301873604,-1.4147050554481044,-0.7766569503813915
https://doi.org/10.5006/4205,-0.5868617590153874,0.9216924938987682,0.09198838478528286,0.47430457688329475
https://doi.org/10.5006/4018,-0.4930272363353203,-0.36534526856329863,0.3282355409713117,0.21677356959870195
https://doi.org/10.5006/4128,-0.5934855855297194,1.407034883158818,0.6096111943202447,3.0639827516768112
https://doi.org/10.5006/4206,-0.3206392148672536,2.6414228984604784,-0.28765270772076557,0.2986784659896451
https://doi.org/10.5006/4213,-0.07270991265046191,-0.17470136557051888,2.1864306616068694,0.5820057367766018
https://doi.org/10.5006/3960,0.14000543222829048,-0.3743760152088962,-0.7524048489677915,-0.7018809614781798
https://doi.org/10.5006/4003,-0.8880482591331644,-0.6661419860604443,-1.0431510312744898,-0.677002856145695
https://doi.org/10.5006/3862,-1.1837696144932444,1.0076544397435503,-0.2934909109706101,0.08088198420803996
https://doi.org/10.5006/4050,0.556176682412098,0.7084337318956441,0.21784594392120643,-0.4310745303356189
https://doi.org/10.5006/4065,0.6896735986259095,0.8270476179346745,-1.4215703048066712,-0.8202138408633017
https://doi.org/10.5006/4129,-0.40812703669018224,1.4308556597572013,-1.6568757847592168,1.880447792874957
https://doi.org/10.5006/4063,-1.1452815978971822,1.2842898455197382,-0.10401012831011885,0.7299441274096989
https://doi.org/10.5006/4109,-1.262188313973299,0.6666559680369899,-0.649433252276747,1.6657483366329744
https://doi.org/10.5006/3964,0.2945630412394721,1.5469656517992803,0.21230862986975477,1.1399886458972872
https://doi.org/10.5006/4176,-0.3701620835673913,0.9825892271053118,-0.42729855633124164,0.025598264467018073
https://doi.org/10.5006/3933,-0.14647566077873117,0.2822502157877877,1.9826312662417624,0.7971739108921841
https://doi.org/10.5006/4143,-0.533190599001452,1.2042613453622384,2.451668448043478,1.2038402342867278
https://doi.org/10.5006/3961,0.7866892393229777,-0.18792351777557648,-0.320415636940949,-0.30813181432215203
https://doi.org/10.5006/4165,0.477744357165067,0.5437831664608944,0.2996955682119464,-0.33359902364423305
https://doi.org/10.5006/4069,1.1486753002225467,-0.24086535798295963,0.4554181271391892,0.727642980224923
https://doi.org/10.5006/4118,-1.5028028854553896,0.7444865827252465,0.3689165326085719,-0.008796212571894875
https://doi.org/10.5006/4023,-0.46746885664069393,-1.0758234258313724,-0.4275512610684527,-1.0843796788524123
https://doi.org/10.5006/3977,-0.2785845657518287,0.07987495707432654,-1.1200971940298767,-0.46060749810837653
https://doi.org/10.5006/4083,-0.02354730490863821,1.36392583955808,-0.9972642019457104,-0.4972927038769317
https://doi.org/10.5006/4188,-0.13061144964908566,1.536283968598084,-0.6247957724509768,0.02290672416037447
https://doi.org/10.5006/4157,0.5631253116581109,-0.741077321560191,1.0775203751696947,-0.6953955039461467
https://doi.org/10.5006/4181,-1.2940985600221264,-0.5540200085725959,1.1752664375374164,-0.7161528078340825
https://doi.org/10.5006/3962,-0.19809507281000696,0.6626684731881236,-0.859836955254383,-0.894137508292412
https://doi.org/10.5006/4057,-0.20179065961433196,1.4510678393857754,0.16453363284163405,-0.002641263094870328
https://doi.org/10.5006/4085,-0.04496976995361262,-1.5778823722249449,0.07816024377238678,-1.4732804394728367
https://doi.org/10.5006/4075,0.8501317426125056,0.38858502157824526,-0.32396465991569123,0.36135428887553606
https://doi.org/10.5006/4189,-0.49079174749983295,-0.43511611340124856,0.12557579531694524,-0.6139366828172719
https://doi.org/10.5006/4275,-0.5703124803828071,-1.0792795344616068,0.2859467018260911,0.3126448555285674
https://doi.org/10.5006/3901,-0.18920569522057737,0.4507129029853311,-0.3288432369142163,0.7524978245150334
https://doi.org/10.5006/4005,0.0313122231754752,1.2383611215513242,3.4879902859706777,1.4673003047000663
https://doi.org/10.5006/4097,-1.5618122270436812,-1.499317482703848,1.0662189652833722,1.5083168704057501
https://doi.org/10.5006/3875,-0.061065839460886104,1.1785526519775864,0.24590792633696731,0.31783504190297707
https://doi.org/10.5006/3848,-1.6222163555772002,1.519877092756667,-0.6970662786096826,-0.17043220853270422
https://doi.org/10.5006/4186,-0.8526951686196562,-1.104939591868745,-0.6344885510537931,0.5694250649949251
https://doi.org/10.5006/4183,0.48394142157551046,0.14633565487971842,0.9204893189562124,-0.601074228832975
https://doi.org/10.5006/4225,-1.5049425457788537,0.46822087156574954,0.11275335713536502,1.4512629538583477
https://doi.org/10.5006/3934,0.2900280275131562,-0.038614960890586754,0.5938509843297877,1.0463325186164685
https://doi.org/10.5006/3982,-1.6076120181840945,1.145812565857164,0.02883072859230326,-0.3388020696784116
https://doi.org/10.5006/3987,0.6899711753123381,-1.0411538668266476,-0.3505667491865839,-1.2373142260883745
https://doi.org/10.5006/4010,-0.014514022867646975,-1.2582460681533771,-0.08512462011385075,-0.7553155583148059
https://doi.org/10.5006/4014,-1.3958349075202914,-0.2556470285629703,0.22798375926214015,-0.27132569497618175
https://doi.org/10.5006/4021,-1.0591748199450048,-1.9056147891690902,-1.669068898173117,-0.8879899366991155
https://doi.org/10.5006/3918,-0.6597586894408022,0.9981697134575047,0.1743602427980197,2.4933474547662127
https://doi.org/10.5006/4042,-0.22178342237258616,0.4419487281510993,0.005411453833814803,-1.3101031883997791
https://doi.org/10.5006/4120,-0.3854817869276521,-2.0235808603355636,-1.1353545015488211,0.5278526825361575
https://doi.org/10.5006/4033,-0.8172003668613719,0.9291637205674691,-1.6177148869412372,0.16721106250826473
https://doi.org/10.5006/4028,-1.9474240154117024,-1.0208087502293997,-0.6950795168001132,-0.20972660758327435
https://doi.org/10.5006/4134,0.16216906358359526,0.5123423831140744,0.39532550765026647,0.7106140653520633
https://doi.org/10.5006/3923,-0.6549413894555646,0.7983225627057605,1.2646454031212198,0.7833009996504016
https://doi.org/10.5006/4073,-0.9987998386733732,-0.9412450474692456,0.3344779095316053,1.1164126604983793
https://doi.org/10.1080/1478422x.2022.2161122,0.8749524132932719,-1.5594258585903684,1.135193901710638,0.06233739831981937
https://doi.org/10.1080/1478422x.2022.2120945,-0.7420172082966222,-0.7335039060869849,-0.5643012753946207,0.00045016255021642406
https://doi.org/10.1080/1478422x.2022.2154735,0.4763442545554568,-1.0620664495944137,-0.956457463933932,-0.09049340362576602
https://doi.org/10.1080/1478422x.2022.2053036,-0.2448227962387217,0.032455574347655065,1.1566220350349483,0.042541731073478854
https://doi.org/10.1080/1478422x.2022.2162662,-2.279511711312915,2.653135119373059,2.349137054106002,1.124590045618051
https://doi.org/10.1080/1478422x.2022.2056286,0.21688756973058784,0.414732771216807,0.48345676820030004,-0.17914035860311311
https://doi.org/10.1080/1478422x.2022.2112931,-1.117963430846787,2.030464078437664,0.24813535157686994,0.7904688192555972
https://doi.org/10.1080/1478422x.2022.2125621,0.35519457018977824,-1.40642617391611,-0.7157707891663325,-0.19110905239637607
https://doi.org/10.1080/1478422x.2022.2119706,0.07570656395671022,-1.467821462532898,-0.5173323207842855,1.4813582871692714
https://doi.org/10.1080/1478422x.2022.2057273,-1.326949612295089,0.7403074681762543,-1.0152670727047544,-0.03079288724525046
https://doi.org/10.1080/1478422x.2022.2116185,1.4695009019615606,-0.9828709921099873,0.04019902021145998,-0.09029352981416595
https://doi.org/10.1080/1478422x.2022.2071666,-1.4775390963439858,0.7404635461219288,-0.075716326860511,0.123970412545855
https://doi.org/10.1080/1478422x.2022.2096322,0.20503345515351,-1.144929137252167,-1.1996792588619936,-1.2233821021823357
https://doi.org/10.1080/1478422x.2022.2148855,-2.6996285433032465,0.9870316149987834,-1.5112972535969094,-1.5271292582024318
https://doi.org/10.1080/1478422x.2022.2028345,-2.210986819045221,-1.0804051561440713,0.32709545646975013,-0.4689739804750245
https://doi.org/10.1080/1478422x.2022.2115436,0.029634321455171107,-0.910152191855463,0.2797032869699644,2.7978153893562214
https://doi.org/10.1080/1478422x.2022.2060788,-0.7930506659217824,-1.261612490075481,2.018271472599702,-0.918282391943252
https://doi.org/10.1080/1478422x.2022.2126084,0.14271379106241522,0.8532890667541353,-1.6159483831480295,-0.9886806614466322
https://doi.org/10.1080/1478422x.2022.2149426,0.3349936182857603,-0.03934284021350677,0.8431658149501458,0.49743170716220936
https://doi.org/10.1080/1478422x.2022.2074115,-0.7694052135451319,-0.2880519438631093,0.21514150121938386,0.11086083159733548
https://doi.org/10.1080/1478422x.2022.2157534,-0.24894445376021349,1.7285900174954891,-0.7100048981367819,0.26894652743470954
https://doi.org/10.1080/1478422x.2022.2060789,0.32276212242533764,-0.8679475514104187,-1.4435426199052208,-0.005264461931236347
https://doi.org/10.1080/1478422x.2022.2099334,-0.044306597334922565,0.4849253984168145,-0.7812042451494683,-0.26590983419454434
https://doi.org/10.1080/1478422x.2022.2161336,-1.8129286680730208,0.12553617373668283,0.5816215204170383,-1.073910259424861
https://doi.org/10.1080/1478422x.2022.2077554,-1.1212997595449323,1.3060109518404794,-0.7109607011367107,-0.07193570362876442
https://doi.org/10.1080/1478422x.2022.2140247,-1.709444695718356,-0.6595470062445549,-0.4433778175909329,0.12956057002767524
https://doi.org/10.1080/1478422x.2022.2132616,-0.30850041758931135,-0.9585335051474714,-0.03629673138814121,-0.4403655715325914
https://doi.org/10.1080/1478422x.2022.2093690,2.109053562570279,-2.4106646343125337,0.9034684785474678,1.5666288014347685
https://doi.org/10.1080/1478422x.2022.2125647,0.10695299844837858,-0.9098469542052031,0.489278077114226,-1.5207956551726471
https://doi.org/10.1080/1478422x.2022.2100601,-1.4872411309883609,0.609241175481139,-0.5186306990018116,-0.9329845918822973
https://doi.org/10.1080/1478422x.2022.2071667,-0.43292387788316816,1.5510576104497018,0.7877621758836385,-0.12614669149555163
https://doi.org/10.1080/1478422x.2022.2119006,0.08918144693314158,-0.09348220848323423,0.29909221781111917,-0.249157847516744
https://doi.org/10.1080/1478422x.2022.2096323,-1.1040685142061337,1.321828412937141,-0.8419286137071829,1.0314753279819078
https://doi.org/10.1080/1478422x.2022.2077553,-0.08422576652342226,0.12622404404509183,-1.1096749533021504,0.5045289083539315
https://doi.org/10.1080/1478422x.2022.2118438,-0.5091862534052546,0.6286773160391007,-0.8808976987523758,0.18636894425783837
https://doi.org/10.1080/1478422x.2022.2140248,1.5188078296160263,-0.4010299998452988,-0.9871696021697937,0.8222451214892776
https://doi.org/10.1080/1478422x.2022.2075521,0.042843407369876206,2.170485568426903,-1.343344350403485,0.12757294145297127
https://doi.org/10.1080/1478422x.2022.2100456,0.25029071199660374,-0.5580203080120499,0.9483051132410996,-0.16746585295999392
https://doi.org/10.1080/1478422x.2022.2106285,-0.882210748371353,-0.2796855413433415,0.5284698569743853,-0.21054188464825407
https://doi.org/10.1080/1478422x.2022.2101179,-1.5968683773386658,0.5855101621909438,-0.5638066862860328,0.16050862671133004
https://doi.org/10.1080/1478422x.2022.2128376,-1.5206684156907273,-1.1290352396764236,0.8561884173280355,0.6819767114842774
https://doi.org/10.1080/1478422x.2022.2083746,-0.6689590224257133,0.9002770149706031,0.5511244373390106,0.4968771123343184
https://doi.org/10.1080/1478422x.2022.2127637,-1.4002987565394007,2.164124379426909,0.30315688272542224,1.3619602343116683
https://doi.org/10.1080/1478422x.2022.2152172,-0.29184121401986024,-0.6342834470348712,-1.220827548536828,2.241320408083617
https://doi.org/10.1080/1478422x.2022.2105682,0.012324264577935276,1.2316730242685598,-1.985125252714468,-1.275711046778311
https://doi.org/10.1080/1478422x.2022.2128708,0.3642386923488294,0.12367721219539543,0.5443302144338774,-0.9734063546486688
https://doi.org/10.1080/1478422x.2022.2130509,0.7908923020108195,-2.1080131853171986,-1.085814392321498,0.28124562518785995
https://doi.org/10.1080/1478422x.2022.2153197,-1.5942432691741237,-1.158766357985053,0.3741854586555534,2.18172922945641
https://doi.org/10.1080/1478422x.2022.2088328,0.21005833116081246,1.3906588723375746,0.7111166938580842,0.6851168282179229
https://doi.org/10.1080/1478422x.2022.2065419,0.7594287310367203,-0.2554102283644729,-0.518957627597973,-0.8850401268971183
https://doi.org/10.1080/1478422x.2022.2111039,0.7799062937586296,-1.1063747574858835,-0.268624363045694,-0.15049956211797508
https://doi.org/10.1080/1478422x.2022.2071000,0.07585514390162784,-0.7975906954915863,-1.5922032186558137,-1.5177297500664575
https://doi.org/10.1080/1478422x.2022.2120090,-0.3156106669074636,-1.2386616706929676,-1.2253923041868557,-0.27149787851045765
https://doi.org/10.1080/1478422x.2022.2075076,-0.42266080978256476,0.10910459566986426,0.8052870945307345,0.4169721342034684
https://doi.org/10.1080/1478422x.2022.2152174,0.48887892796588595,-0.14455698233412964,-2.0385753622806875,-1.2577706362029966
https://doi.org/10.1080/1478422x.2022.2126407,-1.0319757580051485,0.2954944480105329,-0.21749349176629082,-0.22710009621348287
https://doi.org/10.1080/1478422x.2022.2149048,-0.8198202605602524,0.3481857746172458,-0.48381154676760035,0.5000946686854949
https://doi.org/10.1080/1478422x.2022.2054915,0.0868398250012491,0.856215157161418,-0.5209123660720089,-0.3637937105146336
https://doi.org/10.1080/1478422x.2022.2060790,-0.05462948308964349,1.150523600720021,-0.8284148627834876,-0.352666618315638
https://doi.org/10.1080/1478422x.2022.2058779,-1.2137243034101481,0.48360209345213007,1.2505362761511676,-0.5124806130995351
https://doi.org/10.1080/1478422x.2022.2127465,-0.9276959571532157,-0.16069124329293047,0.17438177733758808,-0.6876158325127321
https://doi.org/10.1080/1478422x.2022.2057272,-0.1421114058275417,1.0229372222514066,0.16141155845485733,-0.4169045023018661
https://doi.org/10.1080/1478422x.2022.2063780,0.883632842360454,0.34177140573331843,0.1053613352470868,-0.23979082749499095
https://doi.org/10.1080/1478422x.2022.2075522,-0.8871797568446521,-1.013700962809366,-0.06376684242652136,-0.05142758129708264
https://doi.org/10.1080/1478422x.2022.2118439,0.5497953579399064,0.6598309977927654,-1.050757626991409,0.5977665796772922
https://doi.org/10.1080/1478422x.2022.2111038,0.7064044461464142,0.8998982996776587,-0.9762093889840878,0.8988169792867665
https://doi.org/10.1080/1478422x.2022.2152771,-0.2979064887333655,-0.05290170775449772,-1.092046316823105,0.0498031132765905
https://doi.org/10.1080/1478422x.2022.2086514,0.14364907728299844,1.3690925373748517,-0.31424668721429555,0.0178903753855338
https://doi.org/10.1080/1478422x.2022.2093691,0.2703258256713992,-1.2262700027518576,0.4688374014051176,-0.2865915018211352
https://doi.org/10.1016/j.corsci.2022.110666,0.9969754401470443,0.8885228299104871,0.801567294102942,-1.0966224613684812
https://doi.org/10.1016/j.corsci.2022.110490,1.0054959186091155,-1.0684640113193047,-1.6092469516193282,-1.0503198056973468
https://doi.org/10.1016/j.corsci.2022.110382,-0.9834769026186072,-0.3199953609692265,0.028063802873307862,0.45530650276191703
https://doi.org/10.1016/j.corsci.2022.110777,0.9973597056104584,1.3833762106761507,-1.6737739563108716,-0.8069241737073107
https://doi.org/10.1016/j.corsci.2022.110640,0.19643610954688037,-0.8072416456624647,-0.8800312941340055,0.32699709493878143
https://doi.org/10.1016/j.corsci.2022.110294,-0.9733203713888788,-0.22645713394738382,-0.4967097059738355,-0.1974030212297018
https://doi.org/10.1016/j.corsci.2022.110237,-0.418965556578433,1.4525451404634502,-0.8916046329106697,-0.6231733796664309
https://doi.org/10.1016/j.corsci.2022.110252,-0.9288528380044095,-1.513919596700599,0.09296139677443122,-1.1122905272944883
https://doi.org/10.1016/j.corsci.2022.110493,-0.9461685722588167,-1.2726311011768174,-0.0746659979884642,-0.26377875649586385
https://doi.org/10.1016/j.corsci.2022.110922,-0.33812886571944734,-1.566926043762285,0.6403930758430513,-0.537723512962719
https://doi.org/10.1016/j.corsci.2022.110716,-1.7200848532881554,1.0419618214544355,-1.5945313604024713,-1.5846254808081075
https://doi.org/10.1016/j.corsci.2022.110681,-0.15094105577929193,-1.8775275692404525,1.701032985507808,-1.2520515660187268
https://doi.org/10.1016/j.corsci.2022.110555,-0.5229221400503977,0.2673072918840032,0.27877615880297013,2.1713594672600145
https://doi.org/10.1016/j.corsci.2022.110273,-0.8450925425466855,-1.5246508049440086,0.11025190982664508,0.2634514665397721
https://doi.org/10.1016/j.corsci.2022.110477,0.9781836270648432,-1.1549530876831402,-0.6040349797824354,-1.1172157372726996
https://doi.org/10.1016/j.corsci.2022.110758,-0.9614672723423568,-0.7920092930143043,-0.7051207520854099,-0.9400713338407499
https://doi.org/10.1016/j.corsci.2022.110161,-0.8472460540796862,1.0269700168516582,0.46656889888495406,0.5007840541210226
https://doi.org/10.1016/j.corsci.2022.110589,0.16538210077008317,-1.318942595124154,0.05786314542073688,-0.224146867097581
https://doi.org/10.1016/j.corsci.2022.110569,0.30828935647886285,0.24052672718549883,-0.8092251682859924,-1.0904459651108351
https://doi.org/10.1016/j.corsci.2022.110719,-0.8245219076137484,0.2923112778649212,0.45008341284663583,-0.8284490858577925
https://doi.org/10.1016/j.corsci.2022.110762,-1.866833663761605,-0.14089247163676583,-0.08209544313897509,0.5267596766270799
https://doi.org/10.1016/j.corsci.2022.110765,-0.905062740216159,0.05144225989832058,-0.8306365359178862,0.4094564353091413
https://doi.org/10.1016/j.corsci.2022.110550,-0.6137583916450227,0.8426157283512894,-0.7650059420212062,0.04806633709091747
https://doi.org/10.1016/j.corsci.2022.110756,1.0672214605168084,-0.3150387798712339,-0.8361703316929924,0.5178039825800789
https://doi.org/10.1016/j.corsci.2022.110673,-0.6940149921384238,0.5574116580209421,-1.1983649490326291,-0.17566581022746466
https://doi.org/10.1016/j.corsci.2022.110763,-1.0284456392320704,2.433411519614648,-0.04970128057204281,2.106039313975133
https://doi.org/10.1016/j.corsci.2022.110726,-0.8780516911495547,0.8167488229225862,0.20891334458306246,-0.5846552598064069
https://doi.org/10.1016/j.corsci.2022.110849,1.2018885262994548,1.0107004025076463,-0.48119545809214387,-1.011225988001052
https://doi.org/10.1016/j.corsci.2022.110855,-0.2317669184965321,-2.2523632571038354,-0.6080552913009466,-0.2694193705000707
https://doi.org/10.1016/j.corsci.2022.110331,-0.5020628690493748,1.0664319054185871,-0.05404434910292273,-0.6577357485900418
https://doi.org/10.1016/j.corsci.2022.110853,-0.5239798461739094,1.7250851956185127,1.7691689431606834,1.1943844037317244
https://doi.org/10.1016/j.corsci.2022.110311,-0.09816117198564754,-0.8713782555775929,2.632084582705416,0.8893811448702343
https://doi.org/10.1016/j.corsci.2022.110443,-1.168343444846378,-0.854379463447148,-0.05877252335228028,-0.4135444284673275
https://doi.org/10.1016/j.corsci.2022.110851,-0.650439829643913,-1.2330933510733795,-0.4747834300003806,0.9530176004246621
https://doi.org/10.1016/j.corsci.2022.110228,-0.42589138723926334,1.0891243411662221,0.24075103341489273,-0.5758704112555707
https://doi.org/10.1016/j.corsci.2022.110274,-0.39482863700034027,-0.24709990586996317,0.5124384386472343,0.5390399851000853
https://doi.org/10.1016/j.corsci.2022.110114,0.10301291147428755,1.088001294173428,-1.2249791913359236,0.24368810142946482
https://doi.org/10.1016/j.corsci.2022.110769,-1.1368785856836852,-1.5237506552842186,-1.7400068215690583,-1.4625959111237752
https://doi.org/10.1016/j.corsci.2022.110565,-1.3050162497764375,1.6434942813470372,1.7544553132861738,0.21472826271088483
https://doi.org/10.1016/j.corsci.2022.110896,0.2323833436214201,0.36801321412659393,-0.6160253623413098,0.20368005558474594
https://doi.org/10.1016/j.corsci.2022.110635,-0.5804991465152775,1.7714144803028553,-1.8260849651624405,2.341479322542842
https://doi.org/10.1016/j.corsci.2022.110113,0.43514881065702293,-0.3414431247117689,-0.27245460640657093,1.56825619327438
https://doi.org/10.1016/j.corsci.2022.110437,-1.1218822111615876,-0.6221540283299738,-1.1726707721794845,0.3215936500286221
https://doi.org/10.1016/j.corsci.2022.110833,0.3161086159936741,-0.5788566687747296,-0.9676750062634865,0.26585796012985446
https://doi.org/10.1016/j.corsci.2022.110680,-1.086419163441104,-1.5740610947223703,-0.3475716350844148,-0.6003829176976709
https://doi.org/10.1016/j.corsci.2022.110901,0.3774877882099241,1.8344122421569864,-1.0731423485376173,-1.4070289369040432
https://doi.org/10.1016/j.corsci.2022.110338,0.6415707629915504,1.1216117557487302,-0.6776077758181971,1.7955151756329761
https://doi.org/10.1016/j.corsci.2022.110413,-2.1462686804270183,-0.867193613187782,-1.8775407608617283,-1.7134805018821562
https://doi.org/10.1016/j.corsci.2022.110526,-1.0029532982253118,-0.4413168039617551,-0.2899925344323055,0.22496028051960834
https://doi.org/10.1016/j.corsci.2022.110214,-0.38089937693390125,0.9888075910067555,0.4726510423004319,-0.3225218805988791
https://doi.org/10.1016/j.corsci.2022.110453,-1.6253997813845917,1.601695066323157,-0.0020714794810371734,0.779966021736192
https://doi.org/10.1016/j.corsci.2022.110725,0.3344610021932752,0.5523742039796854,-0.11936646489283986,-0.30135634475696105
https://doi.org/10.1016/j.corsci.2022.110674,0.2053091980375234,0.45171055912165753,-0.8871644702307115,-0.5888455251460439
https://doi.org/10.1016/j.corsci.2022.110884,-0.5271998932216739,0.012239653252215073,-1.1562798055022114,-1.526786473005594
https://doi.org/10.1016/j.corsci.2022.110461,-0.05601174654913064,-0.11680730835368862,0.24065662483845962,1.2806017182237297
https://doi.org/10.1016/j.corsci.2022.110500,1.0142949961496004,-1.2120723787384566,2.2229080873700964,-1.3766799767689646
https://doi.org/10.1016/j.corsci.2022.110475,-1.1503349988666554,0.7410618770564912,0.9159471780414531,3.3921545586559922
https://doi.org/10.1016/j.corsci.2022.110859,-0.06020556938433566,0.89335432008011,0.8020333740592119,-2.212256443897525
https://doi.org/10.1016/j.corsci.2022.110185,0.48562629929331047,-0.8663472654916518,1.8575823440034014,0.45666063625408615
https://doi.org/10.1016/j.corsci.2022.110172,-0.8889966064029254,1.499995766434914,2.2934432114063465,1.0982405030407596
https://doi.org/10.1016/j.corsci.2022.110111,-0.41194705672421195,-0.9722452321238533,-0.296349823442846,-1.275411113502339
https://doi.org/10.1016/j.corsci.2022.110156,-0.49919181607340496,-0.7354239796675114,-0.28787600537572716,-1.1691014357265237
https://doi.org/10.1016/j.corsci.2022.110809,-0.9350120667327121,0.8505179260607842,-0.9140792925133223,-0.40680281265072454
https://doi.org/10.1016/j.corsci.2022.110110,0.789510661734288,1.2874592033420709,0.20774468593889356,-0.06393375721968281
https://doi.org/10.1016/j.corsci.2022.110356,-0.4918849757488113,-1.380867378954504,-1.3876414899733807,-0.8708053544231463
https://doi.org/10.1016/j.corsci.2022.110723,-2.124218130733655,0.22645835646511966,-0.6587543495139442,-0.7930752769549576
https://doi.org/10.1016/j.corsci.2022.110676,-0.5712991985777693,-0.5951040149335516,-0.3670518039480407,-1.0676653048891693
https://doi.org/10.1016/j.corsci.2022.110178,-0.5683935602937203,0.34313068786531575,-1.246049898989391,-1.3430342813794462
https://doi.org/10.1016/j.corsci.2022.110826,-1.1435575673481777,-0.2551045636529547,0.7346710946579807,0.06874111104565984
https://doi.org/10.3390/cmd3020015,-0.1477248857671613,-1.3469095440039542,-0.3855275735257885,-0.38863013200430746
https://doi.org/10.3390/cmd3040031,0.3379341489700535,-1.6918989878530712,-0.9386790157313386,-0.74306310352666
https://doi.org/10.3390/cmd3020013,-0.37246446671979244,-1.3110147934304002,0.29607454470582484,-1.344603030580737
https://doi.org/10.3390/cmd3040037,0.5931293035155405,-0.7466530181897508,1.0421819038630056,-0.6378722875393978
https://doi.org/10.3390/cmd3030025,0.39845345484825545,-0.6748717283018012,-0.9845752690681879,-0.01926606671947715
https://doi.org/10.3390/cmd3040038,-2.2137531056401847,-1.6965101354252474,0.8941982647012927,-0.79806826573098
https://doi.org/10.3390/cmd3010003,-0.1379661473514577,-1.4299640060795642,0.14033720115804824,-0.6399839688264628
https://doi.org/10.3390/cmd3030028,-1.4416428034419344,-1.1941680693527366,2.1399456374697263,0.6707542422482925
https://doi.org/10.3390/cmd3030023,0.04841835733322685,-1.4914595152024785,2.046033620227446,-0.2946121409471973
https://doi.org/10.3390/cmd3020014,-0.13278215253673684,-0.7945955222319621,-0.3104314288022166,0.8297040160455488
https://doi.org/10.3390/cmd3010006,-0.14006812696430615,0.28711672781411157,-0.37444777823926984,0.03577150786358704
https://doi.org/10.3390/cmd3020012,0.7238566679791059,-0.551415505756855,3.44713289135555,1.1075379064660646
https://doi.org/10.3390/cmd3040032,-0.7501497688476609,-1.504205964036905,1.3295871118330183,-0.9041707128189813
https://doi.org/10.3390/cmd3010005,-1.099118247053184,-1.394851925178236,-0.3578132371755398,-0.5725748956396267
https://doi.org/10.3390/cmd4010001,0.16497330682971942,1.2588299840066215,1.3117712731775244,0.4041348956364952
https://doi.org/10.3390/cmd3010004,0.12775189934784895,0.04452750453548044,0.5536298188789132,0.07810440093204904
https://doi.org/10.3390/cmd3030022,-0.22851973979282755,-0.8645635194404147,1.9605922908778144,1.376025114001401
https://doi.org/10.3390/cmd3010008,-0.8496155913665682,1.9664043399161066,0.21330209115445342,0.4347665100968948
https://doi.org/10.3390/cmd3030019,-0.8316008565948815,-1.639458613378804,4.14802859533084,2.456024458028983
https://doi.org/10.3390/cmd3030030,-0.8210357400242044,-0.7072541141550335,-0.20363167409863367,-1.106752153110734
https://doi.org/10.3390/cmd3040033,1.123300250785148,-0.6467050708577449,-0.9030048077567455,-0.30851538884712904
https://doi.org/10.3390/cmd3020017,-0.7052840147047953,-0.7036977983620191,0.7642687353424509,-0.7958403456475514
https://doi.org/10.3390/cmd3020016,0.6354565123634522,-1.6313015151134511,1.1180425610631,0.108326379039808
https://doi.org/10.3390/cmd3030026,-1.5528767776479249,1.2406714936950713,-0.17150581037080367,-1.9345238162936869
https://doi.org/10.3390/cmd3030020,-0.10183179864915216,-0.9357428342846185,2.3958425629228493,0.7161299029907293
https://doi.org/10.3390/cmd3040036,0.2679262659143619,0.19520648423386508,-0.41649019685851607,-0.36783842649697346
https://doi.org/10.3390/cmd3020011,0.11503530732196492,-1.5974606806804694,-0.6012360064442973,-0.6732547892356748
https://doi.org/10.3390/cmd3030021,-0.40490325633842655,0.016787704877986597,0.6423906545616695,0.0891043919303667
https://doi.org/10.3390/cmd3040039,-1.0691712835971963,-2.058725506064358,0.37292233123575896,-0.8624405635479027
https://doi.org/10.3390/cmd3040034,0.6994269999078436,-0.7641064147088249,-0.9008578041413959,-0.994148295888124
https://doi.org/10.3390/cmd3010007,0.23494438721320737,0.040708369091136856,-1.191903619711187,-1.2327879956369419
https://doi.org/10.3390/cmd3010009,0.5470300210154879,0.4528688689059898,0.2989750284914689,0.6897355381665413
https://doi.org/10.3390/cmd3030018,-0.3625753337173177,-0.24612149035937997,-0.3187088210049573,-0.4492441314683239
https://doi.org/10.3390/cmd3030024,-0.6911102340754064,-0.25489937980581867,-0.7173672670408273,-1.0519621078678465
https://doi.org/10.3390/cmd3040035,0.16866735035291486,0.3079419659391593,0.29156785325814377,0.31883111681204734
https://doi.org/10.3390/cmd3040040,-0.17573837131603168,0.4284146639755571,0.19307551299125172,0.16153819771011382
https://doi.org/10.3390/cmd4010002,-1.421842256530459,0.6558132034358292,0.515337798503932,-0.9718051080800894
https://doi.org/10.3390/cmd3030027,-0.5758198860258293,0.16442740886482196,-1.6594084344406417,-1.231016697633708
https://doi.org/10.3390/cmd3020010,0.013106634489819892,0.4343816299440188,-0.8219602383460031,0.4900262595262691
https://doi.org/10.3390/cmd3030029,0.4977627998792586,0.8294784368808575,-1.0581211658647425,-0.8135242093970679
https://doi.org/10.1002/maco.202213140,0.14892310631909644,-1.487486543240594,-1.0255192310591659,-0.22472028355272153
https://doi.org/10.1002/maco.202213104,-1.4010020419869713,0.911566048841205,-0.35962192094893475,0.7607415078122353
https://doi.org/10.1002/maco.202213174,0.6411091856857328,0.09891387176102201,-0.920858337930773,-0.00703239157913629
https://doi.org/10.1002/maco.202213372,-1.509926738480097,-0.654218954383282,0.024411783367358247,-0.9346849052826411
https://doi.org/10.1002/maco.202213530,-0.6077547184834384,0.25154355976851794,-0.9008836039625282,-0.034236415262521705
https://doi.org/10.1002/maco.202112748,0.07446439112300027,0.38948945961722653,-0.3534269108379179,-0.23960703113048495
https://doi.org/10.1002/maco.202213324,-0.5596604701336503,-1.0481486880799755,1.34479325977239,1.0329743579742192
https://doi.org/10.1002/maco.202213105,0.6793900723606769,0.8978416947795493,-0.34296147639637803,0.5384594609935186
https://doi.org/10.1002/maco.202213116,-0.5292388344756542,0.27546964768686016,-0.25357325583850876,-0.39336630950777984
https://doi.org/10.1002/maco.202112871,1.0260854766633183,-1.7174508584389532,-0.22090744285851602,-1.0338346389770154
https://doi.org/10.1002/maco.202112851,-0.6393553106080708,-1.0270280842002621,-1.0605134586433114,1.1636357581187227
https://doi.org/10.1002/maco.202213307,0.006596001392651734,1.8904206120872478,-0.6086839318001316,0.2762715005710795
https://doi.org/10.1002/maco.202113019,-0.47668195845979994,-1.436517478431351,-0.8336077675488615,0.5531608138696383
https://doi.org/10.1002/maco.202213097,1.6063830674790123,-0.9838127621745119,-0.0672688710843337,-0.8980209488845511
https://doi.org/10.1002/maco.202213658,0.7902233377700435,-0.21613082244162413,-0.5907002956046861,-1.0454658384531754
https://doi.org/10.1002/maco.202112715,0.08398276592991469,1.209925873119248,0.5804797551182308,-0.7713755315277798
https://doi.org/10.1002/maco.202112935,-0.25930038127319993,0.8518290053357016,-0.6853838571548171,0.1977340843002935
https://doi.org/10.1002/maco.202213339,0.266751075460593,0.9461775711893035,-0.3938727558162058,1.022733878660317
https://doi.org/10.1002/maco.202213414,-0.8637256095167362,-1.3759089498387,-1.1575473405524404,-0.19122851606215566
https://doi.org/10.1002/maco.202213546,2.441568209342947,-0.5305718279259612,0.5695369155196377,0.3107394480095534
https://doi.org/10.1002/maco.202112963,0.5332604723872386,1.5529270392242176,-0.7009359047333891,-0.14308775504536533
https://doi.org/10.1002/maco.202112814,-0.8603598243742044,2.2729862850342273,0.6353770934196091,0.6652303522229703
https://doi.org/10.1002/maco.202213326,-1.3246095336401527,1.0936336704828191,-0.6513589108877716,-0.17168715935090187
https://doi.org/10.1002/maco.202213296,-0.45975170153289313,1.2110546499609782,1.1531513545196255,-0.39198525529579936
https://doi.org/10.1002/maco.202113022,-1.3061084781773782,0.9377460688222125,-0.52512316800266,-0.9744267103898123
https://doi.org/10.1002/maco.202213359,-0.5241039967791833,-1.8754369101348942,3.5813916123189324,0.5526874262300502
https://doi.org/10.1002/maco.202213238,1.8454108131312574,-0.73073013128734,0.807994783061179,-0.15922113664759782
https://doi.org/10.1002/maco.202213380,0.5015887134511354,-0.034251551079567746,-0.6088372934259088,0.7932768486160189
https://doi.org/10.1002/maco.202213582,-0.3404341990637779,-1.41605544159181,-0.05506457791320981,1.231384597599756
https://doi.org/10.1002/maco.202112953,0.4687215551339541,1.8105284810676152,0.3873643393672632,0.1547535470445215
https://doi.org/10.1002/maco.202112818,1.5040662529848927,1.9168067542421519,-1.095808206631196,0.4115944498907935
https://doi.org/10.1002/maco.202112765,0.918446061667807,-1.1684606664613748,-0.09431895502045416,1.4021899510247864
https://doi.org/10.1002/maco.202112757,-1.8143182647557035,-0.2794182782242982,-0.361543265033703,-0.7263483133414973
https://doi.org/10.1002/maco.202112915,1.4910435486771736,-1.8393582237134338,-0.11594206261985845,-0.4667645173240881
https://doi.org/10.1002/maco.202213271,-0.9721069207253406,0.9641731756336,-0.08697031327140382,-0.8288367454222142
https://doi.org/10.1002/maco.202213543,-0.17572105929013354,0.25132390014760164,-0.6573235952824377,1.3841831634968393
https://doi.org/10.1002/maco.202213541,0.7393238758036659,-0.8564760181241922,-0.29401623489313655,0.021998939022717198
https://doi.org/10.1002/maco.202112937,-0.3702034783727898,-0.20368392546182754,-0.0874519393090598,-0.1548664594084046
https://doi.org/10.1002/maco.202113005,-1.0007093615686529,0.7010162530558085,-0.5458618224549592,-0.15580596173235464
https://doi.org/10.1002/maco.202213482,1.2572119026533795,0.10785322480628234,-0.9674058463603368,0.5244373229880986
https://doi.org/10.1002/maco.202213375,-1.7989252330417151,-1.158708394739635,0.9481937222960306,-0.07839000872854089
https://doi.org/10.1002/maco.202112957,-1.5188717936042153,1.525067087646526,-0.340790204847725,-0.6130435243519422
https://doi.org/10.1002/maco.202213249,0.7682157354468495,1.1050268225221451,-0.11903433596080817,-0.6483483998672942
https://doi.org/10.1002/maco.202213478,-0.8101872206174895,0.4405632378929372,-0.43295350361165136,-1.256207329003629
https://doi.org/10.1002/maco.202112697,-0.5806594778630118,-1.4919607201406484,1.077806157324195,0.18901667705682965
https://doi.org/10.1002/maco.202213562,-0.012018363311704935,0.599273818705259,1.3610755761773194,0.15772208284787412
https://doi.org/10.1002/maco.202213076,-0.028510280762555042,1.0483826072853235,-0.7488217486554598,-0.1973783874289722
https://doi.org/10.1002/maco.202213196,-0.07634710278401471,-1.3146911309254585,0.04764635530387828,-1.3791691629624707
https://doi.org/10.1002/maco.202213189,1.1965042466448677,0.8538246227473703,1.0495967759610092,2.1724888405357947
https://doi.org/10.1002/maco.202112994,0.6868520542404501,0.025795206760267277,0.006217240508009418,1.3318042898672027
https://doi.org/10.1002/maco.202213079,-0.338008823697206,0.42543307216324217,-0.5534693651300091,0.3293730550406941
https://doi.org/10.1002/maco.202213118,0.19884405370030236,-0.3423758077554108,-0.6341068494846256,1.0142300657837744
https://doi.org/10.1002/maco.202213322,-1.4823141629647916,0.9704170360712734,-1.3563671169087643,-1.5860080732622597
https://doi.org/10.1002/maco.202213287,0.09448469013097333,0.30356341338936554,-0.0934846075527235,-0.4472674588572825
https://doi.org/10.1002/maco.202213538,0.2636537685980761,-1.6883580604211723,-1.1946949413371342,0.5770764137583811
https://doi.org/10.1002/maco.202112730,0.9808447872171016,-0.9011159152523323,-1.0473386167242853,-0.949842648575109
https://doi.org/10.1002/maco.202213503,1.244175024912206,-1.6071712349315275,-0.8563100509830018,0.1705730786793418
https://doi.org/10.1002/maco.202213382,-1.814627789501629,0.28243944656585424,-0.32714092040300163,-0.7283644843012982
https://doi.org/10.1002/maco.202112832,1.5523033674783995,-0.9391661166011628,0.37492529738688857,0.40185180155366507
https://doi.org/10.1002/maco.202213073,-1.296792789093673,0.2671138451373285,-0.5855995436547973,-0.35723404368098866
https://doi.org/10.1002/maco.202213328,-0.20178055868955733,0.12956053017114197,0.7454287344545428,-0.5987450240448706
https://doi.org/10.1002/maco.202113020,1.2898093658986107,-1.1553232509648417,-0.6577134362798569,2.232883613775837
https://doi.org/10.1002/maco.202213108,0.9229470078368756,-1.5964792982253855,-0.6404908654663799,-1.066908877409227
https://doi.org/10.1002/maco.202213236,-0.0013858033463861733,1.0796200609369215,0.9750307263783347,1.969833913623343
https://doi.org/10.1002/maco.202213298,-1.0986614514987538,0.3945852929407576,-0.7783039210296411,-1.3684659521533007
https://doi.org/10.1002/maco.202112887,-0.6516766684550904,0.37673492873203085,0.9763215415987059,-0.19133075035227717
https://doi.org/10.1002/maco.202112787,0.7417808444492049,2.380300572634002,1.4883277359317721,-0.058471073969892894
https://doi.org/10.1002/maco.202213215,-0.5480722116423314,-0.8180718701414664,-0.4019782071765893,1.8240393657875251
https://doi.org/10.1002/maco.202213297,0.006919435179213432,-0.8637745187208747,-0.16362698892191835,-0.6384045613147352
https://doi.org/10.1002/maco.202213397,-0.19752714351080003,-0.15402815768121975,0.9402795615474415,-0.5096233154228804
https://doi.org/10.1002/maco.202213325,-0.5843274648206821,1.540027317292303,-0.398558442789208,0.020642307995823093
https://doi.org/10.1002/maco.202213574,0.6122313703461739,1.2265928088536473,-0.5562431985581675,-1.118950683436019
https://doi.org/10.1002/maco.202213672,0.4673549572720636,1.6120925130052512,-0.09911717125845658,0.5179141670532718
https://doi.org/10.1002/maco.202112790,0.9384458520474673,0.6606399063795616,0.1072047311528908,-0.5633890657196231
https://doi.org/10.1002/maco.202113014,-0.4013432710235961,-1.1570661427559892,-0.3301476429969053,-0.22950125404502203
https://doi.org/10.1002/maco.202213110,-0.7146856157000975,-1.0670842033163033,-1.4718002594670876,0.7099267566899312
https://doi.org/10.1002/maco.202213308,-2.1045637929164047,-0.28890885356515283,-0.2521677123575861,0.22847296171568585
https://doi.org/10.1002/maco.202213551,1.1551850058424493,-0.5145630460301206,-1.2963952723912624,-0.6181351569359211
https://doi.org/10.1002/maco.202213566,-1.7918151279277503,0.1799274222555311,0.31934150811611706,-0.7954139081732634
https://doi.org/10.1002/maco.202213049,1.2450815558506854,1.3156594415105656,-0.4414322699307067,-0.5094039226471597
https://doi.org/10.1002/maco.202112841,0.9129574272241466,0.8490009584095543,-0.536547637318659,-0.4506714645110599
https://doi.org/10.1002/maco.202213401,-2.5085479043146557,0.2715990772458786,-0.382656021697352,-0.21854252061526866
https://doi.org/10.1002/maco.202213156,0.40419154581205796,1.8080424795373387,-0.20322640064928119,0.5327532842942638
https://doi.org/10.1002/maco.202213415,0.046895372831123966,1.2654415024916612,-1.1992814217924335,-0.8747154474066983
https://doi.org/10.1002/maco.202213158,-0.8631892833275215,0.9540871744398047,-1.2616855284686086,-0.8845191372733018
https://doi.org/10.1002/maco.202213323,0.08927122632720332,-0.8358782809793124,-0.6118185473737127,-1.2096742154863243
https://doi.org/10.1002/maco.202213412,-1.4096380212146808,0.34853269187198815,-0.8286215191451464,0.08843451409757162
https://doi.org/10.1002/maco.202113031,-1.7376613578029012,-0.8281834037571747,-0.9350317885912138,-0.77315811712729
https://doi.org/10.1002/maco.202213063,-0.8293846025888211,0.6267166624321133,-0.3181311482298005,-0.7201026427053063
https://doi.org/10.1002/maco.202213060,-0.7976536145778839,1.1116560136275302,-0.6511455272897299,-1.2005284522732105
https://doi.org/10.1002/maco.202112758,-1.3312143751644459,0.4746730070677224,0.41079935496385417,1.413926794401481
https://doi.org/10.1002/maco.202213360,-0.7224624609682558,-0.0026242533482763947,-0.3921243830918878,-0.7398943669088704
https://doi.org/10.1002/maco.202213523,-0.7069223771625893,0.11687137579820894,-0.35296500243664086,-0.869972114970026
https://doi.org/10.1002/maco.202213329,-0.04635883069484228,-0.670887411358303,1.9095461834483525,0.7936927509319767
https://doi.org/10.1002/maco.202112934,0.056932095129360594,1.4604706760239234,0.8564114089189043,-0.7028022305696804
https://doi.org/10.1002/maco.202213173,-0.7340906417599007,-1.3688547940517068,1.4361354241446447,0.6090174145032635
https://doi.org/10.1002/maco.202112948,-1.4958035851338107,0.8944989106200869,-0.18416043720243203,0.9774802534600066
https://doi.org/10.1002/maco.202112900,0.8837397387703073,0.6155412634072409,-0.5187824171353775,-0.5457891091810894
https://doi.org/10.1002/maco.202213388,-1.1693725163249187,-0.3681635430616752,-1.3290289338123586,-1.50523211312462
https://doi.org/10.1002/maco.202213252,-1.8346667923098479,1.723298121746311,-0.286693753123789,-0.8515319659053393
https://doi.org/10.1002/maco.202112984,0.20991914858500668,-1.5838440570242551,-0.6056090096287384,1.1931309036091071
https://doi.org/10.1002/maco.202112901,-0.07354570758960287,0.8684703762179075,0.4225794144802549,-0.4209793469955702
https://doi.org/10.1002/maco.202112902,2.8816332054975895,1.6885434439727407,2.055287072795367,-1.3935330386945326
https://doi.org/10.1002/maco.202213177,0.9441551437603787,1.5125203155703013,1.3179516220677685,0.9550686305119293
https://doi.org/10.1002/maco.202213228,-0.7886913174793,-0.504331871492046,-1.3348131670171217,-1.4821965887028714
https://doi.org/10.1002/maco.202213054,-0.11413819043645067,-1.9315107450257443,-0.7982577608000414,-0.08115076001488954
https://doi.org/10.1002/maco.202213330,-0.4595495135479963,1.486005283983468,-0.6249688539096214,-1.0574117428025347
https://doi.org/10.1002/maco.202213417,0.20833186038797485,-0.2659089861348439,-0.4820540759318041,-0.2025081422895327
https://doi.org/10.1002/maco.202213533,-0.9455862805768782,-0.6633816006156147,-0.4208242463948087,-0.8096445735798866
https://doi.org/10.1002/maco.202112942,-1.3005311977562233,-1.6068834543070645,0.8967660403779065,-2.0276257354730127
https://doi.org/10.1002/maco.202213122,-0.363427827400693,1.7466026613113521,-0.30722066690423444,0.3035117123586457
https://doi.org/10.1002/maco.202213065,0.24707769543339744,1.0291368485788837,0.32845449225550355,0.9823532119758177
https://doi.org/10.1002/maco.202213053,-1.1504326818281267,0.8399640630852652,-0.12877885954225549,0.129176584883889
https://doi.org/10.1002/maco.202213361,-0.22446650371009233,-0.7859844468156183,-0.8616574356663801,-0.8146700951087618
https://doi.org/10.1002/maco.202213300,-0.9272403949003069,-0.8242283378853141,-0.24458484028453908,-1.4443589364986855
https://doi.org/10.1002/maco.202213154,0.16330123111472508,1.3665520425172295,-1.200169345318345,-0.37295029289195025
https://doi.org/10.1002/maco.202213468,-0.12984501229970916,1.776871041490191,1.1800029313551246,-0.11416405550445219
https://doi.org/10.1002/maco.202213440,-1.1689722515424867,0.4046700574885195,-0.0017511048749916755,-0.7617193457675518
https://doi.org/10.1002/maco.202213120,0.9852945858006148,0.5788909834197862,-0.2099152553924818,-0.170980023235065
https://doi.org/10.1002/maco.202213103,-1.7032342915863614,0.8583356457371739,0.2971709376696577,0.07791284744893419
https://doi.org/10.1002/maco.202213129,0.9356978796900951,0.6704201029579133,-0.9845459354802264,-1.5494780842855838
https://doi.org/10.1002/maco.202213229,0.29571812891994126,-1.180396276876251,1.0044630333082392,0.04226037484838483
https://doi.org/10.1002/maco.202213348,0.7847839227238359,1.2259372070871417,-1.4259763019334604,0.18353784448514443
https://doi.org/10.1002/maco.202213420,0.13453221001991447,0.2283223712215662,0.00876069790394925,-0.708895207569537
https://doi.org/10.1002/maco.202213451,-0.06523235120836762,-0.6780926599676101,-0.05323477999701842,0.012197944238602976
https://doi.org/10.1002/maco.202213473,0.2399360726235737,0.2671458717846084,0.6492464004335934,0.9644298544030339
https://doi.org/10.1002/maco.202213663,0.752773688253733,-0.016889355363023207,-0.18842689227461987,-0.020144494579586482
https://doi.org/10.1002/maco.202112931,-1.510377247009448,0.5055350393017487,1.3759835669463174,-0.5718903780395698
https://doi.org/10.1002/maco.202213142,-0.5663508339588987,-1.2389856751866681,-0.6406374406533258,0.02908874342456194
https://doi.org/10.1002/maco.202213254,-1.7236472907663825,-1.5039550545912124,-1.0462268337510015,-1.2173755133351705
https://doi.org/10.1002/maco.202213464,-0.8093643888001886,0.6326861055790461,-0.38922471288878707,-0.6812008473724722
https://doi.org/10.1002/maco.202213373,-0.2885275612899707,0.02925764335612414,-0.6637840621745914,2.733714887236012
https://doi.org/10.1002/maco.202213413,-1.8469732339449692,0.8452186910247173,-0.38268182893241753,-0.9020242517127836
https://doi.org/10.1002/maco.202213338,-0.8218465428421586,0.7651885789116126,-0.9918372243738098,-0.7171173437728631
https://doi.org/10.1002/maco.202112951,-1.7933238391251076,-0.915600173474482,-0.5400465728793261,-0.15832018069067785
https://doi.org/10.1002/maco.202112815,0.9933694748677199,0.22914717581495692,0.17055704057067614,0.5420981737709172
https://doi.org/10.1002/maco.202112839,0.28953997804306464,-0.8109352109126511,0.683532644283536,-0.19675003291024967
https://doi.org/10.1002/maco.202213088,-0.2796677624788701,-0.41083968747519534,3.6589437924156747,0.28788795117496907
https://doi.org/10.1002/maco.202213347,-1.0114630646297689,-0.501217055593313,-0.8512092109925837,-0.2175960425933259
https://doi.org/10.1002/maco.202213480,-0.24154316058599692,1.2881698764712515,-0.25005832981007287,0.945727902234585
https://doi.org/10.1002/maco.202112977,1.4530087362817614,-0.9583302647950072,0.4491916938248681,-0.42054229410785415
https://doi.org/10.1002/maco.202213341,1.023023637076745,0.4934426715689593,-0.9139208856708175,0.9244015987645674
https://doi.org/10.1002/maco.202112995,-0.9768750600528319,0.563436856391837,-0.6454661975284881,-0.28402591289797774
https://doi.org/10.1002/maco.202113008,-0.1954666707842185,1.0447678047638822,-0.7681838696316952,-0.6986676311304955
https://doi.org/10.1002/maco.202112881,-0.5462267238395353,-0.18131083027064784,-0.7990185994467159,-1.2754491166899353
https://doi.org/10.1002/maco.202213406,-0.9107137983172711,-1.2224006932522316,-0.5550185315577901,-0.7180012209404235
https://doi.org/10.1002/maco.202213384,0.8517051829144124,0.5445357903579054,-0.08310780023799196,0.3635216872015444
https://doi.org/10.1002/maco.202270011,0.58485927293108,-0.903428084004784,-0.21838850058487427,0.9925791414372885
https://doi.org/10.1002/maco.202113026,-0.38348889029753497,-1.872509666389037,-0.04016057697535368,0.10876878771431839
https://doi.org/10.1002/maco.202112687,-0.8694196518058902,-0.8355651871623311,0.05654608232675495,-0.8342777782510298
https://doi.org/10.1002/maco.202213068,-0.5684863125492932,0.44590542964037644,-0.13019092663255646,1.0103271887168028
https://doi.org/10.1002/maco.202213052,0.3233893465512538,-0.9936569013918278,0.8063673956601781,2.0385531203232214
https://doi.org/10.1002/maco.202213084,-1.273753687225086,0.5663977310751513,-1.6829846567041011,-1.6050533065261288
https://doi.org/10.1002/maco.202213179,-1.806523050297168,1.1174186389681497,0.2115113323620817,0.642747872535614
https://doi.org/10.1002/maco.202213281,-1.1589827424564838,0.6386579707933783,2.745307751743616,0.31485959254775625
https://doi.org/10.1002/maco.202213244,1.4367906799600418,-0.7927120181477993,-0.09154058864367635,0.10190047370580876
https://doi.org/10.1002/maco.202213476,-0.0966267076973328,-1.3364787433882013,0.1259895440605667,1.017875856206218
https://doi.org/10.1002/maco.202213383,-0.6694772312663323,-1.2507445576130536,-1.193131704892374,-1.024380739948614
https://doi.org/10.1002/maco.202112843,-1.0111186007364124,0.8520322535937741,-0.13508127788804483,0.17637474231193265
https://doi.org/10.1002/maco.202112930,1.9148934028439084,-0.9543722594523758,0.963442202598978,-0.19687979312020232
https://doi.org/10.1002/maco.202270021,-1.085271643489236,-0.469467496333603,-0.4378762776648254,1.3666873315703378
https://doi.org/10.1002/maco.202112770,-1.761091216748518,0.9791047675298596,-0.3611414217621273,0.21852262163199163
https://doi.org/10.1002/maco.202270031,0.4104750042158115,0.04216438713502489,0.44222280248722334,-0.2629819359179993
https://doi.org/10.1002/maco.202270051,0.3448509075529381,-1.1176984446741414,0.41575288240992064,-1.0234423480324495
https://doi.org/10.1002/maco.202270041,-0.7899209579820332,-0.23086631759739087,-0.45544866417103197,-0.7928363615831148
https://doi.org/10.1002/maco.202213150,-0.5504548744477503,-1.1775714938859487,-1.4682220291607522,-0.8029335933530489
https://doi.org/10.1002/maco.202270061,-0.3106766236818236,0.21705926118827726,0.19742583421800694,-0.35022545477987815
https://doi.org/10.1002/maco.202270071,0.37814008360819673,0.7050466999162083,0.29933247590120926,-0.04031042781680587
https://doi.org/10.1002/maco.202213268,-0.41233002491181964,-0.8134347731896414,0.025555111079342593,0.632353102694831
https://doi.org/10.1002/maco.202270081,-0.15144488819497945,0.9340944174485843,0.1258839637157569,1.3646805125247543
https://doi.org/10.1002/maco.202270091,-1.2968722367446952,-1.0497054530725216,-0.9683789057032557,-1.0795069313519916
https://doi.org/10.1002/maco.202270101,-0.4986938243388345,0.08999887958815762,-0.1104434370187033,-0.9687067284667051
https://doi.org/10.1002/maco.202270111,0.542998052510239,-0.7824567099907538,-1.6396496332213584,-0.2662640015724547
https://doi.org/10.1002/maco.202270121,0.04433293173083267,-0.5490021218568136,0.9735978717085196,0.2258407539848046
https://doi.org/10.1002/maco.202213499,-0.487773409624196,1.7008698265884292,2.7762046590818836,1.052676758175631
https://doi.org/10.1108/acmm-04-2023-2796,0.3824960406475482,0.10139063983785243,-0.34253091583765216,0.5741767073889197
https://doi.org/10.1108/acmm-12-2022-2738,1.319348199361745,0.5131890698438937,-0.06619844897456197,-0.04608916564079259
https://doi.org/10.1108/acmm-01-2023-2747,-0.7690789230219492,1.3325896858447164,-0.5390785139582357,0.007892839968930497
https://doi.org/10.1108/acmm-05-2023-2816,1.334222869810382,0.10394998694722245,1.014332452060985,-1.3407337370122991
https://doi.org/10.1108/acmm-03-2023-2769,2.937334064492231,-1.136663863769182,0.7991336478837415,0.11452151394489157
https://doi.org/10.1108/acmm-07-2023-2858,0.14401381048690526,0.8433989877363199,-0.9270092554483895,-1.3386480284227085
https://doi.org/10.1108/acmm-08-2023-2888,0.5824244347663072,-1.0372308487752542,1.68759549809127,0.8921565129528174
https://doi.org/10.1108/acmm-11-2022-2725,2.7898336626577063,-0.3541553008942344,-0.03829409214682782,-1.8624947276230397
https://doi.org/10.1108/acmm-06-2023-2843,0.1664469576148212,0.09690873912356276,-0.5798261657352771,-0.8277894698106076
https://doi.org/10.1108/acmm-04-2023-2793,1.5144293974166902,0.4352198951759194,-1.2369517429726347,0.3487124034134648
https://doi.org/10.1108/acmm-03-2023-2773,0.7126266139577577,-1.076140778950584,-0.6561597704016149,-0.5715330283285107
https://doi.org/10.1108/acmm-03-2023-2772,0.16905100160957137,-0.6500153009206127,-0.4690605319122653,-0.38216381791983334
https://doi.org/10.1108/acmm-07-2023-2856,0.23667554977220584,0.8911698470182277,0.4854135846646496,0.5563254368225397
https://doi.org/10.1108/acmm-02-2023-2755,0.02517708042488346,0.5870032718833967,0.7423966626636709,1.4972903491254455
https://doi.org/10.1108/acmm-02-2023-2763,2.2335053575499084,1.1108462988050676,-0.2350968101959754,-0.597186396845388
https://doi.org/10.1108/acmm-08-2023-2883,1.9718929113828199,0.16935813627410287,0.2883079020411648,-1.115666191031347
https://doi.org/10.1108/acmm-07-2023-2853,1.4349850664869055,-1.4190865145282057,-0.6638855493592927,-0.44273202246546456
https://doi.org/10.1108/acmm-05-2023-2812,2.0505435778497634,0.733350474843504,-0.9124748511909938,-0.16415326781691814
https://doi.org/10.1108/acmm-07-2023-2861,-0.10562421175261963,-0.7959437543942113,-1.4045006036889682,-1.6266613416889601
https://doi.org/10.1108/acmm-09-2023-2899,0.171089832961773,-0.38386021997547143,0.3727652512107822,0.27169319186133883
https://doi.org/10.1108/acmm-04-2023-2797,-0.3009365545997373,0.19795015952541886,-0.546423195886297,-0.020192979184446163
https://doi.org/10.1108/acmm-05-2023-2811,0.16084541530420363,1.065795061688674,-0.10258548499221323,-0.7073528565098088
https://doi.org/10.1108/acmm-03-2023-2775,-0.5667614334660184,-1.2277240153900748,-0.5303631705839269,-1.2448139871591646
https://doi.org/10.1108/acmm-03-2023-2765,0.21600637976149403,-0.5359715634966183,0.41256979183974185,-0.8656820363621724
https://doi.org/10.1108/acmm-04-2023-2788,1.3822506156173309,1.8701569674133285,0.4947011495080626,-0.7836674905259432
https://doi.org/10.1108/acmm-06-2023-2840,0.6801995647050905,0.8574009939398114,-0.1090190049110304,1.4547368689585767
https://doi.org/10.1108/acmm-03-2023-2780,-0.4598567029301854,0.568579844250083,0.637007706444144,-0.35881116975252453
https://doi.org/10.1108/acmm-04-2023-2791,-0.2869997149038301,1.2973052309694277,-0.5343360685027543,-1.2058855833142403
https://doi.org/10.1108/acmm-09-2022-2700,-0.5656435333711399,1.5706744700453357,-0.34450682827584667,-1.04531934270947
https://doi.org/10.1108/acmm-06-2023-2826,1.2914681510465107,-1.3116105250018761,0.0727896415706211,-0.9914363358320739
https://doi.org/10.1108/acmm-06-2023-2829,1.4520279552117568,-1.0645164619217329,-0.924218908487451,-0.6583955672729573
https://doi.org/10.1108/acmm-07-2023-2855,1.0281850127187666,-0.17549010432072767,-1.0931547825702115,-1.2427300439314803
https://doi.org/10.1108/acmm-03-2023-2774,0.15774971490532022,0.03227474130348095,-0.7867152169673132,-0.57756103807415
https://doi.org/10.1108/acmm-09-2023-2903,-0.01639089077054357,0.052258903281799315,-0.11706678191152436,0.6006019208250222
https://doi.org/10.1108/acmm-02-2023-2762,-0.06128606488146733,0.6002400215476295,-1.037583211529694,0.6950898859180832
https://doi.org/10.1108/acmm-06-2023-2819,2.172991584470311,1.1981317244658225,-0.05014600296866287,-0.6373723665313469
https://doi.org/10.1108/acmm-05-2023-2809,0.31482107923355096,0.7491451093963148,-0.15830612451532491,-0.9349941715131526
https://doi.org/10.1108/acmm-09-2023-2891,-0.0760364656424894,-1.1253466569728845,-0.17286136851708495,-0.8106816875695095
https://doi.org/10.1108/acmm-11-2022-2728,1.0518724715455121,0.23778141395824257,0.6957922347290115,1.212171988047294
https://doi.org/10.1108/acmm-02-2023-2754,1.364618226195609,-1.3565606166948112,-0.50618927569239,-0.7011887124272432
https://doi.org/10.1108/acmm-07-2023-2854,-0.040143578286173175,-0.4896387506975425,0.2336278217368948,-0.9629399852970898
https://doi.org/10.1108/acmm-01-2023-2746,0.15833276566992535,-0.5388530113269968,-0.027431541560245232,-0.8366477634184595
https://doi.org/10.1108/acmm-05-2023-2814,-0.01139001013922157,1.0447965408762303,-0.5354012385940975,-0.035799833977726805
https://doi.org/10.1108/acmm-06-2023-2845,-0.686561802056647,0.37298756052177756,-0.09308758969265833,-0.8220652464698613
https://doi.org/10.1108/acmm-06-2023-2833,-1.8001228262033369,-0.1504593505783097,-0.3175815818708804,-0.5244607494171131
https://doi.org/10.1108/acmm-09-2023-2894,0.723720848922381,-0.6677156908567985,0.4697996753938326,-0.19569261814741282
https://doi.org/10.1108/acmm-11-2022-2720,0.4415276061476399,0.20356044344682572,-0.6555726774789623,-0.0441290763984371
https://doi.org/10.1108/acmm-08-2023-2873,1.6428494496524535,-0.12807695717072523,1.1318221262129116,-0.421055397802489
https://doi.org/10.1108/acmm-11-2022-2731,0.37263867951048457,-0.7554549324918726,-0.23451272997315128,-0.17067178306671452
https://doi.org/10.1108/acmm-09-2023-2896,1.6768825154486904,-0.16939981074103458,-0.5277116195771715,-1.0456443748878894
https://doi.org/10.1108/acmm-02-2023-2761,0.3852972139825229,-0.4013367030858922,-0.4404446624705599,-0.4302556226670794
https://doi.org/10.1108/acmm-05-2023-2806,0.4948930443482597,-1.1547651412860243,0.5959571213072673,-0.8685880913949899
https://doi.org/10.1108/acmm-08-2023-2882,2.389654867183193,0.2889037122418089,0.08625844935387639,-0.10035255571649672
https://doi.org/10.1108/acmm-04-2023-2784,0.7224084904722217,-0.44767473952730097,0.7419132337700239,-0.8420362933519652
https://doi.org/10.1108/acmm-07-2023-2860,0.06135195681409592,-0.004317192134222075,-0.4351060778686645,-0.2362666266002737
https://doi.org/10.1108/acmm-04-2023-2787,0.13879451998000045,-0.8558719853145664,1.1565856942591848,-0.008336054524836909
https://doi.org/10.1108/acmm-05-2023-2799,-0.6920886115874358,-0.25814186808880346,0.3581952358163469,0.06314255477560322
https://doi.org/10.1108/acmm-12-2022-2737,-0.6563574427476658,0.5203186003358006,0.07182408517919099,0.4605349813411764
https://doi.org/10.1108/acmm-04-2023-2782,0.34802555379084626,-0.6967137134987481,-1.110187292793634,-0.11454619036991458
https://doi.org/10.1108/acmm-03-2023-2764,0.038447852858006906,0.041720710602277826,0.33127443992219086,-0.6733726951241904
https://doi.org/10.1108/acmm-03-2023-2779,-0.8694244039106291,0.2528035956629464,0.05993786087679249,-0.945203634958701
https://doi.org/10.1108/acmm-06-2023-2823,2.6211084935411733,-1.241872692379529,1.730651591805567,-0.004044700622943618
https://doi.org/10.1108/acmm-06-2023-2837,-0.4730225844670224,-0.7275860939125215,0.6864785877065485,2.454366306413762
https://doi.org/10.1108/acmm-08-2023-2870,-0.14684872221350034,-1.0064709154190448,-0.8881674688405434,-1.216387972047392
https://doi.org/10.1108/acmm-03-2023-2771,0.3588702688743824,-0.07065218491091607,-0.3445029143211268,-0.36526970937312503
https://doi.org/10.1108/acmm-07-2023-2865,0.5928072553989655,-0.30872319856168307,-0.3421150581496153,0.3535049971942949
https://doi.org/10.1108/acmm-07-2023-2857,1.6179491364712306,-0.1321675036070852,-0.07186914629990264,-0.18919117954507875
https://doi.org/10.1108/acmm-07-2023-2851,1.1344159461152779,-0.1587467908511017,-1.1302070789906753,0.29546770297841163
https://doi.org/10.5006/4428,0.6363873853502237,-0.7019427898490456,2.109294362647953,-0.4086365703509896
https://doi.org/10.5006/4346,0.4500431964884248,-0.3411707951160892,-0.8628559638434027,-1.2128559989894878
https://doi.org/10.5006/4300,0.3942548818900561,-2.1071288759734137,0.1660717276491948,2.4983837746427784
https://doi.org/10.5006/4336,-0.4811882704812293,-1.2828369911970685,-0.35304621532157165,1.3221421609756685
https://doi.org/10.5006/4272,-0.5662552719825598,-0.1844123751278299,-0.912380145526265,0.15348155455417667
https://doi.org/10.5006/4199,-0.4233977839723559,1.3672922939848136,0.6281965690126581,0.6808002589943718
https://doi.org/10.5006/4289,-0.47567498532965813,0.5781883853240437,-0.1006614350791118,0.7475959324323483
https://doi.org/10.5006/4370,-0.8074906922525337,0.020528455606438338,-0.7801879005330288,-0.6400349972136054
https://doi.org/10.5006/4436,-2.185687612047817,0.34517917248630536,0.3632618923409089,0.13170747089340623
https://doi.org/10.5006/4437,-0.5907660862618214,0.2040629969360154,1.61774951267968,0.8175480835380021
https://doi.org/10.5006/4236,-1.0569826411467933,-0.22056745558400476,-0.03886834876926354,0.6064032909948934
https://doi.org/10.5006/4316,0.09848645012306834,1.2083766081049077,-0.5001862356330053,0.46447100009283343
https://doi.org/10.5006/4245,-0.7201493186874443,1.3229322270800195,-0.23600998160436482,-0.18354053182934538
https://doi.org/10.5006/4319,1.3825783664329707,0.6805116666413691,-1.0733964670305767,-0.759170568667756
https://doi.org/10.5006/4277,0.6915895141863911,0.9599703857249151,-1.5110768101396874,0.4250300752287465
https://doi.org/10.5006/4348,-0.44420595783710676,-0.7121523954319148,-0.7689938216937707,-1.2951697998974971
https://doi.org/10.5006/4392,-0.4529358909179639,0.8773150497419587,-1.053432463207569,-0.7897337206919754
https://doi.org/10.5006/4196,-1.860268101444906,0.6471850934055035,-1.1818154666515324,-1.2011161405989768
https://doi.org/10.5006/4395,-0.6217420282796318,-1.5077122728237622,0.08661635100248258,0.4534217975507036
https://doi.org/10.5006/4229,0.551576160514825,1.6721815207373865,-0.08831498597887737,-0.10575529191049315
https://doi.org/10.5006/4239,0.37807546462685204,0.43838719754846406,-0.4434571776432561,-0.1903574361613656
https://doi.org/10.5006/4241,-0.3247107205854025,1.3778580204765785,0.06516929952579285,0.3424629194862536
https://doi.org/10.5006/4244,0.08082567121479527,-1.2690779663348506,1.0873727165033413,0.6892935019772467
https://doi.org/10.5006/4311,-0.03296848642952903,0.006287838450992495,-0.5424415068485923,-0.04211726012720061
https://doi.org/10.5006/4443,-0.3004582903689202,-1.8434280942527699,0.5064406369236244,-0.1423329467983704
https://doi.org/10.5006/4162,0.7698506186668188,0.9930971929083171,-1.5063609470446382,-0.16251180749774344
https://doi.org/10.5006/4240,-0.4268947750823445,0.24475268492494298,-0.6268507567718719,-1.5741169472693102
https://doi.org/10.5006/4363,0.03266667535667459,-0.8685589281919744,1.3531713420498155,-0.6102179958005632
https://doi.org/10.5006/4237,0.42164675988563527,-0.9796516563662611,-0.3251220308085805,0.5037997877895853
https://doi.org/10.5006/4268,0.4107300104022292,-0.9405157615332601,-0.0785212444990587,-0.7931610783607188
https://doi.org/10.5006/4356,-0.6473214113503515,-0.2753450827887049,-0.5699985836321928,-1.1441323629962643
https://doi.org/10.5006/4267,-0.5706347308477688,-0.32155577016442755,-0.6029656642361422,-0.16479776321431214
https://doi.org/10.5006/4305,-1.1359711437085511,-0.9195695164199708,0.4845643181665257,-0.18733208739460866
https://doi.org/10.5006/4280,0.6559471739177097,0.39321557316905476,0.20488533893265587,0.12871533507885694
https://doi.org/10.5006/4234,1.470543281714471,-0.30674776583226865,-0.23201567150203392,-1.5306465780270877
https://doi.org/10.5006/4288,-0.5896168234958987,-1.5083969512460091,-1.1799109845597462,-1.7668481385205153
https://doi.org/10.5006/4344,-0.07403835296361046,-0.22738802981531617,0.36268210476530044,0.28086784906333373
https://doi.org/10.5006/4355,0.4553591188269901,1.7074252301856705,0.015033916895945914,1.6642230731765448
https://doi.org/10.5006/4296,0.863614610929721,-0.7215803456052617,1.499595605095496,0.11981694728746814
https://doi.org/10.5006/4301,2.952502855275944,-0.6111621615994239,1.4934249843085055,-1.030085315813601
https://doi.org/10.5006/4364,1.4175354367175896,0.5583757558499803,1.3298946272276992,-0.7490278641148294
https://doi.org/10.5006/4238,-0.8215294613669797,-0.95647461669651,0.30200532180089257,-0.605474931338506
https://doi.org/10.5006/4401,0.3716388786933023,-1.7330542632002606,-0.7792826505485068,-2.01259353503591
https://doi.org/10.5006/4380,2.639806608557816,-0.004110019367457519,0.36290178399384604,-0.09021078486200308
https://doi.org/10.5006/4400,-0.7887557848577794,-0.5778636813292544,1.3639009425272843,-1.733689121707938
https://doi.org/10.5006/4282,1.760149609607324,0.8729153968502741,-0.8282757637605362,-1.068555289652576
https://doi.org/10.5006/4427,-0.8960038207772806,1.079449130025157,0.03299938969086421,0.06731401692253601
https://doi.org/10.5006/4204,0.29405745238715764,1.5064964178394118,-1.062664868837255,1.9025680111104661
https://doi.org/10.5006/4386,0.12924797705332003,1.013871210876283,0.25519408501370716,-0.8399292938190223
https://doi.org/10.5006/4320,-0.2887913365413888,-2.0131034171185074,3.2153424877056267,-0.6721920058676774
https://doi.org/10.5006/4382,-0.08118178592942628,-1.4339451873707438,0.09870941947903508,-1.0440473809442714
https://doi.org/10.5006/4190,-1.7790408465937968,0.3006560602737392,-0.6428429405531383,1.977334906971584
https://doi.org/10.5006/4141,0.35334944332597357,-0.9827996099997307,-0.9027122948263369,-0.06815682383778443
https://doi.org/10.5006/4287,-0.7401023994153252,1.0833319516592763,0.9991838401863349,-0.11711594842338115
https://doi.org/10.5006/4269,-0.8145889003591593,1.007695133566845,-0.7519998206729371,-0.13999098857799558
https://doi.org/10.5006/4265,-0.48858732568220736,-1.1058855273819608,0.9582256894741622,-0.2442949907723849
https://doi.org/10.5006/4322,-0.5554652650152921,0.532388988677644,-0.9237234651057422,0.9043674923720803
https://doi.org/10.5006/4434,-0.7668291407320267,0.3490757772066333,-0.9610911985602112,0.5532681585256133
https://doi.org/10.5006/4461,-1.1058649559193492,-0.1078167296125117,0.31031602519912876,-0.49167196137147473
https://doi.org/10.5006/4284,-1.2130360534548736,-0.9346561396772582,0.2958192386182372,-0.44175386629248087
https://doi.org/10.5006/4359,0.11070589076611868,0.6509552013524571,-0.8700206803028752,-0.6561196933250629
https://doi.org/10.5006/4279,0.8956208252336108,0.3431783083565493,0.013701027151412833,0.6526784359888052
https://doi.org/10.5006/4333,-0.7379980144339355,-0.9948060888169417,-0.19660461585955893,0.2583197354194922
https://doi.org/10.5006/4368,0.715799855167666,0.10939067401837842,-0.34761030653131864,0.18416155661002104
https://doi.org/10.5006/4384,-0.05185399588315122,0.5702558278510537,-0.09730259257508837,-0.14269268442112787
https://doi.org/10.5006/4235,1.6538960264979816,0.2016573473410843,-0.2633509380920748,-0.8878648992261481
https://doi.org/10.5006/4285,0.9632135573047531,-1.387322469727818,-0.15906503948973083,0.018655604510146383
https://doi.org/10.5006/4409,-0.22918747109219348,-1.3701114715181089,-0.6169724568101871,0.054264687979249986
https://doi.org/10.5006/4378,0.29723588392948996,-1.60825818754503,-0.6784693346092082,0.020606446458405217
https://doi.org/10.5006/4420,0.0037548931489342547,0.9268049409317869,0.22535227029050953,0.8326802369662968
https://doi.org/10.5006/4313,0.6826366679772982,0.45166360315925647,-0.8680096299143425,-0.10701358451338366
https://doi.org/10.5006/4260,0.3952038117795231,-0.5318663129305986,0.7060996408976263,0.5905291840279887
https://doi.org/10.5006/4329,-0.5604985172113452,1.5538770668558632,0.862649313546667,-0.1545370256406
https://doi.org/10.5006/4314,-1.2133261975444716,0.4071398522941915,0.9499426812447782,-0.11453180508069208
https://doi.org/10.5006/4421,-0.9033449442965771,-1.446479782980871,1.591818930237996,0.014203650223820126
https://doi.org/10.5006/4418,1.0997578211975163,1.628950905503696,-0.7578504438423579,0.6017812191435916
https://doi.org/10.5006/4324,-0.5533525949316426,0.16054668053895918,-0.40110513612540216,2.693298740514653
https://doi.org/10.5006/4130,0.6039775697101873,0.18757378787447007,0.21038242199106574,-2.322885569230671
https://doi.org/10.5006/4146,0.12386420398611574,1.078672674937605,0.7863183837099422,1.0677342299018995
https://doi.org/10.5006/4163,-0.6671428508964712,1.7625211654916597,0.248846774517533,-0.2276532197229325
https://doi.org/10.5006/4248,-1.282483602952205,1.2619098882521487,-0.9101226863063688,-0.6408149670200257
https://doi.org/10.5006/4167,-0.3569596136783497,-1.3575216995836616,1.3776706327367365,-0.5099418742244528
https://doi.org/10.5006/4295,-0.3698887667400285,0.07684058944183536,0.47267933678231844,0.48567343348117625
https://doi.org/10.5006/4439,-0.14151241128163822,-0.7535898231803156,-0.8756515638842121,-0.9194356280976185
https://doi.org/10.5006/4415,-0.3707393384731832,0.5767896007865855,0.017133510622174046,0.4774325274493931
https://doi.org/10.5006/4203,0.6754624610272384,0.11067462679385479,-0.23274684347271465,-0.6344191020231997
https://doi.org/10.5006/4250,-1.8665296209824296,0.8094644946383522,-0.348825500392151,-0.13542616216158582
https://doi.org/10.5006/4278,0.5174807847632257,0.40347452165981423,0.20153868507426523,-0.7800405803922511
https://doi.org/10.5006/4325,-0.814437542087598,-0.017965807549550676,0.277655641897204,-1.0696801698169554
https://doi.org/10.5006/4252,-0.3474310169246194,2.2659361891527254,2.1913616466923385,2.1016877035060397
https://doi.org/10.5006/4292,-0.627851390034382,1.1236677773242136,0.8915030269701161,0.22118404310024353
https://doi.org/10.5006/4281,-0.22884807556744902,0.7004581103134717,0.019647937990135218,1.8214600140571617
https://doi.org/10.5006/4312,0.1390335018565586,-0.20028012391923947,0.16719210099233692,0.7346241269465876
https://doi.org/10.5006/4445,-2.565877705196025,0.39403932175281026,0.22280965140101555,-0.6509499874835342
https://doi.org/10.5006/4412,-0.703463847257299,0.7754692998556748,-1.3280280523040349,-0.8234488135639132
https://doi.org/10.5006/4334,-0.5260671915285193,0.8281929482139792,-0.9003872220552545,-0.4862071154725616
https://doi.org/10.5006/4290,-0.3319634618032966,-0.6571584122008803,-0.36487778139858806,-0.5608708972043271
https://doi.org/10.5006/4487,-1.5126870414997875,-0.5946432121829441,0.36887379240026313,-0.7912407153527666
https://doi.org/10.5006/4438,0.5095926643304495,-0.3029687692349222,-0.11653468922136112,-0.280632631325678
https://doi.org/10.5006/4473,0.10415338394673765,0.15779764162178977,0.2836940350111923,0.4920649418240574
https://doi.org/10.5006/4430,0.8156883650677665,0.25078015374814333,0.11295179719098916,0.1682306622104753
https://doi.org/10.5006/4475,-1.3021279641197259,-2.2892438275352656,-1.4791578340092695,0.8289804034549532
https://doi.org/10.1080/1478422x.2023.2180195,0.9084486483483047,-1.4564552102339887,-1.408496895765062,-1.2085632386570306
https://doi.org/10.1080/1478422x.2023.2218634,0.6575065129926547,0.759909810054495,-0.9825216473127466,0.6826141554628432
https://doi.org/10.1080/1478422x.2023.2204260,0.1728900450375071,-0.22143567602359088,1.8092638978262294,2.2854737742597333
https://doi.org/10.1080/1478422x.2023.2209961,0.4724402806121341,0.019099891740504492,0.8511998235877118,0.7986439154471612
https://doi.org/10.1080/1478422x.2023.2248710,1.06880755103515,-0.7396506267967311,1.6511254575934826,-1.0366602754068663
https://doi.org/10.1080/1478422x.2023.2165634,-1.1888599625901461,-0.8335646968372571,1.1497265027967494,0.16514323269639902
https://doi.org/10.1080/1478422x.2023.2182457,0.8200229122942332,-0.028896753439332595,-1.3244695261510648,-1.6198542563329457
https://doi.org/10.1080/1478422x.2023.2190441,0.3770898760258038,-0.18745224493495782,-0.9102681487013625,0.5825555323694487
https://doi.org/10.1080/1478422x.2023.2202062,-0.10934305254510664,1.9130628677595973,-0.1519846991940957,0.3928182948807356
https://doi.org/10.1080/1478422x.2023.2244236,-0.2788933473394163,0.9233875621406628,-0.23536177651428294,0.10712736139271906
https://doi.org/10.1080/1478422x.2023.2197334,-2.184057598381382,-0.9980684819050273,-0.7601197192186476,0.452572812890785
https://doi.org/10.1080/1478422x.2023.2212471,0.41988571104207906,0.6607874759999294,-0.12910468273811673,-1.5048650289942795
https://doi.org/10.1080/1478422x.2023.2198786,-0.08635537797531216,1.4348687380796827,-1.2922730794344832,1.86100091797465
https://doi.org/10.1080/1478422x.2023.2200008,0.13937930883122482,-1.8147183717572923,-1.011902407669688,-0.6354666096102589
https://doi.org/10.1080/1478422x.2023.2190443,0.19298886622841674,1.9900709543584727,-0.4314125308774853,2.616513888782633
https://doi.org/10.1080/1478422x.2023.2250960,-0.3224955266801869,-0.7457850667025255,-1.1806273864658088,-0.5222324209034582
https://doi.org/10.1080/1478422x.2023.2241229,0.0209146438694302,1.2021648767157211,-0.549847187240963,0.4795237435401463
https://doi.org/10.1080/1478422x.2023.2259660,1.717729891760644,0.6598918853043257,-1.4387912875915896,-1.0977635384986149
https://doi.org/10.1080/1478422x.2023.2262215,0.9884394484591656,0.18258534028003073,-1.4137681133178737,-0.9296358242852784
https://doi.org/10.1080/1478422x.2023.2165238,0.13938783157542595,-0.25970728702295626,-0.2240288934659106,-1.1409220969408236
https://doi.org/10.1080/1478422x.2023.2188637,1.1331176585619174,0.8008311496646981,-1.2910415448293784,0.3046117453751323
https://doi.org/10.1080/1478422x.2023.2212466,-0.8090775665605988,1.7649950708831408,0.0598881447461623,-0.8892019599220895
https://doi.org/10.1080/1478422x.2023.2183551,-0.9812924414754256,1.1249702177872574,-1.1567619781846146,-0.8659323587343501
https://doi.org/10.1080/1478422x.2023.2245643,-0.8911405786099661,-0.5647514537772493,-0.05650341610352401,-0.26393631847971266
https://doi.org/10.1080/1478422x.2023.2261782,-0.5064071016354617,0.8590214825983136,0.45284728707161725,0.7037606540893521
https://doi.org/10.1080/1478422x.2023.2184521,0.0596986138826706,-0.5448103673940837,-1.006664683125533,-0.5504016262790091
https://doi.org/10.1080/1478422x.2023.2247666,-1.595049279167709,0.882274230447446,-1.342327931692974,-1.2552453225800762
https://doi.org/10.1080/1478422x.2022.2162661,-0.04985600517490421,-0.9369307262638973,0.0781575384020957,2.413146195975454
https://doi.org/10.1080/1478422x.2023.2247883,-0.3403393460938156,2.166066880185141,-0.6028874596541424,0.5482456278073188
https://doi.org/10.1080/1478422x.2023.2242654,0.23824595409601437,0.827099381449461,1.169196414744688,-0.30726437667049356
https://doi.org/10.1080/1478422x.2023.2190442,-0.14268498768498095,-1.1008116155111223,1.8561565201152839,-0.09228835304501136
https://doi.org/10.1080/1478422x.2023.2245642,-0.8306707987566921,0.31168568162296073,2.0385198255063517,0.5656450999655102
https://doi.org/10.1080/1478422x.2023.2250156,-0.9595800340342636,0.9280176906810079,-0.9734841528764292,-0.6460189392052507
https://doi.org/10.1080/1478422x.2023.2252258,0.40450759003092057,-1.469451099000851,0.06611712045172896,-0.5390502148800345
https://doi.org/10.1080/1478422x.2023.2247236,-0.6151018182557982,-0.5758594617570295,0.09005605214151866,-1.0891122633777726
https://doi.org/10.1080/1478422x.2023.2262214,1.2700741054934404,-1.1729136344958098,1.1256420821827862,-0.08583124088295863
https://doi.org/10.1080/1478422x.2023.2264655,1.2612048791451258,-0.9262062824864792,-1.3907576329554692,-1.2945411956032677
https://doi.org/10.1080/1478422x.2023.2243727,-1.2846300417266827,-1.738346535834212,-0.2773107948709139,0.9147315797732918
https://doi.org/10.1080/1478422x.2023.2243736,-0.46758792349995126,-0.7042801391829736,0.05604485319610817,0.30662454776372955
https://doi.org/10.1080/1478422x.2023.2185987,2.317384496270864,-0.43299333941601187,0.2679939716981078,-2.077524883062545
https://doi.org/10.1080/1478422x.2023.2193777,-0.7707349550625177,-1.229346620248496,3.3573660664328147,1.0392269739726185
https://doi.org/10.1080/1478422x.2023.2209962,-0.9072867620566114,1.4762305975928283,0.1257563352715124,0.20984064496394508
https://doi.org/10.1080/1478422x.2023.2212456,-1.1059683671437175,1.0872866514831487,-0.5155320582938646,1.1894502408511358
https://doi.org/10.1080/1478422x.2023.2238388,0.29730857550044826,0.4004779742354765,-0.9386972629373366,-1.92670576288763
https://doi.org/10.1080/1478422x.2022.2163335,-1.5412038505806063,0.9922004517255635,-0.8813074296781057,-0.11359156567784794
https://doi.org/10.1080/1478422x.2023.2182458,-0.12349359789708783,-0.526352196988171,0.8931679430540592,1.227928748426034
https://doi.org/10.1080/1478422x.2023.2247661,0.9178386953851397,-0.14933719386444766,-0.40645743879242885,1.8239150221624265
https://doi.org/10.1080/1478422x.2023.2244234,0.8668500751721614,-0.3890594673047083,-1.7602067803323227,-1.8646137104922753
https://doi.org/10.1080/1478422x.2023.2259668,-1.640618359476696,-0.7218281352574608,-0.9953131975791978,-1.814043965197897
https://doi.org/10.1080/1478422x.2023.2185991,1.9534924910698694,0.5201858898831604,0.38458781254172864,0.5805703418164936
https://doi.org/10.1080/1478422x.2023.2238389,-1.854399187016199,-1.3239876759760822,2.0566264294487198,-0.6115647020833835
https://doi.org/10.1080/1478422x.2023.2257948,0.8561424196003818,0.6230708067789874,0.6676971379478323,-0.552833083561255
https://doi.org/10.1016/j.corsci.2023.111017,0.6809985798128557,0.7693483764365595,0.3839408925861039,-0.6849784504167183
https://doi.org/10.1016/j.corsci.2023.111112,-1.1070396959707614,-1.6548283388065055,2.1118663506344038,-0.6967287538280876
https://doi.org/10.1016/j.corsci.2023.111025,1.1669444912906377,2.436283701672875,0.39399206057116026,1.778238622896669
https://doi.org/10.1016/j.corsci.2023.111296,0.5987631309804397,-0.6083316040806448,0.18297122674416658,0.9941868026722201
https://doi.org/10.1016/j.corsci.2023.111591,1.1192545292386784,-1.0382024975741808,-0.9348893634073265,-2.0592904773179312
https://doi.org/10.1016/j.corsci.2023.111764,-0.8168503996910105,1.0132212026504677,-0.424946080650757,0.25644301085448484
https://doi.org/10.1016/j.corsci.2023.111372,-0.7287561645189561,-0.7405233567960107,-0.9772059214415361,0.941487375240759
https://doi.org/10.1016/j.corsci.2023.111453,1.2464052852730625,-1.7131293096250542,-0.4222585164794461,-0.9596181845012693
https://doi.org/10.1016/j.corsci.2023.111361,0.519049773935285,0.522200604361653,1.0875778035343486,-1.1765152072135472
https://doi.org/10.1016/j.corsci.2023.111570,-0.34534333627681396,0.4232676632372434,0.5754347770402813,-0.5485703927046285
https://doi.org/10.1016/j.corsci.2023.110965,-0.575084898439885,1.639645049247529,-0.7425593544202694,1.9358539110855895
https://doi.org/10.1016/j.corsci.2023.111271,1.197949989916519,0.9415738931386316,1.8185440452340111,1.703727902155407
https://doi.org/10.1016/j.corsci.2023.111809,2.037317627171861,1.7835546777178215,-0.8274082253855248,0.7589730270675066
https://doi.org/10.1016/j.corsci.2023.111125,-1.1361972333627726,0.9649935282030253,-0.8372998765607822,-1.0256306232103354
https://doi.org/10.1016/j.corsci.2023.111030,0.4499593575867068,-0.8845570112903307,-0.6723847355792976,-0.5039298653730458
https://doi.org/10.1016/j.corsci.2023.111031,0.6331545658600188,-0.626186207691204,1.2125989891328146,3.5418174786603593
https://doi.org/10.1016/j.corsci.2023.111357,0.8785502190364007,0.3564477009374955,0.15086438382640624,0.6199815941143789
https://doi.org/10.1016/j.corsci.2023.111045,-1.1388630271632136,0.43300780346232637,0.2100562157911344,-0.30606429767004173
https://doi.org/10.1016/j.corsci.2023.111600,-1.2360247608624562,-0.9970837833530461,-0.5559469947078927,-0.4796504558590894
https://doi.org/10.1016/j.corsci.2023.111118,1.4663632848923762,0.5640811482317691,-1.4064366294865165,-0.30997334395220577
https://doi.org/10.1016/j.corsci.2023.111234,0.6978415559239534,0.06658761620711147,-1.4813768946151682,-0.21582454804564052
https://doi.org/10.1016/j.corsci.2023.111051,-1.5346616112396896,0.3018380613666366,2.1899895612638884,-0.21099977814396884
https://doi.org/10.1016/j.corsci.2023.111076,-1.1513419777899292,-1.4356173377106298,-1.55094935174126,-1.3435559266977468
https://doi.org/10.1016/j.corsci.2023.111230,0.5561155611356338,-0.8321009672653998,0.18369795737102226,-0.22951141571015116
https://doi.org/10.1016/j.corsci.2023.111238,0.030887668346607344,0.5783444743381667,-0.21310928003040008,0.1408753957654109
https://doi.org/10.1016/j.corsci.2023.111669,-0.23464810950330553,-0.6274550529864366,-0.08046684599858306,-0.7911170276154771
https://doi.org/10.1016/j.corsci.2023.111013,-0.283152742016097,0.9848031593583155,-0.8547687327402658,-1.1101105557050959
https://doi.org/10.1016/j.corsci.2023.111333,1.5894945764059898,1.1387244483481416,1.842365514814117,2.644796835719579
https://doi.org/10.1016/j.corsci.2023.111513,0.4183797692191897,-1.9150562091619503,3.100166212711012,-1.6003915801942856
https://doi.org/10.1016/j.corsci.2023.111018,-0.7355461116329517,-0.6024033540919077,-1.506890893566194,-1.6299406692760008
https://doi.org/10.1016/j.corsci.2023.111022,-0.45656767975346835,0.568466975291416,-1.059885834517444,0.7774749375799811
https://doi.org/10.1016/j.corsci.2023.111358,-1.274577993213269,-0.8154593807769647,0.11092792823291958,-1.5927277486266365
https://doi.org/10.1016/j.corsci.2023.110964,-0.5872414483548614,0.695773031412735,-0.08327393524444175,-0.6372066172086267
https://doi.org/10.1016/j.corsci.2023.111733,1.9693216856013223,-2.3771376697003084,-0.7383052976542024,3.018459851564068
https://doi.org/10.1016/j.corsci.2022.110956,0.544722063128601,1.66857551053331,0.38232841575771764,1.0345841863858267
https://doi.org/10.1016/j.corsci.2023.111262,1.0342298093860338,-0.1456255579159321,1.5108406087952722,-1.4239918154330224
https://doi.org/10.1016/j.corsci.2023.111724,-0.2882028228046475,-2.133433773038818,-0.7246184577922701,-1.655561145211454
https://doi.org/10.1016/j.corsci.2023.111415,0.8491952376385499,1.8011399007223672,-0.6354159263937074,0.1547833139069822
https://doi.org/10.1016/j.corsci.2023.111124,0.6152915337302,-2.2212109351740743,1.7137764384906917,0.9047899207725635
https://doi.org/10.1016/j.corsci.2023.111140,1.1038867756043331,-0.7143523729662143,1.0131711780494446,4.139709445172508
https://doi.org/10.1016/j.corsci.2023.111139,0.6624806238027733,-1.1514023989876594,2.7459736908483587,2.5597139122867194
https://doi.org/10.1016/j.corsci.2023.111336,-0.5271970925377164,0.8829687640299877,-0.7572643967107542,-0.3912932147983435
https://doi.org/10.1016/j.corsci.2023.111651,0.7476872349675101,-0.6079715965347715,2.648334673885907,0.9247757913066414
https://doi.org/10.1016/j.corsci.2023.110960,-1.4995813528249584,-1.3730871846295996,-0.9659250387039107,-0.030105278016861803
https://doi.org/10.1016/j.corsci.2023.111012,0.49277057947973946,1.1483494320472825,-1.4184984687262954,-1.3537714308044413
https://doi.org/10.1016/j.corsci.2023.111698,0.5737732241075995,0.7864180608992312,-0.19659832171465202,0.5310497129442455
https://doi.org/10.1016/j.corsci.2023.111093,1.203576110345167,-1.8530934036231803,-0.8925233251775808,0.49602409991871355
https://doi.org/10.1016/j.corsci.2023.110999,0.5904662651236832,0.0744600052365263,-0.2336342289294748,-1.157218262873104
https://doi.org/10.1016/j.corsci.2023.111210,-0.07738019727967348,-1.6949258313534885,-1.9008839351706277,-1.1161850874689618
https://doi.org/10.1016/j.corsci.2023.111309,0.2920611117797188,-0.38907545370976554,2.8621485447986537,-1.260305376487079
https://doi.org/10.1016/j.corsci.2023.111598,0.3835133358837261,-0.35028503038831554,1.186056182843254,1.7566122586378032
https://doi.org/10.1016/j.corsci.2023.111114,-0.2585902318366598,1.8622418376089305,0.22767761514630838,-0.4381433739281716
https://doi.org/10.1016/j.corsci.2023.111155,-0.11991067738722966,0.6074658706827336,0.1075696498763551,0.03198295947370446
https://doi.org/10.1016/j.corsci.2023.111654,-0.44830557079953637,-2.093374552603182,-1.157138053430833,1.7929767581790677
https://doi.org/10.1016/j.corsci.2023.111135,0.819322952148658,-1.4372182211022755,0.3658195297012142,0.2683182689263062
https://doi.org/10.1016/j.corsci.2023.111166,0.4761030592117584,-1.0621514670364047,-0.6331965877555985,0.894613968103086
https://doi.org/10.1016/j.corsci.2023.111703,-1.0858291643938807,0.29093446532713024,-1.9401506998013487,-0.6457694922751043
https://doi.org/10.1016/j.corsci.2023.111771,-0.5152982317489505,1.7263070998844097,-1.187617514989454,-0.96264558338888
https://doi.org/10.1016/j.corsci.2023.111047,-1.7939273103854962,1.3766741712482797,-1.4324795658607028,0.24793584358112905
https://doi.org/10.1016/j.corsci.2023.111057,-1.7639809950300134,0.7672369276710604,-0.20896674238023893,-0.1973737614965378
https://doi.org/10.1016/j.corsci.2023.111163,1.5498880167739812,1.1804443338068304,0.17702213778690987,1.4026396092096531
https://doi.org/10.1016/j.corsci.2023.111773,1.292172533680685,1.2785726996954947,-1.0886278665160551,-1.48100281577548
https://doi.org/10.1016/j.corsci.2023.111008,-1.0989242698429709,1.817219417930123,1.1752864713170408,3.664018113594568
https://doi.org/10.1016/j.corsci.2023.111109,1.0004675710418878,1.2895132392394117,-1.1573614184677583,-1.4608614170440126
https://doi.org/10.1016/j.corsci.2023.111410,-0.8928683339828007,2.1832510811297006,0.9155348823872473,2.156698456568049
https://doi.org/10.1016/j.corsci.2023.111767,0.3591111666658726,1.8025920212573898,-0.6730490945037546,-1.0028949892977748
https://doi.org/10.1016/j.corsci.2023.111552,-0.04844947749525195,0.7207504015835112,-0.3873792606066554,-1.0592513806041388
https://doi.org/10.1016/j.corsci.2023.111594,-0.22375773522384612,-0.23988675791280792,-0.5556888860789586,-1.4327896083118916
https://doi.org/10.1016/j.corsci.2023.111387,1.0950460364800552,-0.13796837034817372,1.7770167692880123,0.6834276639626681
https://doi.org/10.1016/j.corsci.2023.111569,0.21860724640076845,-0.6024053584250324,0.9978451508843651,1.089014497336587
https://doi.org/10.1016/j.corsci.2023.111046,-0.40810890903352365,-1.55527207198267,1.7626262591850128,0.025873179409203213
https://doi.org/10.1016/j.corsci.2023.111463,-0.0763626529865887,1.2168796427193813,0.585779830510427,1.1245748002613138
https://doi.org/10.1016/j.corsci.2023.111557,0.4198757228211146,0.5864776066759921,-0.4388293854152757,-0.5454119643169961
https://doi.org/10.1016/j.corsci.2023.111658,-0.28761017578420833,-0.016201862715327087,-0.5549617975705463,0.2374973511588967
https://doi.org/10.1016/j.corsci.2023.111562,-0.5297067214824271,-0.037553783255322104,-0.7268697852914472,-0.6666431029984867
https://doi.org/10.1016/j.corsci.2023.111704,-0.17979461928490456,-0.27224492097027864,1.1823448851366878,0.4459336351855581
https://doi.org/10.1016/j.corsci.2023.111744,-0.3326381612495054,0.7587745664529061,-1.1796378521971673,-1.561146967167328
https://doi.org/10.1016/j.corsci.2023.111209,-1.6756385612767488,0.7696634220090811,-0.6045057607744803,-0.6736054677414021
https://doi.org/10.1016/j.corsci.2023.111434,-0.5992825159432742,-0.8141818922813282,1.1355728370940084,1.3706135992387414
https://doi.org/10.1016/j.corsci.2023.111385,1.004690560866692,-1.2741903472444196,-0.6726812340518548,-1.2220732914295216
https://doi.org/10.1016/j.corsci.2023.111728,-0.302951822262892,0.2299827269423081,-0.03018415554330019,-0.007719906784976668
https://doi.org/10.1016/j.corsci.2023.111263,-0.7931377521530903,-1.0212689554784187,0.10701281952705799,-0.055217506995501514
https://doi.org/10.1016/j.corsci.2023.111613,0.8985334870122242,-0.5123818604356556,-0.52753225778128,-0.4475059029823775
https://doi.org/10.1016/j.corsci.2023.111797,-1.9379490837494067,-1.4093782727322197,-1.7654377741601421,-0.7678397866628879
https://doi.org/10.1016/j.corsci.2023.111722,-1.0779840927822437,1.8583987489075238,-0.7031113331662202,1.7062349954866112
https://doi.org/10.1016/j.corsci.2023.111376,-0.82294674694986,0.39551943825452324,-0.1984765830045675,-0.6554154475289757
https://doi.org/10.1016/j.corsci.2023.111388,-0.1870176345682584,-1.2407816748612899,-1.0743653517657348,0.5344503591544985
https://doi.org/10.1016/j.corsci.2023.110959,-2.0922794509491034,0.0030313191725687798,0.29652422869201295,-0.25205975023351956
https://doi.org/10.1016/j.corsci.2023.111010,0.5176104003301769,-1.215820728844409,-1.0055033609253958,-0.7691473238241656
https://doi.org/10.1016/j.corsci.2023.111364,-0.5866252461897138,0.21775743501189063,0.7752181608571969,1.240591609515221
https://doi.org/10.1016/j.corsci.2023.111675,-0.46560500274152905,0.8934822015741706,-0.38086044523854945,-0.13529974423374305
https://doi.org/10.1016/j.corsci.2023.111284,0.30635117327390726,-1.0439753939337095,1.1655959627016022,0.11087097371247186
https://doi.org/10.1016/j.corsci.2023.111805,-1.4736802132444262,0.8710639990826938,-0.14442305518822104,-0.21816061911544268
https://doi.org/10.1016/j.corsci.2023.111142,-0.3199061393449184,0.23473969059784042,0.14198825218329553,-1.1007423648332688
https://doi.org/10.1016/j.corsci.2023.111616,-1.760063096261146,-1.648191081237962,0.1671854813391849,-0.42900459989735573
https://doi.org/10.1016/j.corsci.2023.111217,-2.257021120863089,-0.6151659905485353,-1.0085845758504044,-0.06828799626176672
https://doi.org/10.1016/j.corsci.2023.111565,-0.99288732007098,2.287577026244741,0.7397752749106611,-0.18669137861696428
https://doi.org/10.1016/j.corsci.2023.111153,-1.5683854212904536,2.4997464224769197,0.2146396144671954,5.392496673934774
https://doi.org/10.1016/j.corsci.2023.111024,0.5955127955276323,-0.5768373848672631,-1.1961125569195676,-0.15762814286551938
https://doi.org/10.3390/cmd4020015,0.21252329697285857,-1.6845316869801998,-0.43386295256003016,-0.38077756464517776
https://doi.org/10.3390/cmd4040031,0.4696565565570209,-1.8673503538536607,0.245563566848667,-0.8750436864693836
https://doi.org/10.3390/cmd4040033,-0.0203004924936252,-1.678987648834596,0.9098520057435984,-1.0771331686722128
https://doi.org/10.3390/cmd4040032,-0.11893433437821085,0.6037787167351002,-1.204091802189054,-0.18675109869445758
https://doi.org/10.3390/cmd4010004,0.770469394024837,-1.0636647096165872,0.31283004000081704,-1.3587377270210481
https://doi.org/10.3390/cmd4030024,-1.447519276651132,-0.8122611807231905,-0.2580922225580917,-1.0947729955377397
https://doi.org/10.3390/cmd4040029,0.4714752946008613,-1.168838626844248,0.06776102748361566,-0.505618559488937
https://doi.org/10.3390/cmd4010010,-0.002000584693124326,0.7023574126579046,-0.2534718290924515,-0.8356641327986568
https://doi.org/10.3390/cmd4030026,-1.1314165041883317,-0.5869337342074675,-0.9160534455944903,-0.2707371120875193
https://doi.org/10.3390/cmd4010009,0.5805579930786763,0.1216996577686354,-0.5681466492244552,1.6423301886309574
https://doi.org/10.3390/cmd4030019,0.6423351909173147,1.7683271864778851,0.18938753138518238,0.5630166289162257
https://doi.org/10.3390/cmd4020013,-1.362198388622973,-2.026331725996146,2.044855658601331,0.34018330396705904
https://doi.org/10.3390/cmd4030022,0.3373915819844576,-0.704284236331712,2.3070119880094264,2.8657795950643723
https://doi.org/10.3390/cmd4010007,0.006527443338102954,1.4935852289669336,-0.02392038297360377,-0.6996817559255496
https://doi.org/10.3390/cmd4020012,0.22563482573387303,0.8058329374347538,-0.3127941353026926,1.1375120512107113
https://doi.org/10.3390/cmd4020014,-1.2314653549418781,-0.97249066718394,0.6180273014161297,0.03316597564710219
https://doi.org/10.3390/cmd4010011,-0.2627085117763966,1.768410626536417,-0.44843941125332043,-0.6485918976821415
https://doi.org/10.3390/cmd4040034,0.9633749459541685,-0.17311022248178184,-0.1418187347538233,-0.1626173693392229
https://doi.org/10.3390/cmd4030020,-1.4981661300325504,1.0159982166872399,-0.05771970365439192,-0.28984899192025815
https://doi.org/10.3390/cmd4010006,-0.7948449685664021,0.5219634062428106,0.45046734991268866,-1.032937578394099
https://doi.org/10.3390/cmd4030027,-0.9544228392426717,0.6577974047460704,-0.5344611580085723,-0.5225177449812782
https://doi.org/10.3390/cmd4030018,-0.3866721110302112,-0.24094819881734283,-0.917820601998129,-1.221628842911335
https://doi.org/10.3390/cmd4030023,-0.5983415416341186,0.48779844103817377,-1.1449599638395629,0.6491622998567722
https://doi.org/10.3390/cmd4040030,-0.0007927741427022275,0.5780486032523773,0.11914976239879725,0.21225391636915275
https://doi.org/10.3390/cmd4030025,-0.3507043915430735,0.8261413266960406,-0.47156680655048144,0.5609441497433802
https://doi.org/10.3390/cmd4010008,0.7481676223672509,0.5458387930698374,-1.1346178899228796,-1.0196972019244288
https://doi.org/10.3390/cmd4020016,-1.3541552444722091,-1.555956045346755,-0.5364621030058331,0.6641800096003051
https://doi.org/10.3390/cmd4040028,-1.6950504729758749,-0.0865614116327617,-0.43694919021294465,-0.21456008997529769
https://doi.org/10.3390/cmd4010005,-1.9006805920217311,1.5435992556769658,-0.456285614529124,-1.2501647256674222
https://doi.org/10.3390/cmd4020017,0.12382980047756907,0.3456604535973657,-0.05941418312279759,0.058572647330202635
https://doi.org/10.3390/cmd4030021,-1.4666525193897728,-0.4047652670529207,1.6227857121145828,-0.30281111646186
https://doi.org/10.1002/maco.202213705,1.2494825147015731,-0.7860950850252614,0.08646974178060479,-0.7905647423215633
https://doi.org/10.1002/maco.202313743,0.07450218206889833,-1.9249523289416572,1.1294702670676762,0.6515214642001171
https://doi.org/10.1002/maco.202313931,1.717016259479856,1.3342025134466393,-0.3583290838500017,0.7256626228193757
https://doi.org/10.1002/maco.202313955,0.8117467264652948,-0.5361067824428178,-0.599922489081827,1.14172791843878
https://doi.org/10.1002/maco.202314046,-0.6933397213788018,-0.973961687132468,-0.37610393288068783,0.48347188772978944
https://doi.org/10.1002/maco.202313907,0.37481014725071055,1.2421774069600278,-0.2957173184971601,0.20267119144853932
https://doi.org/10.1002/maco.202313950,-0.033306075155371186,-1.2802081589774097,0.8221978677461936,-0.39763752504493444
https://doi.org/10.1002/maco.202313869,-0.38388251881430846,1.5577767148696755,-1.329726265593257,-1.394513834895812
https://doi.org/10.1002/maco.202313757,-1.0752209414487255,0.9213694972392967,0.5799547302122738,-1.0071099798188539
https://doi.org/10.1002/maco.202213549,0.20739707861100673,1.4411486126707407,-0.3743951779365659,-0.7472693231539209
https://doi.org/10.1002/maco.202313943,-0.1034110075620702,0.14366618121807712,-0.0731455763337143,-1.0149513699735286
https://doi.org/10.1002/maco.202313766,-1.2958497143093937,1.072602489211672,-0.05550013907848914,-0.20673081213847
https://doi.org/10.1002/maco.202313858,0.6972148064325939,-0.6244888686988083,0.41835856950728,-0.4676866591365928
https://doi.org/10.1002/maco.202313927,0.18770515405400065,0.13245954681169914,-0.06876063209770367,1.184680003014856
https://doi.org/10.1002/maco.202314004,0.8228280165303066,0.43432277866618224,1.5715510323786217,0.889949901042897
https://doi.org/10.1002/maco.202313763,0.04167688864717821,-1.3222302483458626,1.127984165877943,-1.3102352360258231
https://doi.org/10.1002/maco.202213719,0.21387615195733423,0.11810396897787169,-0.6397921934216136,-1.495271735890175
https://doi.org/10.1002/maco.202313882,0.3355141353877277,0.8280885911924631,-0.33241623697168393,-0.4310033600088617
https://doi.org/10.1002/maco.202313863,1.1029937968769274,1.744896745855702,0.5387453070314363,-1.9447141463949478
https://doi.org/10.1002/maco.202313821,0.49514515187993763,-1.4534855218924194,-0.9198423133497327,0.22646222872747535
https://doi.org/10.1002/maco.202213438,1.3807677187201066,1.72887865119527,-0.31359323710923237,0.10768999391430559
https://doi.org/10.1002/maco.202313759,-1.0345992241583926,-0.37331592165703764,0.9461389028713243,0.6427673355796656
https://doi.org/10.1002/maco.202313798,-0.47367266981084105,-1.3488703894816214,1.023710993438557,-0.3842235364061179
https://doi.org/10.1002/maco.202313778,1.386604368062264,-1.1986994722274575,4.281750285545508,-1.3293087616881858
https://doi.org/10.1002/maco.202313949,0.31010479820812065,1.0962547400072682,-0.4028144483774026,1.055662891985649
https://doi.org/10.1002/maco.202313895,-1.5477799675913904,-0.20229846649162345,-1.493021460170941,-1.626867730174047
https://doi.org/10.1002/maco.202313957,0.4888437924273534,0.6761756811392969,-1.3434020007208485,1.1537695099066307
https://doi.org/10.1002/maco.202313930,-1.5948635340982302,-0.28644049365646485,0.8561047817484447,-0.9432497614388439
https://doi.org/10.1002/maco.202313909,-0.8182092425732999,0.9566430158813244,-1.2573612926795397,0.7141595962561269
https://doi.org/10.1002/maco.202313937,0.9965729938037672,0.07531052986855148,-0.5162400412485082,-0.10115858823422953
https://doi.org/10.1002/maco.202314054,-0.8292636170509369,-0.5337350521576101,-0.554229255560082,-0.5536184453503828
https://doi.org/10.1002/maco.202213653,0.11760532629444184,0.2684568722420182,-1.25023010687003,-0.1597399077577779
https://doi.org/10.1002/maco.202313990,-0.4918062603417237,-1.4570674050216006,0.07522616820779501,-0.12789170247030185
https://doi.org/10.1002/maco.202313912,0.16518722590554974,0.7979268092507548,-0.3286207977594084,1.0675730549638407
https://doi.org/10.1002/maco.202313902,-0.2025211462107035,-0.42856844828462703,-0.9705988645231309,-0.3428952769014033
https://doi.org/10.1002/maco.202213496,0.4488303042840969,-0.48604531099819975,-0.8230007278238188,1.383061913501532
https://doi.org/10.1002/maco.202313755,0.8224573765148172,0.04792276941220718,1.2921290306981994,1.0415552060009823
https://doi.org/10.1002/maco.202313770,2.308318694970631,-1.2648857783320608,1.5608336101476177,1.0522448228614032
https://doi.org/10.1002/maco.202313768,0.3915455566363013,0.5470038439760911,0.42925996869744115,0.6752508099553102
https://doi.org/10.1002/maco.202313904,-0.6385311476502836,1.5628984374577362,0.8492120194129756,1.5104545594712733
https://doi.org/10.1002/maco.202313841,-0.17471533337220424,-0.500771503902297,-1.7270215664378334,0.36393240119196985
https://doi.org/10.1002/maco.202213616,0.8511175631069667,0.9247848818139083,-0.3667726637790318,-0.8928094311037308
https://doi.org/10.1002/maco.202213718,0.19871467994803485,-0.9860887864719876,0.2847107198452839,1.289367287327313
https://doi.org/10.1002/maco.202213640,1.4858278253629038,-1.031859290474978,-1.39433780923938,0.6551130409047305
https://doi.org/10.1002/maco.202213703,0.3869209606900668,-1.486361926931849,0.0415636316313262,0.6941890450604382
https://doi.org/10.1002/maco.202213515,-0.07879306598044729,-1.7617383812600924,-1.31005042708135,-0.16860505684796645
https://doi.org/10.1002/maco.202313729,-0.8294973340053845,0.8026746368651192,-0.017012409797799367,0.6571813544448557
https://doi.org/10.1002/maco.202313848,-0.15139896563133046,-0.07085350520209463,-0.44996297725609624,-1.0004967089574615
https://doi.org/10.1002/maco.202313767,0.16122251936907456,-0.9725358038959838,-0.6460623965605077,0.32205198764059956
https://doi.org/10.1002/maco.202313899,0.7040514563973175,1.1410710856059196,0.10381208633363201,-0.3959196500497494
https://doi.org/10.1002/maco.202313900,-0.3898189359748192,1.5285837913789693,0.4041437125795573,0.7511479522005031
https://doi.org/10.1002/maco.202213679,0.8857997527302075,1.8629268690909702,1.1679110299186757,1.3022056684552898
https://doi.org/10.1002/maco.202313753,-1.2312516173036876,0.41564551633023966,0.34379929390844566,1.2409577332971662
https://doi.org/10.1002/maco.202313825,-1.4831735968337556,-0.6261078924730854,-0.7718612726792169,-1.182306345764269
https://doi.org/10.1002/maco.202313940,-0.2272691260426906,0.11361737755020518,-0.3630332347703576,1.3102892918832414
https://doi.org/10.1002/maco.202314017,-0.47526522126009346,0.8311308609081743,-0.4802076478970215,0.31389078802110604
https://doi.org/10.1002/maco.202313748,0.21620807081569407,0.7089424783704124,0.37009828704246134,0.623007486168987
https://doi.org/10.1002/maco.202313727,-0.02756692309538757,1.2602236028059126,-0.9338488044471228,1.1919423412065588
https://doi.org/10.1002/maco.202313962,-0.3510574119225144,-0.7018959748117557,1.2982969406435425,-1.0851583860683056
https://doi.org/10.1002/maco.202213684,0.6546792314942855,-1.2952920032346973,1.0307908355832855,-0.6542381890630506
https://doi.org/10.1002/maco.202213223,-1.491718540914985,1.1321633114390626,-1.3805830373366916,-1.2313027861047505
https://doi.org/10.1002/maco.202213717,-0.4735266924101762,0.3733436775204719,2.2404690982835276,-0.7294204478925109
https://doi.org/10.1002/maco.202313852,0.3238731999594444,-0.7662435388449984,0.11364433089915661,-0.11920213019599454
https://doi.org/10.1002/maco.202213699,-0.33503156418720886,0.958027416023463,2.153695738627789,0.4423437002538727
https://doi.org/10.1002/maco.202213584,-0.5421360658631835,-1.2103402800050354,-0.8336383240590843,-0.7599001896092962
https://doi.org/10.1002/maco.202313865,0.04624759989615837,-0.03316704681160244,-1.0126971462715872,0.7102424022967898
https://doi.org/10.1002/maco.202313934,-0.16243255463933717,-0.3506465181175337,0.8159246243976146,-0.7141001675551446
https://doi.org/10.1002/maco.202314008,-0.47223486519415087,-1.378472814828831,0.0032007100120471487,-0.014719434121896791
https://doi.org/10.1002/maco.202313914,0.5400655010579888,-1.3772357780176465,-0.4067935293512476,0.9882898553388489
https://doi.org/10.1002/maco.202213721,-1.243359660240024,-0.40655435315389277,0.20761615563487645,0.05035112996807346
https://doi.org/10.1002/maco.202313873,0.035214595727747,-1.2949381630140377,-0.6807242217270109,-1.1582174885112326
https://doi.org/10.1002/maco.202213660,-0.23096731051386435,0.4721906900845835,-0.17005292012888448,0.21789138959058735
https://doi.org/10.1002/maco.202314029,1.229584193105765,-0.9920747931790879,-1.3580587088098768,-1.161299825333274
https://doi.org/10.1002/maco.202314123,-0.8103107690552865,0.18988356045017135,-0.6341406996834545,0.46615495163631643
https://doi.org/10.1002/maco.202213687,-0.19191464546045392,-1.5860368435457026,-1.1496418030512026,-0.6278603107565747
https://doi.org/10.1002/maco.202313764,-0.49898978202382255,-1.1204965606737411,5.537351716511155,1.5341039746074268
https://doi.org/10.1002/maco.202313746,-1.3974291119521887,-1.3624660750661928,0.3516177780270453,-0.41525253666386663
https://doi.org/10.1002/maco.202213680,0.011347873733544313,-1.1129893257591505,1.9992357032622927,1.081351350878086
https://doi.org/10.1002/maco.202213666,-1.2144631319274874,-0.10501003282526142,0.2095424485316076,-0.5120397176825049
https://doi.org/10.1002/maco.202313919,0.14975676352591458,-0.5752933180586532,-0.4347984069101443,-0.35779122368437244
https://doi.org/10.1002/maco.202213689,-1.007885349221341,0.5916009528456168,0.054719361739535954,-0.9087200698542831
https://doi.org/10.1002/maco.202313886,-0.35018942071197096,1.420395036470447,-1.1241549496370504,0.26465164628587096
https://doi.org/10.1002/maco.202213671,0.4493035528109371,-0.7426241204880031,-1.2441533344506766,-0.35603739782440463
https://doi.org/10.1002/maco.202313733,0.2411167789746065,1.0588051167490422,-0.1928594551212179,-1.6186363417229406
https://doi.org/10.1002/maco.202213652,0.19768292715686003,-0.22772870116463273,0.6699877270234369,-0.33605703628349587
https://doi.org/10.1002/maco.202213602,-0.8961305389539264,0.6279645475691805,0.023610769856907857,0.42802465944020107
https://doi.org/10.1002/maco.202213620,-0.9695848553163863,0.42251940319525144,-1.698718506532561,0.1339746762357807
https://doi.org/10.1002/maco.202213711,0.5190198091037148,-0.2738250545213857,0.09231317896691255,0.2623765906877883
https://doi.org/10.1002/maco.202313819,0.2930559212556271,-0.8088801511177156,-1.3510694076511582,0.05267624600510533
https://doi.org/10.1002/maco.202313826,0.4650748848809272,-1.478372058336654,-0.4853554756421511,0.5155532151990223
https://doi.org/10.1002/maco.202313762,-0.3985529768003855,-1.08858573716937,-0.8390744572346803,0.6867528089684318
https://doi.org/10.1002/maco.202313769,0.5136372425663429,-1.232022168742338,3.8572597245642335,0.14042121956345
https://doi.org/10.1002/maco.202213697,-0.19530374100441034,0.9188672050854433,1.0939711445015063,0.6236837051824357
https://doi.org/10.1002/maco.202313835,0.4867004613528722,1.2119445849988768,1.3749078168194713,-0.49395410452946914
https://doi.org/10.1002/maco.202313765,-0.6885777022101097,-1.113637147518071,3.5475961381993546,-0.46199082398138974
https://doi.org/10.1002/maco.202370071,-0.7865618041668325,-0.9747297071756422,0.4435583986914596,0.5754050667017097
https://doi.org/10.1002/maco.202313954,-0.3326911394412732,2.0575447972477536,0.43219271204914533,0.688125891815693
https://doi.org/10.1002/maco.202314074,1.0529603700414292,1.3377276295040863,0.17328267735419645,0.43156692777822575
https://doi.org/10.1002/maco.202313773,-0.8108387796835346,-1.1004415109167056,0.5392756957717074,0.7394448387131074
https://doi.org/10.1002/maco.202313751,-0.7610214933705604,-1.3916074351911425,0.2480119708498817,2.4832980698107194
https://doi.org/10.1002/maco.202313786,0.37807084159641796,0.27855200966007576,1.1084198955837798,-0.16974179514915022
https://doi.org/10.1002/maco.202314120,-0.2690321117526033,0.41339746202632893,-0.6378644722042408,0.3253351203187747
https://doi.org/10.1002/maco.202314129,-0.6808867061106094,-1.6636257333409177,0.3881393655069895,-0.10201793238934843
https://doi.org/10.1002/maco.202370031,0.29373643560367607,0.5249256627104382,-0.5519566512113319,-0.012699323159514003
https://doi.org/10.1002/maco.202370041,-0.32165052392865884,0.5422993195984077,-0.13159173784739414,0.32622103542880476
https://doi.org/10.1002/maco.202370061,0.18679876423523328,0.1738896382104358,1.0477382015941414,-0.1090615296739955
https://doi.org/10.1002/maco.202313771,-0.1767936899654769,-0.916907469477102,2.519809931417195,-0.11398140816123735
https://doi.org/10.1002/maco.202313894,-0.10417263403486687,-0.41298903366638534,1.5591250336398323,0.08471780859425221
https://doi.org/10.1002/maco.202314140,0.9762816187138318,-0.03258156580542448,0.40954137309070876,-1.4521479878957229
https://doi.org/10.1002/maco.202314115,1.47798252146476,-0.45421907561429575,0.36516655092220995,-0.6101177853130205
https://doi.org/10.1002/maco.202313813,-0.9046150560020497,0.3448583875056471,-0.7057743932759029,-0.6264194384016921
https://doi.org/10.1002/maco.202313792,-0.8309037722575198,-0.6920431588790787,0.07396906588818312,0.5335096656675073
https://doi.org/10.1002/maco.202313925,-0.7824099381669111,-0.7465902219233795,5.857133612893303,1.607690804895261
https://doi.org/10.1002/maco.202313872,-0.6779455990403525,1.3639850603193002,-1.1199720093748953,-0.06381816616968881
https://doi.org/10.1002/maco.202313918,-0.1509635553139993,1.54179437305898,-1.069369479195686,-1.2557593351684408
https://doi.org/10.1002/maco.202370011,-0.5644333621853221,-0.40820208230424054,-0.2726339964496517,0.27135885408864874
https://doi.org/10.1002/maco.202213405,-0.42696946761565946,-1.0456656855360065,-0.9751354547735455,0.8318680611920918
https://doi.org/10.1002/maco.202370021,-1.145855619436541,-0.8344234996881671,-0.9949506995805311,-0.6114784601325826
https://doi.org/10.1002/maco.202213545,-0.2260461336580686,-0.47504374965920065,-0.013156818026769367,0.4544339519518413
https://doi.org/10.1002/maco.202213604,-0.7100662518577179,0.6410745683688108,0.3911888442245947,0.035480545577781734
https://doi.org/10.1002/maco.202213366,-1.6039603061830399,1.014800021329048,0.09350695535902247,1.2232424360244611
https://doi.org/10.1002/maco.202213560,-2.183740830259993,1.311552003291375,-0.7688546991340682,-0.8018267744709079
https://doi.org/10.1002/maco.202313772,-1.2074711760296755,-0.219442662575114,-0.23342447652253184,-1.1229609627424508
https://doi.org/10.1002/maco.202370051,-1.802164179193807,-0.6177829080142371,-1.1366983587236634,1.4285805194945156
https://doi.org/10.1002/maco.202313961,-0.404935109961957,-1.1012661797047545,-0.48948337343436854,-0.19928497274321574
https://doi.org/10.1002/maco.202370081,-1.2812734423303394,0.15251944410018936,-0.6288095267316841,-1.0148762195809506
https://doi.org/10.1002/maco.202370091,-0.4291722480626988,0.1931187241671429,0.396480271189492,-0.21963976466678617
https://doi.org/10.1002/maco.202370101,-1.4845848020987147,-0.3784423090482733,-0.7036374228599296,-0.5645606329536971
https://doi.org/10.1002/maco.202370111,-3.3013063731076886,-2.7632425757502412,0.057549688643508,0.47376748216427755
https://doi.org/10.1108/acmm-12-2023-2935,-0.28134269025226033,-0.4376279794051309,1.3015721443895658,0.7734429805980307
https://doi.org/10.1108/acmm-03-2024-2976,0.19795731014991164,0.5578224765028266,-0.5796062703924688,0.9873653318410409
https://doi.org/10.1108/acmm-06-2023-2832,1.2134298421877507,-0.1958230747983866,0.2719872629360918,-0.7529637460826082
https://doi.org/10.1108/acmm-03-2024-2988,1.9157775042203866,0.4751419351888243,0.04163026292911979,0.2615708938308475
https://doi.org/10.1108/acmm-09-2024-3100,1.288657434420231,-1.1962677584916865,-1.0723875483114393,-0.23873789487596794
https://doi.org/10.1108/acmm-08-2023-2889,-0.3318978931031939,1.0720409927701475,0.9783582627876289,1.132934080167907
https://doi.org/10.1108/acmm-06-2024-3040,0.38553961716664664,-0.9250333517620549,-0.8677243591582124,-1.2900914541531947
https://doi.org/10.1108/acmm-04-2024-2999,1.5874543914074113,-1.5213402428113219,1.4037796306099752,-0.48630792152229513
https://doi.org/10.1108/acmm-11-2023-2917,0.5112215951868626,-0.4078462221729503,0.029289745797562633,-0.6729852977181345
https://doi.org/10.1108/acmm-12-2023-2937,-0.5445023628885605,0.11232920665623294,-0.33858796421695353,-0.0006121328991392666
https://doi.org/10.1108/acmm-08-2023-2877,2.550084459961221,-2.269834250696875,1.1438232283657148,-1.2366824826402756
https://doi.org/10.1108/acmm-02-2024-2968,0.133414586728118,0.19388287469684412,0.056013062668713184,-0.9027383898186744
https://doi.org/10.1108/acmm-03-2024-2989,-0.47563378347094104,0.051227098545761525,-0.789936447778048,-1.0552293681341842
https://doi.org/10.1108/acmm-11-2023-2924,-0.0876904894115047,1.0518186581674185,-0.2762197533606022,-0.7092479689372063
https://doi.org/10.1108/acmm-01-2024-2950,-0.8896487492710669,0.3094226596480057,0.16711510316353534,-0.9758804863051742
https://doi.org/10.1108/acmm-02-2024-2963,0.6428414065243175,-1.2502765647911847,0.009095206217533982,-0.6243684337986737
https://doi.org/10.1108/acmm-03-2024-2982,1.8729209910128028,-0.3117116998089669,-1.467155513369471,-1.106636424209574
https://doi.org/10.1108/acmm-05-2024-3016,0.20478197297484158,-0.04712332568113134,-0.9373064336915934,-0.8934325033713323
https://doi.org/10.1108/acmm-10-2024-3106,0.47503186478329373,-1.0619626281622994,0.8270948394298853,-0.5685567237146889
https://doi.org/10.1108/acmm-10-2023-2907,0.7053174315411257,-1.3568470789090348,-0.3409793888590196,-0.5817862184764598
https://doi.org/10.1108/acmm-08-2024-3073,1.3818533808651037,-0.19776789199968467,-0.505159435317608,-1.5281423390985456
https://doi.org/10.1108/acmm-08-2024-3071,0.5233753220194775,0.7275600729953355,-0.12133933650790374,-0.5552091098507578
https://doi.org/10.1108/acmm-03-2024-2991,-0.030883442112525528,0.8669357283818729,-0.4005852105005156,-0.23739917460531276
https://doi.org/10.1108/acmm-04-2024-3008,1.1408403175361146,1.0261950040369336,0.0699575991871914,1.7106697051559578
https://doi.org/10.1108/acmm-09-2024-3094,0.5682081281692719,-0.5526982535513862,-0.35178515958233053,-1.0898884220434837
https://doi.org/10.1108/acmm-01-2024-2954,0.63504894449151,-1.7897939406858014,-0.06560430239929942,-0.12111978484289444
https://doi.org/10.1108/acmm-06-2023-2835,0.42039648844322824,-1.0575651987069075,-1.0191801736248418,-1.5476869437252398
https://doi.org/10.1108/acmm-08-2023-2878,-0.33845512861654115,1.2360595403917067,-0.5551534947853303,0.08684218102820827
https://doi.org/10.1108/acmm-11-2023-2919,1.3790817490860785,1.4043079634124969,1.9209719795873443,-1.176457681669253
https://doi.org/10.1108/acmm-02-2024-2972,1.3452539016584195,0.4120515573282176,-0.41524604055609415,-0.8847827301653443
https://doi.org/10.1108/acmm-12-2023-2939,-0.48529612709895076,-0.4905246426622748,0.317718670233397,0.8150922020778991
https://doi.org/10.1108/acmm-06-2023-2818,1.0567883930173658,0.2433949231671387,1.1275823032805943,-0.3010883582339442
https://doi.org/10.1108/acmm-08-2023-2874,-0.6841210001988011,0.7204422013870353,-0.6792233340383204,0.14886692518828837
https://doi.org/10.1108/acmm-08-2023-2869,0.7329484327420925,-0.34185671849938853,-0.2834697616114989,0.529536743970665
https://doi.org/10.1108/acmm-02-2024-2969,-0.12221859444305613,1.2629267653942475,1.043297685584975,0.2654968299063994
https://doi.org/10.1108/acmm-04-2023-2794,1.9610647372687608,0.7760336884228295,-0.9001482431952758,-1.4164567232916718
https://doi.org/10.1108/acmm-03-2023-2766,0.6720378591450834,-1.5371419735127718,-0.31190599305189043,1.1705670449695653
https://doi.org/10.1108/acmm-11-2023-2918,-0.3355852062004675,0.20423690616118986,-0.02874646635955032,-0.5292873705573564
https://doi.org/10.1108/acmm-06-2023-2839,0.4945032741824805,0.4619803038384547,-0.8789369139713112,-0.24385535948023904
https://doi.org/10.1108/acmm-01-2024-2956,0.34844231424126243,0.45800683295805833,-0.6297603990350292,-0.23573683459723738
https://doi.org/10.1108/acmm-01-2024-2948,1.6913661019809734,0.40156672815784855,-0.35288314538374155,-0.9717616930662967
https://doi.org/10.1108/acmm-07-2024-3060,1.019789833826724,1.1452027386766754,-0.27283841358839855,0.9542511829404782
https://doi.org/10.1108/acmm-09-2024-3091,0.8988096765648749,-0.8661469334472767,-0.6951928367478079,-1.4246962841923574
https://doi.org/10.1108/acmm-10-2024-3108,0.8731838011102462,0.13857659596046046,-0.6917237362876036,-0.5500564344771813
https://doi.org/10.1108/acmm-09-2024-3101,1.1298118735696092,-0.8034648039725394,-0.3185938948004906,0.6300221100038146
https://doi.org/10.1108/acmm-12-2023-2930,0.04163564119422879,0.20624997281368376,-0.33281244718652786,-0.30790789654876966
https://doi.org/10.1108/acmm-04-2024-3006,0.9617423858677504,-0.7470821557166569,-0.614780957763004,0.3605517923165754
https://doi.org/10.1108/acmm-04-2024-3007,1.9384427984310253,-1.2281272885448755,1.7888316904551784,0.46392736744665086
https://doi.org/10.1108/acmm-03-2024-2987,-0.7865809419849148,-0.843061201743305,-0.9768406986366417,-0.8876547206552384
https://doi.org/10.1108/acmm-02-2024-2961,1.3082124710777274,0.32918075588882767,0.26967253652244144,0.01813971783885194
https://doi.org/10.1108/acmm-11-2023-2916,0.19092460283933702,-0.1427984611252653,-0.04847454788038271,-1.1383568336913086
https://doi.org/10.1108/acmm-07-2023-2849,0.032993785686381824,1.2508212922837922,0.10335137424221513,0.793913018306993
https://doi.org/10.1108/acmm-04-2024-3000,0.12884433851150282,0.7770989203267853,0.40058238380052924,-0.4531382865775959
https://doi.org/10.1108/acmm-07-2024-3057,0.16315970628640597,0.1529563179445451,-0.18247208767726944,-0.5692424586585283
https://doi.org/10.1108/acmm-06-2024-3033,-0.6476873507377817,0.36163633321898736,-0.22807132107387929,-1.254870694551825
https://doi.org/10.1108/acmm-04-2024-2998,1.9086649820767267,0.21037692987032375,-0.8588552920803186,-0.7859712391356897
https://doi.org/10.1108/acmm-07-2024-3050,-0.37954997246584016,-0.5840448519208227,-0.7476605592602356,-0.04330329493238345
https://doi.org/10.1108/acmm-08-2024-3064,0.16576903159764414,-0.10589797521911362,-0.5112933293851334,0.1240496907578915
https://doi.org/10.1108/acmm-11-2023-2923,0.015643390331889443,0.424866427947262,-1.0701647196615172,-0.7100130125650164
https://doi.org/10.1108/acmm-01-2024-2953,1.4030054954212223,-0.0670129958040931,-0.32574462913890506,-1.2034758219141555
https://doi.org/10.1108/acmm-02-2024-2965,1.2419267609934384,1.3526892316810224,0.15602552449261048,-0.729415148405462
https://doi.org/10.1108/acmm-12-2023-2941,0.9799579858645984,0.3012354277150575,-0.979686666196896,-0.5683425870903631
https://doi.org/10.1108/acmm-12-2023-2932,0.6427438709930281,0.39719956621088653,-0.9744967081043866,-1.223776713937904
https://doi.org/10.1108/acmm-10-2023-2910,2.214261811354617,0.8337346036109053,-0.21320716508126264,-0.6819558197103238
https://doi.org/10.1108/acmm-02-2024-2967,1.620326873951947,-0.5614150286178191,-1.3323227626286471,-0.41444536760832434
https://doi.org/10.1108/acmm-11-2023-2920,1.7312690554361356,0.047926046569860645,0.05355402626024683,-0.09705783485902533
https://doi.org/10.1108/acmm-05-2023-2803,-0.5022041411303868,-0.14831430475911062,-0.8265417141810653,-0.02687123835068923
https://doi.org/10.1108/acmm-01-2024-2959,1.0835732709228156,-0.5994927733112954,-0.7622099786332619,-0.752870060564252
https://doi.org/10.1108/acmm-06-2024-3031,-1.589714754759287,-0.027921279092577644,-1.3579982655865943,-1.4736053736677106
https://doi.org/10.1108/acmm-06-2024-3037,0.7150892656354129,-0.1483428974667794,0.14961675858969337,-1.0088540494386362
https://doi.org/10.1108/acmm-04-2024-3005,0.7816829431013534,1.0798135032392242,0.09256305351583793,0.2698541484209169
https://doi.org/10.1108/acmm-08-2024-3078,-0.3021041128188234,0.8438015950926578,0.06719582773982248,-0.28262588475078004
https://doi.org/10.1108/acmm-05-2024-3027,0.8978228844505444,0.32151358274390224,-0.662128099096522,-0.27015896472537587
https://doi.org/10.1108/acmm-11-2023-2915,0.8750503688333686,-1.4136632581404993,-0.08451253593960145,-0.2296433927527009
https://doi.org/10.1108/acmm-01-2024-2949,-0.15992267854929063,0.4970169154164288,-0.7569836865241943,-1.131409779963201
https://doi.org/10.1108/acmm-12-2023-2933,1.1276352855954415,-0.43221141155738285,-0.25926787535896684,0.3558440217143334
https://doi.org/10.1108/acmm-04-2024-3009,-0.22600150051437873,0.24237829077353693,-0.3261639434736433,0.44019785953120766
https://doi.org/10.1108/acmm-05-2024-3023,-0.10596048026156017,-0.9845310871474475,-0.9847616433140444,0.40167084281428356
https://doi.org/10.1108/acmm-08-2024-3074,0.451448580880815,-0.08428289729149302,-0.07148764823599667,-0.0776676480688727
https://doi.org/10.1108/acmm-01-2024-2955,0.6515710951715684,-0.16171397948631236,-0.8137433075825531,-0.8024852933603865
https://doi.org/10.1108/acmm-09-2024-3095,0.2596748713009726,-0.5072907859799902,0.9949778958180887,-1.4812069535094432
https://doi.org/10.1108/acmm-12-2023-2929,0.5854991067256277,-1.9372714646965106,1.0599269477479958,-0.7063820900682605
https://doi.org/10.1108/acmm-03-2024-2984,1.0692484269025573,-0.3430518895247406,0.6181217151060447,-0.698862013175508
https://doi.org/10.1108/acmm-07-2024-3053,1.3055922123698362,0.4644071294090247,-0.697169218361092,0.3869871535807837
https://doi.org/10.1108/acmm-05-2024-3029,1.4181236974244549,-0.3064918999759547,0.3656616160504662,0.1277000212925511
https://doi.org/10.1108/acmm-06-2024-3035,-1.3613214922705101,0.21681691133778208,-0.5382876514510486,-0.557581900897895
https://doi.org/10.1108/acmm-09-2024-3090,0.7383046831643638,-0.05413083109623118,-0.7269683765868763,-1.2224460482811033
https://doi.org/10.5006/4507,-0.05267213336408282,-0.6517175561600469,1.9085069192951367,0.3784681555087617
https://doi.org/10.5006/4459,-0.4662589507005411,0.03499873605739784,-0.6372629205724833,-1.2751241868906622
https://doi.org/10.5006/4529,1.537961560750969,1.0798524162057466,1.2086535082321537,1.1541512812280887
https://doi.org/10.5006/4457,0.36410945476104556,-0.8108403704313937,1.3399094484756588,0.6890860079233375
https://doi.org/10.5006/4512,0.5953685020480131,0.07428118844821942,1.0138082193727984,1.8626027575919837
https://doi.org/10.5006/4491,-0.29629181044339853,0.5587113597409984,-1.2846880907175118,-0.38094300145135773
https://doi.org/10.5006/4505,0.6312269264455472,0.04541856681161634,0.4479978842584821,-0.7546360093012583
https://doi.org/10.5006/4622,-0.11018204978397694,-0.3362183635178274,0.4819245463686829,-0.1171450629128576
https://doi.org/10.5006/4377,-0.7860517680279675,0.7004429581573562,0.03392726011924925,-0.11079072192684812
https://doi.org/10.5006/4537,-0.5462725942290118,0.7749054402573247,-0.33355151986006065,0.5498946652424954
https://doi.org/10.5006/4532,-0.0046807145541804705,-1.031754127432631,2.4083430469463294,-1.3862672440514248
https://doi.org/10.5006/4398,0.3873318147705303,2.6557897148867706,0.40814438219932275,-0.035658340238479594
https://doi.org/10.5006/4645,-1.0456854402563618,0.2913958900054128,-0.5330470245679321,-0.3154906941236219
https://doi.org/10.5006/4630,0.25628628749207877,-1.8080366494168942,-0.05285705427927578,0.9679588114947841
https://doi.org/10.5006/4669,1.2425361779232467,-1.777787950288342,0.3814308060847521,0.5455001031741771
https://doi.org/10.5006/4519,0.7813495690171611,-1.3809353778623399,-0.6621738870303748,2.020983167856898
https://doi.org/10.5006/4480,-0.9252857510063017,0.22399281533949747,-0.21334520656229836,-0.9725118509743866
https://doi.org/10.5006/4451,1.329764262558993,-0.3469109412164489,-0.4422851296047927,-1.3051077516850549
https://doi.org/10.5006/4424,-0.5391418860587094,0.6784061858534133,-1.0018750662003504,0.2583490776365855
https://doi.org/10.5006/4490,-1.090880819590859,-0.23138344501351085,0.16408429086906576,-0.33449594439302355
https://doi.org/10.5006/4493,0.09769034220639845,0.7923860138227639,-0.13852861941972283,0.2304723803653578
https://doi.org/10.5006/4608,-1.0198278921852109,0.3636527537469971,-0.1414350820365291,-0.7969172568124513
https://doi.org/10.5006/4520,0.8615458195383047,-0.33864844082495565,-0.22662001189648615,-0.7223274577805966
https://doi.org/10.5006/4506,-3.087043997280702,0.3257947980003877,-1.5019445339468285,-1.5630560060340664
https://doi.org/10.5006/4558,0.6019693146866949,0.5359236641902863,-1.0514794876148037,-1.6890272346488808
https://doi.org/10.5006/4591,-0.7888074907199756,-1.0455597654105198,-0.011573048308154112,0.6926660570278211
https://doi.org/10.5006/4553,0.6546029088303017,1.5325566227737581,-0.35279157778020653,-0.8424067499763908
https://doi.org/10.5006/4634,0.5593847497292447,0.3684451222618916,0.5166958389710995,0.29884946444966265
https://doi.org/10.5006/4631,-0.9227950274902718,-1.142114729224005,-0.49362320748325383,-1.291144211295465
https://doi.org/10.5006/4467,0.08636522363118573,-0.011418942394948284,0.5628296281242932,0.3318418179322776
https://doi.org/10.5006/4448,-0.24831036285808314,-0.8449287590184686,0.28148976025854605,-0.8670964573764975
https://doi.org/10.5006/4108,-1.068800653928312,-0.051728748288168196,0.24355991100905172,-0.6114768180347823
https://doi.org/10.5006/4446,0.2386202634424556,0.32367547559642296,-0.6053476393090316,-0.41029947432942027
https://doi.org/10.5006/4498,-0.5605479165982495,0.31121128772984263,-0.306512428264065,-1.1211823769233382
https://doi.org/10.5006/4517,-0.6278495142365428,-1.268011720707238,0.6192749443437431,-0.22076341599933258
https://doi.org/10.5006/4513,-0.49300436433138384,-1.3076196290168338,-1.8114711826465588,-1.3730926022322723
https://doi.org/10.5006/4615,-0.46252950906914264,-0.05309908648504896,-1.3804811313706278,-0.6836199644615815
https://doi.org/10.5006/4643,-0.7431546253170388,0.6808394607497977,-0.5087800293126773,-0.568859047279162
https://doi.org/10.5006/4627,0.3189213819658545,0.5046784866410825,0.5849072356125098,0.4914704711143541
https://doi.org/10.5006/4655,-1.241781070410869,1.5353667351317792,0.5600769255708766,-0.8156312634806858
https://doi.org/10.5006/4504,0.236894286482858,0.43218788547315934,-0.580770200289885,-0.7035025053183256
https://doi.org/10.5006/4548,0.5094763722599988,-1.6546847850267115,-0.7516139096399127,-0.06412904271992288
https://doi.org/10.5006/4482,-0.1783005042692253,-1.4119793544392816,1.3760161770100923,-0.26895302562716866
https://doi.org/10.5006/4509,-0.7265809511533886,1.0757248620429891,-1.4225444113604913,-0.8513397435225084
https://doi.org/10.5006/4534,1.1899332604109318,-0.6897564883990986,0.4155805636273574,0.3396213011492589
https://doi.org/10.5006/4433,-0.6981798356980627,-0.6998293083643268,0.10362724013899809,-0.10126163347571682
https://doi.org/10.5006/4388,1.1244376915753531,-1.336859982355145,-0.14259083074072143,0.25144397587438905
https://doi.org/10.5006/4435,-0.633155615168848,-0.616888076670707,-0.8711051672826761,-1.696656864344459
https://doi.org/10.5006/4511,-0.01739277393274031,-0.5980243289232305,0.020576712952538802,1.135383422416934
https://doi.org/10.5006/4391,-0.5214165232872217,0.8069303150752025,0.23504979295407294,0.48144158252123354
https://doi.org/10.5006/4564,0.7664912994852845,1.1743901523855131,-0.28177599692922783,-1.0215601023162366
https://doi.org/10.5006/4580,2.674324735403749,-0.4358586603260308,-1.312695229174068,-2.1894049653714407
https://doi.org/10.5006/4673,-1.4491993435628323,-0.3764299790716222,0.35212888229854095,-0.10880978558379803
https://doi.org/10.5006/4531,-0.6711281509266181,0.8923172581232871,-0.03391209561730794,0.5604644893397597
https://doi.org/10.5006/4593,-0.4323657409642493,-0.07229149539016642,0.37457630639494877,-0.4261724124173537
https://doi.org/10.5006/4610,-0.06508397230066808,-0.5599547787609422,-1.1099746716629406,-0.025442821638985372
https://doi.org/10.5006/4661,1.3568701637632379,-1.0837577592935799,2.684300258719023,-0.3296843294530886
https://doi.org/10.5006/4640,0.41625392282056184,1.3999739406325002,-0.8261965284868235,-0.7084430531417624
https://doi.org/10.5006/4597,-0.9136119321885735,-0.7596709858800642,-0.29551563271818637,-0.017037469414090026
https://doi.org/10.5006/4543,0.2073775481887792,-1.0021443936623389,1.9292290123897204,-0.07978423917341172
https://doi.org/10.5006/4460,-0.6978666875031476,0.1870396052865632,0.9435554901786719,-0.16608724257806334
https://doi.org/10.5006/4514,2.421111358304728,-0.38904046424410194,0.7314286599302261,-1.3676782255746163
https://doi.org/10.5006/4667,-0.21244039987209318,0.483423654343384,-0.005438657285210872,1.2347774682589556
https://doi.org/10.5006/4431,0.630265634703292,-1.5421592414275709,-0.558611623629625,-0.35416654283041143
https://doi.org/10.5006/4341,-0.4346513271431662,-1.4790747537363882,-0.13963626590366537,0.8020035879614559
https://doi.org/10.5006/4508,1.1518090035460768,0.0630173027516561,-0.6306821068012203,-0.6025841226442344
https://doi.org/10.5006/4582,2.0305140805174218,-1.8003925720485143,-0.412384383643229,-0.8197579166206531
https://doi.org/10.5006/4642,-0.7748593775088198,0.6717607355064373,1.8513212321392418,0.9649160987151604
https://doi.org/10.5006/4274,0.169942167009463,0.007963412850286787,-0.29896727127752815,-1.3114437013361737
https://doi.org/10.5006/4478,-1.301094067223105,0.4361770930580732,0.7359091400531864,-0.3454809289191058
https://doi.org/10.5006/4609,-0.8513817040353552,0.5572547634765448,0.8081169399346416,0.6293096789551201
https://doi.org/10.5006/4453,-0.8295458420482101,-0.5529083674224344,0.37121140311659884,-0.0785934697995496
https://doi.org/10.5006/4365,0.6031702713860393,-0.9943131887563149,-0.5271039375375327,1.2433400573500595
https://doi.org/10.5006/4535,0.499553405611359,-0.3819109539725852,-0.7963189414333138,-0.0744188928290066
https://doi.org/10.5006/4541,0.7488677694750969,1.2641053948497363,0.8760266292684418,-0.1770479135745815
https://doi.org/10.5006/4590,-0.9100765107331478,-0.05770538105849043,2.902152637434864,-0.4948715924398555
https://doi.org/10.5006/4624,-1.5764226423568943,0.5487791521853875,0.03885398979432277,-0.1917053646964819
https://doi.org/10.5006/4550,0.06870598903896938,0.06955283794430064,0.21881705499290494,-0.5412193737357934
https://doi.org/10.5006/4638,-0.1048789596422338,0.39602864050774256,-0.6152589909543972,0.0017575556414483027
https://doi.org/10.5006/4625,1.1668976272103715,-0.3766465097431765,-0.3476448045717834,0.6782285455452738
https://doi.org/10.5006/4611,-0.8950061019497781,0.5788078026705082,-0.9082998592087291,-0.63471751204114
https://doi.org/10.5006/4680,-1.23620999449069,-1.353770424241866,0.3363591168279314,-0.7038696182181741
https://doi.org/10.5006/4524,-0.5156898646206072,-1.9148828900172234,2.8793783034916847,-0.49871415978781924
https://doi.org/10.5006/4479,-1.3747724657125593,-0.7929951258565895,-1.185351301172074,-1.6792784844211495
https://doi.org/10.5006/4503,0.08764759695194257,0.5609442779029712,0.002540761599118661,0.20887698421799888
https://doi.org/10.5006/4497,-0.26096555155998796,-0.7744965606918216,0.4210933338510696,-0.7121331125161304
https://doi.org/10.5006/4477,0.7591430820560994,1.0346717541457626,-0.659034956226845,1.3711585555951422
https://doi.org/10.5006/4466,0.1588369868445854,0.06811809084376294,0.7552624412410626,0.5200899538101004
https://doi.org/10.5006/4575,1.0191129063373554,0.41068399062462757,-0.6463467238785947,-0.28913919840607233
https://doi.org/10.5006/4549,1.070241797652115,2.346579190251894,-0.002011378501569067,2.283994859440549
https://doi.org/10.5006/4546,0.9249890528550717,-0.6576800175894003,-0.9224422884913237,0.6194212394249167
https://doi.org/10.5006/4489,-0.7637001713630213,-1.9951464778933314,1.5116028120558087,-0.24465852387699719
https://doi.org/10.5006/4602,-0.6778399598225386,-1.0252475474565133,-0.4740323693565846,-0.46835329869442005
https://doi.org/10.5006/4604,-0.2581382873232168,0.23145481955348396,0.006922275881187071,-1.2706233702308127
https://doi.org/10.5006/4592,0.20085265956795342,-0.003784870857821316,-0.9394299988450063,-0.9258745037430283
https://doi.org/10.5006/4621,0.8451707968559805,1.1278188981210617,-0.3601584933048704,0.21739882693730242
https://doi.org/10.5006/4619,0.20693093498908904,-0.40940244140262466,-1.1002413079088356,-0.7458832646834694
https://doi.org/10.5006/4600,0.00031345049885229763,0.24874723172255384,-0.08324354737746723,-0.6341415369523393
https://doi.org/10.5006/4577,-0.7294928230696545,-0.2064038465253597,0.3901835179464891,-1.0455194303391164
https://doi.org/10.5006/4601,0.7226613895285395,0.37264021220343707,-0.36326894643031293,-1.0042039317505687
https://doi.org/10.1177/1478422x241229621,0.42565182612273744,-0.529235469975613,-0.6688873196110945,-0.6866639051630529
https://doi.org/10.1177/1478422x241278895,0.49326609410887295,-1.0712359773457723,0.5053985815208658,-0.321593288895456
https://doi.org/10.1177/1478422x241241390,0.07864161848370635,0.7413154460777922,-0.1589666286914779,0.6972328276775084
https://doi.org/10.1177/1478422x241286297,-0.6082285226667213,-0.08431189518854411,-0.7126979259599938,-0.6733406745821395
https://doi.org/10.1177/1478422x241227829,0.394079406366338,-0.02748061082120369,2.992498745776878,0.3265409119693179
https://doi.org/10.1177/1478422x241277631,-0.577069623354205,1.4968103121936538,-0.35012566413746493,-0.4270700857146501
https://doi.org/10.1177/1478422x241257318,-0.38048930170018325,0.095954183575723,-0.7321259075387472,-0.7975594352426648
https://doi.org/10.1177/1478422x241293953,1.2467565950528985,0.8565470668069027,-0.2267543928859258,-0.8493298532676412
https://doi.org/10.1177/1478422x241298112,0.09636284158584422,0.7787531487243442,-0.6037790657110534,0.593545874436667
https://doi.org/10.1177/1478422x241241389,0.312750962806619,-1.6822695552367952,1.4469940770107448,-0.32912002182281735
https://doi.org/10.1177/1478422x241231661,-1.4816200240147908,-1.1682424261447009,-0.08783994711785956,0.5123544920831744
https://doi.org/10.1177/1478422x241240369,-0.39916016190073245,-1.2712361697274261,-1.0154213857159484,-0.5285562579071553
https://doi.org/10.1177/1478422x241264926,-1.1760954517620572,-1.180589603975287,-1.6789538729030038,-0.8199090774340627
https://doi.org/10.1177/1478422x241302144,-0.11520261315671487,0.5797608698986356,-0.8540290870325616,-0.4406811144506659
https://doi.org/10.1177/1478422x231212960,-1.2267199205302795,0.46303424969929513,0.7012318798243911,2.067991047038029
https://doi.org/10.1177/1478422x241272082,0.04101104189584988,-0.7786597794805507,-0.09548782060056017,-0.5026437462502202
https://doi.org/10.1177/1478422x241266735,0.8608293060067084,0.4473298236116031,0.12723478785794293,1.8291068674585773
https://doi.org/10.1177/1478422x241270134,0.41365746877070153,-1.2359727560805274,0.7371566817057926,0.35623460324800643
https://doi.org/10.1177/1478422x241301973,-0.47637953762749163,1.442921720263498,1.08652798200195,0.3737746712657232
https://doi.org/10.1177/1478422x241246677,-0.6020345810726864,-0.997201360970137,0.07134723621643221,-0.9609076129796875
https://doi.org/10.1177/1478422x241261787,0.4769191085780782,-0.6407191031822789,-0.9083671924149158,-1.7925937121399063
https://doi.org/10.1177/1478422x241276727,1.7522321542845005,-1.288394765191432,0.3108831477016729,-0.6665867739812258
https://doi.org/10.1177/1478422x241270136,0.057512400158181876,0.13204483871940761,-1.0249439116681223,-0.6222252872945145
https://doi.org/10.1177/1478422x241247943,-1.3445699501794632,1.7344178992550632,-0.121784158752923,0.2994729143423625
https://doi.org/10.1177/1478422x241254043,0.43031821596574654,-1.1785419249045774,2.1723283081131055,0.32054989573568093
https://doi.org/10.1177/1478422x241264925,1.92694628495388,0.3809872116777152,-0.7867402263627431,-0.25054313179299403
https://doi.org/10.1177/1478422x241297611,0.10193093356661921,-0.03587355869140785,-0.37246630186532664,0.8015637787310103
https://doi.org/10.1177/1478422x241233075,-0.7507536527258998,0.19714625889727694,0.7666642217819144,0.1276688848074278
https://doi.org/10.1177/1478422x241246345,0.4867674574645879,1.5336999696877567,-0.07364015404602993,0.7078835885451765
https://doi.org/10.1177/1478422x241258321,0.28371211867406737,1.4221135705928982,0.43307728588473904,0.4404687328324725
https://doi.org/10.1177/1478422x241267363,0.4819574430138488,1.1185843151808395,-0.7198732766497696,-0.658861729034293
https://doi.org/10.1177/1478422x241298181,0.11499323596549457,-1.050542310132166,2.574306075511797,-0.5919658090983725
https://doi.org/10.1177/1478422x241304209,-0.859174014855522,-0.8817658451085305,-0.9428510820339384,-0.6665620220070058
https://doi.org/10.1177/1478422x231221061,-0.8879139258811857,0.5134771134717134,-0.6819837294088421,0.5809146818457203
https://doi.org/10.1177/1478422x241239191,-1.1296506305458454,0.7703453352701743,-1.283560870070924,-0.277584308750624
https://doi.org/10.1177/1478422x241271499,-1.2214615719991224,-1.1206662456989371,0.49498479788112804,-0.01933018772632723
https://doi.org/10.1177/1478422x241270113,0.8950088600020096,0.3817053692825248,0.4658726567433719,0.5582170181435262
https://doi.org/10.1177/1478422x241280434,-0.34693584711207454,0.6291001184519335,-0.5695360058497343,-0.8400352882456924
https://doi.org/10.1177/1478422x241304217,0.6748342908480529,1.1903582520935538,0.09522477536212222,1.0479259086308454
https://doi.org/10.1177/1478422x241257033,0.757655584253783,0.4363001104320742,0.27873962794534124,0.7040299359511698
https://doi.org/10.1177/1478422x241261786,-1.5386906415679051,1.1766034851057485,0.8633621508096158,-0.5246157587866362
https://doi.org/10.1177/1478422x241233074,-0.19216470068250424,-1.6236833337756729,-1.3699324342155712,0.5472934535714901
https://doi.org/10.1177/1478422x241272080,-0.6374736227933852,1.0641079653773644,-1.0717198211960988,-0.8221642740080279
https://doi.org/10.1177/1478422x241272083,0.00588139838947956,-1.4667029258695787,0.23940566890858087,-1.2550339811776816
https://doi.org/10.1177/1478422x241238071,-0.5067544075544844,-0.990515822835368,0.2516067003510513,0.8007185365020093
https://doi.org/10.1177/1478422x241250151,0.06639706759292648,-0.9279506310306512,-1.8772987101623648,-0.4555316644459167
https://doi.org/10.1177/1478422x241249306,-1.1019065917318858,0.17454427831252303,0.3548054724311059,-0.5603152564106032
https://doi.org/10.1177/1478422x241236031,-0.9035872784953028,0.1540116212731486,-0.3199879521789297,0.14068595764098285
https://doi.org/10.1177/1478422x241235804,-0.26033075507933257,-0.4090655229783424,1.046272491448757,0.41472876273555254
https://doi.org/10.1177/1478422x231218072,1.2466187192310578,-0.013016359148041808,0.6208289951856226,0.7346774059920214
https://doi.org/10.1177/1478422x241261785,-0.526967338309773,2.5817637680665713,0.35358390271500356,1.9691921171671778
https://doi.org/10.1177/1478422x241231658,-0.41873263868241134,-0.0024472137652612356,0.2982818510540123,1.0141616890922116
https://doi.org/10.1177/1478422x241249305,-0.9876872202555362,0.3165075619079333,-0.4782031164029613,1.1439515271853118
https://doi.org/10.1177/1478422x241252509,0.3893061421646807,0.6707924415739276,-0.6318239841835211,0.7599432359119288
https://doi.org/10.1177/1478422x241262625,-0.885991657633358,-1.6948017569286007,-0.8819412312619038,-0.09638263445512689
https://doi.org/10.1177/1478422x241275298,-0.07677859933464709,0.9874399816722003,0.06271761233056451,-0.17944286046268912
https://doi.org/10.1177/1478422x241276909,-1.471625028830079,-1.5869890686490782,0.5253402689059896,-0.6199938175545913
https://doi.org/10.1177/1478422x241285290,0.836386083888376,-0.9289396814140126,1.128495754659634,-1.2103596231676093
https://doi.org/10.1177/1478422x241297610,-0.876771780902962,-0.42803666091019715,-0.4265727939380147,-0.15200753553457094
https://doi.org/10.1177/1478422x241242575,-1.5015392428116394,-2.1663045489818193,0.535988993541715,-0.36803471361272355
https://doi.org/10.1177/1478422x241236261,-2.6485762524243723,0.9389562657964401,-0.3776954663677734,-1.5069331021291261
https://doi.org/10.1177/1478422x241246611,1.0319917272753256,-0.9106526849647963,0.5775673825543036,0.6541155253857796
https://doi.org/10.1177/1478422x241264084,-0.4533009553495414,-1.9139328523951962,0.28622114801933296,0.5328849255932117
https://doi.org/10.1177/1478422x241275299,1.068093149425411,-0.4029833152900316,-1.4879330518418648,-0.7326839414820168
https://doi.org/10.1177/1478422x241286329,2.725884602284023,0.6696181688015193,-0.8335774160972685,-0.8970431149136407
https://doi.org/10.1177/1478422x241287104,1.5608010490579747,-1.4381929112814724,1.996637610941177,-0.33756086578561223
https://doi.org/10.1177/1478422x241286328,1.3712413893822073,1.0308220409074653,-1.1324415175448637,0.475790778501325
https://doi.org/10.1177/1478422x241292157,-0.6535718086775921,0.36574664850071664,0.6552237171883473,0.4874546204982528
https://doi.org/10.1177/1478422x241288800,1.5112084295827757,0.9418644899276212,-0.12859924784438317,0.20306460886243793
https://doi.org/10.1177/1478422x241288625,0.18727043396189827,-0.4197189565912068,-0.39769320815599074,0.6866963007948217
https://doi.org/10.1177/1478422x241302148,0.13721607150137174,0.7234407416826472,3.247633574034438,2.2400643360213395
https://doi.org/10.1177/1478422x241306374,-1.13116587746764,-0.025187247122686707,-0.489962018632051,-0.6881797310675797
https://doi.org/10.1016/j.corsci.2024.112636,1.1547062666870649,-1.5213371672067362,-1.851881816977308,-1.1412986474674238
https://doi.org/10.1016/j.corsci.2024.111988,1.8694972929354368,0.4284881821251055,-1.1894649783087945,-1.3794779774212729
https://doi.org/10.1016/j.corsci.2024.112399,-0.5289022009294191,0.6921023190585031,0.07646019189646934,-0.3232720796797633
https://doi.org/10.1016/j.corsci.2024.111889,0.5743044334832343,2.2077819982334534,0.9916522340505144,-0.9070446143123247
https://doi.org/10.1016/j.corsci.2024.112066,0.09439181167148766,-1.7701272562320887,-1.1932524904149069,-0.03434016676678093
https://doi.org/10.1016/j.corsci.2024.111846,2.49083371946459,-2.1192937544123187,-0.8584506279640393,0.7351948540124084
https://doi.org/10.1016/j.corsci.2024.111854,-0.4241972472792209,-0.48661428132031187,-0.12270686223246181,0.472623872956687
https://doi.org/10.1016/j.corsci.2024.111939,-0.5862628939342561,-1.5572465140833147,0.6465937241178891,-1.6726259301947946
https://doi.org/10.1016/j.corsci.2024.112064,-0.18942023769765362,0.5832293632449935,-1.5995003232315244,-1.3367251898316928
https://doi.org/10.1016/j.corsci.2024.111959,1.5385478194793165,-1.4358042697189108,-0.7037611953791705,0.36255056882120823
https://doi.org/10.1016/j.corsci.2024.112227,0.26039663433946375,-1.0249557259699031,0.12476600128901898,0.7469024159334008
https://doi.org/10.1016/j.corsci.2024.112542,0.48665344617363493,-0.6558492791001188,-1.966165550149704,-1.8321884663574741
https://doi.org/10.1016/j.corsci.2024.112004,0.24941379847028286,-0.6866516809362446,-1.3568015832465958,0.3996549820878975
https://doi.org/10.1016/j.corsci.2024.112031,1.5916097387421138,-1.1908726865105812,-0.8214784972786944,1.9870105812217884
https://doi.org/10.1016/j.corsci.2024.112235,0.7543925095765817,-0.8051938716526358,-0.0645413487799309,-0.5801977607650455
https://doi.org/10.1016/j.corsci.2024.111904,-1.1119429167747996,-0.23993577559366355,2.609502988904333,0.9195812989663029
https://doi.org/10.1016/j.corsci.2024.111919,0.8618804271352412,-0.9884968538052387,0.22477406225693292,-0.5290967143393036
https://doi.org/10.1016/j.corsci.2024.111872,0.13323927837583954,-0.5165364099536482,-0.6433983362296839,0.12816044087082193
https://doi.org/10.1016/j.corsci.2024.112202,0.8860334635624357,-0.9621005067370967,-1.0400122197195192,-1.2599245347413093
https://doi.org/10.1016/j.corsci.2024.112067,0.451893968669345,1.9113311717495496,1.5594906971705678,0.7732777574802819
https://doi.org/10.1016/j.corsci.2024.112322,-0.6585939279013204,-0.33468734999834043,-0.5702348632785692,1.118325778350365
https://doi.org/10.1016/j.corsci.2024.112628,-0.32365379677498235,-1.1392114512962561,-1.1876416506476803,-1.10127082392967
https://doi.org/10.1016/j.corsci.2024.111867,-1.4287523382539182,-0.9398880261315855,0.3649731569675186,0.6830707075596494
https://doi.org/10.1016/j.corsci.2024.112453,0.2521080490309481,-0.6793771263545577,-0.8235896474532549,-1.2895991722570583
https://doi.org/10.1016/j.corsci.2024.112053,1.549933918714818,-0.9353877418326555,-0.8095446610708699,0.78958157605975
https://doi.org/10.1016/j.corsci.2024.112088,0.40195243139387793,-1.770729176334224,-1.5643103833470957,0.5409357768259935
https://doi.org/10.1016/j.corsci.2024.112204,-0.20119690835031667,-1.6941706084354402,-0.6143677278238064,2.715832134350083
https://doi.org/10.1016/j.corsci.2024.112328,-1.0905668941618893,-0.15436947509497384,-1.065323678633661,-1.2787820122763731
https://doi.org/10.1016/j.corsci.2024.112629,-2.36134737672674,1.045146445541446,0.969793574981999,0.21852027154334352
https://doi.org/10.1016/j.corsci.2024.112174,-0.663021868668376,1.84491134623791,-1.3512725852701317,-1.5250608883668402
https://doi.org/10.1016/j.corsci.2024.112171,0.459380087653137,0.1464693786292088,-1.0810072746460015,-0.4424089278634792
https://doi.org/10.1016/j.corsci.2024.112253,0.8126743486503796,1.0044912854993888,1.0249069715698618,-0.791958240556998
https://doi.org/10.1016/j.corsci.2024.111880,1.6392145549390307,0.7322757235908075,0.16578949343146523,-1.3511971203586473
https://doi.org/10.1016/j.corsci.2024.112150,-0.3222490746684856,-1.14585217477116,3.0850920067930936,6.0233572034788905
https://doi.org/10.1016/j.corsci.2024.112648,-1.3545967533301313,-1.1382859042285607,-1.7059575306762547,-1.1618784503284798
https://doi.org/10.1016/j.corsci.2024.112274,-0.36656757515205685,0.16730214241429053,0.303693763839625,1.4538761772046884
https://doi.org/10.1016/j.corsci.2024.112271,1.2156191101526355,-0.7404927356471057,0.8938435397976098,-0.2363574933960071
https://doi.org/10.1016/j.corsci.2024.112329,-0.6090977087030479,0.8543603345258282,-0.7615136549024477,1.9015080901501515
https://doi.org/10.1016/j.corsci.2024.112396,-0.45054334987627026,-0.924662426927415,2.2066648602823324,3.697615085959798
https://doi.org/10.1016/j.corsci.2024.112468,1.6234329823143003,0.18014368737723285,0.08865300584580726,0.3919410048175806
https://doi.org/10.1016/j.corsci.2024.112354,0.6666913848247369,-0.48432927143723187,-0.36707940875659206,0.9018877882991516
https://doi.org/10.1016/j.corsci.2024.112524,-0.025085163205839624,-1.6117643082712314,0.1770916105189535,0.40773130790856116
https://doi.org/10.1016/j.corsci.2024.112000,1.092332576893861,-0.17255444482070154,-0.9417983079097317,0.24247966416379085
https://doi.org/10.1016/j.corsci.2024.112219,0.5995321016345752,-0.2645163088169311,-0.2903649375863949,1.273986125839548
https://doi.org/10.1016/j.corsci.2024.112523,2.2108453607854806,-0.5118990677438251,-0.8406950630910203,0.03743127599362563
https://doi.org/10.1016/j.corsci.2024.112439,0.099538691648108,0.5866866899698213,-0.46794560523385204,-0.16922215867867138
https://doi.org/10.1016/j.corsci.2024.112551,1.598176222900746,-0.11435322466468867,-1.7163321950268373,-1.3087132811462037
https://doi.org/10.1016/j.corsci.2024.112669,-0.4639969390165099,-1.7262824337567153,1.2876330796569928,-0.18593327924752154
https://doi.org/10.1016/j.corsci.2024.112627,0.27516136340359065,0.09332649025981306,-0.8854718808115812,-0.8434249042972165
https://doi.org/10.1016/j.corsci.2024.112091,1.4875997437441675,-0.6570448593001719,-1.413070448806145,-0.1324378753741775
https://doi.org/10.1016/j.corsci.2024.111896,0.05887739678172928,0.6958550145255022,-1.0694270632292018,0.7562994711575969
https://doi.org/10.1016/j.corsci.2024.112133,-1.2249632915995787,-0.44327798044755273,-1.5841451582383628,-1.7026761894671572
https://doi.org/10.1016/j.corsci.2024.112519,-1.3001160048874854,-1.3641500581288484,-1.1755979510405814,-1.0633514350811948
https://doi.org/10.1016/j.corsci.2024.112651,-0.04706672413474993,-1.1254151990506152,0.2526626605346469,-1.327897391141856
https://doi.org/10.1016/j.corsci.2024.112455,0.5948699048998578,-1.3902283182021968,-1.223636614473112,-0.9586222249640218
https://doi.org/10.1016/j.corsci.2024.112585,-1.939325244182193,-0.11204354380139091,-0.611013917652847,0.19566048566498712
https://doi.org/10.1016/j.corsci.2024.112637,1.5318510582921063,0.8784984909477809,-1.90953942423084,-1.6658737976815132
https://doi.org/10.1016/j.corsci.2024.112248,-1.066587895489289,0.16298020321597023,-0.8103172399215971,-1.5837261749972043
https://doi.org/10.1016/j.corsci.2024.112092,0.10641248764736023,0.8381133644514417,-0.37015521047893496,-1.2713092339161909
https://doi.org/10.1016/j.corsci.2024.112123,-1.9677707642526863,-0.19027908642791858,-0.6210686170008246,0.9463830853403783
https://doi.org/10.1016/j.corsci.2024.112118,1.0521970476597502,0.614370278125664,-0.8901567532296087,-0.03893856005164739
https://doi.org/10.1016/j.corsci.2024.111945,-0.026076737063566387,-0.17145110753255774,2.122446135191897,0.11273912313124455
https://doi.org/10.1016/j.corsci.2024.112043,-0.30858801553105175,1.3796139221259363,-1.8593233482517844,-1.7937426272949646
https://doi.org/10.1016/j.corsci.2024.112580,-1.3150543825745962,0.24777795053334736,-0.023454918628738358,-1.5418136314880506
https://doi.org/10.1016/j.corsci.2024.112584,-1.3120409124789512,-1.7150559491109127,-0.524970420564691,-0.2688065217444891
https://doi.org/10.1016/j.corsci.2024.111989,-0.729206169528768,-0.2913852050421091,-0.7774201121383169,1.4968138984792239
https://doi.org/10.1016/j.corsci.2024.111910,-0.04161351858611504,0.17945434049552217,0.7195825532083671,0.5692546247501229
https://doi.org/10.1016/j.corsci.2024.112417,1.2368685246728335,1.236772006603592,-0.4068968658269129,0.46521938802157203
https://doi.org/10.1016/j.corsci.2024.112459,-0.9808868066191019,0.7258341189354085,-0.0006035697567548986,1.4359565745580818
https://doi.org/10.1016/j.corsci.2024.111868,-0.14931263080931254,0.8502247760854533,0.168248355113859,0.09448843366657608
https://doi.org/10.1016/j.corsci.2024.111902,-1.3720831625311216,1.5518528986828162,-0.8108780025273349,0.01601040567841496
https://doi.org/10.1016/j.corsci.2024.111940,-1.155129738357729,0.3786062251808046,-1.3758935549871887,-0.9020498971551552
https://doi.org/10.1016/j.corsci.2024.112409,-1.5965606968001786,-0.19006180585501017,-1.5905055856655426,-1.7078198498344093
https://doi.org/10.1016/j.corsci.2024.112556,0.9948454427578876,-0.759143965001015,-0.5150042774083168,-0.5684273409306824
https://doi.org/10.1016/j.corsci.2024.112018,1.0734453169659577,-1.1708443262596213,0.41956884088319574,1.4316300344944062
https://doi.org/10.1016/j.corsci.2024.112135,0.5308276905004327,-0.31489425183218583,-1.0961867212864962,0.4105259130418946
https://doi.org/10.1016/j.corsci.2024.112160,-0.8375506911037927,-0.8240191849773782,0.17980574977043406,-0.34676540283779195
https://doi.org/10.1016/j.corsci.2024.112428,0.325069212886824,0.5788972122404772,0.09913650657918904,1.3663259045104597
https://doi.org/10.1016/j.corsci.2024.112151,-1.0502578143961783,1.1736763395280407,-1.308327998054841,-1.3171923519449797
https://doi.org/10.1016/j.corsci.2024.112177,1.4645129991861092,0.5713138844926184,-1.0987421210351453,-0.8266591847640897
https://doi.org/10.1016/j.corsci.2024.112194,0.7245257164089965,-0.545466928445778,0.33537520150791283,-0.021512266950792946
https://doi.org/10.1016/j.corsci.2024.112501,-1.5779167389064759,-1.1996057563053417,-2.171013515965806,-1.36440008465791
https://doi.org/10.1016/j.corsci.2024.112558,-0.44896277895353764,-0.36056459300876686,-0.8244683805406464,-0.7948800171436733
https://doi.org/10.1016/j.corsci.2024.112047,-0.5048760276361133,1.5044232582317902,3.503071278503584,3.335781867112968
https://doi.org/10.1016/j.corsci.2024.112050,-1.4201709977274914,1.3258365489458437,-0.724969345979884,-0.39824883049697457
https://doi.org/10.1016/j.corsci.2024.112265,-1.53436191702956,1.0830963218130634,-1.1636517013262404,0.3235033558964182
https://doi.org/10.1016/j.corsci.2024.111845,0.7277570945939744,-1.7040673055765543,-0.30907885517386025,-0.9643044034706887
https://doi.org/10.1016/j.corsci.2024.111998,1.6746537613158565,-1.7853507398854518,-1.0262190961843072,1.0519236358245856
https://doi.org/10.1016/j.corsci.2024.112179,-1.0248198799125796,-0.40177837299119307,-0.6805679212370964,-1.5775688551921363
https://doi.org/10.1016/j.corsci.2024.112333,-1.7760144310762234,0.16210787770472831,-1.5238629930786638,0.050180176253387075
https://doi.org/10.1016/j.corsci.2024.112429,-1.0303697138717398,-1.2540936369446438,1.218551427839659,-0.5000969686145993
https://doi.org/10.1016/j.corsci.2024.112462,0.600611269077463,0.5736538262002784,1.7557485040563685,0.9589806603809462
https://doi.org/10.1016/j.corsci.2024.112513,-0.43679309769441155,-0.6694942939394307,-1.0958992001099497,-1.4335284111940019
https://doi.org/10.1016/j.corsci.2024.112565,-0.03323338089318035,-0.8710308421325372,2.376478833902894,-1.0919493964284053
https://doi.org/10.1016/j.corsci.2024.112485,-0.753388175894447,-2.017262043067058,-0.9753860961118641,-0.5630884300357203
https://doi.org/10.1016/j.corsci.2024.112472,0.04548856583723246,1.6441241119170824,0.3469100333978855,0.155249483926246
https://doi.org/10.1016/j.corsci.2024.111955,-0.41935836462878107,1.291763051525462,-0.8541629872934418,-0.8176785291435575
https://doi.org/10.1016/j.corsci.2024.111937,0.19593104298998268,0.2182732137732306,0.49994576979158534,2.158073375146437
https://doi.org/10.1016/j.corsci.2024.111954,2.3415171213693955,0.9347117627808493,1.3977879093966552,-0.45572997183665753
https://doi.org/10.1016/j.corsci.2024.112027,-0.13404434229834186,-1.2943266457739069,-1.3029708066711048,0.024300271254548415
https://doi.org/10.1016/j.corsci.2024.112061,-0.27653696359777974,-0.9727005249642111,-1.5506118434127365,-1.2409956173405496
https://doi.org/10.1016/j.corsci.2024.112261,0.6719733476849655,-0.36659131389475397,0.15254091575973402,2.8409567784680303
https://doi.org/10.1016/j.corsci.2024.112451,-0.2757819526008783,1.231261377727194,-0.1389703507047373,-0.8075897875402942
https://doi.org/10.1016/j.corsci.2024.112605,-0.4199670285196683,-0.7265064393949324,0.6412439434512823,-1.3612498270640558
https://doi.org/10.1016/j.corsci.2024.112284,1.3027909629734324,0.39868633896623196,-0.4711838599549532,-1.456641324064059
https://doi.org/10.1016/j.corsci.2024.112045,0.6265395828193691,-0.40589531637486354,4.531655463448087,-0.398763147041012
https://doi.org/10.1016/j.corsci.2024.112115,-2.08196178969812,-1.166298396698328,0.014045875803162156,-1.1336542964716758
https://doi.org/10.1016/j.corsci.2024.112212,1.7065892702585084,-2.0434729452974225,-0.1875750056271159,0.23901886982817838
https://doi.org/10.1016/j.corsci.2024.112270,0.20919643352602063,1.5837120490680765,-0.3319941667430308,0.4292256564545213
https://doi.org/10.1016/j.corsci.2024.112318,0.7266640878175293,1.6315250082027204,-0.7187986639415915,0.7093526371695095
https://doi.org/10.1016/j.corsci.2024.112410,-0.024429885647758994,-0.6869909393721367,-0.8755571230952062,-0.8927924658871295
https://doi.org/10.1016/j.corsci.2024.112604,-1.4608636462410414,0.19625587484556895,0.878025690073677,0.24784723135635656
https://doi.org/10.1016/j.corsci.2024.111909,0.9527282114764439,0.5664047669509799,-1.9372640080715662,0.2501201655073963
https://doi.org/10.1016/j.corsci.2024.112090,0.34486701401861625,-0.7498795466707466,-0.6808055805057063,-0.17870240470638643
https://doi.org/10.1016/j.corsci.2024.112056,-1.3816723759666227,-0.4769881267181136,-0.11712764944258021,-0.5805083155562517
https://doi.org/10.1016/j.corsci.2024.112149,-0.34599064881597064,-0.7376815463625892,-0.25106780894334496,-1.5200138925766187
https://doi.org/10.1016/j.corsci.2024.112518,0.35107139812213506,0.1653783928853013,0.37379856017331403,0.9548419138033564
https://doi.org/10.1016/j.corsci.2024.112423,-1.1550259407010952,-0.8066452651719266,-0.17125536857143786,0.9352680848363196
https://doi.org/10.1016/j.corsci.2024.112122,0.060623766257384644,-0.9514891658874219,1.330358057450011,0.7188472180622804
https://doi.org/10.1016/j.corsci.2024.111843,-0.9979563898517897,-0.8911992806447651,-1.2886038034228187,0.07244536963073653
https://doi.org/10.1016/j.corsci.2024.112668,-0.2834562899569224,0.4250195925383122,0.05197913234216431,-1.0124077986301312
https://doi.org/10.1016/j.corsci.2024.112175,-0.7598625965908434,-1.964501123072058,-1.0572825751955872,0.2277689223567665
https://doi.org/10.1016/j.corsci.2024.112361,-1.1112020990419456,-0.6675203669947206,-1.2781151816320548,-1.170870085949004
https://doi.org/10.1016/j.corsci.2024.112420,-0.26516677553390994,-1.8190938743938716,1.4662944933705968,3.971663428815502
https://doi.org/10.1016/j.corsci.2024.112496,-0.5328186166907668,-0.05824279156146788,0.7932482824333443,0.41472895142725047
https://doi.org/10.1016/j.corsci.2024.112476,0.8776617429603123,-0.2890793496519457,0.036124008921823915,-0.9458237054031822
https://doi.org/10.1016/j.corsci.2024.112473,-0.1969211440811358,-1.4448060022404423,0.7225772116348983,0.018617523324970894
https://doi.org/10.1016/j.corsci.2024.112545,-0.6156308885086815,-1.5533484113821874,-0.9504561854268825,-1.7143135431261962
https://doi.org/10.3390/cmd5020013,0.28019238551383074,-0.7572410675169605,1.403123066672803,-0.5471462179460475
https://doi.org/10.3390/cmd5020007,0.7660185701219286,-1.0984837127566278,1.2716647665429164,-0.20063986637776732
https://doi.org/10.3390/cmd5020008,-0.9985181425296921,-0.5975613205922035,0.598502896455142,-1.0289653189636487
https://doi.org/10.3390/cmd5040031,1.8609277557975656,-0.6631995133398719,-0.6711959609408469,0.8320431526492101
https://doi.org/10.3390/cmd5040023,-1.0566864272625711,0.04846386877638359,-0.21105022350151462,0.0012208880177493845
https://doi.org/10.3390/cmd5010002,0.42018392519341746,-0.05153153690527122,0.0788400960124027,0.8279399766136406
https://doi.org/10.3390/cmd5040024,-0.20058674062065698,-0.8867187245886741,0.13076161039907558,-0.4906760469382449
https://doi.org/10.3390/cmd5020012,0.7886782547857245,-0.7825638489179281,0.4527794738587747,1.0858590199539089
https://doi.org/10.3390/cmd5030015,-0.024231446326666257,-1.1996504496190434,-0.843156965146692,-0.5248274585652677
https://doi.org/10.3390/cmd5020009,-0.48025126333433166,-1.636600839060541,-0.07944601587481223,-0.08529942847175623
https://doi.org/10.3390/cmd5030019,-0.609571401721922,-0.6059211453503673,-1.2398129544075096,0.08529457354616546
https://doi.org/10.3390/cmd5040022,-0.1880606325080668,-0.7966364825183422,0.9091156783921849,-0.5548267195346417
https://doi.org/10.3390/cmd5040026,0.7190460317169892,1.0125589322310817,-0.7220365591245386,-1.4272351734258901
https://doi.org/10.3390/cmd5030017,-0.684396566410954,1.8411916804123112,-0.1867598268264885,0.04244842930559202
https://doi.org/10.3390/cmd5040025,2.2953287771236246,0.6862091021563864,1.0850830302686614,-0.8375172308402836
https://doi.org/10.3390/cmd5010006,-1.8189430177561572,-0.7847001668665212,1.2143352747431302,-1.316527223647621
https://doi.org/10.3390/cmd5010003,-0.32666381147912515,-0.34537740112544146,0.8736700305464515,-0.7034137421437521
https://doi.org/10.3390/cmd5010004,-0.05822708669848411,0.2857229890863878,1.1773071033330629,-0.3282698358015603
https://doi.org/10.3390/cmd5040029,0.7765109738395617,-1.2286600655660815,1.401420016454885,0.7736907620444383
https://doi.org/10.3390/cmd5010005,-0.4483225300679073,1.031513096276407,-0.45451068001991324,0.1796843367830584
https://doi.org/10.3390/cmd5020011,0.3322753635493316,-0.8719424099202078,0.20736073635691088,0.20740907554349752
https://doi.org/10.3390/cmd5030016,0.8032785891492533,0.9753972435147511,-0.9430964439393064,0.3050694159457036
https://doi.org/10.3390/cmd5040020,0.1398506224514834,-1.7201354661622064,-0.1703820995952191,2.8582145094816065
https://doi.org/10.3390/cmd5030014,-0.4962339544770397,1.1645465376889137,0.5079612619070122,0.83924071008998
https://doi.org/10.3390/cmd5010001,0.25218493202191244,0.1389200730181533,1.1987426506937569,-0.4257445630708235
https://doi.org/10.3390/cmd5020010,0.16264303569144148,-0.22672049665090216,0.01999386126610538,0.7157349439524798
https://doi.org/10.3390/cmd5030018,0.6000441167612727,0.5437745954481052,2.0947230805998176,-0.1112113969161207
https://doi.org/10.3390/cmd5040021,-0.14064838741834226,-0.31938238519748696,1.512600686035671,-0.10217917450045039
https://doi.org/10.3390/cmd5040027,0.5434250846547628,-1.0357492474248557,-0.25680423056337415,0.18349363937752564
https://doi.org/10.3390/cmd5040028,-1.7740660855071677,0.30930216380743897,0.29007305642234554,-0.35841860983530427
https://doi.org/10.3390/cmd5040030,-1.1170253919903232,-1.4247487042367746,0.25392361650061235,2.3839911265418436
https://doi.org/10.3390/cmd6010001,0.9131359226901316,0.038269539762984785,-0.8434751044894864,-0.19030078766994302
https://doi.org/10.3390/cmd6010002,0.06641355785623126,-1.4816386033394577,-0.18879141724917328,-1.2279895560129086
https://doi.org/10.1002/maco.202314050,2.7249744357495986,-1.2355379321600928,2.678222425205539,-1.0197116564664581
https://doi.org/10.1002/maco.202313975,2.634774199165316,-0.11032273859761167,-0.10410263328751052,-0.5833938707943943
https://doi.org/10.1002/maco.202314201,0.13368348076266814,-1.4688139217123168,0.10897483496560452,-0.12776801304803606
https://doi.org/10.1002/maco.202414625,2.1007341726000233,-1.0189839930807403,0.6812475483008714,0.430440077216836
https://doi.org/10.1002/maco.202414557,3.0618739822511065,-1.8721321644547617,-0.9692191198645382,-0.6754416859818492
https://doi.org/10.1002/maco.202313977,-0.8516326264245793,1.1733876250561217,0.3209636419413861,1.934527228444016
https://doi.org/10.1002/maco.202414320,-0.6622701240437754,0.34885063912387554,-0.6785710179615951,-0.30655369243994723
https://doi.org/10.1002/maco.202314162,0.7628568900869475,-0.8407489647453976,-0.14723102147687953,-0.8528671905227462
https://doi.org/10.1002/maco.202314187,-0.23227876449105217,-1.9024294406989197,-1.246169017735254,-0.2828612096453157
https://doi.org/10.1002/maco.202414308,0.6465986448276605,-0.9427469697132727,-0.8493135959605019,-0.22365119358436175
https://doi.org/10.1002/maco.202414664,0.2166219302629718,-1.259689422897213,-1.0845526402196928,-0.2938860293774327
https://doi.org/10.1002/maco.202314209,-0.7538613192405313,0.24912267867557167,-0.12178460693993338,0.3804494861524712
https://doi.org/10.1002/maco.202313970,-0.4093046299258552,-1.5837063984558928,-0.48566454905691153,-0.9828741698149867
https://doi.org/10.1002/maco.202314244,-0.4811209412981598,1.804072984238055,-0.4733750737014882,0.35831673751909937
https://doi.org/10.1002/maco.202414607,0.8344976349026614,-0.5966942656644979,-0.617618415550013,-0.05969793248537291
https://doi.org/10.1002/maco.202414705,-0.6644549584359303,-1.138886729765647,-1.0752700403282611,-1.755010716042885
https://doi.org/10.1002/maco.202314253,1.4667742903195053,0.3968404705027572,-1.8786123216486155,-0.8361146749014794
https://doi.org/10.1002/maco.202414334,0.9148266550865376,1.2651470758664625,-0.6860012359071131,-1.2818888464954779
https://doi.org/10.1002/maco.202414510,-0.4036209731828927,0.5209789438304783,0.33322248486631545,-0.7774011447542248
https://doi.org/10.1002/maco.202314240,1.0488133682492216,-0.6032689991478641,-0.5410640637451598,-0.45139255839395187
https://doi.org/10.1002/maco.202414378,0.9409401275691056,0.008795221069983641,0.6986190474962343,-0.6380547510467565
https://doi.org/10.1002/maco.202414278,0.4789307456333684,-1.4278172659941057,-0.8463776848469212,-0.10570287544068363
https://doi.org/10.1002/maco.202414624,-0.5853638593945606,0.7718884696670304,-0.9257062684935949,1.9645194545709235
https://doi.org/10.1002/maco.202414272,1.6836777961274638,0.20977596626235454,0.6143724882847093,0.0191522790108027
https://doi.org/10.1002/maco.202314030,1.7882023941000549,-0.5194910831294424,-0.5726870877991318,-0.9611093750143709
https://doi.org/10.1002/maco.202414369,-0.8317975989783711,-1.4786038313595993,-0.4444296522245544,-0.9159448428110646
https://doi.org/10.1002/maco.202414430,-1.7134082116641782,-1.0073780656140432,-0.1520538865933551,-0.5269652300161216
https://doi.org/10.1002/maco.202414474,-1.6194012600466576,-0.6697215872622903,0.3860041137839007,-0.31205488421082883
https://doi.org/10.1002/maco.202314032,-0.2836810580053386,-0.03953012992578041,-1.3112759627675648,-0.901572860709112
https://doi.org/10.1002/maco.202414362,-1.8345961060685323,1.0368709024267633,-1.535779753301462,-0.7335458669107012
https://doi.org/10.1002/maco.202414492,-0.5729637809171124,-0.09685570250984266,-0.6753780650828011,0.34214386018959486
https://doi.org/10.1002/maco.202314077,-1.5724249272048068,-0.7253917291480525,-0.34411563790858785,-0.31964548654166836
https://doi.org/10.1002/maco.202314111,-0.6076123424645846,-0.14138644175118112,-1.1584913147062694,0.2685374670816425
https://doi.org/10.1002/maco.202414391,1.092042492889178,-1.5585666745189968,-0.6116704388604506,-0.33846428846910104
https://doi.org/10.1002/maco.202414601,0.1520800622275822,-1.8516352100236637,-0.11173215721598848,1.9984635513214815
https://doi.org/10.1002/maco.202414513,0.20194539393016417,-0.02075237744669433,0.13971836900400708,-0.7545397723925422
https://doi.org/10.1002/maco.202414681,-0.4536706397049872,-0.008136621902217799,-0.43379345276502873,-0.07224712954597627
https://doi.org/10.1002/maco.202414279,-1.7220375847169929,0.6718016900414219,-1.3082259549421025,-0.3045397156594598
https://doi.org/10.1002/maco.202414622,0.6819033607333908,-2.065087639582395,2.0488986380195358,-1.1373656549060012
https://doi.org/10.1002/maco.202314026,-1.0119274039195818,-1.6253690466133204,-1.7134412494392204,-0.22440787449562022
https://doi.org/10.1002/maco.202414529,0.7882608526193101,1.0187144358339129,-0.07385208678579654,0.01882233427604843
https://doi.org/10.1002/maco.202314229,-1.6232961974348115,0.21489521208249357,0.12676867313202467,-1.4173955157289875
https://doi.org/10.1002/maco.202414562,-0.12153832203246531,1.221906045068669,0.8657888084298258,1.9250416395301426
https://doi.org/10.1002/maco.202314135,0.26283341023092827,0.8625581010594998,-0.6556857461726311,1.0663710811024196
https://doi.org/10.1002/maco.202414280,0.11472460141550725,-1.898375832599976,-0.9424303874007564,3.055579775822882
https://doi.org/10.1002/maco.202414336,0.16796419146558836,-0.21762871562209193,1.0270641973990562,1.4711164435180406
https://doi.org/10.1002/maco.202314174,-1.423629138404278,-0.5141974010041763,-0.0564113802778288,-0.5033702873095148
https://doi.org/10.1002/maco.202414357,-0.4229466070521203,-1.2525886564456574,-1.16904934971204,0.09506519742569816
https://doi.org/10.1002/maco.202414392,-0.3270261323470696,-1.8533880324175225,-1.0921103970269308,0.29918172555973965
https://doi.org/10.1002/maco.202314125,1.2692834766931649,0.9923875747391384,0.20765615214948502,-0.7463741471699932
https://doi.org/10.1002/maco.202314081,0.5345452824327165,1.7906031591328162,-0.44246733825732254,-0.4510423002362936
https://doi.org/10.1002/maco.202313999,-0.4129334449088336,1.311223362613376,0.7225672343748776,1.8837944434399463
https://doi.org/10.1002/maco.202414361,-0.6834535030129849,-0.2910015579469396,0.5140702842816688,-0.3046807425138017
https://doi.org/10.1002/maco.202414420,1.972263915104702,0.523374750645922,-0.8817138597533226,0.2995309975080804
https://doi.org/10.1002/maco.202414451,1.4385395329929347,0.9532594541679148,1.613031686486568,2.3174431245981357
https://doi.org/10.1002/maco.202414456,0.11373321219237154,0.5498104339547571,-0.9016886657563958,1.328576510100793
https://doi.org/10.1002/maco.202314097,-0.5235043108457121,0.5549929662076315,-1.399026055630682,-0.41385579661090205
https://doi.org/10.1002/maco.202414322,1.436519736710387,-0.6054107253924031,-0.9040611778810518,-0.6336193273040434
https://doi.org/10.1002/maco.202314245,1.7919950626339003,1.332844419126535,-0.556291821099792,-0.25298696244052393
https://doi.org/10.1002/maco.202414491,-0.5861431933613788,1.0250395075353462,-0.5430533509848485,-0.9058950526356991
https://doi.org/10.1002/maco.202414621,-0.1329469556109361,-1.3202224616072804,-0.8205612607920414,-0.45373432674022685
https://doi.org/10.1002/maco.202414499,-0.8904023212789794,-0.4434596186048922,-0.021480396990653496,-0.9917019109781544
https://doi.org/10.1002/maco.202314107,-1.3204823675547375,-0.5720329333093925,1.1619921217990428,-1.4080038363124812
https://doi.org/10.1002/maco.202314006,-0.15697966627478438,-1.3294573463793724,0.1384798788314303,-1.4124040026203664
https://doi.org/10.1002/maco.202314185,-1.7600641697410941,1.0026305502071977,-0.4992619655413741,0.02002038412116104
https://doi.org/10.1002/maco.202313993,-0.1209200699449527,-1.8670184404057744,0.2583616057012797,0.8591819950878898
https://doi.org/10.1002/maco.202314227,0.9970575370745347,0.44030031352391374,-0.31131676269529135,-0.034485406450483806
https://doi.org/10.1002/maco.202414389,-0.6917646196546241,-1.6790220429336937,1.917126194758356,0.992718502097631
https://doi.org/10.1002/maco.202414521,-0.4001857141111937,0.7177329921625525,1.062584863374333,1.440108714678069
https://doi.org/10.1002/maco.202414438,-0.6188984412590346,0.16205891251176274,-0.7842027752131576,0.089175842245174
https://doi.org/10.1002/maco.202414516,-0.49096934669683434,0.5976075881515863,2.6624224956635536,-0.28163323896876896
https://doi.org/10.1002/maco.202414546,0.8456311046478435,-0.7255232713946046,2.29271401009251,0.8124476086549538
https://doi.org/10.1002/maco.202414559,0.6275996933906718,-0.8031988141363484,2.755201986796189,2.3005050805403227
https://doi.org/10.1002/maco.202414543,-1.5545350510899287,-0.18722860062502036,-1.2940103904553961,-1.3344349902324897
https://doi.org/10.1002/maco.202414581,-0.2193394633505586,-1.4116766686712632,0.2828254530814454,1.1072372841442368
https://doi.org/10.1002/maco.202414399,-1.2061362219003877,1.1618303050113266,-0.7262483415352159,-0.8070024368551779
https://doi.org/10.1002/maco.202414355,-1.0644639396319329,0.3473812166628181,-0.47123039272629474,-0.2625378133217775
https://doi.org/10.1002/maco.202314256,1.2241887921671997,-1.9459914202413124,1.1737890071434105,2.211751076662493
https://doi.org/10.1002/maco.202414580,0.961573313743542,-0.7681973964780271,0.5454471454090795,0.554032752586211
https://doi.org/10.1002/maco.202314214,0.7420782619356076,0.8935049849589316,-0.7729515412039026,-1.02367795133048
https://doi.org/10.1002/maco.202414292,-1.0429901918632578,-0.7256751417844046,-0.049257835309107816,0.41712142267175956
https://doi.org/10.1002/maco.202414346,0.07167457076579291,1.1521635881133454,-0.4756619511777862,1.4861676457599609
https://doi.org/10.1002/maco.202414367,-0.8905250371534402,-1.5751610822430868,-0.6616271718500977,0.06329842423369
https://doi.org/10.1002/maco.202414351,-2.3254723711922183,0.8090165939410375,0.7227469634985734,-0.9919775740458595
https://doi.org/10.1002/maco.202314178,0.7361647816261468,-1.282929573642369,-0.836671325114601,0.568664076561945
https://doi.org/10.1002/maco.202414302,1.2782229210771516,-1.8777706848397202,0.19217295139206791,1.8104658204368609
https://doi.org/10.1002/maco.202313948,0.7966950709033356,-1.3837213980405527,-0.5740248681584856,0.2484215857092381
https://doi.org/10.1002/maco.202414388,0.39188624013110585,-0.40511327682597736,-0.3069588648199269,-1.4532516834509581
https://doi.org/10.1002/maco.202414545,1.4287834758110451,-1.2082667616000649,-0.7188759723032982,0.23420153817712278
https://doi.org/10.1002/maco.202314266,-0.47890297351113853,-2.5974807384806287,0.6342377127890874,0.7762274055512352
https://doi.org/10.1002/maco.202414415,0.04933944211905719,-0.549220906348712,1.0222823487726982,0.3660629779957731
https://doi.org/10.1002/maco.202314224,-0.15753203911028874,2.0507012011010435,0.20416244177651086,1.3327310832724868
https://doi.org/10.1002/maco.202414503,0.28802267889325384,-1.8446640193462143,-0.03897768147775999,-0.5531793683007136
https://doi.org/10.1002/maco.202414469,1.8268569650661526,0.16985935528270615,0.6213580915910979,1.4461003470190752
https://doi.org/10.1002/maco.202414598,0.7207742899765985,-0.637062002135422,1.7686274984636232,0.051968823949866225
https://doi.org/10.1002/maco.202314252,1.600414950053673,-1.7499602275356438,-1.6581807344702209,-0.22596639462366042
https://doi.org/10.1002/maco.202314124,-0.7953177344187276,0.8383558103901775,-0.8165791990074891,-0.6961226736736496
https://doi.org/10.1002/maco.202314166,-0.8736279397844052,-0.7145810795554671,-0.16449298819727043,-0.6710570853803645
https://doi.org/10.1002/maco.202314257,-0.6231606380562492,0.12799873770173467,-0.14373915389338496,0.6682839039268339
https://doi.org/10.1002/maco.202414347,-0.33378576516737213,-0.4328629653100966,1.2112050082437287,0.1452492081384631
https://doi.org/10.1002/maco.202414418,-0.979737326399793,0.9444256140944538,0.5641976841436166,-0.24846513225449032
https://doi.org/10.1002/maco.202414299,-2.442364373912252,-1.2068224678110824,-0.65445904513457,-0.5821429767326414
https://doi.org/10.1002/maco.202414414,-0.24191526637602617,-0.6514143975147194,-0.7912739295718096,-1.1940655647477278
https://doi.org/10.1002/maco.202414525,-0.2702389639290636,-0.7968007127770504,-0.07694335856029227,2.3159593870910493
https://doi.org/10.1002/maco.202314212,-1.0984456002142102,0.026239251644613056,0.5828139899656241,1.7731724698066869
https://doi.org/10.1002/maco.202314159,1.2107050204546947,0.2294713099245484,0.37512255504242015,-1.1580708960102584
https://doi.org/10.1002/maco.202414354,-0.21280459123904374,0.7622357053644743,0.9592102662547018,0.35872685797415843
https://doi.org/10.1002/maco.202414447,0.006680928416250446,-0.6333460031408157,-1.3211316272715354,-1.7886502647649734
https://doi.org/10.1002/maco.202414331,-0.35053611436049514,0.3499310175600431,-0.936899775426108,0.06802787362309765
https://doi.org/10.1002/maco.202414506,-1.0221777963087615,0.6915410003696576,-1.6733521941428926,-0.9305319545076134
https://doi.org/10.1002/maco.202414432,-1.2737988918838234,1.4664054396999584,-0.12765386688846805,0.11322600687463108
https://doi.org/10.1002/maco.202414461,1.2011299202208618,0.7275782594409252,-0.44911947223407,0.8954222526431086
https://doi.org/10.1002/maco.202414674,-0.6229108323860099,1.3985641139642186,1.6911107323046046,-0.530474091581345
https://doi.org/10.1002/maco.202314215,-2.0011080013711795,-0.6733868674169733,0.21887286553152582,-0.05681490145528596
https://doi.org/10.1002/maco.202470011,-1.318413109843174,-0.15384756897087423,-0.9087364909631669,-1.362564982499266
https://doi.org/10.1002/maco.202470021,0.31403620194335624,-0.1262822002582094,-0.1421071210927159,0.23755277323979898
https://doi.org/10.1002/maco.202314203,-0.07885322865074401,0.4247039769356314,-0.0896660705502167,-0.36178336173233083
https://doi.org/10.1002/maco.202314271,-1.2833153065052738,0.7327347657772928,-0.6657947670206762,-0.5549742946065844
https://doi.org/10.1002/maco.202470031,-0.6040619608070072,0.4354644019970349,-1.1404861217360913,-1.230388384856317
https://doi.org/10.1002/maco.202314218,1.9603405507076423,0.1853153919557474,-0.054101206743506054,-0.7622604423809315
https://doi.org/10.1002/maco.202414291,-1.459591688233152,0.16723898785835495,-1.8505952232867207,-0.5653464769886847
https://doi.org/10.1002/maco.202470041,-0.7819078450033152,-0.39027963431545243,-0.3722877093702475,1.505150688306142
https://doi.org/10.1002/maco.202470051,-0.7695781876469076,-0.41743068690785695,-0.4954399931107064,-0.8828598621952806
https://doi.org/10.1002/maco.202414314,-1.5123142607734075,-0.7421650577237725,0.1547149360788759,-1.1666642184342744
https://doi.org/10.1002/maco.202470061,-1.0100563064112902,0.0542543076702658,0.12889742514469932,-0.5434587269760995
https://doi.org/10.1002/maco.202414483,-0.5037276118851146,0.42583948577431624,-0.8466180814577542,-0.023230800970936924
https://doi.org/10.1002/maco.202414380,0.34666069632080043,1.4700471639971648,3.210835296454054,0.6576040728241419
https://doi.org/10.1002/maco.202414453,-1.0525824302455176,-1.0006480152284014,-0.051310455226342803,0.6092623502807795
https://doi.org/10.1002/maco.202470071,-0.9587339712120876,-0.1736458421088296,0.6261075552938135,0.5836774415128867
https://doi.org/10.1002/maco.202414312,-0.41900635535009023,1.3958581181455825,0.011757293895738841,-0.5103164925779035
https://doi.org/10.1002/maco.202470081,-1.0372933536847704,-0.25609832802781396,0.891931514853779,1.5446289152915906
https://doi.org/10.1002/maco.202470091,-1.2827510909682704,0.7393051308770565,0.39674703783917487,-0.33327784985863856
https://doi.org/10.1002/maco.202414564,-1.234730677771045,-0.4435458678884749,2.3091976276098585,-1.0698519587060111
https://doi.org/10.1002/maco.202470101,-0.49425218520549224,0.9121808949267448,-0.5624959487587435,1.9500328658025725
https://doi.org/10.1002/maco.202470111,-0.1073734198520663,-0.8182771460539243,-1.8138250592929668,-0.8744218555236534
https://doi.org/10.1002/maco.202414502,-0.13691718791180527,-0.6841014516316807,0.9635739102264367,-0.9447323886231387
https://doi.org/10.1002/maco.202414612,1.8329347165530492,-0.3495730206743215,-0.3923770538699896,-0.04616057822292482
https://doi.org/10.1002/maco.202414477,-0.054403086975676605,1.4418023492313088,0.112420735859525,-0.49430395404176625
https://doi.org/10.1002/maco.202470115,-1.6071906589932197,-0.15282288815530357,-0.3688929887802659,-0.8489665929539385
https://doi.org/10.1002/maco.202414575,-1.0100002643968113,0.06789952262400911,-0.8802369559163108,-0.03686126377027489
https://doi.org/10.1002/maco.202414634,0.11735605806459519,-0.8491120688490642,-1.246568043777828,1.3182650066629193
https://doi.org/10.1108/acmm-09-2024-3085,1.3426613981758393,-1.5942477863167006,-0.5439911327335454,-0.35485619696340986
https://doi.org/10.1108/acmm-05-2025-3252,2.1723627508945325,-1.5071076679906157,-0.8204387082186065,-0.5125770681079391
https://doi.org/10.1108/acmm-10-2024-3114,0.45545535892206335,1.0489850463507226,-0.3452421918291133,-0.5713170812988215
https://doi.org/10.1108/acmm-11-2024-3133,1.3726444197134904,0.23099619055509923,-0.20472800703027388,0.0793644937933159
https://doi.org/10.1108/acmm-10-2024-3107,2.594132385676184,0.11659048833674707,-0.48142289472978234,-0.7398889473629013
https://doi.org/10.1108/acmm-07-2024-3043,1.6757572284058904,0.2301021968957158,0.15282676860718727,0.48983919027120626
https://doi.org/10.1108/acmm-08-2024-3079,0.6877094399446362,-0.1369717394145617,0.3216130477631659,0.15618740091157
https://doi.org/10.1108/acmm-01-2025-3158,1.91846966158769,0.5516020506280822,-0.8233285734273599,-1.2167540265683732
https://doi.org/10.1108/acmm-04-2025-3227,2.1459943527474032,0.4285084465224803,-0.8581428561102212,-1.3743087862807095
https://doi.org/10.1108/acmm-08-2024-3072,-0.044804594089595695,0.2446948096357561,0.9352476369469308,-0.7640732082033308
https://doi.org/10.1108/acmm-10-2024-3118,0.9083241368779945,-1.0455446404242046,-0.5315074691432299,-0.43244728980865277
https://doi.org/10.1108/acmm-07-2024-3049,1.0559582345851282,0.19580316337307235,-0.6362092879047824,0.6303312346851085
https://doi.org/10.1108/acmm-06-2025-3302,1.3758588337976656,0.9628304749158536,-0.3264197168184591,0.48285061342745506
https://doi.org/10.1108/acmm-12-2024-3142,2.1117589605335128,-1.0459800194075908,-1.0330544341143146,-1.0146372626724685
https://doi.org/10.1108/acmm-12-2024-3155,-0.409295347242918,-1.0870063957659533,-0.0715834775145944,-0.9076879881372426
https://doi.org/10.1108/acmm-12-2024-3144,0.6695469968225014,0.20790401314631551,-0.884940392368163,-0.31687410092360363
https://doi.org/10.1108/acmm-08-2024-3065,-0.796124650459182,0.07007778518858068,1.250103143635627,0.03570826713515963
https://doi.org/10.1108/acmm-02-2025-3192,0.9913836639927146,0.09669933793357878,-1.2077309416171815,-0.4310484035724926
https://doi.org/10.1108/acmm-03-2024-2979,-0.735724061951505,-0.4287616262951052,-1.1273790940039337,0.5318944231703439
https://doi.org/10.1108/acmm-07-2024-3061,0.6121494413585448,-0.5854993395009166,0.4463257289805087,0.5257428254656357
https://doi.org/10.1108/acmm-04-2025-3224,0.8700140102564681,-0.5679431933230452,-0.03171237270226084,-1.2437275168237545
https://doi.org/10.1108/acmm-12-2024-3149,0.8103465463363426,-1.3078508734944359,0.2706008790164131,-0.017716850034053152
https://doi.org/10.1108/acmm-11-2024-3127,0.9862542060838546,-0.9338477625621533,-1.311044980279621,-1.3091249007910482
https://doi.org/10.1108/acmm-08-2024-3082,2.094516044825246,-1.8808975487630346,1.0078645297630273,0.269249194250211
https://doi.org/10.1108/acmm-05-2025-3253,0.007966524909256664,0.3116708946449696,0.18875345702300347,-0.15025029239785404
https://doi.org/10.1108/acmm-07-2024-3056,0.11554754336569935,-1.5887016897533843,-0.16219864478763527,-0.8678510628642714
https://doi.org/10.1108/acmm-01-2025-3166,1.7509232191623019,0.9012318405433699,0.653316512634261,0.6799379861786685
https://doi.org/10.1108/acmm-09-2024-3097,1.7648272943853105,0.6839186836003769,-0.22340034660040814,-0.10625437129359923
https://doi.org/10.1108/acmm-03-2025-3209,1.0588377796492576,-0.1497304252257045,-0.23343961525756987,-0.0010562686357923983
https://doi.org/10.1108/acmm-09-2024-3093,1.9197160874559427,-0.547201240188345,-0.448413569081176,-0.9908615541350388
https://doi.org/10.1108/acmm-04-2024-3012,1.4871724562417412,-1.1806264841140535,-1.169199136499927,-0.9006962130839186
https://doi.org/10.1108/acmm-08-2024-3063,-0.13970947629857652,-1.3224558877168917,-1.0539252781913073,0.593113588804603
https://doi.org/10.1108/acmm-03-2025-3214,0.9430646947730974,0.04433293988511216,-0.49831850827182567,-0.20109930496515485
https://doi.org/10.1108/acmm-03-2025-3210,0.6650293699809592,0.48311672347321466,0.35534358213312395,0.7520336391244412
https://doi.org/10.1108/acmm-12-2024-3150,3.1043120963285484,-1.0596713818917847,-0.563944774891999,-1.4929843665945763
https://doi.org/10.1108/acmm-05-2025-3275,1.9264449768342224,-1.296667601887562,-1.4503803967372677,-0.6998747641387333
https://doi.org/10.1108/acmm-08-2025-3349,1.8317773361229797,-0.49892954474093104,-0.8352449767477823,-0.4092892888317768
https://doi.org/10.1108/acmm-06-2025-3306,2.0143439301905146,0.5675521517811631,-0.5925982683412758,-0.20844663266171323
https://doi.org/10.1108/acmm-06-2025-3312,-1.1099857293314859,-0.3803861239494004,-0.5749458859319302,-1.5200558749798165
https://doi.org/10.1108/acmm-03-2025-3203,0.6034566987044857,-0.3214718069298801,-0.49176517738409287,-0.47267842929875264
https://doi.org/10.1108/acmm-06-2024-3038,1.3086743443724167,0.6618582939624967,0.2600523827533411,-1.0374171277994073
https://doi.org/10.1108/acmm-02-2024-2973,-0.3225655845463743,-0.6107446597381677,-0.3620729972464954,-0.8552062763945039
https://doi.org/10.1108/acmm-03-2025-3206,2.58583574448428,-0.9337533592542782,-0.6114816784718962,-1.1346738943207588
https://doi.org/10.1108/acmm-02-2025-3181,0.20469859881914457,0.893313807986523,-0.5523643501232327,1.0116563049346488
https://doi.org/10.1108/acmm-04-2025-3229,1.648164032404744,-1.2120143300308939,-0.7299978650556057,-0.4099290147911691
https://doi.org/10.1108/acmm-04-2025-3233,1.3019767381597234,0.20001911282345894,0.4914493124815453,0.18329640838443853
https://doi.org/10.1108/acmm-03-2025-3212,0.14725732317322734,-0.7950477503866411,0.09375509039707276,0.723551206261826
https://doi.org/10.1108/acmm-03-2025-3216,2.797392353484118,0.7525378674387192,-0.18539505903118686,-1.3900356953593276
https://doi.org/10.1108/acmm-03-2025-3219,1.098797200821854,-0.7269797659465483,1.7291085017437386,-0.9623956488627359
https://doi.org/10.1108/acmm-02-2025-3183,0.41187177099689976,-0.33697898239857604,-0.488973514140159,-0.2897605797134192
https://doi.org/10.1108/acmm-03-2025-3205,2.475725617899309,-0.3900688319226456,-0.7716367171714479,-0.8400556217462837
https://doi.org/10.1108/acmm-10-2024-3121,2.1387512865163893,-1.1752509059180656,-0.4912183830296681,-0.5630863560720722
https://doi.org/10.1108/acmm-02-2025-3193,1.0106925436386367,-1.5983501924705832,-1.25072312115448,-1.1602866438084225
https://doi.org/10.1108/acmm-10-2024-3102,-0.1051544629921441,-0.7812895480108938,-1.5428551002600142,-0.9170697058131768
https://doi.org/10.1108/acmm-01-2025-3167,0.29472869503601273,0.3068782760775082,0.7059664472226652,0.16069606981324136
https://doi.org/10.1108/acmm-01-2025-3165,-0.4989813927623498,0.43035171900015273,0.35933565627117015,0.07098692003514309
https://doi.org/10.1108/acmm-04-2025-3231,2.0433138388371743,0.9882615721920385,0.6842455731873186,-1.0235938409970984
https://doi.org/10.1108/acmm-08-2025-3345,1.170654560650857,0.7607057792204945,-0.406239915021837,0.9334246826969324
https://doi.org/10.1108/acmm-10-2025-3426,1.6382339222064959,-0.14377866207334253,-0.5838267770677095,-0.5557675103838622
https://doi.org/10.1108/acmm-06-2025-3296,-0.9721910377007467,-0.1227475242933969,-0.419145524537197,-0.5081386221635685
https://doi.org/10.1108/acmm-09-2025-3395,0.3768369581168584,-0.46138630153950255,-0.7240788022302443,-1.171645642239584
https://doi.org/10.1108/acmm-02-2025-3187,1.126680785424272,-1.1376323090874776,-1.181183664739583,0.7069238998158287
https://doi.org/10.1108/acmm-01-2025-3163,0.7769345893399803,-0.205115614538553,-0.4344541961140963,0.01415124490766999
https://doi.org/10.1108/acmm-02-2025-3177,1.4472420963085901,0.5486675871541318,-0.2518999375366296,0.16690889034902454
https://doi.org/10.1108/acmm-11-2024-3137,0.19702197532176893,-0.4544092955673805,-1.1013609753402192,0.12863750466073026
https://doi.org/10.1108/acmm-10-2024-3125,1.4397740778199055,-1.1758773707504389,-0.3154613817657175,-0.20589342346525422
https://doi.org/10.1108/acmm-12-2024-3153,1.7053351664773315,-0.2410895363621935,0.4117512662402484,-1.2970424351087178
https://doi.org/10.1108/acmm-02-2025-3180,1.1137378764792065,-0.8271561494925072,-0.4816947045900824,0.1496043914371485
https://doi.org/10.1108/acmm-07-2024-3046,0.820400966762312,0.7968037770614976,-0.7611417974371338,-0.45389737683650105
https://doi.org/10.1108/acmm-12-2024-3139,1.3648097919155864,0.38294243538979483,0.23186216122237477,0.21226430391611317
https://doi.org/10.1108/acmm-10-2024-3104,0.5637045834360209,-1.3755122245237341,-0.3409883041293971,-0.6398684319481261
https://doi.org/10.1108/acmm-11-2024-3135,-0.13751802740416116,0.5629167335041473,-0.20215852074149637,0.12537041943240665
https://doi.org/10.1108/acmm-07-2025-010,-0.566513633461103,-2.6117745918597293,0.34084663010848043,-0.8579839183980918
https://doi.org/10.1108/acmm-02-2025-3173,0.5140753088073444,0.6677654901588568,-0.7475273864408134,-0.3941534105670537
https://doi.org/10.1108/acmm-01-2025-3170,1.254665490154112,0.1308319621733933,-0.043023986020515194,-1.238556767544837
https://doi.org/10.1108/acmm-04-2025-3230,1.2176726870721386,-0.9237356257178232,-0.6036382622047689,0.23371694122871134
https://doi.org/10.1108/acmm-02-2025-3178,0.30266973544516523,1.183807097967654,-0.14778038450366457,1.4380759648177546
https://doi.org/10.1108/acmm-04-2025-3225,2.049107307208029,-0.12893820083059368,-0.6532821862272525,-1.2048027703775703
https://doi.org/10.1108/acmm-04-2025-3236,1.1725083567275554,-0.2472285058681081,-0.45765580746922896,1.0207276878777884
https://doi.org/10.1108/acmm-03-2025-3204,-0.19446891490908533,-0.9950231329588309,-0.9714735961113904,-0.7269492145188281
https://doi.org/10.1108/acmm-02-2025-3174,3.260580147224011,-0.9577892341278362,-1.1906429202840045,-0.2946356529675525
https://doi.org/10.1108/acmm-12-2024-3157,0.4596790426223946,0.181251909577778,-0.5290016993882735,-0.21576490110898028
https://doi.org/10.1108/acmm-03-2025-3220,0.7867232312950155,-0.9518318692754001,-1.2114163987890685,0.4927860836655714
https://doi.org/10.1108/acmm-05-2025-3249,1.088622044630888,0.09930188054829545,-0.5118142505604293,-0.6847144276119576
https://doi.org/10.1108/acmm-06-2025-3288,0.5792567051738531,-0.2145726737432367,-0.8526880155369811,-0.6846103712488839
https://doi.org/10.1108/acmm-07-2025-3317,1.0742854337822532,0.5296841163487531,-0.71670213787772,-0.850420863998451
https://doi.org/10.1108/acmm-02-2025-3189,1.917312895967199,-0.36105339088606986,1.0238606874585572,-0.027033306576424193
https://doi.org/10.1108/acmm-06-2025-3297,1.1155333250740567,-1.314632971426692,-0.4824831365889776,0.606143813319898
https://doi.org/10.1108/acmm-06-2025-3303,-0.13780601754683244,0.8426823497746186,-0.25577323841502114,-0.5559606660315294
https://doi.org/10.1108/acmm-06-2025-3298,-0.04172954395162227,0.33790506492647254,-0.06793697561731185,-0.39495411576429906
https://doi.org/10.1108/acmm-03-2025-3221,1.421223228241002,0.26987370585093595,-0.35875056222043034,0.46044176094891504
https://doi.org/10.1108/acmm-04-2025-3243,2.1394334394055985,0.49311616647521095,-0.484513198847162,-0.6693573407862716
https://doi.org/10.1108/acmm-05-2025-3266,-0.17015482406527038,-0.03449025568288029,0.09621057372286895,0.24781440974050217
https://doi.org/10.1108/acmm-07-2025-3334,1.3790791843158863,0.18102393996314448,-1.400630309253701,-1.4510345756102476
https://doi.org/10.1108/acmm-06-2025-3283,3.9680686676822896,-0.5210274892378688,-0.7848422573109883,-0.914318962594558
https://doi.org/10.1108/acmm-07-2025-3318,1.4888986573401375,-0.529118379485506,0.5482387768749221,-0.4524768120815295
https://doi.org/10.1108/acmm-09-2025-3401,1.4535468782578382,-0.8911232104491777,-0.8487346342112392,0.03488759703327298
https://doi.org/10.1108/acmm-06-2025-3299,0.20250584682215733,-0.47579757977100834,-1.1482065794291043,-1.052689268089417
https://doi.org/10.1108/acmm-06-2025-3310,1.5653262022220307,0.796012475258096,-0.33408258735635804,1.5484319825723962
https://doi.org/10.1108/acmm-08-2025-3344,1.4165989533045336,0.556945814191528,0.38009580281129624,0.13095091640119425
https://doi.org/10.1108/acmm-04-2025-3242,1.2960725238149702,-1.4732410229036539,-0.5398120974111495,0.5393567451060611
https://doi.org/10.1108/acmm-08-2025-3343,0.4146454642080901,0.553633112840148,-1.1570016340385747,-1.0899706516716454
https://doi.org/10.1108/acmm-09-2025-3383,0.8549688519406183,0.4921101115581282,0.182755068721367,-0.7942967382281001
https://doi.org/10.1108/acmm-10-2024-3105,0.6673869740741118,-0.8701480419395368,-1.1821831946934613,-0.8038125967290356
https://doi.org/10.1108/acmm-07-2025-3319,1.5190004286695848,-0.07824657418591902,0.6025171171017076,0.41854979577166734
https://doi.org/10.1108/acmm-07-2025-3324,1.471781318359994,-0.11718354282813796,-1.1770204165063538,-0.3684175321107543
https://doi.org/10.1108/acmm-07-2025-3320,0.5829657712790763,0.2843448520376803,-0.3680840932286144,0.3200218896152127
https://doi.org/10.1108/acmm-10-2025-3413,1.7157861536813874,0.44286085848512097,-0.810995271717881,-0.03374267890685054
https://doi.org/10.1108/acmm-07-2025-3327,2.7251123649964923,0.7737120710313221,-0.6411630477766199,-0.34904316561235627
https://doi.org/10.1108/acmm-05-2025-3276,1.991534848791155,-0.12791410588319654,-1.095245991879133,-0.6675845450816785
https://doi.org/10.1108/acmm-08-2025-3352,-0.4479523199339938,-1.234795237969014,-0.6323110381313587,5.1635316851032414e-05
https://doi.org/10.1108/acmm-06-2025-3290,0.3819010114208946,-0.6775033034042052,-0.42212891393004803,-0.07551656725434161
https://doi.org/10.5006/4620,-0.7314630659179572,0.5391540703942332,-0.9885200289744697,-0.018280314586694036
https://doi.org/10.5006/4674,0.025666776327184324,1.512087273510669,-1.0669949287825615,1.5514213661771432
https://doi.org/10.5006/4685,-2.4476542193122484,0.8249991817422219,-0.39513452755186634,-0.09045023057579371
https://doi.org/10.5006/4755,1.1310127481865946,-1.0354627765021867,1.2822910963678913,0.05091448458507602
https://doi.org/10.5006/4651,-1.1631428546326728,0.11127821173378973,0.8971419553917652,1.0321093895652056
https://doi.org/10.5006/4675,2.1075292270904984,1.724217148470396,2.5370462639591236,-0.6219759551604772
https://doi.org/10.5006/4771,-0.5099861985119337,-1.1126738485820555,-0.3323733128774233,-1.1794941601972426
https://doi.org/10.5006/4649,-0.28942796903942375,-0.7419847767090066,-0.7586408133663697,-0.894318601866692
https://doi.org/10.5006/4695,1.4244328019603036,0.3250142761970447,0.5237427677120093,-0.40816507354784504
https://doi.org/10.5006/4756,3.419578413819923,-1.0399356767299393,1.0250441348987402,-0.3852177121788428
https://doi.org/10.5006/4808,-0.6515317189297433,-0.7873850712953128,-0.031574823396639064,-0.6716711262321511
https://doi.org/10.5006/4731,0.1732963485580176,0.629806453405652,-1.168557078821037,-1.3459513488817236
https://doi.org/10.5006/4569,2.2062056125827407,0.8515530500326862,-0.0639342731495886,1.0549235879542131
https://doi.org/10.5006/4734,-0.11890690027746147,-1.232470805342187,-0.7098503007227875,-0.3085178860959144
https://doi.org/10.5006/4629,-0.4001346823074285,0.35964415682022777,-1.1784993230577028,-0.2462370086949346
https://doi.org/10.5006/4665,0.34860061188516883,-0.667564092698191,-0.9243510404152394,0.22805184205082404
https://doi.org/10.5006/4679,1.4395414916322584,-0.09746701301879329,1.4843804293806517,1.2865613737897508
https://doi.org/10.5006/4773,-0.017650467529352388,1.0989184892945096,0.12243622161870882,-0.011706883772334776
https://doi.org/10.5006/4612,-0.3297113952850145,1.5935850850317195,2.0434206540634294,-0.08615404815823798
https://doi.org/10.5006/4571,0.3852470250337296,0.20733375088548692,0.18982425376712533,0.1297852952718171
https://doi.org/10.5006/4711,-1.7559823890890878,-0.5432442193088711,0.05533616188891381,0.27725341588829017
https://doi.org/10.5006/4708,-0.3654695309136997,-0.4995975175819094,0.4823594470845284,0.14175812401982035
https://doi.org/10.5006/4656,-0.5824405201098471,-0.09751957477699877,-0.333381667605676,0.6387068828650229
https://doi.org/10.5006/4726,-0.7862460918562478,-0.060022788515064165,0.7819629323428201,-0.4608975635203744
https://doi.org/10.5006/4819,0.9188211867915964,-1.2057070370671732,-1.1615662726304823,-0.4930122285436496
https://doi.org/10.5006/4837,-0.20626968288440706,-1.5457471492047372,1.118433212184704,0.2621462253916038
https://doi.org/10.5006/4753,-0.4123063036942607,-1.6558875866906264,-2.0454105318364784,-0.8874015382427546
https://doi.org/10.5006/4749,1.2224142322294111,0.33599674974602106,-1.3053611436805717,0.4069325048120041
https://doi.org/10.5006/4752,0.44857947733547326,0.004434524043133714,0.49614441536698023,-0.1781665523467751
https://doi.org/10.5006/4801,1.5553438563456876,-0.15001457505717372,1.1719285512765079,1.307220757700326
https://doi.org/10.5006/4833,-0.7199603740412732,1.8458286693313974,1.1056309553748807,2.474447745273224
https://doi.org/10.5006/4342,-1.8418826627751925,-0.457592359402338,0.2669260547943208,-1.2583234111412156
https://doi.org/10.5006/4510,0.07261252077317504,0.826402845965338,-1.022609058655207,-0.13111674574287396
https://doi.org/10.5006/4666,-0.863474920660382,-1.5612451509081724,-0.5767754928571179,-0.3842523518685851
https://doi.org/10.5006/4688,0.5645349938238797,2.0848591562246837,-0.09924793873511886,0.5936001002119322
https://doi.org/10.5006/4888,0.7408649859561195,-1.2936059824146573,1.245309673043729,-0.4181483649309362
https://doi.org/10.5006/4710,-1.512046522558824,-1.067204960079359,1.6187272315673225,1.0451919473483362
https://doi.org/10.5006/4816,2.143335672303361,-0.6580399347472393,-0.4367266520071153,0.026649803087817787
https://doi.org/10.5006/4829,0.6396878672476319,0.15306452807541018,-0.54147896117463,1.253476938859461
https://doi.org/10.5006/4750,-0.6694437949586537,-0.725661617398906,-0.21897721641152088,-0.18273414912801553
https://doi.org/10.5006/4754,2.4628868981156367,-1.5518858671321996,0.2746336525873049,-0.09405091355742956
https://doi.org/10.5006/4658,-0.718344964306756,0.7470778204873993,-0.4453658623504627,-0.26494610595418355
https://doi.org/10.5006/4706,-1.2853300417615348,1.0517006284215218,-0.23619194327552825,0.06381896494863301
https://doi.org/10.5006/4686,0.7664391624937632,1.1002782735071786,-0.9241087389086814,-0.22977319995806897
https://doi.org/10.5006/4742,-0.9786734409606805,0.6909141706902178,-0.003921210949372035,-1.0229632656800156
https://doi.org/10.5006/4765,0.7262640130963947,0.9235666469255721,-1.0740730900022268,-0.10756462757767479
https://doi.org/10.5006/4748,0.3055285319901332,-0.580754471581691,0.2160184965376289,-0.4005787323381526
https://doi.org/10.5006/4728,-0.26392755656015227,0.37186325065654413,-1.22924260491217,-0.3758832472586628
https://doi.org/10.5006/4745,0.4237795396839291,-0.041386399043783634,-0.8500353853083694,0.8009351024046356
https://doi.org/10.5006/4766,0.5145682645859802,0.4724220831883397,-0.7837049970903005,0.6487983320904458
https://doi.org/10.5006/4636,-1.2232439417961798,0.0018961736133239337,-1.164138757264298,-0.9413793685009215
https://doi.org/10.5006/4568,0.7601977720351188,-0.006519204143893712,1.6248322187489235,0.9129711674997062
https://doi.org/10.5006/4641,1.9291545813233446,0.05722971252775559,-0.41274860768144217,2.0829385032259973
https://doi.org/10.5006/4664,0.5139510033427002,0.10103567660909765,-1.222040727111867,-0.42692505251068663
https://doi.org/10.5006/4662,-1.5671881628254998,-0.2708966545683906,1.6665274572820556,1.6441171839834352
https://doi.org/10.5006/4646,0.33150591254880496,-1.3452382368435485,-0.005961813809692984,-0.16879174278188064
https://doi.org/10.5006/4682,-0.13097073818904525,-1.2810748131620617,-1.5355602129280652,-1.0536949766647612
https://doi.org/10.5006/4692,-0.17603166464931255,-0.4002671035815177,0.33034829127884663,0.732577443074627
https://doi.org/10.5006/4677,-0.4493514487983195,0.14805721245968473,-1.0632123179221387,0.04314154633894988
https://doi.org/10.5006/4698,-0.9900318959891661,0.27992854758754315,1.7041967136695992,0.9415650049298119
https://doi.org/10.5006/4691,0.7061394420783285,-1.5028830024258082,0.04669302013637656,1.8700596060579824
https://doi.org/10.5006/4721,-0.4679786188195841,0.07478958364080275,1.0912802053003543,-0.3677442419963165
https://doi.org/10.5006/4739,0.5624532852105236,-0.9878108054748532,-0.5022233318415229,-0.061786165785772396
https://doi.org/10.5006/4737,-0.3471197326240005,-2.657541866265187,-0.31192393371368216,-1.3502338490124017
https://doi.org/10.5006/4740,-0.4517762428297501,0.37406349409962675,-0.7211778328469535,-0.957627945366037
https://doi.org/10.5006/4705,0.6109691022919775,1.0152763937582332,-0.8557018681350457,0.5082840935248717
https://doi.org/10.5006/4654,0.2800085338645639,0.8600237462960807,1.175618080866877,-1.9984642648929638
https://doi.org/10.5006/4723,-0.7987733474841074,0.4853208709747022,-1.5339351998459254,0.005145738071031031
https://doi.org/10.5006/4684,0.5133636518864774,0.9328211839194114,-1.0847785512390535,-0.34752000146780143
https://doi.org/10.5006/4760,-0.2746007152819764,-0.6782746727879914,-0.45488383806545274,-0.5746740583305148
https://doi.org/10.5006/4696,-0.4105403061261531,-1.4360526002577625,0.5334693334272917,-1.014653964942612
https://doi.org/10.5006/4802,2.699763561780135,0.9826672653929217,0.12741058702211178,1.4862639015242047
https://doi.org/10.5006/4796,-0.8164260280834293,1.2156080215197875,0.2080102881307188,0.8254063042727867
https://doi.org/10.5006/4786,-1.0922966695528034,0.36035775338894727,-0.6267640057564163,-0.43668640206028914
https://doi.org/10.5006/4764,0.5798698256723044,0.7648985170812449,-0.010737596516796493,0.5524740823559471
https://doi.org/10.5006/4762,0.6067886815738174,0.66538428331108,0.8701965584238468,0.4926182863402732
https://doi.org/10.5006/4787,2.2950864454810076,-0.7366713250061344,-1.783745974472553,-0.3718041896175692
https://doi.org/10.5006/4743,0.3717010046594222,0.5423820245118398,-0.43974982481305236,-0.3856495487577292
https://doi.org/10.5006/4780,-0.484759517340501,0.47343340570132153,-0.5513463603255961,-1.7303262219155722
https://doi.org/10.5006/4751,2.0626011107650903,0.05156014335735861,-0.7625353486212683,0.30896384626010304
https://doi.org/10.5006/4741,0.6847514819713454,0.4828122991027703,-0.3548215107243727,-0.6041630946545556
https://doi.org/10.5006/4637,-0.5833203373095093,0.09881222708800705,0.5918026290628295,-0.4718819795982626
https://doi.org/10.5006/4782,-0.40642430223313997,-0.4715205193120616,-0.6454586897228329,-0.8624603478908963
https://doi.org/10.5006/4730,-0.23346928342910778,-1.586980009346425,-1.747623312541532,-1.134188501924313
https://doi.org/10.5006/4858,-1.0718236148984623,-0.1351455370683548,0.92204649817746,0.4339304832945211
https://doi.org/10.5006/4761,0.09980742782007859,0.3639864188398695,-1.0559922066090568,-0.7056977671641536
https://doi.org/10.5006/4758,-0.2831382982525913,1.6415734821624115,-0.7015550025564016,0.515870440754475
https://doi.org/10.5006/4831,0.22252411595344912,0.8431386696046974,-0.48937294484331956,-0.10234931896884084
https://doi.org/10.5006/4792,0.4303821096550611,0.08050166768891927,-0.14449338913737106,-1.07320825586508
https://doi.org/10.5006/4876,-0.2654016669695741,-1.2402621995108847,-1.011396848528744,-1.0698196034629817
https://doi.org/10.5006/4799,-0.06208426026959431,1.1044908779018912,0.41730031461682077,-0.7262196156064804
https://doi.org/10.1177/1478422x251351692,1.3201834040387694,-1.2638031824107168,0.5427665025141549,0.41233325028176304
https://doi.org/10.1177/1478422x251314174,-0.3236461030160611,-0.5810788988951388,0.5397434255774768,0.7872894290680895
https://doi.org/10.1177/1478422x251316979,-0.9083292009201975,-0.5138912049655233,1.060514808995861,0.7227771555629388
https://doi.org/10.1177/1478422x251358291,0.19094788532686038,-1.4903877110492512,1.1483687999112262,0.7233300544612629
https://doi.org/10.1177/1478422x251358466,-0.14705835029265826,0.23450432995183967,-0.11191467711251471,-0.2943515351483859
https://doi.org/10.1177/1478422x251321923,-0.05439739896087131,-0.19296141349755844,-0.6269045386499824,0.3702980977473747
https://doi.org/10.1177/1478422x251348976,0.6065418750569721,0.11602087447506243,0.6756063358701795,-0.5657356616595742
https://doi.org/10.1177/1478422x251360180,-0.5479298125442811,-0.9478077190059188,-0.2110128632787282,-0.28822499722473416
https://doi.org/10.1177/1478422x241313050,0.15200244561020107,-0.6858643509572896,0.19152437413272785,0.8492341740752659
https://doi.org/10.1177/1478422x251370053,-0.26099302781738903,-0.3276350170025464,-1.6134762829727958,-1.0030247745143297
https://doi.org/10.1177/1478422x241307122,-0.8510062612501855,1.0042230408927328,-1.5903395133746803,-0.1689168713417956
https://doi.org/10.1177/1478422x251314175,1.9078024876195536,0.7700050813581414,-0.7477964253186068,0.17607655866848837
https://doi.org/10.1177/1478422x251338607,-1.1709608282299921,1.1923626160064975,0.12990488284479224,0.2748386919881892
https://doi.org/10.1177/1478422x241307512,0.6158527122506011,0.23301918055336762,-0.7406799141824842,-0.3303006436219791
https://doi.org/10.1177/1478422x251331408,1.380182829224007,0.3086342149013607,-2.374260808118263,2.238372962398023
https://doi.org/10.1177/1478422x251335822,-1.0558157132940185,0.3813127823140754,-0.8058591841267894,-0.9377364957714588
https://doi.org/10.1177/1478422x251342577,0.8735852289154153,0.5856643663395911,0.9397507634205615,1.864545539180394
https://doi.org/10.1177/1478422x251330033,-0.5563506352514801,-0.2519412031411555,-1.0610370673645793,0.8048893786143583
https://doi.org/10.1177/1478422x251347338,1.4952952262113093,-1.2957156168976967,0.9342901718096492,1.0906110042870496
https://doi.org/10.1177/1478422x251358002,0.6577130291179548,-0.6706067231139107,-0.5292795402181198,1.114603024213009
https://doi.org/10.1177/1478422x251365370,-0.7799433862323139,-0.977118103189455,-0.9311978311659703,-0.31380496485404097
https://doi.org/10.1177/1478422x251380402,-0.37901326283860076,0.9163253797155263,0.14468249417987702,-0.5052645302222716
https://doi.org/10.1177/1478422x251386990,-0.4311498659608105,0.8219970619178738,-1.2243094635589917,0.42810811617345607
https://doi.org/10.1177/1478422x251387524,4.2481333232767655,-1.544555224754278,-0.47039045524501205,-0.8719206679528585
https://doi.org/10.1177/1478422x251398913,2.202033263054688,0.41739861877632645,-0.4245703592946124,1.095825371082202
https://doi.org/10.1177/1478422x251396203,1.1161264702902807,-0.272154932382701,1.1104514149988507,-0.7476199138077716
https://doi.org/10.1177/1478422x251396197,0.8595854599579299,-1.367330991801513,1.2126104615995408,0.14360904040623518
https://doi.org/10.1177/1478422x251350823,1.4327676463641241,-1.3979842766614201,-0.7608715463697673,0.9244042363227486
https://doi.org/10.1177/1478422x241310067,-1.613311208863053,-1.0468875199028054,-0.42867512124207546,-0.8447942287906078
https://doi.org/10.1177/1478422x251338444,0.31881444312528656,1.0019702174420642,1.3980953443197142,1.8650768785749345
https://doi.org/10.1177/1478422x251345985,0.6099417384715112,-2.5510534818024433,-0.23903444565977022,-0.45191286878707493
https://doi.org/10.1177/1478422x251358463,0.7326663985258142,-0.6938216187598951,-0.052507348744032074,1.5689659037429171
https://doi.org/10.1177/1478422x251319152,1.3785013915255102,1.3675120520203745,-0.512062565256013,1.9874335036091302
https://doi.org/10.1177/1478422x251337561,-0.9955757650018818,0.7274711024066965,-0.0774783543193527,1.0398555515792982
https://doi.org/10.1177/1478422x251321938,0.017076019537365136,0.31673281555297406,-1.4839739154605192,-0.1930296814020496
https://doi.org/10.1177/1478422x251321934,0.588540563762604,0.5058852598739493,0.5569245135649736,0.9321988218838457
https://doi.org/10.1177/1478422x251344224,1.4181962774681562,-2.036373793221524,-0.33389501075009465,-1.5391301855580035
https://doi.org/10.1177/1478422x251352962,0.48358264382378474,0.7442392335031889,-0.8380621759917551,-0.4772376735555434
https://doi.org/10.1177/1478422x251356120,0.7070602078914772,-0.39406658923891336,0.14995076583309722,0.669434275781389
https://doi.org/10.1177/1478422x251379228,1.1343622893981073,-0.5627803051222273,0.4679028578222895,-0.12307027199320421
https://doi.org/10.1177/1478422x241310412,-0.5315072132046514,0.659874156911787,1.264627476684558,-0.6105405415696562
https://doi.org/10.1177/1478422x241311671,-0.15169098093612404,0.18019816562433863,-0.10932013895964922,-1.4746682950882393
https://doi.org/10.1177/1478422x251317806,1.0094055100077262,-0.5989257103272699,-1.272342776020778,-0.7303344219179821
https://doi.org/10.1177/1478422x251317314,-1.0540001238235173,-0.03538232521973628,-0.20160881693683785,0.4113486583078138
https://doi.org/10.1177/1478422x251321548,-0.007392682527496572,-1.0256865358193816,-0.20532620471535395,1.5810369378731204
https://doi.org/10.1177/1478422x251321942,0.9673715370807525,0.1031542716666356,-0.4124324133418234,0.9426193109310752
https://doi.org/10.1177/1478422x251335438,-0.09018022817226548,0.6196082916261895,-1.0501511800517789,-0.08349796750722291
https://doi.org/10.1177/1478422x251335439,-0.3886639566905718,-0.09919426092814015,1.0897559627409101,2.0714923589448815
https://doi.org/10.1177/1478422x251340712,-0.8458310746198807,0.8512966069822278,-0.7040331589578795,-0.7192244227267371
https://doi.org/10.1177/1478422x251342407,2.085156215346486,-1.9736108981551124,-0.608257917178389,0.6718054203355056
https://doi.org/10.1177/1478422x251345243,2.077727109436922,0.10543261598718998,-1.100256719569424,-0.6628214192493024
https://doi.org/10.1177/1478422x251321928,-0.6552815830304924,0.6999682012750388,0.09592453807786512,-0.20755540497191355
https://doi.org/10.1177/1478422x251345215,1.5607837823461264,-0.49062286000297356,-1.3403723205435487,0.3771254212866507
https://doi.org/10.1177/1478422x251330789,-0.8105210242456653,-1.1248141881480165,-0.7980989226660251,-0.03856041363028905
https://doi.org/10.1177/1478422x251345919,2.9738599498123124,-0.40278120498626374,-1.3901586219770885,-0.1889707144159543
https://doi.org/10.1177/1478422x251347357,-0.023571180145914552,-2.1401180832726463,-0.18841261747190532,-0.732197521870245
https://doi.org/10.1177/1478422x251348756,0.8400184342331751,0.4225318594230394,-1.0696342426454974,-0.35282679824252844
https://doi.org/10.1177/1478422x251356535,0.5665749339996585,-1.0704865757871458,-0.3113257387297813,-1.4057939091581237
https://doi.org/10.1177/1478422x251358647,-0.06289859221418287,0.3597988438036808,-1.4947826266886697,-0.07141988296730656
https://doi.org/10.1177/1478422x251358467,-0.7373851139354853,1.1527922936865955,-0.5843595240068172,-0.5017532672804431
https://doi.org/10.1177/1478422x251356126,0.9404731037683782,0.21533144665667828,-1.1114382024627338,-1.134909890965518
https://doi.org/10.1177/1478422x251367599,-0.9721546195096408,0.2450813115153864,-0.48856321558052035,2.489604392838876
https://doi.org/10.1177/1478422x251367484,1.9623131977707677,-1.0099900946800975,-0.9539928492691314,1.6085489211162824
https://doi.org/10.1177/1478422x251379226,1.1047412015510365,-0.8537237125141934,1.20886316812284,1.070670961082894
https://doi.org/10.1177/1478422x251378305,1.5170653978072692,-0.7556924529150408,-0.6244469995220661,-1.6024258985208646
https://doi.org/10.1177/1478422x251378549,1.8683166226487888,-0.2954654699115338,0.09690627942813579,0.9246381139657393
https://doi.org/10.1177/1478422x251380319,1.5275257041437054,0.12609526026088652,0.13331475731951095,-0.40863304991894234
https://doi.org/10.1177/1478422x251382724,1.6257225921763334,-1.5221098703212113,-0.22803431647210928,0.7625815482610784
https://doi.org/10.1177/1478422x251376903,0.928556934830977,-1.45562183458515,0.25152664860985874,0.7953561856406327
https://doi.org/10.1177/1478422x251376907,1.4168907319869153,-0.6035858689341759,1.1511934824150698,0.6399476087277759
https://doi.org/10.1177/1478422x251389038,0.570958417511306,-1.8316357272364507,-1.3219058280973945,0.4013499989377567
https://doi.org/10.1177/1478422x251389033,0.5812123558829375,1.1548880417794156,-1.2405234998272268,0.5293200785136238
https://doi.org/10.1177/1478422x251391237,0.8157125399853435,0.026168568714844707,0.16219457892692557,1.446754673773641
https://doi.org/10.1177/1478422x251396206,1.1542139565101668,-0.18895856437318553,0.23496220490638683,-0.35107105576577574
https://doi.org/10.1177/1478422x251396201,1.7427427558892628,-0.4095834758233519,0.2340057550932375,0.4011177053870514
https://doi.org/10.1177/1478422x251399710,1.6746663003801556,0.3495431256876464,-0.519672380933412,0.522496791871722
https://doi.org/10.1177/1478422x251401012,0.04912480246083087,0.9289383379202232,-0.23885605540826393,-0.5918748742059085
https://doi.org/10.1177/1478422x251405120,0.002721246100427814,0.4523686998911785,-0.1626807801809352,-0.432725308352292
https://doi.org/10.1177/1478422x251406725,-1.2191306334407772,0.6730049525874192,-0.7416730000936845,0.6876253570055875
https://doi.org/10.1177/1478422x251396700,0.7710110815010848,-0.7460285340264632,-1.8524187777453744,1.527979349886742
https://doi.org/10.1016/j.corsci.2025.112827,0.11209799952928595,1.067910701289218,4.1836111810644265,2.2456223731367717
https://doi.org/10.1016/j.corsci.2025.112971,-1.8469549926302056,-0.6164056141856504,-0.895763410483026,-1.9145307757839378
https://doi.org/10.1016/j.corsci.2025.112974,0.930447242018081,-1.7648037809401016,-1.0192534877766646,-0.871942522261342
https://doi.org/10.1016/j.corsci.2025.112707,0.13132579176046275,0.016085903308065225,-1.421127746737275,-0.1971061784607161
https://doi.org/10.1016/j.corsci.2025.112796,-0.2672483626452488,1.3518733796883882,-1.4371356261785726,-0.37410116865991055
https://doi.org/10.1016/j.corsci.2025.112947,-0.11972217346218274,-1.6982653633558273,-1.0631054126831874,-1.2921152978231711
https://doi.org/10.1016/j.corsci.2025.112812,0.92001945245012,-0.21745027917253723,-0.8746475294147,0.1266656682822926
https://doi.org/10.1016/j.corsci.2025.112943,1.284602674223374,-1.414312899206342,-1.2245558446496048,-0.6282784549354691
https://doi.org/10.1016/j.corsci.2025.113039,-0.2663824233422573,0.9496226205331363,-0.3243396415791007,0.022937058051821346
https://doi.org/10.1016/j.corsci.2025.112719,0.1404640031509387,1.371484814654203,-0.9421472760760603,0.41190328911019775
https://doi.org/10.1016/j.corsci.2025.112769,-1.4314540873914683,-0.6441763011011415,-0.9798461844630374,-0.7266523830235365
https://doi.org/10.1016/j.corsci.2025.112799,1.3159425921388195,1.169423165469232,-1.3212782956348157,-0.3255985700411719
https://doi.org/10.1016/j.corsci.2025.112950,1.3897770907734703,-0.5261087774711439,-0.8339470819516018,0.6381721832360261
https://doi.org/10.1016/j.corsci.2025.112987,0.3633126487767003,0.03832360600556177,-0.33904312055032687,0.09304498509525715
https://doi.org/10.1016/j.corsci.2025.112824,0.7994457836000917,-0.20671278513753333,0.20494595253920087,-1.3238035062836342
https://doi.org/10.1016/j.corsci.2025.112928,1.3840820520529395,0.46826949972002413,0.9565485391573052,0.309176860212411
https://doi.org/10.1016/j.corsci.2025.112938,-0.14012469017655135,0.4583857806424145,-0.1910371878104546,0.27185844563968903
https://doi.org/10.1016/j.corsci.2025.113063,0.8601986234717193,-1.5793465600151124,0.8783427073115952,-0.3299607348599108
https://doi.org/10.1016/j.corsci.2025.113171,0.006488995853926471,-1.6023939102018079,-0.5878927802049907,1.2078251307024799
https://doi.org/10.1016/j.corsci.2025.112849,-0.6550761707424241,-0.7014490086519253,-1.2623717447101415,-0.3636685591606901
https://doi.org/10.1016/j.corsci.2025.112911,-0.3856320063718766,-0.7149145173024422,-0.5509733944662173,-0.9186098105126022
https://doi.org/10.1016/j.corsci.2025.113167,-0.6585114913092344,0.5380529128757171,0.8713384747581295,0.8374397892011639
https://doi.org/10.1016/j.corsci.2025.112759,-1.8374304531786962,-0.05366152589255648,0.1440297568177169,0.16871267972177617
https://doi.org/10.1016/j.corsci.2025.113201,1.2165966512121391,0.18935581722288558,0.15954127382377745,1.8620373525894134
https://doi.org/10.1016/j.corsci.2025.113355,0.5863532586817485,-0.9236163975314174,-0.725910506594867,-0.3296299770469317
https://doi.org/10.1016/j.corsci.2025.112695,-0.901727632397243,-0.6049866427597718,-0.5447058885824293,-0.17386144918435636
https://doi.org/10.1016/j.corsci.2025.112939,-1.3635916781363215,0.8342687093229226,-0.6361391129840794,0.6409752581014332
https://doi.org/10.1016/j.corsci.2025.112985,-1.5898933643433708,1.3954474178321827,0.0725847200333713,-1.1539160076566017
https://doi.org/10.1016/j.corsci.2025.112800,-1.0443259711629667,0.51817515981872,-0.7799990493164929,-0.6201443052776926
https://doi.org/10.1016/j.corsci.2025.112960,-0.1880444302953208,0.1459576680041079,-1.9008391849371933,-0.09129817186361303
https://doi.org/10.1016/j.corsci.2025.113012,2.3510998134621506,-0.1102801263102409,-0.22185622239034147,0.4879973920794251
https://doi.org/10.1016/j.corsci.2025.113095,-1.3526612177556254,0.9734823384300333,-0.9173596597356904,0.9038775613191539
https://doi.org/10.1016/j.corsci.2025.112846,-1.0155653419829294,1.8918928692995847,0.5457301704951307,0.6670085593599084
https://doi.org/10.1016/j.corsci.2025.113080,-0.2801230203034014,-1.1115038724324788,1.3345506591774214,0.8927706631461546
https://doi.org/10.1016/j.corsci.2025.113142,-0.7340497155715773,-0.9336663116145261,-1.3304065361071298,-0.7977271221387723
https://doi.org/10.1016/j.corsci.2025.113321,0.2422099991992861,-1.5312518732896998,-1.4672537620545656,-1.349859120636935
https://doi.org/10.1016/j.corsci.2025.113015,-1.392733888609774,-1.5341327058780059,0.7109634312890565,0.021740361111004844
https://doi.org/10.1016/j.corsci.2025.112913,0.20683029044882106,-1.6740079463654178,-0.5531352076849946,0.1936368426404642
https://doi.org/10.1016/j.corsci.2025.113183,1.77801568674489,-0.9621957635993813,0.7478852805711669,1.6094538119429806
https://doi.org/10.1016/j.corsci.2025.112782,-0.16383033292313628,0.03944714153574353,1.2439124364561116,2.3360483832951644
https://doi.org/10.1016/j.corsci.2025.112844,-1.2656336607290009,-0.8204552027981568,-0.5163675555695271,1.0120570370216841
https://doi.org/10.1016/j.corsci.2025.112929,2.1095186806236983,-1.5282940558335072,0.3973990101282279,1.229601001956364
https://doi.org/10.1016/j.corsci.2025.112803,-0.24610945038526855,-1.0219406427025042,-0.9232192478568598,-0.7886571469014071
https://doi.org/10.1016/j.corsci.2025.113129,0.6487130416686873,0.7898211820115266,-0.15013661367277453,1.7043954655550695
https://doi.org/10.1016/j.corsci.2025.112851,-0.07252031286043123,-1.8234690330345225,0.4923779318751332,-0.9697082629785159
https://doi.org/10.1016/j.corsci.2025.112847,-0.88282403609065,-1.4483049104509549,-1.1946804720906719,-1.9697259617723735
https://doi.org/10.1016/j.corsci.2025.112924,-0.22584104110303715,-1.7680134513051917,0.7217903574829506,0.9537227403138554
https://doi.org/10.1016/j.corsci.2025.113027,-1.289500160217745,-0.8307120532670289,1.1767295732212075,1.6712690000029957
https://doi.org/10.1016/j.corsci.2025.113154,1.7163603039972941,-0.004086949895988731,0.3048521449579431,-0.34100635646167854
https://doi.org/10.1016/j.corsci.2025.112677,0.12270938406978664,1.4133981428639493,-0.6864624997994137,-0.7728666899068982
https://doi.org/10.1016/j.corsci.2025.112801,-0.3886273540304728,1.6552546839999607,1.4660339632104251,-0.22797067232608687
https://doi.org/10.1016/j.corsci.2025.112853,-0.23882893660381999,-1.0816244454646862,-0.23983371553160532,1.419342907890355
https://doi.org/10.1016/j.corsci.2025.112861,0.5026303666895161,-0.6132319552453218,2.29556743575227,-1.0932342842032465
https://doi.org/10.1016/j.corsci.2025.112896,-0.841484844389643,-0.7112381455532938,-1.275843582592968,-1.7141470421220208
https://doi.org/10.1016/j.corsci.2025.112932,-1.2965488771848341,-0.09870285254717906,-1.0339968326032234,-0.9678269492370963
https://doi.org/10.1016/j.corsci.2025.112967,-1.169758503886836,0.0063396036305246916,0.09153860708497351,0.4219506785464444
https://doi.org/10.1016/j.corsci.2025.113052,-0.9914976359610073,-0.219952278572672,0.22150225158308817,-0.4327553820245039
https://doi.org/10.1016/j.corsci.2025.113081,0.21775301410948666,0.4014168067390497,0.5004074731793346,1.1995871767819573
https://doi.org/10.1016/j.corsci.2025.113260,-0.7878346170780628,-0.5026662419368454,0.4413914737791153,-1.9892265991107858
https://doi.org/10.1016/j.corsci.2025.113241,0.33906583591493183,-0.3402995668048793,2.7953402948124535,0.3662745236193883
https://doi.org/10.1016/j.corsci.2025.112992,-1.088483954883279,-1.0196344234563994,-1.3125485516490598,-0.968277623586476
https://doi.org/10.1016/j.corsci.2025.112995,0.6124811110442565,-0.5815796851478923,-0.72472025516085,1.027992435224761
https://doi.org/10.1016/j.corsci.2025.113184,0.34986663317842415,-1.8839446133759488,-0.09594562673213466,0.3529682171451465
https://doi.org/10.1016/j.corsci.2025.113301,-0.012122148055783762,-1.0219239385515695,-1.2958791990965315,-1.2310223402370202
https://doi.org/10.1016/j.corsci.2025.113523,-0.23102354702355837,-0.9811437240489785,-1.922222788878328,-0.17293275556918525
https://doi.org/10.1016/j.corsci.2025.112741,-0.3351619369491782,-0.8948617030274191,-0.6446510717440175,-0.9475784373825248
https://doi.org/10.1016/j.corsci.2025.112860,0.24644498638475437,0.46536246697415834,-0.782053441012232,0.43753100765073577
https://doi.org/10.1016/j.corsci.2025.112878,-1.8155968112816299,1.3179699888425942,-0.226649808734592,-0.7028384798299501
https://doi.org/10.1016/j.corsci.2025.112909,-0.14999338635818654,-0.7252312950131854,0.8192304541143866,0.1442031072778691
https://doi.org/10.1016/j.corsci.2025.112903,0.8368129558769108,0.5046465052162248,1.7470602957681534,1.4955737842592864
https://doi.org/10.1016/j.corsci.2025.112965,0.30663240542491343,-1.2275218628153433,-0.8761110074987326,-1.494870671112976
https://doi.org/10.1016/j.corsci.2025.112999,0.3789219138382702,-2.034178100732348,1.4864535136740098,-0.7544656870216465
https://doi.org/10.1016/j.corsci.2025.113098,-0.10443326052357413,0.2422902986627745,0.23180717756140917,-0.48912533678884307
https://doi.org/10.1016/j.corsci.2025.113121,-0.7801008272264709,-0.47109344521100543,0.5657965829539379,1.0257450855748118
https://doi.org/10.1016/j.corsci.2025.113251,0.5587884075121096,-0.32481464813493005,-0.4908102598957407,-0.3399534618134974
https://doi.org/10.1016/j.corsci.2025.113319,0.5471883840582566,0.2627103220589177,-0.5692131480720489,0.43950019340389923
https://doi.org/10.1016/j.corsci.2025.113394,0.3548710946665428,-0.1883590184369936,-0.40690222934000364,-1.0313984539860102
https://doi.org/10.1016/j.corsci.2025.112745,0.7351061078574052,-0.03714509666273748,0.610949176818118,0.38904280412966286
https://doi.org/10.1016/j.corsci.2025.113023,-1.0894477971176841,1.187940815240945,-0.21378477526488973,1.7391754169907603
https://doi.org/10.1016/j.corsci.2025.113145,2.5027355073714657,-0.9639130693305924,-0.9895664338268065,0.03074843004946585
https://doi.org/10.1016/j.corsci.2025.113410,1.2261336786775043,-0.32037282771149167,-0.7523614147633205,-0.4771533583566083
https://doi.org/10.1016/j.corsci.2025.113539,0.2579138643867895,0.2246605126332153,0.1751992486175634,0.9711958085973592
https://doi.org/10.1016/j.corsci.2025.113561,0.46735389409821754,-1.2243236490185845,-0.8781005529358877,-0.8111390326990121
https://doi.org/10.1016/j.corsci.2025.113495,1.0870116760109694,-0.31872836319508796,-0.21603742899638023,-1.2111469872484901
https://doi.org/10.1016/j.corsci.2025.113282,0.4123669658752769,-0.9482216905615846,0.846576114144934,1.155732402653962
https://doi.org/10.1016/j.corsci.2025.113311,-1.8150119143092116,0.3398724842269171,-0.401026118381962,-0.009087657004359062
https://doi.org/10.1016/j.corsci.2025.113423,-0.6917751437778747,-1.3624371692273771,-0.1004489118819917,0.41605014597025997
https://doi.org/10.1016/j.corsci.2025.113505,-0.9682766969025008,-0.257473471233252,0.948552236105192,0.6178242541439714
https://doi.org/10.1016/j.corsci.2025.112951,-1.2720432565876427,0.08728654158355648,0.5513775520393795,-0.8184718038441624
https://doi.org/10.1016/j.corsci.2025.112930,-0.07647091412197884,1.7653654247260075,1.0069214559869908,1.755947345098334
https://doi.org/10.1016/j.corsci.2025.113029,1.3386816272215456,-1.461775105163436,-0.41562297792111375,0.41318101475605373
https://doi.org/10.1016/j.corsci.2025.113076,0.3470344841872935,0.7884515027197703,1.346321522021483,0.36214084071638986
https://doi.org/10.1016/j.corsci.2025.113146,0.9895683199560923,0.8815049358478183,1.0668449761139465,1.0671882853426413
https://doi.org/10.1016/j.corsci.2025.112843,0.38854614676147936,1.967261884610834,-0.6024459886541936,-1.2081984596384163
https://doi.org/10.1016/j.corsci.2025.112870,-1.2074662098244189,-1.5269421774662784,0.6970103064594135,-0.9567930507898207
https://doi.org/10.1016/j.corsci.2025.113267,-0.3332718929644842,-1.023857396712753,-0.36989926282138363,0.5418375472391409
https://doi.org/10.1016/j.corsci.2025.112691,0.5705391958896214,-1.1975394059305733,-0.08952460497711558,0.5299177608765215
https://doi.org/10.1016/j.corsci.2025.112897,1.1553361848431614,1.6674337846479879,-0.46478893413804295,0.3791657321006085
https://doi.org/10.1016/j.corsci.2025.112979,-1.1889225983907132,0.2047928000049617,0.11333290800045612,-0.23617119497244143
https://doi.org/10.1016/j.corsci.2025.113071,1.2854282385155982,0.8245622700230328,-0.32646680133380956,1.5602893437933412
https://doi.org/10.1016/j.corsci.2025.113149,-0.3879497107846015,0.7980758898516446,-0.4391696756436531,0.29103195489788936
https://doi.org/10.1016/j.corsci.2025.113186,0.6079267971680276,-0.22181843742813873,-0.2478047966242731,0.8139149893514307
https://doi.org/10.1016/j.corsci.2025.113212,-0.4376353099782001,-1.5903601648522843,0.2569218226770942,1.4839068921741938
https://doi.org/10.1016/j.corsci.2025.113398,-0.1405662075338098,-0.9373537626461889,0.08735796319420801,-0.03965049053358972
https://doi.org/10.1016/j.corsci.2025.113496,-0.4513338644083636,-0.3860516601555989,-0.7801249242041361,-0.23731038196895604
https://doi.org/10.1016/j.corsci.2025.113552,0.269198670278862,0.036321795847895945,-0.827822603406223,-0.24507249403547632
https://doi.org/10.1016/j.corsci.2025.113582,-0.4655776674195205,1.7099040714728087,0.8487261496261174,1.0945690133225532
https://doi.org/10.1016/j.corsci.2025.113587,-0.6436915975006392,0.040772271960504494,0.6187787429638486,-0.046984200046774595
https://doi.org/10.1016/j.corsci.2025.113104,0.12713352931036703,1.3902527992721332,-0.06807891328824504,-0.09496829558752386
https://doi.org/10.1016/j.corsci.2025.113409,2.326034838822184,0.1659029383781652,-1.0506482801749377,-0.40457360201930176
https://doi.org/10.1016/j.corsci.2025.113443,0.5988017781457633,-0.28064546680308516,0.9477802120703581,1.058219037556071
https://doi.org/10.1016/j.corsci.2025.113486,1.3134331436663302,1.3281842885632682,0.15476454646750926,0.5701890448828179
https://doi.org/10.1016/j.corsci.2025.112899,0.7943894402687611,-1.3198190947421062,-0.9356360408627077,-0.5388359667159244
https://doi.org/10.1016/j.corsci.2025.113290,-1.102299340647381,-1.0093133879269047,-1.8124752150215802,-1.2412240337265255
https://doi.org/10.1016/j.corsci.2025.113323,-1.3021033197662297,-1.844811567844279,1.543553818991886,-0.22722499161756166
https://doi.org/10.1016/j.corsci.2025.113417,0.012214993408617491,-1.0932554442319706,-0.36063013993211906,-0.7767976570394729
https://doi.org/10.1016/j.corsci.2025.113444,0.3380145423087918,0.11329941354770565,-0.1733305919904859,1.2789675920465506
https://doi.org/10.1016/j.corsci.2025.113457,0.5465563354356324,-1.6507079764197237,-1.1512954409622054,-0.47160074988596046
https://doi.org/10.1016/j.corsci.2025.113588,-1.1034679666124607,0.5506097109752692,-1.3445511489857038,-1.4608664998222674
https://doi.org/10.1016/j.corsci.2025.112933,-1.7195772717918238,0.10768615771212454,-1.126668191318366,-0.8300971233682918
https://doi.org/10.1016/j.corsci.2025.113386,0.6791358507619376,1.3057018071149833,-0.351866995892682,0.2976474301081886
https://doi.org/10.1016/j.corsci.2025.112869,-2.756962409304871,-0.054688419261348896,-0.8423499554040659,-1.2826256985930196
https://doi.org/10.1016/j.corsci.2025.112948,0.28495286064742187,-2.012652865802718,0.9664273605411426,0.5629327314182492
https://doi.org/10.1016/j.corsci.2025.112990,-0.16173249486879152,-0.692481755483684,-0.35806122489950654,-0.937815332406607
https://doi.org/10.1016/j.corsci.2025.112829,-0.2594179301819808,0.0016182507983713685,-1.0211570047571739,-1.015384564481042
https://doi.org/10.1016/j.corsci.2025.113175,-2.093746726437769,-1.1907265416360437,-0.5815160236265398,-0.7983117780254716
https://doi.org/10.1016/j.corsci.2025.113476,0.28555784884349333,1.2549295131243086,-1.102019401694671,-0.8198472933418759
https://doi.org/10.1016/j.corsci.2025.113521,-0.7943885758431599,0.7722368274044922,-0.4449627447892846,-0.041522235857986305
https://doi.org/10.1016/j.corsci.2025.113538,-0.36898392597771457,-0.17773305105331696,2.107690102492297,0.7159259527542041
https://doi.org/10.1016/j.corsci.2025.113554,2.4750636799169707,-0.6357589658840302,-0.1397606400748983,1.7610449490286224
https://doi.org/10.1016/j.corsci.2025.113575,-0.7246309321310754,-0.04384426876565995,-0.7402666319500087,-0.8099226299460932
https://doi.org/10.1016/j.corsci.2025.113577,-0.2858204225613683,-1.2577691782883398,-0.6458630744764705,-0.0070078355797497886
https://doi.org/10.3390/cmd6030038,3.3652818931465722,-1.1892361232969029,-0.4045246398595592,-0.631454380660863
https://doi.org/10.3390/cmd6030041,0.4473888502870976,-1.33324987955766,-0.294342506918377,1.1032393410704169
https://doi.org/10.3390/cmd6010006,-1.2922002017617609,0.49317345731449846,1.067988508100107,0.30499906592603226
https://doi.org/10.3390/cmd6020018,2.0316646640484852,-1.335446896825557,-0.00010375571568730095,-1.070005452836435
https://doi.org/10.3390/cmd6020020,-0.04294303707672873,-1.700120990251354,-0.12871375187586742,0.5491008801717737
https://doi.org/10.3390/cmd6020014,0.13359626269529448,-0.8883039432425768,0.35938506218497773,-1.7116873217142194
https://doi.org/10.3390/cmd6030037,3.132725662581799,-1.5814795933074093,0.7227808341608559,0.28523388816256556
https://doi.org/10.3390/cmd6010009,0.7973684263508346,-1.5172699953184658,-0.014286174760903417,0.3551330284620689
https://doi.org/10.3390/cmd6020015,0.03129627868580096,0.8461053622653173,0.4564266158641268,-0.6324308053837268
https://doi.org/10.3390/cmd6020026,0.2779221592055141,0.40320574808919707,1.5412131493163794,1.254868490967839
https://doi.org/10.3390/cmd6040046,-0.2571312623636938,-0.3174974792371482,0.8621044777989297,1.1522595915534504
https://doi.org/10.3390/cmd6040051,-0.4196584163719294,1.264787339596461,0.07423421326316074,-0.8149276428502289
https://doi.org/10.3390/cmd6040056,0.015497727133723108,-1.2327652552586694,-0.22786653450485322,1.3708278939028726
https://doi.org/10.3390/cmd6010004,-0.6869913422219567,0.49255387821846314,-0.9374730158998104,-0.32932717194923955
https://doi.org/10.3390/cmd6020021,-0.7314443586589168,-0.9928048106575013,1.533859078341246,1.0993364568617425
https://doi.org/10.3390/cmd6030029,1.0536971510056095,0.20378973911192885,-0.8063869457930987,1.0383638472246377
https://doi.org/10.3390/cmd6030039,1.3807327371733153,0.630353223216081,0.4541356756345139,-0.4892657151176331
https://doi.org/10.3390/cmd6030044,-0.3554360511013043,-0.2544583990684839,-0.37346573436215724,0.38440870545657074
https://doi.org/10.3390/cmd6040050,-0.02152772283423525,1.001835608425623,-0.5459981619506912,0.242713698570257
https://doi.org/10.3390/cmd6040064,2.015623517721235,-0.181504158044891,0.33264411225682916,1.7373021914128783
https://doi.org/10.3390/cmd6030035,-0.22393616380637435,-0.24318726780936717,-1.011852536733175,0.2842084864715179
https://doi.org/10.3390/cmd6010005,-0.025420936781013072,-1.2974389942168014,1.7661743852975662,0.8850657462519734
https://doi.org/10.3390/cmd6010013,-0.8424169787858751,0.5124993045529213,-1.2706811573055783,-0.710438766361491
https://doi.org/10.3390/cmd6030027,-0.8729384566470171,0.5560503231283278,0.9182155985553523,-1.2349210918217197
https://doi.org/10.3390/cmd6030042,-1.3904669186995635,0.27349155019980415,-0.3381962155159807,-0.013367426080257556
https://doi.org/10.3390/cmd6040047,0.28661582990649914,-1.0936033961092178,1.0333264880897728,0.7198769669805265
https://doi.org/10.3390/cmd6030043,-0.5484245918402627,-1.5297756662585988,0.7358110023656719,-0.05847797722512173
https://doi.org/10.3390/cmd6040049,-0.12423603498901696,-1.3443306849337435,-1.2858372104283091,-0.6504666619752837
https://doi.org/10.3390/cmd6040059,-0.6055074264272432,0.8150807022223063,-0.21764246525330863,-1.592697866484712
https://doi.org/10.3390/cmd6010007,0.25520209816302053,-0.630746402420716,0.5582557648052844,0.23302693263969593
https://doi.org/10.3390/cmd6010011,0.27527561968069936,-1.3389071041839802,-1.1783733286888303,-0.5208873897665842
https://doi.org/10.3390/cmd6020017,-0.06552471636138694,0.8793941406694463,1.413624494442034,1.8344770691397836
https://doi.org/10.3390/cmd6020019,-0.3285748058365884,0.33232166751097725,-0.7206074674973483,0.02808792038884711
https://doi.org/10.3390/cmd6030028,-0.5239883003980876,0.03823980492863209,0.2934398543713134,0.2159919395323576
https://doi.org/10.3390/cmd6030034,0.43188836445551837,-0.32540573122434246,0.04537972408761814,1.8110012094367094
https://doi.org/10.3390/cmd6030040,0.547401702035569,-0.19555996776190754,-0.9211501463212486,-0.48122072497112095
https://doi.org/10.3390/cmd6040061,-0.06731403310313294,-0.038739467330333406,-1.3554734482818096,1.2421528514683247
https://doi.org/10.3390/cmd6040066,1.2712791262618193,-0.2861236586812069,-0.04349541477341114,0.9937406446385015
https://doi.org/10.3390/cmd7010004,2.3860537899509175,-0.20596228981662382,-0.33490695283762156,0.5688772456510487
https://doi.org/10.3390/cmd6020025,0.5787326894300145,-1.2769307510040544,0.9319392203392961,-0.46259078208649235
https://doi.org/10.3390/cmd6020016,-2.7711928422763608,-0.6643936933157429,-0.7501631192131929,-1.0973229904179347
https://doi.org/10.3390/cmd6020023,-0.4845449810216365,0.3802434530520379,-0.616825019308699,-0.2894869279553891
https://doi.org/10.3390/cmd6030032,0.3251658006427103,-1.9227119502189396,0.8120632624908463,-0.8001361355913673
https://doi.org/10.3390/cmd6040063,-0.59187155764074,-0.9863289042622059,-1.5418215184518635,-0.21474336827997614
https://doi.org/10.3390/cmd6040067,1.3668270714924058,0.5035832405653579,-0.8594885879129138,0.8609742884781274
https://doi.org/10.3390/cmd6010010,-0.03803300435923927,-1.119201605279878,0.04375662398930292,-0.7608092618051617
https://doi.org/10.3390/cmd6010012,0.29233312931940053,1.3489480409542043,-0.47786299101913127,-1.3133442080951527
https://doi.org/10.3390/cmd6030033,1.0674980636999056,-0.5168197253910323,0.5515878726898094,3.3045843887214503
https://doi.org/10.3390/cmd6010003,-0.36821351923896734,-0.388170287573851,-0.08520747383781309,-1.017076858804514
https://doi.org/10.3390/cmd6010008,-0.7459922626189952,-0.19158947487636496,0.6579828050378496,-0.5157800320676562
https://doi.org/10.3390/cmd6020022,1.4152809532279396,-0.29403395122866227,0.4418510495600766,1.7928509776051857
https://doi.org/10.3390/cmd6020024,1.3710452596413185,-1.459541178905637,0.9051816402924079,-0.6759708087185562
https://doi.org/10.3390/cmd6030030,-1.9979957417787226,0.6486066019674731,-0.8513006498477919,-0.6860256897642707
https://doi.org/10.3390/cmd6030031,1.304687627794402,-1.9613754989243406,1.7347124123713409,-1.610140194225652
https://doi.org/10.3390/cmd6030036,-1.5978705983762973,1.1677827752402195,-1.4124845151525682,-1.1727984433969285
https://doi.org/10.3390/cmd6030045,2.134438658449583,-1.3591063274986708,-0.40998707239832444,0.7500142557087367
https://doi.org/10.3390/cmd6040048,-2.1196001996639664,-1.7458675915324045,-0.4298563988212897,-1.5740262156095568
https://doi.org/10.3390/cmd6040052,0.1464503955100395,-0.0390457230613507,-1.2572731401579216,-0.023287572138661346
https://doi.org/10.3390/cmd6040053,-0.46581103157907716,0.0903197508611168,0.10486748949950016,-0.7733444815257839
https://doi.org/10.3390/cmd6040054,-0.5815405693423301,-1.8599641670461196,0.07477621038376672,-0.30536353420045514
https://doi.org/10.3390/cmd6040055,-0.7823140991456476,-0.5414232395590846,-0.8875650476793847,-0.7417778039842259
https://doi.org/10.3390/cmd6040057,-0.051280477527412764,-1.379779151771816,-0.5354487394719605,1.0161715452675277
https://doi.org/10.3390/cmd6040058,2.038650275674816,-1.5263442111550878,0.19432944190055398,-0.1902328987474522
https://doi.org/10.3390/cmd6040060,-0.43906594648070346,-1.1662305767262804,-0.3862706119636832,0.869523775735341
https://doi.org/10.3390/cmd6040062,0.8949831334105661,-1.3216818335368758,0.34528474673091364,-1.3015375259712114
https://doi.org/10.3390/cmd6040065,0.3707956217961203,0.48786311799172943,0.6999610489754504,0.08787903595157705
https://doi.org/10.3390/cmd7010001,0.06975168519982793,-0.5664939389253539,-0.02450345790040817,0.07325411996842784
https://doi.org/10.3390/cmd7010002,0.3948139714824268,-0.03851553073979152,-0.9534722404546611,-0.5100496095865379
https://doi.org/10.3390/cmd7010003,-0.7791741598842956,-0.21110231798411624,0.4781341636983559,0.7701049405667351
https://doi.org/10.1002/maco.202414606,1.346988487821885,0.7694662763651964,-0.4449176369270256,0.9226607491397255
https://doi.org/10.1002/maco.202414745,0.9153175917940117,-0.8967408167441299,-0.9281067505804372,0.8819584706105433
https://doi.org/10.1002/maco.12009,1.0073411857221732,-1.0487611685797675,0.13518333413602424,-0.15196860847060695
https://doi.org/10.1002/maco.70045,1.3854519308777407,0.4679556238086901,1.1752451319866788,3.3557574366718703
https://doi.org/10.1002/maco.70051,-0.11642442435185303,1.0465386254916085,-0.5610015879201353,3.0905392364399495
https://doi.org/10.1002/maco.202414781,2.0941518121324405,-1.004303505413323,-1.0515207838048803,-1.4399800831563179
https://doi.org/10.1002/maco.202414742,0.7286422616339733,-1.6922388320147936,-0.5518048134704078,2.479449041378514
https://doi.org/10.1002/maco.70047,0.21528093824519362,-0.5576869849845302,-1.4232794682554502,-0.6262169048667666
https://doi.org/10.1002/maco.202514816,2.206574923829754,0.41794055030170263,-0.4092467363402843,0.23471985345776403
https://doi.org/10.1002/maco.202414728,-1.255595223558463,-1.0511839156997915,-1.1299175588041093,-0.79606152300044
https://doi.org/10.1002/maco.12005,-0.7713693998435257,2.0548472415251,-0.4521919995864692,0.8268522758815193
https://doi.org/10.1002/maco.12012,0.9442978498725568,-1.1920002417804039,2.0697104033348084,0.01663504557535063
https://doi.org/10.1002/maco.70035,-0.31300490256975666,-0.8875186364723613,-0.3670657965182889,-0.8110368376852927
https://doi.org/10.1002/maco.202414673,-0.03705428574206527,0.5199126195578934,-0.7423089150816056,-1.5136871294928045
https://doi.org/10.1002/maco.202514840,1.5711025966632992,-0.2576313181751934,0.6123646539788088,-0.746990867936146
https://doi.org/10.1002/maco.202414726,1.0202023582542872,0.12479553818076108,0.37718173188388776,0.6464993520117299
https://doi.org/10.1002/maco.202414776,-0.4233999437184762,-0.6998431977414864,0.577840037685712,0.8571544943505456
https://doi.org/10.1002/maco.202414727,-1.0209592993017018,0.2222856263443139,-0.46129567711853325,0.37106289526469155
https://doi.org/10.1002/maco.202414671,1.302029383594628,0.8284480419342796,3.302978156890166,2.850467505356508
https://doi.org/10.1002/maco.202514934,0.23264801676242944,1.0832180357193142,0.13069377407072555,0.1639344345193941
https://doi.org/10.1002/maco.12003,0.4532975581287879,0.8852670702133388,-1.5791248466690901,-0.4824377060005031
https://doi.org/10.1002/maco.70036,0.8620784624805262,-1.5596429061882002,-2.1596847267583894,-1.22405580170762
https://doi.org/10.1002/maco.70062,2.856760209889072,-1.4321816935461238,-0.8869949291353424,-0.3430371794985744
https://doi.org/10.1002/maco.70084,0.9722784436854799,-1.2376526409425366,-1.3718338578639468,-1.7359154719599694
https://doi.org/10.1002/maco.70029,0.5513671137898176,-0.46643640130819536,-1.3745625859416926,-0.34307349361081957
https://doi.org/10.1002/maco.202414703,-0.06554943722351678,0.15964456829678705,-1.1459064431233703,-0.5832780082020379
https://doi.org/10.1002/maco.202414746,-0.6801708546357449,-0.4339763591535587,0.4237056761626604,0.5093179190226582
https://doi.org/10.1002/maco.202414640,-0.5180516264848828,0.289408851007477,-1.792148903534719,-0.29972248188711254
https://doi.org/10.1002/maco.202414476,-0.11733002701147795,-0.07530419126571404,0.7278176358231211,0.04220124228032514
https://doi.org/10.1002/maco.202414777,-0.30005985145739533,0.9090015682356634,-0.8848948815052508,-1.2219230550583
https://doi.org/10.1002/maco.202414736,0.882836471269938,-1.3338644660071979,2.863872709198887,0.8024684120040642
https://doi.org/10.1002/maco.70020,1.3557548272283784,0.6467296966436106,-1.0243035880734717,0.0817791165627847
https://doi.org/10.1002/maco.202414715,-0.785983886737133,1.3334779782752693,-0.059906472828170236,1.101219361381369
https://doi.org/10.1002/maco.202514809,-0.7858396608192578,-0.17799007713348475,-0.5005876508965411,-0.18262483927915468
https://doi.org/10.1002/maco.202514914,-1.3607563072026896,-0.9638033837904546,-1.2454133546701098,-0.029634891946429886
https://doi.org/10.1002/maco.202414635,0.033085846643582585,-0.5845899485808862,-0.7407315108829222,-0.5052524654658699
https://doi.org/10.1002/maco.12002,2.043540152525929,-1.6656040700496166,0.005895231445721308,1.0624678413163078
https://doi.org/10.1002/maco.70004,-0.8197210212031788,-1.0068766898987127,0.36128852976030895,2.709654559279169
https://doi.org/10.1002/maco.70040,0.30537780322570474,-1.336384423166761,-0.05142227914010806,-1.2226184296299605
https://doi.org/10.1002/maco.70093,1.7313046174695157,-1.8666231605493913,0.6943378694885597,0.46197189179490006
https://doi.org/10.1002/maco.202414651,-0.8396345405986072,-0.06489878613056019,0.1833602033066495,1.021544822452907
https://doi.org/10.1002/maco.202414758,-0.6364964477494879,0.563131008245433,-0.2040628729102333,-0.2510610810977884
https://doi.org/10.1002/maco.202414733,0.027217386522868377,0.20596056044604266,0.35551716623795887,-1.1526921270398363
https://doi.org/10.1002/maco.202414761,-0.2452920367876764,-0.6111147849397346,-1.0209685932226706,-1.1804626100400362
https://doi.org/10.1002/maco.202414732,1.3626625522151385,-0.3754628658169563,-0.8234054645008129,0.9169242949706939
https://doi.org/10.1002/maco.202414718,0.164503238684831,0.6041480321288786,-0.46665828048513136,-0.27972847240380033
https://doi.org/10.1002/maco.202414762,0.6613170779391607,-0.7098851634076874,-1.4071969899402184,-1.4238163058077866
https://doi.org/10.1002/maco.202514881,0.29522626683896386,-0.28980713060099766,0.22706111893718528,-0.2596440383351402
https://doi.org/10.1002/maco.202414647,-0.5957990682644084,0.052001876752311944,-1.081085316813448,-1.9542580335104474
https://doi.org/10.1002/maco.12010,0.2795657733411862,0.07010282291283748,-0.32205622225318814,-0.8875265243863063
https://doi.org/10.1002/maco.12001,1.4263234237710138,-0.2743365444221602,2.1199387123833566,1.8782510592008905
https://doi.org/10.1002/maco.70003,-1.0969694080950079,-0.6345621612334006,-0.650649225205694,0.6771607205231813
https://doi.org/10.1002/maco.70013,-0.042602166165792,1.1530637879377046,1.84180782463779,3.42778350018852
https://doi.org/10.1002/maco.70012,-0.45521125515600386,1.4814974831782364,-0.8410477277645818,0.9639406635269692
https://doi.org/10.1002/maco.70022,1.306690559365037,0.368656141425566,-1.2668614172505765,0.8369110415213178
https://doi.org/10.1002/maco.70024,0.8001790798473897,-0.5051708362193899,0.4073348102878905,-0.9057290211987427
https://doi.org/10.1002/maco.70030,0.6353680789701561,-1.0909243922123284,-0.996169052686796,0.0902492026483745
https://doi.org/10.1002/maco.70046,0.18592371701349455,-0.3288872446166483,-0.7105974864060753,-0.9447784894933184
https://doi.org/10.1002/maco.70049,-0.61828329985823,-0.03576307463223231,-0.7606297299878605,-1.1390903770851868
https://doi.org/10.1002/maco.70057,0.47987949082171943,-0.9493922167534463,-0.49519884644454526,-0.31825242218226063
https://doi.org/10.1002/maco.70055,1.0959376912700007,0.4090916027725937,-1.3847903183401469,1.308429574354313
https://doi.org/10.1002/maco.70061,0.9098406787629763,0.3516706961083536,-0.3809993036310257,1.8624355470289404
https://doi.org/10.1002/maco.70070,2.472674141374561,-2.494071533823882,-0.30829921751334644,0.9666095625849787
https://doi.org/10.1002/maco.12006,1.0183682627979305,1.0234649882490818,-0.8212187845550296,-0.7122570938345685
https://doi.org/10.1002/maco.202414759,-0.6544825198353588,0.6829722424265442,1.3718056688546496,-0.28432531469597994
https://doi.org/10.1002/maco.70021,-0.43122460554304337,-0.6756897250438402,-0.6133173288984256,-0.905366944932014
https://doi.org/10.1002/maco.70079,-0.43355251403203476,0.5683218922325977,0.29738524093901103,0.9624960535912923
https://doi.org/10.1002/maco.70102,-0.28644658692401054,0.18907571708274398,-1.5309002125406816,-1.4833510902001283
https://doi.org/10.1002/maco.202414608,-1.2102557953284592,-0.8579087194464449,1.445067065470602,-1.2276617124561144
https://doi.org/10.1002/maco.70033,0.12785898845067395,-0.755958019775592,-0.21073725675074645,0.3345773222172622
https://doi.org/10.1002/maco.70032,0.9771609078725226,0.15184047763660713,0.16284545784947313,0.471331296858577
https://doi.org/10.1002/maco.202414520,-0.40949591213174813,-1.0681524602903143,-0.9153831816168814,-0.7621434731065231
https://doi.org/10.1002/maco.202414735,-0.008741755997617806,-0.3858608553455376,-0.3395338009648915,1.9784962941095487
https://doi.org/10.1002/maco.202414748,0.44830538856890617,0.3035066257983189,2.166118076463895,2.036126879347425
https://doi.org/10.1002/maco.202414628,-0.6666860020578937,-1.2090140404224083,0.4110286890010724,0.2693191755112749
https://doi.org/10.1002/maco.202414711,0.06948906798526851,0.4257644224467211,3.684091813438936,1.2227348841647263
https://doi.org/10.1002/maco.202414667,0.02147077424157984,0.9149373627944984,-1.5693882747125747,-0.648275254787317
https://doi.org/10.1002/maco.202514825,0.27588946024794003,-0.7141306091016693,-1.1407001056985322,0.08989703786553455
https://doi.org/10.1002/maco.12008,1.594591208887338,0.27604775058901027,0.9657837288390247,0.7997060070585995
https://doi.org/10.1002/maco.70053,0.9482829525673679,-0.7826577816160992,-0.6020996810863545,1.142599309913378
https://doi.org/10.1002/maco.70060,1.3303608673468492,0.38251572604391826,-0.6512201139776604,0.5318823246092566
https://doi.org/10.1002/maco.70005,0.0704539743318735,-0.7885819427004478,-0.3032487970960698,-0.17136926629797078
https://doi.org/10.1002/maco.202570011,-0.9653302291470499,-0.5195500041695017,-0.2624744131017875,0.40052625407493897
https://doi.org/10.1002/maco.202414679,1.9171023097370454,-1.123539210505503,0.10125212225528042,1.564438134050874
https://doi.org/10.1002/maco.202414766,-1.2088237364790664,-1.015560024484158,0.06831929948912306,-0.47638711740058365
https://doi.org/10.1002/maco.202414782,-0.8232430402735537,0.17839370588404596,-1.1470389052367391,-0.4676964963038374
https://doi.org/10.1002/maco.202570021,-1.5836645873444448,-0.9055497946428124,-0.5189020922759155,-0.8953958058112577
https://doi.org/10.1002/maco.202514812,0.6876958283045708,-2.1169486511486975,1.7096343073687081,-0.47915056708377884
https://doi.org/10.1002/maco.202570031,0.9544165514442418,-0.011726276532349342,-0.580454849881173,-0.07553376797195471
https://doi.org/10.1002/maco.202414538,-1.341701633734533,-0.6367398567921961,-0.620384163167641,-0.7453223153567696
https://doi.org/10.1002/maco.202414754,1.8080969292930886,-0.14884803479543918,-0.9947132233187235,-0.8636941979485825
https://doi.org/10.1002/maco.202514864,1.1864157744174446,-0.34690353801984375,0.7142505123655687,0.4394901785694538
https://doi.org/10.1002/maco.202514828,-1.912050375526289,-0.39483360029652637,1.8711086942910227,-0.6978368954810104
https://doi.org/10.1002/maco.202570041,-0.41533600742206583,0.3894139746477789,2.2950334449846927,1.7887401791519226
https://doi.org/10.1002/maco.202414696,-0.39293172588126474,0.6834890730779709,1.206116876582805,0.6130427533423918
https://doi.org/10.1002/maco.202570051,-1.5251835007758454,-1.593975678692296,0.5501111572628625,-0.20278499031059463
https://doi.org/10.1002/maco.12007,-0.7239603115607289,0.594617704175635,0.26491065773695893,-0.32801252784723756
https://doi.org/10.1002/maco.12011,0.3079827040338345,0.254066719009941,-1.0462994157590124,0.06926539627827034
https://doi.org/10.1002/maco.12004,0.8644352162008833,0.28568138608812843,0.29293205564013014,1.7253525181506801
https://doi.org/10.1002/maco.202570061,0.35348793824600866,0.08438150666866089,4.148691414323972,0.6844146411842663
https://doi.org/10.1002/maco.70002,0.6469839614904934,0.03057680984062847,-1.501234373992102,0.25820209888532125
https://doi.org/10.1002/maco.70007,-0.8419183570893031,0.21315953409069238,0.2869867287845455,0.19428737007314248
https://doi.org/10.1002/maco.70008,3.4644271522407983,-2.668837855335091,-0.12617014531808404,-0.6391239689546985
https://doi.org/10.1002/maco.70006,1.035891193794837,1.046286023153106,0.5121825635857885,-0.08982172532233158
https://doi.org/10.1002/maco.70000,0.28528774639543714,-0.365108109638128,-0.019861593264020302,0.19166166880798854
https://doi.org/10.1002/maco.70023,1.7735289151721525,-1.4025963372151102,-0.02174860565646561,-1.145095773225322
https://doi.org/10.1002/maco.70019,-0.48005591508800566,-0.7403403231222593,-0.2718791345242815,-0.7955809988576413
https://doi.org/10.1002/maco.70014,-1.7544128013037756,-0.35456068363778587,-0.8545165208149568,-0.49930238937378246
https://doi.org/10.1002/maco.70017,0.21685345917077392,-1.265786790335833,-1.1910046461964248,0.8454210847328882
https://doi.org/10.1002/maco.70031,1.3914911660599518,0.9435915440186403,-1.026234556440155,2.2457875253208606
https://doi.org/10.1002/maco.70038,-0.0023591539170655994,0.5558434975605949,-0.0917431106011169,0.5239782240336035
https://doi.org/10.1002/maco.70034,-0.592278033006427,2.212735566705565,-0.01997899894775421,0.4116300137103213
https://doi.org/10.1002/maco.70027,-1.0837823144506458,0.5365692363679512,0.023908471987666317,-1.1619147124264995
https://doi.org/10.1002/maco.70039,-1.4768170623507524,0.8597479077490788,0.1781738713593119,0.5035744801105597
https://doi.org/10.1002/maco.70037,-0.11259427765289885,-0.7382930608156516,-1.6012628978820982,-0.6007616167017893
https://doi.org/10.1002/maco.70050,3.3685678854912644,-0.36989935185145906,-0.47823907583326714,0.5997816494497747
https://doi.org/10.1002/maco.70041,-0.6775829618237285,0.45585974322355916,-0.5385731093358589,-1.1719740180694294
https://doi.org/10.1002/maco.70048,-1.4175450437604877,-0.3308508340849718,-0.19878458347582534,0.48785714672106945
https://doi.org/10.1002/maco.70054,-1.2543222104008025,0.02197997459283529,-0.11187208462353251,0.015658823049102443
https://doi.org/10.1002/maco.70059,2.876287570169014,-2.569144089695653,-1.2039792034258892,0.5967630258428356
https://doi.org/10.1002/maco.70056,2.162313127754732,-1.0717199493524823,-0.8070335192103549,-0.9439799718473355
https://doi.org/10.1002/maco.70067,0.853063774267516,-0.501151952528187,-0.10761653333013173,-0.27963332116812967
https://doi.org/10.1002/maco.70068,-0.9892706044759373,-0.8243856335622687,0.16594175071129794,-0.629664001640506
https://doi.org/10.1002/maco.70063,0.014163540202248397,0.5581567063878918,1.0880117040592676,0.9139255599108529
https://doi.org/10.1002/maco.70071,0.535419631407016,0.20866673641066788,-0.46398612711894344,-0.3520074949054987
https://doi.org/10.1002/maco.70072,-1.3318201928448865,-0.2632979744424895,1.1666654270059078,-0.18991167271104425
https://doi.org/10.1002/maco.70069,1.0230958575198645,-0.9592254327810329,0.24315420333764579,0.476707869253029
https://doi.org/10.1002/maco.70081,-0.2672364490777757,-0.0495917991703903,0.33386511578938466,0.3242881868100601
https://doi.org/10.1002/maco.70080,0.9158510199365603,1.6652251626175092,0.43928076057470167,0.030987758559511955
https://doi.org/10.1002/maco.70083,1.366695985119738,-0.9256840030958801,-0.960502707636078,-0.3407618910477173
https://doi.org/10.1002/maco.70074,-2.3851297193028977,1.3908151402351256,-0.26642367179367804,0.4958693420070007
https://doi.org/10.1002/maco.70085,-1.251631510661054,0.71032469587349,-0.7770902663355135,-0.41143770323510137
https://doi.org/10.1002/maco.70086,1.1436963452663171,-0.8037258479395089,2.2100191727364593,-1.2503166693569974
https://doi.org/10.1002/maco.70087,1.8552227752267212,0.020435261808383263,-0.4061727915993365,1.034165007135581
https://doi.org/10.1002/maco.70089,0.5031946703826766,-1.932843485712174,-0.42408714702174977,0.6902165460202463
https://doi.org/10.1002/maco.70092,2.1591904475982644,-0.48487931483558416,-1.031894312692337,-0.37155561740878884
https://doi.org/10.1002/maco.70091,1.1475015339762684,-2.0283202314294204,-1.5709859505790784,0.26140806100098385
https://doi.org/10.1002/maco.70088,0.44325205149461055,0.4456983419145614,-1.2043448741332747,-0.1872740893243138
https://doi.org/10.1002/maco.70098,1.309371186186984,0.5215097715063691,0.2604228930731917,1.2257399721832776
https://doi.org/10.1002/maco.70073,-0.8891544316782085,-0.47703597121956137,-0.45417218387272723,-0.2593598831455251
https://doi.org/10.1002/maco.70100,-0.8658881720862681,0.201061638818353,-0.4307028567836473,-0.9556925380415005
https://doi.org/10.1002/maco.70103,-0.9642222252627709,-0.8669380076176068,0.4656432231971113,-0.2858685769811412
https://doi.org/10.1002/maco.70090,-0.18043319628831217,0.688989296986303,0.5805772716835537,0.10675556272726351
https://doi.org/10.1002/maco.70077,-0.9176138664300526,0.5873730082883005,0.48302407158639715,0.5137904773560713
https://doi.org/10.1002/maco.70082,3.0182948462929335,-1.078460665654449,-1.3534885946871364,-1.107234184990004
https://doi.org/10.1002/maco.70099,-0.383415672311412,0.60669434391077,-0.08336694537687289,-0.5782885601986045
https://doi.org/10.1002/maco.70104,0.517257606309751,-1.3082906718000296,-0.18678211803515862,0.6030262952512897
https://doi.org/10.1002/maco.70101,-0.6758238086129822,0.8173967524476949,-0.9384924936047304,-0.08299033231148085
https://doi.org/10.1108/acmm-10-2024-3117,2.297994243192133,-0.8451790367046272,-0.788824851549284,-0.30259366421333145
https://doi.org/10.1108/acmm-09-2025-3381,1.3843364377605591,-1.4234972090310656,-0.1366205427877421,-0.4787696308802935
https://doi.org/10.1108/acmm-10-2025-3414,0.07646066028074938,-0.2058856680814371,-1.0567340574020054,-1.3699952436536829
https://doi.org/10.1108/acmm-09-2025-3404,1.6036230520654033,-0.4967269984157988,-0.5120536506000877,0.3310504072420996
https://doi.org/10.1108/acmm-02-2025-3184,1.9677359078841667,-1.3353102220929975,-0.24440647311479663,-0.5142684256156103
https://doi.org/10.1108/acmm-08-2025-3365,2.0388274958612054,0.13837284867621436,-0.18867849958097746,-0.9052119076921421
https://doi.org/10.1108/acmm-02-2025-3185,0.9096556271659582,0.9417751150741277,0.1862714633124942,-0.1803528191642601
https://doi.org/10.1108/acmm-04-2025-3244,-0.1551968192174757,-1.7029169496891008,-0.6877492568161744,-0.5937573109369403
https://doi.org/10.1108/acmm-09-2025-3400,2.177400734189746,-2.0570651164766702,-0.17252278142640382,-0.17525517526267917
https://doi.org/10.1108/acmm-08-2025-3351,-0.2885810600350714,-0.9747058798085542,-0.6044564658622364,-1.113515431656226
https://doi.org/10.1108/acmm-07-2025-3330,2.0607492602742976,0.008636337287730816,0.5545458983555641,-1.8235515366364798
https://doi.org/10.1108/acmm-07-2025-3325,1.1415478982591687,1.0806842439852868,-0.39687072495215636,-0.9438948693961419
https://doi.org/10.1108/acmm-09-2025-3391,1.5356150394476487,-0.35097555180258255,-0.801646373932244,-0.33353453968684327
https://doi.org/10.1108/acmm-10-2025-3430,3.242448559304621,0.20845660425976742,-0.45137835629180684,-0.48017929312787627
https://doi.org/10.1108/acmm-12-2024-3138,0.7020019126542917,-0.9048526362678292,-0.9891958327985144,-0.4426214337828856
https://doi.org/10.1108/acmm-10-2025-3445,1.2474208197814562,-0.82279506268258,0.29370265988524125,0.36799635014295534
https://doi.org/10.1108/acmm-10-2025-3432,1.439190660527829,-0.8445964678528082,-0.8762843727627952,-0.0976392365087199
https://doi.org/10.1108/acmm-09-2025-3406,1.5431708027117956,-0.8827236889436735,-1.2610274718152965,-0.6395334530239898
https://doi.org/10.1108/acmm-08-2025-3346,0.5330423535798849,-0.3999505869161345,-0.9901528745017816,-1.3949565565206796
https://doi.org/10.1108/acmm-09-2025-3394,0.19478995742711816,-0.3508955646788154,-0.6283681021099805,-0.359737705230266
https://doi.org/10.1108/acmm-10-2025-3443,1.7404075793316596,0.14359570596608948,-1.0395347862483888,-1.2437243935432967
https://doi.org/10.1108/acmm-08-2025-3363,1.255887637308062,0.03544848962468625,-0.17034158784293063,-0.4955218145818499
https://doi.org/10.1108/acmm-10-2025-3450,1.604650099239046,1.28674061342139,-0.25295023147702583,0.5564681295178316
https://doi.org/10.1108/acmm-08-2023-2875,-0.5936422958318497,-0.2245058580804753,0.3105228263673092,-0.14370959428812136
https://doi.org/10.1108/acmm-03-2025-3222,0.2940512187179834,-0.04604684937494849,-0.06921137817461516,0.25904900992309937
https://doi.org/10.1108/acmm-08-2025-3366,1.734471485380813,-0.6082310741951833,-0.16454317265353866,-1.283375290005398
https://doi.org/10.1108/acmm-06-2025-3284,2.2900615744139463,0.04395822161107705,-0.9417670766581047,-0.261490821154605
https://doi.org/10.1108/acmm-09-2025-3397,0.9710426725019453,0.24555527829859855,-0.3843246173733066,0.4751629805917289
https://doi.org/10.1108/acmm-08-2025-3367,2.0840045762988466,-0.09644281241234089,-0.8632802256864414,-0.8547956107095199
https://doi.org/10.1108/acmm-01-2026-3511,0.18464460663023194,-1.2070873624322809,0.2820082423466649,-0.4010434926700809
https://doi.org/10.1108/acmm-11-2025-3451,1.4133829421537747,-0.7946290471232489,-0.6692121320179153,-1.3100806419476685
https://doi.org/10.1108/acmm-09-2025-3396,1.5013764337217406,0.4667020413245638,0.3445140137558372,-1.5611585631254736
https://doi.org/10.1108/acmm-01-2026-3508,0.5901953485628482,-0.7755032636076844,-0.4591739733526782,-0.6114458809589901
https://doi.org/10.1108/acmm-10-2025-3419,-0.7124369851560732,0.36519909526051747,-1.1879359341429803,-1.0062014358710138
https://doi.org/10.1108/acmm-11-2025-3470,1.6537416494230959,1.5212032332876537,-0.7646029090965963,-1.1153122697854172
https://doi.org/10.1108/acmm-01-2026-3523,0.8345027038432093,-0.24106187266226453,-0.9762928798192888,-0.23323921700864678
https://doi.org/10.1108/acmm-12-2025-3482,1.6039263844388651,-0.5421253637780902,0.101983714255832,-0.09930013023238615
https://doi.org/10.1108/acmm-07-2025-3316,-0.29266366609918376,-0.5086616967669061,-0.6571090903134594,-0.36633029620843893
https://doi.org/10.1108/acmm-01-2026-3512,3.292088210460067,0.04161241697403637,0.33949880084279666,-0.21622894685022132
https://doi.org/10.1108/acmm-01-2026-3514,2.3129002137128434,-0.3600430132730167,-0.7838982298504072,-0.8969658670398801
https://doi.org/10.1108/acmm-08-2025-3371,1.8669656777650043,-1.202271897139837,0.8508643327084843,-0.3279060607769071
https://doi.org/10.1108/acmm-10-2025-3429,0.2618157013856194,0.5964221445309367,1.9348640479674306,0.12904516494808324
https://doi.org/10.1108/acmm-01-2026-3513,0.678121272499811,-0.4853788421180775,-0.7056525389705729,-1.064026853199488
https://doi.org/10.1108/acmm-01-2026-3504,2.0288371167892807,-0.5503206451459366,-0.9843714430856558,-0.7111158789256941
https://doi.org/10.1108/acmm-10-2025-3434,3.3562237934291126,-0.7054170993737371,-0.6485829417550075,0.1622450215541398
https://doi.org/10.1108/acmm-01-2026-3530,0.9882430406400913,0.7340389461029544,-0.3211528269733153,-0.5948227484779874
https://doi.org/10.1108/acmm-03-2026-3575,2.364652329615405,-0.6052850059486742,-0.7788770732852177,0.2112745122652265
https://doi.org/10.1108/acmm-03-2026-3548,1.2694751179627568,0.27675136151730506,-0.8819291650713351,-0.44071884825984103
https://doi.org/10.1108/acmm-11-2025-3460,0.9167750747649653,-1.1821367036723256,0.4588714399180246,0.2781998083930431
https://doi.org/10.1108/acmm-03-2026-3584,2.0000261829648376,-1.2272441882618237,-0.039880255564115084,0.3745167901895902
https://doi.org/10.1108/acmm-11-2025-3454,2.3799807797638364,0.28879126519979126,-0.30907509357037477,-0.3105845896354279
https://doi.org/10.1108/acmm-02-2026-3535,1.4124352915609797,-0.5311232318605643,-0.28089675214806203,-0.29728298697561933
https://doi.org/10.1108/acmm-03-2026-3557,0.6178212202169402,0.2398427640364541,-0.7654156291784724,-0.6610523454804124
https://doi.org/10.1108/acmm-01-2026-3527,2.4371657970626694,-0.11043772884306395,-0.38936626582916967,0.6165673541951411
https://doi.org/10.1108/acmm-09-2025-3408,-0.7931235187347797,-0.7975702519317323,-0.42134532959904697,0.16771656000611748
https://doi.org/10.1108/acmm-04-2026-3604,1.9517913002983243,-0.13460034807566953,0.03589561802446307,-0.4693465076404773
https://doi.org/10.1108/acmm-01-2026-3529,1.7391526561715043,-0.14415870444303105,-0.5105130961120157,0.768767375113957
https://doi.org/10.1108/acmm-04-2026-3601,1.9512297166087427,-1.3380800874528038,0.25020529954198856,0.8595776292032906
https://doi.org/10.1108/acmm-12-2025-3487,1.4810989464311728,-0.049496025704719324,1.2045507760554395,-1.2982303898831389
https://doi.org/10.1108/acmm-03-2026-3564,1.9651158250879037,0.23839092657166736,-0.7271105256499347,-0.27917184052643185
https://doi.org/10.1108/acmm-12-2025-3496,1.9085317290438297,-0.32276894772897385,-0.14833204372427483,0.07604602521984942
https://doi.org/10.1108/acmm-01-2026-3507,1.741253283058558,0.2279485559647089,-0.21960832237157923,-0.2982379324430964
https://doi.org/10.1108/acmm-02-2026-3532,0.9194211881543791,0.06328255400500608,0.4614871817268261,1.1477807592924878
https://doi.org/10.1108/acmm-04-2026-3590,3.6197574245968034,0.3251798804468847,-1.1169066874640976,0.1624284131137217
https://doi.org/10.1108/acmm-03-2026-3566,1.9609573726692127,1.3518542157198004,-0.34183583324656225,-0.42125741092578095
https://doi.org/10.1108/acmm-09-2025-3389,1.095244060129362,0.8688370219801853,-0.2548520729092184,0.09918284861017745
https://doi.org/10.1108/acmm-03-2026-3547,2.816053476822687,0.30238388172377806,-0.3714784966956745,0.05307161417262649
https://doi.org/10.5006/4856,1.5394323198166524,-0.5574930875553448,0.011375310147167274,-0.2527946631526516
https://doi.org/10.5006/4867,0.0660559144829101,-0.6883750157810308,-0.2958245223141625,-0.10736246184147175
https://doi.org/10.5006/4825,0.08033878311030766,-0.060900265492438606,-1.280193126856267,-1.5617935033330346
https://doi.org/10.5006/4824,0.7574769921463596,2.1967869494389696,1.2502732353378214,0.1714354554832435
https://doi.org/10.5006/4815,2.3093483993202164,0.3469252411500727,1.3811386741446046,-0.44163045722034633
https://doi.org/10.5006/4859,0.216098232699377,-0.8892492262003185,-0.31952103651513897,0.3498696256655503
https://doi.org/10.5006/4832,-0.18260182638455755,-0.04708550035342447,0.04567647632761673,-0.3182491086611579
https://doi.org/10.5006/4844,-0.7801416054755512,-0.5795522574791728,-0.9297127377590085,-0.6145840686293182
https://doi.org/10.5006/4804,1.4648279514372988,-0.8616178029086556,-0.10238742023503505,-0.8462679718929244
https://doi.org/10.5006/4860,-0.3236701632638105,-0.08467763516082973,-0.9131273766229947,0.2913345075209117
https://doi.org/10.5006/4868,2.9578045954562007,-2.0861230198732925,-0.7556079671203023,-0.3602410581749067
https://doi.org/10.5006/4852,1.9264423416199417,-1.1414590719576483,-0.08793043343113797,0.8868173440664797
https://doi.org/10.5006/4908,0.3405105078364849,-1.1406332595807607,-0.3068857124639958,0.8689000707716178
https://doi.org/10.5006/4848,3.0812178270166175,0.44120393072545444,0.836861037248444,-0.40704871465876435
https://doi.org/10.5006/4877,0.0802166711749192,-1.7456462618290758,-1.352516617364995,-0.10958554277939635
https://doi.org/10.5006/4894,-0.523694211988481,-0.9685258883775235,1.8702368762612187,0.23016738022193564
https://doi.org/10.5006/4864,0.29077355845482195,-0.2629379988277463,0.35189615343068764,-0.41300421826270445
https://doi.org/10.5006/4872,-0.09665848804620679,0.18007867400880256,-0.20121249399260174,0.2604091481717019
https://doi.org/10.5006/4912,1.5579853045526308,-1.5969706712761271,0.6658759537809833,0.7098204632106151
https://doi.org/10.5006/4875,0.36922599568805997,0.017996930017367137,-1.566742579356418,0.7534594649236914
https://doi.org/10.5006/4873,-0.012244948819288632,0.23567354003509972,-0.46575231223708863,1.5480283876280971
https://doi.org/10.5006/4887,0.059822680934037364,0.7852756548415295,-0.6775336314366384,1.4010618538413662
https://doi.org/10.5006/4905,0.39100705626039706,0.11990040269818225,-1.5208411649960363,0.07934248931824851
https://doi.org/10.5006/4886,0.5666836386916302,-0.30867918291140045,-0.8942521211575087,0.17169117544582135
https://doi.org/10.5006/4880,0.8370807256831528,-0.19611841840013894,0.7333330215896775,1.181630119397148
https://doi.org/10.5006/4851,-1.057020727994258,-0.3622634325649574,-0.11600853456034721,-0.4691737222331231
https://doi.org/10.5006/4869,0.20425134636326825,-0.669355160381477,-1.540631560654581,-0.8570540840247832
https://doi.org/10.5006/4919,-0.2720705241957803,0.6683433037619261,0.14482333372488407,0.10714234954501357
https://doi.org/10.5006/4921,-0.6585470156380697,0.7759991935006385,4.013358581853331,2.833872773110561
https://doi.org/10.5006/4904,1.57011810073777,0.2725789443211082,-1.4280664800024683,-0.7891536053412638
https://doi.org/10.5006/4897,3.013987894875668,-0.04015702008844462,0.8841272627408379,0.2904113067789149
https://doi.org/10.5006/4871,-0.2244419968709417,-1.0753093660162936,-1.0740442574925206,-0.6924250919129807
https://doi.org/10.5006/4846,-0.7507033652044285,0.6075520168303277,-1.235589539712336,-1.8161899447674128
https://doi.org/10.5006/4874,1.5872725789967173,-0.7519770731249131,-0.9899856207603037,-0.5552851713966517
https://doi.org/10.5006/4811,1.4032531146770253,-0.868933268284584,-1.772206038922274,-0.5292462181486276
https://doi.org/10.5006/4932,1.8441626936563806,-0.4886571904888964,-0.4648222316521996,-0.37210474125941967
https://doi.org/10.5006/4931,-1.7088575829874493,0.6555637930375878,-0.693816113462754,0.06071898130031847
https://doi.org/10.5006/4901,2.1994759546658664,-0.5821263913558268,0.4768076514324873,5.055290657307113
https://doi.org/10.5006/4937,-1.1853078838234532,-0.8758293986494945,-0.5142152939709724,-0.7078785889641072
https://doi.org/10.5006/4893,-0.21582186681337037,0.5954487035432016,-0.027895192606647592,1.0140372383909737
https://doi.org/10.5006/4884,0.27960795564876467,0.12849687388271144,-0.24185083416659156,-0.03719843122224143
https://doi.org/10.1177/1478422x261417816,1.118741230637195,-0.5777220540215114,-1.007136227779511,-0.36495402305270447
https://doi.org/10.1177/1478422x261454111,-0.6439846026715533,-0.11144993529224091,0.11889954672011899,-1.0039173760431892
https://doi.org/10.1177/1478422x251412031,1.2191759566240918,0.7702414597680516,-0.025747921604927743,0.8975256022532083
https://doi.org/10.1177/1478422x251414247,2.8446701969402226,-1.2882468401932083,-0.4262343841348583,-0.9254361688847329
https://doi.org/10.1177/1478422x251358464,-0.6889436246063578,-0.07374090593035922,-0.35570551060207817,-1.56878090272847
https://doi.org/10.1177/1478422x261416684,0.25391371823033687,-0.44610830917623384,-0.056023403756397624,0.6076654413325856
https://doi.org/10.1177/1478422x261416689,1.581950957335738,-1.0118981170692105,-1.5813953095115094,-0.625249706363106
https://doi.org/10.1177/1478422x261416686,-1.2332785831466397,-0.1574376616749123,-0.8432466821194985,-0.3675673013750106
https://doi.org/10.1177/1478422x261416685,0.5398859336707126,-0.3496302480922255,0.7161333463736383,-0.4113895735882607
https://doi.org/10.1177/1478422x261416687,1.0055155445506347,-0.6450110618371142,-0.1961070892171814,-1.7652425271827148
https://doi.org/10.1177/1478422x261416688,-0.34754143132079646,0.7835029222166813,-1.6867643827675578,-0.48270177846066714
https://doi.org/10.1177/1478422x251414248,-0.18605386523675263,0.12978378434562005,-0.0732802576060762,-0.21021394916464117
https://doi.org/10.1177/1478422x261422336,1.071324605979125,1.0058947339177677,-0.6463241290778938,-0.7243916662134642
https://doi.org/10.1177/1478422x261420383,1.005108787873345,-1.4651377042359306,0.7630146806240226,-0.9572878090640432
https://doi.org/10.1177/1478422x261416690,0.9219139350178623,0.2538170717003063,-1.3190513989876613,0.8036061400833875
https://doi.org/10.1177/1478422x261419537,-0.45229545925601833,0.46489527535732605,-0.10989357072522786,-0.46003591578234343
https://doi.org/10.1177/1478422x261423250,-0.040681331579497104,-0.9575178371877232,-0.5796052058605411,0.6246593511825114
https://doi.org/10.1177/1478422x261422329,1.5603539462441658,-0.54271011166928,-0.474709487948097,0.3293128693649621
https://doi.org/10.1177/1478422x261427152,1.8054574823449447,-1.9226495138306845,1.2337285465895735,0.26159265463944326
https://doi.org/10.1177/1478422x261427154,1.1748096602572033,-1.1573269981516332,1.6294522770178903,0.1748915496207955
https://doi.org/10.1177/1478422x261434419,1.362265918692748,0.2328748681795594,-0.11121615565791741,0.33824656645144546
https://doi.org/10.1177/1478422x261436166,0.949782578480717,-0.8755356060336859,-0.37052559336765994,-0.31595813528012356
https://doi.org/10.1177/1478422x261436488,0.8669872195106705,-1.5384093140642896,0.7045089908914338,1.3599832914602097
https://doi.org/10.1177/1478422x261436210,-0.1033134499629168,-0.400528555816197,-0.7273642101493745,-0.7700276337068303
https://doi.org/10.1177/1478422x261434454,0.6142349508270805,-0.7431057319025909,-0.7090411009542753,-0.2040913245468257
https://doi.org/10.1177/1478422x261438598,-1.4291999879371844,1.5287275379607057,-0.2764256785683993,0.24510201510910554
https://doi.org/10.1177/1478422x261438600,0.7643852890339539,0.22497593117842166,-0.11824892437534512,-0.3125772824363467
https://doi.org/10.1177/1478422x261423255,-0.13371845417248365,-0.49507638872498394,-0.3622310688338808,0.8036016059638424
https://doi.org/10.1177/1478422x261434420,-0.4257782184219504,0.1410796051907354,-0.06759826712364783,1.3763129383399797
https://doi.org/10.1177/1478422x261430398,0.3215782674392466,-0.3566625166049441,-0.33968454854295244,-0.3173232564564701
https://doi.org/10.1177/1478422x261438601,-0.25339475922618604,0.041816451966607715,-1.0278368019827868,0.24862913384752316
https://doi.org/10.1177/1478422x261416638,1.2143347949981147,-1.418824792066459,0.636534970389936,0.5432029476319031
https://doi.org/10.1177/1478422x261446377,1.4418165187319876,-0.46510668559115526,-0.26780736099191516,0.8721009068363754
https://doi.org/10.1177/1478422x261445304,1.2864872693563107,0.6386841325217391,-0.7768731026222605,0.1912320868472221
https://doi.org/10.1177/1478422x261443060,1.1194360493366278,0.5728334167122621,-0.543911192212999,0.29154082986401475
https://doi.org/10.1177/1478422x261445301,1.5672706284618587,-0.6439459784176085,0.07448633147142922,-0.2647404321228126
https://doi.org/10.1177/1478422x261447945,0.39771441393923457,-0.35581759541890434,0.2687406718271023,-0.34903099925523035
https://doi.org/10.1177/1478422x261451623,0.796498098660614,-0.07653993619089128,0.2668968554016992,-0.20910627695317976
https://doi.org/10.1177/1478422x261450911,2.306835183577246,-0.7664082500824893,0.4729705808423001,-1.131250493249871
https://doi.org/10.1177/1478422x261451961,0.7586019179847041,-0.26255678737477284,-0.5552149476003541,-0.1629103760795203
https://doi.org/10.1177/1478422x261453749,-0.1641210605582679,-1.422194866331127,-1.5742168267825396,0.9036291751646941
https://doi.org/10.1177/1478422x261451314,-1.012612438802463,0.3636210420005044,-0.574390959339197,-0.45423914770537843
https://doi.org/10.1177/1478422x261450473,2.5653437095201106,-0.9273226975256103,-0.9525109782821004,1.0895676456308483
https://doi.org/10.1177/1478422x261457309,-1.0400454611098164,1.102537862477988,-0.8089118869889368,-0.793152597862007
https://doi.org/10.1177/1478422x261451319,3.360713355677135,-1.15164810908355,-0.8401923773394164,-0.889255817852557
https://doi.org/10.1177/1478422x261457681,1.5875243897962648,-2.1943214947384724,1.225663330368647,2.037555971659645
https://doi.org/10.1177/1478422x261464777,0.7596374258997021,-0.8309494241776622,-0.5114856963727843,-0.6000903911034553
https://doi.org/10.1177/1478422x261464830,-1.3007534547596384,-0.016121180639839635,-0.9120163069295176,0.11833013734773129
https://doi.org/10.1177/1478422x261464780,1.6140034741182074,0.3355229189297401,-0.47345189408415006,0.5482048015652906
https://doi.org/10.1177/1478422x261465565,1.1651547625879595,-1.8494933585643138,-0.4697067343013025,0.28184355121932664
https://doi.org/10.1016/j.corsci.2026.113592,-1.1934891359878423,0.20933715304161485,-1.6263074371991901,0.07162962029736593
https://doi.org/10.1016/j.corsci.2026.113629,1.3466219561806123,-0.8060414354235168,0.7771596653744629,0.17513559856037106
https://doi.org/10.1016/j.corsci.2026.113711,-0.20712448987113843,-1.850409728040059,-0.9972842066794254,-0.4096957831120315
https://doi.org/10.1016/j.corsci.2026.113678,1.0310641251183303,1.2197009002939279,-2.050227262816489,-0.7308174682258366
https://doi.org/10.1016/j.corsci.2026.113746,-0.9977062930658532,0.055510408505669205,-1.045820718194042,-0.5870431501453772
https://doi.org/10.1016/j.corsci.2026.113598,1.4985282069286165,1.3739532395061482,-1.5232711904911789,0.9594014116907158
https://doi.org/10.1016/j.corsci.2026.113597,-0.6120653718512512,-1.5958236164469712,-1.0879795952424456,-1.3902621123069756
https://doi.org/10.1016/j.corsci.2026.113667,0.20433442337404092,-0.002822416507189995,0.11110664631788689,-0.0070421571323312825
https://doi.org/10.1016/j.corsci.2026.113740,-1.7339130770128082,-1.5361413528708046,1.340803433534313,-1.7650635305266682
https://doi.org/10.1016/j.corsci.2026.113651,-1.107372591306249,0.09838642944068297,-0.8392277965465574,-0.5362607668217056
https://doi.org/10.1016/j.corsci.2026.113718,1.4984853111272827,-0.21519373244005113,0.11299625463599003,-1.8749038953716017
https://doi.org/10.1016/j.corsci.2026.113732,-1.166387889741863,0.4450650871799715,-1.5315712289922794,-0.6086643747198179
https://doi.org/10.1016/j.corsci.2026.113736,-1.464668926119692,-0.062370087957575024,-1.400815558984642,-0.3037644740174966
https://doi.org/10.1016/j.corsci.2026.113779,-1.5570146284603632,-0.3868309332392343,-1.2375894390102073,-1.4879010494666687
https://doi.org/10.1016/j.corsci.2026.113765,1.0471804716223052,0.22571321607610634,-0.08041358453109398,0.25603888547172426
https://doi.org/10.1016/j.corsci.2026.113915,1.3943483484934074,-0.9716221514479182,-0.2974553551217171,0.1622077913030178
https://doi.org/10.1016/j.corsci.2026.113713,-2.528406745696438,1.7308971577757148,-0.4575883381742435,-0.10922389938924568
https://doi.org/10.1016/j.corsci.2026.113731,-0.11784879296009239,0.41380738471459555,-1.238872573866896,-0.7931726745730101
https://doi.org/10.1016/j.corsci.2026.113767,0.3442239886715973,-1.1572126230782593,-1.3831704442592576,-1.29648796270238
https://doi.org/10.1016/j.corsci.2026.113781,-0.3495372954563952,-0.12495795315423852,-0.7524752837388384,-0.48410517173872586
https://doi.org/10.1016/j.corsci.2026.113814,0.5466918132102977,-1.0475268263365503,-0.41176329238466836,0.10766232315154461
https://doi.org/10.1016/j.corsci.2026.113815,-1.8623662327612598,0.31098773816492414,-0.009617725209415947,-0.4248341496334297
https://doi.org/10.1016/j.corsci.2026.113921,1.52610336847538,-1.404407128886073,-0.1545526502950461,-0.1961217451511709
https://doi.org/10.1016/j.corsci.2026.113955,-1.8401909524410398,0.21237854669701053,-0.13398538685873757,-0.054542303734222315
https://doi.org/10.1016/j.corsci.2026.113960,0.261535310762415,-1.9169880656769782,0.32629116994930873,3.1717265343666314
https://doi.org/10.1016/j.corsci.2026.113993,0.2595541888224477,0.4456466735214772,0.2882869761723523,0.2778014925093703
https://doi.org/10.1016/j.corsci.2026.113839,0.19192803528572364,-0.9617550958632093,-0.8290277771316212,-1.0387280635814653
https://doi.org/10.1016/j.corsci.2026.114019,0.21790411983313732,-1.2506179078201065,2.3545385367769773,-0.050220405309596566
https://doi.org/10.1016/j.corsci.2026.113604,0.39775228293853393,0.9591016072237709,0.28147610559927566,0.8002863742603331
https://doi.org/10.1016/j.corsci.2026.113626,-0.7609963581942895,-1.3636004290792727,0.20889171388668287,0.31147559230850386
https://doi.org/10.1016/j.corsci.2026.113644,-0.5788582784702813,1.1621318761059378,-1.688028844748875,-0.5898942418842203
https://doi.org/10.1016/j.corsci.2026.113645,-0.27009758996755623,-1.143141651807185,-1.0190316230152172,0.01845171384226155
https://doi.org/10.1016/j.corsci.2026.113723,-1.013988381434158,-0.9972360009422242,-0.02965938227430852,1.3239499794792966
https://doi.org/10.1016/j.corsci.2026.113631,-0.21404341125795232,-0.8769261914724751,0.6586460309204183,1.6103083787938732
https://doi.org/10.1016/j.corsci.2026.113730,0.13313050742047497,-0.20366151717674993,-0.8883606165775653,-0.5242116333129395
https://doi.org/10.1016/j.corsci.2026.113733,0.9709166087127649,0.2656547936251528,-0.7543741870735133,-0.8347960069812487
https://doi.org/10.1016/j.corsci.2026.113761,-0.509634539316503,0.39628699938763395,1.460592054301279,0.16925295004904495
https://doi.org/10.1016/j.corsci.2026.113764,1.2907754632349404,-1.0616490316548826,-1.0771747838726797,0.04733730626946232
https://doi.org/10.1016/j.corsci.2026.113819,0.5958303704056258,-2.0759153159725074,-0.8472419639169295,1.7797276696868012
https://doi.org/10.1016/j.corsci.2026.113888,0.5279291656012789,1.268764774675685,-0.6090210797756678,0.6639694055651143
https://doi.org/10.1016/j.corsci.2026.113886,-0.6890270361157644,-1.6731758363648268,-1.2707202896942018,-0.4148506118334864
https://doi.org/10.1016/j.corsci.2026.113880,2.512815522664775,0.11999649153524276,0.12076573655489722,1.9748189970040375
https://doi.org/10.1016/j.corsci.2026.113898,-0.128151995144185,0.4760944071835784,-0.6654592945724613,0.16906416654444162
https://doi.org/10.1016/j.corsci.2026.113916,2.35022687919888,-0.17229239146769432,1.022177457839163,3.580635254808068
https://doi.org/10.1016/j.corsci.2026.113910,0.517325917078556,-0.05908458407243647,-0.5228850475833066,-0.11632453228692846
https://doi.org/10.1016/j.corsci.2026.113938,1.1727478625534324,0.08698580715134793,-0.7953027785855934,-0.981911768864705
https://doi.org/10.1016/j.corsci.2026.113911,1.0827876888509482,-0.23184365685001765,-0.8476867669012629,0.35553205471917604
https://doi.org/10.1016/j.corsci.2026.113948,-0.48688996578665367,-0.6722142455998561,-1.190200374913638,-0.7523817304506409
https://doi.org/10.1016/j.corsci.2026.113954,-1.6473707782778442,-0.8720590718507947,-0.6184617367547236,-1.3609075720318373
https://doi.org/10.1016/j.corsci.2026.113963,0.48502907137150086,-0.2754056413616701,-0.9986055857881913,-0.8521435602302175
https://doi.org/10.1016/j.corsci.2026.113957,1.1371989503056281,0.2019276942572128,-1.3182603952469212,0.23365887476270503
https://doi.org/10.1016/j.corsci.2026.113975,-0.9408433444859932,-1.291801780711528,-0.8743112172281892,0.5875586050276143
https://doi.org/10.1016/j.corsci.2026.113956,-0.38530019256004605,0.5433444919125489,-0.7583672169607513,-0.6803629173632232
https://doi.org/10.1016/j.corsci.2026.113997,0.041166762996168435,-1.7900228955960087,-0.6282943013912279,-0.12754886471729893
https://doi.org/10.1016/j.corsci.2026.114008,-0.2882815536196392,0.6066512174374868,0.4893870787270037,0.6674840148462986
https://doi.org/10.1016/j.corsci.2026.114007,-0.615312367605641,-1.7557354817417088,0.2623372837118717,-0.3131159677100681
https://doi.org/10.1016/j.corsci.2026.114027,2.288360298831498,-0.4172315810394842,-0.1268000919689169,-0.1080978036468366
https://doi.org/10.1016/j.corsci.2026.114034,-0.4698442385354099,-1.108333277508193,0.6926827867023146,-0.16717715985559656
https://doi.org/10.1016/j.corsci.2026.114045,0.23818826892619802,1.0154989885708086,-0.6643040447567787,-0.049067758821808805
https://doi.org/10.1016/j.corsci.2026.114058,0.8724731158569142,1.2886274631407326,0.44673138227496073,1.5377859135812586
https://doi.org/10.1016/j.corsci.2026.114053,1.1327155535962654,-0.822486777470656,0.3617378944528693,-0.26922220880961384
https://doi.org/10.1016/j.corsci.2026.114065,1.8067662145227992,-2.0654524888410117,-0.06654720294834923,-0.07525855536661466
https://doi.org/10.1016/j.corsci.2026.114073,-1.5690688768544667,-0.9734682631537448,-1.5595184601891119,-1.7401465697724818
https://doi.org/10.1016/j.corsci.2026.114076,0.12947763565613343,-1.3207816899758202,1.236462666099383,3.0592211563913243
https://doi.org/10.1016/j.corsci.2026.114085,0.10052797673790466,0.18360772766636996,-0.7877191004736886,2.446470207878444
https://doi.org/10.1016/j.corsci.2026.114086,0.9059010261454652,0.8548020385811066,1.017946551501217,1.0035520637573119
https://doi.org/10.1016/j.corsci.2026.114095,0.3761164757090562,-0.7448293528310554,0.3428637099357786,0.06569907997884823
https://doi.org/10.1016/j.corsci.2026.114100,0.147706259930303,-0.025280481414694522,-1.2023331896626133,0.1325893480397095
https://doi.org/10.3390/cmd7010006,-0.814770095794895,1.1701390836727457,0.09454038898641612,0.4527603696300045
https://doi.org/10.3390/cmd7010009,1.4071355688749916,-1.7180973615462043,0.3133792843819435,-0.8722650291211647
https://doi.org/10.3390/cmd7010010,-0.6011992731947393,-1.1918952196979071,-1.1954036351270039,0.5595395283851864
https://doi.org/10.3390/cmd7010011,0.9108015549452829,-0.026145479059155423,1.9228063136967417,0.2126002942575258
https://doi.org/10.3390/cmd7010016,0.516574855173187,1.0185707275685403,-0.5887165393929573,2.7822783355009144
https://doi.org/10.3390/cmd7010014,1.2355847849027257,0.4514849790730415,-0.08693227461412321,1.4825476815537628
https://doi.org/10.3390/cmd7010005,1.3287568336734439,0.45394175741051834,-0.13938493274734134,0.8618382969900071
https://doi.org/10.3390/cmd7010008,-0.1128632499063702,-1.1088964266191892,4.132772880651756,-0.7635916787446965
https://doi.org/10.3390/cmd7010012,0.7216753888281561,-0.2894630269134872,-0.7760433626638187,-0.18700437106730347
https://doi.org/10.3390/cmd7010013,2.263431015888797,-0.7162860462735492,-0.20726637067463508,0.7417324418112085
https://doi.org/10.3390/cmd7010015,0.26877271339181974,-0.6271131219475407,-1.0373959018429253,-0.7126018478087895
https://doi.org/10.3390/cmd7010018,0.06678127135949725,-0.8656097186434656,0.2033348743932979,-1.1327177382343672
https://doi.org/10.3390/cmd7010020,1.0304430121445833,-1.2620621642010585,-0.7563607106291295,0.6620320968922291
https://doi.org/10.3390/cmd7010019,-0.9514132717013514,1.1918568709158102,-0.011334277006861694,0.18131136533695702
https://doi.org/10.3390/cmd7010021,1.7944730210552537,-0.23464950148427022,0.8730626754964813,0.6839317236331673
https://doi.org/10.3390/cmd7020022,0.9933022776809862,-0.18286545997192308,-0.20298902225478502,0.20592145773803974
https://doi.org/10.3390/cmd7020023,2.1047501547187397,-0.03812769202720011,-0.6133746219888934,-1.4636381794454427
https://doi.org/10.3390/cmd7020024,0.1791140087169192,-1.2773382184741078,0.8896306141961035,1.4811454167116642
https://doi.org/10.3390/cmd7020025,0.6865813584781939,0.3997911886894512,1.39400192124509,1.1078987759600842
https://doi.org/10.3390/cmd7020027,-0.6578045627048962,-0.9302227815680272,0.14970245283031344,0.1252984567342659
https://doi.org/10.3390/cmd7020028,0.13941442261830686,-0.23368947759115802,-1.2435634246996907,-0.008384643778703658
https://doi.org/10.3390/cmd7020029,1.5627553400252534,-1.135217029713515,0.45974763225438564,0.7644893985950024
https://doi.org/10.3390/cmd7020030,0.020591336541263033,1.2345221592067828,-0.13773941085011948,0.39647033874789867
https://doi.org/10.3390/cmd7020031,-0.19946961151083686,1.0682067329390574,0.7957824964284855,1.463029281211192
https://doi.org/10.3390/cmd7020032,1.3059094860831018,0.12477040712701479,-0.7831359756603554,0.07508164193911898
https://doi.org/10.3390/cmd7020033,-0.15196506062104573,0.6352938437530663,-0.2049659726944811,-0.015305697814913567
https://doi.org/10.3390/cmd7020034,1.513250225341749,0.787090195520585,-0.1409022926278037,0.8431685274129127
https://doi.org/10.3390/cmd7020035,1.0877954954173936,-0.7287053633414583,0.10179033309874477,-0.9452502719000615
https://doi.org/10.3390/cmd7020036,0.09367942371602071,0.3616607929975049,-1.1766238400480222,-0.5848748552751734
https://doi.org/10.3390/cmd7020037,1.5918576320084226,0.35060580172923056,-0.14353937993250848,1.2287626978358408
https://doi.org/10.3390/cmd7020038,-1.079031723830369,-0.5626428557111189,-0.5268082695419527,0.054311304730242406
https://doi.org/10.3390/cmd7020039,-0.028229294540245038,-0.5354373876809895,-0.819002719822264,-0.6546087495011319
https://doi.org/10.3390/cmd7020040,-0.428164687602744,0.8297780128046386,0.06478882087960057,-0.21372436349549653
https://doi.org/10.3390/cmd7030041,0.6783112292547941,-0.4856745815408576,-0.4709711356912204,-0.934754855017034
https://doi.org/10.3390/cmd7030042,0.8801717503465555,-0.3435068230705608,0.7680498349331526,-0.052137190062254105
https://doi.org/10.3390/cmd7030043,0.26876269287325766,-0.16698011194684131,-0.8964382177866936,-0.43678403922278985
https://doi.org/10.1002/maco.70106,2.993491022572109,-1.6477481569952726,-0.7305894257073668,-0.8912689777033364
https://doi.org/10.1002/maco.70113,1.1576396930337296,0.908541767194665,-1.6063141321761607,-1.1291978706720645
https://doi.org/10.1002/maco.70114,0.4039845589568811,-1.2352046223501516,1.0928975386892592,0.32175528269435394
https://doi.org/10.1002/maco.70152,-1.2891003146139157,0.4672786547712488,-1.3943212920561618,-0.901793627469235
https://doi.org/10.1002/maco.70105,0.0033823274219174043,-1.2187545164039777,-0.842751486273065,-0.49220071730601306
https://doi.org/10.1002/maco.70158,-0.059908234464201515,-1.1060793002036913,-1.0621944037668782,-0.25186568396521375
https://doi.org/10.1002/maco.70153,2.167756061317888,-1.4473182601422487,-1.1734123182430831,0.2971026362148454
https://doi.org/10.1002/maco.70097,-1.2387192873850272,0.9169159195315054,-0.5072213339377061,-1.0357071500602406
https://doi.org/10.1002/maco.70107,1.5801947139916612,0.02483830910241849,-0.508805591506854,-0.11286584277230623
https://doi.org/10.1002/maco.70112,2.6201257510712885,1.1552117507520145,0.49079065633551044,0.014274440746895566
https://doi.org/10.1002/maco.70115,0.2627806496422225,0.8758350227234257,3.761761582501444,-2.783382972510662
https://doi.org/10.1002/maco.70110,-1.3017136271451166,-0.03374211818777711,-0.5434871719370047,-1.075298953476222
https://doi.org/10.1002/maco.70116,2.33738820763384,0.04865257315591233,-0.11718792834695112,0.25839240798128016
https://doi.org/10.1002/maco.70118,1.5347125935756702,1.4624004539670123,-0.9722743443435387,1.3264938413271254
https://doi.org/10.1002/maco.70125,0.009644153867606198,0.6302169948331121,-1.1085513051717755,-0.24642463327348615
https://doi.org/10.1002/maco.70119,-0.8409325286974861,-1.0600817844012151,-1.3736133302767612,-0.9233410495479085
https://doi.org/10.1002/maco.70126,2.152197261202348,0.350391517201915,0.8733030416083021,2.3290349319237413
https://doi.org/10.1002/maco.70124,2.0613030643817654,-3.0262607304369666,0.806367603179415,-0.7333726134128523
https://doi.org/10.1002/maco.70129,0.2003340437587823,0.8121088402620866,-1.869269026694608,-1.4493289165719168
https://doi.org/10.1002/maco.70117,-1.2383395968357933,-0.8528207966437641,-1.2695288321287936,0.9097509230936495
https://doi.org/10.1002/maco.70120,-0.30339656589349245,-0.7415007870203202,0.17698479341896783,0.8040717699102391
https://doi.org/10.1002/maco.70127,5.322112970861414,-2.4334186144214125,2.0118771708170664,0.2668487486938085
https://doi.org/10.1002/maco.70136,0.6887146123830973,-0.09647380191272713,-0.014188917265214793,-1.1094940079153883
https://doi.org/10.1002/maco.70139,1.6262971819684526,0.3249839673861738,-0.58769911837351,2.070097442343663
https://doi.org/10.1002/maco.70138,1.220488664375544,0.9555123850847307,-1.2840733095253236,-0.8180235690198931
https://doi.org/10.1002/maco.70137,0.9387325981786483,-0.04390503103594942,-0.826500727093569,0.8233590421387547
https://doi.org/10.1002/maco.70135,2.9668846752915967,-0.7562444252793438,-0.1971111237591358,-0.02057030259308367
https://doi.org/10.1002/maco.70142,-1.0830830670185638,-1.3294305486681195,-0.8084942876333716,-0.8463581873232381
https://doi.org/10.1002/maco.70143,-0.4584940725561297,0.734000261043525,-1.4385716872308767,-1.2427313898017704
https://doi.org/10.1002/maco.70145,-0.5522164853143692,0.7737822783933326,0.4017930096488063,-0.07165617617278504
https://doi.org/10.1002/maco.70146,0.6611656696500202,-2.083792280228007,-1.8204015801287985,-0.2132501265898335
https://doi.org/10.1002/maco.70130,0.41741809206643415,-1.9760869243808676,0.014904317712893618,-0.819394067937687
https://doi.org/10.1002/maco.70128,2.860703929805155,-1.177719121534907,-1.5960367812476306,-1.1188660957805296
https://doi.org/10.1002/maco.70141,0.7151157563321021,-0.2802571286895607,0.27761309691085717,0.012229338207827534
https://doi.org/10.1002/maco.70140,1.0650149233600716,0.31464993239029326,-1.3027491111850973,-0.6920804963053399
https://doi.org/10.1002/maco.70131,-1.1840745054058561,-0.29844301464027956,-0.8609530379963771,0.0339151639029534
https://doi.org/10.1002/maco.70147,-2.0905731478468295,-1.8604797179013077,0.692846881226108,-0.31942471599628003
https://doi.org/10.1002/maco.70144,-1.092784434909973,-0.9552518841067813,0.7350990340179513,0.7147104561537759
https://doi.org/10.1002/maco.70154,0.531139636357998,-0.29111800906922375,-0.45005566711905665,-0.34898406548745164
https://doi.org/10.1002/maco.70155,0.9222899928182513,-1.8422092571980995,-0.9169710121664559,1.8205280868832796
https://doi.org/10.1002/maco.70156,0.25813330132966833,-0.44660496030363817,-0.26314665656030267,-0.36759976401863104
https://doi.org/10.1002/maco.70159,-0.1941204220922072,-0.9656931900264192,0.8779014907031464,1.3210818373822273
https://doi.org/10.1002/maco.70160,1.3779220319556285,0.8918332815331166,-0.12656402478209636,0.9479544317700846
https://doi.org/10.1002/maco.70157,0.5306817878796052,-0.27621993432105624,-0.07912746154554695,0.5989681348358207
https://doi.org/10.1002/maco.70148,-0.4514344223987734,-1.227250398052714,0.7589137451720323,2.0805165794315172
https://doi.org/10.1002/maco.70164,0.5894027109187847,-1.33457802559331,-0.3999455876811983,-0.8116611969763923
https://doi.org/10.1002/maco.70162,1.9465148929200908,-0.2550418704008801,-0.9982515928191972,-0.5807230946482408
https://doi.org/10.1002/maco.70169,-0.8605286612387377,0.41317647681514197,-0.748170265721224,-0.5273104717423355
https://doi.org/10.1002/maco.70171,1.5689300772601644,0.622854158542242,-0.7771700135800167,0.05151275436877295
https://doi.org/10.1002/maco.70172,0.4079286325086513,0.4973080874870577,0.04015575654782144,-0.07417507746394641
https://doi.org/10.1002/maco.70174,0.3343667093164562,-0.504043315883907,-1.2624260249735697,0.2531582806866332
https://doi.org/10.1002/maco.70173,-0.9681349262752377,-1.2337903259621126,-0.02313722542543678,-0.16224610272116136
https://doi.org/10.1002/maco.70165,-0.6893818391452391,0.49573010363899456,-0.0879075824895171,0.5392246165949368
https://doi.org/10.1002/maco.70163,1.986273419827255,0.10665228297609147,-0.30162884148077435,0.29558033091519953
https://doi.org/10.1002/maco.70183,0.5300541059618715,0.5893091116559317,-0.9496791190814952,0.10551848889058335
https://doi.org/10.1002/maco.70182,0.538878336066609,0.7255394368371937,-0.679660010459259,0.9292001567726058
https://doi.org/10.1002/maco.70189,1.042476636120617,0.8227778115216033,0.5059663940360292,0.7524485698662895
https://doi.org/10.1002/maco.70185,-1.0445091215416566,-1.0997371268817588,-0.32429931297899145,0.23356992163784496
https://doi.org/10.1002/maco.70188,1.3379394831063063,-0.7253016031678519,0.6896825668088137,0.3446057238274185
https://doi.org/10.1002/maco.70187,-0.5837762904821541,0.2599501463060802,-0.2662812217050074,2.5295960377606432
https://doi.org/10.1002/maco.70190,0.1722776492639475,0.4816668344621959,-0.006472134479750196,-0.5819038460316438
https://doi.org/10.1002/maco.70181,-1.531540664616226,0.17770892410259234,-0.9269653214875744,-1.2270563825263696
https://doi.org/10.1002/maco.70193,0.34637532866030946,-0.9227355517253741,-0.648629023286836,-0.27160834009373586
https://doi.org/10.1002/maco.70180,3.28519166731998,-0.6404793810982996,1.5462038081093714,-0.891962095173721
https://doi.org/10.1002/maco.70186,2.1413394278956677,1.3353391009172328,-0.008490341958202058,-0.2309914550254097
https://doi.org/10.1002/maco.70192,1.7865857060612576,-0.3982985820004696,0.896355917832827,1.8891891597138497
https://doi.org/10.1002/maco.70198,-0.42128364356151143,-1.2113399644516847,-1.0962029101635007,-1.3571629890856944
https://doi.org/10.1002/maco.70196,0.2389562746253335,-1.6059616551839508,-0.9188892615843262,1.0954416925698385
https://doi.org/10.1002/maco.70199,1.188118018919049,0.8902589874231255,-0.21797486038620056,-0.25135225907913256
https://doi.org/10.1002/maco.70202,-0.5094510297980746,-0.4786091270822186,0.4261606311802648,0.8202644947645905
https://doi.org/10.1002/maco.70197,0.3533483083320142,-1.599241966566817,0.5517258002531304,0.7858753771438094
https://doi.org/10.1002/maco.70191,-0.10231745206105326,-0.02107071839211446,1.1165277705365686,-0.33108979396199584
https://doi.org/10.1002/maco.70200,0.5104608758376383,0.03755044551418333,0.25592070499697644,0.3002026596862875
https://doi.org/10.1002/maco.70211,-0.9150415575913047,-0.16364442178030425,-0.5302882546668299,-1.2742929570096377
https://doi.org/10.1002/maco.70201,-0.7483495587796389,-0.7911028723526234,0.2185671966006134,1.603154928745038
https://doi.org/10.1002/maco.70178,-1.2019697184840594,0.2722783064547104,-1.797953127561184,-2.053626593019645
https://doi.org/10.1002/maco.70195,0.776188783057723,-0.7938589484166433,0.7441985083677579,0.09690019423592168
https://doi.org/10.1002/maco.70212,-0.3088639958884592,0.5477135765208765,-0.7605098689921898,-0.9581338537610264
https://doi.org/10.1002/maco.70194,1.1544979675612035,-1.327698159547786,-0.6517975177155182,-0.6007457710506935
https://doi.org/10.1002/maco.70203,-1.40222930617071,1.2162322627118332,-0.2900530192124421,-0.9472858502647277
